execution_date,signal_date,end_date,year,selected,forward_selected,forward_omitted,forward_all9,selection_spread,gross_selection_active,mom_net,ew_net,net_active,relative_fee_drag,future_rank_ic,future_top3_overlap,forward_dispersion,future_binary_alignment,dispersion_alignment_error,market_forward,audit_mom_error,audit_ew_error,bridge_error
2000-01-03,1999-12-31,2000-02-01,2000,"XLK,XLE,XLI",-0.0356037552471,-0.0198281729292,-0.0250867003685,-0.0157755823179,-0.0105170548786,-0.0360857123909,-0.0255739134118,-0.0105117989791,-5.25589948956e-06,-0.3,1,0.0416472884188,-0.17856338564,0,-0.0309413072162,0,0,-6.93889390391e-18
2000-02-01,2000-01-31,2000-03-01,2000,"XLK,XLB,XLE",-0.0161642314245,-0.085820640017,-0.0626018371528,0.0696564085925,0.0464376057284,-0.0165033988333,-0.0626212931944,0.0461178943611,0.000319711367235,0.483333333333,2,0.0635323872374,0.516844200894,2.08166817117e-17,-0.0177382451368,0,1.11022302463e-16,-1.04083408559e-16
2000-03-01,2000-02-29,2000-04-03,2000,"XLK,XLE,XLI",0.0978930283573,0.134342224504,0.122192492455,-0.0364491961471,-0.0242994640981,0.0975270030103,0.122164410767,-0.0246374077569,0.000337943658863,-0.316666666667,1,0.0581320788405,-0.29557373804,6.93889390391e-18,0.0953273935138,-4.4408920985e-16,2.22044604925e-16,-1.87350135405e-16
2000-04-03,2000-03-31,2000-05-01,2000,"XLK,XLE,XLI",-0.00680423192188,-0.0122264162611,-0.0104190214814,0.00542218433923,0.00361478955949,-0.0068254062029,-0.0104408435628,0.0036154373599,-6.47800406981e-07,-0.0333333333333,1,0.0391507272455,0.0652872217176,4.33680868994e-19,-0.0276862499761,2.22044604925e-16,-1.11022302463e-16,8.84708972748e-17
2000-05-01,2000-04-28,2000-06-01,2000,"XLK,XLV,XLE",-0.00775502415588,0.00405896193811,0.00012096657345,-0.011813986094,-0.00787599072932,-0.00809904384718,0.000104633462664,-0.00820367730984,0.000327686580516,-0.433333333333,1,0.059722656998,-0.0932504803572,1.73472347598e-18,-0.0118992171115,1.11022302463e-16,4.4408920985e-16,-1.14491749414e-16
2000-06-01,2000-05-31,2000-07-03,2000,"XLK,XLV,XLI",0.0105324123263,-0.0283380068906,-0.015381200485,0.0388704192169,0.0259136128113,0.0101627519819,-0.0154068965493,0.0255696485312,0.000343964280131,0.366666666667,2,0.0442863169409,0.41375514176,0,0.015934638707,0,0,-9.36750677027e-17
2000-07-03,2000-06-30,2000-08-01,2000,"XLK,XLE,XLV",-0.0335947479258,0.0143458777311,-0.00163433082118,-0.0479406256569,-0.0319604171046,-0.033918147485,-0.00165359319993,-0.0322645542851,0.000304137180513,-0.383333333333,0,0.0367380338868,-0.615150710945,6.93889390391e-18,-0.0231271640223,2.22044604925e-16,1.11022302463e-16,3.46944695195e-17
2000-08-01,2000-07-31,2000-09-01,2000,"XLK,XLE,XLV",0.0801972030595,0.0218948410935,0.0413289617488,0.058302361966,0.0388682413106,0.0801834701836,0.0413154500266,0.038868020157,2.21153653233e-07,0.483333333333,2,0.0569344154239,0.482730819293,1.38777878078e-17,0.0599476342108,0,0,-1.04083408559e-16
2000-09-01,2000-08-31,2000-10-02,2000,"XLK,XLF,XLV",-0.0518706421664,0.00153905089586,-0.0162641801249,-0.0534096930622,-0.0356064620415,-0.0522026240688,-0.0162879486441,-0.0359146754247,0.000308213383181,-0.15,1,0.0881487576583,-0.285625928629,6.93889390391e-18,-0.0543928082219,1.11022302463e-16,1.11022302463e-16,-1.11022302463e-16
2000-10-02,2000-09-29,2000-11-01,2000,"XLK,XLF,XLE",-0.0370074720576,0.0458734895001,0.0182465023142,-0.0828809615577,-0.0552539743718,-0.0373738827068,0.018209808349,-0.0555836910558,0.000329716683998,-0.883333333333,0,0.0494713940966,-0.7897586207,2.08166817117e-17,-0.0095590479765,-1.11022302463e-16,4.4408920985e-16,-8.32667268469e-17
2000-11-01,2000-10-31,2000-12-01,2000,"XLE,XLF,XLU",-0.0426451973549,-0.0487181930748,-0.0466938611682,0.00607299571998,0.00404866381332,-0.0429643688177,-0.0467127668119,0.00374839799426,0.000300265819056,-0.383333333333,1,0.0575111412031,0.0497788354961,8.67361737988e-19,-0.0719455448946,2.22044604925e-16,0,5.11743425413e-17
2000-12-01,2000-11-30,2001-01-02,2000,"XLU,XLE,XLF",0.0440402513597,-0.00358385271825,0.0122908486411,0.047624104078,0.0317494027187,0.0440297694631,0.0122675692678,0.0317622001953,-1.27974766213e-05,-0.1,1,0.0739206308498,0.303707066659,-1.38777878078e-17,-0.0227739296566,6.66133814775e-16,0,1.66533453694e-16
2001-01-02,2000-12-29,2001-02-01,2001,"XLU,XLP,XLF",-0.0182633981957,0.0836184395088,0.0496578269406,-0.101881837705,-0.0679212251363,-0.018607357536,0.0496269823415,-0.0682343398775,0.000313114741116,-0.716666666667,0,0.0980733614891,-0.489710540673,0,0.0707811979426,3.33066907388e-16,0,2.77555756156e-16
2001-02-01,2001-01-31,2001-03-01,2001,"XLF,XLU,XLP",-0.0273435612795,-0.0636332459975,-0.0515366844249,0.036289684718,0.0241931231454,-0.0273587834546,-0.0515732482202,0.0242144647656,-2.13416202241e-05,0.383333333333,1,0.0700959333982,0.244052980035,-3.46944695195e-18,-0.0966436768886,0,-2.22044604925e-16,1.70002900646e-16
2001-03-01,2001-02-28,2001-04-02,2001,"XLF,XLU,XLP",-0.0333175280727,-0.0716771524566,-0.0588906109953,0.0383596243839,0.0255730829226,-0.033330842374,-0.058915780755,0.025584938381,-1.18554584205e-05,0.4,2,0.0474642274669,0.380979556931,-3.46944695195e-18,-0.0809989117396,0,-1.11022302463e-16,1.2490009027e-16
2001-04-02,2001-03-30,2001-05-01,2001,"XLP,XLU,XLF",0.0465399346812,0.123853909938,0.0980825848526,-0.0773139752571,-0.0515426501714,0.0465255823918,0.098061147817,-0.0515355654251,-7.08474627285e-06,-0.633333333333,0,0.0539109692369,-0.676043446676,6.93889390391e-18,0.112521859182,-2.22044604925e-16,2.22044604925e-16,-4.16333634234e-17
2001-05-01,2001-04-30,2001-06-01,2001,"XLU,XLP,XLF",0.0131804383742,0.00634858608331,0.00862587018028,0.0068318522909,0.00455456819393,0.0131777749531,0.00860594309405,0.00457183185906,-1.72636651271e-05,0.0333333333333,1,0.0252317255267,0.127639548548,-8.67361737988e-19,-0.00251908060385,0,2.22044604925e-16,-5.72458747072e-17
2001-06-01,2001-05-31,2001-07-02,2001,"XLU,XLF,XLB",-0.0216367633713,-0.0276652715947,-0.0256557688536,0.00602850822345,0.0040190054823,-0.0219705709688,-0.0256656064468,0.00369503547799,0.000323970004307,-0.233333333333,1,0.0301656417691,0.0942087044562,-8.67361737988e-19,-0.0177295219634,-3.33066907388e-16,2.22044604925e-16,-8.67361737988e-17
2001-07-02,2001-06-29,2001-08-01,2001,"XLU,XLF,XLB",-0.0117361830905,-0.00908809966922,-0.00997079414296,-0.00264808342123,-0.00176538894749,-0.011745767491,-0.00998381938596,-0.00176194810499,-3.44084250101e-06,0.266666666667,1,0.0206505437222,-0.0604496672336,-1.08420217249e-18,-0.0162737743405,2.22044604925e-16,0,5.42101086243e-17
2001-08-01,2001-07-31,2001-09-04,2001,"XLU,XLB,XLF",-0.0367831090726,-0.0624786023994,-0.0539134379571,0.0256954933268,0.0171303288846,-0.0367868173915,-0.0539208815447,0.0171340641532,-3.73526867069e-06,0.2,1,0.0476929919778,0.253978021003,0,-0.0711652495959,3.33066907388e-16,2.22044604925e-16,3.46944695195e-17
2001-09-04,2001-08-31,2001-10-01,2001,"XLY,XLB,XLU",-0.0862553240598,-0.103787475827,-0.0979434252378,0.017532151767,0.011688101178,-0.0865599563905,-0.0979601066497,0.0114001502592,0.000287950918792,0.433333333333,1,0.0587559964865,0.140661993607,1.73472347598e-18,-0.0772241042336,1.11022302463e-16,0,-3.64291929955e-17
2001-10-01,2001-09-28,2001-11-01,2001,"XLB,XLY,XLP",0.0425741135373,0.04541617235,0.0444688194124,-0.00284205881279,-0.00189470587519,0.0421983032249,0.0444388044783,-0.00224050125341,0.000345795378223,-0.266666666667,1,0.0556741435298,-0.024064301447,2.60208521397e-18,0.0406635055207,4.4408920985e-16,4.4408920985e-16,-1.04083408559e-16
2001-11-01,2001-10-31,2001-12-03,2001,"XLB,XLP,XLY",0.0640567852711,0.0369117419264,0.045960089708,0.0271450433447,0.0180966955631,0.0640451267209,0.0459401760668,0.0181049506542,-8.25509102284e-06,-0.183333333333,1,0.0529017303775,0.24188804522,3.46944695195e-18,0.0447882856503,-2.22044604925e-16,0,2.77555756156e-17
2001-12-03,2001-11-30,2002-01-02,2001,"XLB,XLY,XLP",0.0143909470225,0.036073769997,0.0288461623388,-0.0216828229744,-0.0144552153163,0.0143769495093,0.0288235153718,-0.0144465658625,-8.64945380137e-06,-0.2,1,0.0253320371136,-0.403496202371,1.73472347598e-18,0.0225579902532,4.4408920985e-16,0,-3.12250225676e-17
2002-01-02,2001-12-31,2002-02-01,2002,"XLY,XLB,XLV",0.00421043271622,-0.0364294176772,-0.0228828008794,0.0406398503934,0.0270932335956,0.00387154422405,-0.0228923712403,0.0267639154643,0.000329318131292,0.833333333333,2,0.0281535401819,0.680476028093,-1.04083408559e-17,-0.0249283289895,6.66133814775e-16,1.11022302463e-16,2.28983498829e-16
2002-02-01,2002-01-31,2002-03-01,2002,"XLB,XLY,XLP",0.0460796572464,0.0208269614887,0.0292445267413,0.0252526957577,0.0168351305051,0.0457309059021,0.0292325629603,0.0164983429418,0.000336787563335,0.466666666667,1,0.0405021449128,0.293916160934,-6.93889390391e-18,0.00967615129801,-2.22044604925e-16,2.22044604925e-16,1.7694179455e-16
2002-03-01,2002-02-28,2002-04-01,2002,"XLY,XLB,XLF",0.0148649824181,0.0231215710308,0.0203693748266,-0.00825658861269,-0.00550439240846,0.0145200342461,0.0203545203452,-0.00583448609909,0.000330093690624,-0.433333333333,1,0.0278579314485,-0.139715800706,2.60208521397e-18,0.0101826728156,2.22044604925e-16,0,1.89084858881e-16
2002-04-01,2002-03-28,2002-05-01,2002,"XLB,XLY,XLP",-0.022092943425,-0.0463558390243,-0.0382682071579,0.0242628955993,0.0161752637329,-0.0224299700902,-0.0382785099687,0.0158485398786,0.000326723854309,0.483333333333,1,0.0423272917902,0.270219005026,-6.93889390391e-18,-0.0470457851455,1.11022302463e-16,-1.11022302463e-16,4.85722573274e-17
2002-05-01,2002-04-30,2002-06-03,2002,"XLY,XLB,XLP",-0.0174747108404,-0.0405179711833,-0.0328368844023,0.0230432603429,0.015362173562,-0.0174809474654,-0.0328517646905,0.015370817225,-8.64366309601e-06,0.616666666667,1,0.0256782767154,0.423030611431,-1.73472347598e-18,-0.0440557256758,-4.4408920985e-16,0,-9.19403442268e-17
2002-06-03,2002-05-31,2002-07-01,2002,"XLY,XLB,XLP",-0.0451610494125,-0.0683223289572,-0.0606019024423,0.0231612795447,0.0154408530298,-0.0451770185664,-0.060610536826,0.0154335182596,7.33477022232e-06,0.316666666667,1,0.0392692900269,0.278037414917,1.73472347598e-18,-0.0670723884136,2.22044604925e-16,0,-3.81639164715e-17
2002-07-01,2002-06-28,2002-08-01,2002,"XLB,XLY,XLP",-0.0981270220051,-0.0963329308327,-0.0969309612235,-0.00179409117249,-0.00119606078166,-0.0981388844825,-0.0969453218083,-0.00119356267418,-2.49810748096e-06,0.0833333333333,1,0.0468516029647,-0.0180515208852,-6.72205346941e-18,-0.0850254047347,5.55111512313e-16,-1.11022302463e-16,-3.42607886505e-17
2002-08-01,2002-07-31,2002-09-03,2002,"XLB,XLV,XLY",-0.00274941092893,0.00138569561631,7.32676789523e-06,-0.00413510654523,-0.00275673769682,-0.00309535018704,-1.34782325322e-05,-0.00308187195451,0.000325134257683,-0.15,1,0.0222343055703,-0.087671185107,-8.67361737988e-19,-0.00563139050194,-2.22044604925e-16,2.22044604925e-16,-1.34007388519e-16
2002-09-03,2002-08-30,2002-10-01,2002,"XLV,XLB,XLY",-0.0225432318571,-0.0428254099628,-0.0360646839275,0.0202821781057,0.0135214520705,-0.0225522094806,-0.0360739467331,0.0135217372525,-2.85182026111e-07,0.516666666667,1,0.0285647183159,0.334717477161,3.46944695195e-18,-0.0246458006835,2.22044604925e-16,2.22044604925e-16,4.33680868994e-17
2002-10-01,2002-09-30,2002-11-01,2002,"XLV,XLY,XLB",0.0357528482306,0.0500725288658,0.0452993019874,-0.0143196806352,-0.00954645375682,0.0357416103416,0.045286633475,-0.00954502313342,-1.43062340105e-06,0.133333333333,1,0.0666169616284,-0.101330982722,0,0.0530793456797,6.66133814775e-16,2.22044604925e-16,-1.4224732503e-16
2002-11-01,2002-10-31,2002-12-02,2002,"XLV,XLY,XLB",0.0420466917358,0.0291878550561,0.0334741339493,0.0128588366797,0.00857255778649,0.042040233391,0.033452296051,0.00858793733995,-1.53795534651e-05,0,1,0.0459816371045,0.131829010985,-5.20417042793e-18,0.0427604663821,6.66133814775e-16,0,1.61329283266e-16
2002-12-02,2002-11-29,2003-01-02,2002,"XLV,XLY,XLF",-0.026575921056,0.00164929480977,-0.00775911047882,-0.0282252158658,-0.0188168105772,-0.026910937787,-0.00777558144135,-0.0191353563457,0.000318545768507,-0.0666666666667,0,0.0445330844494,-0.298777740728,6.93889390391e-18,-0.0277534399297,0,2.22044604925e-16,-1.5959455979e-16
2003-01-02,2002-12-31,2003-02-03,2003,"XLV,XLB,XLF",-0.0502073118737,-0.0548898017999,-0.0533289718245,0.00468248992621,0.0031216599508,-0.0505239622115,-0.053345409386,0.0028214471745,0.0003002127763,0.15,1,0.0137854437938,0.160121571187,3.03576608296e-18,-0.0531467870672,-1.11022302463e-16,2.22044604925e-16,6.46184494801e-17
2003-02-03,2003-01-31,2003-03-03,2003,"XLV,XLB,XLE",-0.0102950994909,-0.034682289666,-0.0265532262743,0.024387190175,0.0162581267834,-0.010632413432,-0.026559903025,0.015927489593,0.000330637190372,0.166666666667,2,0.0206535951981,0.556621333364,-3.46944695195e-18,-0.0248169974996,1.11022302463e-16,0,3.46944695195e-18
2003-03-03,2003-02-28,2003-04-01,2003,"XLV,XLF,XLB",0.0348155222803,0.0278598552219,0.030178410908,0.00695566705841,0.00463711137227,0.034458437013,0.0301709238029,0.00428751321016,0.000349598162114,0.216666666667,1,0.0173298151701,0.189207609214,8.67361737988e-19,0.0273150635359,-2.22044604925e-16,6.66133814775e-16,-3.92047505571e-16
2003-04-01,2003-03-31,2003-05-01,2003,"XLV,XLE,XLB",0.023612036454,0.0753274892163,0.0580890049622,-0.0517154527623,-0.0344769685082,0.0232663406816,0.0580813079952,-0.0348149673137,0.000337998805443,-0.366666666667,0,0.0375154790129,-0.649835717638,6.93889390391e-18,0.068107695699,2.22044604925e-16,0,2.08166817117e-17
2003-05-01,2003-04-30,2003-06-02,2003,"XLV,XLB,XLE",0.0548538140734,0.0717296855555,0.0661043950615,-0.0168758714821,-0.0112505809881,0.0548375235074,0.0660884278559,-0.0112509043486,3.23360498336e-07,-0.466666666667,1,0.0320871572802,-0.247929788217,-5.20417042793e-18,0.0593032007039,2.22044604925e-16,2.22044604925e-16,3.46944695195e-18
2003-06-02,2003-05-30,2003-07-01,2003,"XLV,XLF,XLY",0.0226920015238,0.00599200200784,0.0115586685132,0.016699999516,0.0111333330106,0.0219959800733,0.0115470259,0.0104489541733,0.000684378837322,0.266666666667,1,0.0207881626856,0.378698944591,-1.73472347598e-18,0.0157779449893,4.4408920985e-16,0,2.25514051877e-17
2003-07-01,2003-06-30,2003-08-01,2003,"XLK,XLV,XLF",-0.00414659045878,-0.0014824828451,-0.00237051871633,-0.00266410761367,-0.00177607174245,-0.00448355363113,-0.00237837487547,-0.00210517875566,0.000329107013213,-0.25,0,0.0383075271236,-0.0327839583304,1.51788304148e-18,-0.000202913415687,2.22044604925e-16,-1.11022302463e-16,1.38777878078e-17
2003-08-01,2003-07-31,2003-09-02,2003,"XLK,XLY,XLU",0.0620095496917,0.0405857860341,0.0477270405866,0.0214237636576,0.0142825091051,0.0613016613066,0.0477098709771,0.0135917903296,0.000690718775481,0.4,2,0.0250761233584,0.402744032489,0,0.0435487817816,-2.22044604925e-16,2.22044604925e-16,-2.30718222305e-16
2003-09-02,2003-08-29,2003-10-01,2003,"XLK,XLB,XLY",-0.027807288562,0.00358175281257,-0.00688126097895,-0.0313890413746,-0.020926027583,-0.0281314068188,-0.00689078973189,-0.0212406170869,0.000314589503909,-0.45,0,0.0222590303465,-0.664761033024,3.46944695195e-18,-0.00319200226854,-1.11022302463e-16,0,-6.93889390391e-17
2003-10-01,2003-09-30,2003-11-03,2003,"XLK,XLB,XLY",0.0746971612528,0.020309077024,0.0384384384336,0.0543880842288,0.0362587228192,0.0746900455324,0.0384286605937,0.0362613849388,-2.6621195872e-06,0.85,3,0.0337672498723,0.759279742341,-6.93889390391e-18,0.0383033216761,2.22044604925e-16,2.22044604925e-16,6.93889390391e-18
2003-11-03,2003-10-31,2003-12-01,2003,"XLU,XLK,XLB",0.0173047374318,0.0173276106092,0.0173199862167,-2.28731774577e-05,-1.52487849718e-05,0.0169655793263,0.0173055798275,-0.000340000501283,0.000324751716311,-0.133333333333,1,0.0187777912143,-0.000574216591046,5.77676470027e-19,0.0151897372991,4.4408920985e-16,0,-1.13841228111e-18
2003-12-01,2003-11-28,2004-01-02,2003,"XLU,XLY,XLF",0.0377768343585,0.0512190308165,0.0467382986639,-0.013442196458,-0.00896146430536,0.0370794475038,0.0467295305608,-0.00965008305696,0.000688618751602,0.1,1,0.0306500662206,-0.206743833246,3.46944695195e-18,0.0386212138111,8.881784197e-16,4.4408920985e-16,-8.67361737988e-17
2004-01-02,2003-12-31,2004-02-02,2004,"XLK,XLY,XLB",-0.00215125507261,0.0249545988378,0.015919314201,-0.0271058539104,-0.0180705692736,-0.00282140838452,0.0159081957998,-0.0187296041843,0.000659034910654,-0.266666666667,1,0.0250077178261,-0.510955144413,3.46944695195e-18,0.0246334401001,3.33066907388e-16,0,4.51028103754e-17
2004-02-02,2004-01-30,2004-03-01,2004,"XLB,XLK,XLY",0.0306205920788,0.0318705390342,0.0314538900491,-0.00124994695536,-0.00083329797024,0.0306061642066,0.0314445439246,-0.000838379717969,5.0817477291e-06,-0.0833333333333,1,0.0301530980209,-0.0195412970533,3.46944695195e-18,0.0192151385809,-2.22044604925e-16,-2.22044604925e-16,1.96674274089e-16
2004-03-01,2004-02-27,2004-04-01,2004,"XLK,XLI,XLB",-0.0239177897568,-0.0165163201731,-0.018983476701,-0.00740146958368,-0.00493431305579,-0.0242570690315,-0.0189952328629,-0.00526183616861,0.000327523112825,0.2,0,0.0147267265753,-0.236922048115,8.67361737988e-19,-0.0170550642347,3.33066907388e-16,3.33066907388e-16,-1.47451495458e-17
2004-04-01,2004-03-31,2004-05-03,2004,"XLB,XLF,XLK",-0.0466614084891,0.011472309053,-0.00790559679438,-0.058133717542,-0.0387558116947,-0.0469829792335,-0.00791212178003,-0.0390708574534,0.000315045758719,-0.9,0,0.0370602727281,-0.739457517238,6.93889390391e-18,-0.0143258091901,1.11022302463e-16,0,-5.55111512313e-17
2004-05-03,2004-04-30,2004-06-01,2004,"XLE,XLB,XLK",0.0121451536332,0.000194500065151,0.00417805125449,0.011950653568,0.00796710237868,0.011806592818,0.00416117483369,0.00764541798429,0.000321684394395,0.266666666667,2,0.0135606349702,0.415437192341,-3.46944695195e-18,0.00499330148098,-2.22044604925e-16,-2.22044604925e-16,6.67868538251e-17
2004-06-01,2004-05-28,2004-07-01,2004,"XLE,XLB,XLI",0.0429408837359,-0.00108444915248,0.0135906618103,0.0440253328883,0.0293502219256,0.042584961994,0.013584907818,0.029000054176,0.00035016774959,0.616666666667,3,0.0231777893229,0.895415031335,-3.46944695195e-18,0.00569844100238,-2.22044604925e-16,0,-7.97972798949e-17
2004-07-01,2004-06-30,2004-08-02,2004,"XLE,XLB,XLI",0.00695843261236,-0.0186863924349,-0.0101381174192,0.0256448250473,0.0170965500315,0.00695548150444,-0.0101478775188,0.0171033590232,-6.80899170044e-06,0.4,2,0.0262618714604,0.460328445382,-3.46944695195e-18,-0.0165576085776,0,2.22044604925e-16,8.32667268469e-17
2004-08-02,2004-07-30,2004-09-01,2004,"XLE,XLI,XLB",0.00477523335665,0.00617789599434,0.00571034178178,-0.00140266263768,-0.000935108425122,0.00476815735223,0.00569927428413,-0.000931116931902,-3.99149322012e-06,-0.25,0,0.0195179067979,-0.0338776855221,4.33680868994e-19,0.00225096376938,0,2.22044604925e-16,-4.44522890719e-18
2004-09-01,2004-08-31,2004-10-01,2004,"XLE,XLU,XLI",0.0491035878017,0.0182399807343,0.0285278497568,0.0308636070674,0.0205757380449,0.0487505698371,0.0285201895727,0.0202303802644,0.000345357780538,0.366666666667,1,0.0317398830471,0.458389965643,0,0.0251808997852,4.4408920985e-16,2.22044604925e-16,-1.7694179455e-16
2004-10-01,2004-09-30,2004-11-01,2004,"XLE,XLB,XLI",-0.00950840822351,0.00873398213519,0.00265318534896,-0.0182423903587,-0.0121615935725,-0.00984279050188,0.00264084965274,-0.0124836401546,0.00032204658215,-0.233333333333,0,0.0260948533162,-0.329549477858,3.46944695195e-18,-0.00123255699194,3.33066907388e-16,0,1.11022302463e-16
2004-11-01,2004-10-29,2004-12-01,2004,"XLE,XLU,XLB",0.0551100883405,0.0550943729817,0.0550996114346,1.57153588194e-05,1.04769058796e-05,0.054755432577,0.0550880449823,-0.000332612405322,0.000343089311202,0.05,1,0.0180988401087,0.000409324086453,-2.3140940119e-18,0.0535049920088,-2.22044604925e-16,4.4408920985e-16,-1.14600169632e-16
2004-12-01,2004-11-30,2005-01-03,2004,"XLE,XLU,XLI",-0.0066858354269,0.0136444028412,0.00686765675181,-0.0203302382681,-0.0135534921787,-0.00702773171912,0.00686065444943,-0.0138883861685,0.000334893989837,-0.583333333333,0,0.0207667273834,-0.461496221883,1.73472347598e-18,0.0137407655606,2.22044604925e-16,-2.22044604925e-16,1.5959455979e-16
2005-01-03,2004-12-31,2005-02-01,2005,"XLE,XLU,XLI",0.0383880904915,-0.0160943279881,0.00206647817178,0.0544824184796,0.0363216123197,0.0383761132335,0.00205782036657,0.0363182928669,3.31945284222e-06,0.45,2,0.0391622047142,0.655817479183,0,-0.0115538307698,6.66133814775e-16,0,2.77555756156e-17
2005-02-01,2005-01-31,2005-03-01,2005,"XLE,XLU,XLB",0.0715483694281,0.00860784342699,0.0295880187607,0.0629405260011,0.0419603506674,0.0711911270979,0.029572306265,0.0416188208329,0.000341529834494,0.5,2,0.0401305398104,0.739348352602,-6.93889390391e-18,0.0195101622021,-4.4408920985e-16,0,-2.8449465006e-16
2005-03-01,2005-02-28,2005-04-01,2005,"XLE,XLU,XLI",0.00785877484943,-0.0348998596588,-0.0206469814894,0.0427586345082,0.0285057563388,0.00750592414961,-0.0206615631731,0.0281674873227,0.000338269016134,0.666666666667,3,0.0244133718,0.825638251657,-3.46944695195e-18,-0.0275407758877,0,1.11022302463e-16,-7.6327832943e-17
2005-04-01,2005-03-31,2005-05-02,2005,"XLE,XLU,XLB",-0.0303655845732,-0.00466845556214,-0.0132341652325,-0.0256971290111,-0.0171314193407,-0.0306888499226,-0.0132437374768,-0.0174451124457,0.000313693105034,-0.4,1,0.038404543331,-0.315424731984,3.46944695195e-18,-0.00877110668028,2.22044604925e-16,-1.11022302463e-16,-4.51028103754e-17
2005-05-02,2005-04-29,2005-06-01,2005,"XLE,XLU,XLB",0.0129355043931,0.0400978592579,0.0310437409696,-0.0271623548647,-0.0181082365765,0.0129144577138,0.0310256163082,-0.0181111585944,2.92201792226e-06,-0.25,0,0.0242658583504,-0.527673766724,3.46944695195e-18,0.0352231947868,0,0,9.02056207508e-17
2005-06-01,2005-05-31,2005-07-01,2005,"XLE,XLU,XLB",0.031179764764,-0.0131458335819,0.00162936586672,0.044325598346,0.0295503988973,0.03117437286,0.00162030139832,0.0295540714617,-3.67256438382e-06,0.283333333333,2,0.0356690193527,0.585810538844,-3.46944695195e-18,-0.00404646780848,2.22044604925e-16,0,-1.04083408559e-17
2005-07-01,2005-06-30,2005-08-01,2005,"XLE,XLU,XLI",0.0308200399671,0.0377958207652,0.0354705604991,-0.0069757807981,-0.00465052053206,0.0304763760098,0.0354556826423,-0.00497930663249,0.000328786100425,0.0666666666667,1,0.0193928652423,-0.169568269731,1.73472347598e-18,0.0344684426795,-4.4408920985e-16,0,-1.43114686768e-16
2005-08-01,2005-07-29,2005-09-01,2005,"XLE,XLU,XLV",0.0359631172551,-0.0240130600433,-0.00402100094387,0.0599761772984,0.0399841181989,0.0356075308768,-0.00402918672276,0.0396367175996,0.000347400599328,0.483333333333,3,0.0363770779008,0.777221336891,-1.38777878078e-17,-0.00938162487451,4.4408920985e-16,3.33066907388e-16,7.6327832943e-17
2005-09-01,2005-08-31,2005-10-03,2005,"XLE,XLU,XLK",0.0247672311937,0.00118087363351,0.00904299282024,0.0235863575602,0.0157242383735,0.0244255851756,0.00902902868449,0.0153965564911,0.000327681882321,0.383333333333,2,0.0173868753956,0.639489001322,-3.46944695195e-18,0.0051590944957,-2.22044604925e-16,-2.22044604925e-16,-1.49186218934e-16
2005-10-03,2005-09-30,2005-11-01,2005,"XLE,XLU,XLK",-0.0661879433246,-0.00551159547215,-0.0257370447563,-0.0606763478524,-0.0404508985683,-0.0661944450956,-0.0257438779322,-0.0404505671635,-3.31404831993e-07,-0.933333333333,0,0.037410714586,-0.764569856504,6.93889390391e-18,-0.0172105215088,1.11022302463e-16,2.22044604925e-16,-3.46944695195e-17
2005-11-01,2005-10-31,2005-12-01,2005,"XLE,XLU,XLV",0.0295033360944,0.0631086743612,0.051906894939,-0.0336053382668,-0.0224035588445,0.0291446522965,0.0518910218751,-0.0227463695786,0.000342810734034,-0.616666666667,0,0.025254151624,-0.627291251654,6.93889390391e-18,0.051456420213,2.22044604925e-16,2.22044604925e-16,1.90819582357e-16
2005-12-01,2005-11-30,2006-01-03,2005,"XLE,XLU,XLV",0.0315849213381,0.00117383187961,0.0113108616991,0.0304110894585,0.020274059639,0.0315811767095,0.0113003780698,0.0202807986397,-6.73900069847e-06,0.6,2,0.0204458565912,0.701165294249,-3.46944695195e-18,0.00538028905465,0,4.4408920985e-16,-1.2490009027e-16
2006-01-03,2005-12-30,2006-02-01,2006,"XLE,XLU,XLF",0.0224120805024,0.0114837386828,0.0151265192893,0.0109283418197,0.00728556121311,0.022068919407,0.0151176008792,0.00695131852775,0.000334242685357,0.0166666666667,1,0.0214538129103,0.240128398624,1.73472347598e-18,0.0133389174424,0,-2.22044604925e-16,1.82145964978e-17
2006-02-01,2006-01-31,2006-03-01,2006,"XLE,XLU,XLV",-0.0135771633086,0.0143327834965,0.0050294678948,-0.027909946805,-0.0186066312034,-0.0139107109916,0.00502156198326,-0.0189322729748,0.000325641771473,-0.533333333333,0,0.0237209711117,-0.554651621848,3.46944695195e-18,0.00763277587633,-1.11022302463e-16,2.22044604925e-16,-6.93889390391e-17
2006-03-01,2006-02-28,2006-04-03,2006,"XLE,XLU,XLF",-0.00417939456759,0.0133416259214,0.00750128575839,-0.017521020489,-0.011680680326,-0.00452500131743,0.00749309333957,-0.012018094657,0.000337414331026,-0.133333333333,1,0.0259452283091,-0.318343248668,0,0.00677021227136,4.4408920985e-16,4.4408920985e-16,6.24500451352e-17
2006-04-03,2006-03-31,2006-05-01,2006,"XLE,XLF,XLU",0.0308115063543,0.000193352111812,0.010399403526,0.0306181542425,0.0204121028283,0.0307983051823,0.0103890801262,0.0204092250561,2.87777218324e-06,0.183333333333,2,0.0282929370669,0.51014627057,-3.46944695195e-18,0.00516484179011,2.22044604925e-16,0,-6.24500451352e-17
2006-05-01,2006-04-28,2006-06-01,2006,"XLE,XLB,XLK",-0.0394093305772,0.00487122916142,-0.00988895741812,-0.0442805597386,-0.0295203731591,-0.0400496176423,-0.00989943695136,-0.0301501806909,0.000629807531858,-0.833333333333,0,0.0244818652383,-0.852633401939,3.46944695195e-18,-0.0128069199277,-2.22044604925e-16,-1.11022302463e-16,-2.08166817117e-16
2006-06-01,2006-05-31,2006-07-03,2006,"XLE,XLB,XLF",0.0117383697739,-0.00113341429757,0.00315718039292,0.0128717840715,0.00858118938098,0.0114006292915,0.00314707738014,0.00825355191134,0.000327637469641,0.516666666667,1,0.0172475146956,0.351808205937,0,-0.00283625012055,0,-6.66133814775e-16,1.63064006742e-16
2006-07-03,2006-06-30,2006-08-01,2006,"XLE,XLB,XLI",-0.0328837862196,0.00402154697421,-0.00828023075706,-0.0369053331938,-0.0246035554625,-0.0332078984326,-0.00828790829504,-0.0249199901375,0.000316434674983,-0.333333333333,1,0.043274396794,-0.402023880117,3.46944695195e-18,-0.00453794363377,-1.11022302463e-16,0,6.24500451352e-17
2006-08-01,2006-07-31,2006-09-01,2006,"XLE,XLB,XLI",0.0124558040176,0.0405817533551,0.0312064369092,-0.0281259493375,-0.0187506328917,0.0124360585919,0.0311856654532,-0.0187496068613,-1.02603033123e-06,-0.366666666667,1,0.0324625922321,-0.40843009623,0,0.033012867847,-2.22044604925e-16,2.22044604925e-16,2.04697370165e-16
2006-09-01,2006-08-31,2006-10-02,2006,"XLE,XLB,XLF",-0.0115730392054,0.0172251790134,0.00762577294048,-0.0287982182188,-0.0191988121459,-0.0119188135124,0.00761431083507,-0.0195331243475,0.000334312201564,-0.483333333333,1,0.0336308704498,-0.403665146859,3.46944695195e-18,0.0170851440805,1.11022302463e-16,0,1.90819582357e-16
2006-10-02,2006-09-29,2006-11-01,2006,"XLB,XLF,XLP",0.028633025571,0.0356649723885,0.033320990116,-0.00703194681752,-0.00468796454501,0.02829009074,0.0333066808114,-0.00501659007144,0.000328625526423,-0.316666666667,1,0.0178710954541,-0.185488994127,-2.60208521397e-18,0.0284043530303,-2.22044604925e-16,2.22044604925e-16,-1.27502175484e-16
2006-11-01,2006-10-31,2006-12-01,2006,"XLB,XLF,XLI",0.0248002349943,0.0275235635273,0.0266157873497,-0.00272332853308,-0.00181555235539,0.0244556254158,0.0266074665072,-0.00215184109146,0.000336288736071,0.05,1,0.029171977821,-0.0440076223137,0,0.0245503704283,2.22044604925e-16,0,-6.20163642662e-17
2006-12-01,2006-11-30,2007-01-03,2006,"XLU,XLB,XLE",-0.0152757908739,0.0243428459468,0.0111366336732,-0.0396186368207,-0.0264124245471,-0.0159321642844,0.0111266956921,-0.0270588599765,0.000646435429365,0,0,0.0301578467659,-0.619288394487,3.46944695195e-18,0.0138189810884,-4.4408920985e-16,2.22044604925e-16,-1.5959455979e-16
2007-01-03,2006-12-29,2007-02-01,2007,"XLE,XLU,XLB",0.0308901663346,0.0218849226761,0.0248866705623,0.00900524365849,0.00600349577233,0.0308726727948,0.0248771062476,0.00599556654724,7.9292250845e-06,0,2,0.0162932451235,0.260544326146,-1.73472347598e-18,0.0229182887655,2.22044604925e-16,-2.22044604925e-16,1.21430643318e-16
2007-02-01,2007-01-31,2007-03-01,2007,"XLU,XLF,XLY",-0.00974818418251,-0.019088212137,-0.0159748694855,0.00934002795454,0.00622668530303,-0.010417212839,-0.0159810348216,0.00556382198257,0.00066286332046,0.133333333333,1,0.02645520761,0.166429667346,0,-0.0283519375207,0,0,-8.76035355368e-17
2007-03-01,2007-02-28,2007-04-02,2007,"XLB,XLY,XLF",0.00645363843427,0.0324187786059,0.023763731882,-0.0259651401716,-0.0173100934478,0.00609896141357,0.0237533933076,-0.017654431894,0.000344338446282,-0.0333333333333,1,0.0258690778662,-0.473155035645,6.93889390391e-18,0.0157557214835,4.4408920985e-16,2.22044604925e-16,2.22044604925e-16
2007-04-02,2007-03-30,2007-05-01,2007,"XLU,XLB,XLY",0.022355244865,0.0475375636263,0.0391434573725,-0.0251823187613,-0.0167882125075,0.0220138376026,0.03913324336,-0.0171194057574,0.000331193249881,-0.616666666667,0,0.0173681558711,-0.683495645489,3.46944695195e-18,0.0457935689214,0,0,1.66533453694e-16
2007-05-01,2007-04-30,2007-06-01,2007,"XLU,XLB,XLP",0.030521762782,0.0419790291129,0.0381599403359,-0.011457266331,-0.00763817755397,0.0301745119275,0.038152371956,-0.00797786002848,0.000339682474509,-0.5,1,0.0277616314073,-0.194549342763,0,0.0363892858027,2.22044604925e-16,0,-5.72458747072e-17
2007-06-01,2007-05-31,2007-07-02,2007,"XLU,XLB,XLV",-0.0202395393436,-0.0061339399117,-0.010835806389,-0.0141055994319,-0.00940373295459,-0.0205786106913,-0.0108467181593,-0.00973189253202,0.000328159577427,-0.333333333333,0,0.0181348754206,-0.366666061191,3.46944695195e-18,-0.0106166046377,-2.22044604925e-16,-1.11022302463e-16,4.16333634234e-17
2007-07-02,2007-06-29,2007-08-01,2007,"XLU,XLB,XLK",-0.0231184021056,-0.0383031539337,-0.033241569991,0.0151847518281,0.0101231678854,-0.0234466911279,-0.0332494648868,0.00980277375887,0.000320394126551,-0.0666666666667,1,0.0284755274013,0.251379388272,-3.46944695195e-18,-0.0353119435449,-2.22044604925e-16,-1.11022302463e-16,6.76542155631e-17
2007-08-01,2007-07-31,2007-09-04,2007,"XLB,XLK,XLI",0.00784910826218,0.019749020228,0.015782382906,-0.0118999119658,-0.00793327464387,0.00750863006555,0.0157705713362,-0.00826194127063,0.000328666626755,-0.5,1,0.0113868543706,-0.492644598336,1.73472347598e-18,0.0180972700954,2.22044604925e-16,2.22044604925e-16,7.1123662515e-17
2007-09-04,2007-08-31,2007-10-01,2007,"XLB,XLE,XLI",0.071589084458,0.0289672665287,0.0431745391718,0.0426218179293,0.0284145452862,0.0712260598222,0.0431693387802,0.028056721042,0.000357824244162,0.55,3,0.0233843026029,0.859213892215,-1.04083408559e-17,0.0399251217535,0,0,-2.32452945781e-16
2007-10-01,2007-09-28,2007-11-01,2007,"XLE,XLB,XLI",-0.0255976691349,-0.0131232583307,-0.0172813952654,-0.0124744108042,-0.00831627386945,-0.0256023739612,-0.0172903163833,-0.00831205757788,-4.21629157572e-06,0.2,0,0.034541325812,-0.170245163121,3.46944695195e-18,-0.0211924792304,2.22044604925e-16,4.4408920985e-16,4.33680868994e-17
2007-11-01,2007-10-31,2007-12-03,2007,"XLE,XLB,XLI",-0.0174117905316,-0.00706984211943,-0.0105171582568,-0.0103419484121,-0.00689463227477,-0.0174173240434,-0.0105308257255,-0.00688649831795,-8.13395681883e-06,0.133333333333,0,0.0358678698532,-0.13592224058,3.46944695195e-18,-0.0221811000491,-1.11022302463e-16,0,-1.04083408559e-16
2007-12-03,2007-11-30,2008-01-02,2007,"XLE,XLB,XLK",0.030740678236,-0.0340906206052,-0.0124801876581,0.0648312988411,0.0432208658941,0.030395810852,-0.0124951735373,0.0428909843892,0.000329881504857,0.983333333333,3,0.0411543682679,0.742612963064,-6.93889390391e-18,-0.01341281582,-2.22044604925e-16,0,-2.08166817117e-17
2008-01-02,2007-12-31,2008-02-01,2008,"XLE,XLB,XLU",-0.0518899985881,-0.0179443959192,-0.0292595968088,-0.0339456026689,-0.0226304017792,-0.052213536375,-0.0292742651955,-0.0229392711796,0.000308869400322,-0.583333333333,1,0.0455362391892,-0.351414847691,3.46944695195e-18,-0.0369144144878,-2.22044604925e-16,-1.11022302463e-16,5.55111512313e-17
2008-02-01,2008-01-31,2008-03-03,2008,"XLE,XLU,XLB",0.0144630557469,-0.0528433935474,-0.0304079104493,0.0673064492943,0.0448709661962,0.0144449964192,-0.030425449942,0.0448704463612,5.19834938121e-07,0.5,2,0.0569026541702,0.557593752671,0,-0.043559121363,2.22044604925e-16,0,-1.45716771982e-16
2008-03-03,2008-02-29,2008-04-01,2008,"XLE,XLB,XLI",0.00932908041533,0.0257846047236,0.0202994299542,-0.0164555243083,-0.0109703495388,0.00899258130534,0.0202777543323,-0.0112851730269,0.000314823488069,-0.45,1,0.02737203444,-0.283399049782,0,0.028361668217,-4.4408920985e-16,4.4408920985e-16,-1.63064006742e-16
2008-04-01,2008-03-31,2008-05-01,2008,"XLE,XLB,XLP",0.0238370380339,0.0345609132235,0.0309862881603,-0.0107238751896,-0.00714925012643,0.0234840140196,0.0309742355323,-0.00749022151271,0.000340971386288,-0.233333333333,1,0.0235414425203,-0.214739739947,0,0.0330137363129,0,0,-7.8062556419e-17
2008-05-01,2008-04-30,2008-06-02,2008,"XLE,XLB,XLP",0.0455099548861,-0.024117696537,-0.000908479395949,0.069627651423,0.046418434282,0.0454977241003,-0.000917896415068,0.0464156205154,2.81376662913e-06,0.866666666667,2,0.0518841718782,0.632616624005,0,-0.015731512293,2.22044604925e-16,3.33066907388e-16,9.71445146547e-17
2008-06-02,2008-05-30,2008-07-01,2008,"XLE,XLB,XLP",-0.0294594838214,-0.0839042872849,-0.0657560194637,0.0544448034635,0.0362965356423,-0.0294725787938,-0.0657731732231,0.0363005944293,-4.05878697574e-06,0.633333333333,1,0.0575507571574,0.445963315757,-6.93889390391e-18,-0.0711146962121,0,-3.33066907388e-16,1.2490009027e-16
2008-07-01,2008-06-30,2008-08-01,2008,"XLE,XLB,XLP",-0.0570499785046,-0.00178308897849,-0.0202053854872,-0.0552668895261,-0.0368445930174,-0.0570691544845,-0.0202306938894,-0.0368384605951,-6.13242229731e-06,-0.7,1,0.0666585339482,-0.390843602904,1.38777878078e-17,-0.0172923865582,-1.11022302463e-16,-2.22044604925e-16,9.02056207508e-17
2008-08-01,2008-07-31,2008-09-02,2008,"XLE,XLU,XLB",-0.0228806401451,0.0373162502824,0.0172506201399,-0.0601968904276,-0.040131260285,-0.0232427950695,0.0172231287847,-0.0404659238542,0.000334663569213,-0.5,0,0.0400285784839,-0.708920660186,6.93889390391e-18,0.0145052943992,2.22044604925e-16,2.22044604925e-16,-6.93889390391e-17
2008-09-02,2008-08-29,2008-10-01,2008,"XLE,XLB,XLP",-0.0926983710127,-0.0962054802441,-0.0950364438336,0.00350710923135,0.0023380728209,-0.0930096483936,-0.095049638919,0.0020399905254,0.000298082295499,-0.266666666667,1,0.0429158835209,0.0385234326065,2.60208521397e-18,-0.0879614485118,4.4408920985e-16,0,-2.29850860567e-17
2008-10-01,2008-09-30,2008-11-03,2008,"XLP,XLE,XLU",-0.14542958172,-0.183904971794,-0.17107984177,0.038475390074,0.0256502600493,-0.145721284792,-0.171096454948,0.0253751701561,0.000275089893231,0.466666666667,2,0.0448779962415,0.40415068272,-3.46944695195e-18,-0.163277389941,-1.11022302463e-16,2.22044604925e-16,-1.00613961607e-16
2008-11-03,2008-10-31,2008-12-01,2008,"XLP,XLV,XLE",-0.0957801388756,-0.165991585245,-0.142587769789,0.0702114463698,0.0468076309132,-0.0961007276519,-0.142608503832,0.0465077761796,0.000299854733588,0.766666666667,2,0.0771781887384,0.428851645407,-1.38777878078e-17,-0.154464222832,-1.11022302463e-16,0,1.38777878078e-17
2008-12-01,2008-11-28,2009-01-02,2008,"XLP,XLV,XLE",0.116209149823,0.154340716369,0.141630194187,-0.0381315665462,-0.0254210443642,0.116199143246,0.141593847441,-0.0253947041948,-2.63401693922e-05,-0.466666666667,0,0.0503121774223,-0.357277179715,1.73472347598e-17,0.141330273833,2.22044604925e-16,-2.22044604925e-16,2.91433543964e-16
2009-01-02,2008-12-31,2009-02-02,2009,"XLP,XLU,XLV",-0.0458643526301,-0.143917977339,-0.111233435769,0.0980536247085,0.065369083139,-0.0461944450344,-0.111249058405,0.0650546133704,0.000314469768575,0.616666666667,2,0.074525937785,0.620225968855,0,-0.111660667777,5.55111512313e-16,4.4408920985e-16,-2.77555756156e-17
2009-02-02,2009-01-30,2009-03-02,2009,"XLP,XLV,XLU",-0.138393171999,-0.155330589587,-0.149684783724,0.0169374175882,0.0112916117254,-0.13840734349,-0.149713664969,0.0113063214788,-1.47097533739e-05,0.366666666667,1,0.0483318940428,0.165198889464,1.73472347598e-18,-0.145071949448,-1.11022302463e-16,-1.11022302463e-16,3.46944695195e-18
2009-03-02,2009-02-27,2009-04-01,2009,"XLP,XLV,XLU",0.0815497792979,0.207280632692,0.165370348227,-0.125730853394,-0.0838205689294,0.0815297929219,0.165341952253,-0.0838121593313,-8.40959806346e-06,-0.916666666667,0,0.0728488138271,-0.813604087413,0,0.156376722923,-2.22044604925e-16,2.22044604925e-16,-9.71445146547e-17
2009-04-01,2009-03-31,2009-05-01,2009,"XLV,XLP,XLU",0.0203950188989,0.135914942057,0.0974083010046,-0.115519923158,-0.0770132821057,0.0203869145556,0.0973796800629,-0.0769927655073,-2.0516598414e-05,-0.95,0,0.0623088653073,-0.87397858635,0,0.0842586520414,2.22044604925e-16,0,-2.63677968348e-16
2009-05-01,2009-04-30,2009-06-01,2009,"XLV,XLP,XLK",0.06094410152,0.0898035519364,0.0801837351309,-0.0288594504164,-0.0192396336109,0.0605825858163,0.0801566689616,-0.0195740831453,0.000334449534323,-0.566666666667,0,0.0396452154676,-0.343155541807,0,0.0782795453353,-2.22044604925e-16,2.22044604925e-16,1.04083408559e-16
2009-06-01,2009-05-29,2009-07-01,2009,"XLP,XLV,XLY",-0.0061179580838,-0.0355897139021,-0.025765795296,0.0294717558183,0.0196478372122,-0.00644930732265,-0.025780019561,0.0193307122383,0.000317124973887,0.533333333333,1,0.0423737792801,0.327870658799,0,-0.0202431395838,3.33066907388e-16,-2.22044604925e-16,-3.81639164715e-17
2009-07-01,2009-06-30,2009-08-03,2009,"XLP,XLV,XLY",0.0743907271969,0.100258403883,0.0916358449875,-0.0258676766858,-0.0172451177905,0.0743795341548,0.0916148982362,-0.0172353640814,-9.75370910741e-06,-0.466666666667,1,0.038005960534,-0.320848087003,-6.93889390391e-18,0.087837541614,-2.22044604925e-16,-2.22044604925e-16,-8.67361737988e-17
2009-08-03,2009-07-31,2009-09-01,2009,"XLP,XLV,XLK",-0.00403925506326,-0.00547881531906,-0.00499896190046,0.0014395602558,0.0009597068372,-0.00438213640312,-0.00501306435201,0.000630927948885,0.000328778888315,0.0666666666667,1,0.0229153956386,0.0296139426627,-1.84314369323e-18,-0.00238972528415,3.33066907388e-16,-2.22044604925e-16,1.42572585682e-16
2009-09-01,2009-08-31,2009-10-01,2009,"XLP,XLK,XLV",0.0259272031362,0.034744579748,0.0318054542107,-0.00881737661175,-0.0058782510745,0.0259223995742,0.0317964720486,-0.00587407247438,-4.17860011825e-06,-0.0833333333333,0,0.0152922541591,-0.271807619273,0,0.0325393720089,2.22044604925e-16,0,-3.72965547335e-17
2009-10-01,2009-09-30,2009-11-02,2009,"XLK,XLV,XLY",0.00968057523961,0.0108404213648,0.0104538059897,-0.00115984612515,-0.000773230750098,0.00933817905036,0.0104480086102,-0.00110982955988,0.000336598809778,0.316666666667,1,0.0242668842308,-0.0225309809705,6.50521303491e-19,0.0131109494094,2.22044604925e-16,0,-8.37004077159e-17
2009-11-02,2009-10-30,2009-12-01,2009,"XLK,XLB,XLY",0.0862768142106,0.0636896113909,0.0712186789975,0.0225872028196,0.0150581352131,0.0859141135391,0.0712080380702,0.014706075469,0.000352059744132,0.55,1,0.0290895075733,0.366032649207,-3.46944695195e-18,0.0669094055301,0,2.22044604925e-16,3.64291929955e-17
2009-12-01,2009-11-30,2010-01-04,2009,"XLK,XLY,XLB",0.0422986409065,0.0164299820063,0.0250528683064,0.0258686589002,0.0172457726002,0.0422880943922,0.0250413442361,0.0172467501561,-9.77555946106e-07,0.5,2,0.0181540564547,0.671728810737,0,0.0237207784543,0,-2.22044604925e-16,-1.04083408559e-17
2010-01-04,2009-12-31,2010-02-01,2010,"XLB,XLK,XLY",-0.0639112308383,-0.0230670362598,-0.036681767786,-0.0408441945786,-0.0272294630524,-0.0639155481211,-0.0366886562605,-0.0272268918606,-2.5711917527e-06,-0.6,0,0.02815529474,-0.683854960504,3.46944695195e-18,-0.0376777459257,-2.22044604925e-16,0,6.93889390391e-18
2010-02-01,2010-01-29,2010-03-01,2010,"XLB,XLF,XLK",0.0258488039593,0.0249834653698,0.0252719115663,0.000865338589564,0.000576892393043,0.0254924532816,0.0252592048705,0.000233248411059,0.000343643981983,0.45,1,0.0200347426062,0.0203608566955,-8.67361737988e-19,0.0259491033199,0,4.4408920985e-16,-2.24646690139e-16
2010-03-01,2010-02-26,2010-04-01,2010,"XLF,XLY,XLI",0.0811178182137,0.0428736806414,0.0556217264988,0.0382441375723,0.0254960917149,0.0803956619343,0.0556129759823,0.024782685952,0.000713405762886,0.816666666667,2,0.0249711040364,0.721972857871,0,0.0571555021713,2.22044604925e-16,2.22044604925e-16,8.32667268469e-17
2010-04-01,2010-03-31,2010-05-03,2010,"XLF,XLI,XLY",0.0516516448749,0.00363880730673,0.0196430864961,0.0480128375681,0.0320085583788,0.0516471827715,0.0196321058062,0.0320150769653,-6.51858656467e-06,0.366666666667,2,0.0340147731267,0.665401136187,0,0.021646664068,0,0,-1.52655665886e-16
2010-05-03,2010-04-30,2010-06-01,2010,"XLF,XLI,XLY",-0.119606859567,-0.101483818435,-0.107524832146,-0.0181230411321,-0.0120820274214,-0.11961450616,-0.107537046956,-0.012077459204,-4.5682173881e-06,-0.316666666667,0,0.0310515359248,-0.275132397342,3.46944695195e-18,-0.106522426973,0,-1.11022302463e-16,1.45716771982e-16
2010-06-01,2010-05-28,2010-07-01,2010,"XLY,XLI,XLK",-0.0581659052696,-0.0224502913539,-0.0343554959925,-0.0357156139156,-0.0238104092771,-0.0584830889055,-0.0343694677073,-0.0241136211982,0.000303211921127,-0.933333333333,0,0.0247119173067,-0.68131103118,3.46944695195e-18,-0.039813209862,1.11022302463e-16,1.11022302463e-16,-4.51028103754e-17
2010-07-01,2010-06-30,2010-08-02,2010,"XLY,XLI,XLF",0.108354877163,0.100580422063,0.103171907096,0.00777445509995,0.00518297006663,0.10797858533,0.103159642002,0.00481894332806,0.000364026738573,0.3,1,0.0337034844768,0.108739892557,-5.20417042793e-18,0.0973143611519,-2.22044604925e-16,0,-1.71737624122e-16
2010-08-02,2010-07-30,2010-09-01,2010,"XLI,XLY,XLF",-0.0482890795375,-0.0225660435822,-0.0311403889007,-0.0257230359553,-0.0171486906369,-0.0482951115406,-0.0311511957362,-0.0171439158044,-4.77483248148e-06,-0.433333333333,0,0.0240725249251,-0.503725947966,1.04083408559e-17,-0.0381346419873,2.22044604925e-16,3.33066907388e-16,1.14491749414e-16
2010-09-01,2010-08-31,2010-10-01,2010,"XLI,XLY,XLP",0.0639878317933,0.0557259840023,0.058479933266,0.00826184779099,0.00550789852733,0.0636321627186,0.0584688167125,0.00516334600605,0.000344552521281,0.333333333333,1,0.0230347117328,0.169078408445,6.93889390391e-18,0.0623605224818,-2.22044604925e-16,4.4408920985e-16,-1.99493199737e-17
2010-10-01,2010-09-30,2010-11-01,2010,"XLY,XLI,XLU",0.025122320604,0.0336140552132,0.0307834770101,-0.00849173460914,-0.0056611564061,0.0247805562031,0.0307740576914,-0.00599350148833,0.000332345082238,0.2,1,0.0202896783798,-0.197294506556,-8.67361737988e-19,0.0342029797077,0,-2.22044604925e-16,-3.98986399475e-17
2010-11-01,2010-10-29,2010-12-01,2010,"XLY,XLI,XLB",0.0426727270231,0.0150779890011,0.0242762350085,0.027594738022,0.0183964920147,0.0423251115116,0.0242675848581,0.0180575266535,0.000338965361171,0.233333333333,2,0.0307002285594,0.423719459561,-3.46944695195e-18,0.0209227319642,0,2.22044604925e-16,6.93889390391e-17
2010-12-01,2010-11-30,2011-01-03,2010,"XLY,XLI,XLK",0.0438537928517,0.0578419435783,0.0531792266694,-0.0139881507266,-0.00932543381775,0.0435048295132,0.0531655635495,-0.00966073403635,0.000335300218592,-0.383333333333,0,0.0266857611535,-0.247100970893,3.46944695195e-18,0.0554346254183,0,2.22044604925e-16,-2.39391839685e-16
2011-01-03,2010-12-31,2011-02-01,2011,"XLY,XLI,XLE",0.0404958549889,0.0178552976433,0.0254021500918,0.0226405573455,0.015093704897,0.040144889201,0.0253912143526,0.0147536748484,0.000340030048638,0.166666666667,2,0.0260055899089,0.410406421208,-3.46944695195e-18,0.0290443494818,2.22044604925e-16,2.22044604925e-16,7.2858385991e-17
2011-02-01,2011-01-31,2011-03-01,2011,"XLB,XLY,XLI",-0.0038686584666,0.00305342022019,0.000746060657924,-0.00692207868679,-0.00461471912453,-0.00421550664483,0.000736232205156,-0.00495173884999,0.00033701972546,-0.116666666667,1,0.0201013758815,-0.162332131166,8.67361737988e-19,0.0014527585923,-1.11022302463e-16,4.4408920985e-16,-2.70616862252e-16
2011-03-01,2011-02-28,2011-04-01,2011,"XLE,XLI,XLB",0.0472246669356,0.0173642060142,0.027317692988,0.0298604609213,0.0199069739476,0.0468647287858,0.027308557727,0.0195561710588,0.000350802888778,0.45,3,0.0167584599406,0.839955241775,0,0.0213734028405,2.22044604925e-16,0,1.28369537222e-16
2011-04-01,2011-03-31,2011-05-02,2011,"XLE,XLY,XLI",0.0151656066669,0.0288452558486,0.024285372788,-0.0136796491817,-0.00911976612111,0.0148253868068,0.0242782913242,-0.00945290451744,0.000333138396334,-0.35,1,0.0248309459223,-0.259702086551,-1.73472347598e-18,0.0230570704847,-4.4408920985e-16,-4.4408920985e-16,-6.41847686111e-17
2011-05-02,2011-04-29,2011-06-01,2011,"XLE,XLB,XLI",-0.0537054486266,-0.0155548196611,-0.0282716959829,-0.0381506289655,-0.0254337526437,-0.054027791454,-0.0282812013583,-0.0257465900957,0.000312837452055,-0.3,0,0.0281119531424,-0.639741353945,-6.93889390391e-18,-0.0319335633305,1.11022302463e-16,1.11022302463e-16,-6.24500451352e-17
2011-06-01,2011-05-31,2011-07-01,2011,"XLE,XLB,XLI",0.032773539236,0.0175176923584,0.0226029746509,0.0152558468776,0.0101705645851,0.0327719872917,0.0225901338178,0.0101818534738,-1.12888887456e-05,0.233333333333,2,0.0163608438023,0.439566276256,0,0.0205800401424,2.22044604925e-16,0,8.50014503229e-17
2011-07-01,2011-06-30,2011-08-01,2011,"XLE,XLB,XLY",-0.0271335093466,-0.0448458616339,-0.0389417442048,0.0177123522873,0.0118082348582,-0.0274635683061,-0.038947996204,0.011484427898,0.000323806960251,0.2,1,0.0279875728309,0.29833537165,-5.20417042793e-18,-0.0383812850914,0,0,4.68375338514e-17
2011-08-01,2011-07-29,2011-09-01,2011,"XLE,XLY,XLB",-0.0821597552207,-0.0413255083851,-0.054936923997,-0.0408342468355,-0.0272228312237,-0.0821694442249,-0.0549484409812,-0.0272210032436,-1.82798004827e-06,-0.166666666667,0,0.0434037769167,-0.443497085479,0,-0.0608785371545,1.11022302463e-16,0,9.02056207508e-17
2011-09-01,2011-08-31,2011-10-03,2011,"XLE,XLY,XLB",-0.143083999258,-0.068008536237,-0.0930336905773,-0.0750754630209,-0.0500503086806,-0.143091941538,-0.0930516073934,-0.050040334145,-9.97453561423e-06,-0.433333333333,0,0.053876769688,-0.656886314334,0,-0.0863344817788,1.11022302463e-16,-2.22044604925e-16,7.6327832943e-17
2011-10-03,2011-09-30,2011-11-01,2011,"XLE,XLY,XLP",0.12175301361,0.110662764709,0.114359514343,0.0110902489004,0.00739349926691,0.121368711243,0.11433080534,0.00703790590263,0.000355593364282,-0.0833333333333,1,0.0519900269894,0.100557621742,-3.46944695195e-18,0.109797170338,-2.22044604925e-16,2.22044604925e-16,-2.29850860567e-16
2011-11-01,2011-10-31,2011-12-01,2011,"XLU,XLP,XLV",0.0346524478367,0.022451566286,0.0265185268029,0.0122008815506,0.00813392103375,0.0339389615257,0.0264973862776,0.00744157524808,0.000692345785673,0.416666666667,1,0.0163393074802,0.35200700688,-1.73472347598e-18,0.0243445022266,0,-2.22044604925e-16,1.2056328158e-16
2011-12-01,2011-11-30,2012-01-03,2011,"XLU,XLV,XLE",0.0238830444489,0.0246635627271,0.0244033899677,-0.000780518278193,-0.000520345518795,0.0235387524097,0.0243969137608,-0.000858161351059,0.000337815832263,-0.1,1,0.0145173157794,-0.0253448950544,-1.73472347598e-18,0.0267153294046,0,4.4408920985e-16,-2.12828886459e-16
2012-01-03,2011-12-30,2012-02-01,2012,"XLU,XLP,XLV",0.00243334682373,0.0554627880447,0.0377863076377,-0.0530294412209,-0.035352960814,0.00209728132736,0.0377802426068,-0.0356829612794,0.000330000465462,-0.966666666667,0,0.0356090523562,-0.702021443213,0,0.0389802154849,2.22044604925e-16,2.22044604925e-16,-2.77555756156e-17
2012-02-01,2012-01-31,2012-03-01,2012,"XLU,XLP,XLV",0.0132588963527,0.0405152937046,0.0314298279206,-0.0272563973519,-0.018170931568,0.0132500333977,0.0314138177434,-0.0181637843457,-7.14722222251e-06,-0.116666666667,0,0.0251156343713,-0.511585283582,6.93889390391e-18,0.0397070753221,0,0,-3.46944695195e-17
2012-03-01,2012-02-29,2012-04-02,2012,"XLU,XLV,XLP",0.0332746346664,0.0238891765609,0.0270176625961,0.00938545810547,0.00625697207031,0.0332694484554,0.0270064431578,0.00626300529751,-6.03322719993e-06,0.116666666667,1,0.0298436383575,0.148250938026,2.60208521397e-18,0.0343539899141,-2.22044604925e-16,0,5.20417042793e-18
2012-04-02,2012-03-30,2012-05-01,2012,"XLP,XLU,XLK",-0.00103263986281,-0.00676583964981,-0.00485477305414,0.00573319978699,0.00382213319133,-0.00137108305606,-0.00486665633034,0.00349557327428,0.000326559917048,0.666666666667,2,0.0132682728867,0.203693149912,-8.67361737988e-19,-0.00775469405341,1.11022302463e-16,0,-9.45424294407e-17
2012-05-01,2012-04-30,2012-06-01,2012,"XLK,XLY,XLP",-0.0713762552943,-0.0885340033254,-0.0828147539817,0.017157748031,0.0114384986874,-0.0716914135682,-0.0828198771035,0.0111284635353,0.000310035152081,0.7,1,0.0424593192771,0.190493868628,-6.93889390391e-18,-0.0893846827237,1.11022302463e-16,2.22044604925e-16,7.97972798949e-17
2012-06-01,2012-05-31,2012-07-02,2012,"XLY,XLK,XLU",0.0579832050765,0.0724027026315,0.0675962034465,-0.014419497555,-0.00961299836998,0.0576159217556,0.0675760841734,-0.0099601624178,0.000347164047825,-0.55,0,0.0136953294602,-0.496330983108,-1.73472347598e-18,0.0706717329205,-2.22044604925e-16,2.22044604925e-16,-2.11636264069e-16
2012-07-02,2012-06-29,2012-08-01,2012,"XLP,XLU,XLK",0.0113624717744,0.00631867291556,0.00799993920184,0.00504379885885,0.00336253257257,0.0110234962393,0.00799475781774,0.00302873842152,0.000333794151054,0.216666666667,2,0.0186651680268,0.12738538333,4.33680868994e-19,0.00791136324512,-4.4408920985e-16,0,-1.3791051634e-16
2012-08-01,2012-07-31,2012-09-04,2012,"XLU,XLP,XLV",-0.0036037544945,0.0280129142973,0.0174740247,-0.0316166687918,-0.0210777791945,-0.00393594513978,0.0174677271177,-0.0214036722575,0.000325893062913,-0.383333333333,0,0.0229020276947,-0.650782576964,0,0.0250016193768,-1.11022302463e-16,2.22044604925e-16,-1.35308431126e-16
2012-09-04,2012-08-31,2012-10-01,2012,"XLK,XLP,XLY",0.021244299698,0.0346973260886,0.0302129839584,-0.0134530263906,-0.0089686842604,0.0205635836175,0.0302039596538,-0.0096403760363,0.000671691775897,-0.7,0,0.0155903738005,-0.406777768129,3.46944695195e-18,0.0290050271213,0,-2.22044604925e-16,2.74086309204e-16
2012-10-01,2012-09-28,2012-11-01,2012,"XLY,XLK,XLF",-0.0071628501475,-0.00402969394437,-0.00507407934541,-0.00313315620313,-0.00208877080209,-0.00749640458859,-0.00508052274643,-0.00241588184216,0.000327111040066,0.0333333333333,1,0.0202783340618,-0.0728355689378,3.03576608296e-18,-0.0105300453172,0,0,-6.41847686111e-17
2012-11-01,2012-10-31,2012-12-03,2012,"XLV,XLY,XLK",0.000289458493745,-0.0169773735069,-0.01122176284,0.0172668320006,0.0115112213337,-5.70114690926e-05,-0.0112294976141,0.011172486145,0.000338735188758,0.783333333333,2,0.0165099711718,0.493014953215,0,-0.00966159233195,3.33066907388e-16,1.11022302463e-16,1.54390389362e-16
2012-12-03,2012-11-30,2013-01-02,2012,"XLF,XLY,XLV",0.0435238424403,0.0406570553433,0.0416126510423,0.002866787097,0.001911191398,0.0431741495364,0.0416056540109,0.00156849552552,0.000342695872479,-0.0333333333333,1,0.0248859054652,0.0543044897265,4.33680868994e-19,0.0399146003188,4.4408920985e-16,0,2.38524477947e-17
2013-01-02,2012-12-31,2013-02-01,2013,"XLY,XLF,XLV",0.0494638871221,0.0343021657682,0.0393560728862,0.0151617213539,0.0101078142359,0.049451240332,0.0393451498725,0.0101060904595,1.7237764436e-06,0.15,2,0.0197655576723,0.361603963203,-3.46944695195e-18,0.0354650824667,2.22044604925e-16,0,-5.89805981832e-17
2013-02-01,2013-01-31,2013-03-01,2013,"XLF,XLY,XLV",0.00881784954936,0.00514956680101,0.00637232771712,0.00366828274835,0.00244552183224,0.00881337288372,0.00636545951695,0.00244791336677,-2.39153452974e-06,0.433333333333,1,0.0149005128184,0.116052721956,-4.33680868994e-19,0.0057521143059,0,-2.22044604925e-16,4.07226335986e-16
2013-03-01,2013-02-28,2013-04-01,2013,"XLV,XLF,XLY",0.0403273418008,0.0265757443698,0.0311596101801,0.013751597431,0.00916773162069,0.0403248959306,0.0311534487213,0.00917144720932,-3.71558863741e-06,0.6,1,0.0154172292156,0.420475372482,-5.20417042793e-18,0.03046515418,2.22044604925e-16,0,4.85722573274e-17
2013-04-01,2013-03-28,2013-05-01,2013,"XLV,XLP,XLY",0.0260423504629,0.00878757021359,0.01453916363,0.0172547802493,0.0115031868329,0.0256981313893,0.0145325894344,0.0111655419549,0.000337644877997,0.45,2,0.0219941369858,0.369824986542,-5.20417042793e-18,0.0142901636738,4.4408920985e-16,2.22044604925e-16,-1.54390389362e-16
2013-05-01,2013-04-30,2013-06-03,2013,"XLV,XLF,XLP",0.0323181738852,0.0278444092063,0.0293356640993,0.00447376467886,0.00298250978591,0.0319709243317,0.0293268544248,0.00264406990684,0.000338439879062,-0.1,1,0.0447902266461,0.0470851132599,0,0.0383499563991,4.4408920985e-16,2.22044604925e-16,1.21430643318e-16
2013-06-03,2013-05-31,2013-07-01,2013,"XLF,XLV,XLY",-0.00384706700795,-0.0194892527456,-0.0142751908331,0.0156421857377,0.0104281238251,-0.00417917333667,-0.0142909609988,0.0101117876621,0.000316336163012,0.383333333333,1,0.0141810564055,0.519975159885,-1.73472347598e-18,-0.0129981446557,4.4408920985e-16,2.22044604925e-16,-2.42861286637e-17
2013-07-01,2013-06-28,2013-08-01,2013,"XLF,XLY,XLV",0.0680613677492,0.0564085314287,0.0602928102022,0.0116528363205,0.00776855754698,0.0680561773116,0.0602866650561,0.00776951225544,-9.54708460093e-07,0.566666666667,2,0.0100579445875,0.546155297804,-8.67361737988e-19,0.0576356860131,0,-2.22044604925e-16,2.91433543964e-16
2013-08-01,2013-07-31,2013-09-03,2013,"XLF,XLY,XLV",-0.043382866333,-0.033218675794,-0.036606739307,-0.010164190539,-0.00677612702599,-0.0433850594786,-0.0366104106164,-0.00677464886213,-1.47816386041e-06,-0.25,0,0.0198776052085,-0.241047415923,-1.73472347598e-18,-0.0367398843595,0,0,-1.99493199737e-17
2013-09-03,2013-08-30,2013-10-01,2013,"XLF,XLV,XLY",0.0402070958788,0.0335774457184,0.0357873291052,0.00662965016044,0.00441976677363,0.0402015802591,0.035778798216,0.0044227820431,-3.01526947867e-06,0.25,1,0.0133266454047,0.234511158809,-1.73472347598e-18,0.0351321905776,0,4.4408920985e-16,-1.2056328158e-16
2013-10-01,2013-09-30,2013-11-01,2013,"XLF,XLY,XLV",0.0350811220499,0.0434386099427,0.0406527806451,-0.00835748789277,-0.00557165859518,0.0350761338836,0.0406470204488,-0.00557088656514,-7.72030034883e-07,-0.3,0,0.00933983632563,-0.421822978235,4.33680868994e-18,0.040569419991,4.4408920985e-16,0,4.33680868994e-18
2013-11-01,2013-10-31,2013-12-02,2013,"XLY,XLI,XLV",0.0309313761146,0.010357130163,0.0172152121469,0.0205742459516,0.0137161639678,0.0305876750391,0.0172118126875,0.0133758623516,0.000340301616163,0.516666666667,1,0.0209516820857,0.462912357767,-1.73472347598e-18,0.0245161615597,-4.4408920985e-16,0,-6.93889390391e-18
2013-12-02,2013-11-29,2014-01-02,2013,"XLY,XLI,XLV",0.0187476395022,0.0166754027342,0.0173661483235,0.002072236768,0.00138149117867,0.0187444345868,0.0173577830182,0.0013866515686,-5.16038993492e-06,0.35,1,0.0148658716292,0.0657117056404,-1.08420217249e-18,0.0187400500102,2.22044604925e-16,0,-2.08166817117e-17
2014-01-02,2013-12-31,2014-02-03,2014,"XLV,XLY,XLI",-0.0471360710616,-0.039810638618,-0.0422524494325,-0.00732543244368,-0.00488362162912,-0.0471414824642,-0.0422584120289,-0.0048830704353,-5.51193823553e-07,-0.133333333333,1,0.0344731205514,-0.10017201563,3.46944695195e-18,-0.047835534051,1.11022302463e-16,1.11022302463e-16,6.67868538251e-17
2014-02-03,2014-01-31,2014-03-03,2014,"XLY,XLI,XLV",0.0736580825118,0.057964338929,0.0631955867899,0.0156937435827,0.0104624957218,0.0736422209073,0.0631804710901,0.0104617498172,7.45904608142e-07,0.4,2,0.0170785553643,0.43318076472,-6.93889390391e-18,0.0620659339706,-2.22044604925e-16,-2.22044604925e-16,9.02056207508e-17
2014-03-03,2014-02-28,2014-04-01,2014,"XLV,XLY,XLI",0.00629046731292,0.0304747330312,0.0224133111251,-0.0241842657183,-0.0161228438122,0.00628717324591,0.0224068314112,-0.0161196581653,-3.18564692313e-06,-0.633333333333,0,0.0152439674359,-0.747874346986,0,0.0221692874516,0,2.22044604925e-16,-3.46944695195e-17
2014-04-01,2014-03-31,2014-05-01,2014,"XLV,XLY,XLI",-0.00996133318076,0.0162679353092,0.00752484581254,-0.02622926849,-0.0174861789933,-0.00996700413292,0.00751873774704,-0.01748574188,-4.37113343515e-07,-0.716666666667,0,0.0261471531644,-0.472884970132,6.93889390391e-18,0.000424980208863,-2.22044604925e-16,0,-2.53269627493e-16
2014-05-01,2014-04-30,2014-06-02,2014,"XLI,XLV,XLB",0.0314061434542,0.0163345869951,0.0213584391481,0.015071556459,0.010047704306,0.0310622590014,0.0213467862397,0.00971547276168,0.000332231544349,0.5,1,0.0151115390676,0.470157263159,-6.93889390391e-18,0.0242656834524,0,0,-6.07153216592e-17
2014-06-02,2014-05-30,2014-07-01,2014,"XLI,XLV,XLB",0.0179422487723,0.0297944158516,0.0258436934918,-0.0118521670793,-0.00790144471956,0.0179393165335,0.0258380606052,-0.00789874407174,-2.700647823e-06,0.1,1,0.0155811365028,-0.358585212406,0,0.0263044445532,2.22044604925e-16,0,-7.4593109467e-17
2014-07-01,2014-06-30,2014-08-01,2014,"XLB,XLI,XLV",-0.0266263182954,-0.0300371912848,-0.0289002336217,0.00341087298938,0.00227391532625,-0.0266310405826,-0.0289059474646,0.00227490688203,-9.91555776164e-07,0.316666666667,2,0.0168644536443,0.0953426052783,0,-0.0229911272327,0,-4.4408920985e-16,1.47451495458e-17
2014-08-01,2014-07-31,2014-09-02,2014,"XLB,XLE,XLK",0.0300263840902,0.0456375853885,0.0404338516224,-0.0156112012983,-0.0104074675322,0.0293398142625,0.0404267893644,-0.011086975102,0.000679507569749,-0.583333333333,0,0.0106102030518,-0.693595667405,5.20417042793e-18,0.0421296962637,2.22044604925e-16,0,3.46944695195e-18
2014-09-02,2014-08-29,2014-10-01,2014,"XLK,XLV,XLB",-0.0202158716537,-0.0308905531404,-0.0273323259782,0.0106746814867,0.00711645432447,-0.0205425208047,-0.0273362421066,0.0067937213019,0.000322733022569,-0.366666666667,1,0.0245281976191,0.205155437386,-1.73472347598e-18,-0.0266758603942,-2.22044604925e-16,-1.11022302463e-16,-8.67361737988e-19
2014-10-01,2014-09-30,2014-11-03,2014,"XLV,XLK,XLB",0.0313201646464,0.0390312856277,0.0364609119673,-0.00771112098133,-0.00514074732088,0.0313150764442,0.0364508153643,-0.00513573892006,-5.00840082899e-06,0,1,0.0331238544044,-0.109741373893,-2.60208521397e-18,0.0381781475704,0,6.66133814775e-16,-2.46330733589e-16
2014-11-03,2014-10-31,2014-12-01,2014,"XLV,XLK,XLB",0.0250805606249,0.00946697317474,0.0146715023248,0.0156135874502,0.0104090583001,0.0250677182528,0.0146592456161,0.0104084726367,5.85663450609e-07,-0.05,1,0.0322306550523,0.228363826234,-3.46944695195e-18,0.0197751427369,-2.22044604925e-16,0,-1.52655665886e-16
2014-12-01,2014-11-28,2015-01-02,2014,"XLU,XLV,XLK",0.00598473670786,0.00828889445838,0.00752084187487,-0.00230415775052,-0.00153610516701,0.00564935256494,0.00751025872002,-0.00186090615508,0.000324800988071,0.0333333333333,1,0.0157369677663,-0.069021580036,1.08420217249e-18,0.00390662365833,0,2.22044604925e-16,-1.36609473733e-17
2015-01-02,2014-12-31,2015-02-02,2015,"XLV,XLU,XLK",0.00490792099329,-0.0192689353894,-0.0112099832618,0.0241768563827,0.0161179042551,0.00489710755779,-0.0112163646234,0.0161134721812,4.43207388748e-06,0.433333333333,2,0.0219246625087,0.519829182902,0,-0.0170864479142,2.22044604925e-16,3.33066907388e-16,-8.32667268469e-17
2015-02-02,2015-01-30,2015-03-02,2015,"XLU,XLV,XLP",-0.00282747359225,0.0579723568449,0.0377057466992,-0.0607998304371,-0.0405332202914,-0.0031599198421,0.0376967806167,-0.0408567004588,0.000323480167374,-0.3,0,0.0497207843016,-0.57644535045,0,0.0498711569607,0,4.4408920985e-16,-2.08166817117e-16
2015-03-02,2015-02-27,2015-04-01,2015,"XLU,XLV,XLP",-0.0074071018153,-0.0294525689032,-0.0221040798739,0.0220454670879,0.0146969780586,-0.00743467893243,-0.0221208497505,0.0146861708181,1.08072405104e-05,0.383333333333,2,0.0189591244289,0.548144134353,-1.73472347598e-18,-0.0253398362643,2.22044604925e-16,3.33066907388e-16,-9.88792381307e-17
2015-04-01,2015-03-31,2015-05-01,2015,"XLV,XLK,XLY",0.023991340128,0.023910230715,0.023937267186,8.11094129705e-05,5.40729419803e-05,0.023307231519,0.0239290828932,-0.00062185137421,0.00067592431619,-0.25,1,0.0220886237794,0.00173099711122,3.02898981938e-18,0.0244046105515,2.22044604925e-16,2.22044604925e-16,2.41777084464e-17
2015-05-01,2015-04-30,2015-06-01,2015,"XLV,XLY,XLK",0.0154996806669,-0.0100410696675,-0.0015274862227,0.0255407503344,0.0170271668896,0.0154938719208,-0.00153678597864,0.0170306578994,-3.49100978184e-06,0.816666666667,2,0.0230983134524,0.521251267841,-3.46944695195e-18,0.00403383645538,0,0,-1.14491749414e-16
2015-06-01,2015-05-29,2015-07-01,2015,"XLV,XLY,XLK",-0.00682348032304,-0.0261373862415,-0.019699417602,0.0193139059185,0.012875937279,-0.00682990936353,-0.0197069222562,0.0128770128927,-1.07561368527e-06,0.6,2,0.0239811643212,0.379658904053,-1.73472347598e-18,-0.0144664307647,1.11022302463e-16,1.11022302463e-16,-1.28369537222e-16
2015-07-01,2015-06-30,2015-08-03,2015,"XLV,XLY,XLK",0.0225033640569,-0.00532924042991,0.00394829439903,0.0278326044868,0.0185550696579,0.022492901067,0.00393696759605,0.018555933471,-8.63813124656e-07,0.383333333333,1,0.0455885590707,0.287800620329,-3.46944695195e-18,0.0110361417617,0,2.22044604925e-16,-3.12250225676e-17
2015-08-03,2015-07-31,2015-09-01,2015,"XLV,XLY,XLP",-0.0897384692385,-0.0758252259401,-0.0804629737063,-0.0139132432984,-0.00927549553226,-0.0900432282843,-0.0804799091261,-0.00956331915821,0.000287823625954,-0.866666666667,0,0.0139286321649,-0.470883695692,6.93889390391e-18,-0.0858955995702,-3.33066907388e-16,0,-2.42861286637e-17
2015-09-01,2015-08-31,2015-10-01,2015,"XLV,XLY,XLP",0.0102082815848,0.000259958691251,0.00357606632243,0.00994832289353,0.00663221526235,0.010203339164,0.00357032101095,0.00663301815301,-8.02890657504e-07,0.466666666667,2,0.0272759693582,0.17193465518,-8.67361737988e-19,0.00708618952206,2.22044604925e-16,2.22044604925e-16,9.54097911787e-17
2015-10-01,2015-09-30,2015-11-02,2015,"XLY,XLV,XLP",0.0799125454176,0.096956402332,0.0912751166939,-0.0170438569143,-0.0113625712762,0.0799011317279,0.0912625162095,-0.0113613844816,-1.18679456881e-06,-0.716666666667,0,0.0325896640359,-0.246536791305,5.20417042793e-18,0.0950393155475,2.22044604925e-16,-2.22044604925e-16,2.94902990916e-17
2015-11-02,2015-10-30,2015-12-01,2015,"XLY,XLP,XLV",-0.00366834657542,0.00116402354851,-0.000446766492799,-0.00483237012393,-0.00322158008262,-0.00367343745387,-0.000458575688791,-0.00321486176508,-6.71831754246e-06,0.0333333333333,0,0.0106563468879,-0.213769422723,-8.67361737988e-19,0.00137835437085,3.33066907388e-16,2.22044604925e-16,1.10154940725e-16
2015-12-01,2015-11-30,2016-01-04,2015,"XLY,XLK,XLV",-0.0382063976484,-0.042508066643,-0.0410741769781,0.00430166899456,0.00286777932971,-0.0385281905921,-0.0410786941796,0.0025505035875,0.000317275742203,0.383333333333,1,0.03595470061,0.0563994742434,2.16840434497e-18,-0.040172656655,1.11022302463e-16,1.11022302463e-16,-3.46944695195e-18
2016-01-04,2015-12-31,2016-02-01,2016,"XLY,XLK,XLV",-0.0363510866294,-0.0295922964085,-0.0318452264821,-0.00675879022095,-0.0045058601473,-0.0363579319436,-0.0318591485043,-0.00449878343926,-7.0767080378e-06,0.15,1,0.0448672661051,-0.0710122220902,1.73472347598e-18,-0.0366630420841,-2.22044604925e-16,3.33066907388e-16,-6.07153216592e-17
2016-02-01,2016-01-29,2016-03-01,2016,"XLY,XLK,XLP",0.0178551373285,0.0349974383634,0.0292833380185,-0.0171423010349,-0.01142820069,0.0175157957258,0.0292643920111,-0.0117485962853,0.00032039559535,0.15,1,0.0306522379915,-0.26363354633,-3.46944695195e-18,0.023031470315,2.22044604925e-16,2.22044604925e-16,-8.32667268469e-17
2016-03-01,2016-02-29,2016-04-01,2016,"XLP,XLU,XLY",0.0604872757169,0.0499898276183,0.0534889769845,0.0104974480986,0.00699829873241,0.0601309115277,0.0534766742085,0.00665423731924,0.000344061413169,-0.0666666666667,1,0.0182221538377,0.271567485081,4.33680868994e-18,0.0498569504986,2.22044604925e-16,2.22044604925e-16,5.20417042793e-18
2016-04-01,2016-03-31,2016-05-02,2016,"XLU,XLP,XLK",-0.028021131373,0.0388735644409,0.0165753325029,-0.0668946958139,-0.0445964638759,-0.028348778167,0.0165690106506,-0.0449177888175,0.000321324941584,-0.95,0,0.041807423527,-0.754279009882,0,0.00507460285584,1.11022302463e-16,2.22044604925e-16,-9.71445146547e-17
2016-05-02,2016-04-29,2016-06-01,2016,"XLU,XLP,XLY",0.0004513678559,0.008092719066,0.00554560199597,-0.0076413512101,-0.00509423414007,0.000117828476718,0.00552989279002,-0.0054120643133,0.000317830173235,0.0666666666667,0,0.0158324184411,-0.227518462754,8.67361737988e-19,0.0110591525002,-2.22044604925e-16,0,-1.95156391047e-16
2016-06-01,2016-05-31,2016-07-01,2016,"XLU,XLP,XLY",0.0370379736072,-0.00060510458356,0.0119425881467,0.0376430781907,0.0250953854605,0.0370329980612,0.0119360630301,0.0250969350311,-1.5495706247e-06,0.333333333333,2,0.0308508012425,0.575191454384,-6.93889390391e-18,0.00352747766889,2.22044604925e-16,0,1.52655665886e-16
2016-07-01,2016-06-30,2016-08-01,2016,"XLU,XLP,XLK",0.0206556203983,0.0247737025451,0.0234010084962,-0.00411808214686,-0.0027453880979,0.0203153451456,0.023388862231,-0.00307351708541,0.000328128987504,-0.15,1,0.0344916168194,-0.0562827353435,4.33680868994e-19,0.0334409785075,-4.4408920985e-16,2.22044604925e-16,-3.79037079501e-16
2016-08-01,2016-07-29,2016-09-01,2016,"XLU,XLP,XLI",-0.0186009140407,0.0085738770791,-0.000484386627499,-0.0271747911198,-0.0181165274132,-0.0189438908303,-0.000498388359743,-0.0184455024705,0.000328975057343,-0.3,0,0.0327104909269,-0.3916272432,3.46944695195e-18,0.00207424279336,1.11022302463e-16,0,1.38777878078e-16
2016-09-01,2016-08-31,2016-10-03,2016,"XLU,XLP,XLK",-0.00426455836459,-0.00217297566943,-0.00287016990115,-0.00209158269516,-0.00139438846344,-0.00461067971603,-0.00288337419086,-0.00172730552517,0.00033291706173,-0.05,1,0.0192755609003,-0.0511518986766,-6.50521303491e-19,-0.00239194865918,3.33066907388e-16,-1.11022302463e-16,6.24500451352e-17
2016-10-03,2016-09-30,2016-11-01,2016,"XLB,XLK,XLI",-0.0226208090632,-0.0175723358074,-0.019255160226,-0.00504847325579,-0.0033656488372,-0.0232722866109,-0.0192622017325,-0.00401008487843,0.000644436041234,0.166666666667,0,0.0247951968374,-0.0959812148895,-8.67361737988e-19,-0.022105955664,-1.11022302463e-16,-1.11022302463e-16,7.2858385991e-17
2016-11-01,2016-10-31,2016-12-01,2016,"XLU,XLK,XLI",0.0176068759948,0.059549020006,0.0455683053356,-0.0419421440112,-0.0279614293408,0.0172654244792,0.0455580821476,-0.0282926576684,0.000331228327611,-0.516666666667,1,0.067275742434,-0.293890718753,1.04083408559e-17,0.0405669446503,0,0,-4.16333634234e-17
2016-12-01,2016-11-30,2017-01-03,2016,"XLU,XLK,XLP",0.0495692363591,0.016806366867,0.0277273233644,0.0327628694921,0.0218419129948,0.0491886488595,0.0276986556301,0.0214899932294,0.000351919765368,0.55,3,0.0185907605461,0.830765624376,-3.46944695195e-18,0.0318694984332,2.22044604925e-16,4.4408920985e-16,-1.49186218934e-16
2017-01-03,2016-12-30,2017-02-01,2017,"XLE,XLI,XLF",-0.0154620825868,0.0223834816714,0.00976829358538,-0.0378455642582,-0.0252303761721,-0.0164461284812,0.00976074337515,-0.0262068718564,0.000976495684239,-0.35,0,0.0269001574206,-0.663214337532,0,0.0105664572807,0,2.22044604925e-16,3.12250225676e-17
2017-02-01,2017-01-31,2017-03-01,2017,"XLF,XLE,XLB",0.0359105485522,0.0549246091823,0.0485865889723,-0.0190140606302,-0.0126760404201,0.035553184264,0.0485758109739,-0.0130226267099,0.000346586289793,-0.283333333333,1,0.0227818190172,-0.393441547968,5.20417042793e-18,0.0534222604015,0,0,1.37043154602e-16
2017-03-01,2017-02-28,2017-04-03,2017,"XLF,XLE,XLB",-0.0370478652869,-0.00502658980643,-0.0157003482999,-0.0320212754805,-0.021347516987,-0.0370619597718,-0.0157095176482,-0.0213524421236,4.92513659251e-06,-0.633333333333,0,0.0208136282226,-0.725244722427,6.93889390391e-18,-0.0142887938858,1.11022302463e-16,0,-6.93889390391e-18
2017-04-03,2017-03-31,2017-05-01,2017,"XLF,XLI,XLK",0.0158396822803,0.00722223769353,0.0100947192224,0.00861744458673,0.00574496305782,0.0151552677156,0.0100862188694,0.00506904884613,0.000675914211688,0.05,2,0.0173647467464,0.233939624642,1.73472347598e-18,0.0142352153744,0,0,1.21430643318e-16
2017-05-01,2017-04-28,2017-06-01,2017,"XLK,XLF,XLI",0.0185384338818,0.0190981892508,0.0189116041278,-0.000559755368943,-0.000373170245962,0.0185331390783,0.0189048407048,-0.000371701626424,-1.46861953807e-06,0.0666666666667,1,0.0229815516566,-0.0114818709981,1.89735380185e-18,0.0196077937381,2.22044604925e-16,-2.22044604925e-16,2.36193443276e-16
2017-06-01,2017-05-31,2017-07-03,2017,"XLK,XLF,XLI",0.0145231974319,-0.00491019003822,0.00156760578516,0.0194333874701,0.0129555916468,0.0145150779441,0.00155887091013,0.012956207034,-6.15387249633e-07,0.0833333333333,1,0.0345229805308,0.265359090288,-1.73472347598e-18,0.000128196575058,4.4408920985e-16,-2.22044604925e-16,3.2786273696e-16
2017-07-03,2017-06-30,2017-08-01,2017,"XLK,XLF,XLI",0.0202307612515,0.0136386860031,0.0158360444192,0.00659207524842,0.00439471683228,0.0202130518212,0.0158207174212,0.00439233440001,2.38243227111e-06,0.35,1,0.0182861699696,0.169939034727,-8.67361737988e-19,0.0210974051369,-2.22044604925e-16,0,-4.33680868994e-18
2017-08-01,2017-07-31,2017-09-01,2017,"XLF,XLI,XLK",0.00312789053102,-0.00164644432745,-5.4999374628e-05,0.00477433485848,0.00318288990565,0.00311576544283,-6.22867504926e-05,0.00317805219332,4.83771232532e-06,-0.0166666666667,1,0.0221990403436,0.101384699574,-8.67361737988e-19,0.00210258562667,2.22044604925e-16,-1.11022302463e-16,3.42607886505e-17
2017-09-01,2017-08-31,2017-10-02,2017,"XLF,XLK,XLI",0.0386555873632,0.0202499721373,0.0263851772126,0.0184056152259,0.0122704101506,0.0386476774928,0.0263753517586,0.0122723257342,-1.91558359741e-06,0.133333333333,2,0.034283544034,0.253080317975,1.73472347598e-18,0.0231284168295,0,2.22044604925e-16,-1.96023752785e-16
2017-10-02,2017-09-29,2017-11-01,2017,"XLF,XLK,XLI",0.0283883501873,0.0100287010805,0.0161485841161,0.0183596491068,0.0122397660712,0.0283790803017,0.0161340351287,0.012245045173,-5.2791018159e-06,0.533333333333,1,0.023512889382,0.368088389668,-1.73472347598e-18,0.0204896672605,0,2.22044604925e-16,1.23165366794e-16
2017-11-01,2017-10-31,2017-12-01,2017,"XLF,XLK,XLI",0.0244653705591,0.028234798586,0.026978322577,-0.00376942802684,-0.0025129520179,0.0244536492233,0.0269684368841,-0.00251478766083,1.83564293011e-06,-0.166666666667,1,0.0177174497948,-0.100292391582,0,0.0270691135435,0,0,-1.69135538908e-16
2017-12-01,2017-11-30,2018-01-02,2017,"XLK,XLU,XLB",0.000451517350235,0.0300297986642,0.0201703715595,-0.0295782813139,-0.0197188542093,-0.000220234738129,0.020163323334,-0.0203835580721,0.00066470386279,-0.366666666667,1,0.0345533520393,-0.403530618759,-3.46944695195e-18,0.0214921888457,-2.22044604925e-16,-2.22044604925e-16,-2.01227923213e-16
2018-01-02,2017-12-29,2018-02-01,2018,"XLK,XLV,XLB",0.0412320553575,0.0325461544674,0.0354414547641,0.00868590089015,0.00579060059343,0.0408849201498,0.035429229781,0.00545569036889,0.000334910224545,0.316666666667,1,0.0326273505097,0.12549511017,-2.60208521397e-18,0.0476616340993,0,6.66133814775e-16,-1.67400815432e-16
2018-02-01,2018-01-31,2018-03-01,2018,"XLK,XLI,XLF",-0.0440686172981,-0.060106508751,-0.0547605449334,0.0160378914529,0.0106919276352,-0.0447057986897,-0.0547727139121,0.0100669152223,0.000625012412898,0.366666666667,1,0.0280029761494,0.26998325087,1.73472347598e-18,-0.0492931944381,1.11022302463e-16,-2.22044604925e-16,4.85722573274e-17
2018-03-01,2018-02-28,2018-04-02,2018,"XLK,XLY,XLI",-0.0378151080493,-0.0229742371602,-0.0279211941232,-0.0148408708891,-0.00989391392608,-0.038139713519,-0.0279315371095,-0.0102081764095,0.000314262483436,-0.583333333333,1,0.0246831077122,-0.283434878264,3.46944695195e-18,-0.0343622939864,-3.33066907388e-16,-1.11022302463e-16,-5.20417042793e-18
2018-04-02,2018-03-29,2018-05-01,2018,"XLK,XLF,XLI",0.0148280779328,0.036812904508,0.0294846289829,-0.0219848265752,-0.0146565510501,0.0144875245048,0.0294747507322,-0.0149872262274,0.00033067517721,-0.1,1,0.0369266366553,-0.280657746686,0,0.0291683262162,2.22044604925e-16,-2.22044604925e-16,2.56739074445e-16
2018-05-01,2018-04-30,2018-06-01,2018,"XLK,XLF,XLI",0.0400589174532,0.0146544028871,0.0231225744092,0.025404514566,0.016936343044,0.0400497656503,0.0231094358496,0.0169403298007,-3.98675669253e-06,0.583333333333,2,0.0282310588562,0.424206653953,0,0.0325308361807,0,-2.22044604925e-16,-3.81639164715e-17
2018-06-01,2018-05-31,2018-07-02,2018,"XLF,XLK,XLE",-0.0159421561616,0.0115488854419,0.00238520490743,-0.0274910416035,-0.018327361069,-0.0162825229933,0.0023734423435,-0.0186559653368,0.000328604267777,-0.433333333333,0,0.0299812830916,-0.432249722387,3.46944695195e-18,-0.00189777669805,-1.11022302463e-16,2.22044604925e-16,-6.24500451352e-17
2018-07-02,2018-06-29,2018-08-01,2018,"XLK,XLE,XLY",0.0163387021714,0.0380343549777,0.0308024707089,-0.0216956528063,-0.0144637685375,0.0159998661313,0.0307887991205,-0.0147889329892,0.000325164451713,-0.233333333333,0,0.0197023294897,-0.519097440724,1.73472347598e-18,0.0331050980622,2.22044604925e-16,0,4.85722573274e-17
2018-08-01,2018-07-31,2018-09-04,2018,"XLK,XLY,XLE",0.0291282197627,0.0165604625533,0.0207497149564,0.0125677572094,0.00837850480627,0.0291266213029,0.0207410059793,0.00838561532362,-7.11051735188e-06,0.25,2,0.0242966651682,0.243839947733,-3.46944695195e-18,0.0318663075196,2.22044604925e-16,2.22044604925e-16,1.99493199737e-16
2018-09-04,2018-08-31,2018-10-01,2018,"XLE,XLY,XLK",0.016562762893,0.00772555844216,0.0106712932591,0.00883720445084,0.00589146963389,0.0165455058366,0.0106617862051,0.00588371963151,7.75000238237e-06,0.233333333333,1,0.0221316760894,0.188232382963,-8.67361737988e-19,0.011182331087,4.4408920985e-16,2.22044604925e-16,-1.82145964978e-17
2018-10-01,2018-09-28,2018-11-01,2018,"XLY,XLK,XLV",-0.0714060019422,-0.0490522825599,-0.056503522354,-0.0223537193823,-0.0149024795882,-0.0717227851888,-0.0565121717626,-0.0152106134262,0.00030813383801,-0.5,0,0.0469824222692,-0.224289082264,5.20417042793e-18,-0.0624553410774,2.22044604925e-16,2.22044604925e-16,-8.67361737988e-17
2018-11-01,2018-10-31,2018-12-03,2018,"XLY,XLK,XLV",0.025247529726,0.025340002198,0.0253091780407,-9.24724720197e-05,-6.16483146798e-05,0.0252435744686,0.0252887004738,-4.51260052083e-05,-1.65223094715e-05,-0.333333333333,1,0.0213733196356,-0.00203954940561,-2.10064170919e-18,0.0211691406433,2.22044604925e-16,0,-8.64651232557e-18
2018-12-03,2018-11-30,2019-01-02,2018,"XLY,XLK,XLV",-0.0985188045442,-0.0982903239245,-0.0983664841311,-0.000228480619717,-0.000152320413145,-0.0985296437236,-0.0983736679415,-0.000155975782173,3.65536902825e-06,0.05,1,0.017075239935,-0.00630777649144,9.40545384631e-18,-0.0990297045823,-1.11022302463e-16,-1.11022302463e-16,-6.90636783873e-17
2019-01-02,2018-12-31,2019-02-01,2019,"XLV,XLY,XLU",0.062818873864,0.0812375252683,0.0750979748002,-0.0184186514042,-0.0122791009362,0.0624629154424,0.0750897081753,-0.0126267927329,0.000347691796739,-0.3,0,0.0215919230702,-0.402124234631,1.73472347598e-18,0.0794627605176,0,0,5.20417042793e-18
2019-02-01,2019-01-31,2019-03-01,2019,"XLU,XLV,XLY",0.0360052484604,0.0380524019819,0.0373700174747,-0.00204715352145,-0.0013647690143,0.0360007046445,0.037361536699,-0.00136083205453,-3.93695977628e-06,0.333333333333,1,0.0175382843412,-0.0550246196261,-1.51788304148e-18,0.0383618391152,0,-2.22044604925e-16,2.05564731903e-16
2019-03-01,2019-02-28,2019-04-01,2019,"XLU,XLV,XLY",0.0168395051812,0.0227338351441,0.0207690584898,-0.00589432996292,-0.00392955330861,0.0168356561703,0.0207615973179,-0.00392594114755,-3.61216105885e-06,0.2,1,0.0201809144691,-0.13768522709,-1.73472347598e-18,0.0237818676423,0,2.22044604925e-16,-8.93382590128e-17
2019-04-01,2019-03-29,2019-05-01,2019,"XLU,XLV,XLY",0.00200603098882,0.0169359729279,0.0119593256149,-0.0149299419391,-0.00995329462605,0.0019979617437,0.0119508547479,-0.00995289300418,-4.01621871452e-07,-0.133333333333,1,0.0286835828095,-0.245368306044,0,0.0209213817999,0,2.22044604925e-16,2.25514051877e-17
2019-05-01,2019-04-30,2019-06-03,2019,"XLU,XLK,XLP",-0.0333614592363,-0.0548841410053,-0.047709913749,0.021522681769,0.0143484545127,-0.0340057775437,-0.0477207608393,0.0137149832956,0.000633471217112,0.383333333333,2,0.0346366284508,0.292923703584,-1.73472347598e-18,-0.0590793348868,0,2.22044604925e-16,8.67361737988e-17
2019-06-03,2019-05-31,2019-07-01,2019,"XLP,XLU,XLY",0.0537831017749,0.0852276559774,0.0747461379099,-0.0314445542025,-0.020963036135,0.0534317821877,0.0747288838714,-0.0212971016837,0.000334065548654,-0.366666666667,1,0.0287429504479,-0.515712714747,3.46944695195e-18,0.0820485170122,0,2.22044604925e-16,-2.18575157973e-16
2019-07-01,2019-06-28,2019-08-01,2019,"XLU,XLP,XLV",0.00178749408536,-0.0129640820709,-0.00804689001884,0.0147515761563,0.0098343841042,0.00144009091946,-0.00805667353862,0.00949676445808,0.000337619646119,0.666666666667,2,0.0168270580045,0.413260576329,-1.73472347598e-18,-0.00277341582374,2.22044604925e-16,4.4408920985e-16,-2.60208521397e-17
2019-08-01,2019-07-31,2019-09-03,2019,"XLU,XLK,XLP",0.0225056785862,-0.0276474494406,-0.0109297400983,0.0501531280269,0.0334354186846,0.0221647865447,-0.0109367063454,0.0331014928901,0.000333925794458,0.816666666667,2,0.0350274581188,0.674967940965,0,-0.013906104946,-2.22044604925e-16,-2.22044604925e-16,-2.77555756156e-17
2019-09-03,2019-08-30,2019-10-01,2019,"XLU,XLP,XLK",0.0165710420009,0.0154425208295,0.0158186945533,0.00112852117139,0.000752347447593,0.0165561581022,0.0158046846581,0.000751473444092,8.74003501035e-07,0.0833333333333,1,0.0102646650827,0.0518273102645,1.08420217249e-19,0.0132562235898,2.22044604925e-16,2.22044604925e-16,1.71303943253e-17
2019-10-01,2019-09-30,2019-11-01,2019,"XLU,XLP,XLK",0.0172522808883,0.0439825285117,0.0350724459705,-0.0267302476234,-0.0178201650823,0.0172497703562,0.0350684521162,-0.01781868176,-1.48332224338e-06,-0.6,1,0.0267168347737,-0.47164118348,3.46944695195e-18,0.0439918691023,-2.22044604925e-16,-2.22044604925e-16,7.6327832943e-17
2019-11-01,2019-10-31,2019-12-02,2019,"XLU,XLK,XLY",0.000662299751416,0.0159438278372,0.0108499851419,-0.0152815280858,-0.0101876853905,0.000320607340082,0.0108382243875,-0.0105176170474,0.000329931656911,-0.316666666667,1,0.0191927914471,-0.375337868078,0,0.0179656327358,0,-2.22044604925e-16,3.12250225676e-17
2019-12-02,2019-11-29,2020-01-02,2019,"XLK,XLU,XLY",0.0511038686096,0.0381613705874,0.0424755365948,0.0129424980222,0.00862833201477,0.0510948801765,0.0424672828577,0.00862759731888,7.34695889616e-07,-0.0833333333333,2,0.019595502394,0.311354715755,-3.46944695195e-18,0.0475777149865,0,-2.22044604925e-16,2.81025203108e-16
2020-01-02,2019-12-31,2020-02-03,2020,"XLK,XLI,XLF",-0.00608816400584,-0.0150608447756,-0.0120699511857,0.00897268076976,0.00598178717984,-0.00675066148025,-0.0120772413809,0.00532657990069,0.00065520727915,0.4,1,0.0544242875246,0.0777182848111,-2.60208521397e-18,-0.00230840849987,4.4408920985e-16,3.33066907388e-16,-5.72458747072e-17
2020-02-03,2020-01-31,2020-03-02,2020,"XLK,XLU,XLP",-0.0379442050675,-0.0657820449678,-0.0565027650011,0.0278378399004,0.0185585599336,-0.0385854687201,-0.0565210900527,0.0179356213326,0.000622938601012,0.4,2,0.0233814297521,0.561252400612,0,-0.0463717084676,3.33066907388e-16,1.11022302463e-16,9.02056207508e-17
2020-03-02,2020-02-28,2020-04-01,2020,"XLK,XLU,XLP",-0.16547223996,-0.24797668979,-0.220475206513,0.0825044498295,0.055002966553,-0.165475308552,-0.220483201406,0.0550078928544,-4.92630140196e-06,0.5,2,0.0831746553757,0.467606032863,6.93889390391e-18,-0.198947133302,-1.11022302463e-16,-1.11022302463e-16,6.93889390391e-18
2020-04-01,2020-03-31,2020-05-01,2020,"XLK,XLU,XLP",0.103484215808,0.176379580974,0.152081125919,-0.0728953651659,-0.0485969101106,0.103463473508,0.152034648082,-0.0485711745747,-2.57355358794e-05,-0.6,0,0.0659413322756,-0.521117840633,3.46944695195e-17,0.148852056974,2.22044604925e-16,0,2.77555756156e-17
2020-05-01,2020-04-30,2020-06-01,2020,"XLK,XLV,XLU",0.0750325955423,0.0856624133051,0.0821191407175,-0.0106298177628,-0.0070865451752,0.0746644018219,0.082095150268,-0.00743074844611,0.00034420327091,-0.1,1,0.0260866328907,-0.192088575386,2.60208521397e-18,0.0804841808098,-4.4408920985e-16,2.22044604925e-16,7.1991024253e-17
2020-06-01,2020-05-29,2020-07-01,2020,"XLK,XLV,XLP",0.0187368515365,-0.00855701463447,0.000540940755861,0.027293866171,0.0181959107807,0.0183870616978,0.000531018815116,0.0178560428827,0.000339867897937,0.583333333333,1,0.0353674719454,0.3637933727,-3.46944695195e-18,0.0207375559103,6.66133814775e-16,-2.22044604925e-16,1.35308431126e-16
2020-07-01,2020-06-30,2020-08-03,2020,"XLK,XLV,XLY",0.0660685978795,0.0421897852501,0.0501493894599,0.0238788126294,0.0159192084196,0.0657042944079,0.0501341541064,0.0155701403016,0.00034906811806,0.716666666667,1,0.02711460066,0.41514829467,-6.93889390391e-18,0.0588369842131,-4.4408920985e-16,2.22044604925e-16,-6.24500451352e-17
2020-08-03,2020-07-31,2020-09-01,2020,"XLK,XLV,XLY",0.0761366893161,0.0359146870597,0.0493220211452,0.0402220022564,0.0268146681709,0.0761316257919,0.0493132206785,0.0268184051135,-3.73694252365e-06,0.516666666667,2,0.050366912532,0.376454159005,-3.46944695195e-18,0.0724169357674,6.66133814775e-16,2.22044604925e-16,8.32667268469e-17
2020-09-01,2020-08-31,2020-10-01,2020,"XLK,XLV,XLY",-0.0312466579313,-0.0379616908294,-0.03572334653,0.00671503289809,0.00447668859872,-0.0312676222957,-0.0357433193385,0.00447569704277,9.9155595352e-07,0.2,1,0.0518130260592,0.0610946147365,2.60208521397e-18,-0.040302596166,-2.22044604925e-16,3.33066907388e-16,-2.08166817117e-17
2020-10-01,2020-09-30,2020-11-02,2020,"XLK,XLY,XLV",-0.0353524755672,0.0218644019828,0.00279210946614,-0.05721687755,-0.0381445850334,-0.0353624539369,0.0027740158368,-0.0381364697737,-8.11525964852e-06,-0.683333333333,0,0.0355098322975,-0.759572574622,0,-0.0202944891158,-3.33066907388e-16,0,-6.24500451352e-17
2020-11-02,2020-10-30,2020-12-01,2020,"XLK,XLY,XLV",0.0982713914722,0.115690019523,0.109883810173,-0.0174186280509,-0.0116124187006,0.0982629559104,0.109867084712,-0.0116041288019,-8.28989867513e-06,-0.333333333333,0,0.0656348941603,-0.125104490747,5.20417042793e-18,0.108479543796,6.66133814775e-16,2.22044604925e-16,-8.32667268469e-17
2020-12-01,2020-11-30,2021-01-04,2020,"XLK,XLY,XLB",0.0124069044764,0.00968741498202,0.0105939114801,0.00271948949439,0.00181299299626,0.012069379254,0.0105715930122,0.00149778624188,0.000315206754377,-0.133333333333,1,0.0209532098859,0.0611829714338,-1.08420217249e-18,0.0118628238612,0,0,5.33427468863e-17
2021-01-04,2020-12-31,2021-02-01,2021,"XLK,XLY,XLB",0.02425151138,0.00809292153194,0.013479118148,0.016158589848,0.010772393232,0.0242472346123,0.0134699855547,0.0107772490576,-4.85582560178e-06,0.0166666666667,2,0.0253350011602,0.300660428464,0,0.0201741614246,0,0,5.55111512313e-17
2021-02-01,2021-01-29,2021-03-01,2021,"XLK,XLY,XLB",0.0226998718294,0.0680604695033,0.0529402702786,-0.0453605976739,-0.0302403984493,0.0226907311278,0.0529292059795,-0.0302384748517,-1.92359754472e-06,-0.266666666667,0,0.0865676058109,-0.247011461261,0,0.0354834297108,2.22044604925e-16,0,1.00613961607e-16
2021-03-01,2021-02-26,2021-04-01,2021,"XLK,XLY,XLB",0.0312767975483,0.0513115418963,0.0446332937803,-0.020034744348,-0.013356496232,0.0312658992458,0.0445989160788,-0.013333016833,-2.34793990167e-05,-0.566666666667,0,0.0234652856452,-0.402486856599,0,0.0316805981507,4.4408920985e-16,0,-7.2858385991e-17
2021-04-01,2021-03-31,2021-05-03,2021,"XLE,XLB,XLY",0.0400205552419,0.0428052510286,0.0418770190997,-0.00278469578665,-0.00185646385777,0.0396731257302,0.0418664059899,-0.00219328025962,0.000336816401852,-0.0333333333333,1,0.0156089782241,-0.0841001995136,-4.33680868994e-18,0.0439081009288,2.22044604925e-16,2.22044604925e-16,-1.69135538908e-17
2021-05-03,2021-04-30,2021-06-01,2021,"XLI,XLB,XLF",0.0411478972129,-0.00113291053233,0.0129606920494,0.0422808077452,0.0281872051635,0.0404539142786,0.0129545666,0.0274993476786,0.000687857484887,0.433333333333,2,0.0345249114513,0.577303838763,-1.04083408559e-17,0.00351520319098,-4.4408920985e-16,4.4408920985e-16,-5.55111512313e-17
2021-06-01,2021-05-28,2021-07-01,2021,"XLF,XLI,XLB",-0.0362833670974,0.0297569634096,0.00774351990731,-0.066040330507,-0.0440268870047,-0.0362884236598,0.00772804806363,-0.0440164717234,-1.04152812674e-05,-0.5,0,0.0406074340828,-0.766650517539,0,0.0289944654435,0,0,1.04083408559e-16
2021-07-01,2021-06-30,2021-08-02,2021,"XLF,XLB,XLI",-0.00464100570876,0.00628873203601,0.00264548612109,-0.0109297377448,-0.00728649182985,-0.00464937423389,0.00262802809253,-0.00727740232642,-9.08950342642e-06,-0.8,0,0.0424257013546,-0.121443550005,1.73472347598e-18,0.0166343870668,-3.33066907388e-16,0,1.11022302463e-16
2021-08-02,2021-07-30,2021-09-01,2021,"XLE,XLF,XLI",0.0107531461238,0.028319111175,0.0224637894913,-0.0175659650512,-0.0117106433675,0.0104137369653,0.0224490120752,-0.0120352751099,0.000324631742392,-0.266666666667,1,0.0208871747334,-0.396447841457,1.73472347598e-18,0.0324733841122,-4.4408920985e-16,0,-1.49186218934e-16
2021-09-01,2021-08-31,2021-10-01,2021,"XLF,XLE,XLB",0.0305130890716,-0.0458297551411,-0.0203821404036,0.0763428442127,0.0508952294751,0.0301567688464,-0.0203894017394,0.0505461705858,0.000349058889336,0.45,2,0.0615313393101,0.584878572374,-1.38777878078e-17,-0.0357877530249,-2.22044604925e-16,2.22044604925e-16,-1.11022302463e-16
2021-10-01,2021-09-30,2021-11-01,2021,"XLE,XLF,XLI",0.0660349122675,0.0655817843729,0.0657328270045,0.00045312789452,0.000302085263013,0.0656703272467,0.06570945684,-3.91295933033e-05,0.000341214856317,0.466666666667,1,0.0270967640693,0.0078831013706,1.08420217249e-18,0.059414523607,4.4408920985e-16,2.22044604925e-16,-4.13081027717e-17
2021-11-01,2021-10-29,2021-12-01,2021,"XLE,XLF,XLK",-0.037466428101,-0.02652977922,-0.030175328847,-0.010936648881,-0.00729109925397,-0.037790289397,-0.0301841543537,-0.00760613504326,0.000315035789295,-0.483333333333,1,0.0304258193548,-0.169447720197,-8.67361737988e-19,-0.0207374775379,-2.22044604925e-16,0,8.23993651089e-17
2021-12-01,2021-11-30,2022-01-03,2021,"XLE,XLF,XLK",0.0626484721492,0.0761080662212,0.0716215348639,-0.0134595940721,-0.0089730627147,0.0626230065059,0.0716084957847,-0.00898548927884,1.2426564138e-05,-0.583333333333,0,0.0174545790436,-0.363509969374,1.73472347598e-18,0.064125018469,2.22044604925e-16,4.4408920985e-16,-1.45716771982e-16
2022-01-03,2021-12-31,2022-02-01,2022,"XLE,XLK,XLF",0.0400262986163,-0.048492900069,-0.0189865005072,0.0885191986854,0.0590127991236,0.0400228727781,-0.0189928545301,0.0590157273082,-2.92818465199e-06,0.0166666666667,2,0.0816814314569,0.510867031745,0,-0.0518305895017,2.22044604925e-16,1.11022302463e-16,9.71445146547e-17
2022-02-01,2022-01-31,2022-03-01,2022,"XLE,XLF,XLK",-0.0296988285132,-0.0331145422274,-0.0319759709893,0.00341571371412,0.00227714247608,-0.0297464288013,-0.0320018724543,0.00225544365304,2.16988230364e-05,-0.35,1,0.0334982330185,0.0480676961581,-2.16840434497e-18,-0.0507120958562,0,0,5.89805981832e-17
2022-03-01,2022-02-28,2022-04-01,2022,"XLE,XLK,XLP",0.0589233876443,0.0726221671549,0.068055907318,-0.0136987795106,-0.0091325196737,0.0585557404533,0.0680410872165,-0.00948534676316,0.000352827089455,-0.0833333333333,1,0.0305598827429,-0.211311890327,3.46944695195e-18,0.0566236297972,0,-2.22044604925e-16,1.23165366794e-16
2022-04-01,2022-03-31,2022-05-02,2022,"XLE,XLK,XLF",-0.0666628028964,-0.0585950493547,-0.0612843005353,-0.00806775354172,-0.00537850236115,-0.0669760697007,-0.061295729148,-0.00568034055266,0.000301838191518,0.216666666667,1,0.0351727446209,-0.108128482244,4.33680868994e-18,-0.0848715416568,-1.11022302463e-16,3.33066907388e-16,3.38271077815e-17
2022-05-02,2022-04-29,2022-06-01,2022,"XLE,XLU,XLK",0.0627421103195,-0.0176391578667,0.00915459819538,0.0803812681862,0.0535875121241,0.0623775604868,0.00913956640426,0.0532379940825,0.000349518041605,0.566666666667,2,0.0632261387181,0.599310569618,6.93889390391e-18,-0.0117976496511,0,-2.22044604925e-16,1.5959455979e-16
2022-06-01,2022-05-31,2022-07-01,2022,"XLE,XLU,XLP",-0.0640652270035,-0.0726906911158,-0.0698155364117,0.00862546411226,0.00575030940817,-0.0643802544542,-0.0698356504435,0.00545539598937,0.000294913418799,0.0333333333333,2,0.0540445967287,0.0752356946404,-2.60208521397e-18,-0.0651949388229,2.22044604925e-16,1.11022302463e-16,5.20417042793e-18
2022-07-01,2022-06-30,2022-08-01,2022,"XLE,XLU,XLP",0.0395100848169,0.0821059824697,0.0679073499188,-0.0425958976528,-0.0283972651019,0.0394701876053,0.0678820632261,-0.0284118756208,1.46105189496e-05,-0.666666666667,0,0.0484203046366,-0.414699966705,6.93889390391e-18,0.0774577962727,-2.22044604925e-16,-2.22044604925e-16,1.73472347598e-17
2022-08-01,2022-07-29,2022-09-01,2022,"XLE,XLU,XLP",0.00528168154719,-0.0361476987962,-0.0223379053484,0.0414293803434,0.0276195868956,0.00527567613613,-0.0223563418112,0.0276320179474,-1.24310517415e-05,0.8,2,0.0269219167407,0.725431156167,-3.46944695195e-18,-0.0349343684676,0,-3.33066907388e-16,1.14491749414e-16
2022-09-01,2022-08-31,2022-10-03,2022,"XLE,XLU,XLP",-0.0636184095763,-0.0638328880616,-0.0637613952331,0.000214478485311,0.000142985656874,-0.0636278728393,-0.0637719992333,0.00014412639398,-1.14073710636e-06,0.35,1,0.0273461180829,0.00369727532375,8.34835672814e-18,-0.0713991227456,-1.11022302463e-16,2.22044604925e-16,-1.00830802041e-16
2022-10-03,2022-09-30,2022-11-01,2022,"XLE,XLU,XLP",0.0855561652031,0.0608104919778,0.0690590497196,0.0247456732252,0.0164971154835,0.0855394598294,0.0690453916233,0.0164940682061,3.04727733174e-06,0.2,1,0.0569301087113,0.204904267574,0,0.04885303916,-2.22044604925e-16,2.22044604925e-16,-6.24500451352e-17
2022-11-01,2022-10-31,2022-12-01,2022,"XLE,XLU,XLP",0.0413614779383,0.0671715960176,0.0585682233245,-0.0258101180793,-0.0172067453862,0.0413267294726,0.0585473321025,-0.0172206026299,1.38572437182e-05,-0.166666666667,0,0.0309210527582,-0.393486161026,3.46944695195e-18,0.0594507574713,0,4.4408920985e-16,-1.00613961607e-16
2022-12-01,2022-11-30,2023-01-03,2022,"XLE,XLP,XLU",-0.0306836558183,-0.0607241375058,-0.0507106436099,0.0300404816874,0.0200269877916,-0.0306965595837,-0.0507207291951,0.0200241696114,2.81818022462e-06,0.6,2,0.0342578650676,0.413371319148,-6.93889390391e-18,-0.0609044642986,2.22044604925e-16,1.11022302463e-16,-4.51028103754e-17
2023-01-03,2022-12-30,2023-02-01,2023,"XLE,XLP,XLU",0.00902003778499,0.0840004391423,0.0590069720232,-0.0749804013573,-0.0499869342382,0.00900936808272,0.0589912201251,-0.0499818520424,-5.08219576074e-06,-0.783333333333,0,0.0631305085791,-0.559889361992,6.93889390391e-18,0.0787247129504,-2.22044604925e-16,2.22044604925e-16,-1.73472347598e-16
2023-02-01,2023-01-31,2023-03-01,2023,"XLE,XLV,XLU",-0.0535813079582,-0.0310133900805,-0.0385360293731,-0.0225679178777,-0.0150452785851,-0.0539052678797,-0.0385598811309,-0.0153453867488,0.000300108163698,-0.316666666667,0,0.0179081738483,-0.594064956176,3.46944695195e-18,-0.0390943532482,-2.22044604925e-16,3.33066907388e-16,-1.99493199737e-16
2023-03-01,2023-02-28,2023-04-03,2023,"XLE,XLU,XLV",0.0398741290808,0.0177254450335,0.025108339716,0.0221486840473,0.0147657893648,0.0398658107998,0.0251006745513,0.0147651362485,6.53116367576e-07,-0.0333333333333,1,0.0532873071046,0.195937651136,-1.73472347598e-18,0.0450382335865,-2.22044604925e-16,-2.22044604925e-16,7.1123662515e-17
2023-04-03,2023-03-31,2023-05-01,2023,"XLE,XLI,XLP",-0.0013226925048,0.0101712976962,0.00633996762919,-0.011493990201,-0.00766266013399,-0.00199286608291,0.00632103553886,-0.00831390162177,0.000651241487783,-0.0666666666667,1,0.0206884730693,-0.261900379237,-1.73472347598e-18,0.0110961608326,-1.11022302463e-16,-2.22044604925e-16,5.20417042793e-17
2023-05-01,2023-04-28,2023-06-01,2023,"XLE,XLI,XLK",-0.00118283678169,-0.0348868742808,-0.0236521951144,0.0337040374991,0.0224693583327,-0.00152669882796,-0.0236615416086,0.0221348427806,0.000334515552117,-0.2,2,0.0559515190225,0.283964330613,-6.93889390391e-18,0.015186206503,-2.22044604925e-16,3.33066907388e-16,-1.38777878078e-17
2023-06-01,2023-05-31,2023-07-03,2023,"XLK,XLI,XLP",0.0610260682671,0.0666585431135,0.064781051498,-0.00563247484637,-0.00375498323091,0.0606642434026,0.0647574643284,-0.00409322092586,0.000338237694943,-0.183333333333,1,0.0322617446195,-0.0823010081176,-4.33680868994e-18,0.0559918429166,0,0,1.60461921528e-16
2023-07-03,2023-06-30,2023-08-01,2023,"XLK,XLI,XLY",0.0203289596818,0.0274713050381,0.0250905232526,-0.00714234535626,-0.00476156357084,0.0199846117941,0.0250769961415,-0.00509238434735,0.000330820776507,0.366666666667,1,0.0207695896641,-0.16210883048,1.73472347598e-18,0.0285946207646,4.4408920985e-16,0,6.67868538251e-17
2023-08-01,2023-07-31,2023-09-01,2023,"XLK,XLI,XLB",-0.0163773463108,-0.0140426266617,-0.0148208665448,-0.00233471964909,-0.00155647976606,-0.0167052751835,-0.014828810748,-0.00187646443551,0.000319984669447,0.333333333333,0,0.0255314677311,-0.0431074863753,8.67361737988e-19,-0.0115886456539,3.33066907388e-16,-1.11022302463e-16,-2.38524477947e-18
2023-09-01,2023-08-31,2023-10-02,2023,"XLK,XLI,XLB",-0.06733377113,-0.0480696151321,-0.0544910004647,-0.0192641559979,-0.0128427706652,-0.0673346127976,-0.0544991463705,-0.0128354664271,-7.30423817237e-06,-0.133333333333,0,0.022028612524,-0.41224612838,6.93889390391e-18,-0.0495861678515,-1.11022302463e-16,-1.11022302463e-16,-1.00613961607e-16
2023-10-02,2023-09-29,2023-11-01,2023,"XLK,XLI,XLE",-0.0162258024677,-0.00584680062519,-0.00930646790603,-0.0103790018425,-0.00691933456168,-0.0165558540008,-0.00931575156759,-0.00724010243323,0.000320767871558,-0.233333333333,1,0.0334681937743,-0.146189795089,0,-0.0108820232045,1.11022302463e-16,1.11022302463e-16,-6.93889390391e-18
2023-11-01,2023-10-31,2023-12-01,2023,"XLK,XLY,XLI",0.10770834523,0.0602402567702,0.0760629529233,0.0474680884594,0.0316453923063,0.107338867563,0.0760504936701,0.0312883738927,0.000357018413618,0.633333333333,2,0.0367617156072,0.608694973113,0,0.0862159814924,-2.22044604925e-16,0,1.38777878078e-17
2023-12-01,2023-11-30,2024-01-02,2023,"XLK,XLY,XLI",0.0309684318222,0.0332926916511,0.0325179383748,-0.00232425982892,-0.00154950655261,0.0309666436969,0.0325020934129,-0.00153544971598,-1.40568366375e-05,-0.183333333333,1,0.0159049893756,-0.068888231546,3.46944695195e-18,0.0336882552637,2.22044604925e-16,-4.4408920985e-16,1.80844922371e-16
2024-01-02,2023-12-29,2024-02-01,2024,"XLK,XLY,XLI",0.0229258023462,0.00198153208474,0.00896295550522,0.0209442702615,0.013962846841,0.0229196108826,0.00895654415854,0.013963066724,-2.19883044551e-07,0.283333333333,1,0.0291977390827,0.338150281361,0,0.0350154920788,2.22044604925e-16,0,1.35308431126e-16
2024-02-01,2024-01-31,2024-03-01,2024,"XLK,XLY,XLI",0.0578003113154,0.0250883917418,0.035992364933,0.0327119195735,0.0218079463824,0.0577848062203,0.0359792637432,0.021805542477,2.40390532635e-06,0.766666666667,3,0.0250596890184,0.615352678934,-6.93889390391e-18,0.0483440853897,0,0,6.93889390391e-18
2024-03-01,2024-02-29,2024-04-01,2024,"XLK,XLY,XLI",0.00431484522809,0.0494143207704,0.0343811622563,-0.0450994755423,-0.0300663170282,0.00431329570286,0.0343708917421,-0.0300575960393,-8.72098894935e-06,-0.85,0,0.0346122547868,-0.614236107613,3.46944695195e-18,0.0213169404109,4.4408920985e-16,4.4408920985e-16,-3.08780778724e-16
2024-04-01,2024-03-28,2024-05-01,2024,"XLK,XLF,XLY",-0.050071228538,-0.0193986484312,-0.0296228418001,-0.0306725801068,-0.0204483867379,-0.0503963536139,-0.0296363546377,-0.0207599989762,0.000311612238306,-0.766666666667,0,0.0270765704153,-0.534011239418,-3.46944695195e-18,-0.0417686958255,2.22044604925e-16,-1.11022302463e-16,1.35308431126e-16
2024-05-01,2024-04-30,2024-06-03,2024,"XLK,XLF,XLI",0.0387614888621,0.0233599582779,0.028493801806,0.0154015305841,0.0102676870561,0.0384080812587,0.0284838834565,0.00992419780227,0.000343489253815,-0.133333333333,1,0.0283577691651,0.256026879343,-5.20417042793e-18,0.0548615218841,4.4408920985e-16,2.22044604925e-16,-5.03069808033e-17
2024-06-03,2024-05-31,2024-07-01,2024,"XLF,XLI,XLE",0.00136712522075,0.00533836625196,0.00401461924156,-0.00397124103121,-0.00264749402081,0.00101878815086,0.00400427371593,-0.00298548556507,0.000337991544259,0.25,1,0.0383710392088,-0.0487883834753,-1.73472347598e-18,0.0365655126894,-4.4408920985e-16,0,-1.16660153759e-16
2024-07-01,2024-06-28,2024-08-01,2024,"XLF,XLK,XLE",-0.0114464139048,0.0444824401423,0.0258394887932,-0.055928854047,-0.037285902698,-0.0117764607514,0.0258248616904,-0.0376013224418,0.000315419743757,-0.0666666666667,1,0.0455554892369,-0.578747261463,6.93889390391e-18,-0.00427261929825,2.22044604925e-16,2.22044604925e-16,6.93889390391e-18
2024-08-01,2024-07-31,2024-09-03,2024,"XLK,XLF,XLI",0.0250729137634,0.0196023967477,0.0214259024196,0.00547051701575,0.00364701134383,0.0247090062242,0.0214082900285,0.00330071619572,0.00034629514811,-0.25,1,0.0241855960806,0.106626541008,-1.73472347598e-18,0.0167033416257,4.4408920985e-16,-2.22044604925e-16,9.75781955237e-17
2024-09-03,2024-08-30,2024-10-01,2024,"XLF,XLK,XLI",0.0346030718855,0.0343268350879,0.0344189140204,0.000276236797552,0.000184157865035,0.0345937196638,0.0344083696687,0.000185349995055,-1.19213002091e-06,0,1,0.0348306441184,0.00373864102921,0,0.033118449286,-2.22044604925e-16,6.66133814775e-16,-3.71691609782e-16
2024-10-01,2024-09-30,2024-11-01,2024,"XLF,XLK,XLU",0.00355024753958,-0.0210339466577,-0.0128392152586,0.0245841941973,0.0163894627982,0.00320348588808,-0.0128543742544,0.0160578601424,0.000331602655757,0.283333333333,2,0.0244246387778,0.47448399913,-3.46944695195e-18,0.00425592711015,0,-3.33066907388e-16,6.24500451352e-17
2024-11-01,2024-10-31,2024-12-02,2024,"XLF,XLI,XLU",0.0650176215866,0.0497211210752,0.054819954579,0.0152965005114,0.0101976670076,0.0646470856565,0.0548087806844,0.00983830497217,0.00035936203546,0.4,1,0.0357817201755,0.201522997162,-5.20417042793e-18,0.0570713948211,2.22044604925e-16,2.22044604925e-16,-1.47451495458e-16
2024-12-02,2024-11-29,2025-01-02,2024,"XLF,XLU,XLI",-0.0588648735053,-0.0548400882818,-0.0561816833563,-0.00402478522347,-0.00268319014898,-0.0588726405911,-0.0561947601442,-0.00267788044685,-5.30970213048e-06,0.383333333333,1,0.0304930339196,-0.0622208322912,0,-0.0281998471054,1.11022302463e-16,0,1.04950770297e-16
2025-01-02,2024-12-31,2025-02-03,2025,"XLF,XLU,XLI",0.0443801784741,0.0308900390957,0.0353867522218,0.0134901393784,0.00899342625228,0.0443735631622,0.0353739509268,0.00899961223545,-6.18598317655e-06,-0.183333333333,1,0.028000281914,0.227116023639,1.73472347598e-18,0.0224582475888,0,-2.22044604925e-16,8.67361737988e-18
2025-02-03,2025-01-31,2025-03-03,2025,"XLY,XLU,XLF",-0.0174028417775,-0.0027125160183,-0.00760929127135,-0.0146903257592,-0.00979355050611,-0.0177358897851,-0.00762042516375,-0.0101154646213,0.000321914115221,-0.316666666667,1,0.0346173712289,-0.200046558387,-1.73472347598e-18,-0.02342052427,1.11022302463e-16,1.11022302463e-16,6.24500451352e-17
2025-03-03,2025-02-28,2025-04-01,2025,"XLF,XLU,XLY",-0.0292048386237,-0.00687675827676,-0.0143194517257,-0.022328080347,-0.014885386898,-0.0292237203637,-0.0143331627336,-0.0148905576302,5.17073218889e-06,-0.166666666667,1,0.0378978211483,-0.277735175723,1.73472347598e-18,-0.0361657264067,-3.33066907388e-16,0,-1.23165366794e-16
2025-04-01,2025-03-31,2025-05-01,2025,"XLF,XLU,XLY",-0.00831753214279,-0.0333682372454,-0.0250180022112,0.0250507051026,0.0167004700684,-0.00832868107774,-0.0250314229367,0.0167027418589,-2.27179052357e-06,0.433333333333,1,0.0452355727007,0.261055955067,3.46944695195e-18,-0.00445649330575,0,1.11022302463e-16,5.89805981832e-17
2025-05-01,2025-04-30,2025-06-02,2025,"XLF,XLU,XLY",0.0549004347372,0.0379083568555,0.0435723828161,0.0169920778817,0.0113280519211,0.0548962560337,0.0435552154953,0.0113410405383,-1.29886172125e-05,0.233333333333,1,0.0354107475785,0.226206529905,0,0.0613104085316,2.22044604925e-16,2.22044604925e-16,1.14491749414e-16
2025-06-02,2025-05-30,2025-07-01,2025,"XLF,XLY,XLU",0.0203802713941,0.0393948439565,0.0330566531024,-0.0190145725624,-0.0126763817082,0.0203720467056,0.0330429970475,-0.0126709503419,-5.43136634102e-06,-0.6,0,0.0230087077566,-0.389572311562,5.20417042793e-18,0.0451586070215,0,2.22044604925e-16,-3.12250225676e-17
2025-07-01,2025-06-30,2025-08-01,2025,"XLF,XLU,XLI",0.0116230737719,-0.0140720851614,-0.00550703218362,0.0256951589332,0.0171301059555,0.01128051077,-0.00551544056745,0.0167959513374,0.000334154618049,0.316666666667,2,0.0276834886592,0.437546518528,0,0.00658931736707,2.22044604925e-16,1.11022302463e-16,1.7694179455e-16
2025-08-01,2025-07-31,2025-09-02,2025,"XLF,XLI,XLY",0.0375001724499,0.0265020829449,0.0301681127799,0.0109980895049,0.00733205966994,0.0371422455871,0.030155838238,0.00698640734908,0.000345652320862,-0.283333333333,1,0.0283837900642,0.182658802822,-3.46944695195e-18,0.0298366892299,0,0,-1.64798730218e-17
2025-09-02,2025-08-29,2025-10-01,2025,"XLK,XLY,XLI",0.0576405037781,0.00785950939237,0.0244531741876,0.0497809943857,0.0331873295905,0.0572771355586,0.0244400271317,0.0328371084269,0.000350221163559,0.6,2,0.0391215039762,0.599848763922,-6.93889390391e-18,0.0469072825868,0,0,9.71445146547e-17
2025-10-01,2025-09-30,2025-11-03,2025,"XLF,XLK,XLY",0.0139451041512,-0.0104948765374,-0.00234821630786,0.0244399806886,0.0162933204591,0.0136048137011,-0.00236478938545,0.0159696030865,0.000323717372565,0.283333333333,1,0.0284199223102,0.405388771261,0,0.0222752376998,0,2.22044604925e-16,6.24500451352e-17
2025-11-03,2025-10-31,2025-12-01,2025,"XLK,XLY,XLF",-0.0201298119386,0.0299874283438,0.013281681583,-0.0501172402824,-0.0334114935216,-0.0201448860107,0.0132703928021,-0.0334152788128,3.78529124402e-06,-0.933333333333,0,0.0389872508444,-0.605979983893,6.93889390391e-18,-0.00449254776599,-4.4408920985e-16,2.22044604925e-16,-1.52655665886e-16
