holding_month,market_total_return,prior_market24,prior_market3,recent3_vs_momentum_spearman,momentum_std_ddof1,top3_intersection_three_decisions,top3_selected,signal_month,H1,H2,dispersion_threshold_early,H3_early,H4_early,dispersion_threshold_late,H3_late,H4_late,MOM12_1,EW10,active
1960-01,-0.0665,0.6348152582443536,0.06366530864000008,0.793939393939394,0.12889263684705557,2.0,"HiTec,Hlth,NoDur",1959-12,False,True,0.1193931011603162,True,True,0.10351677145993465,True,True,-0.0655672163918039,-0.058390804597701,-0.0071764117941028
1960-02,0.014499999999999999,0.4543982117326826,-0.022512733200000024,0.05454545454545454,0.13295807764197884,2.0,"Durbl,HiTec,Hlth",1960-01,False,True,0.1193931011603162,True,True,0.10351677145993465,True,True,0.0111177405113549,0.0187545467228897,-0.0076368062115348
1960-03,-0.012799999999999999,0.4965888891396757,-0.02644724900000006,-0.18787878787878787,0.08532953403438033,2.0,"Durbl,HiTec,Hlth",1960-02,False,False,0.1193931011603162,False,False,0.10351677145993465,False,False,-0.0037471315902047,-0.007143921835105,0.0033967902449002
1960-04,-0.0152,0.4294045582030648,-0.06508630760000023,0.4666666666666667,0.10284739333145754,2.0,"HiTec,Hlth,Telcm",1960-03,False,True,0.1193931011603162,False,False,0.10351677145993465,False,False,0.003398699783297,-0.0066888490088329,0.01008754879213
1960-05,0.0339,0.3644253260815917,-0.013708618880000079,0.8787878787878788,0.09307263409967712,1.0,"HiTec,Shops,Telcm",1960-04,False,True,0.1193931011603162,False,False,0.10351677145993465,False,False,0.0530106247335946,0.0376914545302622,0.0153191702033324
1960-06,0.0232,0.3772130671051037,0.005151955584000056,0.6,0.10666676719911745,1.0,"NoDur,Shops,Telcm",1960-05,False,True,0.1193931011603162,False,False,0.10351677145993465,True,False,0.0256444981838057,0.0236316635340416,0.002012834649764
1960-07,-0.022400000000000003,0.3686523021192136,0.04180660550400028,0.6848484848484848,0.13732159629365062,1.0,"HiTec,NoDur,Telcm",1960-06,False,True,0.1193931011603162,True,False,0.10351677145993465,True,False,-0.0171704221865124,-0.0184480689956527,0.0012776468091403
1960-08,0.0317,0.2808677872408034,0.034189822848000206,0.7454545454545455,0.14696389208346367,2.0,"HiTec,NoDur,Telcm",1960-07,False,True,0.1193931011603162,True,True,0.10351677145993465,True,True,0.0426244355609815,0.0351117060620036,0.0075127294989778
1960-09,-0.0584,0.2963226369397065,0.03198920614400014,-0.04242424242424243,0.13943919448773837,3.0,"HiTec,NoDur,Telcm",1960-08,False,False,0.1193931011603162,True,True,0.10351677145993465,True,True,-0.0604093237573547,-0.0591454549009509,-0.0012638688564038
1960-10,-0.0049,0.16415583685496205,-0.05031173132799993,-0.04242424242424243,0.1439540569331839,3.0,"HiTec,NoDur,Telcm",1960-09,False,False,0.1193931011603162,True,True,0.10351677145993465,True,True,-0.0048428318595649,-0.0057597854675508,0.0009169536079859
1960-11,0.04820000000000001,0.1278857689167292,-0.03331137872799994,0.22424242424242424,0.11911625600691952,2.0,"NoDur,Telcm,Utils",1960-10,False,True,0.1193931011603162,False,False,0.10351677145993465,True,True,0.0549814969161526,0.0487826318349007,0.0061988650812518
1960-12,0.0489,0.1464796964492978,-0.017851107087999973,0.34545454545454546,0.12345399829311512,2.0,"NoDur,Telcm,Utils",1960-11,False,True,0.1193931011603162,True,True,0.10351677145993465,True,True,0.0779893216575928,0.0479702445164669,0.0300190771411259
1961-01,0.0639,0.14114875081198353,0.09406964079799995,0.5878787878787879,0.14007160694616705,3.0,"NoDur,Telcm,Utils",1960-12,False,True,0.1193931011603162,True,True,0.10351677145993465,True,True,0.0608510547809131,0.0625785861924121,-0.001727531411499
1961-02,0.037099999999999994,0.2030005509204016,0.16971228102199998,0.3939393939393939,0.14257873372365448,3.0,"NoDur,Telcm,Utils",1961-01,False,True,0.1193931011603162,True,True,0.10351677145993465,True,True,0.0366274605125878,0.0393311040031432,-0.0027036434905554
1961-03,0.030900000000000004,0.23356918267703008,0.15732551674099993,0.5878787878787879,0.1218217767965659,3.0,"NoDur,Telcm,Utils",1961-02,False,True,0.1193931011603162,True,True,0.10351677145993465,True,True,0.0478234066442475,0.036772102708183,0.0110513039360644
1961-04,0.0046,0.26535967206144306,0.13746484432100003,0.40606060606060607,0.11828809876673342,3.0,"NoDur,Telcm,Utils",1961-03,False,True,0.1193931011603162,False,False,0.10351677145993465,True,True,0.0043578361830254,0.0043329407414975,2.489544152783907e-05
1961-05,0.0258,0.22393638220000534,0.07406446339399975,0.5636363636363636,0.12403913288064951,2.0,"Enrgy,NoDur,Telcm",1961-04,False,True,0.1193931011603162,True,True,0.10351677145993465,True,True,0.0089243168918375,0.0244334243377144,-0.0155091074458768
1961-06,-0.0288,0.23149969677367888,0.06236170721199996,0.5393939393939394,0.13970688658954164,2.0,"Enrgy,NoDur,Telcm",1961-05,False,True,0.1193931011603162,True,True,0.10351677145993465,True,True,-0.0314754725677697,-0.0257668186529224,-0.0057086539148473
1961-07,0.030100000000000002,0.1960325055065968,0.0008397420160000113,0.2606060606060606,0.1225989801856341,3.0,"Enrgy,NoDur,Telcm",1961-06,False,True,0.1193931011603162,True,True,0.10351677145993465,True,True,0.0384937582218307,0.0320535555661876,0.0064402026556431
1961-08,0.0271,0.19117575550840704,0.026244294495999965,-0.17575757575757575,0.10456772280962882,3.0,"Enrgy,NoDur,Telcm",1961-07,False,False,0.1193931011603162,False,False,0.10351677145993465,True,True,0.0183582347996298,0.0299235526259669,-0.011565317826337
1961-09,-0.019799999999999998,0.2381910924832351,0.02754485755199987,-0.04242424242424243,0.0899535873592629,3.0,"Enrgy,NoDur,Telcm",1961-08,False,False,0.1193931011603162,False,False,0.10351677145993465,False,False,-0.0303437843935442,-0.0099974811184475,-0.0203463032750966
1961-10,0.0277,0.270863778902688,0.03706699894199961,-0.11515151515151516,0.0868353699651704,2.0,"NoDur,Other,Telcm",1961-09,False,False,0.1193931011603162,False,False,0.10351677145993465,False,False,0.0191601100183362,0.0342278242975324,-0.0150677142791961
1961-11,0.046000000000000006,0.28575182671617694,0.034650766733999694,0.5272727272727272,0.08321186731305247,1.0,"NoDur,Other,Shops",1961-10,False,True,0.1193931011603162,False,False,0.10351677145993465,False,False,0.0478505417569594,0.0505188237969596,-0.0026682820400001
1961-12,0.00019999999999999987,0.32033812168183884,0.05368971083999985,0.5393939393939394,0.07881789935319848,1.0,"NoDur,Shops,Utils",1961-11,False,True,0.1193931011603162,False,False,0.10351677145993465,False,False,-0.0261247874645774,-0.0020685732044778,-0.0240562142600996
1962-01,-0.0363,0.2846324798698201,0.07518919484000008,0.23636363636363636,0.09537408950149716,2.0,"Durbl,NoDur,Shops",1961-12,False,True,0.1193931011603162,False,False,0.10351677145993465,False,False,-0.0501519856182186,-0.0382306331236325,-0.0119213524945861
1962-02,0.0201,0.326192095180017,0.008231806039999956,-0.296969696969697,0.09386065597379369,2.0,"Durbl,NoDur,Shops",1962-01,False,False,0.1193931011603162,False,False,0.10351677145993465,False,False,0.0013830932510487,0.0192878334296824,-0.0179047401786336
1962-03,-0.0048000000000000004,0.33351262325592446,-0.016733015926000072,0.07878787878787878,0.07788887410673638,2.0,"Durbl,Shops,Utils",1962-02,False,True,0.1193931011603162,False,False,0.10351677145993465,False,False,0.0105909948546067,-0.004017894431983,0.0146088892865898
1962-04,-0.0637,0.34431904645897093,-0.021648367775999988,0.34545454545454546,0.06798970056595295,2.0,"Durbl,Enrgy,Shops",1962-03,False,True,0.1193931011603162,False,False,0.10351677145993465,False,False,-0.0442545936914601,-0.0648655630121787,0.0206109693207185
1962-05,-0.0842,0.27811324451618047,-0.04946494422399994,0.45454545454545453,0.07188396263408361,2.0,"Durbl,Shops,Utils",1962-04,False,True,0.1193931011603162,False,False,0.10351677145993465,False,False,-0.0803091530031652,-0.08541152125671,0.0051023682535448
1962-06,-0.083,0.13211733178055707,-0.1466522849919999,0.8303030303030303,0.09142532454399334,2.0,"Durbl,Shops,Utils",1962-05,False,True,0.1193931011603162,False,False,0.10351677145993465,False,False,-0.0714786077682707,-0.0868801336863109,0.0154015259180402
1962-07,0.06539999999999999,0.014612581355327281,-0.21370593381999992,0.9151515151515152,0.09904067219114802,2.0,"Durbl,Enrgy,Utils",1962-06,False,True,0.1193931011603162,False,False,0.10351677145993465,False,False,0.0673773628938156,0.0672080706006257,0.0001692922931899
1962-08,0.0236,0.10573674731584037,-0.10528922555999998,0.806060606060606,0.1021560482235204,2.0,"Durbl,Enrgy,Utils",1962-07,False,True,0.1193931011603162,False,False,0.10351677145993465,False,False,0.0294606450142622,0.0172722599711401,0.0121883850431221
1962-09,-0.0501,0.09705547596442199,2.833448000005845e-05,0.806060606060606,0.11473571872005146,3.0,"Durbl,Enrgy,Utils",1962-08,False,True,0.1193931011603162,False,False,0.10351677145993465,True,True,-0.0228035021853899,-0.0496299273129239,0.0268264251275339
1962-10,0.0021,0.10672578230522989,0.035907213655999914,0.806060606060606,0.1298294434682897,3.0,"Durbl,Enrgy,Utils",1962-09,False,True,0.1193931011603162,True,True,0.10351677145993465,True,True,0.0035979798652483,0.0036005412156865,-2.5613504381905017e-06
1962-11,0.11090000000000001,0.11451101039902611,-0.025640492956000016,0.9636363636363636,0.13224106851529305,3.0,"Durbl,Enrgy,Utils",1962-10,False,True,0.1193931011603162,True,True,0.10351677145993465,True,True,0.0840591066804838,0.1158811772629311,-0.0318220705824472
1962-12,0.0124,0.18117752475889914,0.057459922210999936,0.09090909090909091,0.11865580312980019,3.0,"Durbl,Enrgy,Utils",1962-11,False,True,0.1193931011603162,False,False,0.10351677145993465,True,True,0.0390258479520164,0.0152969024837128,0.0237289454683036
1963-01,0.05190000000000001,0.14007448380771237,0.1270369778360001,0.15151515151515152,0.09859278248753739,3.0,"Durbl,Enrgy,Utils",1962-12,False,True,0.1193931011603162,False,False,0.10351677145993465,False,False,0.0517640127514813,0.0520226270790695,-0.0002586143275882
1963-02,-0.0217,0.12721529233699846,0.18304580080400012,-0.3333333333333333,0.0958319392605695,3.0,"Durbl,Enrgy,Utils",1963-01,False,False,0.1193931011603162,False,False,0.10351677145993465,False,False,-0.0190410966364644,-0.0212443446903501,0.0022032480538857
1963-03,0.033100000000000004,0.06330606546455075,0.041834284747999995,0.7212121212121212,0.09659855345015814,3.0,"Durbl,Enrgy,Utils",1963-02,False,True,0.1193931011603162,False,False,0.10351677145993465,False,False,0.0528630287826861,0.0321141474253137,0.0207488813573724
1963-04,0.0476,0.06557522187547526,0.06313611178699996,0.8666666666666667,0.09827392273551067,3.0,"Durbl,Enrgy,Utils",1963-03,False,True,0.1193931011603162,False,False,0.10351677145993465,False,False,0.0468884085653611,0.050292221655094,-0.0034038130897329
1963-05,0.02,0.1111851507433288,0.05879018034799999,0.5515151515151515,0.10659704090268708,2.0,"Durbl,Enrgy,Other",1963-04,False,True,0.1193931011603162,False,False,0.10351677145993465,True,True,0.0380538089681614,0.0224532238090993,0.0156005851590621
1963-06,-0.0177,0.1049023725464957,0.10392107120000005,0.6,0.09723552636895076,2.0,"Durbl,Enrgy,Other",1963-05,False,True,0.1193931011603162,False,False,0.10351677145993465,False,False,-0.0113466923249481,-0.0178190730581696,0.0064723807332215
1963-07,-0.0012000000000000001,0.11753047832827712,0.049638629599999984,0.793939393939394,0.11113839008175348,3.0,"Durbl,Enrgy,Other",1963-06,False,True,0.1193931011603162,False,False,0.10351677145993465,True,True,0.0021254171461422,-0.0018356266320794,0.0039610437782217
1963-08,0.0533,0.08357386831791391,0.0007436647999998769,0.7333333333333333,0.09919535363248566,3.0,"Durbl,Enrgy,Other",1963-07,False,True,0.1193931011603162,False,False,0.10351677145993465,False,False,0.0530260257116095,0.0565454045088593,-0.0035193787972498
1963-09,-0.013000000000000001,0.11121444406509484,0.03341500209199988,0.5636363636363636,0.10029949500997914,2.0,"Durbl,Enrgy,Hlth",1963-08,False,True,0.1193931011603162,False,False,0.10351677145993465,False,False,-0.0268952905984548,-0.012725746216349,-0.0141695443821058
1963-10,0.0283,0.11892333839241864,0.03835957148000002,-0.06666666666666667,0.10014261182962896,2.0,"Durbl,Enrgy,Hlth",1963-09,False,False,0.1193931011603162,False,False,0.10351677145993465,False,False,0.0458913820045387,0.0318808546334374,0.0140105273711013
1963-11,-0.0059,0.11957659712846547,0.06902798092999984,0.15151515151515152,0.07410430153096075,3.0,"Durbl,Enrgy,Hlth",1963-10,False,True,0.1193931011603162,False,False,0.10351677145993465,False,False,-0.026618982743084,-0.0071725010156048,-0.0194464817274792
1963-12,0.0212,0.06402590363805682,0.008944000609999891,0.07878787878787878,0.10411600185378261,2.0,"Durbl,Enrgy,HiTec",1963-11,False,True,0.1193931011603162,False,False,0.10351677145993465,True,True,0.0272485871353473,0.0198926825660772,0.0073559045692701
1964-01,0.025400000000000002,0.08636597959926395,0.04390437023600002,0.6606060606060606,0.07597955504166733,1.0,"Durbl,HiTec,Telcm",1963-12,False,True,0.1193931011603162,False,False,0.10351677145993465,False,False,0.0245511772301605,0.024524324350917,2.6852879243532968e-05
1964-02,0.018099999999999998,0.15591955533992463,0.04096036296800021,0.23636363636363636,0.06223762353189992,2.0,"Durbl,Enrgy,HiTec",1964-01,False,True,0.1193931011603162,False,False,0.10351677145993465,False,False,0.0152906509451078,0.0184847784404125,-0.0031941274953046
1964-03,0.0172,0.15365326859286088,0.06609168648800035,0.006060606060606061,0.07525952225059793,2.0,"Durbl,Enrgy,HiTec",1964-02,False,True,0.1193931011603162,False,False,0.10351677145993465,False,False,0.0195317157660115,0.0138055270973898,0.0057261886686217
1964-04,0.0039,0.17915605387124,0.06191584752800017,0.3575757575757576,0.06140804603753459,2.0,"Durbl,HiTec,Hlth",1964-03,False,True,0.1193931011603162,False,False,0.10351677145993465,False,False,-0.0111658245444019,0.0036320556980484,-0.0147978802424504
1964-05,0.0167,0.2642900378952664,0.039650204148000245,0.4666666666666667,0.05660516411066181,2.0,"Durbl,HiTec,Manuf",1964-04,False,True,0.1193931011603162,False,False,0.10351677145993465,False,False,0.0196179826816282,0.0169211138694156,0.0026968688122126
1964-06,0.0157,0.40358558804118494,0.038220570235999896,0.3212121212121212,0.04057387313044002,1.0,"Enrgy,HiTec,Telcm",1964-05,False,True,0.1193931011603162,False,False,0.10351677145993465,False,False,0.0188870688218627,0.0170855643022136,0.0018015045196491
1964-07,0.020399999999999998,0.5546585406471445,0.036689572540999915,0.15151515151515152,0.05251381095704406,1.0,"Enrgy,HiTec,Shops",1964-06,False,True,0.1193931011603162,False,False,0.10351677145993465,False,False,0.0087214664308303,0.0204243797244838,-0.0117029132936534
1964-08,-0.0116,0.4889934061163377,0.053728498675999825,-0.296969696969697,0.05984531253896438,1.0,"HiTec,Shops,Telcm",1964-07,False,False,0.1193931011603162,False,False,0.10351677145993465,False,False,-0.0136376985497573,-0.0133701493596316,-0.0002675491901257
1964-09,0.0297,0.43778925616001185,0.02439780475199993,0.18787878787878787,0.04530964176731067,2.0,"Durbl,HiTec,Shops",1964-08,False,True,0.1193931011603162,False,False,0.10351677145993465,False,False,0.0305514445660022,0.0263328535678668,0.0042185909981353
1964-10,0.0089,0.5585762680997624,0.03851769179199982,0.5393939393939394,0.04694398445938006,1.0,"Durbl,Enrgy,Shops",1964-09,False,True,0.1193931011603162,False,False,0.10351677145993465,False,False,0.0178272212035337,0.0094732756246178,0.0083539455789158
1964-11,0.0028,0.5691523768943718,0.02681350377199987,0.8181818181818182,0.06611427231540226,1.0,"Enrgy,Other,Shops",1964-10,False,True,0.1193931011603162,False,False,0.10351677145993465,False,False,0.0134286881146858,0.0041737231289378,0.009254964985748
1964-12,0.0035,0.41646053069554045,0.041773150123999736,0.696969696969697,0.08892660448059035,2.0,"Durbl,Enrgy,Shops",1964-11,False,True,0.1193931011603162,False,False,0.10351677145993465,False,False,0.0057978996499417,0.0075620331954431,-0.0017641335455014
1965-01,0.0382,0.4040084379227331,0.015265957220000015,0.3575757575757576,0.09696249151256664,2.0,"Durbl,Enrgy,Shops",1964-12,False,True,0.1193931011603162,False,False,0.10351677145993465,False,False,0.0240290027894458,0.0427126341203567,-0.0186836313309108
1965-02,0.0074,0.38572255941760747,0.04475083436000005,0.04242424242424243,0.08983661575333513,3.0,"Durbl,Enrgy,Shops",1965-01,False,True,0.1193931011603162,False,False,0.10351677145993465,False,False,-0.0084066287709952,0.0100303715306122,-0.0184370003016075
1965-03,-0.0098,0.4269415377259511,0.04954326937999998,-0.23636363636363636,0.08724948395300475,3.0,"Durbl,Enrgy,Shops",1965-02,False,False,0.1193931011603162,False,False,0.10351677145993465,False,False,-0.008575166654664,-0.0084565740790544,-0.0001185925756096
1965-04,0.0342,0.36768706868283485,0.03563302973599991,-0.07878787878787878,0.08515680265158695,2.0,"Durbl,Hlth,Shops",1965-03,False,False,0.1193931011603162,False,False,0.10351677145993465,False,False,0.0548148858143022,0.0361064468495664,0.0187084389647358
1965-05,-0.004700000000000001,0.3501927896446999,0.03164291981599998,0.3939393939393939,0.08286151685285856,2.0,"Durbl,Hlth,Shops",1965-04,False,True,0.1193931011603162,False,False,0.10351677145993465,False,False,-0.0145412628024748,-0.0040785692792753,-0.0104626935231995
1965-06,-0.05159999999999999,0.31749694464055866,0.019251735251999857,0.22424242424242424,0.09376270257564748,3.0,"Durbl,Hlth,Shops",1965-05,False,True,0.1193931011603162,False,False,0.10351677145993465,False,False,-0.061139198787224,-0.0523256307265157,-0.0088135680607083
1965-07,0.017499999999999998,0.2720290158781493,-0.023774645815999862,-0.22424242424242424,0.08257616685710936,3.0,"Durbl,Hlth,Shops",1965-06,False,False,0.1193931011603162,False,False,0.10351677145993465,False,False,0.0161304356632649,0.0179636222127195,-0.0018331865494545
1965-08,0.030600000000000002,0.2958445371005376,-0.039538485899999865,-0.47878787878787876,0.05612993775273826,3.0,"Durbl,Hlth,Shops",1965-07,False,False,0.1193931011603162,False,False,0.10351677145993465,False,False,0.0400563839282228,0.0343535796339244,0.0057028042942983
1965-09,0.0317,0.26791738340056415,-0.005474091799999803,0.3939393939393939,0.06526849739024851,2.0,"HiTec,Hlth,Shops",1965-08,False,True,0.1193931011603162,False,False,0.10351677145993465,False,False,0.022386853110961,0.0268823953194246,-0.0044955422084635
1965-10,0.0291,0.3253397816153618,0.0818772453500003,0.44242424242424244,0.07894244336561239,1.0,"HiTec,Hlth,NoDur",1965-09,False,True,0.1193931011603162,False,False,0.10351677145993465,False,False,0.0364210201700281,0.026480170813514,0.009940849356514
1965-11,0.0031999999999999997,0.32637087353920924,0.09421117758200004,0.7575757575757576,0.08482603776382441,2.0,"Durbl,HiTec,Hlth",1965-10,False,True,0.1193931011603162,False,False,0.10351677145993465,False,False,0.0087289182932746,0.0060204688387126,0.0027084494545619
1965-12,0.013399999999999999,0.3385124839900764,0.06511998190400026,0.7090909090909091,0.10801648318908796,2.0,"Durbl,HiTec,Hlth",1965-11,False,True,0.1193931011603162,False,False,0.10351677145993465,True,True,0.0125842200950863,0.0118789950806976,0.0007052250143886
1966-01,0.011,0.32828882811941185,0.04622718780800006,0.8787878787878788,0.12321380141602452,2.0,"HiTec,Hlth,Manuf",1965-12,False,True,0.1193931011603162,True,True,0.10351677145993465,True,True,0.0230828814911343,0.0071627671692546,0.0159201143218796
1966-02,-0.0086,0.3096352693863127,0.027825951680000127,0.7696969696969697,0.10289250111104688,2.0,"HiTec,Hlth,Other",1966-01,False,True,0.1193931011603162,False,False,0.10351677145993465,False,False,0.0180239403449151,-0.0062107050652641,0.0242346454101792
1966-03,-0.021299999999999996,0.27528966316628045,0.01573629235999996,0.806060606060606,0.11696214501013644,2.0,"HiTec,Hlth,Other",1966-02,False,True,0.1193931011603162,False,False,0.10351677145993465,True,True,-0.0169109319486649,-0.0218293891166325,0.0049184571679675
1966-04,0.0247,0.2270212282155315,-0.01904370502000019,0.9393939393939394,0.13211050876843183,3.0,"HiTec,Hlth,Other",1966-03,False,True,0.1193931011603162,True,True,0.10351677145993465,True,True,0.0354635765688113,0.0227254309737472,0.0127381455950641
1966-05,-0.0526,0.2524441204825729,-0.005750825454000297,0.6848484848484848,0.12622664616708976,3.0,"HiTec,Hlth,Other",1966-04,False,True,0.1193931011603162,True,True,0.10351677145993465,True,True,-0.063712305523764,-0.050567765554545,-0.013144539969219
1966-06,-0.0106,0.16707540055590608,-0.0498772766140001,-0.04242424242424243,0.14656550106777663,3.0,"HiTec,Hlth,Other",1966-05,False,False,0.1193931011603162,True,True,0.10351677145993465,True,True,0.0049949543016327,-0.0091982650985843,0.0141932194002171
1966-07,-0.012799999999999999,0.13685576578715497,-0.039489708268000245,-0.15151515151515152,0.13934547426316515,3.0,"HiTec,Hlth,Other",1966-06,False,False,0.1193931011603162,True,True,0.10351677145993465,True,True,-0.0177687194366558,-0.01362562019421,-0.0041430992424457
1966-08,-0.0753,0.09986673067922314,-0.07464061676800016,-0.5757575757575758,0.12820732080217662,3.0,"HiTec,Hlth,Other",1966-07,False,False,0.1193931011603162,True,True,0.10351677145993465,True,True,-0.0868670489198683,-0.0748131118569644,-0.0120539370629038
1966-09,-0.0066,0.02898296829125635,-0.09681251670400015,-0.006060606060606061,0.10361614243918428,2.0,"HiTec,Manuf,Other",1966-08,False,False,0.1193931011603162,False,False,0.10351677145993465,True,True,-0.0252362017113866,-0.0053271440986173,-0.0199090576127692
1966-10,0.0431,-0.007291754199733824,-0.09316106134399993,-0.2606060606060606,0.08033112801294959,2.0,"HiTec,Hlth,Other",1966-09,False,False,0.1193931011603162,False,False,0.10351677145993465,False,False,0.0269241873645607,0.0418102265739228,-0.0148860392093621
1966-11,0.0178,0.02635937277654632,-0.04181149016200014,0.006060606060606061,0.06228293549846666,2.0,"HiTec,Hlth,Other",1966-10,False,True,0.1193931011603162,False,False,0.10351677145993465,False,False,0.0860247097870627,0.0227442043650534,0.0632805054220093
1966-12,0.0053,0.04171177663738446,0.054660176612000066,0.8181818181818182,0.06277446392322855,1.0,"Enrgy,HiTec,Telcm",1966-11,False,True,0.1193931011603162,False,False,0.10351677145993465,False,False,0.0085273121146474,0.0016208830881143,0.006906429026533
1967-01,0.0858,0.043580317940769886,0.0672940160540001,0.6606060606060606,0.08954241508167578,1.0,"Enrgy,HiTec,Hlth",1966-12,False,True,0.1193931011603162,False,False,0.10351677145993465,False,False,0.0674370532926162,0.0855409972844054,-0.0181039439917891
1967-02,0.011300000000000001,0.09142699790029662,0.11098441437200024,-0.030303030303030304,0.09516315345818654,1.0,"HiTec,Telcm,Utils",1967-01,False,False,0.1193931011603162,False,False,0.10351677145993465,False,False,0.0212854690884851,0.0129358991246646,0.0083495699638205
1967-03,0.043800000000000006,0.09565229598627178,0.1038893085620003,0.10303030303030303,0.07942823363947304,1.0,"HiTec,Telcm,Utils",1967-02,False,True,0.1193931011603162,False,False,0.10351677145993465,False,False,0.0333532093135005,0.0423012587754085,-0.008948049461908
1967-04,0.042100000000000005,0.15496047924709222,0.14616498585200022,-0.16363636363636364,0.09119905959341419,2.0,"Enrgy,HiTec,Telcm",1967-03,False,False,0.1193931011603162,False,False,0.10351677145993465,False,False,0.0320546698406518,0.0467731055590945,-0.0147184357184426
1967-05,-0.039900000000000005,0.16378293891258444,0.10003548697400033,0.12727272727272726,0.08543948494185162,2.0,"HiTec,Hlth,Telcm",1967-04,False,True,0.1193931011603162,False,False,0.10351677145993465,False,False,-0.0512922106335415,-0.0422128677667283,-0.0090793428668131
1967-06,0.0269,0.12262433401986561,0.04434299519800011,0.21212121212121213,0.08583592276948313,1.0,"HiTec,Hlth,NoDur",1967-05,False,True,0.1193931011603162,False,False,0.10351677145993465,False,False,0.0482498129756288,0.029253434142201,0.0189963788334277
1967-07,0.049,0.21554505335828766,0.027434203649000066,0.3090909090909091,0.07903547571536383,2.0,"HiTec,Hlth,NoDur",1967-06,False,True,0.1193931011603162,False,False,0.10351677145993465,False,False,0.0460929822654336,0.0465224603205691,-0.0004294780551354
1967-08,-0.005900000000000001,0.25317617786028834,0.03423709780999995,0.38181818181818183,0.10359069834483696,3.0,"HiTec,Hlth,NoDur",1967-07,False,True,0.1193931011603162,False,False,0.10351677145993465,True,True,-0.0039379029952006,-0.0047443447042665,0.0008064417090658
1967-09,0.0342,0.20879336154755745,0.07086251320999981,0.41818181818181815,0.1317338406128776,2.0,"HiTec,Hlth,Other",1967-08,False,True,0.1193931011603162,True,True,0.10351677145993465,True,True,0.0414173194702474,0.031527061714359,0.0098902577558883
1967-10,-0.0269,0.21172249153095257,0.0784750327799999,0.3939393939393939,0.15089107778031036,2.0,"HiTec,Hlth,Other",1967-09,False,True,0.1193931011603162,True,True,0.10351677145993465,True,True,-0.0172798187354018,-0.0263976634763785,0.0091178447409766
1967-11,0.0073,0.14578481829634637,0.00044237788199996686,0.28484848484848485,0.20297295778902782,3.0,"HiTec,Hlth,Other",1967-10,False,True,0.1193931011603162,True,True,0.10351677145993465,True,True,0.0080773789086843,0.0074670395408462,0.000610339367838
1967-12,0.0338,0.1504675513057312,0.013726594146000082,0.503030303030303,0.17479881626054095,1.0,"Durbl,HiTec,Shops",1967-11,False,True,0.1193931011603162,True,False,0.10351677145993465,True,False,0.0208524245959005,0.0283661007926707,-0.0075136761967702
1968-01,-0.0363,0.17362675600933986,0.0133345126940001,0.45454545454545453,0.18616764236270955,1.0,"Durbl,HiTec,Shops",1967-12,False,True,0.1193931011603162,True,False,0.10351677145993465,True,False,-0.0425040506148972,-0.0260661736299168,-0.0164378769849804
1968-02,-0.0335,0.11871820451651915,0.003545853338000171,-0.296969696969697,0.1558842216838553,2.0,"HiTec,NoDur,Shops",1968-01,False,False,0.1193931011603162,True,True,0.10351677145993465,True,True,-0.0274727386491575,-0.0290463376651647,0.0015735990160071
1968-03,0.0059,0.09062048080009677,-0.03710208750999988,-0.17575757575757575,0.11045516324403118,2.0,"HiTec,NoDur,Shops",1968-02,False,False,0.1193931011603162,False,False,0.10351677145993465,True,True,0.0257934381352096,0.0047449000451194,0.0210485380900902
1968-04,0.0945,0.12093097132606245,-0.06308859530499988,0.22424242424242424,0.10395738297438153,3.0,"HiTec,NoDur,Shops",1968-03,False,True,0.1193931011603162,False,False,0.10351677145993465,True,True,0.1187596127603556,0.092082260305105,0.0266773524552506
1968-05,0.027299999999999998,0.19728598430406508,0.06407547207500008,0.7575757575757576,0.09708090057671342,2.0,"Enrgy,HiTec,Shops",1968-04,False,True,0.1193931011603162,False,False,0.10351677145993465,False,False,0.0279904984164027,0.0255937057242232,0.0023967926921795
1968-06,0.0113,0.2982603880890504,0.13101369111500016,0.8424242424242424,0.13350482938050157,2.0,"HiTec,NoDur,Shops",1968-05,False,True,0.1193931011603162,True,True,0.10351677145993465,True,True,-0.0020661443573928,0.0175604405672673,-0.0196265849246601
1968-07,-0.0221,0.32699689758889927,0.13708534230500025,0.4666666666666667,0.13580822435446605,2.0,"HiTec,NoDur,Shops",1968-06,False,True,0.1193931011603162,True,True,0.10351677145993465,True,True,-0.0479059036563526,-0.0231405072301168,-0.0247653964262357
1968-08,0.0177,0.3144958125528612,0.015948612371000204,-0.2,0.09196060732023745,3.0,"HiTec,NoDur,Shops",1968-07,False,False,0.1193931011603162,False,False,0.10351677145993465,False,False,0.0184627807174453,0.0151373255002384,0.0033254552172068
1968-09,0.0448,0.4466988087326127,0.0064546897790001,0.10303030303030303,0.08285438955197993,2.0,"Enrgy,HiTec,Shops",1968-08,False,True,0.1193931011603162,False,False,0.10351677145993465,False,False,0.0472797008717875,0.0438549619242876,0.0034247389474999
1968-10,0.0087,0.5215531662611572,0.03979418558400005,0.4303030303030303,0.08469080895293558,1.0,"Enrgy,Other,Shops",1968-09,False,True,0.1193931011603162,False,False,0.10351677145993465,False,False,0.0142244888936891,0.0095489649190505,0.0046755239746385
1968-11,0.058499999999999996,0.47137444042529886,0.07254360875199994,0.6242424242424243,0.10257837609523598,1.0,"NoDur,Other,Shops",1968-10,False,True,0.1193931011603162,False,False,0.10351677145993465,False,False,0.058043437288485,0.0597519221270157,-0.0017084848385306
1968-12,-0.035,0.5302120703381594,0.11554231095999978,0.8424242424242424,0.11441146659902672,2.0,"NoDur,Other,Shops",1968-11,False,True,0.1193931011603162,False,False,0.10351677145993465,True,True,-0.0294390484291503,-0.0350985086690808,0.0056594602399304
1969-01,-0.007200000000000001,0.46886963879073296,0.030339136749999884,0.23636363636363636,0.10416522298044079,2.0,"Enrgy,Other,Shops",1968-12,False,True,0.1193931011603162,False,False,0.10351677145993465,True,True,-0.0047715960070131,-0.0059969381158346,0.0012253421088215
1969-02,-0.054000000000000006,0.3430592902849876,0.014098042000000088,0.38181818181818183,0.08783457975306995,2.0,"NoDur,Other,Shops",1969-01,False,True,0.1193931011603162,False,False,0.10351677145993465,False,False,-0.0642469539203093,-0.0507964028058571,-0.0134505511144521
1969-03,0.031200000000000002,0.2563374751405103,-0.09368280800000006,0.18787878787878787,0.09426275334609485,1.0,"Enrgy,NoDur,Other",1969-02,False,True,0.1193931011603162,False,False,0.10351677145993465,False,False,0.02901549692357,0.0287037629965445,0.0003117339270255
1969-04,0.0199,0.2411718761878654,-0.031508509440000276,-0.11515151515151516,0.07600151770484082,2.0,"Enrgy,NoDur,Other",1969-03,False,False,0.1193931011603162,False,False,0.10351677145993465,False,False,0.0083855582848924,0.0268280567501046,-0.0184424984652122
1969-05,0.0039,0.21473102055849136,-0.0050720475200002335,-0.503030303030303,0.07334827948212028,2.0,"Enrgy,Other,Utils",1969-04,False,False,0.1193931011603162,False,False,0.10351677145993465,False,False,0.009059586102303,0.0049204844355263,0.0041391016667766
1969-06,-0.0668,0.2701473508370684,0.05582259143199986,0.23636363636363636,0.07159180694281132,2.0,"Enrgy,Other,Telcm",1969-05,False,True,0.1193931011603162,False,False,0.10351677145993465,False,False,-0.0819125714831161,-0.061215593337276,-0.0206969781458401
1969-07,-0.06470000000000001,0.1542521256219227,-0.04451741434799994,-0.05454545454545454,0.07177920327818633,1.0,"Enrgy,Shops,Telcm",1969-06,False,False,0.1193931011603162,False,False,0.10351677145993465,False,False,-0.0756142221215163,-0.0621402769475701,-0.0134739451739461
1969-08,0.0519,0.029143959098364425,-0.12377403435599987,0.11515151515151516,0.04555930096551435,1.0,"Hlth,Shops,Telcm",1969-07,False,True,0.1193931011603162,False,False,0.10351677145993465,False,False,0.0632753211336794,0.0522888079451309,0.0109865131885484
1969-09,-0.0235,0.08898152155273076,-0.08187858027599992,0.6242424242424243,0.05139509428642211,2.0,"Hlth,Shops,Telcm",1969-08,False,True,0.1193931011603162,False,False,0.10351677145993465,False,False,-0.0085813137403248,-0.0185929823875319,0.010011668647207
1969-10,0.0566,0.028225155478864394,-0.03927821864499992,0.1393939393939394,0.07344991314588219,3.0,"Hlth,Shops,Telcm",1969-09,False,True,0.1193931011603162,False,False,0.10351677145993465,False,False,0.063955420459552,0.0590965976408526,0.0048588228186994
1969-11,-0.032799999999999996,0.1164553481440429,0.08531875781000009,0.47878787878787876,0.09616199752119663,2.0,"HiTec,Hlth,Shops",1969-10,False,True,0.1193931011603162,False,False,0.10351677145993465,False,False,-0.018860543423904,-0.0300705548115216,0.0112100113876175
1969-12,-0.0199,0.07200994016173756,-0.0020721527199999423,0.806060606060606,0.1007740598023016,2.0,"HiTec,Hlth,Shops",1969-11,False,True,0.1193931011603162,False,False,0.10351677145993465,False,False,0.0018590548771215,-0.0191694581726437,0.0210285130497652
1970-01,-0.075,0.016325152207892213,0.0016068439520000588,0.6363636363636364,0.11516002791444083,2.0,"HiTec,Hlth,Telcm",1969-12,False,True,0.1193931011603162,False,False,0.10351677145993465,True,True,-0.0628486600028555,-0.069208695606113,0.0063600356032575
1970-02,0.05759999999999999,-0.024488154205354107,-0.123143734,0.696969696969697,0.1390689982848728,2.0,"HiTec,Hlth,Shops",1970-01,False,True,0.1193931011603162,True,True,0.10351677145993465,True,True,0.0467374343300543,0.0608280000770871,-0.0140905657470327
1970-03,-0.004900000000000001,0.06746128102681581,-0.0411877719999999,0.41818181818181815,0.1358356064177089,2.0,"HiTec,Hlth,Shops",1970-02,False,True,0.1193931011603162,True,True,0.10351677145993465,True,True,-0.0313054283137536,-0.0026471231126119,-0.0286583052011416
1970-04,-0.1049,0.056000318868460575,-0.02651357199999982,0.01818181818181818,0.1379034482854254,2.0,"HiTec,Hlth,Telcm",1970-03,False,True,0.1193931011603162,True,True,0.10351677145993465,True,True,-0.1111356687589908,-0.1034197625864455,-0.0077159061725452
1970-05,-0.0637,-0.1363856688723991,-0.05798086302399985,-0.12727272727272726,0.10611620963019575,1.0,"Hlth,NoDur,Telcm",1970-04,False,False,0.1193931011603162,False,False,0.10351677145993465,True,False,-0.0634123520586765,-0.0628086431727729,-0.0006037088859036
1970-06,-0.052199999999999996,-0.21288611093665666,-0.16602447243699991,-0.06666666666666667,0.09780652283207603,2.0,"Hlth,Telcm,Utils",1970-05,False,False,0.1193931011603162,False,False,0.10351677145993465,False,False,-0.0460230032159759,-0.0491726185279375,0.0031496153119615
1970-07,0.0744,-0.2623093601757769,-0.2056657571859999,0.3333333333333333,0.07792610531707451,2.0,"Hlth,Telcm,Utils",1970-06,False,True,0.1193931011603162,False,False,0.10351677145993465,False,False,0.0704181555935328,0.077026039773602,-0.0066078841800691
1970-08,0.0503,-0.1895134232261526,-0.0465504295839998,0.2727272727272727,0.07929521976375013,2.0,"Hlth,NoDur,Utils",1970-07,False,True,0.1193931011603162,False,False,0.10351677145993465,False,False,0.0262089266913561,0.0483558592571915,-0.0221469325658354
1970-09,0.0472,-0.16355109404974777,0.06953763089600007,0.04242424242424243,0.08689056392081225,2.0,"Hlth,Telcm,Utils",1970-08,True,True,0.1193931011603162,False,False,0.10351677145993465,False,False,0.0217565804823569,0.0477208805705524,-0.0259643000881955
1970-10,-0.0181,-0.16162969533776406,0.18170479750399982,-0.3939393939393939,0.0888392254629139,1.0,"Durbl,Telcm,Utils",1970-09,True,False,0.1193931011603162,False,False,0.10351677145993465,False,False,-0.0222777475724192,-0.0170544526727303,-0.0052232948996889
1970-11,0.0508,-0.1839042310420843,0.0799664377039997,-0.16363636363636364,0.07076108384608071,1.0,"Durbl,Enrgy,Utils",1970-10,True,False,0.1193931011603162,False,False,0.10351677145993465,False,False,0.0707762293715617,0.0540095451544313,0.0167666842171303
1970-12,0.0616,-0.18984087480304412,0.08048056054399977,0.4303030303030303,0.09224089745136078,2.0,"Durbl,Enrgy,Utils",1970-11,True,True,0.1193931011603162,False,False,0.10351677145993465,False,False,0.0519924824462618,0.0614921232777576,-0.0094996408314957
1971-01,0.0521,-0.10874100796985642,0.09533820003200022,0.7818181818181819,0.11423018834823997,3.0,"Durbl,Enrgy,Utils",1970-12,True,True,0.1193931011603162,False,False,0.10351677145993465,True,True,0.0237570956428945,0.0539928700171004,-0.0302357743742058
1971-02,0.0174,-0.05550605810343068,0.17364835548800017,-0.030303030303030304,0.1262929497223373,3.0,"Durbl,Enrgy,Utils",1971-01,True,False,0.1193931011603162,True,True,0.10351677145993465,True,True,0.0148265695141549,0.014340203936912,0.0004863655772429
1971-03,0.0442,0.01578027112639524,0.13634358286400028,-0.38181818181818183,0.10581001109057621,3.0,"Durbl,Enrgy,Utils",1971-02,False,False,0.1193931011603162,False,False,0.10351677145993465,True,True,0.0286862006069823,0.0423786947929769,-0.0136924941859946
1971-04,0.0343,0.028585879664644986,0.11771850906800019,-0.11515151515151516,0.10479580089600148,2.0,"Durbl,Enrgy,Shops",1971-03,False,False,0.1193931011603162,False,False,0.10351677145993465,True,True,0.0588799369050863,0.0323517173076677,0.0265282195974185
1971-05,-0.037000000000000005,0.04310851587130338,0.09880833944400003,0.6121212121212121,0.1138264976605374,2.0,"Durbl,Enrgy,Shops",1971-04,False,True,0.1193931011603162,False,False,0.10351677145993465,True,True,-0.0361411173034765,-0.0378804801344948,0.0017393628310182
1971-06,0.0028000000000000004,0.0006111174261034247,0.040055465779999855,0.6363636363636364,0.1481392965711451,3.0,"Durbl,Enrgy,Shops",1971-05,False,True,0.1193931011603162,True,True,0.10351677145993465,True,True,0.0022270146830094,0.005023675016214,-0.0027966603332045
1971-07,-0.040900000000000006,0.07523877899153053,-0.0011802134800001918,0.41818181818181815,0.14275544691545777,2.0,"Durbl,Other,Shops",1971-06,False,True,0.1193931011603162,True,True,0.10351677145993465,True,True,-0.0431884694232319,-0.0386061196403668,-0.004582349782865
1971-08,0.0426,0.10259971445608551,-0.07380058276000023,-0.17575757575757575,0.1170915013761459,2.0,"Durbl,Other,Shops",1971-07,False,False,0.1193931011603162,False,False,0.10351677145993465,True,True,0.079428545746921,0.0383719626663006,0.0410565830806204
1971-09,-0.0049,0.09285147094962909,0.0027575414479998894,0.7090909090909091,0.10694487149331881,1.0,"Hlth,NoDur,Shops",1971-08,False,True,0.1193931011603162,False,False,0.10351677145993465,True,False,0.0037253301644886,-0.0039860188957799,0.0077113490602686
1971-10,-0.040499999999999994,0.1136676894439077,-0.00494213253400011,0.793939393939394,0.10890220092292599,1.0,"Durbl,NoDur,Shops",1971-09,False,True,0.1193931011603162,False,False,0.10351677145993465,True,False,-0.0436204658542572,-0.0340634353399497,-0.0095570305143075
1971-11,-0.0008999999999999998,0.011323251960466907,-0.00452713602999999,0.8787878787878788,0.12084992738059583,1.0,"Durbl,Other,Shops",1971-10,False,True,0.1193931011603162,True,False,0.10351677145993465,True,False,0.0009632193822544,0.0006716849362595,0.0002915344459948
1971-12,0.0908,0.044678516370660226,-0.046060868604999916,-0.07878787878787878,0.10255029387377292,1.0,"Hlth,Other,Shops",1971-11,False,False,0.1193931011603162,False,False,0.10351677145993465,False,False,0.0870364717335552,0.088356758891154,-0.0013202871575987
1972-01,0.027600000000000003,0.16267250857781468,0.04568063966000002,-0.3090909090909091,0.09309930186668791,2.0,"Hlth,Other,Shops",1971-12,False,False,0.1193931011603162,False,False,0.10351677145993465,False,False,0.0211955242699573,0.0244538722163623,-0.003258347946405
1972-02,0.0312,0.2916348862860134,0.11989726452800009,0.38181818181818183,0.09164727655319807,2.0,"Durbl,Hlth,Shops",1972-01,False,True,0.1193931011603162,False,False,0.10351677145993465,False,False,0.0450791475727627,0.0276714182555832,0.0174077293171794
1972-03,0.0089,0.25939286567524267,0.1558783496959999,0.44242424242424244,0.07598667752387953,2.0,"Durbl,Hlth,Shops",1972-02,False,True,0.1193931011603162,False,False,0.10351677145993465,False,False,0.0222212608216854,0.0066988748745981,0.0155223859470872
1972-04,0.0058,0.2768580667066147,0.06909210396799992,0.6606060606060606,0.08705642049064248,2.0,"Hlth,Manuf,Shops",1972-03,False,True,0.1193931011603162,False,False,0.10351677145993465,False,False,0.007957473545811,0.0018712870047978,0.0060861865410131
1972-05,0.0159,0.43477135905877895,0.046411870543999756,0.9151515151515152,0.08274983520562645,2.0,"Hlth,Manuf,Shops",1972-04,False,True,0.1193931011603162,False,False,0.10351677145993465,False,False,0.0240286269178906,0.0144033275822457,0.0096252993356449
1972-06,-0.021400000000000002,0.55674914415018,0.03088617075799993,0.7212121212121212,0.08547979711729813,3.0,"Hlth,Manuf,Shops",1972-05,False,True,0.1193931011603162,False,False,0.10351677145993465,False,False,-0.0132035862863931,-0.0202671808902711,0.0070635946038779
1972-07,-0.0049,0.6073377426306881,-7.413350799989615e-05,0.47878787878787876,0.09761931071558308,2.0,"HiTec,Hlth,Shops",1972-06,False,True,0.1193931011603162,False,False,0.10351677145993465,False,False,0.0050883971799411,-0.0048171035814538,0.0099055007613949
1972-08,0.0356,0.48870233403927554,-0.010711642725999893,0.3939393939393939,0.11290081728927572,1.0,"HiTec,Hlth,Manuf",1972-07,False,True,0.1193931011603162,False,False,0.10351677145993465,True,False,0.0202597432905484,0.0366019118192004,-0.016342168528652
1972-09,-0.007999999999999998,0.4678664544711737,0.008472313016000044,-0.10303030303030303,0.10048576965901561,2.0,"HiTec,Hlth,Manuf",1972-08,False,False,0.1193931011603162,False,False,0.10351677145993465,False,False,-0.0093699673866214,-0.0042822037027733,-0.0050877636838481
1972-10,0.0092,0.3904922868940075,0.0222813555200001,0.23636363636363636,0.08621160801789826,3.0,"HiTec,Hlth,Manuf",1972-09,False,True,0.1193931011603162,False,False,0.10351677145993465,False,False,-0.0023016670875861,0.0110443647210523,-0.0133460318086384
1972-11,0.0497,0.4291524757444063,0.03676649984000013,-0.16363636363636364,0.09358211294474911,3.0,"HiTec,Hlth,Manuf",1972-10,False,False,0.1193931011603162,False,False,0.10351677145993465,False,False,0.0205560606347423,0.0517903033911519,-0.0312342427564096
1972-12,0.009899999999999999,0.4276564082498129,0.05088238208000018,-0.41818181818181815,0.08264227666051377,3.0,"HiTec,Hlth,Manuf",1972-11,False,False,0.1193931011603162,False,False,0.10351677145993465,False,False,0.0221245962654945,0.0107609561732937,0.0113636400922008
1973-01,-0.0283,0.35812943358278626,0.06984487667600026,-0.1393939393939394,0.05574380518924503,2.0,"Enrgy,Hlth,Manuf",1972-12,False,False,0.1193931011603162,False,False,0.10351677145993465,False,False,0.0001290143268146,-0.027294960891251,0.0274239752180657
1973-02,-0.04429999999999999,0.25434309534492283,0.030091425551000084,0.23636363636363636,0.06813913998776341,1.0,"Enrgy,Hlth,Telcm",1973-01,False,True,0.1193931011603162,False,False,0.10351677145993465,False,False,-0.042756413836849,-0.0427343630288307,-2.2050808018314605e-05
1973-03,-0.008400000000000001,0.17827373326237717,-0.0621526384690001,0.793939393939394,0.09242189497428176,2.0,"Enrgy,Hlth,Telcm",1973-02,False,True,0.1193931011603162,False,False,0.10351677145993465,False,False,0.0145208569623354,-0.0089194494452443,0.0234403064075797
1973-04,-0.05159999999999999,0.11891997117695197,-0.07914700099600014,0.8545454545454545,0.11380564650053746,3.0,"Enrgy,Hlth,Telcm",1973-03,False,True,0.1193931011603162,False,False,0.10351677145993465,True,True,-0.018638480705969,-0.0449680510944514,0.0263295703884823
1973-05,-0.0246,0.025992169258649778,-0.10122776139200007,0.8666666666666667,0.13646128781522696,3.0,"Enrgy,Hlth,Telcm",1973-04,False,True,0.1193931011603162,True,True,0.10351677145993465,True,True,-0.0111455166409395,-0.0203432149503678,0.0091976983094282
1973-06,-0.010600000000000002,0.03920328337994494,-0.08270122262399993,0.9757575757575757,0.14608082555053215,2.0,"Enrgy,Telcm,Utils",1973-05,False,True,0.1193931011603162,True,True,0.10351677145993465,True,True,-0.0044401235415124,-0.0136076031193618,0.0091674795778493
1973-07,0.0568,0.025316841420141234,-0.08473637521599997,0.9515151515151515,0.14457555014203213,2.0,"Enrgy,Telcm,Utils",1973-06,False,True,0.1193931011603162,True,True,0.10351677145993465,True,True,-0.0080736067418006,0.0514006190862397,-0.0594742258280404
1973-08,-0.0312,0.1297621082398137,0.01987621116799998,-0.4666666666666667,0.14760461751557152,3.0,"Enrgy,Telcm,Utils",1973-07,False,False,0.1193931011603162,True,True,0.10351677145993465,True,True,-0.0327051800801401,-0.0355865437555729,0.0028813636754327
1973-09,0.054200000000000005,0.0497923752759748,0.012975264895999983,-0.5393939393939394,0.08991613861956059,2.0,"Enrgy,Hlth,Telcm",1973-08,False,False,0.1193931011603162,False,False,0.10351677145993465,False,False,0.0584096541716163,0.0553944654568687,0.0030151887147475
1973-10,-0.0017999999999999995,0.11214061100988104,0.07931930892799999,-0.5878787878787879,0.07477823123432567,2.0,"Enrgy,Manuf,Telcm",1973-09,False,False,0.1193931011603162,False,False,0.10351677145993465,False,False,-0.0001334555759294,-0.0088932532695661,0.0087597976936366
1973-11,-0.1222,0.15699714216786176,0.01947060387200006,0.18787878787878787,0.07012866074798114,2.0,"Enrgy,Manuf,Telcm",1973-10,False,True,0.1193931011603162,False,False,0.10351677145993465,False,False,-0.0827503939252156,-0.1187132494747539,0.0359628555495382
1973-12,0.0123,0.016526965664046767,-0.07628891816799999,0.806060606060606,0.09054593469638987,2.0,"Enrgy,Hlth,Manuf",1973-11,False,True,0.1193931011603162,False,False,0.10351677145993465,False,False,0.0177718288515009,0.0056095176914785,0.0121623111600224
1974-01,0.0047,-0.05662793606370142,-0.11300253449199993,0.8909090909090909,0.11020352588021924,1.0,"Enrgy,Hlth,Telcm",1973-12,False,True,0.1193931011603162,False,False,0.10351677145993465,True,False,-0.0267778576540719,0.0145926918105565,-0.0413705494646284
1974-02,0.0011999999999999997,-0.07765092191825695,-0.10722665438199996,0.6606060606060606,0.11409943883362766,1.0,"Enrgy,Manuf,Telcm",1974-01,False,True,0.1193931011603162,False,False,0.10351677145993465,True,False,0.0102798476300787,0.0025456870308788,0.0077341605991998
1974-03,-0.0226,-0.10448419610604986,0.018278279371999995,0.22424242424242424,0.09446152517381008,2.0,"Enrgy,Telcm,Utils",1974-02,True,True,0.1193931011603162,False,False,0.10351677145993465,False,False,-0.0385954792619824,-0.0225356503846501,-0.0160598288773323
1974-04,-0.0453,-0.13244410077713653,-0.0168278274639998,-0.17575757575757575,0.08671536727059659,2.0,"Enrgy,Telcm,Utils",1974-03,False,False,0.1193931011603162,False,False,0.10351677145993465,False,False,-0.079535737096716,-0.0470572545907145,-0.0324784825060014
1974-05,-0.0395,-0.17652056374222735,-0.06575647146399977,-0.23636363636363636,0.05623394087118109,2.0,"Enrgy,Manuf,Telcm",1974-04,False,False,0.1193931011603162,False,False,0.10351677145993465,False,False,-0.0390871311885314,-0.0306815665925163,-0.0084055645960151
1974-06,-0.022399999999999996,-0.2214273072885219,-0.10373460930999989,-0.05454545454545454,0.056292529114393745,2.0,"Enrgy,Manuf,Telcm",1974-05,False,False,0.1193931011603162,False,False,0.10351677145993465,False,False,-0.0015460195556977,-0.022743019067002,0.0211969995113042
1974-07,-0.0736,-0.22222290578914672,-0.1035512114399999,0.7454545454545455,0.053011590110772895,2.0,"Manuf,Shops,Telcm",1974-06,False,True,0.1193931011603162,False,False,0.10351677145993465,False,False,-0.0924033910297184,-0.0784882178382635,-0.0139151731914548
1974-08,-0.0879,-0.27591930451519,-0.13012448127999987,0.696969696969697,0.06429461073943578,2.0,"Enrgy,Manuf,Telcm",1974-07,False,True,0.1193931011603162,False,False,0.10351677145993465,False,False,-0.0631124520753459,-0.0811679777601136,0.0180555256847676
1974-09,-0.1098,-0.3622692136426272,-0.17395787545599994,0.6121212121212121,0.07262717771037036,2.0,"Enrgy,Manuf,Telcm",1974-08,False,True,0.1193931011603162,False,False,0.10351677145993465,False,False,-0.0821870660919628,-0.1053123941798558,0.023125328087893
1974-10,0.1662,-0.4277137640974463,-0.24780820451200003,0.4666666666666667,0.07381889864075757,3.0,"Enrgy,Manuf,Telcm",1974-09,False,True,0.1193931011603162,False,False,0.10351677145993465,False,False,0.1589470772088308,0.1553649628120903,0.0035821143967404
1974-11,-0.0399,-0.3386838998121702,-0.053102253996000104,0.6121212121212121,0.09511221322475076,2.0,"Enrgy,Telcm,Utils",1974-10,False,True,0.1193931011603162,False,False,0.10351677145993465,False,False,-0.0253724171988765,-0.0368105207022303,0.0114381035033538
1974-12,-0.0274,-0.3951323351525814,-0.0032709944760002108,0.7212121212121212,0.08312788875909731,2.0,"Enrgy,Telcm,Utils",1974-11,False,True,0.1193931011603162,False,False,0.10351677145993465,False,False,0.0052585797805053,-0.0236975566485981,0.0289561364291035
1975-01,0.1425,-0.4174727291508077,0.08898969981199989,0.5757575757575758,0.06951752722363452,2.0,"Hlth,Telcm,Utils",1974-12,True,True,0.1193931011603162,False,False,0.10351677145993465,False,False,0.0968627147216294,0.1498675803567126,-0.0530048656350832
1975-02,0.059899999999999995,-0.3150793383295232,0.06685879955000007,-0.3696969696969697,0.0901321814117034,1.0,"Enrgy,Hlth,Telcm",1975-01,True,False,0.1193931011603162,False,False,0.10351677145993465,False,False,0.0779063235777195,0.0626038059002092,0.0153025176775103
1975-03,0.0307,-0.24040241780418703,0.17775611045000028,-0.296969696969697,0.06671021306021771,1.0,"Enrgy,Telcm,Utils",1975-02,True,False,0.1193931011603162,False,False,0.10351677145993465,False,False,-0.0154532109582786,0.0314620740452005,-0.0469152850034791
1975-04,0.046599999999999996,-0.21045055670711532,0.24811147752500018,-0.7333333333333333,0.06973381442066988,1.0,"Hlth,Telcm,Utils",1975-03,True,False,0.1193931011603162,False,False,0.10351677145993465,False,False,-0.0067978996499414,0.0333719766877691,-0.0401698763377106
1975-05,0.056400000000000006,-0.1286983895504713,0.14334658413799994,-0.5515151515151515,0.066768054523761,2.0,"NoDur,Telcm,Utils",1975-04,True,False,0.1193931011603162,False,False,0.10351677145993465,False,False,0.0573430104581338,0.0569465984585313,0.0003964119996024
1975-06,0.0528,-0.05634301693778754,0.13957102696799972,-0.15151515151515152,0.06634386511430826,2.0,"Enrgy,Telcm,Utils",1975-05,True,False,0.1193931011603162,False,False,0.10351677145993465,False,False,0.0706022456968566,0.0570096994153042,0.0135925462815524
1975-07,-0.061200000000000004,0.0041258053041208775,0.16400541107199995,0.34545454545454546,0.09219466952457477,1.0,"Enrgy,Other,Utils",1975-06,False,True,0.1193931011603162,False,False,0.10351677145993465,False,False,-0.0509514989271944,-0.0616409814732928,0.0106894825460984
1975-08,-0.0236,-0.10799270815716433,0.04411263129599985,0.8545454545454545,0.0605462973208105,2.0,"Enrgy,NoDur,Utils",1975-07,True,True,0.1193931011603162,False,False,0.10351677145993465,False,False,-0.0177942323720621,-0.0248008426850818,0.0070066103130197
1975-09,-0.0373,-0.10099512824592827,-0.034956859904000104,0.6484848484848484,0.1025418793630599,2.0,"Enrgy,NoDur,Utils",1975-08,False,True,0.1193931011603162,False,False,0.10351677145993465,False,False,-0.0153046220498005,-0.0313666502239554,0.0160620281741549
1975-10,0.058800000000000005,-0.17902486241923266,-0.11754651313600006,0.28484848484848485,0.09665247053797758,2.0,"Enrgy,NoDur,Shops",1975-09,False,True,0.1193931011603162,False,False,0.10351677145993465,False,False,0.0635088268809738,0.0701193312183052,-0.0066105043373314
1975-11,0.0306,-0.12918405562961688,-0.004748879536000006,0.5878787878787879,0.12305325081850116,1.0,"Durbl,NoDur,Shops",1975-10,False,True,0.1193931011603162,True,False,0.10351677145993465,True,False,0.0397199199866646,0.0345470309005448,0.0051728890861197
1975-12,-0.011200000000000002,0.022400219034081514,0.05049754685600005,0.5636363636363636,0.16017260611523906,2.0,"Durbl,NoDur,Shops",1975-11,False,True,0.1193931011603162,True,True,0.10351677145993465,True,True,-0.0166023221548611,-0.0129057863952187,-0.0036965357596423
1976-01,0.1262,-0.0013342521180481626,0.07897784806399999,0.7212121212121212,0.1847144307595005,3.0,"Durbl,NoDur,Shops",1975-12,True,True,0.1193931011603162,True,True,0.10351677145993465,True,True,0.118561433532258,0.1176519714295405,0.0009094621027174
1976-02,0.006500000000000001,0.1194360159895036,0.14766230873600006,0.40606060606060607,0.09298680530008058,3.0,"Durbl,NoDur,Shops",1976-01,False,True,0.1193931011603162,False,False,0.10351677145993465,False,False,0.0248551138875308,0.003775051431027,0.0210800624565037
1976-03,0.0272,0.12536191579448186,0.12082487264000008,0.4909090909090909,0.13211926376208222,3.0,"Durbl,NoDur,Shops",1976-02,False,True,0.1193931011603162,True,True,0.10351677145993465,True,True,0.0256547331491652,0.0295237151080394,-0.0038689819588741
1976-04,-0.010700000000000001,0.18270079793747862,0.16435205215999993,0.6484848484848484,0.13167685279606692,1.0,"Durbl,HiTec,Manuf",1976-03,False,True,0.1193931011603162,True,False,0.10351677145993465,True,False,-0.010593267788702,-0.0106985744309768,0.0001053066422748
1976-05,-0.0097,0.22556394616062359,0.022814318239999798,0.296969696969697,0.11635435413397899,1.0,"Durbl,Shops,Utils",1976-04,False,True,0.1193931011603162,False,False,0.10351677145993465,True,False,-0.0352101816363938,-0.0151805668697264,-0.0200296147666674
1976-06,0.044899999999999995,0.26358768962297296,0.006351733087999634,0.2606060606060606,0.1343665294047392,1.0,"Durbl,Telcm,Utils",1976-05,False,True,0.1193931011603162,True,False,0.10351677145993465,True,False,0.039953175529255,0.0432200456980285,-0.0032668701687734
1976-07,-0.005900000000000001,0.3505756719384656,0.023692490170999614,0.696969696969697,0.10421577779288638,1.0,"Durbl,HiTec,Telcm",1976-06,False,True,0.1193931011603162,False,False,0.10351677145993465,True,False,-0.0070657671733169,-0.0028654384833851,-0.0042003286899318
1976-08,-0.0014999999999999996,0.4492738293113434,0.028659359626999725,0.28484848484848485,0.10533244539243089,2.0,"Durbl,HiTec,Telcm",1976-07,False,True,0.1193931011603162,False,False,0.10351677145993465,True,True,0.0080934942303672,0.0063332953703445,0.0017601988600226
1976-09,0.025,0.5865584021131198,0.03717698736499986,0.2606060606060606,0.10699278322348198,3.0,"Durbl,HiTec,Telcm",1976-08,False,True,0.1193931011603162,False,False,0.10351677145993465,True,True,0.0299866176455296,0.0266795906977461,0.0033070269477835
1976-10,-0.0201,0.826805619148447,0.017424071249999784,-0.030303030303030304,0.08637696880532822,3.0,"Durbl,HiTec,Telcm",1976-09,False,False,0.1193931011603162,False,False,0.10351677145993465,False,False,-0.0145714176407494,-0.0175873536293331,0.0030159359885837
1976-11,0.0076,0.5349741263964702,0.0028909037500000068,0.05454545454545454,0.09655691239420798,2.0,"Durbl,Enrgy,HiTec",1976-10,False,True,0.1193931011603162,False,False,0.10351677145993465,False,False,0.0054544368201483,0.0064829220412117,-0.0010284852210633
1976-12,0.0605,0.6109154564702464,0.012030920999999806,0.44242424242424244,0.10665877457252142,1.0,"Durbl,Enrgy,Telcm",1976-11,False,True,0.1193931011603162,False,False,0.10351677145993465,True,False,0.0644738964155098,0.0578265579330732,0.0066473384824365
1977-01,-0.0367,0.7565040526287232,0.04708174802000009,0.3333333333333333,0.11177988620324888,2.0,"Durbl,Enrgy,Telcm",1976-12,False,True,0.1193931011603162,False,False,0.10351677145993465,True,True,-0.012609848146298,-0.0369675350867159,0.0243576869404178
1977-02,-0.0159,0.4809981215730843,0.02934365533999994,0.9393939393939394,0.10975264590782208,2.0,"Enrgy,Telcm,Utils",1977-01,False,True,0.1193931011603162,False,False,0.10351677145993465,True,True,-0.0184939989998333,-0.0153526124624301,-0.0031413865374032
1977-03,-0.009700000000000002,0.37508279218801044,0.005336533564999968,0.9151515151515152,0.14107013204356642,2.0,"Enrgy,Telcm,Utils",1977-02,False,True,0.1193931011603162,True,True,0.10351677145993465,True,True,-0.0097760670777129,-0.0126158261084027,0.0028397590306897
1977-04,0.0053,0.3211841361247567,-0.061211910241000145,0.806060606060606,0.12916270491687665,3.0,"Enrgy,Telcm,Utils",1977-03,False,True,0.1193931011603162,True,True,0.10351677145993465,True,True,0.0170627072931992,-0.0006951160251269,0.0177578233183262
1977-05,-0.011,0.2690487407282802,-0.020280632581000102,0.6363636363636364,0.11172211182904272,3.0,"Enrgy,Telcm,Utils",1977-04,False,True,0.1193931011603162,False,False,0.10351677145993465,True,True,0.0088965385486812,-0.0088718080469522,0.0177683465956334
1977-06,0.051199999999999996,0.1880814128930981,-0.015402444490000167,0.9393939393939394,0.12229813964370786,3.0,"Enrgy,Telcm,Utils",1977-05,False,True,0.1193931011603162,True,True,0.10351677145993465,True,True,0.0457954383119756,0.0541839550247005,-0.0083885167127248
1977-07,-0.0127,0.18627581804067717,0.04514687503999992,0.8303030303030303,0.1299438321063586,3.0,"Enrgy,Telcm,Utils",1977-06,False,True,0.1193931011603162,True,True,0.10351677145993465,True,True,-0.0059416994118131,-0.0096571350593819,0.0037154356475688
1977-08,-0.0132,0.24756083846565868,0.026433412639999654,0.18787878787878787,0.11310335390831835,3.0,"Enrgy,Telcm,Utils",1977-07,False,True,0.1193931011603162,False,False,0.10351677145993465,True,True,-0.0379047201341078,-0.0055962461238803,-0.0323084740102275
1977-09,0.0015999999999999999,0.260849073533298,0.024150143168000016,-0.4666666666666667,0.11208499667817926,3.0,"Enrgy,Telcm,Utils",1977-08,False,False,0.1193931011603162,False,False,0.10351677145993465,True,True,0.0207594154436934,0.0036385799943854,0.0171208354493079
1977-10,-0.03899999999999999,0.3117964392343944,-0.0241735317759999,-0.01818181818181818,0.08580567915853837,2.0,"Other,Telcm,Utils",1977-09,False,False,0.1193931011603162,False,False,0.10351677145993465,False,False,-0.0423528108598821,-0.0367560649940583,-0.0055967458658238
1977-11,0.045,0.19062748215362002,-0.05016789631999985,-0.24848484848484848,0.08609738930745597,2.0,"Other,Telcm,Utils",1977-10,False,False,0.1193931011603162,False,False,0.10351677145993465,False,False,0.0431295107089768,0.0441158263545016,-0.0009863156455247
1977-12,0.0076,0.20726345706436344,0.005851792000000078,0.3212121212121212,0.05941231847993278,3.0,"Other,Telcm,Utils",1977-11,False,True,0.1193931011603162,False,False,0.10351677145993465,False,False,0.0081263223901659,0.006094276295828,0.0020320460943379
1978-01,-0.055099999999999996,0.23021709075450314,0.011877262000000055,0.12727272727272726,0.055308553169314115,3.0,"Other,Telcm,Utils",1977-12,False,True,0.1193931011603162,False,False,0.10351677145993465,False,False,-0.0466375461394796,-0.0525444641780546,0.005906918038575
1978-02,-0.0093,0.032172020115370126,-0.0050751042000000135,0.7333333333333333,0.045364956216274864,2.0,"Hlth,Other,Utils",1978-01,False,True,0.1193931011603162,False,False,0.10351677145993465,False,False,-0.0123314428656492,-0.0065859612240282,-0.005745481641621
1978-03,0.033800000000000004,0.01596902168732961,-0.05677311553199993,0.6484848484848484,0.05246138154937033,2.0,"Hlth,Other,Utils",1978-02,False,True,0.1193931011603162,False,False,0.10351677145993465,False,False,0.0403602773854121,0.0331821178385278,0.0071781595468842
1978-04,0.08410000000000001,0.022496860027610532,-0.03224696986599995,0.5393939393939394,0.05247902416416058,2.0,"Hlth,Telcm,Utils",1978-03,False,True,0.1193931011603162,False,False,0.10351677145993465,False,False,0.0408144769304652,0.0804524653603888,-0.0396379884299236
1978-05,0.0227,0.12047796012931644,0.11031967400600018,-0.17575757575757575,0.06347207076339627,1.0,"Hlth,NoDur,Telcm",1978-04,False,False,0.1193931011603162,False,False,0.10351677145993465,False,False,0.0296861334972531,0.020375403731625,0.009310729765628
1978-06,-0.011499999999999998,0.15713703910355648,0.1461834365660002,0.4666666666666667,0.0756463223241919,1.0,"Hlth,Other,Shops",1978-05,False,True,0.1193931011603162,False,False,0.10351677145993465,False,False,-0.0045972671221463,-0.0104977028209329,0.0059004356987866
1978-07,0.0568,0.09467888137990799,0.09595891569500004,0.6363636363636364,0.07413206604074002,1.0,"Hlth,NoDur,Other",1978-06,False,True,0.1193931011603162,False,False,0.10351677145993465,False,False,0.0630121520253375,0.0528733550589686,0.0101387969663688
1978-08,0.0434,0.1637226052130436,0.06836028236000002,0.6606060606060606,0.08396094604903073,2.0,"Hlth,NoDur,Other",1978-07,False,True,0.1193931011603162,False,False,0.10351677145993465,False,False,0.0386907622431185,0.0393393615661799,-0.0006485993230613
1978-09,-0.008199999999999999,0.21605224464625916,0.08998447111999996,0.8909090909090909,0.08329751671417311,2.0,"HiTec,Hlth,Other",1978-08,False,True,0.1193931011603162,False,False,0.10351677145993465,False,False,-0.0281330589409319,-0.0082874623812984,-0.0198455965596335
1978-10,-0.11220000000000001,0.17666401584405866,0.09362326601600013,0.296969696969697,0.10201926212257507,2.0,"HiTec,Hlth,Other",1978-09,False,True,0.1193931011603162,False,False,0.10351677145993465,False,False,-0.125704197435498,-0.108228057061267,-0.0174761403742309
1978-11,0.0341,0.06607032683575387,-0.08126539026399993,-0.7575757575757576,0.08375113993274176,2.0,"Hlth,Manuf,Other",1978-10,False,False,0.1193931011603162,False,False,0.10351677145993465,False,False,0.0348479656850821,0.0333280453295359,0.0015199203555462
1978-12,0.0165,0.0941081033950506,-0.089454226636,-0.04242424242424243,0.049048577115146444,2.0,"Hlth,Other,Telcm",1978-11,False,False,0.1193931011603162,False,False,0.10351677145993465,False,False,0.0156914082100432,0.0145836800817784,0.0011077281282647
1979-01,0.04989999999999999,0.04871370778035722,-0.06677779933000005,0.296969696969697,0.04778051469923989,2.0,"Hlth,Manuf,Other",1978-12,False,True,0.1193931011603162,False,False,0.10351677145993465,False,False,0.0461834714019018,0.0463412512977996,-0.0001577798958978
1979-02,-0.0283,0.14299234070237432,0.10361566623499985,0.7818181818181819,0.06283033949301167,2.0,"HiTec,Hlth,Other",1979-01,False,True,0.1193931011603162,False,False,0.10351677145993465,False,False,-0.037164252957458,-0.0287360568038894,-0.0084281961535686
1979-03,0.0648,0.1285902423132783,0.03702092919500011,0.38181818181818183,0.07616815327154412,1.0,"HiTec,Manuf,Other",1979-02,False,True,0.1193931011603162,False,False,0.10351677145993465,False,False,0.0766742623770628,0.0567724516044829,0.0199018107725799
1979-04,0.0073,0.21349377967805605,0.08629600138400018,0.5151515151515151,0.07761714084185817,1.0,"Enrgy,HiTec,Manuf",1979-03,False,True,0.1193931011603162,False,False,0.10351677145993465,False,False,0.0136607364975245,0.0052194955811559,0.0084412409163685
1979-05,-0.013800000000000003,0.21590797201801015,0.04221922296800007,0.3939393939393939,0.07567798287440293,2.0,"Enrgy,HiTec,Manuf",1979-04,False,True,0.1193931011603162,False,False,0.10351677145993465,False,False,-0.0224427475116191,-0.0130374003322187,-0.0094053471794003
1979-06,0.0465,0.21246556319935483,0.05777153204800012,0.5151515151515151,0.08502110834480898,2.0,"Enrgy,HiTec,Other",1979-05,False,True,0.1193931011603162,False,False,0.10351677145993465,False,False,0.0555473120200975,0.041103911987141,0.0144434000329565
1979-07,0.016,0.2070445318570442,0.039592325590000144,0.12727272727272726,0.08868940463569065,2.0,"Enrgy,HiTec,Other",1979-06,False,True,0.1193931011603162,False,False,0.10351677145993465,False,False,0.0113170800746362,0.0128806358557411,-0.0015635557811048
1979-08,0.0631,0.24213232489289682,0.048571232800000086,0.38181818181818183,0.11000616418220849,3.0,"Enrgy,HiTec,Other",1979-07,False,True,0.1193931011603162,False,False,0.10351677145993465,True,True,0.0653907865351761,0.0606344014172175,0.0047563851179586
1979-09,0.0,0.33817478171224025,0.13033469640000006,0.22424242424242424,0.10344284457503236,2.0,"Enrgy,Other,Utils",1979-08,False,True,0.1193931011603162,False,False,0.10351677145993465,False,False,0.0098942432471755,-0.0045397046686905,0.0144339479158661
1979-10,-0.0723,0.3360371223165335,0.08010959999999989,0.4303030303030303,0.09130091234092462,2.0,"Enrgy,Manuf,Other",1979-09,False,True,0.1193931011603162,False,False,0.10351677145993465,False,False,-0.0721478250974183,-0.0703667367880084,-0.0017810883094099
1979-11,0.062099999999999995,0.28974155918111144,-0.013762130000000039,0.5272727272727272,0.14476106533697727,2.0,"Enrgy,Manuf,Other",1979-10,False,True,0.1193931011603162,True,True,0.10351677145993465,True,True,0.0688822167545009,0.0562582368163724,0.0126239799381284
1979-12,0.027299999999999998,0.3108464210586206,-0.014689830000000015,0.24848484848484848,0.13269930577181394,2.0,"Enrgy,Hlth,Other",1979-11,False,True,0.1193931011603162,True,True,0.10351677145993465,True,True,0.0286236206034338,0.0220978413548147,0.006525779248619
1980-01,0.063,0.33647531595228375,0.012209137641000067,0.6606060606060606,0.14923569224418898,2.0,"Enrgy,Hlth,Other",1979-12,False,True,0.1193931011603162,True,True,0.10351677145993465,True,True,0.060995795975326,0.0457123218952297,0.0152834740800962
1980-02,-0.0034000000000000002,0.5035170503304875,0.15983433579000006,0.6606060606060606,0.1587397914218706,3.0,"Enrgy,Hlth,Other",1980-01,False,True,0.1193931011603162,True,True,0.10351677145993465,True,True,0.0166079456858769,-0.0220089388196649,0.0386168845055419
1980-03,-0.1169,0.5124710733414393,0.08830703234000015,0.806060606060606,0.20904828722299376,2.0,"Enrgy,Manuf,Other",1980-02,False,True,0.1193931011603162,True,True,0.10351677145993465,True,True,-0.1403341310208968,-0.0934048256121112,-0.0469293054087855
1980-04,0.0521,0.29199381395610846,-0.06445640001999986,0.006060606060606061,0.2437006351287229,2.0,"Enrgy,Manuf,Other",1980-03,False,True,0.1193931011603162,True,True,0.10351677145993465,True,True,0.0539840369275856,0.049709604246644,0.0042744326809416
1980-05,0.060700000000000004,0.2538572932969485,-0.07404946233399978,0.18787878787878787,0.1492062009272296,2.0,"Enrgy,Hlth,Other",1980-04,False,True,0.1193931011603162,True,True,0.10351677145993465,True,True,0.0636119519919984,0.0628359313340098,0.0007760206579885
1980-06,0.0359,0.3004462999902937,-0.014493542742999743,0.06666666666666667,0.1793878021105943,2.0,"Enrgy,Hlth,Other",1980-05,False,True,0.1193931011603162,True,True,0.10351677145993465,True,True,0.0371593001984349,0.0286917255440095,0.0084675746544253
1980-07,0.07039999999999999,0.3628045747697979,0.1560255226730003,0.3939393939393939,0.14845417844943856,2.0,"Enrgy,Hlth,NoDur",1980-06,False,True,0.1193931011603162,True,True,0.10351677145993465,True,True,0.0617340918979623,0.0752325265227957,-0.0134984346248334
1980-08,0.0239,0.38034255945646467,0.17613318075200013,-0.18787878787878787,0.16181931658294066,2.0,"Enrgy,Hlth,Other",1980-07,False,False,0.1193931011603162,True,True,0.10351677145993465,True,True,0.0217458862762742,0.0217806537694058,-3.476749313158223e-05
1980-09,0.0294,0.35454547309514495,0.13532833390400012,-0.05454545454545454,0.12615830429217745,2.0,"Enrgy,Hlth,Other",1980-08,False,False,0.1193931011603162,True,True,0.10351677145993465,True,True,0.0465600440994695,0.0196924163778573,0.0268676277216122
1980-10,0.0199,0.40589746925200876,0.12820444726400027,0.18787878787878787,0.10648829973861132,2.0,"Enrgy,HiTec,Hlth",1980-09,False,True,0.1193931011603162,False,False,0.10351677145993465,True,True,0.0279205736606935,0.0065811749390998,0.0213393987215937
1980-11,0.1056,0.6150876648908803,0.07497731293400012,0.9878787878787879,0.12589190673369308,1.0,"Enrgy,HiTec,Other",1980-10,False,True,0.1193931011603162,True,False,0.10351677145993465,True,False,0.1389504184468564,0.0744087252625436,0.0645416931843128
1980-12,-0.0315,0.7267584588563556,0.16075292233600003,0.7575757575757576,0.13416376217142703,1.0,"Enrgy,Manuf,Other",1980-11,False,True,0.1193931011603162,True,False,0.10351677145993465,True,False,-0.0424034753462682,-0.011340133949852,-0.0310633413964162
1981-01,-0.0402,0.6452194465345602,0.09208199464,0.8666666666666667,0.22287924270214024,2.0,"Enrgy,HiTec,Other",1980-12,False,True,0.1193931011603162,True,True,0.10351677145993465,True,True,-0.0722965697611653,-0.0219613268929276,-0.0503352428682377
1981-02,0.016800000000000002,0.5040305026991816,0.02772850127999993,0.006060606060606061,0.11929836280047895,2.0,"Enrgy,Hlth,Other",1981-01,False,True,0.1193931011603162,False,False,0.10351677145993465,True,True,0.0101857909234273,0.020463916262768,-0.0102781253393406
1981-03,0.048799999999999996,0.57383782560927,-0.05481698616000008,0.41818181818181815,0.07004953053420579,1.0,"Hlth,NoDur,Other",1981-02,False,True,0.1193931011603162,False,False,0.10351677145993465,False,False,0.0724423403900651,0.0548018549086704,0.0176404854813947
1981-04,-0.0108,0.5501888725572901,0.02354976243200002,-0.2,0.08043763105466137,2.0,"Enrgy,Hlth,Other",1981-03,False,False,0.1193931011603162,False,False,0.10351677145993465,False,False,-0.0151326607757765,0.0041158868310018,-0.0192485476067784
1981-05,0.012799999999999999,0.5223337960227055,0.05490250572799993,0.6121212121212121,0.12832047852620124,1.0,"Manuf,Other,Shops",1981-04,False,True,0.1193931011603162,True,False,0.10351677145993465,True,False,0.0168217797033827,0.0235866714768009,-0.0067648917734182
1981-06,-0.009899999999999996,0.5633945128896733,0.050752613887999676,0.6363636363636364,0.11895761646215175,1.0,"Hlth,Other,Shops",1981-05,False,True,0.1193931011603162,False,False,0.10351677145993465,True,False,-0.0282907317886315,-0.0146092435837694,-0.013681488204862
1981-07,-0.0031000000000000003,0.47913703508080796,-0.008056671424000239,0.030303030303030304,0.13975419438007614,2.0,"Hlth,Other,Shops",1981-06,False,True,0.1193931011603162,True,True,0.10351677145993465,True,True,-0.0334426267739982,-0.0092827800260235,-0.0241598467479746
1981-08,-0.0574,0.4513304234961195,-0.00033531716800005995,-0.2606060606060606,0.07389172561840475,3.0,"Hlth,Other,Shops",1981-07,False,False,0.1193931011603162,False,False,0.10351677145993465,False,False,-0.0629353150502322,-0.0539433943081824,-0.0089919207420497
1981-09,-0.059500000000000004,0.2868253759641073,-0.06962487160599995,0.06666666666666667,0.05397953179439976,3.0,"Hlth,Other,Shops",1981-08,False,True,0.1193931011603162,False,False,0.10351677145993465,False,False,-0.0340383394730557,-0.0414297543745767,0.0073914149015209
1981-10,0.0613,0.21025926609424284,-0.11623289742999998,0.7454545454545455,0.07445084311211497,0.0,"NoDur,Telcm,Utils",1981-09,False,True,0.1193931011603162,False,False,0.10351677145993465,False,False,0.0600061302681993,0.0545348916847285,0.0054712385834707
1981-11,0.044700000000000004,0.38455121171264395,-0.059141312109999955,0.8545454545454545,0.12490531519006666,0.0,"NoDur,Shops,Telcm",1981-10,False,True,0.1193931011603162,True,False,0.10351677145993465,True,False,0.0210926342405275,0.0392380053696896,-0.0181453711291621
1981-12,-0.0276,0.361868610183786,0.04277007345500006,0.7818181818181819,0.17821192693368748,2.0,"NoDur,Shops,Telcm",1981-11,False,True,0.1193931011603162,True,True,0.10351677145993465,True,True,-0.0172701094636311,-0.0196873301401826,0.0024172206765514
1982-01,-0.024300000000000002,0.2890889093183231,0.07813888296399996,-0.05454545454545454,0.15405823278280886,3.0,"NoDur,Shops,Telcm",1981-12,False,False,0.1193931011603162,True,True,0.10351677145993465,True,True,-0.0004009378940201,-0.0104467099838277,0.0100457720898076
1982-02,-0.049400000000000006,0.1832211183648993,-0.008819270604000007,0.01818181818181818,0.11185377261297555,3.0,"NoDur,Shops,Telcm",1982-01,False,True,0.1193931011603162,False,False,0.10351677145993465,True,True,-0.0301361798884136,-0.0392414764654897,0.009105296577076
1982-03,-0.008400000000000001,0.12860725980099663,-0.09809859159199996,0.16363636363636364,0.12498357386473558,3.0,"NoDur,Shops,Telcm",1982-02,False,True,0.1193931011603162,True,True,0.10351677145993465,True,True,0.0293238624730918,0.0013973473045443,0.0279265151685474
1982-04,0.0437,0.26727093060657703,-0.08029058352799989,0.5515151515151515,0.12783966832375362,2.0,"NoDur,Telcm,Utils",1982-03,False,True,0.1193931011603162,True,True,0.10351677145993465,True,True,0.0302188240983136,0.0449361582551102,-0.0147173341567965
1982-05,-0.028700000000000003,0.25715299902488775,-0.016192766247999812,0.45454545454545453,0.12350757950088946,2.0,"NoDur,Telcm,Utils",1982-04,False,True,0.1193931011603162,True,True,0.10351677145993465,True,True,-0.0121141150574941,-0.0248182490239897,0.0127041339664956
1982-06,-0.021200000000000004,0.1511951616412497,0.005230345196000075,0.5636363636363636,0.10460562226038517,3.0,"NoDur,Telcm,Utils",1982-05,False,True,0.1193931011603162,False,False,0.10351677145993465,True,True,-0.0100069492298723,-0.0120701033934793,0.002063154163607
1982-07,-0.0215,0.08773995966256876,-0.007745601171999961,0.40606060606060607,0.10385032289568531,3.0,"NoDur,Telcm,Utils",1982-06,False,True,0.1193931011603162,False,False,0.10351677145993465,True,True,-0.0061422331474497,-0.0131510408118651,0.0070088076644153
1982-08,0.1199,-0.00564877566346822,-0.06973179145999997,0.7212121212121212,0.12142662771848625,2.0,"NoDur,Shops,Utils",1982-07,False,True,0.1193931011603162,True,True,0.10351677145993465,True,True,0.1124217523445583,0.1192077343741508,-0.0067859820295925
1982-09,0.0182,0.08758075606453919,0.07259072041999981,0.7818181818181819,0.13919081045407894,1.0,"Hlth,NoDur,Shops",1982-08,False,True,0.1193931011603162,True,False,0.10351677145993465,True,False,0.0372142809332083,0.0187642939824261,0.0184499869507821
1982-10,0.1189,0.07574774220411284,0.11576611313000007,0.7575757575757576,0.13361024972178553,1.0,"Durbl,Hlth,Shops",1982-09,False,True,0.1193931011603162,True,False,0.10351677145993465,True,False,0.1383117304658645,0.1161407123850712,0.0221710180807932
1982-11,0.053099999999999994,0.18016878983447593,0.27586173120199997,0.3575757575757576,0.14702324559974533,1.0,"Durbl,NoDur,Shops",1982-10,False,True,0.1193931011603162,True,False,0.10351677145993465,True,False,0.0818725287547923,0.055410099875151,0.0264624288796413
1982-12,0.012300000000000002,0.12412785146046179,0.19975889733799979,0.6121212121212121,0.1928547688305548,2.0,"Durbl,NoDur,Shops",1982-11,False,True,0.1193931011603162,True,True,0.10351677145993465,True,True,0.0064240528558436,0.0131544163798811,-0.0067303635240374
1983-01,0.042800000000000005,0.17496605475831206,0.1928068471569997,0.7696969696969697,0.23390278894314623,2.0,"Durbl,HiTec,Shops",1982-12,False,True,0.1193931011603162,True,True,0.10351677145993465,True,True,0.0490075073672156,0.0428394178552968,0.0061680895119187
1983-02,0.0321,0.27657282965406105,0.11168020396399969,0.2,0.19970616546351325,2.0,"Durbl,NoDur,Shops",1983-01,False,True,0.1193931011603162,True,True,0.10351677145993465,True,True,0.050670774294836,0.0309862790918011,0.0196844952030348
1983-03,0.0344,0.29578168517501635,0.08951204872399998,0.22424242424242424,0.18454217169384984,2.0,"Durbl,HiTec,Shops",1983-02,False,True,0.1193931011603162,True,True,0.10351677145993465,True,True,0.0263863817111111,0.033941033523333,-0.0075546518122218
1983-04,0.0737,0.277990632289318,0.1132977014719998,0.5272727272727272,0.194437875807907,2.0,"Durbl,HiTec,Shops",1983-03,False,True,0.1193931011603162,True,True,0.10351677145993465,True,True,0.0898126855380605,0.0721449900710866,0.0176676954669738
1983-05,0.012,0.3871598684685009,0.1462866724880001,0.3575757575757576,0.18317342624045915,3.0,"Durbl,HiTec,Shops",1983-04,False,True,0.1193931011603162,True,True,0.10351677145993465,True,True,0.0039608435353042,0.0044219713801112,-0.000461127844807
1983-06,0.037399999999999996,0.3860641655708166,0.12396290336000004,0.3212121212121212,0.23540083840058418,3.0,"Durbl,HiTec,Shops",1983-05,False,True,0.1193931011603162,True,True,0.10351677145993465,True,True,0.0751911572233718,0.0419808056919011,0.0332103515314707
1983-07,-0.03319999999999999,0.4522805427362542,0.1272226565600003,0.38181818181818183,0.21401137826170313,2.0,"HiTec,Other,Shops",1983-06,False,True,0.1193931011603162,True,True,0.10351677145993465,True,True,-0.0412611835286061,-0.0335338341531108,-0.0077273493754953
1983-08,0.0026,0.40843096470800533,0.014993819840000144,0.3696969696969697,0.22918598794316383,2.0,"Durbl,HiTec,Shops",1983-07,False,True,0.1193931011603162,True,True,0.10351677145993465,True,True,-0.0276951049865572,0.0017727546951826,-0.0294678596817399
1983-09,0.0168,0.4980828402463888,0.00556601163199999,-0.24848484848484848,0.17940625088925435,2.0,"Durbl,HiTec,Shops",1983-08,False,False,0.1193931011603162,True,True,0.10351677145993465,True,True,0.0291263017430258,0.0208887696719837,0.0082375320710421
1983-10,-0.026700000000000005,0.6196178968235277,-0.014401850176000153,-0.5393939393939394,0.1410200345878674,3.0,"Durbl,HiTec,Shops",1983-09,False,False,0.1193931011603162,True,True,0.10351677145993465,True,True,-0.0289379770556476,-0.0216276395812026,-0.0073103374744449
1983-11,0.0287,0.4853237529240928,-0.00777546625600023,-0.296969696969697,0.08255342937363096,3.0,"Durbl,HiTec,Shops",1983-10,False,False,0.1193931011603162,False,False,0.10351677145993465,False,False,0.0366522285500603,0.0225396844084098,0.0141125441416505
1983-12,-0.0104,0.46257542321529077,0.018054436327999746,0.296969696969697,0.08061478010873407,1.0,"Durbl,Enrgy,Utils",1983-11,False,True,0.1193931011603162,False,False,0.10351677145993465,False,False,-0.0027318446925512,-0.0126014788669435,0.0098696341743922
1984-01,-0.0116,0.4884457412729861,-0.009179120584000056,0.793939393939394,0.07911043429666345,1.0,"Durbl,Manuf,Shops",1983-12,False,True,0.1193931011603162,False,False,0.10351677145993465,False,False,-0.0497005165805699,-0.0084485205095793,-0.0412519960709906
1984-02,-0.04059999999999999,0.5078197916103511,0.006192702367999958,0.05454545454545454,0.09866341391009467,1.0,"Durbl,NoDur,Shops",1984-01,False,True,0.1193931011603162,False,False,0.10351677145993465,False,False,-0.0542865490593178,-0.0387477700583929,-0.0155387790009249
1984-03,0.0138,0.5217781486124247,-0.061591057983999886,0.3212121212121212,0.10846070226063845,1.0,"Durbl,Enrgy,NoDur",1984-02,False,True,0.1193931011603162,False,False,0.10351677145993465,True,False,0.0072276198305483,0.0057191179820401,0.0015085018485081
1984-04,0.003000000000000001,0.5558478086559864,-0.03864290075199994,0.296969696969697,0.11885224724173124,1.0,"Durbl,Enrgy,Utils",1984-03,False,True,0.1193931011603162,False,False,0.10351677145993465,True,False,0.0156585685719352,0.0076324807471193,0.0080260878248159
1984-05,-0.052000000000000005,0.4951761541457831,-0.024442360840000066,0.17575757575757575,0.10458726897732581,1.0,"Enrgy,NoDur,Utils",1984-04,False,True,0.1193931011603162,False,False,0.10351677145993465,True,False,-0.0281973537656236,-0.0476563922147738,0.0194590384491502
1984-06,0.0256,0.4593091672296947,-0.03603435280000011,0.6606060606060606,0.11171690334543526,1.0,"Durbl,Enrgy,NoDur",1984-05,False,True,0.1193931011603162,False,False,0.10351677145993465,True,False,0.021084741440364,0.0375318470793162,-0.0164471056389521
1984-07,-0.019000000000000003,0.5290840640690386,-0.02481439360000004,0.11515151515151516,0.1090934829457921,2.0,"Enrgy,NoDur,Utils",1984-06,False,True,0.1193931011603162,False,False,0.10351677145993465,True,True,-0.0305363235738271,-0.0131740506547682,-0.0173622729190588
1984-08,0.111,0.5329907683717188,-0.046204307199999906,0.24848484848484848,0.09707898310027888,2.0,"Enrgy,NoDur,Telcm",1984-07,False,True,0.1193931011603162,False,False,0.10351677145993465,False,False,0.0976839130326654,0.1044380103217232,-0.0067540972890578
1984-09,0.0005999999999999998,0.5208078789722115,0.11779220959999992,0.28484848484848485,0.07958330273949626,1.0,"NoDur,Telcm,Utils",1984-08,False,True,0.1193931011603162,False,False,0.10351677145993465,False,False,0.0297769894321453,0.0023916690552865,0.0273853203768588
1984-10,0.0016000000000000007,0.4945200979174962,0.0905449345999998,0.38181818181818183,0.07870515009100094,2.0,"Enrgy,NoDur,Telcm",1984-09,False,True,0.1193931011603162,False,False,0.10351677145993465,False,False,-0.012901544074369,0.003497716412909,-0.0163992604872781
1984-11,-0.0104,0.3378419251712972,0.11344526656000009,0.4666666666666667,0.09988675214304667,2.0,"Enrgy,NoDur,Telcm",1984-10,False,True,0.1193931011603162,False,False,0.10351677145993465,False,False,-0.0028437478189337,-0.0093076952776042,0.0064639474586705
1984-12,0.0248,0.2571725089255683,-0.008221929983999843,0.6121212121212121,0.09000500148288838,2.0,"Enrgy,Telcm,Utils",1984-11,False,True,0.1193931011603162,False,False,0.10351677145993465,False,False,0.023656305006606,0.0261123043589381,-0.002455999352332
1985-01,0.0862,0.2726962235966832,0.01576470732800006,0.3939393939393939,0.10120294382607399,2.0,"Enrgy,Telcm,Utils",1984-12,False,True,0.1193931011603162,False,False,0.10351677145993465,False,False,0.049323186720356,0.081753959298328,-0.032430772577972
1985-02,0.018,0.3256642098875311,0.10156112729599998,-0.07878787878787878,0.075398320381023,2.0,"NoDur,Telcm,Utils",1985-01,False,False,0.1193931011603162,False,False,0.10351677145993465,False,False,0.0300816218262649,0.0192376896782267,0.0108439321480382
1985-03,-0.0021000000000000003,0.30755369214756967,0.1331742396800002,0.15151515151515152,0.0778693710266978,1.0,"Durbl,NoDur,Telcm",1985-02,False,True,0.1193931011603162,False,False,0.10351677145993465,False,False,0.0159601283551262,0.0059822118666614,0.0099779164884648
1985-04,-0.0023999999999999994,0.2614151482927882,0.1034295216400003,0.3212121212121212,0.09508629596526187,2.0,"NoDur,Telcm,Utils",1985-03,False,True,0.1193931011603162,False,False,0.10351677145993465,False,False,0.0008995332555423,-0.0047175861166613,0.0056171193722037
1985-05,0.057300000000000004,0.1720105727269119,0.01342413072000026,0.4909090909090909,0.13363660150070092,2.0,"NoDur,Telcm,Utils",1985-04,False,True,0.1193931011603162,True,True,0.10351677145993465,True,True,0.0666253302668109,0.0606992042677583,0.0059261259990526
1985-06,0.0182,0.22447310132822507,0.052547478791999946,0.8666666666666667,0.13390327513974004,3.0,"NoDur,Telcm,Utils",1985-05,False,True,0.1193931011603162,True,True,0.10351677145993465,True,True,0.0349290755904361,0.0188608315488807,0.0160682440415553
1985-07,-0.001,0.20181078829033994,0.07395915713599988,0.8424242424242424,0.1231836329135041,2.0,"Other,Telcm,Utils",1985-06,False,True,0.1193931011603162,True,True,0.10351677145993465,True,True,-0.0315896316052676,-0.0066960200901489,-0.0248936115151187
1985-08,-0.004599999999999999,0.24183799907121384,0.07546631713999985,-0.24848484848484848,0.1327230981432524,2.0,"Other,Telcm,Utils",1985-07,False,False,0.1193931011603162,True,True,0.10351677145993465,True,True,0.0068897232162496,-0.0037931938553311,0.0106829170715808
1985-09,-0.0391,0.23291995239924823,0.01250276371999992,-0.1393939393939394,0.10810744262457213,3.0,"Other,Telcm,Utils",1985-08,False,False,0.1193931011603162,False,False,0.10351677145993465,True,True,-0.0481372085970134,-0.0363760371976293,-0.011761171399384
1985-10,0.0465,0.16513845619633916,-0.044476619860000066,-0.5272727272727272,0.10134354929694492,2.0,"Hlth,Other,Utils",1985-09,False,False,0.1193931011603162,False,False,0.10351677145993465,False,False,0.0516468083369716,0.0433935576603119,0.0082532506766597
1985-11,0.0707,0.25276625337457004,0.0009561734899998786,0.4909090909090909,0.08999919604673005,0.0,"Hlth,NoDur,Telcm",1985-10,False,True,0.1193931011603162,False,False,0.10351677145993465,False,False,0.0832696955704654,0.071501631269593,0.0117680643008724
1985-12,0.0453,0.30391448185880443,0.07667648679499983,0.6363636363636364,0.08826528570851304,0.0,"NoDur,Other,Telcm",1985-11,False,True,0.1193931011603162,False,False,0.10351677145993465,False,False,0.052845353854438,0.0460603692563099,0.006784984598128
1986-01,0.012100000000000001,0.3773057880830719,0.17124563601499987,-0.04242424242424243,0.09170981891599604,1.0,"Hlth,NoDur,Shops",1985-12,False,False,0.1193931011603162,False,False,0.10351677145993465,False,False,0.0143234460923178,0.0046616395151855,0.0096618065771323
1986-02,0.07669999999999999,0.41033102804418964,0.13274506279099962,-0.2727272727272727,0.10047837131905321,1.0,"Hlth,NoDur,Telcm",1986-01,False,False,0.1193931011603162,False,False,0.10351677145993465,False,False,0.0806048427604702,0.0738368814144747,0.0067679613459954
1986-03,0.0551,0.5827636209038765,0.13909275157099987,0.3696969696969697,0.10301863712622135,1.0,"NoDur,Other,Utils",1986-02,False,True,0.1193931011603162,False,False,0.10351677145993465,False,False,0.0588270954840859,0.0573691183894198,0.0014579770946661
1986-04,-0.007600000000000001,0.6472419574035115,0.14977208665700004,0.7212121212121212,0.11849996434868512,1.0,"Manuf,NoDur,Other",1986-03,False,True,0.1193931011603162,False,False,0.10351677145993465,True,False,-0.0128297123459144,-0.0027931312161271,-0.0100365811297873
1986-05,0.0511,0.6298334182724277,0.12739237110799984,0.806060606060606,0.17064556810297946,1.0,"Durbl,Hlth,NoDur",1986-04,False,True,0.1193931011603162,True,False,0.10351677145993465,True,False,0.0632241626395599,0.0545390983047484,0.0086850643348115
1986-06,0.0158,0.807086398677372,0.10058709136399968,0.3939393939393939,0.129049693193698,1.0,"Durbl,Hlth,NoDur",1986-05,False,True,0.1193931011603162,True,False,0.10351677145993465,True,False,0.0360891777605936,0.0207689371307522,0.0153202406298413
1986-07,-0.0591,0.78981899744196,0.05959280391199995,0.41818181818181815,0.13615564882522999,2.0,"Hlth,NoDur,Shops",1986-06,False,True,0.1193931011603162,True,True,0.10351677145993465,True,True,-0.0685772962160361,-0.0546747990097766,-0.0139024972062594
1986-08,0.0653,0.7166571811346996,0.004605873842000063,0.5636363636363636,0.18197833331845925,2.0,"Hlth,NoDur,Shops",1986-07,False,True,0.1193931011603162,True,True,0.10351677145993465,True,True,0.0274572427306858,0.0669747033486301,-0.0395174606179442
1986-09,-0.0814,0.6460440099575115,0.018177754165999982,0.24848484848484848,0.171725219523886,3.0,"Hlth,NoDur,Shops",1986-08,False,True,0.1193931011603162,True,True,0.10351677145993465,True,True,-0.1063702996598067,-0.0818204101603516,-0.024549889499455
1986-10,0.051,0.5111493379442036,-0.07924976867800027,-0.40606060606060607,0.15026873017112974,2.0,"Hlth,NoDur,Utils",1986-09,False,False,0.1193931011603162,True,True,0.10351677145993465,True,True,0.0731336339271895,0.0531582971148316,0.0199753368123578
1986-11,0.0156,0.5856808647956846,0.028492393579999664,-0.5515151515151515,0.0974910083827433,2.0,"Hlth,NoDur,Utils",1986-10,False,False,0.1193931011603162,False,False,0.10351677145993465,False,False,0.0087932954762759,0.0214402575412799,-0.012646962065004
1986-12,-0.027699999999999995,0.6273418414374468,-0.01949040184000006,-0.24848484848484848,0.11128330635689558,3.0,"Hlth,NoDur,Utils",1986-11,False,False,0.1193931011603162,False,False,0.10351677145993465,True,True,-0.0258015770501375,-0.0287067846938176,0.00290520764368
1987-01,0.1287,0.5439739192326596,0.03782874188000007,0.41818181818181815,0.09724869931358712,3.0,"Hlth,NoDur,Utils",1986-12,False,True,0.1193931011603162,False,False,0.10351677145993465,False,False,0.1230281082911739,0.1287435619530528,-0.0057154536618788
1987-02,0.0481,0.6043853458275668,0.11455499615600018,-0.2727272727272727,0.0943779315783377,2.0,"Hlth,NoDur,Telcm",1987-01,False,False,0.1193931011603162,False,False,0.10351677145993465,False,False,0.0555146524420735,0.0451070267148971,0.0104076257271763
1987-03,0.020999999999999998,0.6518234587051792,0.15022163398100008,-0.030303030303030304,0.09954331715893479,2.0,"Enrgy,Hlth,NoDur",1987-02,False,False,0.1193931011603162,False,False,0.10351677145993465,False,False,0.0433853642273709,0.0245720204277968,0.0188133437995741
1987-04,-0.016499999999999997,0.6900608791842748,0.20783326987000006,0.2727272727272727,0.08177422742802722,2.0,"Enrgy,Hlth,NoDur",1987-03,False,True,0.1193931011603162,False,False,0.10351677145993465,False,False,-0.0200899989948021,-0.0126619808726921,-0.00742801812211
1987-05,0.0049,0.6661736915374241,0.05245328334999999,0.34545454545454546,0.11146874380903106,3.0,"Enrgy,Hlth,NoDur",1987-04,False,True,0.1193931011603162,False,False,0.10351677145993465,True,True,0.0229926355902834,0.0075973429861047,0.0153952926041787
1987-06,0.0439,0.583597789299118,0.009073852149999784,0.6606060606060606,0.11036716748843249,2.0,"Durbl,Enrgy,Hlth",1987-05,False,True,0.1193931011603162,False,False,0.10351677145993465,True,True,0.0442816068289693,0.0465725783657677,-0.0022909715367984
1987-07,0.043,0.6235687804452457,0.03170636068499988,0.7333333333333333,0.1451738560469109,1.0,"Durbl,Enrgy,HiTec",1987-06,False,True,0.1193931011603162,True,False,0.10351677145993465,True,False,0.0365821776632639,0.043032173776341,-0.006449996113077
1987-08,0.039900000000000005,0.695077315319711,0.09412275972999962,0.21212121212121213,0.1774969965244229,2.0,"Durbl,Enrgy,Manuf",1987-07,False,True,0.1193931011603162,True,True,0.10351677145993465,True,True,0.0344534500989792,0.0402188430199248,-0.0057653929209455
1987-09,-0.0213,0.7708568416726618,0.13223032923,0.16363636363636364,0.16099409683824953,2.0,"Durbl,Enrgy,Manuf",1987-08,False,True,0.1193931011603162,True,True,0.10351677145993465,True,True,-0.0246735145997764,-0.0225660487868135,-0.0021074658129628
1987-10,-0.22590000000000002,0.8036607253044377,0.06151338559000008,0.2606060606060606,0.1664695718955429,2.0,"Durbl,Hlth,Manuf",1987-09,False,True,0.1193931011603162,True,True,0.10351677145993465,True,True,-0.2476210088555531,-0.2105869427033322,-0.0370340661522209
1987-11,-0.0741,0.3341746464005402,-0.21215962436699987,-0.4303030303030303,0.14972477770886689,2.0,"Durbl,HiTec,Manuf",1987-10,False,False,0.1193931011603162,True,True,0.10351677145993465,True,True,-0.0781920012608368,-0.078030448354488,-0.0001615529063487
1987-12,0.0721,0.1537426964623705,-0.298527354747,0.24848484848484848,0.08361516639255688,0.0,"Enrgy,Hlth,Telcm",1987-11,False,True,0.1193931011603162,False,False,0.10351677145993465,False,False,0.0523138264201232,0.0696194218275652,-0.0173055954074419
1988-01,0.045,0.18332301241491233,-0.2315839144009999,0.5151515151515151,0.05919948397473194,0.0,"Enrgy,NoDur,Telcm",1987-12,False,True,0.1193931011603162,False,False,0.10351677145993465,False,False,0.071304666604594,0.0516373610867777,0.0196673055178162
1988-02,0.05229999999999999,0.22178890225628223,0.03732697254999984,-0.24848484848484848,0.06270073654910167,1.0,"Manuf,NoDur,Telcm",1988-01,False,False,0.1193931011603162,False,False,0.10351677145993465,False,False,0.0497698703051825,0.0499644831255339,-0.0001946128203513
1988-03,-0.018199999999999997,0.19410092118908295,0.17893851734999977,-0.3333333333333333,0.10197885533845584,1.0,"Enrgy,Telcm,Utils",1988-02,False,False,0.1193931011603162,False,False,0.10351677145993465,False,False,-0.0157347517032072,-0.0206921344722756,0.0049573827690684
1988-04,0.0103,0.11114423696658293,0.0796398062999999,-0.006060606060606061,0.07878186786553067,1.0,"Enrgy,NoDur,Telcm",1988-03,False,False,0.1193931011603162,False,False,0.10351677145993465,False,False,0.0169525114006199,0.0110221539149613,0.0059303574856586
1988-05,0.0024000000000000002,0.13118603648462202,0.043789565842,-0.23636363636363636,0.08925692501231132,2.0,"Enrgy,NoDur,Telcm",1988-04,False,False,0.1193931011603162,False,False,0.10351677145993465,False,False,0.0055571460290329,0.0036524107289597,0.0019047353000731
1988-06,0.052700000000000004,0.07877545711367606,-0.005706869904000156,0.5272727272727272,0.07827634609154799,2.0,"Enrgy,Telcm,Utils",1988-05,False,True,0.1193931011603162,False,False,0.10351677145993465,False,False,0.0131922979776295,0.0474933252893547,-0.0343010273117252
1988-07,-0.0074,0.11796310661898679,0.06609531274399982,-0.18787878787878787,0.0741958112052759,2.0,"Enrgy,Telcm,Utils",1988-06,False,False,0.1193931011603162,False,False,0.10351677145993465,False,False,0.0117219073094874,-0.0033028834877325,0.0150247907972199
1988-08,-0.0272,0.17939226233394234,0.047417804048,0.5757575757575758,0.06965367436035287,2.0,"Manuf,Telcm,Utils",1988-07,False,True,0.1193931011603162,False,False,0.10351677145993465,False,False,-0.0250660210814466,-0.0279872310672187,0.0029212099857721
1988-09,0.039299999999999995,0.07698563108838741,0.016488467455999967,0.006060606060606061,0.07214523595903696,2.0,"Enrgy,Telcm,Utils",1988-08,False,True,0.1193931011603162,False,False,0.10351677145993465,False,False,0.0238904857336363,0.0399486815116358,-0.0160581957779994
1988-10,0.0177,0.21849680643387903,0.0035494103039999114,0.41818181818181815,0.07826284835591926,2.0,"Enrgy,Telcm,Utils",1988-09,False,True,0.1193931011603162,False,False,0.10351677145993465,False,False,0.0245503475273018,0.0222301949627339,0.0023201525645679
1988-11,-0.017,0.1798898191320255,0.028926289408000017,0.5636363636363636,0.0732175800873407,0.0,"Manuf,NoDur,Shops",1988-10,False,True,0.1193931011603162,False,False,0.10351677145993465,False,False,-0.0213458104281193,-0.0150778267053165,-0.0062679837228027
1988-12,0.0211,0.14201623888024906,0.03971478462999989,0.5393939393939394,0.09178945929175791,0.0,"Durbl,NoDur,Shops",1988-11,False,True,0.1193931011603162,False,False,0.10351677145993465,False,False,0.0171585936551719,0.0198151386850844,-0.0026565450299125
1989-01,0.06620000000000001,0.19933434281664297,0.021507521009999975,0.4303030303030303,0.09075634482413096,2.0,"NoDur,Shops,Telcm",1988-12,False,True,0.1193931011603162,False,False,0.10351677145993465,False,False,0.06677712224157,0.064714672349796,0.002062449891774
1989-02,-0.0162,0.13292307638088485,0.07018897405999969,-0.01818181818181818,0.07337276204889889,2.0,"Durbl,NoDur,Shops",1989-01,False,False,0.1193931011603162,False,False,0.10351677145993465,False,False,-0.0201316092687707,-0.0179747763354554,-0.0021568329333153
1989-03,0.022400000000000003,0.06341925631477374,0.07105993151599987,-0.01818181818181818,0.06489100826892517,2.0,"NoDur,Shops,Telcm",1989-02,False,False,0.1193931011603162,False,False,0.10351677145993465,False,False,0.0450514752458743,0.0208065464701006,0.0242449287757737
1989-04,0.050199999999999995,0.06487742179845712,0.07242353734399987,0.40606060606060607,0.06733004961512562,2.0,"NoDur,Shops,Telcm",1989-03,False,True,0.1193931011603162,False,False,0.10351677145993465,False,False,0.0689601553897143,0.0480461341310509,0.0209140212586633
1989-05,0.0407,0.1370963582844329,0.056330143424,0.8909090909090909,0.10690023248828072,2.0,"NoDur,Other,Telcm",1989-04,False,True,0.1193931011603162,False,False,0.10351677145993465,True,True,0.0499463672178204,0.0396322579222792,0.0103141092955412
1989-06,-0.0062000000000000015,0.17760591110220858,0.11742506633599992,0.9636363636363636,0.12439562992010324,2.0,"NoDur,Shops,Telcm",1989-05,False,True,0.1193931011603162,True,True,0.10351677145993465,True,True,-0.0020330279921135,-0.0046755815223539,0.0026425535302403
1989-07,0.07880000000000001,0.12108894956736749,0.08616689253200005,0.6,0.15057405775913765,2.0,"Hlth,NoDur,Telcm",1989-06,False,True,0.1193931011603162,True,True,0.10351677145993465,True,True,0.1149948158026337,0.0772596150968525,0.0377352007057811
1989-08,0.0217,0.1595692797634478,0.11574637560799994,0.8666666666666667,0.1470616157095174,2.0,"NoDur,Other,Telcm",1989-07,False,True,0.1193931011603162,True,True,0.10351677145993465,True,True,0.0064572157691198,0.0194974556935123,-0.0130402399243925
1989-09,-0.0010999999999999994,0.13927486598164696,0.095376258248,0.5515151515151515,0.17281554472347807,2.0,"Hlth,NoDur,Telcm",1989-08,False,True,0.1193931011603162,True,True,0.10351677145993465,True,True,0.0189846366266901,-0.0032891751487432,0.0222738117754334
1989-10,-0.029699999999999997,0.16278907083791472,0.10099752904399995,0.793939393939394,0.1260523774350561,2.0,"Hlth,NoDur,Telcm",1989-09,False,True,0.1193931011603162,True,True,0.10351677145993465,True,True,-0.0134747439506759,-0.0256209881848463,0.0121462442341704
1989-11,0.0173,0.4575045025630131,-0.009734981061000014,0.4303030303030303,0.13301753832260213,3.0,"Hlth,NoDur,Telcm",1989-10,False,True,0.1193931011603162,True,True,0.10351677145993465,True,True,0.0278607056908273,0.0166690181990782,0.011191687491749
1989-12,0.0179,0.6013817155819781,-0.013999604808999866,0.696969696969697,0.13784813105300742,3.0,"Hlth,NoDur,Telcm",1989-11,False,True,0.1193931011603162,True,True,0.10351677145993465,True,True,0.0275940914072154,0.0192513251765826,0.0083427662306327
1990-01,-0.0723,0.5204238861028778,0.004755032801000203,0.5272727272727272,0.1578326338844056,3.0,"Hlth,NoDur,Telcm",1989-12,False,True,0.1193931011603162,True,True,0.10351677145993465,True,True,-0.0993756925303332,-0.0660809081674492,-0.033294784362884
1990-02,0.016900000000000002,0.3497581235766889,-0.03935767914099997,0.05454545454545454,0.17121754786835083,2.0,"Enrgy,Hlth,Telcm",1990-01,False,True,0.1193931011603162,True,True,0.10351677145993465,True,True,0.0022210201608514,0.0165166086294261,-0.0142955884685747
1990-03,0.0247,0.3043514547801338,-0.03973540147300014,-0.40606060606060607,0.1284332273893542,2.0,"Enrgy,Hlth,Telcm",1990-02,False,False,0.1193931011603162,True,True,0.10351677145993465,True,True,0.0247569465694605,0.0274706069678318,-0.0027136603983712
1990-04,-0.026699999999999998,0.3613454224008996,-0.033320430189000105,-0.47878787878787876,0.08421907717192888,2.0,"Enrgy,Telcm,Utils",1990-03,False,False,0.1193931011603162,False,False,0.10351677145993465,False,False,-0.0416290750167887,-0.0265194423197716,-0.015109632697017
1990-05,0.0911,0.3114891612617994,0.014195564618999956,-0.5757575757575758,0.06717172521146779,1.0,"Enrgy,Hlth,Utils",1990-04,False,False,0.1193931011603162,False,False,0.10351677145993465,False,False,0.0806011811187012,0.0915524275965093,-0.010951246477808
1990-06,-0.0046,0.42753972850433897,0.08819823046100006,0.006060606060606061,0.06114151004705216,1.0,"Enrgy,Hlth,Telcm",1990-05,False,True,0.1193931011603162,False,False,0.10351677145993465,False,False,-0.008203583200224,-0.0037685335153357,-0.0044350496848882
1990-07,-0.012199999999999999,0.34983665408304265,0.05708257890200019,0.2727272727272727,0.0840484733260226,2.0,"Enrgy,Hlth,Shops",1990-06,False,True,0.1193931011603162,False,False,0.10351677145993465,False,False,0.0224214952012318,-0.0119801982298759,0.0344016934311077
1990-08,-0.0946,0.34330913449851863,0.072830752532,0.7212121212121212,0.08099414788610564,2.0,"Enrgy,Hlth,Shops",1990-07,False,True,0.1193931011603162,False,False,0.10351677145993465,False,False,-0.0666528558739192,-0.0939758139528149,0.0273229580788957
1990-09,-0.0551,0.25023857974399544,-0.10975990895200005,0.8787878787878788,0.11672458954226837,2.0,"Enrgy,Hlth,Utils",1990-08,False,True,0.1193931011603162,False,False,0.10351677145993465,True,True,-0.0185273212202033,-0.0516463523147927,0.0331190310945893
1990-10,-0.012399999999999998,0.1366789512172628,-0.15492479201200005,0.8181818181818182,0.13104881118872916,2.0,"Enrgy,Hlth,Utils",1990-09,False,True,0.1193931011603162,True,True,0.10351677145993465,True,True,0.015691377492772,-0.0077089438431729,0.023400321335945
1990-11,0.0692,0.10305997074006945,-0.15509589450400008,0.6121212121212121,0.12799395806050226,3.0,"Enrgy,Hlth,Utils",1990-10,False,True,0.1193931011603162,True,True,0.10351677145993465,True,True,0.0453472864774908,0.0658714448363995,-0.0205241583589086
1990-12,0.030600000000000002,0.19978811873375624,-0.0022404797920000386,0.5515151515151515,0.12435114125410723,3.0,"Enrgy,Hlth,Utils",1990-11,False,True,0.1193931011603162,True,True,0.10351677145993465,True,True,0.0053835137730755,0.0248944564916173,-0.0195109427185418
1991-01,0.05210000000000001,0.21095057797180417,0.08825374275200004,0.4909090909090909,0.11352683344492367,2.0,"Enrgy,Hlth,NoDur",1990-12,False,True,0.1193931011603162,False,False,0.10351677145993465,True,True,0.0258158919394564,0.0520196173365958,-0.0262037253971394
1991-02,0.0767,0.19493631878084328,0.15932742279200007,-0.21212121212121213,0.12603104206676313,1.0,"Hlth,NoDur,Utils",1991-01,False,False,0.1193931011603162,True,False,0.10351677145993465,True,False,0.0840051508584764,0.0771300190277368,0.0068751318307396
1991-03,0.031000000000000003,0.3077738711438647,0.16745962974200013,0.38181818181818183,0.14921845068449402,2.0,"HiTec,Hlth,NoDur",1991-02,False,True,0.1193931011603162,True,True,0.10351677145993465,True,True,0.0374540090015,0.0309393175948984,0.0065146914066016
1991-04,0.0024999999999999996,0.31877431646060694,0.16791274817000001,0.5151515151515151,0.1565707006662653,2.0,"HiTec,Hlth,NoDur",1991-03,False,True,0.1193931011603162,True,True,0.10351677145993465,True,True,-0.0163777262495934,0.0001399369694419,-0.0165176632190353
1991-05,0.0413,0.2588756924888196,0.11285289424999978,0.38181818181818183,0.16669837522694597,2.0,"Hlth,NoDur,Shops",1991-04,False,True,0.1193931011603162,True,True,0.10351677145993465,True,True,0.0523157192865475,0.0442023627494376,0.0081133565371098
1991-06,-0.045200000000000004,0.2596014784170346,0.07626425074999998,0.07878787878787878,0.1388522836564404,2.0,"Hlth,NoDur,Shops",1991-05,False,True,0.1193931011603162,True,True,0.10351677145993465,True,True,-0.044874085507598,-0.0438460657364417,-0.0010280197711562
1991-07,0.0473,0.21017054899636212,-0.00328117689999996,0.030303030303030304,0.11081871068318633,3.0,"Hlth,NoDur,Shops",1991-06,False,True,0.1193931011603162,False,False,0.10351677145993465,True,True,0.0652982399453676,0.043903429119646,0.0213948108257215
1991-08,0.0278,0.17483464586938258,0.041260472252000024,0.4303030303030303,0.09592480907855716,3.0,"Hlth,NoDur,Shops",1991-07,False,True,0.1193931011603162,False,False,0.10351677145993465,False,False,0.0400935571988354,0.0235923862926856,0.0165011709061497
1991-09,-0.011300000000000001,0.181848927302096,0.027760984711999948,0.5757575757575758,0.13165174228725152,3.0,"Hlth,NoDur,Shops",1991-08,False,True,0.1193931011603162,True,True,0.10351677145993465,True,True,-0.0224379379660164,-0.0104571932281152,-0.0119807447379012
1991-10,0.0171,0.16978079329620832,0.06425145117799991,0.22424242424242424,0.1824026285488598,3.0,"Hlth,NoDur,Shops",1991-09,False,True,0.1193931011603162,True,True,0.10351677145993465,True,True,0.013493388890124,0.0131521828340155,0.0003412060561085
1991-11,-0.0381,0.22620225173819786,0.03356263820600014,0.01818181818181818,0.18215042070256127,2.0,"Hlth,Other,Shops",1991-10,False,True,0.1193931011603162,True,True,0.10351677145993465,True,True,-0.0308002797637108,-0.0380780558157675,0.0072777760520567
1991-12,0.1123,0.1594258782531921,-0.03270684793699996,0.1393939393939394,0.13577339339468159,2.0,"Hlth,Other,Shops",1991-11,False,True,0.1193931011603162,True,True,0.10351677145993465,True,True,0.1413240580780745,0.1026451248109625,0.038678933267112
1992-01,-0.0024999999999999996,0.26695098180668597,0.08821702542699983,0.9393939393939394,0.1270437904615469,3.0,"Hlth,Other,Shops",1991-12,False,True,0.1193931011603162,True,True,0.10351677145993465,True,True,-0.0105737934059275,0.0013541801957086,-0.0119279736016362
1992-02,0.013600000000000001,0.3622761715556422,0.06724656657499994,0.3212121212121212,0.16039095533304934,2.0,"Hlth,NoDur,Shops",1992-01,False,True,0.1193931011603162,True,True,0.10351677145993465,True,True,0.0028175220552326,0.0191388050301088,-0.0163212829748762
1992-03,-0.0231,0.3578553717069517,0.1246087118000001,0.18787878787878787,0.11471306939399832,2.0,"Hlth,Other,Shops",1992-02,False,True,0.1193931011603162,False,False,0.10351677145993465,True,True,-0.030599704920421,-0.0201539408630637,-0.0104457640573573
1992-04,0.0141,0.2945144067732224,-0.012289624599999938,0.3212121212121212,0.09775410753263504,2.0,"Hlth,Other,Shops",1992-03,False,True,0.1193931011603162,False,False,0.10351677145993465,False,False,-0.0173084574307,0.0248922025915572,-0.0422006600222573
1992-05,0.0058000000000000005,0.3487794718059434,0.004147460343999931,-0.12727272727272726,0.10482270705088616,2.0,"Durbl,Other,Shops",1992-04,False,False,0.1193931011603162,False,False,0.10351677145993465,True,True,-0.0010723990706047,0.0047525692159235,-0.0058249682865283
1992-06,-0.0201,0.24333460979050292,-0.0035797991180001043,0.24848484848484848,0.051160225159117535,1.0,"Durbl,Other,Utils",1992-05,False,True,0.1193931011603162,False,False,0.10351677145993465,False,False,0.0085241865119793,-0.0161670451235603,0.0246912316355397
1992-07,0.0409,0.22397386390768914,-0.0005198537780001233,0.07878787878787878,0.052251260834513605,2.0,"Durbl,NoDur,Other",1992-06,False,True,0.1193931011603162,False,False,0.10351677145993465,False,False,0.0266211898547759,0.0409387710008273,-0.0143175811460514
1992-08,-0.021199999999999997,0.28976958386466234,0.025893781877999844,0.05454545454545454,0.07817731545151062,2.0,"Durbl,Other,Utils",1992-07,False,True,0.1193931011603162,False,False,0.10351677145993465,False,False,-0.0454589959600196,-0.0229669972940104,-0.0224919986660092
1992-09,0.014499999999999999,0.3943300957441258,-0.001645621692000221,-0.006060606060606061,0.07925393363209167,2.0,"Durbl,Other,Utils",1992-08,False,False,0.1193931011603162,False,False,0.10351677145993465,False,False,0.0145486125925453,0.0117965787914517,0.0027520338010935
1992-10,0.0125,0.49703448209589984,0.033605997339999805,0.030303030303030304,0.055397469267579116,2.0,"Durbl,NoDur,Utils",1992-09,False,True,0.1193931011603162,False,False,0.10351677145993465,False,False,-0.0045382530307273,0.0082713851606528,-0.0128096381913801
1992-11,0.0437,0.5347786686128984,0.0054050074999998365,0.3333333333333333,0.08887720303543552,1.0,"Durbl,NoDur,Shops",1992-10,False,True,0.1193931011603162,False,False,0.10351677145993465,False,False,0.0639105454573931,0.041670236961955,0.0222403084954381
1992-12,0.0181,0.4981748002537243,0.07206907062500001,0.7575757575757576,0.10017765995566115,1.0,"Durbl,Other,Shops",1992-11,False,True,0.1193931011603162,False,False,0.10351677145993465,False,False,0.0255246541090181,0.0182479276639659,0.0072767264450521
1993-01,0.011600000000000001,0.4800036523756226,0.07587335712499987,0.8303030303030303,0.12107245090464741,2.0,"Durbl,Other,Shops",1992-12,False,True,0.1193931011603162,True,True,0.10351677145993465,True,True,0.0434266305009329,0.0168816512478149,0.026544979253118
1993-02,0.0034000000000000002,0.42303174103524377,0.07491702525200017,0.6606060606060606,0.10089181675613826,2.0,"Durbl,Other,Telcm",1993-01,False,True,0.1193931011603162,False,False,0.10351677145993465,False,False,0.0184905788471303,0.0064356142249897,0.0120549646221406
1993-03,0.025699999999999997,0.32615403450800007,0.033411653864000135,0.806060606060606,0.1123887522052498,2.0,"Durbl,Other,Telcm",1993-02,False,True,0.1193931011603162,False,False,0.10351677145993465,True,True,0.0418206668783296,0.0263426858262061,0.0154779810521235
1993-04,-0.0281,0.31933675382624216,0.0411259536080002,0.7575757575757576,0.1396749327661212,2.0,"Other,Telcm,Utils",1993-03,False,True,0.1193931011603162,True,True,0.10351677145993465,True,True,-0.0213633014053417,-0.0224359433695779,0.0010726419642362
1993-05,0.031100000000000003,0.27906572672690766,0.00026721462199996715,0.47878787878787876,0.12791363184823853,2.0,"Other,Telcm,Utils",1993-04,False,True,0.1193931011603162,True,True,0.10351677145993465,True,True,0.0191932224264279,0.0318831793871539,-0.0126899569607259
1993-06,0.0055,0.2665367049151197,0.027880730512999774,0.1393939393939394,0.1320763728909601,2.0,"Durbl,Other,Telcm",1993-05,False,True,0.1193931011603162,True,True,0.10351677145993465,True,True,0.0342875657170691,0.0051106403359082,0.0291769253811609
1993-07,-0.0010000000000000005,0.333789963125422,0.0076377834949998835,0.4909090909090909,0.11568309844043481,2.0,"HiTec,Other,Telcm",1993-06,False,True,0.1193931011603162,False,False,0.10351677145993465,True,True,0.0008625704343798,-0.0034714324162139,0.0043340028505938
1993-08,0.039700000000000006,0.2722774497873548,0.03573427894999992,0.9515151515151515,0.13673382680369012,2.0,"Durbl,Other,Telcm",1993-07,False,True,0.1193931011603162,True,True,0.10351677145993465,True,True,0.0302897316219368,0.038468376336475,-0.0081786447145382
1993-09,0.0014,0.28700804100400146,0.044372931650000114,0.7696969696969697,0.1778982101706069,2.0,"Durbl,Other,Telcm",1993-08,False,True,0.1193931011603162,True,True,0.10351677145993465,True,True,0.0076582134464329,0.0009250940473577,0.0067331193990751
1993-10,0.016399999999999998,0.3035398525957389,0.04011442442000002,0.5515151515151515,0.1666545216844839,3.0,"Durbl,Other,Telcm",1993-09,False,True,0.1193931011603162,True,True,0.10351677145993465,True,True,0.0260624345252824,0.0251641670814641,0.0008982674438182
1993-11,-0.016200000000000003,0.30264271573916934,0.05823053151199997,-0.23636363636363636,0.17665966875700725,3.0,"Durbl,Other,Telcm",1993-10,False,False,0.1193931011603162,True,True,0.10351677145993465,True,True,-0.0270828573987157,-0.01610418994835,-0.0109786674503656
1993-12,0.0188,0.3323005548853255,0.0013342280479999857,-0.38181818181818183,0.16348997325410394,2.0,"Durbl,Enrgy,Telcm",1993-11,False,False,0.1193931011603162,True,True,0.10351677145993465,True,True,0.014683733458886,0.0172556645000414,-0.0025719310411553
1994-01,0.0312,0.22030729597875554,0.018733085215999923,-0.10303030303030303,0.13007201166662694,2.0,"Durbl,HiTec,Telcm",1993-12,False,False,0.1193931011603162,True,True,0.10351677145993465,True,True,0.046177560068735,0.0292725480480109,0.0169050120207241
1994-02,-0.023399999999999997,0.26153472041432835,0.03356705772799984,0.2606060606060606,0.0985649310180386,2.0,"Durbl,Manuf,Telcm",1994-01,False,True,0.1193931011603162,False,False,0.10351677145993465,False,False,-0.0356624642697147,-0.0254906420068398,-0.0101718222628749
1994-03,-0.0452,0.21548422253022204,0.026002834495999938,0.6727272727272727,0.11815956224933,1.0,"Durbl,HiTec,Manuf",1994-02,False,True,0.1193931011603162,False,False,0.10351677145993465,True,False,-0.0492865711082247,-0.0457516044397693,-0.0035349666684554
1994-04,0.009500000000000001,0.18798683147902118,-0.03844964038400012,0.5636363636363636,0.10248597509870454,2.0,"Durbl,HiTec,Manuf",1994-03,False,True,0.1193931011603162,False,False,0.10351677145993465,False,False,-0.0069388452945631,0.0108853930491001,-0.0178242383436633
1994-05,0.009,0.1825980735411421,-0.058683972039999976,0.15151515151515152,0.0896745866316462,3.0,"Durbl,HiTec,Manuf",1994-04,False,True,0.1193931011603162,False,False,0.10351677145993465,False,False,0.0049638438878285,0.0028838226536995,0.0020800212341289
1994-06,-0.0273,0.18636056492643882,-0.027454564600000175,-0.23636363636363636,0.06410128996692964,3.0,"Durbl,HiTec,Manuf",1994-05,False,False,0.1193931011603162,False,False,0.10351677145993465,False,False,-0.0372766845012052,-0.0269819504990413,-0.0102947340021638
1994-07,0.031,0.17764355699963996,-0.009221884150000137,-0.28484848484848485,0.07342049390324944,3.0,"Durbl,HiTec,Manuf",1994-06,False,False,0.1193931011603162,False,False,0.10351677145993465,False,False,0.0394948763879454,0.0310453853193117,0.0084494910686336
1994-08,0.043899999999999995,0.16644298901587917,0.011879383299999713,0.12727272727272726,0.07847730595630102,2.0,"HiTec,Hlth,Manuf",1994-07,False,True,0.1193931011603162,False,False,0.10351677145993465,False,False,0.0822719256100679,0.0402651923897483,0.0420067332203195
1994-09,-0.0191,0.24402312651581148,0.0468789774299998,0.44242424242424244,0.07625704548471167,2.0,"Durbl,HiTec,Manuf",1994-08,False,True,0.1193931011603162,False,False,0.10351677145993465,False,False,-0.0240026764682359,-0.0182942642754282,-0.0057084121928077
1994-10,0.017300000000000003,0.20282137486383411,0.05570431680999999,0.6484848484848484,0.10320743663575839,2.0,"HiTec,Hlth,Manuf",1994-09,False,True,0.1193931011603162,False,False,0.10351677145993465,False,False,0.0281571095182531,0.0192223795499735,0.0089347299682795
1994-11,-0.0366,0.20852363915948513,0.04167604412300019,0.7696969696969697,0.09557653309600983,2.0,"HiTec,Hlth,Manuf",1994-10,False,True,0.1193931011603162,False,False,0.10351677145993465,False,False,-0.0233466888560219,-0.0323503473724178,0.0090036585163958
1994-12,0.013000000000000001,0.11554246810984736,-0.03865245626199987,0.5515151515151515,0.09957270919038172,2.0,"Enrgy,HiTec,Manuf",1994-11,False,True,0.1193931011603162,False,False,0.10351677145993465,False,False,0.0178835317572212,0.0111496706196112,0.0067338611376099
1995-01,0.0222,0.10995434652320535,-0.007192311339999979,0.47878787878787876,0.095609925474636,1.0,"Enrgy,HiTec,Hlth",1994-12,False,True,0.1193931011603162,False,False,0.10351677145993465,False,False,0.0184177532403169,0.0179324597782744,0.0004852934620425
1995-02,0.0403,0.12158494762358685,-0.002410282759999993,0.3939393939393939,0.09527518724104622,1.0,"HiTec,Hlth,NoDur",1995-01,False,True,0.1193931011603162,False,False,0.10351677145993465,False,False,0.039377708980796,0.0369157795716839,0.0024619294091121
1995-03,0.0265,0.16283119494998766,0.07721879058000014,0.34545454545454546,0.10712456254138125,2.0,"HiTec,Hlth,NoDur",1995-02,False,True,0.1193931011603162,False,False,0.10351677145993465,True,True,0.0335577657100751,0.024291885060226,0.0092658806498491
1995-04,0.0255,0.16373815113206813,0.09157461849000015,0.6606060606060606,0.11605077576734278,3.0,"HiTec,Hlth,NoDur",1995-03,False,True,0.1193931011603162,False,False,0.10351677145993465,True,True,0.0437626839593128,0.0237821031437324,0.0199805808155804
1995-05,0.0344,0.2279179689123736,0.09509858272500016,0.5757575757575758,0.1260442382680771,3.0,"HiTec,Hlth,NoDur",1995-04,False,True,0.1193931011603162,True,True,0.10351677145993465,True,True,0.0309873147745476,0.0354628763502595,-0.0044755615757119
1995-06,0.0319,0.23184787803603846,0.08888779579999984,0.6121212121212121,0.1288857057894071,3.0,"HiTec,Hlth,NoDur",1995-05,False,True,0.1193931011603162,True,True,0.10351677145993465,True,True,0.0528610509521179,0.0262036621891994,0.0266573887629184
1995-07,0.0416,0.26419077607696484,0.0946159926800001,0.7212121212121212,0.14409866566287952,3.0,"HiTec,Hlth,NoDur",1995-06,False,True,0.1193931011603162,True,True,0.10351677145993465,True,True,0.0477520292545428,0.0357273791238899,0.0120246501306529
1995-08,0.0102,0.3180992115733401,0.11180109017600004,0.44242424242424244,0.1721129640780621,3.0,"HiTec,Hlth,NoDur",1995-07,False,True,0.1193931011603162,True,True,0.10351677145993465,True,True,0.0057217274809906,0.0070814725903216,-0.001359745109331
1995-09,0.037899999999999996,0.28070003225102247,0.08579027580800025,0.3212121212121212,0.15090738470503232,3.0,"HiTec,Hlth,NoDur",1995-08,False,True,0.1193931011603162,True,True,0.10351677145993465,True,True,0.0512648429407021,0.0376524114370118,0.0136124315036902
1995-10,-0.010400000000000001,0.3273802311497267,0.09210362172800002,0.7212121212121212,0.13952724030017344,2.0,"HiTec,Hlth,Other",1995-09,False,True,0.1193931011603162,True,True,0.10351677145993465,True,True,0.0013539082590383,-0.0106212510860973,0.0119751593451357
1995-11,0.0438,0.2923804375696277,0.03758231956800007,0.5515151515151515,0.13082001415387207,2.0,"HiTec,Hlth,Other",1995-10,False,True,0.1193931011603162,True,True,0.10351677145993465,True,True,0.0353258903438085,0.042328646156543,-0.0070027558127345
1995-12,0.0153,0.37120014305263016,0.0720930757920002,0.41818181818181815,0.14327018618406048,3.0,"HiTec,Hlth,Other",1995-11,False,True,0.1193931011603162,True,True,0.10351677145993465,True,True,0.0094537509675094,0.0230713883636715,-0.013617637396162
1996-01,0.0269,0.3664895025925947,0.04874853054400008,0.06666666666666667,0.12759177465233362,3.0,"HiTec,Hlth,Other",1995-12,False,True,0.1193931011603162,True,True,0.10351677145993465,True,True,0.0384493582902216,0.024347554448528,0.0141018038416935
1996-02,0.0172,0.3607913791818613,0.08827795676599992,0.17575757575757575,0.09951026657670864,3.0,"HiTec,Hlth,Other",1996-01,False,True,0.1193931011603162,False,False,0.10351677145993465,False,False,0.0245927548336002,0.0139033287580538,0.0106894260755463
1996-03,0.011300000000000001,0.41736329193507005,0.06054448900400011,0.24848484848484848,0.11429967144978,3.0,"HiTec,Hlth,Other",1996-02,False,True,0.1193931011603162,False,False,0.10351677145993465,True,True,-0.0043792970360666,0.0140587932317957,-0.0184380902678623
1996-04,0.0252,0.5012353342416596,0.056366238284,-0.4666666666666667,0.10787748010166423,3.0,"HiTec,Hlth,Other",1996-03,False,False,0.1193931011603162,False,False,0.10351677145993465,True,True,0.0309566782925658,0.0226463604322186,0.0083103178603471
1996-05,0.0278,0.5245829268593851,0.05461745787200001,-0.3575757575757576,0.07415292886473923,2.0,"Hlth,NoDur,Other",1996-04,False,False,0.1193931011603162,False,False,0.10351677145993465,False,False,0.0394980948466565,0.0265674018940802,0.0129306929525763
1996-06,-0.007299999999999999,0.5529894273796594,0.06560737632800007,-0.030303030303030304,0.08184118510641254,2.0,"HiTec,Hlth,Other",1996-05,False,False,0.1193931011603162,False,False,0.10351677145993465,False,False,-0.0178020834135652,-0.0022278797476289,-0.0155742036659363
1996-07,-0.055099999999999996,0.5849209463964098,0.046008545911999876,-0.030303030303030304,0.06743141791791796,2.0,"Hlth,NoDur,Other",1996-06,False,False,0.1193931011603162,False,False,0.10351677145993465,False,False,-0.0488505417569594,-0.0570802789862727,0.0082297372293133
1996-08,0.031799999999999995,0.4525623688166516,-0.03592130800599991,0.6121212121212121,0.06691837477859201,2.0,"Hlth,NoDur,Other",1996-07,False,True,0.1193931011603162,False,False,0.10351677145993465,False,False,0.0246949493707657,0.0285523043165452,-0.0038573549457794
1996-09,0.0545,0.4357255025816851,-0.03216929908599997,0.5151515151515151,0.07285460630282843,2.0,"Enrgy,Hlth,NoDur",1996-08,False,True,0.1193931011603162,False,False,0.10351677145993465,False,False,0.0500387193331868,0.0443420352236378,0.0056966841095489
1996-10,0.012899999999999998,0.5434524849346385,0.02808247619000004,0.296969696969697,0.06843486869760212,2.0,"Enrgy,Hlth,NoDur",1996-09,False,True,0.1193931011603162,False,False,0.10351677145993465,False,False,0.02219247553689,0.0145388292637678,0.0076536462731222
1996-11,0.06659999999999999,0.5367767836334367,0.10206872699000002,0.45454545454545453,0.09250704621143968,1.0,"Hlth,Manuf,Shops",1996-10,False,True,0.1193931011603162,False,False,0.10351677145993465,False,False,0.0519547065311667,0.0599983074287422,-0.0080436008975754
1996-12,-0.012400000000000001,0.701397257030749,0.1392387131299999,0.5515151515151515,0.08279260887530131,0.0,"Enrgy,Manuf,Other",1996-11,False,True,0.1193931011603162,False,False,0.10351677145993465,False,False,-0.0052634894184303,-0.0089075781035083,0.003644088685078
1997-01,0.054099999999999995,0.6587363583845685,0.06696268666400007,0.3939393939393939,0.10671830045370408,0.0,"Enrgy,HiTec,Other",1996-12,False,True,0.1193931011603162,False,False,0.10351677145993465,True,False,0.0651400764128222,0.0454411288119263,0.0196989476008959
1997-02,-0.0008999999999999993,0.7105008759275813,0.11036170205600015,0.2606060606060606,0.09647670341348943,1.0,"Enrgy,HiTec,Manuf",1997-01,False,True,0.1193931011603162,False,False,0.10351677145993465,False,False,-0.0419593305412131,0.0008580916563756,-0.0428174221975887
1997-03,-0.045899999999999996,0.6427582669799541,0.04009223375600013,-0.3696969696969697,0.09785558047516134,2.0,"Enrgy,HiTec,Manuf",1997-02,False,False,0.1193931011603162,False,False,0.10351677145993465,False,False,-0.0135832468434139,-0.0380134503326174,0.0244302034892035
1997-04,0.0447,0.5268929980765458,0.004811664870999932,0.5272727272727272,0.08232103044932215,1.0,"HiTec,NoDur,Other",1997-03,False,True,0.1193931011603162,False,False,0.10351677145993465,False,False,0.0595780757021211,0.0365659598363827,0.0230121158657383
1997-05,0.0722,0.5554803657635956,-0.004148803443000171,0.38181818181818183,0.08509563397022275,0.0,"Enrgy,NoDur,Other",1997-04,False,True,0.1193931011603162,False,False,0.10351677145993465,False,False,0.0639065705832151,0.066798274600174,-0.0028917040169589
1997-06,0.0447,0.6123221656725903,0.06871349509400004,0.3090909090909091,0.08973210125448058,2.0,"Enrgy,NoDur,Other",1997-05,False,True,0.1193931011603162,False,False,0.10351677145993465,False,False,0.033530442028141,0.040604532225652,-0.007074090197511
1997-07,0.0774,0.6323218979340586,0.1701970320980002,0.6606060606060606,0.10693994843229591,1.0,"HiTec,Manuf,Other",1997-06,False,True,0.1193931011603162,False,False,0.10351677145993465,True,False,0.1072947675387434,0.0656116795319248,0.0416830880068186
1997-08,-0.036899999999999995,0.6884251275289499,0.20682519611599992,0.696969696969697,0.11296341794442938,1.0,"Hlth,Manuf,Other",1997-07,False,True,0.1193931011603162,False,False,0.10351677145993465,True,False,-0.0544299225812021,-0.0286143387954154,-0.0258155837857867
1997-09,0.0578,0.6097032669997342,0.08402662411799966,0.3696969696969697,0.13683323540695666,2.0,"HiTec,Manuf,Other",1997-08,False,True,0.1193931011603162,True,True,0.10351677145993465,True,True,0.0490501416902817,0.0579678005342225,-0.0089176588439408
1997-10,-0.0338,0.6405666401698804,0.09761975973199988,0.6242424242424243,0.09630508035194683,1.0,"Enrgy,HiTec,Other",1997-09,False,True,0.1193931011603162,False,False,0.10351677145993465,False,False,-0.0439899775084603,-0.023576753246999,-0.0204132242614613
1997-11,0.033800000000000004,0.6017739366735433,-0.015667150684000042,-0.34545454545454546,0.09496536819594895,2.0,"Enrgy,HiTec,Other",1997-10,False,False,0.1193931011603162,False,False,0.10351677145993465,False,False,0.0029529838602704,0.0360776328779839,-0.0331246490177135
1997-12,0.0181,0.5864283346743715,0.05659152696799996,-0.06666666666666667,0.053776741111015915,2.0,"Enrgy,Other,Telcm",1997-11,False,False,0.1193931011603162,False,False,0.10351677145993465,False,False,0.0259450773929914,0.0221544073421708,0.0037906700508205
1998-01,0.0058,0.5908033955796095,0.01693688183599984,0.40606060606060607,0.059763926133585284,1.0,"Hlth,Other,Telcm",1997-12,False,True,0.1193931011603162,False,False,0.10351677145993465,False,False,0.0289568428071345,0.0033352963017232,0.0256215465054112
1998-02,0.0742,0.5581167156236939,0.05861634832400009,0.7333333333333333,0.08525643455017733,2.0,"Other,Shops,Telcm",1998-01,False,True,0.1193931011603162,False,False,0.10351677145993465,False,False,0.0695931293697884,0.0706128507053625,-0.001019721335574
1998-03,0.0515,0.6454276208444474,0.09998614951599993,0.7575757575757576,0.0800970456424931,1.0,"Hlth,Shops,Telcm",1998-02,False,True,0.1193931011603162,False,False,0.10351677145993465,False,False,0.0678287315666397,0.0560271919529622,0.0118015396136774
1998-04,0.0117,0.7108347110827018,0.13607252354,0.6484848484848484,0.12580643051046758,1.0,"HiTec,Hlth,Telcm",1998-03,False,True,0.1193931011603162,True,False,0.10351677145993465,True,False,0.0125855056319377,0.0062824561680441,0.0063030494638935
1998-05,-0.026699999999999998,0.6883061619219368,0.1427366992100001,0.22424242424242424,0.13378854751795485,1.0,"Durbl,Shops,Telcm",1998-04,False,True,0.1193931011603162,True,False,0.10351677145993465,True,False,0.020804209830717,-0.0129318564648204,0.0337360662955374
1998-06,0.036,0.5987822410961483,0.03539902191500022,0.5151515151515151,0.11768456762589014,1.0,"Durbl,Other,Telcm",1998-05,False,True,0.1193931011603162,False,False,0.10351677145993465,True,False,0.0235121728670391,0.0325059343309905,-0.0089937614639514
1998-07,-0.0202,0.6685185874640975,0.020136363960000292,0.40606060606060607,0.12587722051103606,2.0,"Durbl,Shops,Telcm",1998-06,False,True,0.1193931011603162,True,True,0.10351677145993465,True,True,-0.0007372659403317,-0.0234207170915032,0.0226834511511715
1998-08,-0.1562,0.7301455307411608,-0.01202964375999982,0.8666666666666667,0.1414895333199798,2.0,"Durbl,Shops,Telcm",1998-07,False,True,0.1193931011603162,True,True,0.10351677145993465,True,True,-0.1517443068100985,-0.1328515655075313,-0.0188927413025672
1998-09,0.0665,0.4149028870317808,-0.14348157136000006,0.3696969696969697,0.1733257715104644,2.0,"Durbl,Hlth,Telcm",1998-08,False,True,0.1193931011603162,True,True,0.10351677145993465,True,True,0.0768249670847587,0.065805221259283,0.0110197458254757
1998-10,0.073,0.4310042001132237,-0.11826553653999994,0.5515151515151515,0.14120376205526994,1.0,"Hlth,Telcm,Utils",1998-09,False,True,0.1193931011603162,True,False,0.10351677145993465,True,False,0.0289901650275046,0.0680642304735748,-0.0390740654460701
1998-11,0.06380000000000001,0.5159122388404473,-0.03439367290000006,0.5272727272727272,0.14467490731387908,2.0,"Hlth,Telcm,Utils",1998-10,False,True,0.1193931011603162,True,True,0.10351677145993465,True,True,0.0372508654227345,0.054112358627316,-0.0168614932045814
1998-12,0.06530000000000001,0.5119327204935946,0.21736431710000015,0.6121212121212121,0.11489960866021615,2.0,"Durbl,Hlth,Telcm",1998-11,False,True,0.1193931011603162,False,False,0.10351677145993465,True,True,0.0765408624763879,0.0551572824653032,0.0213835800110846
1999-01,0.0383,0.6308848999005936,0.21599456822000018,0.6606060606060606,0.14549676463232825,1.0,"HiTec,Hlth,Shops",1998-12,False,True,0.1193931011603162,True,False,0.10351677145993465,True,False,0.0577190587716016,0.0184085685822072,0.0393104901893943
1999-02,-0.0373,0.6064394189989433,0.17667023316200003,0.8666666666666667,0.17093684568088174,0.0,"HiTec,Shops,Telcm",1999-01,False,True,0.1193931011603162,True,False,0.10351677145993465,True,False,-0.0529933193563363,-0.0331526953414552,-0.019840624014881
1999-03,0.039099999999999996,0.5479123497850895,0.06484342307299995,0.8424242424242424,0.22570526439679978,2.0,"HiTec,Shops,Telcm",1999-02,False,True,0.1193931011603162,True,True,0.10351677145993465,True,True,0.0349437080904522,0.0315088629468613,0.0034348451435908
1999-04,0.0471,0.685814613417552,0.038654652130999834,0.3696969696969697,0.18616517102017308,3.0,"HiTec,Shops,Telcm",1999-03,False,True,0.1193931011603162,True,True,0.10351677145993465,True,True,0.0346167636563992,0.0574403682539048,-0.0228236045975056
1999-05,-0.0212,0.6896874525792271,0.047457657946999854,-0.44242424242424244,0.18763065658879483,3.0,"HiTec,Shops,Telcm",1999-04,False,False,0.1193931011603162,True,True,0.10351677145993465,True,True,-0.0105136632940548,-0.0118605266552412,0.0013468633611863
1999-06,0.051699999999999996,0.5424977416382646,0.06497512786799975,-0.09090909090909091,0.1989295531069375,3.0,"HiTec,Shops,Telcm",1999-05,False,False,0.1193931011603162,True,True,0.10351677145993465,True,True,0.0850262777045289,0.0327067641640954,0.0523195135404335
1999-07,-0.0311,0.5528332295213583,0.0778888865159999,0.5272727272727272,0.17603675393997462,2.0,"Enrgy,HiTec,Telcm",1999-06,False,True,0.1193931011603162,True,True,0.10351677145993465,True,True,-0.006372609534203,-0.0273970372373923,0.0210244277031893
1999-08,-0.0098,0.3964545350689106,-0.002610503155999866,0.6606060606060606,0.1997257627488529,2.0,"HiTec,Shops,Telcm",1999-07,False,True,0.1193931011603162,True,True,0.10351677145993465,True,True,-0.0294974161448736,-0.0120506036867592,-0.0174468124581144
1999-09,-0.023799999999999998,0.4357483964544029,0.009006007126000082,0.45454545454545453,0.25929838823157475,2.0,"HiTec,Shops,Telcm",1999-08,False,True,0.1193931011603162,True,True,0.10351677145993465,True,True,0.0193706858333337,-0.0324886324664288,0.0518593182997626
1999-10,0.0648,0.3249929898078918,-0.0634290537640001,0.3939393939393939,0.2149705762916499,2.0,"HiTec,Manuf,Telcm",1999-09,False,True,0.1193931011603162,True,True,0.10351677145993465,True,True,0.0563740997257766,0.0541629414075326,0.002211158318244
1999-11,0.0377,0.4602075507632408,0.029271073951999904,0.5636363636363636,0.2264252525649562,2.0,"HiTec,Shops,Telcm",1999-10,False,True,0.1193931011603162,True,True,0.10351677145993465,True,True,0.0713338241809444,0.0126949368297633,0.0586388873511811
1999-12,0.081,0.46571616891760015,0.07864531755199988,0.6848484848484848,0.19816112901271865,2.0,"HiTec,Manuf,Telcm",1999-11,False,True,0.1193931011603162,True,True,0.10351677145993465,True,True,0.1181516462630554,0.0364490343850163,0.081702611878039
2000-01,-0.043300000000000005,0.5562706793045138,0.19444333975999983,0.793939393939394,0.19643339154321615,2.0,"Enrgy,HiTec,Telcm",1999-12,False,True,0.1193931011603162,True,True,0.10351677145993465,True,True,-0.0262792228136014,-0.0251060825475529,-0.0011731402660484
2000-02,0.028900000000000002,0.4802984280081808,0.07318176478999994,0.7818181818181819,0.21854214745148845,1.0,"Enrgy,HiTec,Manuf",2000-01,False,True,0.1193931011603162,True,False,0.10351677145993465,True,False,0.028647844573072,-0.0310030095882627,0.0596508541613347
2000-03,0.0568,0.41787288454442106,0.06408086902999988,0.8424242424242424,0.24124781176206037,2.0,"Enrgy,HiTec,Telcm",2000-02,False,True,0.1193931011603162,True,True,0.10351677145993465,True,True,0.0805433239152939,0.0837057094213091,-0.0031623855060152
2000-04,-0.0593,0.42501955719119744,0.04025963218399986,0.5393939393939394,0.2936775083545208,2.0,"Enrgy,HiTec,Telcm",2000-03,False,True,0.1193931011603162,True,True,0.10351677145993465,True,True,-0.070644808554602,-0.0078656241157553,-0.0627791844388467
2000-05,-0.0389,0.32501324251236463,0.02286216786399997,-0.01818181818181818,0.29233013198510305,2.0,"HiTec,Shops,Telcm",2000-04,False,False,0.1193931011603162,True,True,0.10351677145993465,True,True,-0.079155932234975,-0.0101856874781199,-0.068970244756855
2000-06,0.0508,0.30840463102705606,-0.044539965463999964,-0.5393939393939394,0.22981939569513507,1.0,"HiTec,Hlth,Manuf",2000-05,False,False,0.1193931011603162,True,False,0.10351677145993465,True,False,0.0737391847047344,0.0044169188252645,0.0693222658794698
2000-07,-0.02,0.3270961257560139,-0.049964606083999996,0.296969696969697,0.14908150895920408,1.0,"Enrgy,HiTec,Hlth",2000-06,False,True,0.1193931011603162,True,False,0.10351677145993465,True,False,-0.0481840973495585,-0.00964761488379,-0.0385364824657684
2000-08,0.0753,0.32736701698396975,-0.010274597600000046,0.2606060606060606,0.20712851253924397,2.0,"Enrgy,HiTec,Hlth",2000-07,False,True,0.1193931011603162,True,True,0.10351677145993465,True,True,0.0830920131968855,0.0526903079013976,0.0304017052954879
2000-09,-0.049300000000000004,0.691535616689811,0.1073267351999998,0.6848484848484848,0.13833749456834302,2.0,"HiTec,Hlth,Other",2000-08,False,True,0.1193931011603162,True,True,0.10351677145993465,True,True,-0.0363688694130335,-0.0053922567069807,-0.0309766127060527
2000-10,-0.022199999999999998,0.5078695834852351,0.0018419557999997949,0.296969696969697,0.18869024308774987,2.0,"HiTec,Hlth,Other",2000-09,False,True,0.1193931011603162,True,True,0.10351677145993465,True,True,-0.0223709556039577,0.0003029511831371,-0.0226739067870949
2000-11,-0.10189999999999999,0.37408655986194117,-0.00040707716200005795,0.40606060606060607,0.16490545559545722,1.0,"Enrgy,HiTec,Utils",2000-10,False,True,0.1193931011603162,True,False,0.10351677145993465,True,False,-0.076498939174577,-0.0570944751405717,-0.0194044640340053
2000-12,0.0168,0.16005559260388158,-0.165131215474,0.5515151515151515,0.15988261507270973,0.0,"Enrgy,Hlth,Utils",2000-11,False,True,0.1193931011603162,True,False,0.10351677145993465,True,False,0.0578472078679781,0.029792842806849,0.0280543650611291
2001-01,0.0379,0.10724164700988159,-0.10708469537599996,0.806060606060606,0.2609728868012956,1.0,"Hlth,NoDur,Utils",2000-12,False,True,0.1193931011603162,True,False,0.10351677145993465,True,False,-0.0700501971106204,0.0264189363398252,-0.0964691334504457
2001-02,-0.0965,0.10681508757734393,-0.05220209176799995,0.3212121212121212,0.27099968208641406,2.0,"Hlth,NoDur,Utils",2001-01,False,True,0.1193931011603162,True,True,0.10351677145993465,True,True,0.0192491631882953,-0.045277727497115,0.0645268906854104
2001-03,-0.0683,0.03875291536940906,-0.04650327348000005,0.17575757575757575,0.24110399590293874,2.0,"NoDur,Other,Utils",2001-02,False,True,0.1193931011603162,True,True,0.10351677145993465,True,True,-0.02776314994114,-0.0490880210639304,0.0213248711227903
2001-04,0.0832,-0.06861121042279028,-0.126305172995,-0.11515151515151516,0.2787799132187076,2.0,"Hlth,NoDur,Utils",2001-03,False,False,0.1193931011603162,True,True,0.10351677145993465,True,True,0.0349144099282627,0.0705332174330437,-0.0356188075047809
2001-05,0.01,-0.03650049004867384,-0.08817204296000014,0.5515151515151515,0.26045344396048203,2.0,"Enrgy,NoDur,Utils",2001-04,False,True,0.1193931011603162,True,True,0.10351677145993465,True,True,0.0128871426219996,0.007734883614296,0.0051522590077035
2001-06,-0.0166,-0.005788204892889892,0.019309614400000008,0.7090909090909091,0.20821358371064608,2.0,"Enrgy,NoDur,Utils",2001-05,True,True,0.1193931011603162,True,True,0.10351677145993465,True,True,-0.0504398195156661,-0.0229194000372612,-0.0275204194784048
2001-07,-0.0183,-0.07035477863617756,0.07587106879999994,-0.44242424242424244,0.256730485194398,3.0,"Enrgy,NoDur,Utils",2001-06,True,False,0.1193931011603162,True,True,0.10351677145993465,True,True,-0.0220454270194622,-0.0067029644239517,-0.0153424625955104
2001-08,-0.0609,-0.05807336792975071,-0.024942182199999885,-0.16363636363636364,0.21372033900204596,3.0,"Enrgy,NoDur,Utils",2001-07,False,False,0.1193931011603162,True,True,0.10351677145993465,True,True,-0.0032723165644383,-0.0497128437018652,0.0464405271374268
2001-09,-0.0896,-0.10668218523816275,-0.09338931020199981,0.6606060606060606,0.21575458778066528,1.0,"Durbl,NoDur,Shops",2001-08,False,True,0.1193931011603162,True,False,0.10351677145993465,True,False,-0.1015992334610897,-0.0856478871285908,-0.0159513463324989
2001-10,0.027,-0.16689557615327122,-0.16068906651199988,0.22424242424242424,0.19484483934177665,1.0,"Durbl,NoDur,Shops",2001-09,False,True,0.1193931011603162,True,False,0.10351677145993465,True,False,0.0130397297040547,0.0211429394215711,-0.0081032097175164
2001-11,0.07700000000000001,-0.19647047023798803,-0.1219595307200001,0.7696969696969697,0.17691035228416235,2.0,"NoDur,Shops,Utils",2001-10,False,True,0.1193931011603162,True,True,0.10351677145993465,True,True,0.0361877646274377,0.0641607986411181,-0.0279730340136803
2001-12,0.0176,-0.16603902519640856,0.006974321599999778,-0.18787878787878787,0.1244085008927616,2.0,"Enrgy,NoDur,Shops",2001-11,True,False,0.1193931011603162,True,True,0.10351677145993465,True,True,0.0403162441368252,0.0208467081474938,0.0194695359893313
2002-01,-0.013,-0.21495033491199378,0.1255459903999998,0.2606060606060606,0.09138476967105315,2.0,"Durbl,NoDur,Shops",2001-12,True,True,0.1193931011603162,False,False,0.10351677145993465,False,False,0.0207525721017456,-0.0109604140316956,0.0317129861334413
2002-02,-0.0217,-0.19008673623720895,0.08170778239999987,-0.3575757575757576,0.12395867727097169,2.0,"NoDur,Shops,Utils",2002-01,True,False,0.1193931011603162,True,True,0.10351677145993465,True,True,0.012091814224066,0.0003070086341439,0.0117848055899221
2002-03,0.0437,-0.22991724566125127,-0.017423655039999986,0.7090909090909091,0.08796561328461698,2.0,"Manuf,NoDur,Shops",2002-02,False,True,0.1193931011603162,False,False,0.10351677145993465,False,False,0.0357166165926108,0.0483118694097679,-0.0125952528171571
2002-04,-0.0506,-0.23946312386132462,0.007778037770000079,0.6242424242424243,0.11218592513512848,2.0,"Manuf,NoDur,Shops",2002-03,True,True,0.1193931011603162,False,False,0.10351677145993465,True,True,-0.0033715306153327,-0.0390214982324023,0.0356499676170695
2002-05,-0.0122,-0.2324293502646344,-0.030613506525999923,0.5393939393939394,0.12431326295535922,3.0,"Manuf,NoDur,Shops",2002-04,False,True,0.1193931011603162,True,True,0.10351677145993465,True,True,-0.0014415367403201,-0.0119417545563129,0.0105002178159928
2002-06,-0.07100000000000001,-0.21110572488961177,-0.021200063115999868,0.8787878787878788,0.14829197225786897,2.0,"Durbl,Manuf,NoDur",2002-05,False,True,0.1193931011603162,True,True,0.10351677145993465,True,True,-0.0576145480404376,-0.0692889136035292,0.0116743655630916
2002-07,-0.0804,-0.30254779065707005,-0.12876770971999985,0.9515151515151515,0.15487429801076869,2.0,"Manuf,NoDur,Shops",2002-06,False,True,0.1193931011603162,True,True,0.10351677145993465,True,True,-0.0889047804539207,-0.0930361080288877,0.004131327574967
2002-08,0.0064,-0.34553362070228744,-0.15611416247999998,0.8303030303030303,0.1616203115276183,2.0,"Enrgy,Manuf,NoDur",2002-07,False,True,0.1193931011603162,True,True,0.10351677145993465,True,True,0.0049648441406902,0.0084556268092568,-0.0034907826685666
2002-09,-0.102,-0.3874686467727909,-0.14022402624000008,0.793939393939394,0.13383849311379972,2.0,"Enrgy,Manuf,NoDur",2002-08,False,True,0.1193931011603162,True,True,0.10351677145993465,True,True,-0.0797388877765425,-0.0980846787446356,0.018345790968093
2002-10,0.0798,-0.4214229986346546,-0.1689140748800001,0.12727272727272726,0.15772666856535478,2.0,"Durbl,Manuf,NoDur",2002-09,False,True,0.1193931011603162,True,True,0.10351677145993465,True,True,0.0200918905407003,0.0677384099781577,-0.0476465194374573
2002-11,0.0608,-0.36106826950879534,-0.024133773440000006,-0.4666666666666667,0.14458991993776804,2.0,"Durbl,Manuf,NoDur",2002-10,False,False,0.1193931011603162,True,True,0.10351677145993465,True,True,0.0571502491211595,0.059682457291518,-0.0025322081703584
2002-12,-0.0565,-0.2453192520820957,0.028615752320000132,-0.5272727272727272,0.12139885263751683,2.0,"Enrgy,Manuf,NoDur",2002-11,True,False,0.1193931011603162,True,True,0.10351677145993465,True,True,-0.0110176190036959,-0.0441902346468315,0.0331726156431356
2003-01,-0.024699999999999996,-0.29972336186020576,0.08073381103999999,-0.3575757575757576,0.09236147690884908,2.0,"Durbl,Manuf,NoDur",2002-12,True,False,0.1193931011603162,False,False,0.10351677145993465,False,False,-0.0383295035508459,-0.0304888919538516,-0.0078406115969943
2003-02,-0.017899999999999996,-0.34195991407867676,-0.02385656055999985,-0.006060606060606061,0.10267224241234432,2.0,"Enrgy,Manuf,NoDur",2003-01,False,False,0.1193931011603162,False,False,0.10351677145993465,False,False,-0.0109976501700639,-0.0231352368287041,0.0121375866586401
2003-03,0.0119,-0.28471370405829377,-0.0962759503449998,0.7090909090909091,0.06252195378551612,1.0,"Enrgy,NoDur,Other",2003-02,False,True,0.1193931011603162,False,False,0.10351677145993465,False,False,-0.0006059625462244,0.009980451894674,-0.0105864144408984
2003-04,0.0828,-0.22314242474679347,-0.030759548652999902,0.07878787878787878,0.06162102487140771,2.0,"Enrgy,Manuf,NoDur",2003-03,False,True,0.1193931011603162,False,False,0.10351677145993465,False,False,0.0336797734542242,0.0777987020289865,-0.0441189285747622
2003-05,0.061399999999999996,-0.2234292997745827,0.07607255277199987,-0.3939393939393939,0.06501341066663463,1.0,"Enrgy,Hlth,Other",2003-04,True,False,0.1193931011603162,False,False,0.10351677145993465,False,False,0.0587141757635198,0.0646330149499911,-0.0059188391864712
2003-06,0.015199999999999998,-0.18390877107004167,0.16296039864799972,-0.16363636363636364,0.046914394167365696,1.0,"Enrgy,Hlth,Other",2003-05,True,False,0.1193931011603162,False,False,0.10351677145993465,False,False,0.0136913367960995,0.0156582670437694,-0.0019669302476699
2003-07,0.024,-0.15751899978676664,0.1667530355839999,0.09090909090909091,0.06966742593774543,1.0,"HiTec,Hlth,Telcm",2003-06,True,True,0.1193931011603162,False,False,0.10351677145993465,False,False,0.0138904015997332,0.0131640796085836,0.0007263219911495
2003-08,0.024,-0.12121774043154643,0.10339407872000006,-0.3090909090909091,0.06956574793585699,1.0,"HiTec,Hlth,Telcm",2003-07,True,False,0.1193931011603162,False,False,0.10351677145993465,False,False,0.0149861852924524,0.0323521123253256,-0.0173659270328732
2003-09,-0.0116,-0.041770808435633744,0.06451435520000004,0.296969696969697,0.08065656236599479,3.0,"HiTec,Hlth,Telcm",2003-08,True,True,0.1193931011603162,False,False,0.10351677145993465,False,False,-0.0205146659300624,-0.0155942222500653,-0.0049204436799971
2003-10,0.0615,0.040327035305601555,0.03641251839999993,0.5151515151515151,0.14070267506568493,2.0,"Durbl,HiTec,Telcm",2003-09,False,True,0.1193931011603162,True,True,0.10351677145993465,True,True,0.0743624594482961,0.0566266902988563,0.0177357691494397
2003-11,0.0142,0.07527473025987952,0.07436707840000012,0.6727272727272727,0.09384568719771094,1.0,"Durbl,HiTec,Utils",2003-10,False,True,0.1193931011603162,False,False,0.10351677145993465,False,False,0.0192596735397188,0.0150875450879472,0.0041721284517715
2003-12,0.0437,0.012575330946675845,0.06408504972000006,0.41818181818181815,0.08211551694406811,1.0,"HiTec,Shops,Utils",2003-11,False,True,0.1193931011603162,False,False,0.10351677145993465,False,False,0.0192566050308178,0.0590349191953503,-0.0397783141645324
2004-01,0.022199999999999998,0.03854645529583878,0.12361955321000018,-0.07878787878787878,0.11571232070394007,1.0,"Durbl,HiTec,Shops",2003-12,False,False,0.1193931011603162,False,False,0.10351677145993465,True,False,0.013648500129016,0.0133245159250503,0.0003239842039657
2004-02,0.014599999999999998,0.07558478885856768,0.08201969598799996,0.05454545454545454,0.11214758556033014,1.0,"Durbl,HiTec,Manuf",2004-01,False,True,0.1193931011603162,False,False,0.10351677145993465,True,False,-0.0034726440136373,0.018662571129828,-0.0221352151434653
2004-03,-0.0123,0.11549455869968606,0.08244644404400003,-0.22424242424242424,0.11381164095763517,2.0,"Durbl,HiTec,Other",2004-02,False,False,0.1193931011603162,False,False,0.10351677145993465,True,True,-0.015436795519256,-0.0094096359433226,-0.0060271595759333
2004-04,-0.017300000000000003,0.05564240263263387,0.0243674933239999,-0.28484848484848485,0.11515855874016775,2.0,"Durbl,HiTec,Other",2004-03,False,False,0.1193931011603162,False,False,0.10351677145993465,True,True,-0.020436649168968,-0.0054460747928213,-0.0149905743761467
2004-05,0.0124,0.09266883196449238,-0.015216263266000007,0.21212121212121213,0.0820457792494371,2.0,"Durbl,Enrgy,HiTec",2004-04,False,True,0.1193931011603162,False,False,0.10351677145993465,False,False,0.0121194280655132,0.0033871818005484,0.0087322462649648
2004-06,0.0193,0.11988046718045364,-0.017351611403999878,0.7696969696969697,0.09019448552624258,1.0,"Durbl,Enrgy,Manuf",2004-05,False,True,0.1193931011603162,False,False,0.10351677145993465,False,False,0.0533031956838243,0.0241014980702611,0.0292016976135631
2004-07,-0.0394,0.2287342951528919,0.01408676976400014,0.6727272727272727,0.09563096335579778,2.0,"Durbl,Enrgy,Manuf",2004-06,False,True,0.1193931011603162,False,False,0.10351677145993465,False,False,-0.0179336232551348,-0.032108624241715,0.0141750009865802
2004-08,0.0018000000000000002,0.283516924667103,-0.008719089207999797,0.6242424242424243,0.10222462755254726,3.0,"Durbl,Enrgy,Manuf",2004-07,False,True,0.1193931011603162,False,False,0.10351677145993465,False,False,-0.0075838881615132,0.0011556443329734,-0.0087395324944866
2004-09,0.0171,0.2776502932546743,-0.019097968755999783,0.7575757575757576,0.0996589648383094,2.0,"Enrgy,Manuf,Utils",2004-08,False,True,0.1193931011603162,False,False,0.10351677145993465,False,False,0.040117724260211,0.0195000317010336,0.0206176925591774
2004-10,0.0153,0.4471025760237515,-0.021215092732000063,0.6121212121212121,0.10262122044935759,2.0,"Durbl,Enrgy,Manuf",2004-09,False,True,0.1193931011603162,False,False,0.10351677145993465,False,False,-0.0130357074433902,0.0134306708156661,-0.0264663782590564
2004-11,0.0468,0.36066238695769126,0.034520420933999985,0.296969696969697,0.1388760891912985,2.0,"Enrgy,Manuf,Utils",2004-10,False,True,0.1193931011603162,True,True,0.10351677145993465,True,True,0.061978635739379,0.0489577138519301,0.0130209218874488
2004-12,0.0358,0.3427049270996523,0.0809901942839999,0.34545454545454546,0.13762525459299074,2.0,"Enrgy,Manuf,Utils",2004-11,False,True,0.1193931011603162,True,True,0.10351677145993465,True,True,0.0089624131226138,0.0331728874230226,-0.0242104743004087
2005-01,-0.0259,0.4740580429144885,0.10086485423200009,-0.11515151515151516,0.11549578138792481,3.0,"Enrgy,Manuf,Utils",2004-12,False,False,0.1193931011603162,False,False,0.10351677145993465,True,True,0.0100892973209147,-0.0216070954779327,0.0316963927988475
2005-02,0.020399999999999998,0.4722443756823571,0.056192706103999956,0.7818181818181819,0.10140723413832956,3.0,"Enrgy,Manuf,Utils",2005-01,False,True,0.1193931011603162,False,False,0.10351677145993465,False,False,0.0862567354379324,0.0291562938623262,0.0571004415756062
2005-03,-0.0173,0.5296590580860168,0.029555824712000023,0.7454545454545455,0.11371266974493939,3.0,"Enrgy,Manuf,Utils",2005-02,False,True,0.1193931011603162,False,False,0.10351677145993465,True,True,-0.0140994066534508,-0.0182868656970948,0.0041874590436439
2005-04,-0.023999999999999997,0.4855182887450624,-0.023224069372000056,0.7696969696969697,0.17130155605754488,3.0,"Enrgy,Manuf,Utils",2005-03,False,True,0.1193931011603162,True,True,0.10351677145993465,True,True,-0.0272066886077244,-0.0296089286558961,0.0024022400481716
2005-05,0.0389,0.33899690599850474,-0.021318849920000105,0.503030303030303,0.16289792863435507,3.0,"Enrgy,Manuf,Utils",2005-04,False,True,0.1193931011603162,True,True,0.10351677145993465,True,True,0.0222163479800605,0.0386525211447856,-0.0164361731647251
2005-06,0.0081,0.3106122909759248,-0.003575218720000106,-0.1393939393939394,0.16059718385092292,3.0,"Enrgy,Manuf,Utils",2005-05,False,False,0.1193931011603162,True,True,0.10351677145993465,True,True,0.0338643521152688,0.0124084527657228,0.0214558993495459
2005-07,0.0416,0.30144626727032087,0.02217952783999988,0.4909090909090909,0.13893007507933414,2.0,"Enrgy,Shops,Utils",2005-06,False,True,0.1193931011603162,True,True,0.10351677145993465,True,True,0.048650275045841,0.0440385841513406,0.0046116908945004
2005-08,-0.009000000000000001,0.3238148749890297,0.090883397744,0.05454545454545454,0.1341293469556298,2.0,"Enrgy,Shops,Utils",2005-07,False,True,0.1193931011603162,True,True,0.10351677145993465,True,True,0.0048605349043187,-0.0062567341422821,0.0111172690466008
2005-09,0.007699999999999999,0.281152872181766,0.04058662736000018,0.44242424242424244,0.1355772664209266,3.0,"Enrgy,Shops,Utils",2005-08,False,True,0.1193931011603162,True,True,0.10351677145993465,True,True,0.032779143643514,0.0051903146767298,0.0275888289667842
2005-10,-0.0177,0.3061693133322194,0.040173737120000164,0.7454545454545455,0.13622157172832744,2.0,"Enrgy,NoDur,Utils",2005-09,False,True,0.1193931011603162,True,True,0.10351677145993465,True,True,-0.0620128188031339,-0.0314113414464783,-0.0306014773566555
2005-11,0.0392,0.20871419358100707,-0.019045063390000005,0.6363636363636364,0.1663660008306843,2.0,"Enrgy,Manuf,Utils",2005-10,False,True,0.1193931011603162,True,True,0.10351677145993465,True,True,0.0199764730291314,0.0288162752292164,-0.008839802200085
2005-12,0.0008000000000000004,0.23850896269905575,0.028666367431999795,-0.17575757575757575,0.12273827521429874,2.0,"Enrgy,Hlth,Utils",2005-11,False,False,0.1193931011603162,True,True,0.10351677145993465,True,True,0.0132514574597706,0.0007511705618217,0.0125002868979489
2006-01,0.0338,0.18760158078874656,0.021622804927999617,-0.006060606060606061,0.1337111838281893,2.0,"Enrgy,Shops,Utils",2005-12,False,False,0.1193931011603162,True,True,0.10351677145993465,True,True,0.0582436909143426,0.0403244592520684,0.0179192316622742
2006-02,0.0004000000000000002,0.20107856996615747,0.07518441996799963,0.34545454545454546,0.11264480597991822,2.0,"Enrgy,Other,Utils",2006-01,False,True,0.1193931011603162,False,False,0.10351677145993465,True,True,-0.0234009609855839,-0.0003809798134987,-0.0230199811720852
2006-03,0.0184,0.18426867868533803,0.03504089081599959,-0.16363636363636364,0.08601188232022612,2.0,"Enrgy,HiTec,Utils",2006-02,False,False,0.1193931011603162,False,False,0.10351677145993465,False,False,0.0104096860932167,0.0152204524118115,-0.0048107663185947
2006-04,0.0109,0.22107848777275296,0.05324304876799979,-0.296969696969697,0.059732121818599965,2.0,"Enrgy,Other,Utils",2006-03,False,False,0.1193931011603162,False,False,0.10351677145993465,False,False,0.0279412642622418,0.010782044347908,0.0171592199143337
2006-05,-0.0313,0.2561191037849555,0.02991236022399968,0.07878787878787878,0.07776750974776057,1.0,"Enrgy,HiTec,Manuf",2006-04,False,True,0.1193931011603162,False,False,0.10351677145993465,False,False,-0.046336093984336,-0.0176784015896971,-0.0286576923946388
2006-06,0.0005000000000000004,0.2018990278906423,-0.0027228075280001374,0.3212121212121212,0.09013599493178698,1.0,"Enrgy,Manuf,Other",2006-05,False,True,0.1193931011603162,False,False,0.10351677145993465,False,False,0.0059311885314217,0.0081594629559573,-0.0022282744245356
2006-07,-0.0037,0.1797311659026659,-0.02025154058500034,0.16363636363636364,0.06654631961441612,2.0,"Enrgy,Manuf,Other",2006-06,False,True,0.1193931011603162,False,False,0.10351677145993465,False,False,0.0016930218699251,0.0043633239288232,-0.002670302058898
2006-08,0.024499999999999997,0.22357501622821774,-0.034401632095000245,0.16363636363636364,0.06488265528234875,3.0,"Enrgy,Manuf,Other",2006-07,False,True,0.1193931011603162,False,False,0.10351677145993465,False,False,0.0017836677581455,0.0224718534163208,-0.0206881856581753
2006-09,0.0225,0.2513002636512367,0.021219704674999784,0.09090909090909091,0.06445612337950236,2.0,"Enrgy,Manuf,Telcm",2006-08,False,True,0.1193931011603162,False,False,0.10351677145993465,False,False,0.0054533455910006,0.0172137955204241,-0.0117604499294234
2006-10,0.0363,0.25794368261074596,0.04367531037499983,0.11515151515151516,0.04678079616983485,1.0,"Manuf,NoDur,Telcm",2006-09,False,True,0.1193931011603162,False,False,0.10351677145993465,False,False,0.0410861310218368,0.0405477868626014,0.0005383441592354
2006-11,0.0212,0.2839624133650309,0.08557736037499986,-0.10303030303030303,0.05081205872993162,2.0,"Durbl,Manuf,Telcm",2006-10,False,False,0.1193931011603162,False,False,0.10351677145993465,False,False,0.0195599766627772,0.0225252242102329,-0.0029652475474557
2006-12,0.0125,0.25256249190711655,0.08208062510000014,0.21212121212121213,0.06451448516695005,1.0,"Durbl,Telcm,Utils",2006-11,False,True,0.1193931011603162,False,False,0.10351677145993465,False,False,0.0138236449995199,0.0086609275825864,0.0051627174169335
2007-01,0.0182,0.22438648682753004,0.07149792950000022,0.793939393939394,0.07605629980211843,2.0,"Durbl,Enrgy,Telcm",2006-12,False,True,0.1193931011603162,False,False,0.10351677145993465,False,False,0.0140211783399013,0.0196723663305395,-0.0056511879906382
2007-02,-0.015799999999999998,0.2798175966407874,0.05278316300000019,0.6121212121212121,0.0788574589650113,1.0,"NoDur,Telcm,Utils",2007-01,False,True,0.1193931011603162,False,False,0.10351677145993465,False,False,-0.0010329778370272,-0.0100959535689565,0.0090629757319292
2007-03,0.0114,0.2344144243569808,0.014638845499999942,0.2727272727272727,0.06661726023904098,1.0,"Durbl,NoDur,Telcm",2007-02,False,True,0.1193931011603162,False,False,0.10351677145993465,False,False,0.0125150461782681,0.0168819615061961,-0.0043669153279279
2007-04,0.0393,0.2704658072602528,0.01353652181600018,0.5515151515151515,0.07952762744771896,2.0,"NoDur,Telcm,Utils",2007-03,False,True,0.1193931011603162,False,False,0.10351677145993465,False,False,0.0305896316052676,0.0422313566135743,-0.0116417250083067
2007-05,0.0364,0.35286384578440644,0.034539881284000096,0.4909090909090909,0.08402034807597603,2.0,"NoDur,Telcm,Utils",2007-04,False,True,0.1193931011603162,False,False,0.10351677145993465,False,False,0.037928790834858,0.0370537711126039,0.000875019722254
2007-06,-0.0156,0.34960832589369417,0.08940980792799991,0.7090909090909091,0.059722267769138915,2.0,"Enrgy,Telcm,Utils",2007-05,False,True,0.1193931011603162,False,False,0.10351677145993465,False,False,-0.0195350775941181,-0.0132079216971748,-0.0063271558969432
2007-07,-0.03320000000000001,0.3178796111593618,0.060327283888000016,0.296969696969697,0.05553666608200138,2.0,"Enrgy,Telcm,Utils",2007-06,False,True,0.1193931011603162,False,False,0.10351677145993465,False,False,-0.0264762633132349,-0.0336179618470815,0.0071416985338466
2007-08,0.013599999999999998,0.22323925505843967,-0.013639547712000044,0.7333333333333333,0.0656085358985185,1.0,"HiTec,Manuf,Telcm",2007-07,False,True,0.1193931011603162,False,False,0.10351677145993465,False,False,0.0083593806580011,0.0098314802388077,-0.0014720995808066
2007-09,0.0354,0.25113552868540334,-0.035338716287999894,0.5272727272727272,0.07576517418423355,1.0,"Enrgy,Manuf,Telcm",2007-08,False,True,0.1193931011603162,False,False,0.10351677145993465,False,False,0.0507095915643203,0.0342041864423707,0.0165054051219495
2007-10,0.0211,0.28552716721332394,0.014638656192000221,0.6121212121212121,0.08267833205978418,1.0,"Enrgy,HiTec,Manuf",2007-09,False,True,0.1193931011603162,False,False,0.10351677145993465,False,False,0.0348215535922653,0.0208721674785903,0.013949386113675
2007-11,-0.0446,0.33630437793090207,0.07162549838400012,0.6,0.09675004173769093,2.0,"Enrgy,HiTec,Manuf",2007-10,False,True,0.1193931011603162,False,False,0.10351677145993465,False,False,-0.0483766956282791,-0.0392893796522707,-0.0090873159760084
2007-12,-0.005999999999999999,0.2285461919507159,0.010093726475999931,0.5757575757575758,0.08401243644899202,3.0,"Enrgy,HiTec,Manuf",2007-11,False,True,0.1193931011603162,False,False,0.10351677145993465,False,False,0.0338569839073965,-0.0024939132817054,0.036350897189102
2008-01,-0.0612,0.2201987557943761,-0.030294413640000184,0.8787878787878788,0.10291573209101168,2.0,"Enrgy,Manuf,Utils",2007-12,False,True,0.1193931011603162,False,False,0.10351677145993465,False,False,-0.0785476294575099,-0.0611213425002435,-0.0174262869572663
2008-02,-0.029599999999999998,0.10806983163064454,-0.10845205712000006,0.3090909090909091,0.14240374366519548,2.0,"Enrgy,Manuf,Utils",2008-01,False,True,0.1193931011603162,True,True,0.10351677145993465,True,True,0.0154952741915717,-0.0224035829782509,0.0378988571698226
2008-03,-0.0076999999999999985,0.07484102820309668,-0.09445454911999995,0.7575757575757576,0.1080453170930072,2.0,"Enrgy,Manuf,NoDur",2008-02,False,True,0.1193931011603162,False,False,0.10351677145993465,True,True,-0.006533853328729,-0.0064458287035625,-8.80246251664385e-05
2008-04,0.047900000000000005,0.04729453288092356,-0.096003268704,0.4666666666666667,0.12836379771423734,2.0,"Enrgy,Manuf,NoDur",2008-03,False,True,0.1193931011603162,True,True,0.10351677145993465,True,True,0.0484920155237516,0.0474613880344423,0.0010306274893092
2008-05,0.0205,0.08562661094660218,0.009052167368000186,0.806060606060606,0.1179287075034277,3.0,"Enrgy,Manuf,NoDur",2008-04,False,True,0.1193931011603162,False,False,0.10351677145993465,True,True,0.0365135583000917,0.0267286107876063,0.0097849475124853
2008-06,-0.0826,0.14367911269846978,0.061147708985000104,0.5636363636363636,0.12436067991622561,2.0,"Enrgy,Manuf,Utils",2008-05,False,True,0.1193931011603162,True,True,0.10351677145993465,True,True,-0.0229268561105522,-0.0792280235713931,0.0563011674608409
2008-07,-0.006,0.04868687455229992,-0.018948999069999917,0.8666666666666667,0.138582517449664,2.0,"Enrgy,Manuf,Utils",2008-06,False,True,0.1193931011603162,True,True,0.10351677145993465,True,True,-0.0766884924856003,-0.0128054590199009,-0.0638830334656994
2008-08,0.0166,0.04626593727289596,-0.06941054020000015,0.5151515151515151,0.18139241701783293,2.0,"Enrgy,NoDur,Utils",2008-07,False,True,0.1193931011603162,True,True,0.10351677145993465,True,True,0.0037030642281641,0.0185072812117172,-0.0148042169835531
2008-09,-0.092,0.038198098420328064,-0.07296693304000013,0.3333333333333333,0.13127816988660646,2.0,"Enrgy,Hlth,Utils",2008-08,False,True,0.1193931011603162,True,True,0.10351677145993465,True,True,-0.1000038734135356,-0.0925255505259584,-0.0074783228875772
2008-10,-0.1712,-0.07805978154947879,-0.08246563680000008,-0.2,0.11525724807548772,2.0,"Enrgy,Hlth,Utils",2008-09,False,False,0.1193931011603162,False,False,0.10351677145993465,True,True,-0.1297796169981889,-0.175274804750077,0.0454951877518881
2008-11,-0.0771,-0.26266134029548194,-0.23495726336,0.7333333333333333,0.10393039557420267,1.0,"Hlth,NoDur,Shops",2008-10,False,True,0.1193931011603162,False,False,0.10351677145993465,True,False,-0.065223496083986,-0.0612052801147903,-0.0040182159691957
2008-12,0.0177,-0.3336370455921469,-0.3054712358399999,0.806060606060606,0.11211689096287215,1.0,"Hlth,NoDur,Shops",2008-11,False,True,0.1193931011603162,False,False,0.10351677145993465,True,False,0.0416589098405437,0.0160184415277395,0.0256404683128042
2009-01,-0.0809,-0.3302147370855584,-0.2215617584959999,0.8181818181818182,0.12023338186888663,3.0,"Hlth,NoDur,Shops",2008-12,False,True,0.1193931011603162,True,True,0.10351677145993465,True,True,-0.0495433617944325,-0.0723299090901112,0.0227865472956787
2009-02,-0.1013,-0.3954040118398514,-0.13674880819699986,0.8181818181818182,0.13183747963651157,3.0,"Hlth,NoDur,Shops",2009-01,False,True,0.1193931011603162,True,True,0.10351677145993465,True,True,-0.0717756282641021,-0.0988707297139099,0.0270951014498078
2009-03,0.0903,-0.4479268293441113,-0.15938471549099986,0.6242424242424243,0.14216972792941635,2.0,"Hlth,NoDur,Utils",2009-02,False,True,0.1193931011603162,True,True,0.10351677145993465,True,True,0.055199352251072,0.0828998133086877,-0.0277004610576157
2009-04,0.1018,-0.4048592268478195,-0.09941746614899982,0.806060606060606,0.13366514023101278,2.0,"Hlth,NoDur,Shops",2009-03,False,True,0.1193931011603162,True,True,0.10351677145993465,True,True,0.044884864144024,0.1197259782851545,-0.0748411141411304
2009-05,0.0521,-0.3690694661223204,0.07960160569800001,-0.44242424242424244,0.14100730642679396,2.0,"Hlth,NoDur,Shops",2009-04,True,False,0.1193931011603162,True,True,0.10351677145993465,True,True,0.0414485181574759,0.0410709587924518,0.0003775593650241
2009-06,0.0043,-0.3595117573401131,0.26387988133399976,-0.7090909090909091,0.10504274515175789,3.0,"Hlth,NoDur,Shops",2009-05,True,False,0.1193931011603162,False,False,0.10351677145993465,True,True,0.0132168671147321,0.0106639767835166,0.0025528903312155
2009-07,0.0775,-0.3465640571888212,0.16418835625399986,-0.40606060606060607,0.10381949529097616,3.0,"Hlth,NoDur,Shops",2009-06,True,False,0.1193931011603162,False,False,0.10351677145993465,True,True,0.0651919881848819,0.083265540975185,-0.018073552790303
2009-08,0.033400000000000006,-0.2717446955119518,0.1385123923249998,0.01818181818181818,0.08837296587341309,3.0,"Hlth,NoDur,Shops",2009-07,True,True,0.1193931011603162,False,False,0.10351677145993465,False,False,0.0221633394963749,0.0238655645231637,-0.0017022250267888
2009-09,0.040900000000000006,-0.2575187138339098,0.11827650054999994,0.04242424242424243,0.07565682028221521,3.0,"Hlth,NoDur,Shops",2009-08,True,True,0.1193931011603162,False,False,0.10351677145993465,False,False,0.0293616546614479,0.0396225295614167,-0.0102608748999688
2009-10,-0.0253,-0.25357468536770034,0.15903017964999977,-0.22424242424242424,0.06504739235961021,2.0,"HiTec,Hlth,Shops",2009-09,True,False,0.1193931011603162,False,False,0.10351677145993465,False,False,-0.0167651422796314,-0.0186973388467531,0.0019321965671217
2009-11,0.056299999999999996,-0.28749314056203845,0.048451708681999994,0.10303030303030303,0.11693954784018853,0.0,"Durbl,HiTec,Manuf",2009-10,True,True,0.1193931011603162,False,False,0.10351677145993465,True,False,0.0753160973171136,0.0603301293109208,0.0149859680061927
2009-12,0.028099999999999997,-0.2122451375085631,0.0716852524489997,0.4909090909090909,0.16903045063978217,1.0,"Durbl,HiTec,Shops",2009-11,True,True,0.1193931011603162,True,False,0.10351677145993465,True,False,0.044909323880486,0.0342014625789057,0.0107078613015803
2010-01,-0.0335,-0.18522054916755892,0.05850668464100006,0.47878787878787876,0.19282662501284373,2.0,"Durbl,HiTec,Manuf",2009-12,True,True,0.1193931011603162,True,True,0.10351677145993465,True,True,-0.0387205867644607,-0.0323695761718243,-0.0063510105926364
2010-02,0.0339,-0.16117986873715995,0.04960163199500012,0.34545454545454546,0.2721226783613706,2.0,"Durbl,HiTec,Manuf",2010-01,True,True,0.1193931011603162,True,True,0.10351677145993465,True,True,0.0579521047289079,0.033248243362614,0.0247038613662939
2010-03,0.0631,-0.10629005182125906,0.027343678235000057,0.8181818181818182,0.3235739109437486,2.0,"Durbl,Manuf,Other",2010-02,True,True,0.1193931011603162,True,True,0.10351677145993465,True,True,0.0795714197155426,0.0602811134550838,0.0192903062604588
2010-04,0.02,-0.04252439190887891,0.062317930484999895,0.793939393939394,0.30632972559515137,2.0,"Durbl,Manuf,Other",2010-03,True,True,0.1193931011603162,True,True,0.10351677145993465,True,True,0.0408618681606101,0.0241819180314228,0.0166799501291872
2010-05,-0.0789,-0.06801687159753467,0.12112187179999978,0.6727272727272727,0.1400298355364536,3.0,"Durbl,Manuf,Other",2010-04,True,True,0.1193931011603162,True,True,0.10351677145993465,True,True,-0.0875093009274816,-0.0756179396865961,-0.0118913612408855
2010-06,-0.055499999999999994,-0.15879504206613337,-0.001194161799999982,0.7333333333333333,0.2061999161433855,2.0,"Durbl,HiTec,Manuf",2010-05,False,True,0.1193931011603162,True,True,0.10351677145993465,True,True,-0.0757425514578621,-0.0526271262365211,-0.023115425221341
2010-07,0.0693,-0.13394584394098863,-0.11262147099999997,-0.4303030303030303,0.16663137681514215,2.0,"Durbl,Manuf,Shops",2010-06,False,False,0.1193931011603162,True,True,0.10351677145993465,True,True,0.0989545201023656,0.0774152988006102,0.0215392213017553
2010-08,-0.0477,-0.06833832085120639,-0.069731508765,0.17575757575757575,0.06974287870550479,2.0,"Durbl,Manuf,Telcm",2010-07,False,True,0.1193931011603162,False,False,0.10351677145993465,False,False,-0.0574479223889207,-0.040700282592888,-0.0167476397960326
2010-09,0.0956,-0.12726596787979916,-0.03822094864500014,0.1393939393939394,0.10760763435076179,2.0,"Durbl,Manuf,Telcm",2010-08,False,True,0.1193931011603162,False,False,0.10351677145993465,True,True,0.1037182428988345,0.0923157607443829,0.0114024821544516
2010-10,0.0388,0.05304780351419813,0.1156433336839997,0.5272727272727272,0.08377615017803727,2.0,"Durbl,NoDur,Telcm",2010-09,False,True,0.1193931011603162,False,False,0.10351677145993465,False,False,0.0579726464208933,0.04188950126025,0.0160831451606433
2010-11,0.006,0.3198673483235388,0.08382146734399987,0.4303030303030303,0.10194811334964787,2.0,"Durbl,Manuf,Telcm",2010-10,False,True,0.1193931011603162,False,False,0.10351677145993465,False,False,0.022688276857794,0.0115817270287352,0.0111065498290587
2010-12,0.0683,0.4387111847583487,0.1449379356799998,0.17575757575757575,0.10095384275859023,2.0,"Durbl,Manuf,Telcm",2010-11,False,True,0.1193931011603162,False,False,0.10351677145993465,False,False,0.0749157656958883,0.0633254387258117,0.0115903269700765
2011-01,0.019899999999999998,0.5102438426622224,0.11640854024000014,0.6,0.1096925991386185,2.0,"Durbl,Manuf,Shops",2010-12,False,True,0.1193931011603162,False,False,0.10351677145993465,True,True,0.006029696515271,0.0139909884891005,-0.0079612919738294
2011-02,0.0349,0.6758760691232737,0.09609652502000032,0.5636363636363636,0.1289695215698811,2.0,"Durbl,Manuf,Telcm",2011-01,False,True,0.1193931011603162,True,True,0.10351677145993465,True,True,0.0285874254570237,0.0343886358816569,-0.0058012104246332
2011-03,0.004600000000000001,0.9298588449267562,0.12758478503300008,0.2727272727272727,0.11000625109706605,1.0,"Durbl,Enrgy,Telcm",2011-02,False,True,0.1193931011603162,False,False,0.10351677145993465,True,False,0.0185104571746788,0.0122707734999791,0.0062396836746996
2011-04,0.028999999999999998,0.778167656253709,0.060349784745999946,0.5151515151515151,0.10319402100919052,2.0,"Durbl,Enrgy,Telcm",2011-03,False,True,0.1193931011603162,False,False,0.10351677145993465,False,False,0.0253992509067633,0.0340744606803511,-0.0086752097735878
2011-05,-0.0127,0.6606775442776063,0.06981069565999976,0.3333333333333333,0.08956421306662911,2.0,"Enrgy,Manuf,Telcm",2011-04,False,True,0.1193931011603162,False,False,0.10351677145993465,False,False,-0.0200297709597649,-0.0076655058385928,-0.0123642651211721
2011-06,-0.0174,0.5583945817558034,0.0206049858199997,-0.2,0.1028663878040327,2.0,"Enrgy,Manuf,Telcm",2011-05,False,False,0.1193931011603162,False,False,0.10351677145993465,False,False,-0.0143091821141102,-0.0141207596072918,-0.0001884225068183
2011-07,-0.0235,0.5247222105279821,-0.0017455115800001364,-0.3939393939393939,0.0997878094086189,2.0,"Durbl,Enrgy,Telcm",2011-06,False,False,0.1193931011603162,False,False,0.10351677145993465,False,False,-0.0453877660363788,-0.027563063932802,-0.0178247021035767
2011-08,-0.0595,0.38180161353185604,-0.052676863029999965,-0.11515151515151516,0.07448216028922028,2.0,"Enrgy,Manuf,Telcm",2011-07,False,False,0.1193931011603162,False,False,0.10351677145993465,False,False,-0.0706780285269406,-0.0547520048136643,-0.0159260237132762
2011-09,-0.0758,0.2575812052706701,-0.09758187954999997,-0.05454545454545454,0.08469116665072393,1.0,"Enrgy,Manuf,Shops",2011-08,False,False,0.1193931011603162,False,False,0.10351677145993465,False,False,-0.0907791630542601,-0.0730455531221039,-0.0177336099321562
2011-10,0.1133,0.11658809675391812,-0.15121633735000006,0.5393939393939394,0.07614822857130876,1.0,"Enrgy,NoDur,Utils",2011-09,False,True,0.1193931011603162,False,False,0.10351677145993465,False,False,0.0967559013500654,0.1147271752685801,-0.0179712739185147
2011-11,-0.0027,0.2753642434760819,-0.03230839566999999,0.6848484848484848,0.10235032857138665,0.0,"NoDur,Shops,Utils",2011-10,False,True,0.1193931011603162,False,False,0.10351677145993465,False,False,0.0113762939335191,-0.004069204256784,0.0154454981903031
2011-12,0.0075,0.2041283347710845,0.026133797977999862,0.6,0.08848301931935769,2.0,"Enrgy,NoDur,Utils",2011-11,False,True,0.1193931011603162,False,False,0.10351677145993465,False,False,0.0144945659041451,0.0101483488042555,0.0043462170998895
2012-01,0.050499999999999996,0.1800012618245963,0.1186212956749999,-0.3090909090909091,0.12389475306945749,2.0,"NoDur,Shops,Utils",2011-12,False,False,0.1193931011603162,True,True,0.10351677145993465,True,True,0.005464677446241,0.0446819540585652,-0.0392172766123242
2012-02,0.044199999999999996,0.28255698452844125,0.05552112737499981,-0.12727272727272726,0.14075356923212526,2.0,"NoDur,Shops,Utils",2012-01,False,False,0.1193931011603162,True,True,0.10351677145993465,True,True,0.0278214811958772,0.0418417872973062,-0.014020306101429
2012-03,0.031200000000000002,0.2953341747215381,0.10515909074999996,-0.6727272727272727,0.10175984549099056,3.0,"NoDur,Shops,Utils",2012-02,False,False,0.1193931011603162,False,False,0.10351677145993465,False,False,0.0334616942940575,0.0246626827550726,0.0087990115389848
2012-04,-0.0085,0.2564656203300255,0.13115638151999987,-0.41818181818181815,0.08923451286805595,3.0,"NoDur,Shops,Utils",2012-03,False,False,0.1193931011603162,False,False,0.10351677145993465,False,False,0.0115272421505592,-0.0076594279399708,0.0191866700905301
2012-05,-0.061599999999999995,0.2213584927031571,0.06762641815999992,0.7090909090909091,0.09245073254267387,2.0,"HiTec,NoDur,Shops",2012-04,False,True,0.1193931011603162,False,False,0.10351677145993465,False,False,-0.0453198937669503,-0.0523191593248609,0.0069992655579106
2012-06,0.038900000000000004,0.24429791505009502,-0.04054718368000021,0.7212121212121212,0.0924623593642519,2.0,"NoDur,Shops,Utils",2012-05,False,True,0.1193931011603162,False,False,0.10351677145993465,False,False,0.0297565760960158,0.0322430460098768,-0.0024864699138609
2012-07,0.0079,0.3686618358343501,-0.033382921960000145,0.7333333333333333,0.1126336674927018,2.0,"NoDur,Shops,Utils",2012-06,False,True,0.1193931011603162,False,False,0.10351677145993465,True,True,0.0203972259040228,0.0139581583934844,0.0064390675105383
2012-08,0.0255,0.29007225693205063,-0.017394500296000093,0.806060606060606,0.12251838152293999,1.0,"Hlth,Shops,Telcm",2012-07,False,True,0.1193931011603162,True,False,0.10351677145993465,True,False,0.0149871746473553,0.0191434517172599,-0.0041562770699046
2012-09,0.0274,0.38923563948736506,0.07380854640500001,0.34545454545454546,0.10454657701854302,1.0,"Hlth,Shops,Telcm",2012-08,False,True,0.1193931011603162,False,False,0.10351677145993465,True,False,0.0381959346497713,0.0284508563219567,0.0097450783278145
2012-10,-0.0175,0.3027571157441762,0.06192212973000033,0.3575757575757576,0.07442944755412455,3.0,"Hlth,Shops,Telcm",2012-09,False,True,0.1193931011603162,False,False,0.10351677145993465,False,False,-0.0179393252350423,-0.0075361277876632,-0.0104031974473791
2012-11,0.0079,0.23215139220124503,0.03516072275000037,-0.34545454545454546,0.11000732464513482,3.0,"Hlth,Shops,Telcm",2012-10,False,False,0.1193931011603162,False,False,0.10351677145993465,True,True,0.0101307166068571,0.0073590978200537,0.0027716187868034
2012-12,0.011899999999999999,0.23447851709705247,0.017394921950000253,0.40606060606060607,0.08483296508028848,2.0,"Hlth,Other,Telcm",2012-11,False,True,0.1193931011603162,False,False,0.10351677145993465,False,False,0.0139254438674158,0.0130814026034169,0.0008440412639989
2013-01,0.0557,0.16930526205233298,0.002045864825000132,0.2727272727272727,0.0779887274608973,2.0,"Hlth,Shops,Telcm",2012-12,False,True,0.1193931011603162,False,False,0.10351677145993465,False,False,0.0612052002306107,0.054649461636963,0.0065557385936476
2013-02,0.0128,0.21034960795043434,0.07670210635700014,0.22424242424242424,0.06924104501892749,2.0,"Hlth,Other,Telcm",2013-01,False,True,0.1193931011603162,False,False,0.10351677145993465,False,False,0.0163903077865414,0.0131336982549825,0.0032566095315589
2013-03,0.0404,0.18450293065242995,0.08193659422400001,0.09090909090909091,0.08376029809504305,2.0,"Hlth,Other,Telcm",2013-02,False,True,0.1193931011603162,False,False,0.10351677145993465,False,False,0.0544978684458759,0.0436460649633814,0.0108518034824944
2013-04,0.015600000000000001,0.22671396481265016,0.11240916358399988,0.7696969696969697,0.08106564061269628,3.0,"Hlth,Other,Telcm",2013-03,False,True,0.1193931011603162,False,False,0.10351677145993465,False,False,0.0257959136290379,0.0229842260205037,0.0028116876085342
2013-05,0.027999999999999997,0.21073926400750986,0.07015510707200012,0.5878787878787879,0.0823406943235144,3.0,"Hlth,Other,Telcm",2013-04,False,True,0.1193931011603162,False,False,0.10351677145993465,False,False,0.0192942026634646,0.0196913809441727,-0.0003971782807081
2013-06,-0.012,0.26065022120907555,0.08621588672000025,0.5757575757575758,0.08023620304474975,2.0,"Durbl,Hlth,Telcm",2013-05,False,True,0.1193931011603162,False,False,0.10351677145993465,False,False,0.0001535530919911,-0.0075069961338585,0.0076605492258496
2013-07,0.0565,0.26757828063766187,0.031508358400000214,0.8424242424242424,0.12586205637231218,1.0,"Durbl,Hlth,Other",2013-06,False,True,0.1193931011603162,True,False,0.10351677145993465,True,False,0.0754013431326423,0.0566134687169903,0.0187878744156519
2013-08,-0.0271,0.37142493957367106,0.07304901599999991,0.8303030303030303,0.13581169893607112,2.0,"Durbl,Hlth,Other",2013-07,False,True,0.1193931011603162,True,True,0.10351677145993465,True,True,-0.0279391374440076,-0.0281960518538357,0.0002569144098281
2013-09,0.0377,0.41867020064989324,0.015534423799999919,0.3212121212121212,0.14462310857343674,3.0,"Durbl,Hlth,Other",2013-08,False,True,0.1193931011603162,True,True,0.10351677145993465,True,True,0.0481603297925528,0.0372232488234387,0.010937080969114
2013-10,0.0417,0.5928955498965529,0.06661950564499985,0.4909090909090909,0.13545625427895752,3.0,"Durbl,Hlth,Other",2013-09,False,True,0.1193931011603162,True,True,0.10351677145993465,True,True,0.0271279990304262,0.0404138308549266,-0.0132858318245003
2013-11,0.0311,0.4904511760776422,0.05167774636100009,0.4303030303030303,0.12518789995304694,2.0,"Durbl,Hlth,Manuf",2013-10,False,True,0.1193931011603162,True,True,0.10351677145993465,True,True,0.0308164661323455,0.0217351192328099,0.0090813468995356
2013-12,0.0281,0.5409648126478059,0.11459032199899988,0.5515151515151515,0.10186757182879934,2.0,"Durbl,Hlth,Other",2013-11,False,True,0.1193931011603162,False,False,0.10351677145993465,False,False,0.0162571264888318,0.0235714045487109,-0.0073142780598791
2014-01,-0.0332,0.5724723810255179,0.10427899204699997,0.17575757575757575,0.09070115300895491,2.0,"Durbl,Hlth,Other",2013-12,False,True,0.1193931011603162,False,False,0.10351677145993465,False,False,-0.0205381177852306,-0.0322552591529887,0.0117171413677581
2014-02,0.0466,0.44718352972438913,0.024879456187999915,0.38181818181818183,0.08551224498190821,3.0,"Durbl,Hlth,Other",2014-01,False,True,0.1193931011603162,False,False,0.10351677145993465,False,False,0.0593528127980573,0.0484963999888732,0.0108564128091841
2014-03,0.0043,0.45050975120623016,0.04028594592799983,0.6484848484848484,0.09367966435639181,2.0,"Durbl,HiTec,Hlth",2014-02,False,True,0.1193931011603162,False,False,0.10351677145993465,False,False,-0.0143620436739454,0.0060534324295844,-0.0204154761035298
2014-04,-0.0018,0.41267158954268535,0.016203847383999825,0.3090909090909091,0.10651275625502486,2.0,"Durbl,HiTec,Hlth",2014-03,False,True,0.1193931011603162,False,False,0.10351677145993465,True,True,-0.0035035941394856,0.0084320059308704,-0.0119356000703561
2014-05,0.020499999999999997,0.42221763054110784,0.04920839931599974,-0.2606060606060606,0.09218444209041254,2.0,"Durbl,HiTec,Other",2014-04,False,False,0.1193931011603162,False,False,0.10351677145993465,False,False,0.0192911250895657,0.0183613089761565,0.0009298161134092
2014-06,0.026000000000000002,0.5466465174416033,0.023043351329999906,-0.38181818181818183,0.039708423652811596,1.0,"Durbl,Hlth,Manuf",2014-05,False,False,0.1193931011603162,False,False,0.10351677145993465,False,False,0.0284099944845976,0.0275745496900765,0.0008354447945211
2014-07,-0.0203,0.5274418393445812,0.04514834060000017,-0.10303030303030303,0.05104247339878623,0.0,"HiTec,Hlth,Manuf",2014-06,False,False,0.1193931011603162,False,False,0.10351677145993465,False,False,-0.0147332830394314,-0.0268256255368924,0.012092342497461
2014-08,0.0424,0.4847055957990736,0.025778230100000243,0.28484848484848485,0.04703644271112308,1.0,"Enrgy,HiTec,Hlth",2014-07,False,True,0.1193931011603162,False,False,0.10351677145993465,False,False,0.0399864977496249,0.0423095680174274,-0.0023230702678025
2014-09,-0.0196,0.5091731965489559,0.047791501280000315,0.3696969696969697,0.04814847018490712,2.0,"HiTec,Hlth,Telcm",2014-08,False,True,0.1193931011603162,False,False,0.10351677145993465,False,False,-0.0105633105517586,-0.0286755328193584,0.0181122222675997
2014-10,0.025099999999999997,0.4401337374893868,0.0012229901119999997,0.3333333333333333,0.049339934395984525,2.0,"HiTec,Hlth,Utils",2014-09,False,True,0.1193931011603162,False,False,0.10351677145993465,False,False,0.0470162742199038,0.0260173333116686,0.0209989409082351
2014-11,0.0256,0.5025761774049569,0.04762038089599985,0.6848484848484848,0.06412288175320133,2.0,"HiTec,Hlth,Utils",2014-10,False,True,0.1193931011603162,False,False,0.10351677145993465,False,False,0.0235230488352662,0.021450728549069,0.0020723202861971
2014-12,-0.0005,0.5289633173395414,0.03073624582399992,0.5515151515151515,0.08032066795540935,3.0,"HiTec,Hlth,Utils",2014-11,False,True,0.1193931011603162,False,False,0.10351677145993465,False,False,-0.0007734799185522,-0.0011133055774424,0.0003398256588902
2015-01,-0.031,0.510227132800545,0.05081688872000001,0.41818181818181815,0.10312987740676874,3.0,"HiTec,Hlth,Utils",2014-12,False,True,0.1193931011603162,False,False,0.10351677145993465,False,False,-0.0021397789852518,-0.0248159655689262,0.0226761865836744
2015-02,0.0613,0.38619881754639396,-0.006690503199999975,0.8787878787878788,0.08137791640312135,2.0,"Hlth,Shops,Utils",2015-01,False,True,0.1193931011603162,False,False,0.10351677145993465,False,False,0.017360710118353,0.0536972684532528,-0.0363365583348997
2015-03,-0.0111,0.4525797838289769,0.027885500149999798,0.09090909090909091,0.10015675335776958,2.0,"Hlth,NoDur,Utils",2015-02,False,True,0.1193931011603162,False,False,0.10351677145993465,False,False,-0.0065844831648952,-0.0115812520665662,0.004996768901671
2015-04,0.0059,0.38067680529457437,0.01698446332999981,0.6606060606060606,0.10173271419951589,1.0,"HiTec,Hlth,Shops",2015-03,False,True,0.1193931011603162,False,False,0.10351677145993465,False,False,-0.0079950008331944,0.0083140781870238,-0.0163090790202183
2015-05,0.0137,0.3674899551455417,0.0557117354629999,-0.06666666666666667,0.12368778484343047,1.0,"HiTec,Hlth,Shops",2015-04,False,False,0.1193931011603162,True,False,0.10351677145993465,True,False,0.0266258422499316,0.0078607819601581,0.0187650602897735
2015-06,-0.0152,0.3484674781430308,0.008362372786999916,0.696969696969697,0.10022592423557848,3.0,"HiTec,Hlth,Shops",2015-05,False,True,0.1193931011603162,False,False,0.10351677145993465,False,False,-0.0127741233377455,-0.0187473725833501,0.0059732492456046
2015-07,0.015700000000000002,0.3440999721409481,0.004181681384000102,0.6606060606060606,0.12657385868323306,3.0,"HiTec,Hlth,Shops",2015-06,False,True,0.1193931011603162,True,True,0.10351677145993465,True,True,0.0361585719965267,0.0085226978439441,0.0276358741525826
2015-08,-0.0602,0.29219341382258524,0.013964940632000156,0.9878787878787879,0.1287394823895171,2.0,"Hlth,NoDur,Shops",2015-07,False,True,0.1193931011603162,True,True,0.10351677145993465,True,True,-0.0595805452026829,-0.0574947959242725,-0.0020857492784104
2015-09,-0.030600000000000002,0.24823041454462502,-0.059954373871999755,0.8666666666666667,0.1524558729757141,2.0,"Hlth,NoDur,Shops",2015-08,False,True,0.1193931011603162,True,True,0.10351677145993465,True,True,-0.0318084179480033,-0.0303661726435513,-0.001442245304452
2015-10,0.0775,0.166073589534123,-0.07465451871599993,0.40606060606060607,0.12005536156386688,3.0,"Hlth,NoDur,Shops",2015-09,False,True,0.1193931011603162,True,True,0.10351677145993465,True,True,0.0637529671881667,0.0755108602318386,-0.0117578930436719
2015-11,0.005699999999999999,0.20614792428051976,-0.01835211570000006,-0.16363636363636364,0.10573397060606078,2.0,"HiTec,NoDur,Shops",2015-10,False,False,0.1193931011603162,False,False,0.10351677145993465,True,True,0.0040936793611303,0.0013701670652259,0.0027235122959043
2015-12,-0.0214,0.17643581364457273,0.05048231245000001,-0.06666666666666667,0.06503826282821369,2.0,"HiTec,NoDur,Shops",2015-11,False,False,0.1193931011603162,False,False,0.10351677145993465,False,False,-0.0056711661647256,-0.0256264953494005,0.0199553291846749
2016-01,-0.0573,0.11979387922631934,0.06045181655000009,0.6606060606060606,0.07532584897800397,3.0,"HiTec,NoDur,Shops",2015-12,False,True,0.1193931011603162,False,False,0.10351677145993465,False,False,-0.0344063240129919,-0.0465288685111453,0.0121225444981534
2016-02,-0.00039999999999999996,0.09188010958486892,-0.07221538054599974,0.41818181818181815,0.09422561332222257,3.0,"HiTec,NoDur,Shops",2016-01,False,True,0.1193931011603162,False,False,0.10351677145993465,False,False,-0.0006124524744356,0.0054793412079958,-0.0060917936824315
2016-03,0.06970000000000001,0.042846701262216014,-0.0778427904879998,0.7696969696969697,0.08402288172183563,2.0,"NoDur,Shops,Telcm",2016-02,False,True,0.1193931011603162,False,False,0.10351677145993465,False,False,0.055248074679113,0.0725516157915464,-0.0173035411124333
2016-04,0.0093,0.11075686183430511,0.008002827524000278,0.45454545454545453,0.08750473291790552,2.0,"NoDur,Shops,Telcm",2016-03,False,True,0.1193931011603162,False,False,0.10351677145993465,False,False,0.0013647691039744,0.015771623133987,-0.0144068540300126
2016-05,0.0179,0.12310849594205986,0.0792163507160002,-0.8424242424242424,0.08809533024232488,2.0,"HiTec,NoDur,Shops",2016-04,False,False,0.1193931011603162,False,False,0.10351677145993465,False,False,0.0224567859885496,0.0106475463418631,0.0118092396466864
2016-06,-9.999999999999996e-05,0.12024707302246229,0.09897391295900015,-0.8909090909090909,0.05906275686259745,2.0,"NoDur,Shops,Utils",2016-05,False,False,0.1193931011603162,False,False,0.10351677145993465,False,False,0.0426427903243009,0.0094432727373179,0.033199517586983
2016-07,0.039599999999999996,0.09174955976136467,0.02726373335300014,0.12727272727272726,0.06674235806422253,1.0,"HiTec,NoDur,Utils",2016-06,False,True,0.1193931011603162,False,False,0.10351677145993465,False,False,0.0236919319886648,0.0330951718588605,-0.0094032398701957
2016-08,0.0050999999999999995,0.1585004004571957,0.05810301911600013,0.17575757575757575,0.08378415959148858,2.0,"Enrgy,NoDur,Utils",2016-07,False,True,0.1193931011603162,False,False,0.10351677145993465,False,False,-0.0096132709932699,-0.0037435445549663,-0.0058697264383035
2016-09,0.0029000000000000002,0.1170460020141284,0.044797469804000345,0.21212121212121213,0.05832363960566275,2.0,"NoDur,Telcm,Utils",2016-08,False,True,0.1193931011603162,False,False,0.10351677145993465,False,False,-0.0009426705333108,0.0022397337456214,-0.0031824042789323
2016-10,-0.019899999999999998,0.14268200267234743,0.0479321756840001,-0.2,0.04143861090778607,1.0,"HiTec,Manuf,NoDur",2016-09,False,False,0.1193931011603162,False,False,0.10351677145993465,False,False,-0.0134990794965622,-0.0251766188257921,0.0116775393292298
2016-11,0.04870000000000001,0.09252036954362275,-0.012044704321000133,0.2727272727272727,0.04379659153018648,0.0,"HiTec,Manuf,Utils",2016-10,False,True,0.1193931011603162,False,False,0.10351677145993465,False,False,0.0142575175227563,0.042350507938035,-0.0280929904152786
2016-12,0.018400000000000003,0.11712764385764163,0.030811579522999955,-0.23636363636363636,0.07082809402258305,1.0,"HiTec,NoDur,Utils",2016-11,False,False,0.1193931011603162,False,False,0.10351677145993465,False,False,0.0262750104348576,0.022650048110552,0.0036249623243056
2017-01,0.0198,0.13825191846385398,0.04674295800799988,0.6727272727272727,0.08233913948076284,1.0,"Enrgy,Manuf,Utils",2016-12,False,True,0.1193931011603162,False,False,0.10351677145993465,False,False,-0.0002001999666724,0.0167524787180615,-0.0169526786847339
2017-02,0.035899999999999994,0.19792498085597376,0.08914240238400017,0.806060606060606,0.0916116434663423,0.0,"Durbl,Enrgy,Other",2017-01,False,True,0.1193931011603162,False,False,0.10351677145993465,False,False,0.0059147317924961,0.0283120457952399,-0.0223973140027438
2017-03,0.002,0.16925514714850043,0.07584877908800025,-0.34545454545454546,0.08692393213554706,1.0,"Enrgy,HiTec,Other",2017-02,False,False,0.1193931011603162,False,False,0.10351677145993465,False,False,-0.0027094613367694,0.0026199006988656,-0.005329362035635
2017-04,0.011300000000000001,0.18474431938800429,0.058523641640000124,0.09090909090909091,0.06832261125481583,1.0,"HiTec,Manuf,Other",2017-03,False,True,0.1193931011603162,False,False,0.10351677145993465,False,False,0.0156900166181777,0.008286253971804,0.0074037626463736
2017-05,0.011300000000000001,0.1911044141535827,0.04970088134000017,0.21212121212121213,0.08046360316209858,2.0,"HiTec,Manuf,Other",2017-04,False,True,0.1193931011603162,False,False,0.10351677145993465,False,False,0.0165959526253074,0.0069844621492332,0.0096114904760742
2017-06,0.0085,0.18828439778387907,0.024773145380000194,0.21212121212121213,0.07922711308926556,3.0,"HiTec,Manuf,Other",2017-05,False,True,0.1193931011603162,False,False,0.10351677145993465,False,False,0.0119252055101009,0.00494080366811,0.0069844018419908
2017-07,0.019499999999999997,0.21688141263712635,0.03142087536500027,0.5636363636363636,0.1161296065337381,3.0,"HiTec,Manuf,Other",2017-06,False,True,0.1193931011603162,False,False,0.10351677145993465,True,True,0.0240557915811363,0.0173973361595627,0.0066584554215736
2017-08,0.0027,0.2214340850482921,0.039784022975000166,0.7212121212121212,0.0944216736165927,3.0,"HiTec,Manuf,Other",2017-07,False,True,0.1193931011603162,False,False,0.10351677145993465,False,False,0.0091960477780317,-0.003407292720732,0.0126033404987637
2017-09,0.025800000000000003,0.3031836104255399,0.030941797525000148,0.7333333333333333,0.08403658635936692,3.0,"HiTec,Manuf,Other",2017-08,False,True,0.1193931011603162,False,False,0.10351677145993465,False,False,0.0303595890952159,0.0261698782366044,0.0041897108586115
2017-10,0.0235,0.37900324693059506,0.04862676837000013,0.41818181818181815,0.10371343621149819,3.0,"HiTec,Manuf,Other",2017-09,False,True,0.1193931011603162,False,False,0.10351677145993465,True,True,0.0395584705562386,0.0115958374172719,0.0279626331389666
2017-11,0.032,0.30989310740924747,0.05274104701000004,0.6,0.10204546256541562,3.0,"HiTec,Manuf,Other",2017-10,False,True,0.1193931011603162,False,False,0.10351677145993465,False,False,0.028156997724543,0.031687837979931,-0.0035308402553879
2017-12,0.0115,0.34414804300123647,0.08350330160000019,-0.06666666666666667,0.11637509338715807,2.0,"HiTec,Hlth,Manuf",2017-11,False,False,0.1193931011603162,False,False,0.10351677145993465,True,True,0.0061255026674782,0.0116327536884754,-0.0055072510209972
2018-01,0.0569,0.38933756948267995,0.06839889800000032,0.15151515151515152,0.11981725198614883,2.0,"HiTec,Hlth,Manuf",2017-12,False,True,0.1193931011603162,True,True,0.10351677145993465,True,True,0.0607275962915234,0.0412889893057946,0.0194386069857288
2018-02,-0.035300000000000005,0.5576438709942126,0.10326408920000008,0.07878787878787878,0.09476627553736398,2.0,"HiTec,Manuf,Shops",2018-01,False,True,0.1193931011603162,False,False,0.10351677145993465,False,False,-0.0287298672687857,-0.0499717682613759,0.0212419009925901
2018-03,-0.0223,0.5032603464867116,0.03131673144500002,0.8424242424242424,0.1084093257488649,2.0,"HiTec,Manuf,Shops",2018-02,False,True,0.1193931011603162,False,False,0.10351677145993465,True,True,-0.0265094502055338,-0.0159404690392198,-0.0105689811663139
2018-04,0.0041,0.3739718058895556,-0.0031454588889999746,0.806060606060606,0.12443085187322296,2.0,"HiTec,Other,Shops",2018-03,False,True,0.1193931011603162,True,True,0.10351677145993465,True,True,0.0136937122070137,0.0068798325539705,0.0068138796530432
2018-05,0.028000000000000004,0.36689298552828964,-0.05294574252100004,0.44242424242424244,0.10102689342225048,2.0,"HiTec,Other,Shops",2018-04,False,True,0.1193931011603162,False,False,0.10351677145993465,False,False,0.0303252851073365,0.0188454084563718,0.0114798766509647
2018-06,0.0063,0.38045582977019543,0.00919640995999993,0.7090909090909091,0.11301129165084287,2.0,"Enrgy,Other,Shops",2018-05,False,True,0.1193931011603162,False,False,0.10351677145993465,True,True,0.007951787047272,0.0165812694948275,-0.0086294824475554
2018-07,0.0336,0.3892916306608134,0.03871775324000004,0.5757575757575758,0.1298326079249245,1.0,"Enrgy,HiTec,Shops",2018-06,False,True,0.1193931011603162,True,False,0.10351677145993465,True,False,0.0221247859695041,0.0277201906425299,-0.0055954046730257
2018-08,0.0361,0.38127340270394083,0.06923480704000018,0.21212121212121213,0.11470821753271424,2.0,"Enrgy,HiTec,Shops",2018-07,False,True,0.1193931011603162,False,False,0.10351677145993465,True,True,0.0409961417902962,0.0209430908825762,0.0200530509077199
2018-09,0.0021,0.4238756069461276,0.07765971164800001,-0.01818181818181818,0.12724499655773963,3.0,"Enrgy,HiTec,Shops",2018-08,False,False,0.1193931011603162,True,True,0.10351677145993465,True,True,0.0128774873590042,0.0039257858340759,0.0089517015249283
2018-10,-0.0746,0.42273980029984526,0.07316187721600009,0.5515151515151515,0.13778926199922495,2.0,"HiTec,Other,Shops",2018-09,False,True,0.1193931011603162,True,True,0.10351677145993465,True,True,-0.081579043682051,-0.0583769282773247,-0.0232021154047262
2018-11,0.0189,0.3433357934878858,-0.039179565425999985,0.01818181818181818,0.13325592491147353,2.0,"HiTec,Hlth,Shops",2018-10,False,True,0.1193931011603162,True,True,0.10351677145993465,True,True,0.0245534579528317,0.0242786073956777,0.0002748505571539
2018-12,-0.0936,0.3051633832219003,-0.05512987087400001,-0.296969696969697,0.08532321609698032,2.0,"HiTec,Shops,Telcm",2018-11,False,False,0.1193931011603162,False,False,0.10351677145993465,False,False,-0.0867498957353879,-0.0944193557149387,0.0076694599795508
2019-01,0.0858,0.16162616904195826,-0.14536444961600004,-0.006060606060606061,0.08333726517057777,2.0,"HiTec,Hlth,Shops",2018-12,False,False,0.1193931011603162,False,False,0.10351677145993465,False,False,0.0760731421394376,0.0818092403346939,-0.0057360981952563
2019-02,0.036000000000000004,0.2368049562127459,0.0027699163679999472,0.2,0.08516965229257152,1.0,"Hlth,Shops,Utils",2019-01,False,True,0.1193931011603162,False,False,0.10351677145993465,False,False,0.0251508151055841,0.0321711277574301,-0.0070203126518459
2019-03,0.012900000000000002,0.23692435045506777,0.01959920832000006,-0.04242424242424243,0.07082303019639836,2.0,"Hlth,Shops,Utils",2019-02,False,False,0.1193931011603162,False,False,0.10351677145993465,False,False,0.0240941736592048,0.0100347549706447,0.01405941868856
2019-04,0.0418,0.25037991474644516,0.13939986551999994,-0.21212121212121213,0.0657975659397882,3.0,"Hlth,Shops,Utils",2019-03,False,False,0.1193931011603162,False,False,0.10351677145993465,False,False,0.0081937639575675,0.0317086106708646,-0.023514846713297
2019-05,-0.06709999999999999,0.2880903739571308,0.09322783191999995,0.3939393939393939,0.08732695029121686,1.0,"HiTec,Telcm,Utils",2019-04,False,True,0.1193931011603162,False,False,0.10351677145993465,False,False,-0.0442708048658556,-0.0675803925021859,0.0233095876363302
2019-06,0.0717,0.18823248280886706,-0.015567331662000083,0.9393939393939394,0.1016509711238746,1.0,"Shops,Telcm,Utils",2019-05,False,True,0.1193931011603162,False,False,0.10351677145993465,False,False,0.0528488748124686,0.0734229578113696,-0.0205740829989009
2019-07,0.0142,0.26269583720997813,0.04158010727400008,0.6242424242424243,0.11113991689943908,2.0,"Shops,Telcm,Utils",2019-06,False,True,0.1193931011603162,False,False,0.10351677145993465,True,True,0.0068607722720137,0.0060608309689973,0.0007999413030164
2019-08,-0.023899999999999998,0.2561315528184007,0.013985932806000134,0.8666666666666667,0.09375260277174198,2.0,"HiTec,Telcm,Utils",2019-07,False,True,0.1193931011603162,False,False,0.10351677145993465,False,False,0.0034931404036777,-0.0202974325469821,0.0237905729506598
2019-09,0.0159,0.22280842595595995,0.06094079645400008,0.4303030303030303,0.0857932819894552,2.0,"HiTec,Telcm,Utils",2019-08,False,True,0.1193931011603162,False,False,0.10351677145993465,False,False,0.0216229315840132,0.0214271810645558,0.0001957505194574
2019-10,0.0222,0.2110070968304345,0.005700993857999936,0.9151515151515152,0.11469763811434604,3.0,"HiTec,Telcm,Utils",2019-09,False,True,0.1193931011603162,False,False,0.10351677145993465,True,True,0.0135941253246594,0.0175733518857152,-0.0039792265610558
2019-11,0.0399,0.20946893442117243,0.013633953777999919,0.4303030303030303,0.09826419619237135,2.0,"HiTec,Manuf,Utils",2019-10,False,True,0.1193931011603162,False,False,0.10351677145993465,False,False,0.0209503886322812,0.0277884350026533,-0.0068380463703721
2019-12,0.0291,0.21872746599280757,0.07988725390200013,-0.006060606060606061,0.09458144718757017,2.0,"HiTec,Telcm,Utils",2019-11,False,False,0.1193931011603162,False,False,0.10351677145993465,False,False,0.0296423716906217,0.0326118921546991,-0.0029695204640773
2020-01,0.00019999999999999987,0.23993320341393765,0.09391866619800004,0.12727272727272726,0.09754619574502027,1.0,"HiTec,Other,Telcm",2019-12,False,True,0.1193931011603162,False,False,0.10351677145993465,False,False,-0.0006395178861776,-0.0051767040338284,0.0045371861476507
2020-02,-0.0803,0.17341393703720365,0.07037512221800002,0.3212121212121212,0.08559132818837549,2.0,"HiTec,Other,Telcm",2020-01,False,True,0.1193931011603162,False,False,0.10351677145993465,False,False,-0.0769437961511211,-0.0851260707887276,0.0081822746376065
2020-03,-0.13249999999999998,0.11867813609735256,-0.053347437346000115,0.8545454545454545,0.1195178681825164,1.0,"Durbl,HiTec,Utils",2020-02,False,True,0.1193931011603162,True,False,0.10351677145993465,True,False,-0.152198816863856,-0.1531892606041162,0.0009904437402601
2020-04,0.136,-0.007412004638996161,-0.2020006820500001,0.38181818181818183,0.13110100384001216,1.0,"Durbl,HiTec,Telcm",2020-03,False,True,0.1193931011603162,True,False,0.10351677145993465,True,False,0.1649772308062471,0.1488165847538205,0.0161606460524266
2020-05,0.0558,0.12297576210546812,-0.09365404399999999,0.8545454545454545,0.1547473932163678,1.0,"HiTec,Hlth,Shops",2020-04,False,True,0.1193931011603162,True,False,0.10351677145993465,True,False,0.0535259798899436,0.046891374449415,0.0066346054405286
2020-06,0.0246,0.15334417279275603,0.04046978400000012,0.8787878787878788,0.1745679760301222,1.0,"Durbl,HiTec,Hlth",2020-05,False,True,0.1193931011603162,True,False,0.10351677145993465,True,False,0.0610420199251475,0.0177635630238794,0.043278456901268
2020-07,0.0584,0.17431823456569395,0.2288937644800002,0.21212121212121213,0.1757620806399826,2.0,"Durbl,HiTec,Hlth",2020-06,False,True,0.1193931011603162,True,True,0.10351677145993465,True,True,0.0997724077078165,0.0601994053923946,0.0395730023154219
2020-08,0.0763,0.20249460087493243,0.14494820451200008,0.7333333333333333,0.20515952905797677,2.0,"Durbl,HiTec,Shops",2020-07,False,True,0.1193931011603162,True,True,0.10351677145993465,True,True,0.1985224562752705,0.0816324214511261,0.1168900348241444
2020-09,-0.0363,0.24915060218288776,0.16717915563199992,0.8181818181818182,0.2770279889958425,2.0,"Durbl,HiTec,Shops",2020-08,False,True,0.1193931011603162,True,True,0.10351677145993465,True,True,-0.0605217648611797,-0.0420512369048957,-0.018470527956284
2020-10,-0.0207,0.20128373947076028,0.09780456010400007,0.7818181818181819,0.44488532763786404,3.0,"Durbl,HiTec,Shops",2020-09,False,True,0.1193931011603162,True,True,0.10351677145993465,True,True,-0.0257436817013909,-0.021147030786353,-0.0045966509150379
2020-11,0.1246,0.2712526108317652,0.015759642583,0.5272727272727272,0.36242916129769986,3.0,"Durbl,HiTec,Shops",2020-10,False,True,0.1193931011603162,True,True,0.10351677145993465,True,True,0.1763968074387125,0.1482598165401825,0.02813699089853
2020-12,0.046400000000000004,0.4031315007767231,0.061342835685999964,-0.1393939393939394,0.33352156087219287,3.0,"Durbl,HiTec,Shops",2020-11,False,False,0.1193931011603162,True,True,0.10351677145993465,True,True,0.0727839131726559,0.051059040196498,0.0217248729761578
2021-01,-0.0007000000000000001,0.6198552542064906,0.15242206419199977,-0.04242424242424243,0.43881595877008833,3.0,"Durbl,HiTec,Shops",2020-12,False,False,0.1193931011603162,True,True,0.10351677145993465,True,True,0.0399071441518588,0.0072590437797119,0.0326481003721468
2021-02,0.0281,0.4908098687866511,0.17595769299199993,0.21212121212121213,0.4732061329375533,3.0,"Durbl,HiTec,Shops",2021-01,False,True,0.1193931011603162,True,True,0.10351677145993465,True,True,-0.0279566563873433,0.0302818283678141,-0.0582384847551574
2021-03,0.0317,0.4794417240343203,0.07505077731199994,0.16363636363636364,0.5910391135374218,3.0,"Durbl,HiTec,Shops",2021-02,False,True,0.1193931011603162,True,True,0.10351677145993465,True,True,0.0248814168854401,0.0418985723125253,-0.0170171554270852
2021-04,0.0495,0.5069010037379886,0.05994828646099992,0.21212121212121213,0.6881872793239435,2.0,"Durbl,Enrgy,HiTec",2021-03,False,True,0.1193931011603162,True,True,0.10351677145993465,True,True,0.0382097122409401,0.0400646223523653,-0.0018549101114251
2021-05,0.003,0.5180385903465341,0.11319496311500021,0.10303030303030303,0.4930455212913108,1.0,"Durbl,Manuf,Other",2021-04,False,True,0.1193931011603162,True,False,0.10351677145993465,True,False,3.2977837027159396e-05,0.0035427467747612,-0.0035097689377341
2021-06,0.0274,0.63210709199011,0.08601745745000011,0.006060606060606061,0.4722706210428568,1.0,"Durbl,Manuf,Other",2021-05,False,True,0.1193931011603162,True,False,0.10351677145993465,True,False,0.0084151912070173,0.019917510650858,-0.0115023194438406
2021-07,0.0134,0.5646419952511326,0.08149106890000013,0.21212121212121213,0.32459901825015547,3.0,"Durbl,Manuf,Other",2021-06,False,True,0.1193931011603162,True,True,0.10351677145993465,True,True,-0.0006822444168601,0.0013750419375349,-0.002057286354395
2021-08,0.0294,0.5634078071263042,0.04429066148000005,-0.22424242424242424,0.27719821966563246,2.0,"Durbl,Enrgy,Other",2021-07,False,False,0.1193931011603162,True,True,0.10351677145993465,True,True,0.0107251050080916,0.0180692140577127,-0.0073441090496211
2021-09,-0.044000000000000004,0.6487777857348815,0.07177747450400007,-0.2606060606060606,0.12624805027148514,2.0,"Durbl,Enrgy,Other",2021-08,False,False,0.1193931011603162,True,True,0.10351677145993465,True,True,0.0380922411350943,-0.0259364869112446,0.0640287280463389
2021-10,0.0663,0.5515617316296355,-0.0027065742399999815,0.47878787878787876,0.18863791892665743,3.0,"Durbl,Enrgy,Other",2021-09,False,True,0.1193931011603162,True,True,0.10351677145993465,True,True,0.1590729465600899,0.072818847451674,0.0862540991084159
2021-11,-0.0158,0.6184995836790064,0.04935265432000002,0.7090909090909091,0.2892571447666651,3.0,"Durbl,Enrgy,Other",2021-10,False,True,0.1193931011603162,True,True,0.10351677145993465,True,True,-0.0294748308208854,-0.0239148681623243,-0.005559962658561
2021-12,0.032400000000000005,0.5318081452609653,0.0032765517599999683,0.8909090909090909,0.2450722042211002,3.0,"Durbl,Enrgy,Other",2021-11,False,True,0.1193931011603162,True,True,0.10351677145993465,True,True,0.0110826633306533,0.0394748194056508,-0.0283921560749975
2022-01,-0.0616,0.5367201721576333,0.08345471970399987,0.44242424242424244,0.20521129175804836,2.0,"Durbl,Enrgy,HiTec",2021-12,False,True,0.1193931011603162,True,True,0.10351677145993465,True,True,-0.0047507466983177,-0.0327132300570964,0.0279624833587787
2022-02,-0.022799999999999997,0.441769855581607,-0.04650294572800007,0.24848484848484848,0.1499400859019632,1.0,"Enrgy,HiTec,Other",2022-01,False,True,0.1193931011603162,True,False,0.10351677145993465,True,False,0.0067040981272996,-0.0101364332251627,0.0168405313524624
2022-03,0.0308,0.5319098650368015,-0.05328457484800009,0.15151515151515152,0.14721029895060037,1.0,"Durbl,Enrgy,Utils",2022-02,False,True,0.1193931011603162,True,False,0.10351677145993465,True,False,0.114290101649725,0.0459482576477423,0.0683418440019827
2022-04,-0.0941,0.8202797566339308,-0.05475178201599995,0.3212121212121212,0.17257503851803518,1.0,"Durbl,Enrgy,HiTec",2022-03,False,True,0.1193931011603162,True,False,0.10351677145993465,True,False,-0.1029036791308153,-0.0739288358261194,-0.0289748433046959
2022-05,-0.0031000000000000003,0.45157696437911765,-0.08748895921600008,0.3939393939393939,0.22994887989265367,2.0,"Durbl,Enrgy,Utils",2022-04,False,True,0.1193931011603162,True,True,0.10351677145993465,True,True,0.0373952110388555,0.0133558990006372,0.0240393120382182
2022-06,-0.0834,0.37059772285427384,-0.0690930653320001,0.4909090909090909,0.21891364224651036,2.0,"Durbl,Enrgy,Utils",2022-05,False,True,0.1193931011603162,True,True,0.10351677145993465,True,True,-0.1164697135959345,-0.0827626386822736,-0.0337070749136608
2022-07,0.0965,0.2261271450011979,-0.17222613861400005,0.5151515151515151,0.2664495628173305,2.0,"Enrgy,NoDur,Utils",2022-06,False,True,0.1193931011603162,True,True,0.10351677145993465,True,True,0.0692570517978143,0.0948224475749801,-0.0255653957771657
2022-08,-0.0358,0.2702649418875789,0.0019362391099999599,0.503030303030303,0.24408444132492232,2.0,"Enrgy,NoDur,Utils",2022-07,False,True,0.1193931011603162,True,True,0.10351677145993465,True,True,0.0054556181613056,-0.0265636254972653,0.032019243658571
2022-09,-0.0915,0.13796288857010475,-0.030928958020000064,0.24848484848484848,0.28458722309370243,2.0,"Durbl,Enrgy,Utils",2022-08,False,True,0.1193931011603162,True,True,0.10351677145993465,True,True,-0.0916708091296105,-0.0903290971985535,-0.001341711931057
2022-10,0.0808,0.07278124340141101,-0.039492644950000155,0.4303030303030303,0.24888594917507345,2.0,"Enrgy,NoDur,Utils",2022-09,False,True,0.1193931011603162,True,True,0.10351677145993465,True,True,0.1225152369356243,0.0827150149825215,0.0398002219531028
2022-11,0.049400000000000006,0.1839701499726798,-0.05324546344000003,0.6242424242424243,0.20071759215110255,2.0,"Enrgy,NoDur,Utils",2022-10,False,True,0.1193931011603162,True,True,0.10351677145993465,True,True,0.0439653886165467,0.0367042766650942,0.0072611119514525
2022-12,-0.0605,0.10480017373406558,0.030412995919999908,0.6484848484848484,0.31022185162338517,3.0,"Enrgy,NoDur,Utils",2022-11,False,True,0.1193931011603162,True,True,0.10351677145993465,True,True,-0.0266437773217632,-0.068224274548996,0.0415804972272327
2023-01,0.06960000000000001,-0.008065975513040335,0.06557293304000011,0.793939393939394,0.29845618807581664,3.0,"Enrgy,NoDur,Utils",2022-12,True,True,0.1193931011603162,True,True,0.10351677145993465,True,True,0.0038612455271545,0.0754528741361448,-0.0715916286089903
2023-02,-0.022299999999999997,0.061715833674824694,0.054530726480000125,-0.22424242424242424,0.23928008003701648,2.0,"Enrgy,Hlth,Utils",2023-01,False,False,0.1193931011603162,True,True,0.10351677145993465,True,True,-0.0553533102210862,-0.0233888182959887,-0.0319644919250975
2023-03,0.028399999999999998,0.00966790252298022,-0.017519829159999945,-0.8424242424242424,0.16605446122248524,2.0,"Enrgy,Hlth,Utils",2023-02,False,False,0.1193931011603162,True,True,0.10351677145993465,True,True,0.0200283071100584,0.0176532211265276,0.0023750859835307
2023-04,0.0097,0.006438374483505704,0.07544716092800008,-0.7696969696969697,0.1237784171258067,1.0,"Enrgy,Manuf,NoDur",2023-03,False,False,0.1193931011603162,True,False,0.10351677145993465,True,False,0.0165141210251706,0.0010055946054223,0.0155085264197483
2023-05,0.007,-0.03172860722630244,0.015219706796000043,0.4666666666666667,0.08800874317599534,1.0,"Enrgy,HiTec,Manuf",2023-04,True,True,0.1193931011603162,False,False,0.10351677145993465,False,False,-0.022000127988019,-0.0196057281826612,-0.0023943998053578
2023-06,0.06860000000000001,-0.02786710615841126,0.04564410835999988,0.696969696969697,0.10403169572156658,0.0,"HiTec,Hlth,NoDur",2023-05,True,True,0.1193931011603162,False,False,0.10351677145993465,True,False,0.0440369605065822,0.0776586816832023,-0.0336217211766201
2023-07,0.036599999999999994,0.011116615105237981,0.08651817793999994,0.40606060606060607,0.11027370186652372,1.0,"Enrgy,HiTec,Shops",2023-06,False,True,0.1193931011603162,False,False,0.10351677145993465,True,False,0.0457691384769205,0.0311510077810268,0.0146181306958936
2023-08,-0.0191,0.03426434104804588,0.11546473531999979,0.5757575757575758,0.09168622921527358,1.0,"HiTec,Manuf,Shops",2023-07,False,True,0.1193931011603162,False,False,0.10351677145993465,False,False,-0.0150370944266035,-0.0193773998463976,0.0043403054197941
2023-09,-0.04800000000000001,-0.014464841525132832,0.08655348448399991,0.28484848484848485,0.11284246261531677,1.0,"HiTec,Manuf,Other",2023-08,True,True,0.1193931011603162,False,False,0.10351677145993465,True,False,-0.0553182936087014,-0.0391593622688984,-0.0161589313398029
2023-10,-0.0268,-0.01858841959406532,-0.03200550512,0.34545454545454546,0.13268924243271027,2.0,"Enrgy,HiTec,Manuf",2023-09,False,True,0.1193931011603162,True,True,0.10351677145993465,True,True,-0.0355951923250603,-0.0381696189396515,0.0025744266145911
2023-11,0.0932,-0.10427670444428827,-0.09120949024000014,-0.09090909090909091,0.10600381615216337,2.0,"HiTec,Manuf,Shops",2023-10,False,False,0.1193931011603162,False,False,0.10351677145993465,True,True,0.0927022503750623,0.0756308146475008,0.0170714357275614
2023-12,0.05279999999999999,-0.005075485976931304,0.012834932479999894,0.22424242424242424,0.09931994860533253,1.0,"Durbl,HiTec,Shops",2023-11,True,True,0.1193931011603162,False,False,0.10351677145993465,False,False,0.0566408393083543,0.0446637727352632,0.0119770665730911
2024-01,0.012,0.014584006551227047,0.12007627827199996,0.40606060606060607,0.2185489943453913,2.0,"Durbl,HiTec,Shops",2023-12,False,True,0.1193931011603162,True,True,0.10351677145993465,True,True,-0.0452699189021782,-0.010719614692066,-0.0345503042101121
2024-02,0.054900000000000004,0.09415922275132305,0.16473201151999994,0.45454545454545453,0.1529210584625144,3.0,"Durbl,HiTec,Shops",2024-01,False,True,0.1193931011603162,True,True,0.10351677145993465,True,True,0.0763162885292927,0.0419491899058499,0.0343670986234427
2024-03,0.0327,0.18115898903026073,0.12392590463999986,0.9272727272727272,0.15269558089948573,2.0,"HiTec,Other,Shops",2024-02,False,True,0.1193931011603162,True,True,0.10351677145993465,True,True,0.0313849538780377,0.0339677553853836,-0.0025828015073459
2024-04,-0.041800000000000004,0.1833361350131455,0.10246797275999997,0.7575757575757576,0.15166484689087895,2.0,"HiTec,Other,Shops",2024-03,False,True,0.1193931011603162,True,True,0.10351677145993465,True,True,-0.0456707256273176,-0.0314119032650787,-0.0142588223622389
2024-05,0.0477,0.2516532559549576,0.043858509386,0.296969696969697,0.14426734144463357,3.0,"HiTec,Other,Shops",2024-04,False,True,0.1193931011603162,True,True,0.10351677145993465,True,True,0.0460994276573882,0.0316380827904201,0.0144613448669681
2024-06,0.0321,0.3154349646544379,0.036733870778000055,0.38181818181818183,0.10843009748244796,2.0,"Enrgy,Other,Shops",2024-05,False,True,0.1193931011603162,False,False,0.10351677145993465,True,True,0.0038209502960762,0.0091097244166145,-0.0052887741205382
2024-07,0.0167,0.4811918252453038,0.03613152709400014,0.296969696969697,0.13973599339048162,2.0,"HiTec,Other,Shops",2024-06,False,True,0.1193931011603162,True,True,0.10351677145993465,True,True,0.0162926674881986,0.0378130199228372,-0.0215203524346385
2024-08,0.0208,0.3733951014381216,0.09938940053900014,0.21212121212121213,0.1392238586036771,2.0,"HiTec,Other,Shops",2024-07,False,True,0.1193931011603162,True,True,0.10351677145993465,True,True,0.0191848087135044,0.0156564114759163,0.0035283972375881
2024-09,0.0212,0.4540154734993096,0.07116226025599981,0.09090909090909091,0.11398096600745534,3.0,"HiTec,Other,Shops",2024-08,False,True,0.1193931011603162,False,False,0.10351677145993465,True,True,0.0243628815363581,0.0309578852117815,-0.0065950036754234
2024-10,-0.0060999999999999995,0.6343870132498572,0.05984972403199995,-0.17575757575757575,0.16178487126102098,2.0,"HiTec,Other,Utils",2024-09,False,False,0.1193931011603162,True,True,0.10351677145993465,True,True,0.0048925661658105,-0.0106557768223873,0.0155483429881979
2024-11,0.0689,0.5029767324843015,0.03608207014399989,0.38181818181818183,0.12922299602081658,2.0,"HiTec,Other,Utils",2024-10,False,True,0.1193931011603162,True,True,0.10351677145993465,True,True,0.0711306926799701,0.084080445070753,-0.0129497523907828
2024-12,-0.027999999999999997,0.5309051165927863,0.08490215985200011,0.15151515151515152,0.10418857838957851,3.0,"HiTec,Other,Utils",2024-11,False,True,0.1193931011603162,False,False,0.10351677145993465,True,True,-0.0447757812931471,-0.0394724890582732,-0.0053032922348739
2025-01,0.0317,0.5838635160491625,0.032633078119999936,0.6484848484848484,0.11251181371459826,3.0,"HiTec,Other,Utils",2024-12,False,True,0.1193931011603162,False,False,0.10351677145993465,True,True,0.0316787385542174,0.0302559626168568,0.0014227759373606
2025-02,-0.021099999999999997,0.5277412018585648,0.07190617436000002,0.7454545454545455,0.23033278706547347,2.0,"Durbl,HiTec,Utils",2025-01,False,True,0.1193931011603162,True,True,0.10351677145993465,True,True,-0.082748369792681,-0.0094906590320895,-0.0732577107605915
2025-03,-0.0605,0.529616306125958,-0.018346941639999947,-0.34545454545454546,0.19789420206267594,1.0,"Durbl,Shops,Utils",2025-02,False,False,0.1193931011603162,True,False,0.10351677145993465,True,False,-0.0556314758102068,-0.0358877904751263,-0.0197436853350805
2025-04,-0.0049,0.3973886810631442,-0.05116970336499982,-0.23636363636363636,0.12953373666970916,2.0,"Durbl,Telcm,Utils",2025-03,False,False,0.1193931011603162,True,True,0.10351677145993465,True,True,-0.0014486393612732,-0.0172683700654142,0.015819730704141
2025-05,0.0644,0.3771828033335989,-0.08482986509500001,0.1393939393939394,0.1077601770366342,2.0,"Durbl,Telcm,Utils",2025-04,False,True,0.1193931011603162,False,False,0.10351677145993465,True,True,0.0871449030166033,0.052552940187885,0.0345919628287183
2025-06,0.052000000000000005,0.4556835907331507,-0.0048962186200000035,0.4909090909090909,0.13204728674248623,3.0,"Durbl,Telcm,Utils",2025-05,False,True,0.1193931011603162,True,True,0.10351677145993465,True,True,-0.0040309706469024,0.024529656457243,-0.0285606271041455
2025-07,0.0232,0.43307050107736744,0.11426203087999998,0.4303030303030303,0.16870009778036976,3.0,"Durbl,Telcm,Utils",2025-06,False,True,0.1193931011603162,True,True,0.10351677145993465,True,True,-0.0038514727242583,0.0079567922529402,-0.0118082649771985
2025-08,0.0222,0.4145453759428539,0.14572697216000008,0.06666666666666667,0.11538966185179689,3.0,"Durbl,Telcm,Utils",2025-07,False,True,0.1193931011603162,False,False,0.10351677145993465,True,True,0.0341536804682349,0.0297768565053029,0.004376823962932
2025-09,0.0372,0.4741036632569937,0.10030262208000007,-0.09090909090909091,0.12738492899228765,2.0,"Durbl,HiTec,Telcm",2025-08,False,False,0.1193931011603162,True,True,0.10351677145993465,True,True,0.1031654275712616,0.0350995693534628,0.0680658582177988
2025-10,0.0233,0.6060297474056235,0.08482307948799983,0.3696969696969697,0.08899371854246957,2.0,"Durbl,HiTec,Telcm",2025-09,False,True,0.1193931011603162,False,False,0.10351677145993465,False,False,0.0076550902705525,0.0045551241243861,0.0030999661461663
2025-11,0.0017000000000000001,0.6887076043158395,0.084929102072,0.41818181818181815,0.17328588906893402,2.0,"Durbl,HiTec,Other",2025-10,False,True,0.1193931011603162,True,True,0.10351677145993465,True,True,-0.0152950658443073,0.0154251916263516,-0.030720257470659
2025-12,-0.00019999999999999966,0.5473640754145412,0.06317108349200007,0.9393939393939394,0.12021740115545362,2.0,"Durbl,HiTec,Hlth",2025-11,False,True,0.1193931011603162,True,True,0.10351677145993465,True,True,0.0070866613262579,0.0021247918366422,0.0049618694896156
