month,nav,return,fee_fraction,half_gross_turnover,selected,signal_start,signal_end,pre_weight_NoDur,pre_weight_Durbl,pre_weight_Manuf,pre_weight_Enrgy,pre_weight_HiTec,pre_weight_Telcm,pre_weight_Shops,pre_weight_Hlth,pre_weight_Utils,pre_weight_Other,target_weight_NoDur,target_weight_Durbl,target_weight_Manuf,target_weight_Enrgy,target_weight_HiTec,target_weight_Telcm,target_weight_Shops,target_weight_Hlth,target_weight_Utils,target_weight_Other,contribution_NoDur,contribution_Durbl,contribution_Manuf,contribution_Enrgy,contribution_HiTec,contribution_Telcm,contribution_Shops,contribution_Hlth,contribution_Utils,contribution_Other
1960-01,0.9416091954022989,-0.058390804597701074,0.0004997501249375314,0.4997501249375313,"NoDur,Durbl,Manuf,Enrgy,HiTec,Telcm,Shops,Hlth,Utils,Other",1958-12,1959-11,0.0,0.0,0.0,0.0,0.0,0.0,0.0,0.0,0.0,0.0,0.1,0.1,0.1,0.1,0.1,0.1,0.1,0.1,0.1,0.1,-0.00335832083958021,-0.011164417791104449,-0.008405797101449277,-0.0074962518740629685,-0.00978510744627686,0.0009495252373813094,-0.005667166416791605,-0.006376811594202898,-0.00207896051974013,-0.0045077461269365324
1960-02,0.959268649052174,0.018754546722889787,1.5168563179347835e-05,0.015168563179347835,"NoDur,Durbl,Manuf,Enrgy,HiTec,Telcm,Shops,Hlth,Utils,Other",1959-01,1959-12,0.10258152173913043,0.09429135529891304,0.09722104279891305,0.09818699048913043,0.09575619904891304,0.10715650475543478,0.10012950067934782,0.09937584918478261,0.10394021739130435,0.10136081861413043,0.1,0.1,0.1,0.1,0.1,0.1,0.1,0.1,0.1,0.1,0.0029599551010529896,-0.0022199663257897423,0.0004899925674040421,-0.0034599475167713997,0.005349918848186991,0.008369873039126188,0.004219935988663383,0.00030999529774541445,0.0027699579830799933,-1.9999696628736416e-05
1960-03,0.9524157088044785,-0.007143921835105038,1.4021810614760935e-05,0.014021810614760936,"NoDur,Durbl,Manuf,Enrgy,HiTec,Telcm,Shops,Hlth,Utils,Other",1959-02,1960-01,0.10106304661503579,0.09597848385798562,0.09863855433512962,0.09476132983892341,0.103409012829196,0.10637337181110555,0.10229983215053447,0.09846187068720123,0.10087654720888915,0.0981379506659992,0.1,0.1,0.1,0.1,0.1,0.1,0.1,0.1,0.1,0.1,-0.0014099802292470332,-0.004379938584469507,-0.003549950222572318,-0.0007999887825515083,0.0016399770042305917,0.00016999761629219552,9.999859781893853e-05,0.0016199772846668043,0.0017499754618314244,-0.0022699681704899046
1960-04,0.9460451439346447,-0.006688849008832931,8.908517731425065e-06,0.008908517731425066,"NoDur,Durbl,Manuf,Enrgy,HiTec,Telcm,Shops,Hlth,Utils,Other",1959-03,1960-02,0.09929799470222687,0.09630666653237585,0.09714262693001098,0.0999123752354286,0.10236989736823553,0.10088934100133956,0.10081883831720165,0.10234975374419612,0.10248068730045222,0.09843181886853265,0.1,0.1,0.1,0.1,0.1,0.1,0.1,0.1,0.1,0.1,0.0015199864590530483,-0.001569986013627162,-0.0035299685529324083,-0.004259962049714464,0.0005199953675707797,-0.0010499906460563822,-0.00022999795104092178,0.0016499853009457432,0.0013799877062455306,-0.0011099901115453183
1960-05,0.9817029614608327,0.037691454530262236,8.23500986590425e-06,0.008235009865904249,"NoDur,Durbl,Manuf,Enrgy,HiTec,Telcm,Shops,Hlth,Utils,Other",1959-04,1960-03,0.10220271413039102,0.09909193411992107,0.097118753271856,0.096383844078444,0.10119598920790883,0.09961543107961181,0.1004409455160472,0.1023335883703137,0.10206177264124351,0.09955502758426288,0.1,0.1,0.1,0.1,0.1,0.1,0.1,0.1,0.1,0.1,0.006529946225385576,-0.0006899943178431925,0.0038599682128619174,-0.003489971259815568,0.00954992135565578,0.003319972659767245,0.0031399741420690217,0.013729886933314542,0.001499987647485201,0.00024999794124753354
1960-06,1.0049022355364474,0.02363166353404167,1.791282758589326e-05,0.017912827585893253,"NoDur,Durbl,Manuf,Enrgy,HiTec,Telcm,Shops,Hlth,Utils,Other",1959-05,1960-04,0.10265972824515757,0.09570203334297003,0.10008673026886383,0.09300375831165077,0.1055700106003662,0.09956634865568083,0.09939288811795316,0.10959814975426424,0.0978124698853233,0.09660788281777007,0.1,0.1,0.1,0.1,0.1,0.1,0.1,0.1,0.1,0.1,0.004329922437456553,0.0007999856697379314,0.0016699700855779317,0.003529936767718622,0.0014499740264000004,-0.0003499937305103449,0.003819931572998622,-0.00015999713394758625,0.0057698966429848295,0.0027899500232110358
1960-07,0.9863637297613853,-0.018448068995652767,8.22058320715089e-06,0.00822058320715089,"NoDur,Durbl,Manuf,Enrgy,HiTec,Telcm,Shops,Hlth,Utils,Other",1959-06,1960-05,0.10191960142626874,0.09847115713378596,0.09932105700190495,0.10113808430615934,0.09910613979387486,0.09734772627362868,0.101421384262199,0.09753333658965467,0.1033263322424657,0.10041518097005814,0.1,0.1,0.1,0.1,0.1,0.1,0.1,0.1,0.1,0.1,-0.0009499921904459533,-0.0005899951498559078,-0.004159965802373858,0.000699994245591755,-0.00419996547355053,9.99991779416793e-05,-0.0030099752560445465,-0.0038699681863429885,-0.0010699912039759684,-0.001389988573389342
1960-08,1.0209966431109887,0.035111706062003645,8.012537673344328e-06,0.008012537673344328,"NoDur,Durbl,Manuf,Enrgy,HiTec,Telcm,Shops,Hlth,Utils,Other",1959-07,1960-06,0.10091079506092343,0.10127755817270467,0.09764049064754066,0.10259179265658748,0.09759973919067608,0.10198052080361873,0.0988120950323974,0.09793593870980888,0.10078854069032968,0.10046252903541301,0.1,0.1,0.1,0.1,0.1,0.1,0.1,0.1,0.1,0.1,0.004519963783329716,0.0034999719561181436,0.0016999863786859555,0.004099967148595539,0.001159990705456299,0.007109943030857142,0.0031299749207570828,0.0024699802090319472,0.004319965385837252,0.003109975081007836
1960-09,0.9606093322018454,-0.05914545490095091,5.797781764446654e-06,0.005797781764446654,"NoDur,Durbl,Manuf,Enrgy,HiTec,Telcm,Shops,Hlth,Utils,Other",1959-08,1960-07,0.1009738001391143,0.09998840714120101,0.09824947832135403,0.10056805008115,0.09772779967539995,0.10347592549656077,0.09963096066156579,0.0989933534276219,0.10078058582579796,0.09961163923023417,0.1,0.1,0.1,0.1,0.1,0.1,0.1,0.1,0.1,0.1,-0.0034399800556307305,-0.005679967068599578,-0.007039959183616379,-0.0009999942022182356,-0.008729949385365197,-0.005949965503198503,-0.008389951356610996,-0.008719949443343014,-0.0044899739679598785,-0.005699966952643944
1960-10,0.9550764285302354,-0.005759785467550849,9.842059392470715e-06,0.009842059392470714,"NoDur,Durbl,Manuf,Enrgy,HiTec,Telcm,Shops,Hlth,Utils,Other",1959-09,1960-08,0.10262950917245925,0.10024870862827626,0.09880322258359375,0.10522288119380142,0.09700699360159855,0.09996173713411134,0.09736836511276918,0.09701762217545651,0.10151350891737347,0.10022745148056035,0.1,0.1,0.1,0.1,0.1,0.1,0.1,0.1,0.1,0.1,0.0016599836621814087,-0.0013399868116404142,-0.0009699904532023894,0.0024199761822162706,-0.003249968013306975,0.00013999862211168507,0.00022999773632633973,-0.0034899656512127207,-0.00033999665369980665,-0.0008099920279318923
1960-11,1.0016675703174178,0.048782631834900725,7.0253960271561435e-06,0.007025396027156143,"NoDur,Durbl,Manuf,Enrgy,HiTec,Telcm,Shops,Hlth,Utils,Other",1959-10,1960-09,0.10224792557203922,0.09923057581091276,0.09960271561478501,0.10301232084485792,0.0973095297963289,0.10071913502640181,0.10080965551923561,0.09706814181543877,0.10023635906462158,0.09976364093537843,0.1,0.1,0.1,0.1,0.1,0.1,0.1,0.1,0.1,0.1,0.008669939089816444,-0.0006999950822227809,0.004839965997083228,0.003389976183907468,0.007019950681719889,0.004189970563590647,0.006919951384259493,0.004049971547146091,0.003739973725018859,0.006669953140608499
1960-12,1.0497178085897596,0.04797024451646692,9.308845143098445e-06,0.009308845143098444,"NoDur,Durbl,Manuf,Enrgy,HiTec,Telcm,Shops,Hlth,Utils,Other",1959-11,1960-10,0.10361464163464564,0.09468053661838881,0.09996281429075411,0.0985802686905863,0.10204140008962709,0.09934305246998923,0.10194605211720173,0.09920956530859372,0.09891398659407508,0.1017076821861383,0.1,0.1,0.1,0.1,0.1,0.1,0.1,0.1,0.1,0.1,0.004479958296373759,-0.00040999618337349123,0.003959963136973233,0.0053099505700322895,0.0030299717941992157,0.012559883080905002,0.002259978962009976,0.006219942098983209,0.00635994079574489,0.004209960809761947
1961-01,1.115407664952304,0.06257858619241219,1.0741497273391423e-05,0.010741497273391422,"NoDur,Durbl,Manuf,Enrgy,HiTec,Telcm,Shops,Hlth,Utils,Other",1959-12,1960-11,0.0996965590946392,0.09503043951220444,0.09920036641920647,0.10048855894196454,0.09831294490352868,0.10740662989751713,0.09757819805721483,0.10135689612397183,0.10149048645966526,0.09943892059008759,0.1,0.1,0.1,0.1,0.1,0.1,0.1,0.1,0.1,0.1,0.005409941888499751,0.008359910201082793,0.0065999291061179955,0.00975989516298661,0.0028699691719028253,0.007889915249586512,0.0029399684199980162,0.0060199353361864135,0.004959946722173524,0.007779916431151214
1961-02,1.1592778798284462,0.039331104003143214,8.5592749790606e-06,0.008559274979060597,"NoDur,Durbl,Manuf,Enrgy,HiTec,Telcm,Shops,Hlth,Utils,Other",1960-01,1960-12,0.09920100885572046,0.10197724428048448,0.10032091399316764,0.1032947797363047,0.09681062310016093,0.10153492880603056,0.09687649987295194,0.09977507787575642,0.09877751531634968,0.10143140816307325,0.1,0.1,0.1,0.1,0.1,0.1,0.1,0.1,0.1,0.1,0.006609943423192389,0.004009965677307334,0.005059956690068606,0.0007299937517292653,0.0027099768043648068,0.0007499935805437657,0.0049599575459961034,0.00519995549177011,0.003629968929831826,0.0056799513833181185
1961-03,1.2019069650928225,0.036772102708183096,7.617133641703302e-06,0.0076171336417033015,"NoDur,Durbl,Manuf,Enrgy,HiTec,Telcm,Shops,Hlth,Utils,Other",1960-02,1961-01,0.10257471087420864,0.10007312332826601,0.10108337983720439,0.0969172744241538,0.09882232955529471,0.09693651740527642,0.1009871649315912,0.10121808070506283,0.09970750668693594,0.10167991225200608,0.1,0.1,0.1,0.1,0.1,0.1,0.1,0.1,0.1,0.1,0.004849963056901837,0.003429973873231609,0.0016099877364148369,0.0013999893360129017,0.0027699789005398126,0.00747994302384036,0.005869955287425524,0.003799971054892162,0.002019984613390044,0.0035499729591755716
1961-04,1.207114756749363,0.004332940741497593,7.028753711368593e-06,0.007028753711368592,"NoDur,Durbl,Manuf,Enrgy,HiTec,Telcm,Shops,Hlth,Utils,Other",1960-03,1961-02,0.10113042304056792,0.09976079785489689,0.09800536275776925,0.09780281255425452,0.09912421150099346,0.10366712320839523,0.10211423831478231,0.10011767202299426,0.09840081791701229,0.09987654082833387,0.1,0.1,0.1,0.1,0.1,0.1,0.1,0.1,0.1,0.1,-0.00134999051118249,-0.0017099879808311538,-0.001339990581470027,0.004749966613419872,0.00047999662619821855,0.0007999943769970311,0.0005899958530353103,-0.00030999782108634947,0.0018599869265180972,0.0005699959936103845
1961-05,1.236608703825337,0.02443342433771445,6.418787128329476e-06,0.006418787128329476,"NoDur,Durbl,Manuf,Enrgy,HiTec,Telcm,Shops,Hlth,Utils,Other",1960-04,1961-03,0.09822370910249517,0.09786526475098074,0.09823366589003724,0.10429734950315629,0.1000458012226935,0.10036441842403966,0.10015532588565625,0.09925921500687018,0.10141983790349882,0.1001354123105721,0.1,0.1,0.1,0.1,0.1,0.1,0.1,0.1,0.1,0.1,0.003679976378863368,0.001279991783952476,0.004579970601954952,0.00013999910136980206,0.0028599816422688134,-0.0010399933244613865,0.004089973747160645,0.002279985365165347,0.0023899846590987634,0.004179973169469804
1961-06,1.2047452316092442,-0.025766818652922407,6.9989457654913874e-06,0.006998945765491387,"NoDur,Durbl,Manuf,Enrgy,HiTec,Telcm,Shops,Hlth,Utils,Other",1960-05,1961-04,0.10120651282651984,0.0988637694740541,0.1020850415836945,0.09775096638163289,0.10040607551442739,0.09659911756667057,0.10160673148256609,0.0998399125375815,0.09994728827456952,0.10169458435828355,0.1,0.1,0.1,0.1,0.1,0.1,0.1,0.1,0.1,0.1,-0.0013999902014759284,-0.001529989291612979,-0.0029699792131310772,-0.004019971864238023,-0.003359976483542228,-0.004019971864238023,0.000579995940611456,-0.0034299759936160254,-0.001869986911971419,-0.003739973823942838
1961-07,1.2433615998337306,0.03205355556618761,6.244243370046336e-06,0.006244243370046336,"NoDur,Durbl,Manuf,Enrgy,HiTec,Telcm,Shops,Hlth,Utils,Other",1960-06,1961-05,0.1012070947610445,0.10107365741501068,0.09959558219740515,0.09851781901790113,0.09919527015930366,0.09851781901790113,0.10323944818525209,0.09912341928067006,0.10072466743307604,0.09880522253243554,0.1,0.1,0.1,0.1,0.1,0.1,0.1,0.1,0.1,0.1,0.0028399822663488293,0.006149961597903275,0.0024799845142764424,0.0022799857631251165,0.0017899888228043678,0.006429959849515131,0.00245998463916131,0.003499978145148206,0.002869982079021528,0.0012599921322533538
1961-08,1.2805673960994617,0.02992355262596691,6.260011877631443e-06,0.006260011877631441,"NoDur,Durbl,Manuf,Enrgy,HiTec,Telcm,Shops,Hlth,Utils,Other",1960-07,1961-06,0.09964536945526423,0.10285254733251943,0.09929655252601594,0.09910276534310022,0.0986279867449567,0.10312384938860145,0.09927717380772437,0.10028486715888611,0.0996744375327016,0.09811445071023003,0.1,0.1,0.1,0.1,0.1,0.1,0.1,0.1,0.1,0.1,0.0051299678861390675,0.0013599914863838465,0.0024499846629709,0.0001699989357979808,0.00448997189254667,0.0002099986853975057,0.003259979592361279,0.003859975836354152,0.003809976149354747,0.005189967510538356
1961-09,1.2677649477360577,-0.00999748111844756,7.556608971316275e-06,0.007556608971316273,"NoDur,Durbl,Manuf,Enrgy,HiTec,Telcm,Shops,Hlth,Utils,Other",1960-08,1961-07,0.10207489829405883,0.09841445535133456,0.09947277970347498,0.09725903702193353,0.10145349683959104,0.09729787461283776,0.10025924091928577,0.10084180478284932,0.10079325779421902,0.10213315468041517,0.1,0.1,0.1,0.1,0.1,0.1,0.1,0.1,0.1,0.1,4.999962216955144e-05,0.004669964710636105,-0.004469966221957899,-0.006419951486570404,0.00021999833754602634,-0.002729979370457509,0.0003099976574512189,-0.0012299907053709654,0.0014099893451813507,-0.0017999863981038521
1961-10,1.311157783617738,0.03422782429753246,1.1772608357491348e-05,0.011772608357491346,"NoDur,Durbl,Manuf,Enrgy,HiTec,Telcm,Shops,Hlth,Utils,Other",1960-09,1961-08,0.10105958525671459,0.10572620478581024,0.09649397480833527,0.09452429773436632,0.10123130069393238,0.09825153281279987,0.10132220886657713,0.09976666902354522,0.10243330875445704,0.09919091726346199,0.1,0.1,0.1,0.1,0.1,0.1,0.1,0.1,0.1,0.1,0.003349960561762003,0.000539993642791487,-0.00021999741002616137,0.0066699214767022555,0.0033699603263098355,0.00019999764547832855,0.009059893340168282,0.003659956912253412,0.005309937487449621,0.0022999729230007778
1961-11,1.3773959326583345,0.0505188237969596,1.0638632918886333e-05,0.01063863291888633,"NoDur,Durbl,Manuf,Enrgy,HiTec,Telcm,Shops,Hlth,Utils,Other",1960-10,1961-09,0.09992844987623763,0.09721147896039603,0.09647663985148514,0.103138536509901,0.09994778774752476,0.09688273514851485,0.10544941212871288,0.10022818688118812,0.10182356126237624,0.09891321163366337,0.1,0.1,0.1,0.1,0.1,0.1,0.1,0.1,0.1,0.1,0.005489941593905276,0.009729896486101699,0.002929968828805548,0.005439942125836921,0.002919968935191877,0.008499909571620189,0.005129945423813126,0.003129966701078964,0.0034199636158754173,0.003839959147649591
1961-12,1.3745466883400808,-0.0020685732044778415,8.590901735314572e-06,0.008590901735314571,"NoDur,Durbl,Manuf,Enrgy,HiTec,Telcm,Shops,Hlth,Utils,Other",1960-11,1961-10,0.1004159805050784,0.10445203849485499,0.09797911530370386,0.10036838548161406,0.09796959629901097,0.10328120091763207,0.10007329633613511,0.09816949539756123,0.09844554653365445,0.09884534473075496,0.1,0.1,0.1,0.1,0.1,0.1,0.1,0.1,0.1,0.1,-0.003189972595023464,0.0028699753441120204,0.00016999853954670504,0.0038499669250283194,-0.0006799941581868202,0.0033199714782062395,-0.0003499969931843926,-0.0019899829041055473,-0.004199963918212713,-0.0018599840209227727
1962-01,1.321996898186847,-0.03823063312363251,1.105567139339938e-05,0.011055671393399377,"NoDur,Durbl,Manuf,Enrgy,HiTec,Telcm,Shops,Hlth,Utils,Other",1960-12,1961-11,0.09700984027095819,0.10308234964025895,0.10037677615888733,0.10406437260757162,0.09952502154438145,0.10353327855382088,0.09985570274766019,0.09821231737379002,0.09599775537607473,0.09834258572659679,0.1,0.1,0.1,0.1,0.1,0.1,0.1,0.1,0.1,0.1,-0.006149932007620933,-0.00016999812053586315,-0.003549960752366553,0.00013999845220600497,-0.004959945163869889,-0.0060699328920746426,-0.008629904589555877,-0.00477994715389074,-0.0025899713658110914,-0.0014599838587197659
1962-02,1.3474953541536319,0.019287833429682433,1.193620162615151e-05,0.011936201626151506,"NoDur,Durbl,Manuf,Enrgy,HiTec,Telcm,Shops,Hlth,Utils,Other",1961-01,1961-12,0.0975794880326062,0.10379712616190812,0.10028280895838965,0.10411944519536691,0.09881677722556093,0.09766266713801493,0.09500093576493585,0.09900393021273056,0.1012809582232943,0.10245586308719248,0.1,0.1,0.1,0.1,0.1,0.1,0.1,0.1,0.1,0.1,0.0002499970159495935,-0.0014699824537836097,0.0013999832893177235,0.005309936618769365,-1.999976127596748e-05,0.004109950942211318,0.001639980424629333,0.003749955239243902,0.0026299686077897234,0.001699979708457236
1962-03,1.342081260073055,-0.004017894431983082,7.926216109871404e-06,0.007926216109871403,"NoDur,Durbl,Manuf,Enrgy,HiTec,Telcm,Shops,Hlth,Utils,Other",1961-02,1962-01,0.09835181006573139,0.09666437751398019,0.09948003531835574,0.10331600117727853,0.09808692239772393,0.10213872265280095,0.09971549102325125,0.10178553909545766,0.10068674580594526,0.09977435494947515,0.1,0.1,0.1,0.1,0.1,0.1,0.1,0.1,0.1,0.1,-0.0010999912811622795,0.0004099967502513949,-0.0004399965124649117,-0.0016799866839569354,0.00022999817697029476,-0.0029399766969246373,0.0009099927871433402,0.0004099967502513949,0.001959984464616425,-0.0017699859705974856
1962-04,1.255026403530322,-0.06486556301217872,5.948854908181809e-06,0.005948854908181809,"NoDur,Durbl,Manuf,Enrgy,HiTec,Telcm,Shops,Hlth,Utils,Other",1961-03,1962-02,0.09929818572475625,0.10081426520346588,0.09996084298035118,0.0987158505607486,0.10063354049739454,0.09745077761824918,0.1013162782758863,0.10081426520346588,0.10237050572796914,0.09862548820771293,0.1,0.1,0.1,0.1,0.1,0.1,0.1,0.1,0.1,0.1,-0.006769959726252273,-0.0051799691849315765,-0.007949952706603482,-0.003569978762587978,-0.011069934146176168,-0.00467997215935903,-0.004429973646572757,-0.011339932539985343,-0.0027899834026948065,-0.007079957882107251
1962-05,1.1478326891874595,-0.08541152125671003,1.2597044292833151e-05,0.012597044292833148,"NoDur,Durbl,Manuf,Enrgy,HiTec,Telcm,Shops,Hlth,Utils,Other",1961-04,1962-03,0.09969630215796565,0.10139658232991851,0.09843445901148493,0.10311824967384563,0.09509806018350193,0.10193126162927475,0.10219860127895289,0.09480933336184956,0.10395234938084139,0.09936480099236479,0.1,0.1,0.1,0.1,0.1,0.1,0.1,0.1,0.1,0.1,-0.01130985752742905,-0.004449943943152898,-0.00822989632632547,-0.004949937644630751,-0.011179859165044806,-0.007059911064867293,-0.009079885618837822,-0.010809863825951196,-0.010469868108946255,-0.00785990098723186
1962-06,1.0481088317013352,-0.08688013368631098,1.1097747649245576e-05,0.011097747649245576,"NoDur,Durbl,Manuf,Enrgy,HiTec,Telcm,Shops,Hlth,Utils,Other",1961-05,1962-04,0.09697135359720095,0.10447190028427727,0.10033894598731685,0.10392521320795976,0.09711349223704352,0.10161819374589985,0.09940957795757707,0.09751804067351848,0.09788978788541439,0.10074349442379182,0.1,0.1,0.1,0.1,0.1,0.1,0.1,0.1,0.1,0.1,-0.008819902117865734,-0.006069932636671769,-0.009619893239667613,-0.004839946286901378,-0.011569871599059698,-0.00851990544719003,-0.010259886137109119,-0.012899856839055326,-0.005109943290509513,-0.009159898344631533
1962-07,1.118550204059458,0.06720807060062572,1.117801331910003e-05,0.011178013319100026,"NoDur,Durbl,Manuf,Enrgy,HiTec,Telcm,Shops,Hlth,Utils,Other",1961-06,1962-05,0.09985434713567619,0.10286596651079256,0.09897823968109688,0.10421298172220823,0.09684272776055984,0.10018288743114344,0.09827735371743344,0.09538619911732174,0.10391729545628772,0.09948200146748,0.1,0.1,0.1,0.1,0.1,0.1,0.1,0.1,0.1,0.1,0.005229941538990343,0.00802991024055305,0.0052499413154300754,0.0048999452277347375,0.011299873688449496,0.0072299191829637045,0.004369951152081796,0.007779913035056379,0.007389917394481573,0.005739935838203549
1962-08,1.1378700939747448,0.017272259971140125,7.608553063098521e-06,0.00760855306309852,"NoDur,Durbl,Manuf,Enrgy,HiTec,Telcm,Shops,Hlth,Utils,Other",1961-07,1962-06,0.09860197522535184,0.1012256142126272,0.09862071550383238,0.09829276063042297,0.10428964974419519,0.10047600307340566,0.0977961432506887,0.10099136073162046,0.10062592530124997,0.09907985232660556,0.1,0.1,0.1,0.1,0.1,0.1,0.1,0.1,0.1,0.1,0.0008999931523022434,0.0038499707070707074,0.0023599820438147713,0.001839986000262364,0.003389974207005116,0.0015799879784861605,0.004299967283221829,-0.00791993974025974,0.0031499760330578517,0.0038299708592417687
1962-09,1.0813976839192283,-0.04962992731292393,1.0445624828016827e-05,0.010445624828016824,"NoDur,Durbl,Manuf,Enrgy,HiTec,Telcm,Shops,Hlth,Utils,Other",1961-08,1962-07,0.09918606480025163,0.10208595470273668,0.10062126454860017,0.10011009751494179,0.10163376848065428,0.0998545139981126,0.10252831078955645,0.09051588549858444,0.1013978452343504,0.10206629443221137,0.1,0.1,0.1,0.1,0.1,0.1,0.1,0.1,0.1,0.1,-0.0056099414000447155,-0.0021999770196253787,-0.005799939415375997,-0.0017699815112440544,-0.008869907347307774,-0.006059936699513542,-0.00662993074550739,-0.004049957695219447,-0.0028699700210567435,-0.00575993983320099
1962-10,1.0852913008507274,0.003600541215686537,9.424760926756714e-06,0.009424760926756714,"NoDur,Durbl,Manuf,Enrgy,HiTec,Telcm,Shops,Hlth,Utils,Other",1961-09,1962-08,0.09931816746985415,0.10290620593867715,0.09911824743786696,0.10335865653738503,0.09588796060523158,0.09884467265725289,0.09824491256129127,0.10095961615353857,0.10220122477324858,0.09916033586565373,0.1,0.1,0.1,0.1,0.1,0.1,0.1,0.1,0.1,0.1,-0.00326996918103177,0.0024599768150881207,0.0014799860513538285,-0.00028999726681933123,-0.00013999868053347027,0.002769973893412233,-0.0013399873708203583,0.0024599768150881207,-0.00108998972701059,0.0005699946278862717
1962-11,1.2110561344665276,0.11588117726293112,7.90645768774723e-06,0.007906457687747228,"NoDur,Durbl,Manuf,Enrgy,HiTec,Telcm,Shops,Hlth,Utils,Other",1961-10,1962-09,0.09638206076065402,0.10209144986598379,0.10111497494046491,0.09935134165661959,0.0995008021044031,0.10240033479140302,0.09830511852213508,0.10209144986598379,0.09855421926844092,0.10020824822391167,0.1,0.1,0.1,0.1,0.1,0.1,0.1,0.1,0.1,0.1,0.012119904173732826,0.0068199460779585705,0.013229895397564794,0.010749915005579858,0.014579884723846916,0.00716994331069838,0.011159911763932205,0.017629860609150966,0.00764993951559869,0.014779883142555374
1962-12,1.2295815420577643,0.015296902483712849,1.2900017026767864e-05,0.01290001702676786,"NoDur,Durbl,Manuf,Enrgy,HiTec,Telcm,Shops,Hlth,Utils,Other",1961-11,1962-10,0.10047585335472134,0.09572628126428231,0.10147057505668121,0.09924813377662672,0.102680371721227,0.09603993225138678,0.09961555350437767,0.10541361603742304,0.09647008217655861,0.10285960085671526,0.1,0.1,0.1,0.1,0.1,0.1,0.1,0.1,0.1,0.1,0.0014499812949753112,0.0035399543339397254,-0.0010699861969817813,0.0046899394989201445,-0.00016999780699710547,0.001079986067981611,3.9999483999318936e-05,0.0008799886479850165,0.0034799551079407465,0.0013899820689763328
1963-01,1.2935476040835427,0.05202262707906957,7.008280116046454e-06,0.007008280116046453,"NoDur,Durbl,Manuf,Enrgy,HiTec,Telcm,Shops,Hlth,Utils,Other",1961-12,1962-11,0.09992022141020968,0.101978706010972,0.09743822083895558,0.10311136500182208,0.09832464961440346,0.09955580069141443,0.09853148299534131,0.09935881651909266,0.10191961075927547,0.09986112615851313,0.1,0.1,0.1,0.1,0.1,0.1,0.1,0.1,0.1,0.1,0.005939958370816112,0.007599946737071118,0.00577995949214093,0.002679981217809289,0.005639960473300146,0.0041299710558031204,0.0041299710558031204,0.005659960333134544,0.005249963206529391,0.005219963416777794
1963-02,1.2660670329090153,-0.021244344690350192,4.438974161190631e-06,0.00443897416119063,"NoDur,Durbl,Manuf,Enrgy,HiTec,Telcm,Shops,Hlth,Utils,Other",1962-01,1962-12,0.10070055036453332,0.10227845213539538,0.10054846344685987,0.09760177941693676,0.1004153873938956,0.0989800671083524,0.0989800671083524,0.10043439825860478,0.10004467553206657,0.1000161592350028,0.1,0.1,0.1,0.1,0.1,0.1,0.1,0.1,0.1,0.1,-0.00303998650551855,-0.002919987038195449,-0.0025599886362261473,-0.0013299940961643655,-0.005069977494401003,-0.001109995072738681,-0.0006799969814975704,-0.002579988547446664,-0.0014599935190977246,-0.000489997824902661
1963-03,1.3067256962541849,0.03211414742531371,5.670440148759664e-06,0.005670440148759664,"NoDur,Durbl,Manuf,Enrgy,HiTec,Telcm,Shops,Hlth,Utils,Other",1962-02,1963-01,0.09906412195022274,0.09918672606154727,0.09955453839552088,0.10081123053659734,0.09699006906698272,0.10103600474069231,0.10147533613960523,0.09953410437696678,0.10067840941599576,0.10166945931586907,0.1,0.1,0.1,0.1,0.1,0.1,0.1,0.1,0.1,0.1,0.0025599854836732194,0.007089959796579347,0.002879983669132372,0.006979960420327762,0.002749984406289591,0.0019399889993461114,0.0020099886024153007,0.0011799933088806245,0.0017899898499121336,0.0029399833289059625
1963-04,1.3724438346126073,0.05029222165509406,7.405831577659196e-06,0.007405831577659196,"NoDur,Durbl,Manuf,Enrgy,HiTec,Telcm,Shops,Hlth,Utils,Other",1962-03,1963-02,0.09936829050885557,0.10375731504088673,0.09967833197690192,0.10365073828624578,0.09955237763050809,0.09876758516451575,0.0988354067356509,0.09803123667790568,0.09862225322636904,0.09973646475216061,0.1,0.1,0.1,0.1,0.1,0.1,0.1,0.1,0.1,0.1,0.0023899823000625296,0.005649958157051586,0.004669965414766532,0.006049955194718955,0.006419952454561271,0.0037299723762482155,0.005459959564159587,0.0076299434935050625,0.0023699824481791614,0.005929956083418745
1963-05,1.4032596231965826,0.02245322380909931,6.627340826056327e-06,0.006627340826056327,"NoDur,Durbl,Manuf,Enrgy,HiTec,Telcm,Shops,Hlth,Utils,Other",1962-04,1963-03,0.09748643244787204,0.10059030753118157,0.09965724078834619,0.10097115109968581,0.10132343140055224,0.09876225840236123,0.10040940683614205,0.10247548319527755,0.09746739026944684,0.10085689802913454,0.1,0.1,0.1,0.1,0.1,0.1,0.1,0.1,0.1,0.1,0.001879987540599247,0.008049946649906351,0.0020999860825842657,-9.99993372659174e-05,0.004199972165168531,-0.0006399957585018714,0.002609982702640444,-0.00024999834316479354,0.001039993107565541,0.003569976340393251
1963-06,1.378254837451263,-0.017819073058169654,9.237579459783831e-06,0.009237579459783832,"NoDur,Durbl,Manuf,Enrgy,HiTec,Telcm,Shops,Hlth,Utils,Other",1962-05,1963-04,0.0996420397863975,0.10567650568237387,0.0998572071279072,0.09770553371281027,0.10191107720595427,0.09717739569274103,0.10035600414686147,0.09755882870723548,0.09882049175517867,0.10129491618254013,0.1,0.1,0.1,0.1,0.1,0.1,0.1,0.1,0.1,0.1,-0.0013799872521403458,-0.003239970070242551,-0.0025599763517965834,0.0012099888225288538,-0.004919954551109058,-0.0019399820790958484,-0.0013899871597645508,-0.001089989931038389,-0.0011299895615352106,-0.0013699873445161403
1963-07,1.3757248761658452,-0.001835626632079479,5.636947693791981e-06,0.005636947693791981,"NoDur,Durbl,Manuf,Enrgy,HiTec,Telcm,Shops,Hlth,Utils,Other",1962-06,1963-05,0.10040827131206793,0.09851454402915935,0.09920687443366356,0.10304523564687078,0.09680408067685478,0.09983811686129976,0.10039808998258995,0.10070352986693004,0.10066280454901802,0.10041845264154595,0.1,0.1,0.1,0.1,0.1,0.1,0.1,0.1,0.1,0.1,-0.000479997294265107,-6.999960541366146e-05,-0.0013899921646427056,0.0022999870350203047,-0.0006799961668755684,-0.0002499985907630766,-0.0010499940812049218,0.0005699967869398146,0.0008099954340723682,-0.0015899910372531671
1963-08,1.4535157957815432,0.056545404508859365,4.349525475034956e-06,0.004349525475034955,"NoDur,Durbl,Manuf,Enrgy,HiTec,Telcm,Shops,Hlth,Utils,Other",1962-07,1963-06,0.0997024554935532,0.10011320716911948,0.09879078714046706,0.10248755222056365,0.09950208882254527,0.09993287716521235,0.09913141048118056,0.10075438051634492,0.10099482052155444,0.09859042046945911,0.1,0.1,0.1,0.1,0.1,0.1,0.1,0.1,0.1,0.1,0.004889978730820426,0.006569971423617629,0.006199973032942055,0.003939982862869628,0.005139977643439058,0.004289981340535712,0.006429972032551194,0.009569958375041205,0.004119982079955043,0.005399976512562435
1963-09,1.4350187226429727,-0.012725746216349032,5.820249928061962e-06,0.005820249928061961,"NoDur,Durbl,Manuf,Enrgy,HiTec,Telcm,Shops,Hlth,Utils,Other",1962-08,1963-07,0.0992759452936444,0.1008660262174057,0.10051582982348209,0.098376792390327,0.09951256447872793,0.09870805924944395,0.10073351947375894,0.10370545643840803,0.09854715820358714,0.0997586484312148,0.1,0.1,0.1,0.1,0.1,0.1,0.1,0.1,0.1,0.1,-0.0017399898727651253,-0.000249998544937518,-0.0008099952855975585,-0.0036499787560877626,0.00016999901055751224,0.00235998626421017,0.0009199946453700662,-0.004069976311582793,-0.0024899855075776792,-0.0031599816080102277
1963-10,1.4807683459358145,0.03188085463343748,8.862733976176973e-06,0.00886273397617697,"NoDur,Durbl,Manuf,Enrgy,HiTec,Telcm,Shops,Hlth,Utils,Other",1962-09,1963-08,0.09952597034275991,0.1010351673284175,0.10046795235394215,0.09759136212624585,0.10146057855927398,0.10367879426302569,0.10222024147151772,0.09716595089538936,0.09876630743051619,0.09808767522891178,0.1,0.1,0.1,0.1,0.1,0.1,0.1,0.1,0.1,0.1,0.0026599764251276237,0.010709905080119118,0.0025599773114010215,-0.0003299970752977879,0.008219927148326717,0.0034299696008224627,0.0005199953913783324,0.0033899699553318215,-0.000669994061968236,0.0013999875921724334
1963-11,1.4701475334707144,-0.0071725010156048485,1.259116837058895e-05,0.012591168370588948,"NoDur,Durbl,Manuf,Enrgy,HiTec,Telcm,Shops,Hlth,Utils,Other",1962-10,1963-09,0.09948734845768444,0.10728856757987769,0.09939043890337147,0.09658975278372693,0.104875519677485,0.10023355202589422,0.09741348399538709,0.10019478820416904,0.09626026029906287,0.09826628807334115,0.1,0.1,0.1,0.1,0.1,0.1,0.1,0.1,0.1,0.1,-0.0011299857719797414,-0.005199934525924474,0.00030999609673780515,-0.0011399856460680576,-0.00028999634856117254,0.004139947872562946,-0.001249984261039537,-0.0016399793504838721,-0.0010599866533615274,9.999874088316295e-05
1963-12,1.4993927116793488,0.019892682566077236,7.174658224117572e-06,0.00717465822411757,"NoDur,Durbl,Manuf,Enrgy,HiTec,Telcm,Shops,Hlth,Utils,Other",1962-11,1963-10,0.09958301438298214,0.09548366302727528,0.10103339913782683,0.09957294226662906,0.10042907215664156,0.10489101970105959,0.09946214898674509,0.09906933644897464,0.09965351919745376,0.10082188469441199,0.1,0.1,0.1,0.1,0.1,0.1,0.1,0.1,0.1,0.1,0.0028399796239706432,0.0005799958386982299,0.0019399860811630453,0.004659966566092676,0.0030399781890389985,-8.999935428075982e-05,0.00032999763236278606,0.0015399889510263349,0.0024099827090736797,0.002649980987155706
1964-01,1.536164304869974,0.024524324350917004,5.539758799882331e-06,0.005539758799882329,"NoDur,Durbl,Manuf,Enrgy,HiTec,Telcm,Shops,Hlth,Utils,Other",1962-12,1963-11,0.10083341504069025,0.09861751152073732,0.09995097558584175,0.10261790371605058,0.10102951269732326,0.09796058437101676,0.09837238944994606,0.09955878027257574,0.10041180507892929,0.10064712226688889,0.1,0.1,0.1,0.1,0.1,0.1,0.1,0.1,0.1,0.1,0.0007799956789881361,0.001219993241494264,0.0026599852642415923,0.00484997313216982,0.0029299837685067168,0.0033199816080007848,0.002509986095205412,0.0036999795028924407,0.001389992299735268,0.0011699935184822038
1964-02,1.5645599616935657,0.01848477844041252,5.126765690145949e-06,0.005126765690145949,"NoDur,Durbl,Manuf,Enrgy,HiTec,Telcm,Shops,Hlth,Utils,Other",1963-01,1963-12,0.09836705611353497,0.09879652133173257,0.10020204386401568,0.10233960938186287,0.10046557933881876,0.1008462416913121,0.10005563526690286,0.10121714347066459,0.09896245107512712,0.09874771846602831,0.1,0.1,0.1,0.1,0.1,0.1,0.1,0.1,0.1,0.1,0.001859990464215817,0.0016499915408366118,0.0027299860039296667,0.001079994463093055,0.0019599899515392477,-0.00027999856450560686,0.001629991643371925,0.0016499915408366118,0.0008699955397138497,0.0053399726230712145
1964-03,1.5861595366402175,0.013805527097389803,4.411973259369766e-06,0.004411973259369765,"NoDur,Durbl,Manuf,Enrgy,HiTec,Telcm,Shops,Hlth,Utils,Other",1963-02,1964-01,0.10001080030240847,0.09980461271097409,0.10086500603835089,0.09924496067708077,0.10010898486975817,0.0979096505611248,0.09978497579750414,0.09980461271097409,0.09903877308564639,0.10342762324617816,0.1,0.1,0.1,0.1,0.1,0.1,0.1,0.1,0.1,0.1,0.0030799864111223612,0.00107999523506888,0.003689983719818673,0.0013999938232374368,0.003379985087530383,-0.0008999960292240667,0.00242998927890498,-0.001939991440771877,-0.0007399967351397882,0.0023299897201023057
1964-04,1.5919205564232857,0.0036320556980484753,7.91548956929604e-06,0.00791548956929604,"NoDur,Durbl,Manuf,Enrgy,HiTec,Telcm,Shops,Hlth,Utils,Other",1963-03,1964-02,0.10167585642280112,0.09970310018642546,0.10227754707489568,0.10001874118424557,0.10197176985825747,0.09775007151241358,0.10103471064597903,0.09672423826949823,0.09790789201132363,0.10093607283416026,0.1,0.1,0.1,0.1,0.1,0.1,0.1,0.1,0.1,0.1,-0.0004699962797199024,0.0017999857521187755,-0.0017199863853579408,0.00403996802142214,-0.0036299712667728634,0.0008299934301436576,0.002869977282544936,-0.0014199887600048115,0.0010499916887359523,0.0002899977045080249
1964-05,1.6188576254295874,0.016921113869415638,8.73819297756168e-06,0.00873819297756168,"NoDur,Durbl,Manuf,Enrgy,HiTec,Telcm,Shops,Hlth,Utils,Other",1963-04,1964-03,0.09916902474991034,0.1014307919174206,0.09792355824797737,0.10366266788888447,0.0960204854330238,0.10046430991192062,0.10249691124307522,0.09822247020844128,0.10068351201626081,0.09992626838308558,0.1,0.1,0.1,0.1,0.1,0.1,0.1,0.1,0.1,0.1,0.0015499864558008848,0.0015099868053286042,0.0017499847081622899,0.0021399813002670287,0.0027299761447331715,-0.0003899965921047388,0.003899965921047388,0.0005199954561396518,0.000839992659917899,0.0023799792031007137
1964-06,1.6465167214849934,0.01708556430221364,4.3611654686163236e-06,0.004361165468616323,"NoDur,Durbl,Manuf,Enrgy,HiTec,Telcm,Shops,Hlth,Utils,Other",1963-05,1964-04,0.09985938068500289,0.09982004661087783,0.1000560510556282,0.10043955827834757,0.10101973587169225,0.09795167808993735,0.10217025753985033,0.09884652827628253,0.09916120086928303,0.10067556272309794,0.1,0.1,0.1,0.1,0.1,0.1,0.1,0.1,0.1,0.1,0.0016699927168536675,0.0007699966419025892,0.0008799961621743878,0.0006699970780191362,0.0005099977758056111,0.004689979546133953,0.0038299832967362557,0.0005799974705240282,0.0022099903618243147,0.0012799944177082005
1964-07,1.680145804227315,0.020424379724483854,5.507752140002536e-06,0.005507752140002536,"NoDur,Durbl,Manuf,Enrgy,HiTec,Telcm,Shops,Hlth,Utils,Other",1963-06,1964-05,0.09996165531073947,0.09907677786626552,0.09918492955392345,0.09897845815021286,0.09882114660452862,0.1029309107355298,0.10208536117747694,0.09888997040576547,0.10049258177742383,0.0995782084181341,0.1,0.1,0.1,0.1,0.1,0.1,0.1,0.1,0.1,0.1,0.0017599903063562337,0.005639968936277931,0.0013399926196121324,0.003339981604107852,-0.0018099900309686268,-0.002009988929418198,0.0011899934457749533,0.004759973783099813,0.004929972846781949,0.0012899928949997395
1964-08,1.6576820038788374,-0.013370149359631656,1.0286791161539247e-05,0.010286791161539247,"NoDur,Durbl,Manuf,Enrgy,HiTec,Telcm,Shops,Hlth,Utils,Other",1963-07,1964-06,0.099722665934949,0.10352498456533031,0.09931107474300051,0.10127103279989809,0.09622414080338682,0.09602814499769705,0.09916407788873317,0.10266260302029537,0.10282919945513165,0.09926207579157806,0.1,0.1,0.1,0.1,0.1,0.1,0.1,0.1,0.1,0.1,-0.000259997325434298,0.0014199853927565505,-0.0012599870386431364,-0.001869980763700528,-0.0027599716084563937,-0.001559983952605788,0.0003299966053589167,-0.004219956589741297,-3.999958852835354e-05,-0.003139967699475753
1964-09,1.701333501349067,0.026332853567866854,6.963026027730468e-06,0.006963026027730468,"NoDur,Durbl,Manuf,Enrgy,HiTec,Telcm,Shops,Hlth,Utils,Other",1963-08,1964-07,0.10109057001540582,0.10279331873834428,0.10007702910889482,0.09945876915592312,0.09855671774912836,0.09977296683694153,0.1016885591502473,0.09707694802562232,0.10131354901483823,0.09817157220465417,0.1,0.1,0.1,0.1,0.1,0.1,0.1,0.1,0.1,0.1,0.001699988162855753,0.004639967691559231,0.004769966786365847,0.0030599786931403555,0.001149991992520068,-0.0010299928280831914,0.0034799757686694234,0.002749980851678424,0.0018799869095110675,0.00393997256567745
1964-10,1.717450702536743,0.00947327562461786,6.661226950490873e-06,0.006661226950490873,"NoDur,Durbl,Manuf,Enrgy,HiTec,Telcm,Shops,Hlth,Utils,Other",1963-09,1964-08,0.09908997018531869,0.10195451799598572,0.10208118167468869,0.10041506713174969,0.09855408539080615,0.09643003293255645,0.10082428824755928,0.10011302297484262,0.09926535066352281,0.10127248280296977,0.1,0.1,0.1,0.1,0.1,0.1,0.1,0.1,0.1,0.1,-0.00018999873436687943,6.999953371411348e-05,0.00042999713567241134,0.003069979550033262,-0.000989993405385319,-0.0008899940715080141,0.002309984612565744,0.0028599809488909214,0.0009499936718343971,0.0018599876101178725
1964-11,1.724618866256731,0.004173723128937823,6.250742956769823e-06,0.006250742956769823,"NoDur,Durbl,Manuf,Enrgy,HiTec,Telcm,Shops,Hlth,Utils,Other",1963-10,1964-09,0.09887268692792331,0.09913024527479496,0.09948686452430956,0.1021020723540833,0.09808019970677974,0.09817926060942268,0.10134920949399692,0.10189404445853312,0.10000198121805287,0.10090343543210367,0.1,0.1,0.1,0.1,0.1,0.1,0.1,0.1,0.1,0.1,0.0007099955619725007,-0.0011399928741530293,-0.000599996249554226,0.0025499840606054603,-0.00022999856232911996,-0.002229986060843207,0.0032299798101002503,0.0021699864358877843,0.0013699914364821493,-0.0016499896862741214
1964-12,1.737660491372852,0.00756203319544313,7.906948953374886e-06,0.007906948953374886,"NoDur,Durbl,Manuf,Enrgy,HiTec,Telcm,Shops,Hlth,Utils,Other",1963-11,1964-10,0.10029078452070345,0.0984484853313151,0.09898623752713658,0.10212312533609513,0.09935469736501425,0.09736302256567547,0.1028002947678703,0.10174470712422076,0.10094803720448525,0.09794060825748371,0.1,0.1,0.1,0.1,0.1,0.1,0.1,0.1,0.1,0.1,0.00022999818140174072,0.0018899850558664782,-0.0006999944651357325,-0.00020999833954071976,-9.999920930510465e-06,0.0031199753303192655,0.00015999873488816745,0.004379965367563584,0.0004899961255950128,-0.0017799859256308627
1965-01,1.8118805481662599,0.04271263412035675,7.064101238328958e-06,0.007064101238328957,"NoDur,Durbl,Manuf,Enrgy,HiTec,Telcm,Shops,Hlth,Utils,Other",1963-12,1964-11,0.09947695941721169,0.10112448762865109,0.09855394662405588,0.09904026519249282,0.09923876256736502,0.10234524648411523,0.09940748533600642,0.1035957799458102,0.09973500600454557,0.0974820607997459,0.1,0.1,0.1,0.1,0.1,0.1,0.1,0.1,0.1,0.1,0.006059957191546496,0.0038099730857742826,0.005389961924494325,0.0003499975275645666,0.007459947301804762,0.00024999823397469045,0.0030499784544912234,0.007659945888984515,0.003959972026159096,0.004729966586801144
1965-02,1.8300543832334568,0.010030371530612259,9.53276047261011e-06,0.009532760472610112,"NoDur,Durbl,Manuf,Enrgy,HiTec,Telcm,Shops,Hlth,Utils,Other",1964-01,1964-12,0.10171474604879546,0.09955692803437165,0.1010721957956115,0.09623868344330214,0.1030573883688814,0.09614278042043886,0.09882806506061072,0.10324919441460796,0.09970078256866657,0.10043923584471384,0.1,0.1,0.1,0.1,0.1,0.1,0.1,0.1,0.1,0.1,0.0015899848429108488,-0.0005199950429645542,0.0025499756914607948,-0.003389967683941998,0.002189979123254565,0.0007999923737916219,0.0013899867494629428,0.002419976930719656,0.0004299959009129968,0.0025799754054779806
1965-03,1.8145783927729449,-0.008456574079054424,6.630103428544097e-06,0.006630103428544096,"NoDur,Durbl,Manuf,Enrgy,HiTec,Telcm,Shops,Hlth,Utils,Other",1964-02,1965-01,0.10058017504257256,0.09849114886539147,0.1015306324502,0.09564967724050533,0.1011742109223397,0.09979802780087918,0.10038216308265019,0.10140192467625044,0.09943170567502277,0.10156033424418835,0.1,0.1,0.1,0.1,0.1,0.1,0.1,0.1,0.1,0.1,-0.0007699948948203601,0.0012799915134676116,-0.0011499923753810573,-0.003029979910786612,-0.0004599969501524229,-0.0016799888614262401,-0.0008199945633151885,-0.0009199939003048458,-0.0005199965523462173,-0.0003799974805606972
1965-04,1.8800963710659728,0.03610644684956643,3.4293177691527267e-06,0.003429317769152726,"NoDur,Durbl,Manuf,Enrgy,HiTec,Telcm,Shops,Hlth,Utils,Other",1964-03,1965-02,0.10007563915082447,0.10214310927335989,0.09969240078664716,0.09779637940598053,0.10038828097423226,0.09915788412082092,0.10002521305027483,0.09992436084917554,0.10032776965357268,0.10046896273511169,0.1,0.1,0.1,0.1,0.1,0.1,0.1,0.1,0.1,0.1,0.00419998559686537,0.006779976749225525,0.0040499861112630355,0.0008599970507867186,0.005139982373306666,0.002329992009689598,0.006799976680639171,0.002969989814926226,0.0006599977366502724,0.0023199920439827756
1965-05,1.8724282677648663,-0.0040785692792753014,8.604298771365965e-06,0.008604298771365964,"NoDur,Durbl,Manuf,Enrgy,HiTec,Telcm,Shops,Hlth,Utils,Other",1964-04,1965-03,0.10056847245948787,0.1030585555587727,0.10042370018627365,0.09734487650925094,0.10147571203829707,0.09876364478675043,0.1030778585285346,0.09938133981913115,0.09715184681163196,0.09875399330186949,0.1,0.1,0.1,0.1,0.1,0.1,0.1,0.1,0.1,0.1,-0.0007799932886469584,-0.003299971605814055,-0.0005499952676356758,0.0008599926003030568,0.0004699959559795774,0.0027699761660924032,0.00018999836518323346,-0.001249989244626536,-0.0009699916538301919,-0.0015099870075088555
1965-06,1.7744522776639122,-0.05232563072651575,5.94159053264195e-06,0.00594159053264195,"NoDur,Durbl,Manuf,Enrgy,HiTec,Telcm,Shops,Hlth,Utils,Other",1964-05,1965-04,0.0996254756860422,0.09709517737190365,0.09985641561153896,0.10127217776349742,0.10088058397678551,0.10318998323175324,0.10059943971965901,0.09915355496872269,0.0994346992258492,0.0988924924442481,0.1,0.1,0.1,0.1,0.1,0.1,0.1,0.1,0.1,0.1,-0.005099969697888284,-0.006809959537768473,-0.006239962924475078,-0.0020499878197394084,-0.005729965954686249,-0.004179975164151573,-0.006219963043306889,-0.005309968450154272,-0.003659978253778651,-0.0070199582900344615
1965-07,1.8063278680143666,0.01796362221271952,6.265201607477278e-06,0.006265201607477277,"NoDur,Durbl,Manuf,Enrgy,HiTec,Telcm,Shops,Hlth,Utils,Other",1964-06,1965-05,0.10013928752321459,0.09833488097248017,0.09893634982272496,0.10335767347627892,0.0994745061624177,0.1011100793516799,0.09895745399290899,0.09991769373628229,0.10165878777646463,0.09811328718554788,0.1,0.1,0.1,0.1,0.1,0.1,0.1,0.1,0.1,0.1,0.0015799901009814605,0.0022899856526883188,0.0020699870310326727,0.0018599883467250102,0.003589977507926229,-0.00036999768187540526,-0.0013999912287177493,0.0039499752524536505,0.001059993358886296,0.0033399790742266308
1965-08,1.8683816962731752,0.03435357963392449,6.2070904478386516e-06,0.006207090447838652,"NoDur,Durbl,Manuf,Enrgy,HiTec,Telcm,Shops,Hlth,Utils,Other",1964-07,1965-06,0.09978683065316266,0.10048429717968113,0.10026818079118245,0.10006188787488826,0.10176134856626423,0.09787125357328802,0.09685943593622602,0.1021149935656257,0.09927601009852943,0.1015157617611521,0.1,0.1,0.1,0.1,0.1,0.1,0.1,0.1,0.1,0.1,0.004059974799212782,0.0034299787096797644,0.003519978151041624,0.0015399904410807106,0.005869963564379073,0.0013299917445697047,0.002289985785762875,0.006299960895330179,0.0009299942274058837,0.005089968405909621
1965-09,1.9186082716399677,0.0268823953194246,7.405545458061024e-06,0.0074055454580610235,"NoDur,Durbl,Manuf,Enrgy,HiTec,Telcm,Shops,Hlth,Utils,Other",1964-08,1965-07,0.10060327158822847,0.09999419931165164,0.10008120963687692,0.09816698248192118,0.10235314590664758,0.09796395838972892,0.09889206852546502,0.10276886190494605,0.0975772458331722,0.101599056421362,0.1,0.1,0.1,0.1,0.1,0.1,0.1,0.1,0.1,0.1,0.0004799964453381801,0.007119947272516339,0.0038399715627054406,0.004369967637766348,0.005259961046830891,0.0010999918538999963,-0.0006799949642290887,0.0022399834115781744,0.0013899897062918133,0.0017699868921845394
1965-10,1.969413346397215,0.02648017081351406,9.575530678388293e-06,0.009575530678388294,"NoDur,Durbl,Manuf,Enrgy,HiTec,Telcm,Shops,Hlth,Utils,Other",1964-09,1965-08,0.09784884456952546,0.10431497044474092,0.10112086007264653,0.10163698156569836,0.10250367614837033,0.09845260933498233,0.09671922016963844,0.0995627574521127,0.09873501543495408,0.09910506480733089,0.1,0.1,0.1,0.1,0.1,0.1,0.1,0.1,0.1,0.1,0.002589975199375543,0.006139941206241634,0.004359958250686242,0.0018399823810235517,0.005209950111485165,-0.00226997826354536,0.0003099970315854897,0.003229969071035909,0.0010499899456927878,0.004029961410611366
1965-11,1.9812701380797442,0.006020468838712656,9.474032869292445e-06,0.009474032869292444,"NoDur,Durbl,Manuf,Enrgy,HiTec,Telcm,Shops,Hlth,Utils,Other",1964-10,1965-09,0.09994252257693693,0.10340090989683288,0.10166684526882871,0.09921187736850821,0.10249490983838128,0.0952079416263188,0.0977213611433136,0.10056600648812944,0.09844226441562995,0.10134536137712008,0.1,0.1,0.1,0.1,0.1,0.1,0.1,0.1,0.1,0.1,0.0010799897680445012,-0.0038099639039347686,0.0013899868310943116,0.0006999933681769915,0.0027399740411499385,-0.004309959166918334,0.0013399873047959554,0.0037899640934154263,-0.001009990431226802,0.004119960966984579
1965-12,2.0048056363035265,0.011878995080697674,1.0875608319481043e-05,0.010875608319481042,"NoDur,Durbl,Manuf,Enrgy,HiTec,Telcm,Shops,Hlth,Utils,Other",1964-11,1965-10,0.10047414093019094,0.0956134508911265,0.10078228283450792,0.10009641859586693,0.10212419112750117,0.09511644781964752,0.10073258252736002,0.10316789757760703,0.0983966680914088,0.10349591960478316,0.1,0.1,0.1,0.1,0.1,0.1,0.1,0.1,0.1,0.1,0.001289985970465268,0.0014799839040996873,0.0032399647630290455,0.0001899979336344193,-0.0015199834690753544,-0.0008499907557329286,0.0012599862967335176,0.0038199584551762197,-0.0003299964110492546,0.0033099640017364624
1966-01,2.019165592295978,0.00716276716925468,7.181340533721316e-06,0.007181340533721315,"NoDur,Durbl,Manuf,Enrgy,HiTec,Telcm,Shops,Hlth,Utils,Other",1964-12,1965-11,0.10009981322080463,0.10028758066588266,0.10202690015713171,0.09901273853877399,0.09732283153307178,0.09798495883939955,0.10007016572947654,0.10260008498947515,0.09849884868908676,0.1020960776368973,0.1,0.1,0.1,0.1,0.1,0.1,0.1,0.1,0.1,0.1,0.00192998614001277,0.0005999956911956799,0.0029099791022990473,0.0010299926032192503,0.001339990377003685,-0.0012899907360707117,-0.0042799692638625176,0.0027799800358733165,-0.003009978384164994,0.005159962944282847
1966-02,2.0066251503242984,-0.0062107050652641105,1.0771850738694405e-05,0.010771850738694404,"NoDur,Durbl,Manuf,Enrgy,HiTec,Telcm,Shops,Hlth,Utils,Other",1965-01,1965-12,0.10120436470506469,0.0998838329179781,0.1021773881271285,0.10031077176643467,0.10061856488974057,0.09800728774685506,0.09503857342851754,0.1020483135915486,0.0962995323530288,0.10441137047370357,0.1,0.1,0.1,0.1,0.1,0.1,0.1,0.1,0.1,0.1,-0.00047999482951164543,-0.0014899839499423995,-0.0007199922442674682,-0.003469962621677937,0.0050099460330278,0.0004699949372301528,-0.0018399801797946412,-0.001559983195912848,-0.004179954973663912,0.0020599778099874787
1966-03,1.962821749106648,-0.02182938911663257,9.598557149718722e-06,0.009598557149718722,"NoDur,Durbl,Manuf,Enrgy,HiTec,Telcm,Shops,Hlth,Utils,Other",1965-02,1966-01,0.1001408734151741,0.09912457234856109,0.09989937613201852,0.09713221976252769,0.10566512376735764,0.1010968001609982,0.0987723888106259,0.09905413564097405,0.09641779029985915,0.10269671966190382,0.1,0.1,0.1,0.1,0.1,0.1,0.1,0.1,0.1,0.1,-0.0026499745638235536,-0.0029699714922852656,-0.0017799829145682736,-0.0022399784992319853,-0.0008999913612985654,-0.004849953446997824,-0.002119979651058843,-0.0015999846423085605,-0.00013999865620199908,-0.0025699753317081253
1966-04,2.007427719279741,0.02272543097374724,4.467480422826065e-06,0.004467480422826065,"NoDur,Durbl,Manuf,Enrgy,HiTec,Telcm,Shops,Hlth,Utils,Other",1965-03,1966-02,0.09952156044899711,0.09919442229446522,0.10041096730663068,0.0999407062094911,0.10131059723159336,0.0972724856365904,0.10006338301744055,0.10059498251855487,0.1020875503486066,0.09960334498763009,0.1,0.1,0.1,0.1,0.1,0.1,0.1,0.1,0.1,0.1,0.0004099981683330266,0.0001499993298779366,0.002859987223005991,0.003139985972111473,0.007629965913124374,0.0012699943262998632,0.003079986240160298,-9.999955325195773e-06,0.0011799947283731012,0.0030199865082091233
1966-05,1.905916585003508,-0.05056776555454501,8.179089300206314e-06,0.008179089300206315,"NoDur,Durbl,Manuf,Enrgy,HiTec,Telcm,Shops,Hlth,Utils,Other",1965-04,1966-03,0.09817840485758704,0.09792418331328893,0.10057395402501149,0.10084773107271713,0.10523794158771133,0.09901929150411155,0.10078906456249451,0.09776773928602857,0.09893129173877759,0.10073039805227187,0.1,0.1,0.1,0.1,0.1,0.1,0.1,0.1,0.1,0.1,-0.004919959758880643,-0.008399931295649879,-0.005689953460981883,-0.0037799690830424455,-0.006069950352927949,-0.002989975544522993,-0.002929976035268351,-0.005259956977990282,-0.0027399775892953176,-0.007779936366685246
1966-06,1.8883854589988571,-0.009198265098584346,8.341759352881695e-06,0.008341759352881695,"NoDur,Durbl,Manuf,Enrgy,HiTec,Telcm,Shops,Hlth,Utils,Other",1965-05,1966-04,0.1001432423323222,0.09647792382878329,0.09933223795079203,0.10134395011796427,0.09893200202224467,0.10217601954836533,0.10223921469497807,0.09978513650151669,0.10243933265925176,0.09713094034378159,0.1,0.1,0.1,0.1,0.1,0.1,0.1,0.1,0.1,0.1,-0.0017999849848331652,-0.001969983566734075,-0.0009499920753286149,-0.002269981064206269,-0.00012999891557128414,0.0004699960793731041,-0.00237998014661274,0.0009899917416582406,-0.0017899850682507584,0.0006399946612740141
1966-07,1.8626550359542695,-0.013625620194210097,5.6977982221156e-06,0.005697798222115601,"NoDur,Durbl,Manuf,Enrgy,HiTec,Telcm,Shops,Hlth,Utils,Other",1965-06,1966-05,0.09911082851404407,0.09893925172333747,0.09996871246757703,0.0986364691515023,0.10079631816392648,0.10140188330759682,0.09852544887516275,0.1019267064321111,0.09912092126643857,0.10157346009830341,0.1,0.1,0.1,0.1,0.1,0.1,0.1,0.1,0.1,0.1,-0.0011899932196201156,-0.002579985299680587,-0.0016099908265448624,0.00039999772088071116,-0.0017099902567650404,-0.0011599933905540624,-0.0019699887753375023,-0.001719990199787058,-0.00017999897439632004,-0.001899989174183378
1966-08,1.7233040163984845,-0.07481311185696449,3.3634788146319756e-06,0.0033634788146319756,"NoDur,Durbl,Manuf,Enrgy,HiTec,Telcm,Shops,Hlth,Utils,Other",1965-07,1966-06,0.10017437498732738,0.09876518177578619,0.09974857559966746,0.10178632981203997,0.09964719479308176,0.10020478922930309,0.09938360469595896,0.09963705671242319,0.10119832113384293,0.09945457126056893,0.1,0.1,0.1,0.1,0.1,0.1,0.1,0.1,0.1,0.1,-0.007219975715682958,-0.007619974370291433,-0.007869973529421731,-0.006439978339196434,-0.006109979449144444,-0.004569984628901818,-0.006419978406466009,-0.008109972722186814,-0.008609971040447407,-0.011839960176410836
1966-09,1.7141237275774037,-0.005327144098617342,7.182308498794845e-06,0.007182308498794844,"NoDur,Durbl,Manuf,Enrgy,HiTec,Telcm,Shops,Hlth,Utils,Other",1965-08,1966-07,0.10028210421643123,0.09984976058971672,0.09957954582302014,0.10112517428852452,0.101481857780564,0.10314638074341487,0.10114679146986025,0.09932013964699142,0.09877971011359829,0.09528853532787859,0.1,0.1,0.1,0.1,0.1,0.1,0.1,0.1,0.1,0.1,-0.0014499895856526768,-0.0009699930331607563,-0.00360997407186632,0.003909971917173771,-0.0019399860663215126,-0.0005599959779072408,-0.001999985635383003,-0.0011399918121683115,0.004359968685134946,-0.0019199862099676824
1966-10,1.7857916290031521,0.04181022657392286,9.381108135086748e-06,0.009381108135086746,"NoDur,Durbl,Manuf,Enrgy,HiTec,Telcm,Shops,Hlth,Utils,Other",1965-09,1966-08,0.0990770901194354,0.09955965737724695,0.09690553745928338,0.10446575783166444,0.09858446937708609,0.09997185024329432,0.09852414846985964,0.09938874814010534,0.10491816463586277,0.09860457634616157,0.1,0.1,0.1,0.1,0.1,0.1,0.1,0.1,0.1,0.1,0.004529957503580148,0.00036999652898999004,0.0025199763596074998,0.008459920635825178,0.00027999737328972225,0.009179913881427318,-0.0013799870540707735,0.0048699543140033824,0.009959906564162976,0.0030299715752423505
1966-11,1.8264080387666013,0.022744204365053422,1.5444126624560873e-05,0.015444126624560872,"NoDur,Durbl,Manuf,Enrgy,HiTec,Telcm,Shops,Hlth,Utils,Other",1965-10,1966-09,0.10033403083066172,0.09634101860206176,0.09840471482597761,0.10410627555623811,0.09625463131826995,0.10479737382657273,0.09466126586166515,0.10066038279165306,0.10554606361943521,0.09889424276746461,0.1,0.1,0.1,0.1,0.1,0.1,0.1,0.1,0.1,0.1,0.002309964324067497,-0.003459946563321879,0.0027799570653279835,-0.0011699819303718493,0.010979830423489663,-0.002839956138680386,0.0006999891891113628,0.006909893281085024,-0.0013699788415465245,0.007919877682517134
1966-12,1.8293684326686344,0.0016208830881143665,1.9085611482654785e-05,0.019085611482654787,"NoDur,Durbl,Manuf,Enrgy,HiTec,Telcm,Shops,Hlth,Utils,Other",1965-11,1966-10,0.10003324338065628,0.0943916461339904,0.10049278423090463,0.09663068559583872,0.10851030544800346,0.09499784895772226,0.09845907153193321,0.10453087723415075,0.0964351362978607,0.10551840118893975,0.1,0.1,0.1,0.1,0.1,0.1,0.1,0.1,0.1,0.1,0.00021999580116547384,-0.002649949423129571,0.0013699738527122689,-0.0006599874034964215,0.00045999122061871804,0.0029599435065900117,-0.0041599206038562325,-0.00017999656458993313,0.0020899601110720015,0.002189958202510853
1967-01,1.9858544327997192,0.08554099728440545,8.293229786218938e-06,0.008293229786218936,"NoDur,Durbl,Manuf,Enrgy,HiTec,Telcm,Shops,Hlth,Utils,Other",1965-12,1966-11,0.100055908310371,0.09719060740385768,0.10120402539834672,0.09917734914739829,0.10029551535481812,0.10279142206780881,0.09568307974921131,0.09965656323629249,0.10192284653168805,0.10202268280020768,0.1,0.1,0.1,0.1,0.1,0.1,0.1,0.1,0.1,0.1,0.009389922126572308,0.011779902305753117,0.011189907198758692,0.0035799703102373653,0.010309914496800904,0.006239948250246134,0.011799902139888522,0.006449946508667879,0.0028399764472274067,0.011969900730039458
1967-02,2.0115432454186846,0.01293589912466464,1.3920603519980753e-05,0.013920603519980753,"NoDur,Durbl,Manuf,Enrgy,HiTec,Telcm,Shops,Hlth,Utils,Other",1966-01,1966-12,0.10076919533876838,0.10297084427248861,0.10242734097922712,0.09541706968817651,0.10161669199944728,0.09786744046796554,0.10298926811293814,0.09806089079268573,0.09473538759154346,0.10314587075675925,0.1,0.1,0.1,0.1,0.1,0.1,0.1,0.1,0.1,0.1,0.0020299717411748548,-0.0010899848265421635,0.0012199830168637057,-9.999860793964802e-05,0.006189913831464213,0.002129970349114503,0.003219955175656666,0.0013999805111550721,-0.0017299759173559106,-0.00031999554540687364
1967-03,2.0966340567810655,0.04230125877540858,8.386396169603644e-06,0.008386396169603643,"NoDur,Durbl,Manuf,Enrgy,HiTec,Telcm,Shops,Hlth,Utils,Other",1966-02,1967-01,0.10072560343551012,0.09764549089293646,0.0999259588331112,0.09862283429586849,0.1048324201589417,0.10082432499136185,0.10190038995014561,0.1001036576336443,0.09701367293548545,0.0984056468729947,0.1,0.1,0.1,0.1,0.1,0.1,0.1,0.1,0.1,0.1,0.004449962680537046,0.0038399677962387088,0.0057899514427661785,0.003619969641245866,0.005509953790957106,0.002959975176267338,0.002329980459696925,0.007859934082926108,0.001539987084949899,0.004409963015992893
1967-04,2.194700142837679,0.04677310555909453,6.586332281183158e-06,0.006586332281183156,"NoDur,Durbl,Manuf,Enrgy,HiTec,Telcm,Shops,Hlth,Utils,Other",1966-03,1967-02,0.10021011023591829,0.09962487167925088,0.10149571624564668,0.09941380203586264,0.10122708215406165,0.09878059310569792,0.09817616639963157,0.10348168970843608,0.09741823449837379,0.10017173393712044,0.1,0.1,0.1,0.1,0.1,0.1,0.1,0.1,0.1,0.1,0.004599969702871506,0.011059927155164972,0.003749975301253946,0.0016699890008250904,0.007829948429018239,0.00021999855100689815,0.009209939339879692,0.00444997069082135,0.0018799876176953114,0.0021099861028388866
1967-05,2.1020555559204523,-0.04221286776672839,1.3434711555940565e-05,0.013434711555940563,"NoDur,Durbl,Manuf,Enrgy,HiTec,Telcm,Shops,Hlth,Utils,Other",1966-04,1967-03,0.09992548577542561,0.10609679206710103,0.09911347178967884,0.09712642580102793,0.10301113892126332,0.09574122547240109,0.10432946750988747,0.09978218918970559,0.09732704102103595,0.09754676245247332,0.1,0.1,0.1,0.1,0.1,0.1,0.1,0.1,0.1,0.1,-0.002719963457584568,-0.007349901254870064,-0.0036699506946085898,-0.0024599669506095725,-0.004339941693351848,-0.005659923959532594,-0.00456993860336819,-0.005289928930375869,-0.0041199446489883895,-0.002019972861882657
1967-06,2.163547899688819,0.02925343414220105,6.3792023386928396e-06,0.006379202338692838,"NoDur,Durbl,Manuf,Enrgy,HiTec,Telcm,Shops,Hlth,Utils,Other",1966-05,1967-04,0.10156608895385258,0.09673209438296096,0.10057423261641263,0.10183754437252036,0.0998747128836918,0.09849655460430153,0.09963457924410107,0.09888285654625183,0.10010440593025685,0.10229693046565046,0.1,0.1,0.1,0.1,0.1,0.1,0.1,0.1,0.1,0.1,0.002749982457193569,0.0015899898570682818,0.002099986603675089,0.0022799854554186676,0.006419959045520986,0.002729982584777616,0.00377997588661516,0.005409965488515348,-0.0013099916432449364,0.0035099776089997916
1967-07,2.2642014710037426,0.04652246032056917,7.204456088988779e-06,0.00720445608898878,"NoDur,Durbl,Manuf,Enrgy,HiTec,Telcm,Shops,Hlth,Utils,Other",1966-06,1967-05,0.09982900336163845,0.09870198006334649,0.0991974816858714,0.09937236461146844,0.10339467190020014,0.09980957192546101,0.10082972232477704,0.10241338437323903,0.09588442181761654,0.10056739793638148,0.1,0.1,0.1,0.1,0.1,0.1,0.1,0.1,0.1,0.1,0.006049956413040662,0.01110991995849285,0.005039963689541312,0.006929950073119303,0.003989971254220206,-0.006579952594678935,0.005999956773263466,0.003789972695111423,0.002329983213617313,0.00786994330093058
1967-08,2.2534593187453935,-0.004744344704266545,1.4412877175843089e-05,0.01441287717584309,"NoDur,Durbl,Manuf,Enrgy,HiTec,Telcm,Shops,Hlth,Utils,Other",1966-07,1967-06,0.10133488767641635,0.10616991390595588,0.10036979350806953,0.1021757618032928,0.09936647778850106,0.08926643287817838,0.10128711073738929,0.09917537003239278,0.09778028341280232,0.10307396825700173,0.1,0.1,0.1,0.1,0.1,0.1,0.1,0.1,0.1,0.1,-0.0008199881814407158,0.00013999798219719542,-0.00039999423484912976,-0.00147997866894178,-0.0010099854429940526,-0.0012399821280323021,0.00032999524375053205,0.0006499906316298358,-0.0006499906316298358,-0.0002499963967807061
1967-09,2.324504269758277,0.03152706171435904,2.848473278607813e-06,0.0028484732786078124,"NoDur,Durbl,Manuf,Enrgy,HiTec,Telcm,Shops,Hlth,Utils,Other",1966-08,1967-07,0.0996513508897083,0.10061591326976599,0.10007334693098353,0.09898821425341867,0.09946044791865523,0.09922935484843308,0.10080681624081905,0.10112833703417162,0.09982215881117686,0.10022405980286755,0.1,0.1,0.1,0.1,0.1,0.1,0.1,0.1,0.1,0.1,0.003099991169732836,0.004979985814603073,0.0031099911412481034,0.004239987922473299,0.008359976186763391,0.0012199965248626,0.002449993021240468,0.0028999917394274917,-9.999971515267214e-05,0.0012699963824389362
1967-10,2.2631427882957933,-0.026397663476378508,7.871197274703664e-06,0.007871197274703664,"NoDur,Durbl,Manuf,Enrgy,HiTec,Telcm,Shops,Hlth,Utils,Other",1966-09,1967-08,0.09994862001105152,0.10177115546809108,0.09995831434858897,0.10105377449032019,0.10504784155574727,0.09812608455401199,0.09931848807111765,0.09975473326030265,0.09684643199906934,0.09817455624169921,0.1,0.1,0.1,0.1,0.1,0.1,0.1,0.1,0.1,0.1,-0.0026199793774631407,-0.004909961352421382,-0.004519964422188318,-0.0009599924436506161,0.0048899615098453265,-0.003489972529521511,0.0006599948050097987,-0.005029960407877709,-0.0053699577316706345,-0.005039960329165736
1967-11,2.2800417649825793,0.007467039540846265,1.2864234678410757e-05,0.012864234678410757,"NoDur,Durbl,Manuf,Enrgy,HiTec,Telcm,Shops,Hlth,Utils,Other",1966-10,1967-09,0.10001951500087303,0.09766744384301722,0.09806801491356908,0.10172450981399121,0.10773307587226917,0.09912593338194964,0.10338842041474511,0.09754419120592434,0.09719497540082783,0.09753392015283326,0.1,0.1,0.1,0.1,0.1,0.1,0.1,0.1,0.1,0.1,0.0004899936965250076,-0.0009599876503347088,0.0006299918955321527,0.000779989965896951,0.0014199817327867567,7.999897086122574e-05,0.0008399891940428702,0.0013299828905678779,0.003189958963091376,-0.00031999588344490295
1967-12,2.3447176594995742,0.028366100792670768,3.7916385436931724e-06,0.0037916385436931716,"NoDur,Durbl,Manuf,Enrgy,HiTec,Telcm,Shops,Hlth,Utils,Other",1966-11,1967-10,0.09974391551197045,0.09830468098622305,0.0998828760868702,0.10003176241711995,0.1006670107595188,0.09933695954262119,0.10009131694921983,0.10057767896136896,0.10242386945646563,0.0989399293286219,0.1,0.1,0.1,0.1,0.1,0.1,0.1,0.1,0.1,0.1,0.0031299881321713583,0.0008799966633580815,0.005199980283479573,0.0030699883596696704,0.002129991923809902,0.00011999954500337475,0.0034499869188470244,0.0016999935542144759,0.003289987525509191,0.005399979525151865
1968-01,2.2835998418739263,-0.02606617362991681,6.338819554427391e-06,0.006338819554427391,"NoDur,Durbl,Manuf,Enrgy,HiTec,Telcm,Shops,Hlth,Utils,Other",1966-12,1967-11,0.1002849169073388,0.09809698843801357,0.10229781109911802,0.10022657214815679,0.09931250425430536,0.09735795482170814,0.1005960889563095,0.09889436681350099,0.10044050293182415,0.10249229362972472,0.1,0.1,0.1,0.1,0.1,0.1,0.1,0.1,0.1,0.1,-0.0004299972743075916,-0.005149967355079296,-0.006359959685107635,-0.0008999942950624013,-0.00872994466210529,0.0026699830753517903,0.0011299928371339034,-0.00656995835395553,0.00017999885901248021,-0.001899987956242847
1968-02,2.2172696297747394,-0.029046337665164734,1.6826127650447058e-05,0.016826127650447054,"NoDur,Durbl,Manuf,Enrgy,HiTec,Telcm,Shops,Hlth,Utils,Other",1967-01,1967-12,0.10223422387416063,0.09738792944123868,0.09614555311415487,0.10175164794545867,0.09371213832474282,0.10541717148900344,0.10383596525453315,0.09592993408218166,0.1028605458241781,0.10072489065034808,0.1,0.1,0.1,0.1,0.1,0.1,0.1,0.1,0.1,0.1,-0.002709954401194067,-0.0023399606268612975,-0.004269928152434932,-0.002679954905977897,-0.004579922936335361,-0.002419959280771086,-0.0008499856977914973,-0.0042499284889574865,-0.001489974929069801,-0.003439942118120883
1968-03,2.2277903525410996,0.0047449000451194046,5.075844618561777e-06,0.005075844618561776,"NoDur,Durbl,Manuf,Enrgy,HiTec,Telcm,Shops,Hlth,Utils,Other",1967-02,1968-01,0.10019877030186308,0.10057983253859544,0.09859212951996457,0.10022966723997653,0.0982728611594591,0.10049744070362628,0.10211438046489593,0.09861272747870686,0.1014552457851427,0.09944694480776956,0.1,0.1,0.1,0.1,0.1,0.1,0.1,0.1,0.1,0.1,0.0006399967514594441,0.0006499967007009981,0.0008399957362905205,0.0007399962438749823,0.004239978478418818,-0.0011199943150540274,0.0028599854830843913,0.00010999944165709198,-0.003939980001172203,-0.00026999862952195304
1968-04,2.432930323688991,0.09208226030510502,7.087048590402706e-06,0.0070870485904027045,"NoDur,Durbl,Manuf,Enrgy,HiTec,Telcm,Shops,Hlth,Utils,Other",1967-03,1968-02,0.10016421995521275,0.1001741726797711,0.1003632744463797,0.10026374720079623,0.10374720079621798,0.09841254043294352,0.10237372480716597,0.09963672555362031,0.09560587210748944,0.0992585220204031,0.1,0.1,0.1,0.1,0.1,0.1,0.1,0.1,0.1,0.1,0.010969922255076965,0.01168991715240198,0.010649924522932513,0.005649959958175465,0.012439911837115536,0.002209984337622615,0.012219913396266227,0.011899915664121777,0.0024199828493424113,0.011939915380639831
1968-05,2.4951980264410265,0.02559370572422326,1.588739947625082e-05,0.01588739947625082,"NoDur,Durbl,Manuf,Enrgy,HiTec,Telcm,Shops,Hlth,Utils,Other",1967-04,1968-03,0.1016125044639178,0.10227179078647364,0.10131948832055966,0.09674111108058858,0.10295854737246929,0.0935911875394885,0.10275709877391058,0.10246408263055243,0.09378347938356728,0.10250070964847219,0.1,0.1,0.1,0.1,0.1,0.1,0.1,0.1,0.1,0.1,0.00499992056300262,-0.00033999459828417815,0.0031599497958176557,0.0012399802996246496,0.0038299391512600063,-0.0007299884021983824,0.0034299455062197968,0.0033499467772117554,0.00043999300954423055,0.006229901021501264
1968-06,2.539014803087907,0.017560440567267355,9.394373588741943e-06,0.00939437358874194,"NoDur,Durbl,Manuf,Enrgy,HiTec,Telcm,Shops,Hlth,Utils,Other",1967-05,1968-04,0.10237809693743236,0.09717143943604294,0.10058404266729068,0.09871198603757764,0.10123731242870097,0.09679117793313248,0.10084730063084409,0.10076929827127269,0.09793196244186386,0.10357738321584227,0.1,0.1,0.1,0.1,0.1,0.1,0.1,0.1,0.1,0.1,0.0009999906056264113,-0.001419986659989504,-0.0002199979332378105,0.0018399827143525968,-0.002029980929421615,0.0041799607315184,0.0005099952088694699,0.0022299790505468974,0.008449920617543174,0.003029971535048026
1968-07,2.480260712679678,-0.023140507230116847,1.0756016785086032e-05,0.010756016785086031,"NoDur,Durbl,Manuf,Enrgy,HiTec,Telcm,Shops,Hlth,Utils,Other",1967-06,1968-05,0.09925607083542162,0.09687785606886995,0.09805713611839971,0.10008156687009247,0.09627838871035899,0.10238116296667549,0.09877453148186366,0.10046483288618964,0.10657743447625223,0.10125101958587615,0.1,0.1,0.1,0.1,0.1,0.1,0.1,0.1,0.1,0.1,-0.0036999602027378963,-0.002919968592430988,-0.003969957298613364,0.005279943208231375,-0.005509940734347515,-0.00019999784879664304,-0.0051599444989533895,-0.004119955685210846,0.0001799980639169787,-0.003009967624389477
1968-08,2.5178052264129636,0.015137325500238497,1.248534675838383e-05,0.01248534675838383,"NoDur,Durbl,Manuf,Enrgy,HiTec,Telcm,Shops,Hlth,Utils,Other",1967-07,1968-06,0.09858015907950905,0.09937862765772314,0.09830376611012724,0.10777278450561488,0.0967273025069866,0.1021630309048287,0.09708558968951857,0.0981502144604707,0.10255202841729197,0.09928649666792921,0.1,0.1,0.1,0.1,0.1,0.1,0.1,0.1,0.1,0.1,0.002739965790149882,0.001249984393316552,0.0033399582989418267,0.0012999837690492143,0.0005399932579127505,0.0012899838939026817,0.002259971783116326,0.0006799915099642043,-0.0008699891377483202,0.0026199672883914934
1968-09,2.6282234787500762,0.043854961924287617,4.826390236906012e-06,0.00482639023690601,"NoDur,Durbl,Manuf,Enrgy,HiTec,Telcm,Shops,Hlth,Utils,Other",1967-08,1968-07,0.10120671821898239,0.09973895483426093,0.10179776387725949,0.09978820863911736,0.09903955080529968,0.09977835787814607,0.10073388169236071,0.09917746145889768,0.0976505935083485,0.10108850908732697,0.1,0.1,0.1,0.1,0.1,0.1,0.1,0.1,0.1,0.1,0.004869976495479547,0.006639967952768828,0.004549978039924423,0.0035099830593702686,0.0029399858104127035,0.0029699856656209968,0.007839962161100543,0.0008399959458322011,0.00025999874513853844,0.009439954438876165
1968-10,2.6533202925480857,0.009548964919050551,1.0930584561148063e-05,0.010930584561148062,"NoDur,Durbl,Manuf,Enrgy,HiTec,Telcm,Shops,Hlth,Utils,Other",1967-09,1968-08,0.10046366370969287,0.10215929339183415,0.10015710919088765,0.09916080700477074,0.09861475676814897,0.09864349625428696,0.10330887283735367,0.09660299273848982,0.0960473626731554,0.10484164543137968,0.1,0.1,0.1,0.1,0.1,0.1,0.1,0.1,0.1,0.1,0.0008699904903914316,0.004669948954170099,0.0009299898345563583,0.0025899716897859865,-0.00489994644013565,0.003169965350046941,0.0006899924578966527,-3.999956277661755e-05,0.000489994644013565,0.0010899880856628282
1968-11,2.8118612800464495,0.059751922127015744,7.62236070857834e-06,0.007622360708578339,"NoDur,Durbl,Manuf,Enrgy,HiTec,Telcm,Shops,Hlth,Utils,Other",1967-10,1968-09,0.09991481437457901,0.10367883038155236,0.09997424620626807,0.10161852688299851,0.09419945322714844,0.10219303458932603,0.09973651887951185,0.09901343159396171,0.09953841277388167,0.10013273109077221,0.1,0.1,0.1,0.1,0.1,0.1,0.1,0.1,0.1,0.1,0.004669964403575491,-0.00013999893286950084,0.005769956018978712,0.005679956704991176,0.0086099343714743,0.005389958915475781,0.005139960821065959,0.008119938106431046,0.00880993284700216,0.007709941231598939
1968-12,2.7131691425324864,-0.03509850866908082,8.818096072177345e-06,0.008818096072177343,"NoDur,Durbl,Manuf,Enrgy,HiTec,Telcm,Shops,Hlth,Utils,Other",1967-11,1968-10,0.09876764550464254,0.09422888201102136,0.09980561636596966,0.0997206914773156,0.10248546840794141,0.09944704461387484,0.0992111421453914,0.10202309956971388,0.10267419038272817,0.10163621952140107,0.1,0.1,0.1,0.1,0.1,0.1,0.1,0.1,0.1,0.1,-0.0010199910055420063,-0.004459960671291518,-0.00331997072392104,-0.002529977690216937,-0.005339952911366974,-0.006669941183299198,-0.004129963581263222,-0.0010199910055420063,-0.002919974251159469,-0.003679967549406454
1969-01,2.696898435086927,-0.005996938115834682,6.979925588915009e-06,0.0069799255889150084,"NoDur,Durbl,Manuf,Enrgy,HiTec,Telcm,Shops,Hlth,Utils,Other",1967-12,1968-11,0.10257951518794496,0.09901441585225562,0.10019587319024571,0.1010146023981511,0.09810241369661418,0.09672404680229243,0.09935641666062117,0.10257951518794496,0.10061041962462818,0.09982278139930148,0.1,0.1,0.1,0.1,0.1,0.1,0.1,0.1,0.1,0.1,-0.0011899916938885489,-0.0017199879945279867,-0.00044999685903348506,-0.0011399920428848283,-0.004679967333948243,0.0011699918334870608,-0.0009699932294721787,-0.00022999839461711451,0.002439982968981563,0.0007799945556580407
1969-02,2.5599056958517656,-0.05079640280585718,6.745404975805074e-06,0.006745404975805072,"NoDur,Durbl,Manuf,Enrgy,HiTec,Telcm,Shops,Hlth,Utils,Other",1968-01,1968-12,0.09940543857707669,0.09887224474602871,0.10014989788835121,0.09945573988189255,0.09589440750093056,0.10177966016438465,0.0996267643182664,0.10037122362954096,0.10305731330670719,0.10138730998682105,0.1,0.1,0.1,0.1,0.1,0.1,0.1,0.1,0.1,0.1,-0.00661995534541906,-0.0035799758514501864,-0.005729961348829489,-0.00494996661024537,-0.003619975581633988,-0.0033399774703473805,-0.00414997200656935,-0.005169965126256275,-0.005219964788986026,-0.008409943271144154
1969-03,2.633384622238999,0.028703762996544535,6.062936547234013e-06,0.006062936547234013,"NoDur,Durbl,Manuf,Enrgy,HiTec,Telcm,Shops,Hlth,Utils,Other",1968-02,1969-01,0.09837654470559729,0.10157920797294592,0.09931416651741976,0.10013590248733158,0.10153706766679661,0.10183204980984188,0.10097870861031806,0.0999041308035103,0.09985145542082365,0.09649076600541504,0.1,0.1,0.1,0.1,0.1,0.1,0.1,0.1,0.1,0.1,0.0007099956953150515,0.005099969079023609,0.00264998393321815,0.0073599553767870135,0.005439967017625184,-0.00041999745356665014,0.005069969260911706,0.0033499796891625676,-0.0012899921788118542,0.0007399955134269552
1969-04,2.7040332143292796,0.02682805675010469,1.1631071925032322e-05,0.011631071925032318,"NoDur,Durbl,Manuf,Enrgy,HiTec,Telcm,Shops,Hlth,Utils,Other",1968-03,1969-02,0.09789931078729672,0.10216679141837838,0.09978516783155604,0.10436371766581447,0.1024973024467537,0.09680084766357867,0.10213762868058056,0.10046563171350527,0.09595512826744176,0.09792847352509454,0.1,0.1,0.1,0.1,0.1,0.1,0.1,0.1,0.1,0.1,0.0010499877873744788,0.0012199858100922513,0.0012999848796064976,-0.000359995812814107,0.003859955104062369,0.007679910673367616,0.003939954173576615,0.004979942077261814,0.0013399844143636207,0.001829978715138377
1969-05,2.717338367673533,0.0049204844355263955,9.468882880711973e-06,0.009468882880711972,"NoDur,Durbl,Manuf,Enrgy,HiTec,Telcm,Shops,Hlth,Utils,Other",1968-04,1969-03,0.09840871021775542,0.09857426668224845,0.09865217560671574,0.09703556542401931,0.10114526118966927,0.10486541233298274,0.10122317011413656,0.10223598613221144,0.09869113006894939,0.09916832223131158,0.1,0.1,0.1,0.1,0.1,0.1,0.1,0.1,0.1,0.1,0.001209988542651714,0.0001299987690452255,-0.0008599918567607225,0.003999962124468477,-0.0015999848497873907,0.0010699898682953175,0.0004799954549362172,0.00167998409227676,1.9999810622342383e-05,-0.0011999886373405431
1969-06,2.550994887198253,-0.061215593337276,5.958028180941955e-06,0.005958028180941955,"NoDur,Durbl,Manuf,Enrgy,HiTec,Telcm,Shops,Hlth,Utils,Other",1968-05,1969-04,0.10071348253112158,0.09963878081060375,0.09865363756679571,0.10348979530912601,0.09791726786940386,0.10057416934512853,0.09998706377558637,0.10118117679838398,0.09952932045018062,0.09831530554366973,0.1,0.1,0.1,0.1,0.1,0.1,0.1,0.1,0.1,0.1,-0.007369956089332308,-0.005989964311411197,-0.006919958770444989,-0.00995994065803932,-0.0001599990467154911,-0.003999976167887277,-0.005509967171264724,-0.005039969971537969,-0.005739965800918242,-0.010519937321543538
1969-07,2.392475358415918,-0.06214027694757018,1.0957752748612888e-05,0.010957752748612885,"NoDur,Durbl,Manuf,Enrgy,HiTec,Telcm,Shops,Hlth,Utils,Other",1968-06,1969-05,0.09866956401325111,0.10013954132447088,0.09914890444082278,0.09591069355233867,0.1063496628638993,0.10225929121528778,0.10065083778054731,0.10115148222712217,0.10040584156201068,0.09531418102024948,0.1,0.1,0.1,0.1,0.1,0.1,0.1,0.1,0.1,0.1,-0.0068499249393936725,-0.006969923624463343,-0.005449940280247521,-0.009639894367263506,-0.005429940499402575,-0.004499950690112632,-0.008449907406989275,-0.002729970085334997,-0.0029799673458968095,-0.009129899955717407
1969-08,2.517575042945586,0.05228880794513091,1.0635802403318146e-05,0.010635802403318144,"NoDur,Durbl,Manuf,Enrgy,HiTec,Telcm,Shops,Hlth,Utils,Other",1968-07,1969-06,0.09932080139038459,0.09919285188778829,0.10081354558734153,0.09634597545502041,0.10083487050444091,0.1018264791495623,0.09761480802243382,0.10371373431285785,0.10344717284911555,0.09688976084105473,0.1,0.1,0.1,0.1,0.1,0.1,0.1,0.1,0.1,0.1,0.004949947352778104,0.002729970964259439,0.004189955435987931,0.006619929590988088,0.0070299252303091045,0.0016499824509260345,0.008129913530926462,0.009309900980679625,-0.0012899862798148997,0.008979904490494418
1969-09,2.470765814512809,-0.01859298238753193,1.3228166872564875e-05,0.013228166872564876,"NoDur,Durbl,Manuf,Enrgy,HiTec,Telcm,Shops,Hlth,Utils,Other",1968-08,1969-07,0.09973391618359784,0.09762425163926639,0.09901168868193481,0.10132091608856791,0.10171053881972823,0.09659792834742945,0.10275586809845101,0.1038772213247173,0.0938040482752067,0.10356362254110046,0.1,0.1,0.1,0.1,0.1,0.1,0.1,0.1,0.1,0.1,0.0003299956347049321,-5.999920630998765e-05,-0.002069972617694574,-0.00962987261275302,0.00019999735436662552,-0.00399994708733251,-0.0006599912694098642,0.0020899723531312363,-0.0041499451031074795,-0.0006299916662548704
1969-10,2.616779667717846,0.05909659764085262,1.265435993172382e-05,0.01265435993172382,"NoDur,Durbl,Manuf,Enrgy,HiTec,Telcm,Shops,Hlth,Utils,Other",1968-09,1969-08,0.10222942267326933,0.10183203929000835,0.09978398646858633,0.09208086242383484,0.10209696154551567,0.09781744818732041,0.1012206802388376,0.10402274255670355,0.09766460842452772,0.10125124819139614,0.1,0.1,0.1,0.1,0.1,0.1,0.1,0.1,0.1,0.1,0.008319894715725367,0.0038599511541706636,0.006679915468875657,-0.0010299869660092703,0.005789926731255996,0.0034999557097402396,0.0067099150892448575,0.008979886363847814,0.008299894968812567,0.007999898765120547
1969-11,2.538091651290061,-0.030070554811521655,1.088192209992497e-05,0.010881922099924968,"NoDur,Durbl,Manuf,Enrgy,HiTec,Telcm,Shops,Hlth,Utils,Other",1968-10,1969-09,0.10227455127418304,0.09806346838383172,0.10072608133243952,0.09344638422826713,0.09988575313234697,0.09772356034783924,0.10075440700210556,0.10289771600683593,0.10225566749440569,0.10197241079774529,0.1,0.1,0.1,0.1,0.1,0.1,0.1,0.1,0.1,0.1,-0.0023599743186638444,-0.004479951248988993,-0.0034199627838264186,-0.004559950378435224,-0.0017899805213594413,0.0011599873769703641,-0.004089955492938611,0.000319996517784928,-0.005279942543451313,-0.005559939496513125
1969-12,2.48943780954232,-0.019169458172643705,9.642931205570075e-06,0.009642931205570075,"NoDur,Durbl,Manuf,Enrgy,HiTec,Telcm,Shops,Hlth,Utils,Other",1968-11,1969-10,0.1006660205785925,0.09848031837020847,0.09957316947440048,0.09839783904159022,0.10125368579499763,0.10429511103779616,0.09888240509722253,0.1034290780873044,0.09765552508402582,0.0973668474338619,0.1,0.1,0.1,0.1,0.1,0.1,0.1,0.1,0.1,0.1,-0.0019399812927134612,-0.0034399668283166527,-0.001429986210608376,-0.003009970974777071,-0.000739992864230908,-0.005509946867449057,-0.0029999710712063834,0.004299958535395816,-0.0006299939249533405,-0.0037599637425786664
1970-01,2.3171470659513567,-0.06920869560611309,9.342077904276794e-06,0.009342077904276795,"NoDur,Durbl,Manuf,Enrgy,HiTec,Telcm,Shops,Hlth,Utils,Other",1968-12,1969-11,0.09997553117735819,0.09844622976224461,0.10049549365849682,0.09888462950124384,0.10119897230944905,0.09633579380938788,0.09889482484401126,0.10633742506423066,0.10131112107989072,0.09811997879368704,0.1,0.1,0.1,0.1,0.1,0.1,0.1,0.1,0.1,0.1,-0.004249960296168908,-0.00824992292785729,-0.0072999318028313,-0.01145989293978722,-0.00906991526735341,-0.002569975990859786,-0.006089943106745563,-0.0071199334844053224,-0.004239960389589686,-0.008849917322610548
1970-02,2.458094487857668,0.06082800007708711,1.1311717990212161e-05,0.01131171799021216,"NoDur,Durbl,Manuf,Enrgy,HiTec,Telcm,Shops,Hlth,Utils,Other",1969-01,1969-12,0.10286850021486892,0.09857112161581434,0.0995917490330898,0.09512247529007305,0.09769015900300815,0.10467339922647184,0.10089170605930381,0.09978513107004726,0.10287924366136655,0.09792651482595616,0.1,0.1,0.1,0.1,0.1,0.1,0.1,0.1,0.1,0.1,0.004699946834925446,0.005599936654379254,0.005189941292183631,0.005389939029840032,0.002949966630431929,0.007969909845607618,0.005579936880613615,0.005599936654379254,0.008379905207803243,0.009479892764913452
1970-03,2.451587609125876,-0.0026471231126119488,7.141967406073864e-06,0.007141967406073862,"NoDur,Durbl,Manuf,Enrgy,HiTec,Telcm,Shops,Hlth,Utils,Other",1969-02,1970-01,0.09869537347762151,0.09954375777685609,0.09915727159609367,0.09934580144036802,0.09704573734022097,0.10177783643150712,0.09952490479242865,0.09954375777685609,0.10216432261226953,0.10320123675577844,0.1,0.1,0.1,0.1,0.1,0.1,0.1,0.1,0.1,0.1,-0.0007799944292654233,0.004869965218618733,-0.0002899979288294522,-0.00044999678611466737,-0.0025799815737240924,0.00228998364489464,-0.0017199877158160619,-0.005089963647385904,0.0029099792168748484,-0.0017999871444586695
1970-04,2.198045000630206,-0.10341976258644558,1.0888573869408368e-05,0.010888573869408367,"NoDur,Durbl,Manuf,Enrgy,HiTec,Telcm,Shops,Hlth,Utils,Other",1969-03,1970-02,0.099482634154167,0.10514758963664073,0.09997393117831073,0.09981350766022298,0.09767786957567978,0.10256076040747572,0.09854014598540145,0.09516122563567819,0.10318240154006576,0.09845993422635757,0.1,0.1,0.1,0.1,0.1,0.1,0.1,0.1,0.1,0.1,-0.010139889589860965,-0.008859903527235516,-0.008979902220606654,-0.009169900151777618,-0.014349843748964974,-0.008789904289435687,-0.011119878919058572,-0.01010988991651818,-0.008069912129208875,-0.013819849519909125
1970-05,2.059988776507926,-0.0628086431727729,9.222335438434649e-06,0.00922233543843465,"NoDur,Durbl,Manuf,Enrgy,HiTec,Telcm,Shops,Hlth,Utils,Other",1969-04,1970-03,0.10022418273681392,0.10165181409562898,0.10151797365574008,0.10130605962591598,0.09552861397071125,0.1017298876855642,0.09913115247772114,0.10025764284678615,0.10253293032489767,0.09611974258022062,0.1,0.1,0.1,0.1,0.1,0.1,0.1,0.1,0.1,0.1,-0.007449931293600984,-0.006469940331489714,-0.0075099307402608576,0.0026599754685877343,-0.00955991183447321,-0.0037099657851355243,-0.009469912664483401,-0.007769928342453643,-0.005349950660505406,-0.008169924653519468
1970-06,1.958693734228869,-0.04917261852793753,1.3270926693875875e-05,0.013270926693875872,"NoDur,Durbl,Manuf,Enrgy,HiTec,Telcm,Shops,Hlth,Utils,Other",1969-05,1970-04,0.0987516005121639,0.09979726845924031,0.09868758002560822,0.109539052496799,0.09650021340162188,0.1027422108408024,0.09659624413145541,0.09841015791720019,0.10099231754161332,0.09798335467349553,0.1,0.1,0.1,0.1,0.1,0.1,0.1,0.1,0.1,0.1,-0.001479980359028493,-0.004149944925654221,-0.004819936034133335,-0.0024399676189388667,-0.01172984433202988,-0.00848988732983237,-0.003979947181711759,-0.0005099932318273862,-0.004709937493935273,-0.0068499090941521465
1970-07,2.109564155705887,0.077026039773602,1.2961660103675254e-05,0.012961660103675254,"NoDur,Durbl,Manuf,Enrgy,HiTec,Telcm,Shops,Hlth,Utils,Other",1969-06,1970-05,0.1036136468806529,0.10080560346640864,0.10010096335871439,0.10260401329350889,0.09283370493458415,0.09624121829119515,0.1009843927474654,0.10463379748432963,0.10021665054057464,0.09796600900256615,0.1,0.1,0.1,0.1,0.1,0.1,0.1,0.1,0.1,0.1,0.006679913416110507,0.0105998626064029,0.005109933765916871,0.012759834609217077,0.0023399696697153573,0.010259867013367336,0.010379865457968124,0.0021599720028141764,0.008709887103940498,0.008039895788252765
1970-08,2.211573943113217,0.04835585925719155,1.3488313103760782e-05,0.013488313103760783,"NoDur,Durbl,Manuf,Enrgy,HiTec,Telcm,Shops,Hlth,Utils,Other",1969-07,1970-06,0.09904924608185396,0.10268885092475674,0.09759154720344648,0.10469434747084602,0.0950196835772116,0.10237317091287232,0.10248458738765505,0.0948525588650375,0.10093404144692862,0.10031196612939167,0.1,0.1,0.1,0.1,0.1,0.1,0.1,0.1,0.1,0.1,0.0014599803070628687,0.008279888316767502,0.0046499372793440685,0.006589911112016647,0.008029891688845776,0.002439967088516027,0.005309928377057419,0.0018199754512701514,0.004689936739811544,0.005099931209603171
1970-09,2.3171121991254684,0.04772088057055246,8.70398809580587e-06,0.008703988095805868,"NoDur,Durbl,Manuf,Enrgy,HiTec,Telcm,Shops,Hlth,Utils,Other",1969-08,1970-07,0.09677880900826999,0.10328414586453258,0.09982162786039281,0.10167211957610386,0.10304568043725022,0.09771359348321682,0.10045117658841822,0.09712219922355658,0.09985978232875799,0.10025086562950104,0.1,0.1,0.1,0.1,0.1,0.1,0.1,0.1,0.1,0.1,0.005519951953985711,0.002689976586272022,0.00396996544516726,0.003199972147238094,0.010179911393401185,-0.0008799923404904758,0.007949930803294638,0.008029930106975591,-0.0005199954739261902,0.007589933936730352
1970-10,2.277595118788077,-0.017054452672730314,1.4703215523083246e-05,0.014703215523083242,"NoDur,Durbl,Manuf,Enrgy,HiTec,Telcm,Shops,Hlth,Utils,Other",1969-09,1970-08,0.10071296994454679,0.09801189237685282,0.09923358117072147,0.09849865900565985,0.10516068070972483,0.09460452597520354,0.1030322697641568,0.10310862531377359,0.09494812594847908,0.10268866979088123,0.1,0.1,0.1,0.1,0.1,0.1,0.1,0.1,0.1,0.1,0.0006999897077491337,-0.001999970593568954,-0.0031499536848711026,0.0029499566255142074,-0.00347994883280998,-0.003749944862941788,-0.001689975151565766,9.99985296784477e-05,-0.0008299877963311159,-0.005889913398060569
1970-11,2.400606995199774,0.05400954515443135,9.91902010254741e-06,0.009919020102547409,"NoDur,Durbl,Manuf,Enrgy,HiTec,Telcm,Shops,Hlth,Utils,Other",1969-10,1970-09,0.10244567428989987,0.0996988687230406,0.09852893301863756,0.10473467892894928,0.09819321233824366,0.09791853178155774,0.10001424269553184,0.10183527305282004,0.10088915113534629,0.09574143403597296,0.1,0.1,0.1,0.1,0.1,0.1,0.1,0.1,0.1,0.1,0.004729953083034915,0.006979930765239684,0.003919961117441197,0.004949950900850492,0.004059959728778383,0.006159938898836168,0.0068799317571416945,0.003079969449418084,0.009409906662020835,0.003849961811772605
1970-12,2.548225416490046,0.06149212327775766,7.4203695169087496e-06,0.00742036951690875,"NoDur,Durbl,Manuf,Enrgy,HiTec,Telcm,Shops,Hlth,Utils,Other",1969-11,1970-10,0.09936244094039963,0.10149712529174021,0.09859395457391702,0.09957116563253071,0.09872677937800044,0.10071915143925164,0.10140225043168062,0.09779700574941654,0.10380258439118804,0.0985275421718753,0.1,0.1,0.1,0.1,0.1,0.1,0.1,0.1,0.1,0.1,0.007499944347228622,0.006169954216320081,0.00800994056284017,0.0022499833041685867,0.004399967350374126,0.0068499491704688085,0.005409959855800913,0.005359960226819389,0.007179946721746869,0.008369937891507142
1971-01,2.6858114201768646,0.0539928700171004,6.764689657849442e-06,0.006764689657849442,"NoDur,Durbl,Manuf,Enrgy,HiTec,Telcm,Shops,Hlth,Utils,Other",1969-12,1970-11,0.10127178520960906,0.10001884126236457,0.1017522373999058,0.09632595383890721,0.0983513895430994,0.10065944418276025,0.09930287329251061,0.09925577013659916,0.10097032501177579,0.10209138012246821,0.1,0.1,0.1,0.1,0.1,0.1,0.1,0.1,0.1,0.1,0.004819967394195849,0.0038699738206510238,0.005909960020684122,0.0003299977676524129,0.005389963538322743,0.009769933908982042,0.008289943920722735,0.004879966988314469,0.0029299801794593025,0.0078099471677737725
1971-02,2.724326503678288,0.014340203936912044,9.657478274942897e-06,0.009657478274942895,"NoDur,Durbl,Manuf,Enrgy,HiTec,Telcm,Shops,Hlth,Utils,Other",1970-01,1970-12,0.099449715370019,0.09854838709677421,0.10048387096774195,0.09518975332068312,0.09999051233396586,0.104146110056926,0.10274193548387098,0.09950664136622393,0.09765654648956358,0.1022865275142315,0.1,0.1,0.1,0.1,0.1,0.1,0.1,0.1,0.1,0.1,0.003769963591306904,0.0022399783672486647,0.0012399880247269393,0.004809953547529498,0.0027999729590608303,-0.005289948911939927,0.00363996484677908,0.001389986576105198,-0.002599974890556486,0.002349977304926054
1971-03,2.839779905094088,0.042378694792976956,1.0845467649244343e-05,0.010845467649244342,"NoDur,Durbl,Manuf,Enrgy,HiTec,Telcm,Shops,Hlth,Utils,Other",1970-02,1971-01,0.10230196677675359,0.10079361167249963,0.09980775866318331,0.10332725390644255,0.10134568935771676,0.09337013851234781,0.10217380588554247,0.09995563661458078,0.09602208310740869,0.10090205550352442,0.1,0.1,0.1,0.1,0.1,0.1,0.1,0.1,0.1,0.1,0.004449951737668962,0.0034399626915912864,0.004079955750491991,0.002759970066509288,0.008049912693985424,0.000709992299717969,0.006809926142365308,0.003669960197133727,0.0024099738624229652,0.006009934818739428
1971-04,2.9316516617996875,0.03235171730766773,8.023065919311997e-06,0.008023065919311996,"NoDur,Durbl,Manuf,Enrgy,HiTec,Telcm,Shops,Hlth,Utils,Other",1970-03,1971-02,0.10020241943994092,0.09923349226297262,0.0998474659196654,0.09858114525273651,0.10365602125883788,0.09661451088364241,0.1024664472989956,0.09945413904584657,0.09824537840923264,0.1016989802281296,0.1,0.1,0.1,0.1,0.1,0.1,0.1,0.1,0.1,0.1,0.002129982910869592,0.008489931884170345,0.004279965661277866,0.004309965420585888,0.0023099814667177265,0.0008099935013166056,0.004969960125362381,0.004249965901969844,-0.003549971518115986,0.004359965019432592
1971-05,2.8205992892636256,-0.037880480134494854,1.089263872336319e-05,0.01089263872336319,"NoDur,Durbl,Manuf,Enrgy,HiTec,Telcm,Shops,Hlth,Utils,Other",1970-04,1971-03,0.09892866829400597,0.10508930993064433,0.10101127513658024,0.10104033476694176,0.09910302607617497,0.09765004455809989,0.10167964663489479,0.10098221550621875,0.09342671161222829,0.10108876748421092,0.1,0.1,0.1,0.1,0.1,0.1,0.1,0.1,0.1,0.1,-0.0030099672131574423,-0.0042799533795062645,-0.002259975382636485,-0.004769948042113289,-0.006179932683492689,-0.005159943793984188,-0.0017899805021766853,-0.002109977016532293,-0.0037099595883103363,-0.004599949893861872
1971-06,2.8347690634438503,0.005023675016214035,6.2933283444025396e-06,0.0062933283444025385,"NoDur,Durbl,Manuf,Enrgy,HiTec,Telcm,Shops,Hlth,Utils,Other",1970-05,1971-04,0.10080758317483084,0.09948759523141364,0.10158710361385676,0.09897830854458337,0.09751281011921464,0.0985729579162899,0.10207560308897966,0.10174300770166193,0.10008003076507332,0.0991549998440959,0.1,0.1,0.1,0.1,0.1,0.1,0.1,0.1,0.1,0.1,-0.00014999905600074833,-0.0006599958464032926,0.0003699976714685126,0.0010299935178718052,-0.002179986280544209,0.0010399934549385217,0.00029999811200149667,0.0020199872874767442,0.004319972812821551,-0.0010599933290719548
1971-07,2.7253296298277263,-0.038606119640366865,6.365342590742149e-06,0.0063653425907421474,"NoDur,Durbl,Manuf,Enrgy,HiTec,Telcm,Shops,Hlth,Utils,Other",1970-06,1971-05,0.09935026815119946,0.09884282061232003,0.09986766564182163,0.10052436245684207,0.09733042794742446,0.1005343124085848,0.0997980159796225,0.10150940767937275,0.10379789658020157,0.09844482254261067,0.1,0.1,0.1,0.1,0.1,0.1,0.1,0.1,0.1,0.1,-0.002139986378166856,-0.005559964608695195,-0.0048799689371281565,-0.002139986378166856,-0.008579945385360572,-0.0036099770211132473,-0.0034499780395680617,-0.0022499856779791706,-0.002139986378166856,-0.003849975493431025
1971-08,2.829905876636839,0.03837196266630061,7.740262427355458e-06,0.007740262427355457,"NoDur,Durbl,Manuf,Enrgy,HiTec,Telcm,Shops,Hlth,Utils,Other",1970-07,1971-06,0.10178905762429791,0.09823174537133347,0.09893904722280009,0.10178905762429791,0.09509049303099648,0.10026003744539215,0.10042646141044312,0.10167464114832536,0.10178905762429791,0.10001040149781569,0.1,0.1,0.1,0.1,0.1,0.1,0.1,0.1,0.1,0.1,0.0030999760051864753,0.01059991795321827,0.006389950539723089,-0.0012199905568798387,0.005669956112712037,-0.00033999736831077476,0.006199952010372951,0.0032799746119392377,-0.0023299819651885446,0.007029945585955136
1971-09,2.8186258183392856,-0.003986018895779986,1.6082744274735653e-05,0.01608274427473565,"NoDur,Durbl,Manuf,Enrgy,HiTec,Telcm,Shops,Hlth,Utils,Other",1970-08,1971-07,0.0992892775284578,0.10651206687339895,0.10245767445443865,0.09512895086577168,0.1017642866773243,0.09597642481557812,0.1022746971243668,0.09946262447273638,0.0940599780427204,0.10307401914520696,0.1,0.1,0.1,0.1,0.1,0.1,0.1,0.1,0.1,0.1,-6.999887420790079e-05,-6.999887420790079e-05,-0.00031999485352183214,-0.0016399736242993892,-0.0015499750717463741,0.00022999630096881682,0.0007299882595966795,0.0006599893853887788,-0.0015099757150561454,-0.0004299930844199619
1971-10,2.7226137400287724,-0.03406343533994971,3.556473434960348e-06,0.003556473434960348,"NoDur,Durbl,Manuf,Enrgy,HiTec,Telcm,Shops,Hlth,Utils,Other",1970-09,1971-08,0.1003283033643565,0.1003283033643565,0.10007730690842646,0.09875204562111582,0.09884240434525064,0.10062949911147255,0.10113149202333264,0.10106121301567222,0.09888256377819947,0.09996686846781724,0.1,0.1,0.1,0.1,0.1,0.1,0.1,0.1,0.1,0.1,-0.004329984600470026,-0.005209981470773404,-0.006039978518900453,-0.004289984742728964,-0.004349984529340558,-0.0017399938117362232,-0.0034499877301666496,-0.0024999911088164125,0.0020499927092294578,-0.0041999850628115735
1971-11,2.7244424786652033,0.0006716849362595756,8.30941333939561e-06,0.008309413339395609,"NoDur,Durbl,Manuf,Enrgy,HiTec,Telcm,Shops,Hlth,Utils,Other",1970-10,1971-09,0.09904341884589105,0.09813238917531109,0.0972731225541959,0.09908482928546286,0.09902271362610515,0.10172474480816614,0.099954448516471,0.10093794645630162,0.10564838395759571,0.09917800277449945,0.1,0.1,0.1,0.1,0.1,0.1,0.1,0.1,0.1,0.1,-0.00033999717479946465,0.00032999725789359803,-0.0009799918567749274,5.999950143519963e-05,0.0017699852923383891,0.0003899967593287977,0.00023999800574079852,0.0005899950974461298,-0.0011999900287039927,-0.0001799985043055989
1971-12,2.9651653858654425,0.08835675889115402,2.9779749770156484e-06,0.0029779749770156476,"NoDur,Durbl,Manuf,Enrgy,HiTec,Telcm,Shops,Hlth,Utils,Other",1970-11,1971-10,0.09959227725146899,0.10026182196106646,0.0989527121557341,0.09999200543630331,0.10170084342647,0.10032178118879162,0.10017188311947875,0.10052164528120877,0.09873286165407522,0.09975216852540271,0.1,0.1,0.1,0.1,0.1,0.1,0.1,0.1,0.1,0.1,0.010539968612143742,0.00613998171523364,0.009869970607386976,0.008839973674701202,0.011269966438222008,0.007369978052324419,0.010169969713994484,0.007909976444217932,0.008109975848622934,0.008139975759283687
1972-01,3.0376751613117765,0.024453872216362305,5.981476717262658e-06,0.005981476717262658,"NoDur,Durbl,Manuf,Enrgy,HiTec,Telcm,Shops,Hlth,Utils,Other",1970-12,1971-11,0.1015656584218457,0.09752287845933331,0.1009500532911904,0.10000367525451137,0.10223639237017162,0.0986530192215811,0.10122569737954354,0.0991491785806167,0.09933294130618545,0.09936050571502077,0.1,0.1,0.1,0.1,0.1,0.1,0.1,0.1,0.1,0.1,0.002499985046308207,0.0032299806798302033,0.0032199807396449706,0.00015999904296372524,0.00834995005466941,0.0009399943774118857,0.00042999742796501157,0.0025999844481605352,-0.00029999820555698484,0.003329980081682532
1972-02,3.1217319412250313,0.02767141825558328,8.350599814095758e-06,0.008350599814095755,"NoDur,Durbl,Manuf,Enrgy,HiTec,Telcm,Shops,Hlth,Utils,Other",1971-01,1971-12,0.10005271069636686,0.10076528122132636,0.10075551998125842,0.09776858052046933,0.10576303613611074,0.0985299572457685,0.09803213400230365,0.10015032309704625,0.09731956347734416,0.10086289362200575,0.1,0.1,0.1,0.1,0.1,0.1,0.1,0.1,0.1,0.1,0.004649961169710866,0.0008399929854961563,0.004989958330506928,0.002609978204934486,0.0018899842173663516,0.00015999866390402977,0.005659952735605054,0.007129940460223327,-0.0024999791235004653,0.0022499812111504186
1972-03,3.1426440328913343,0.006698874874598193,1.1050973370668568e-05,0.01105097337066857,"NoDur,Durbl,Manuf,Enrgy,HiTec,Telcm,Shops,Hlth,Utils,Other",1971-02,1972-01,0.10183130935699827,0.09812392962789972,0.10216215164253463,0.09984625564378016,0.09914564845087964,0.09746224505682702,0.10281410555815039,0.10424451191032226,0.09487389070527791,0.0994959520473299,0.1,0.1,0.1,0.1,0.1,0.1,0.1,0.1,0.1,0.1,7.999911592213035e-05,0.004229953254382643,0.0024899724830763077,-0.005459939661685397,0.0010999878439292925,-0.0003199964636885214,0.0019799781190727264,0.0004599949165522496,-0.0001599982318442607,0.002309974472251514
1972-04,3.1485248218307893,0.0018712870047978836,8.696645508637043e-06,0.008696645508637043,"NoDur,Durbl,Manuf,Enrgy,HiTec,Telcm,Shops,Hlth,Utils,Other",1971-03,1972-02,0.09941293917811483,0.10353527828272292,0.10180687586295954,0.09390986480714407,0.10042614059659684,0.09901560528851407,0.10130027515371855,0.0997904063732356,0.09917453884435438,0.10162807561263919,0.1,0.1,0.1,0.1,0.1,0.1,0.1,0.1,0.1,0.1,0.0018999834763735338,-0.0005299953907778806,0.001969982867608348,-0.0006899939993145991,0.0007599933905494136,-0.0010499908685222162,-0.0005599951298785154,0.001079990607622851,-0.002819975475459666,0.0018199841721051745
1972-05,3.1938740562404497,0.014403327582245717,6.5776340479897824e-06,0.006577634047989781,"NoDur,Durbl,Manuf,Enrgy,HiTec,Telcm,Shops,Hlth,Utils,Other",1971-04,1972-03,0.10170878747953849,0.09928334730706274,0.10177865612648222,0.09912364754261989,0.10057092665788318,0.09876432307262348,0.09925340360122971,0.1008903261867689,0.09699764442847447,0.10162893759731707,0.1,0.1,0.1,0.1,0.1,0.1,0.1,0.1,0.1,0.1,0.00040999730317004034,-0.0010199932908132713,0.0018999875024953092,0.003689975728530364,0.0037399753996486614,0.0011699923041681639,0.0017899882260350541,0.0035199768467281518,-0.00017999881602587137,-0.0006099959876432308
1972-06,3.1291432330018805,-0.02026718089027113,7.329383582575102e-06,0.007329383582575102,"NoDur,Durbl,Manuf,Enrgy,HiTec,Telcm,Shops,Hlth,Utils,Other",1971-05,1972-04,0.09898364566595359,0.09757395924724716,0.10045247976656381,0.10221705227669285,0.10226634201161265,0.09973284963673465,0.10034404234974023,0.10204946717796551,0.0984020267938999,0.09797813507358956,0.1,0.1,0.1,0.1,0.1,0.1,0.1,0.1,0.1,0.1,-0.00114999157120888,-0.002889978818081447,-0.002249983508886939,-0.0009199932569671041,-0.0025299814566595363,-0.0027499798441951483,-0.004219969070001281,0.002509981603247208,-0.0015499886394554471,-0.004509966944480043
1972-07,3.114069825927305,-0.004817103581453819,7.137914824272801e-06,0.007137914824272801,"NoDur,Durbl,Manuf,Enrgy,HiTec,Telcm,Shops,Hlth,Utils,Other",1971-06,1972-05,0.10089411476514176,0.09911813338232593,0.09977136791393636,0.10112887092493927,0.09948557780635679,0.0992610284361157,0.097760630371323,0.10462979974278891,0.10048584318288527,0.09746463347418703,0.1,0.1,0.1,0.1,0.1,0.1,0.1,0.1,0.1,0.1,-0.001579988722094578,-0.002129984796241425,0.0004799965738008844,-0.0010499925051894348,0.0009599931476017688,0.000749994646563882,-0.0024599824407295326,0.003129977658326601,3.999971448340704e-05,-0.002949978943151269
1972-08,3.228050735094729,0.03660191181920047,7.802530170118279e-06,0.007802530170118278,"NoDur,Durbl,Manuf,Enrgy,HiTec,Telcm,Shops,Hlth,Utils,Other",1971-07,1972-06,0.09889568826053317,0.0983430299741758,0.10096564475125354,0.0994282498819321,0.10144796471025634,0.10123694972819261,0.09801143500236137,0.10362845285824819,0.10052351812216763,0.09751906671087933,0.1,0.1,0.1,0.1,0.1,0.1,0.1,0.1,0.1,0.1,-0.00010999914172168131,0.003779970506435958,0.0022899821322059106,0.012449902858499383,0.0028499777627890156,0.005149959816969626,-0.0004299966449120269,0.0010399918853686231,0.005969953418894885,0.003619971754840785
1972-09,3.2142275642841662,-0.004282203702773324,1.2256036047353685e-05,0.012256036047353685,"NoDur,Durbl,Manuf,Enrgy,HiTec,Telcm,Shops,Hlth,Utils,Other",1971-08,1972-07,0.09636218056935589,0.1001147972718766,0.09867741966602675,0.10847859850860016,0.09921764212191662,0.10143641292289289,0.0960534820231331,0.097471565969844,0.10222745294758878,0.09996044799876522,0.1,0.1,0.1,0.1,0.1,0.1,0.1,0.1,0.1,0.1,-0.0026199678891855563,-0.0008899890921279179,-0.0012199850476360223,-0.00023999705855134862,-0.0011499859055585455,0.0043099471764846365,-0.0004999938719819763,-0.0004399946073441392,0.00019999754879279055,-0.0017199789196179988
1972-10,3.24972666580058,0.011044364721052302,5.573689676916034e-06,0.0055736896769160325,"NoDur,Durbl,Manuf,Enrgy,HiTec,Telcm,Shops,Hlth,Utils,Other",1971-09,1972-08,0.09779759573378326,0.0995350145119661,0.09920359936930695,0.10018780191417352,0.09927389955108312,0.1047573137296255,0.09992668695329054,0.09998694425195585,0.10062968877105238,0.09870145521376278,0.1,0.1,0.1,0.1,0.1,0.1,0.1,0.1,0.1,0.1,-9.999944263103232e-06,-0.0024399864001971886,0.0011399936459937684,0.003099982721562002,-0.0033399813838764793,0.002299987180513743,0.0008899950394161876,0.001509991583728588,0.006769962266120887,0.001129993701730665
1972-11,3.418030995760709,0.05179030339115198,9.219061464031785e-06,0.009219061464031784,"NoDur,Durbl,Manuf,Enrgy,HiTec,Telcm,Shops,Hlth,Utils,Other",1971-10,1972-09,0.098897186093665,0.09649374412739231,0.10003461747688047,0.10197319618218684,0.0956035804361802,0.10118193956777607,0.0997873497848771,0.10040057366104545,0.1056030859007962,0.10002472676920034,0.1,0.1,0.1,0.1,0.1,0.1,0.1,0.1,0.1,0.1,0.006879936572857128,0.007939926800651975,0.004199961279941851,0.0061999428418189236,0.002529976675774496,0.007059934913426064,0.006009944593440601,-0.0005599948373255803,0.00639994099800663,0.005139952614024074
1972-12,3.4548122775050496,0.010760956173293756,8.94746253480643e-06,0.00894746253480643,"NoDur,Durbl,Manuf,Enrgy,HiTec,Telcm,Shops,Hlth,Utils,Other",1971-11,1972-10,0.1016162768587184,0.10262407301768398,0.09906826392850354,0.10096976611523104,0.09748050960258606,0.10178741205552388,0.10078912340749192,0.09454268872409205,0.1011599163339038,0.09996196995626547,0.1,0.1,0.1,0.1,0.1,0.1,0.1,0.1,0.1,0.1,0.0005299952578448566,0.0016399853261614427,0.000919991768334468,0.0010499906051643386,0.0019799822840241813,0.0014499870261793246,0.001729984520889815,0.0037399665364901205,-0.0015399862209076966,-0.0007299934683523497
1973-01,3.360513311503935,-0.027294960891251052,5.1000722221672635e-06,0.0051000722221672635,"NoDur,Durbl,Manuf,Enrgy,HiTec,Telcm,Shops,Hlth,Utils,Other",1971-12,1972-11,0.0994588284179388,0.10055700109817267,0.09984467287315611,0.09997328769156187,0.10089337831554161,0.10036902559434886,0.10064604212629975,0.10263462508780434,0.09741088477101616,0.0982122540241598,0.1,0.1,0.1,0.1,0.1,0.1,0.1,0.1,0.1,0.1,-0.004759975723656223,-0.0066999658295161125,-0.003699981129732779,0.005029974346636724,0.001959990003858445,-0.002119989187846889,-0.004089979140704612,-0.0011899939309140558,-0.0042699782226916115,-0.007449962004461946
1973-02,3.216903915686908,-0.04273436302883071,1.5003999697695533e-05,0.015003999697695534,"NoDur,Durbl,Manuf,Enrgy,HiTec,Telcm,Shops,Hlth,Utils,Other",1972-01,1972-12,0.0979120189984682,0.09591759106002816,0.09900175797514162,0.10797668369812174,0.10482055288832232,0.10062608588376803,0.09860081627617687,0.1015821776274532,0.09841576626127005,0.0951465493312498,0.1,0.1,0.1,0.1,0.1,0.1,0.1,0.1,0.1,0.1,-0.0043699344325213215,-0.005859912076561773,-0.0022699659409206865,-0.007379889270482232,-0.002999954988000907,-0.004639930381441402,-0.00644990322420195,-0.0007099893471602147,-0.0019799702920805986,-0.006059909075761832
1973-03,3.18821090384073,-0.008919449445244365,9.53439671911132e-06,0.009534396719111316,"NoDur,Durbl,Manuf,Enrgy,HiTec,Telcm,Shops,Hlth,Utils,Other",1972-02,1973-01,0.09989762660872474,0.09834113321076385,0.10209134213605217,0.09675330101955541,0.1013287648336955,0.09961557746949692,0.09772480361022899,0.10372095938492398,0.10239428380411167,0.09813220792244695,0.1,0.1,0.1,0.1,0.1,0.1,0.1,0.1,0.1,0.1,-0.000999990465603281,-0.002819973113001252,-0.00019999809312065618,0.0030499709200900067,-0.001199988558723937,0.0005299949467697389,-0.005639946226002504,0.0007799925631705592,-0.002149979501047054,-0.00025999752105685303
1973-04,3.044843273016933,-0.044968051094451456,8.430112300598332e-06,0.008430112300598331,"NoDur,Durbl,Manuf,Enrgy,HiTec,Telcm,Shops,Hlth,Utils,Other",1972-03,1973-02,0.09989002007890303,0.0980536580936141,0.10069721216034871,0.1039764299912218,0.09968822205854161,0.10143377493466789,0.09520830600651807,0.10168602246011965,0.09872968146182487,0.10063667275424029,0.1,0.1,0.1,0.1,0.1,0.1,0.1,0.1,0.1,0.1,-0.0062499473117981225,-0.005189956247717161,-0.004399962907505879,-0.0009799917384899456,-0.0066599438554520805,0.0008799925815011757,-0.008519928175443201,-0.005489953718683471,-0.0005999949419326198,-0.007749934666629672
1973-05,2.982901371823768,-0.02034321495036784,1.3489185509326444e-05,0.013489185509326443,"NoDur,Durbl,Manuf,Enrgy,HiTec,Telcm,Shops,Hlth,Utils,Other",1972-04,1973-03,0.09816342770983415,0.09927332886580667,0.10010051934997488,0.10368152119282963,0.09773412631931647,0.10562908359859273,0.09578656391355336,0.0989592058971352,0.10407941028648016,0.0965928128664768,0.1,0.1,0.1,0.1,0.1,0.1,0.1,0.1,0.1,0.1,-0.002129971268034865,-0.0042299429407452955,-0.0011499844874366643,-0.0035599519784995865,-0.0026099647932258207,-0.0008399886690841721,-0.0022299699191163144,0.00105998570146336,0.0003499952787850717,-0.004989932688964308
1973-06,2.94231123381179,-0.013607603119361822,7.707947447112243e-06,0.007707947447112243,"NoDur,Durbl,Manuf,Enrgy,HiTec,Telcm,Shops,Hlth,Utils,Other",1972-05,1973-04,0.0999009870670736,0.09775740810681147,0.10090132391519593,0.09844131187032368,0.09941102616187084,0.10121775699980605,0.0997989118784897,0.10315718558290035,0.1024324517439546,0.09698163667357375,0.1,0.1,0.1,0.1,0.1,0.1,0.1,0.1,0.1,0.1,-0.003439973484660782,-0.002539980421813484,-0.0003499973022183935,0.001589987744363559,-5.9999537523153164e-05,-0.00031999753345681695,-0.005759955602222704,9.99992292052553e-06,-0.002499980730131382,-0.00022999822717208716
1973-07,3.0935478527741136,0.05140061908623972,8.922222311444436e-06,0.008922222311444437,"NoDur,Durbl,Manuf,Enrgy,HiTec,Telcm,Shops,Hlth,Utils,Other",1972-06,1973-05,0.09789132197891323,0.0988037307380373,0.10102392538523924,0.10299067315490673,0.10131792376317923,0.10105433901054339,0.09553933495539335,0.10138888888888889,0.09884428223844283,0.1011455798864558,0.1,0.1,0.1,0.1,0.1,0.1,0.1,0.1,0.1,0.1,0.007429933707888225,0.007259935224666019,0.006649940667221629,0.00029999732333330656,0.004949955834999559,-0.00031999714488886033,0.011139900606443452,0.00686993870433272,-0.0023999785866664525,0.009529914971221371
1973-08,2.983459176751409,-0.03558654375557291,1.7153920526110652e-05,0.01715392052611065,"NoDur,Durbl,Manuf,Enrgy,HiTec,Telcm,Shops,Hlth,Utils,Other",1972-07,1973-06,0.10217707649727507,0.1020153888587706,0.10143521556766626,0.09539570671764581,0.09981833918262142,0.09480602238898239,0.10570567143169647,0.10164445839396619,0.09282772657669223,0.10417439438468341,0.1,0.1,0.1,0.1,0.1,0.1,0.1,0.1,0.1,0.1,-0.003309943220523059,-0.003939932413553128,-0.001459974955276032,-0.003819934472023591,-0.0036999365304940545,-0.0038899332712491546,-0.0041499288112298175,-0.006899881637948371,-0.0020999639767668955,-0.0022999605459827904
1973-09,3.148726303059943,0.05539446545686877,5.244024191050621e-06,0.0052440241910506205,"NoDur,Durbl,Manuf,Enrgy,HiTec,Telcm,Shops,Hlth,Utils,Other",1972-08,1973-07,0.10025610982652967,0.09960287423659571,0.10217434132078015,0.0997273000632498,0.09985172588990389,0.09965471833103492,0.09938512903995106,0.09653370384579493,0.10151073691195837,0.10130336053420157,0.1,0.1,0.1,0.1,0.1,0.1,0.1,0.1,0.1,0.1,0.005899969060257273,0.007819958991730826,0.004559976087249688,0.009209951702537203,-0.0028299851594115392,0.007639959935655181,0.0071699624003465495,0.0007799959096611312,0.00790995851976865,0.007239962033264858
1973-10,3.120723882570286,-0.008893253269566137,1.3372013041986826e-05,0.013372013041986826,"NoDur,Durbl,Manuf,Enrgy,HiTec,Telcm,Shops,Hlth,Utils,Other",1972-09,1973-08,0.10034110289937465,0.1021603183627061,0.0990714421072579,0.10347735455751375,0.09206935758953952,0.10198976691301875,0.10154443812772408,0.09548986166382416,0.10224559408754975,0.10161076369149138,0.1,0.1,0.1,0.1,0.1,0.1,0.1,0.1,0.1,0.1,-0.0022499699129706558,-0.0043499418317432675,0.0004499939825941312,0.005169930866692573,0.0038999478491491364,-0.005559925651607487,-0.0036499511921523967,0.0018299755292161333,-0.003409954401435527,-0.0010099864942668276
1973-11,2.750252609756897,-0.11871324947475392,1.5034011975346183e-05,0.015034011975346184,"NoDur,Durbl,Manuf,Enrgy,HiTec,Telcm,Shops,Hlth,Utils,Other",1972-10,1973-09,0.09862579707805312,0.09650698200016143,0.10134998789248527,0.10611227701993704,0.10483089837759305,0.09528614093147147,0.097213253692792,0.10274235208652838,0.09745540398740818,0.09987690693357011,0.1,0.1,0.1,0.1,0.1,0.1,0.1,0.1,0.1,0.1,-0.014319784712948513,-0.016309754795264683,-0.014269785464649113,-0.006219906488445514,-0.011449827860562882,-0.004329934902728147,-0.018899715857173663,-0.007759883336067072,-0.011639825004100608,-0.013499797040838334
1973-12,2.7656802004273633,0.005609517691478549,2.036763871553387e-05,0.02036763871553387,"NoDur,Durbl,Manuf,Enrgy,HiTec,Telcm,Shops,Hlth,Utils,Other",1972-11,1973-10,0.09722001588562353,0.09496198797231364,0.09727675025530466,0.10641098377397026,0.10047656870532169,0.10855554294791785,0.09202314762282993,0.10466356518779078,0.1002609781005333,0.09815045954839442,0.1,0.1,0.1,0.1,0.1,0.1,0.1,0.1,0.1,0.1,-0.001569968022807217,-0.003759923417678429,0.001289973725746057,0.008629824227277885,-0.004319912011800749,0.0041699150669465565,-0.00020999572279586972,-0.004479908752978555,0.003429930138999206,0.002449950099285147
1974-01,2.806038919238758,0.014592691810556557,1.7058958066087922e-05,0.01705895806608792,"NoDur,Durbl,Manuf,Enrgy,HiTec,Telcm,Shops,Hlth,Utils,Other",1972-12,1973-11,0.09787894155902271,0.09570120223143702,0.10072292990463691,0.10802183705736702,0.09514433738054752,0.10358680628064,0.0992313276254686,0.09498523313743623,0.1028509491562503,0.1018764356671937,0.1,0.1,0.1,0.1,0.1,0.1,0.1,0.1,0.1,0.1,0.002359959740858964,0.006099895940355798,0.00040999300582719294,-0.007459872740172827,0.0012499786763024174,0.002089964346777642,0.006689885875570539,-0.002559956329067351,0.0045499223817408,0.001179979870429482
1974-02,2.8131822161236055,0.0025456870308788737,1.4276421482145857e-05,0.014276421482145855,"NoDur,Durbl,Manuf,Enrgy,HiTec,Telcm,Shops,Hlth,Utils,Other",1973-01,1973-12,0.10088605474024503,0.10457220015572487,0.09896413400222748,0.09120745902366427,0.09979203832014272,0.10061994263805799,0.10515370437902248,0.09603690087816995,0.10304451956909554,0.0997230462936498,0.1,0.1,0.1,0.1,0.1,0.1,0.1,0.1,0.1,0.1,0.0001499978585367777,-0.0010699847242290144,2.9999571707355534e-05,-0.0015499778715467028,-0.0005999914341471108,0.0047099327580548194,0.0008099884360985997,-0.0012199825827657917,0.0002899958598377702,0.001009985580814303
1974-03,2.749785325232729,-0.022535650384650108,5.780622065466634e-06,0.005780622065466634,"NoDur,Durbl,Manuf,Enrgy,HiTec,Telcm,Shops,Hlth,Utils,Other",1973-02,1974-01,0.09989427066709225,0.09867738589211618,0.09977457708266836,0.09819861155442068,0.09914618576444303,0.10444262687519949,0.10055258538142356,0.09852776891158634,0.10003391318225344,0.10075207468879668,0.1,0.1,0.1,0.1,0.1,0.1,0.1,0.1,0.1,0.1,-0.001899989016818076,-9.999942193779348e-05,-0.000779995491114789,-0.003239981270784509,-0.0027299842189017617,-0.004579973524750941,-0.003119981964459156,0.001209993005447301,-0.0036599788429232407,-0.0036299790163419033
1974-04,2.6203879771134417,-0.047057254590714526,7.612771618988384e-06,0.007612771618988382,"NoDur,Durbl,Manuf,Enrgy,HiTec,Telcm,Shops,Hlth,Utils,Other",1973-03,1974-02,0.10036113640316326,0.1022026251445057,0.10150695161999856,0.09899025034016389,0.09951200548354423,0.0976193642771645,0.09911301625625338,0.1035428197284827,0.09856056963385064,0.098591261112873,0.1,0.1,0.1,0.1,0.1,0.1,0.1,0.1,0.1,0.1,-0.0036699720611281577,-0.004069969016019511,-0.002039984469945897,-0.006309951963411083,-0.0036399722895113073,-0.005319959500054987,-0.0019599850789676263,-0.0014799887330980037,-0.012229906895803099,-0.006329951811155651
1974-05,2.5399903688954066,-0.030681566592516307,1.1932564262250274e-05,0.011932564262250273,"NoDur,Durbl,Manuf,Enrgy,HiTec,Telcm,Shops,Hlth,Utils,Other",1973-04,1974-03,0.10108610105461989,0.10066635185476679,0.10279657904402122,0.09831575633558949,0.10111758224460886,0.0993546356052259,0.10288052888399182,0.10338422792381553,0.0921034681777638,0.09829476887559684,0.1,0.1,0.1,0.1,0.1,0.1,0.1,0.1,0.1,0.1,-0.002909965276237997,0.00043999474967172463,-0.0025399696912867735,-0.007539910028465462,-0.004219949644578813,-0.0015499815045253934,0.0011899858002485278,-0.00011999856809228853,-0.004929941172458187,-0.008489898692529413
1974-06,2.482223319505617,-0.022743019067002046,1.3321873179549692e-05,0.01332187317954969,"NoDur,Durbl,Manuf,Enrgy,HiTec,Telcm,Shops,Hlth,Utils,Other",1973-05,1974-04,0.10016196754459265,0.1036179629228436,0.10054367449681738,0.09538547243972641,0.0988105186056348,0.10156499850412139,0.10439169323140726,0.10304024429244943,0.09807805391352789,0.09440541404887912,0.1,0.1,0.1,0.1,0.1,0.1,0.1,0.1,0.1,0.1,-0.0005699924065322876,-0.002639964830254806,-0.0004199944048132646,-0.00030999587021931434,-0.0029299609669115843,0.0002699964030942416,-0.00272996363128622,-0.0016199784185654497,-0.0062199171379488235,-0.005559925930385122
1974-07,2.2873980348810425,-0.07848821783826354,8.91769930520736e-06,0.008917699305207359,"NoDur,Durbl,Manuf,Enrgy,HiTec,Telcm,Shops,Hlth,Utils,Other",1973-06,1974-05,0.10174260951425909,0.09962446406827181,0.10189609831469296,0.10200865676834446,0.09932771905409968,0.10260214679668873,0.09953237078801148,0.10066818791122208,0.09596119803125032,0.0966365487531593,0.1,0.1,0.1,0.1,0.1,0.1,0.1,0.1,0.1,0.1,-0.01015990939617506,-0.011909893790201275,-0.007169936060095983,-0.0005199953627963614,-0.008229926607334717,-0.007629931957954301,-0.012829885585917914,-0.014139873903731824,0.0007399934009025143,-0.006629940875653606
1974-08,2.1017345620572905,-0.08116797776011364,1.956550047747201e-05,0.019565500477472006,"NoDur,Durbl,Manuf,Enrgy,HiTec,Telcm,Shops,Hlth,Utils,Other",1973-07,1974-06,0.09749110165813003,0.09559206528344473,0.10073574094973521,0.10795207917353936,0.09958546748849725,0.10023656567410363,0.09459371473218159,0.09317215036027432,0.10931938536331277,0.10132172931678096,0.1,0.1,0.1,0.1,0.1,0.1,0.1,0.1,0.1,0.1,-0.010199800431895131,-0.006709868715491796,-0.010159801214515148,-0.008649830758420872,-0.004929903542082646,-2.9999413034985678e-05,-0.013079744083253755,-0.008059842302066153,-0.008689829975800851,-0.010639791823074922
1974-09,1.8803958633964863,-0.10531239417985583,1.3852889075787432e-05,0.013852889075787432,"NoDur,Durbl,Manuf,Enrgy,HiTec,Telcm,Shops,Hlth,Utils,Other",1973-08,1974-07,0.09773085922620667,0.10152908526963052,0.09777439190292213,0.09941775044893073,0.10346628938346847,0.10879904228111226,0.09459650650269359,0.10005985743048376,0.09937421777221528,0.09725199978233662,0.1,0.1,0.1,0.1,0.1,0.1,0.1,0.1,0.1,0.1,-0.012059832934157749,-0.012979820189499799,-0.012869821713317594,-0.007969889592474067,-0.016829766855876855,-0.0038099472204926217,-0.012269830025051042,-0.015559784449045986,-0.0013199817141864203,-0.009629866596678202
1974-10,2.17254349678509,0.15536496281209033,2.166990185970787e-05,0.021669901859707866,"NoDur,Durbl,Manuf,Enrgy,HiTec,Telcm,Shops,Hlth,Utils,Other",1973-09,1974-08,0.09828992958533586,0.09726165195037442,0.0973845981893372,0.10286129428858835,0.09295853358667709,0.10751089750754442,0.09805521403822509,0.09437800380015646,0.1102939532804292,0.10100592377333183,0.1,0.1,0.1,0.1,0.1,0.1,0.1,0.1,0.1,0.1,0.015699659782540804,0.004499902485441631,0.016059651981376134,0.02077954969943936,0.014709681235743646,0.010849764881564822,0.009999783300981405,0.029589358787603975,0.013019717857877786,0.020179562701380473
1974-11,2.0925710394201866,-0.03681052070223034,2.13044945862436e-05,0.021304494586243602,"NoDur,Durbl,Manuf,Enrgy,HiTec,Telcm,Shops,Hlth,Utils,Other",1973-10,1974-09,0.10013934688719828,0.0904456503864496,0.10045092998900804,0.10453613065718069,0.09928249335722136,0.09594163009892764,0.09520594777521012,0.11216126156535888,0.09781978379594769,0.10401682548749773,0.1,0.1,0.1,0.1,0.1,0.1,0.1,0.1,0.1,0.1,-0.003859917764650897,-0.004789897951470932,-0.005899874303481942,-0.004289908603718225,-0.004939894755796745,-0.00306993459520162,-0.005749877499156129,-0.0012299737954716591,-0.00014999680432581207,-0.002809940134370213
1974-12,2.042982218672311,-0.023697556648598184,7.740009421156906e-06,0.0077400094211569044,"NoDur,Durbl,Manuf,Enrgy,HiTec,Telcm,Shops,Hlth,Utils,Other",1973-11,1974-10,0.09981208666853542,0.09884656513117596,0.09769416845755338,0.09936566273190685,0.0986908358509567,0.10063226087769021,0.09784989773777265,0.10254254004837988,0.10366379086595862,0.10090219163007028,0.1,0.1,0.1,0.1,0.1,0.1,0.1,0.1,0.1,0.1,-0.0005099960525951952,-0.004089968343361467,-0.00443996563435817,0.0008399934983920861,-0.0052399594423506324,0.0015699878481852088,-0.0033599739935683444,-0.0033199743031687213,-0.0008299935757921803,-0.004309966640559395
1975-01,2.3491590204965185,0.14986758035671266,1.0800816856786715e-05,0.010800816856786714,"NoDur,Durbl,Manuf,Enrgy,HiTec,Telcm,Shops,Hlth,Utils,Other",1973-12,1974-11,0.10190410832624884,0.09823724022083151,0.0978787475289611,0.10328686585203471,0.09705933566182873,0.104034579180793,0.09898495354958979,0.0990259241429464,0.1015763435793959,0.09801190195737011,0.1,0.1,0.1,0.1,0.1,0.1,0.1,0.1,0.1,0.1,0.01872979770070027,0.021519767566421242,0.014509843280147408,0.006759926986478047,0.015289834855510257,0.011089880218941058,0.025969719502786228,-0.0007499918993873573,0.018829796620618587,0.017929806341353757
1975-02,2.4962253158444083,0.0626038059002092,2.4650254359975255e-05,0.02465025435997525,"NoDur,Durbl,Manuf,Enrgy,HiTec,Telcm,Shops,Hlth,Utils,Other",1974-01,1974-12,0.10325425261766445,0.10568059275750513,0.09958430444915992,0.09284447072738025,0.10026263610115838,0.09661008105193586,0.10955056179775281,0.08631335443698473,0.1033412182140745,0.10255852784638396,0.1,0.1,0.1,0.1,0.1,0.1,0.1,0.1,0.1,0.1,0.004039900412972385,0.004989876995230743,0.008019802304960032,0.0022699440439226033,0.01316967535615008,0.005149873051190046,0.005169872558184959,0.01606960387041244,0.0008799783077761634,0.0028699292537699866
1975-03,2.574761741565009,0.03146207404520052,1.7378868033739162e-05,0.017378868033739163,"NoDur,Durbl,Manuf,Enrgy,HiTec,Telcm,Shops,Hlth,Utils,Other",1974-02,1975-01,0.0979080206657068,0.09880202892822526,0.1016534447549947,0.09624234211343555,0.10649991059917377,0.09895259874085996,0.0989714199674393,0.10922898845317752,0.09493426686617168,0.09680697891081563,0.1,0.1,0.1,0.1,0.1,0.1,0.1,0.1,0.1,0.1,0.007159875567304879,0.006619884951893616,0.00504991223671643,-0.0023199596810261616,0.0009899827949206466,-0.0008799847065961305,0.010759813003379958,0.0012899775812602364,-0.0013299768861055152,0.00413992805148634
1975-04,2.6606866303810763,0.033371976687769145,1.744095862256175e-05,0.017440958622561748,"NoDur,Durbl,Manuf,Enrgy,HiTec,Telcm,Shops,Hlth,Utils,Other",1974-03,1975-02,0.10388955675340288,0.1033660371505022,0.10184395237910576,0.0946988792802575,0.09790786054988948,0.09609493155465934,0.10737968743940746,0.09819870477372321,0.09565866521890877,0.10096172490014349,0.1,0.1,0.1,0.1,0.1,0.1,0.1,0.1,0.1,0.1,0.0030199473283049603,0.00407992884088882,0.00955983326443557,0.0072498735530499864,0.005569902853860473,-0.0009599832566797223,0.0025899548279171678,0.0006499886633768954,-0.0016299715712374452,0.0032599431424748903
1975-05,2.8122036835453703,0.05694659845853134,1.2679327002416212e-05,0.01267932700241621,"NoDur,Durbl,Manuf,Enrgy,HiTec,Telcm,Shops,Hlth,Utils,Other",1974-04,1975-03,0.09969130725089269,0.10071705745168813,0.10601999245202683,0.10378463116538772,0.10215891386601379,0.09583990555356642,0.09927520103736247,0.09739788463213307,0.09519155401155421,0.09992355257937469,0.1,0.1,0.1,0.1,0.1,0.1,0.1,0.1,0.1,0.1,0.005219933813913047,0.0025999670337497937,0.002799964497884393,0.01206984696052308,0.005919924938384145,0.003549954988389141,0.00400994915589872,0.006529917203994673,0.008539891718547398,0.005719927474249546
1975-06,2.972526570238903,0.057009699415304205,9.744928852558283e-06,0.009744928852558283,"NoDur,Durbl,Manuf,Enrgy,HiTec,Telcm,Shops,Hlth,Utils,Other",1974-05,1975-04,0.09954965183166818,0.09707084468664852,0.09726006660611566,0.1060305025734181,0.10021192854980322,0.09796964880411749,0.09840485921889193,0.10078905540417803,0.1026907356948229,0.10002270663033608,0.1,0.1,0.1,0.1,0.1,0.1,0.1,0.1,0.1,0.1,0.005279948546775658,0.010239900211928549,0.003539965502951862,0.006499936657962458,0.0023099774892143504,0.004049960533038147,0.007449927400280047,0.0009599906448683014,0.010739895339464123,0.005949942017673327
1975-07,2.789297114993936,-0.06164098147329289,1.170271139618928e-05,0.01170271139618928,"NoDur,Durbl,Manuf,Enrgy,HiTec,Telcm,Shops,Hlth,Utils,Other",1974-06,1975-05,0.09960076441316154,0.10429320164235305,0.09795462715937259,0.10075495260259976,0.09679097841100454,0.09843711566479349,0.10165370570093282,0.09551380295547861,0.10476622958884411,0.10023462186145958,0.1,0.1,0.1,0.1,0.1,0.1,0.1,0.1,0.1,0.1,-0.005379937039412689,-0.0020199763605229797,-0.005909930836975648,-0.004249950263476567,-0.009419889760458648,-0.004209950731585022,-0.007469912580745871,-0.012029859216381902,-0.004799943826985299,-0.006139928145352027
1975-08,2.720120196043019,-0.02480084268508187,1.111830793538099e-05,0.011118307935380985,"NoDur,Durbl,Manuf,Enrgy,HiTec,Telcm,Shops,Hlth,Utils,Other",1974-07,1975-06,0.10083442565299403,0.10441510278461588,0.10026961646258938,0.10203864147404541,0.09652908767330584,0.10208126858275521,0.0986071592229078,0.09374766882999244,0.10145251872928587,0.10002451058750812,0.1,0.1,0.1,0.1,0.1,0.1,0.1,0.1,0.1,0.1,-0.003129965199696162,-0.003479961308288385,-0.0007799913277198104,-0.0008799902158890169,-0.0029599670898085113,-0.003539960641189909,-0.00032999633095838135,-0.0033199630872176545,-0.0012299863244812396,-0.005139942851897211
1975-09,2.6347991372866204,-0.03136665022395546,6.8655268782654695e-06,0.006865526878265469,"NoDur,Durbl,Manuf,Enrgy,HiTec,Telcm,Shops,Hlth,Utils,Other",1974-08,1975-07,0.09933245147199067,0.09897355441392112,0.10174218886188617,0.10163964684529488,0.09950677290019588,0.09891202920396634,0.10220362793654701,0.0991376216404672,0.10128074978722533,0.09727135693850558,0.1,0.1,0.1,0.1,0.1,0.1,0.1,0.1,0.1,0.1,-0.0024399832481144168,-0.0024499831794591483,-0.0058199600426335684,-0.0011699919673335522,-0.0008499941643021534,-0.0012699912807808645,-0.003539975696034851,-0.006519955236764754,-0.0009799932717836593,-0.00631995660987013
1975-10,2.819549490687726,0.07011933121830527,9.96961275248766e-06,0.009969612752487658,"NoDur,Durbl,Manuf,Enrgy,HiTec,Telcm,Shops,Hlth,Utils,Other",1974-09,1975-08,0.1007185332011893,0.10070820944829864,0.09722910472414932,0.10202964981830195,0.10236000991080277,0.10192641228939546,0.09958292038321771,0.09650644202180378,0.10222580112322432,0.09671291707961678,0.1,0.1,0.1,0.1,0.1,0.1,0.1,0.1,0.1,0.1,0.010579894521497081,0.008909911170750377,0.0057099430735111836,-0.0013399866407189118,0.00839991625525288,0.006819932007241028,0.009919901101441496,0.010669893624231933,0.006549934699036472,0.003909961018814138
1975-11,2.9169565540681304,0.034547030900544895,1.2535860129143199e-05,0.012535860129143197,"NoDur,Durbl,Manuf,Enrgy,HiTec,Telcm,Shops,Hlth,Utils,Other",1974-10,1975-09,0.10333323988674273,0.10177268182370366,0.09878239092446711,0.09219440628708661,0.10129610421163783,0.0998196480801398,0.1027164923887752,0.10341734181828376,0.09956734228551671,0.09710035229364657,0.1,0.1,0.1,0.1,0.1,0.1,0.1,0.1,0.1,0.1,0.004089948728332072,0.0032699590077373774,0.0029699627684954166,-0.0016399794411893882,0.005059936568547746,0.004279946346518648,0.004659941582891799,0.005129935691037537,0.0031599603866819923,0.003579955121620737
1975-12,2.8793109358571938,-0.012905786395218777,5.862015214821812e-06,0.005862015214821812,"NoDur,Durbl,Manuf,Enrgy,HiTec,Telcm,Shops,Hlth,Utils,Other",1974-11,1975-10,0.10061282090937208,0.09982021342406433,0.09953023507578099,0.09507423445716053,0.10155041756882151,0.10079647386328487,0.10116377977111042,0.10161807918342096,0.09971388802969378,0.10011985771729044,0.1,0.1,0.1,0.1,0.1,0.1,0.1,0.1,0.1,0.1,-0.00148999126559733,-0.00044999736209315336,-0.001359992027659308,8.999947241863067e-05,-0.0012599926138608293,-0.0001199992965581742,-0.003039982179473747,-0.0063599627175832335,0.0013499920862794599,-0.00025999847587604414
1976-01,3.218067543819428,0.11765197142954054,7.183374603289545e-06,0.007183374603289543,"NoDur,Durbl,Manuf,Enrgy,HiTec,Telcm,Shops,Hlth,Utils,Other",1974-12,1975-11,0.09979738628305138,0.10085097761118429,0.099929085199068,0.1013980346469456,0.10003039205754231,0.10118529024414953,0.09822712997669943,0.09486374227535206,0.10267450106372203,0.10104346064228549,0.1,0.1,0.1,0.1,0.1,0.1,0.1,0.1,0.1,0.1,0.01093992141388184,0.015639887652021203,0.016849878960137937,0.008479939084983365,0.0182898686160785,0.009489931829775014,0.008989935421462317,0.00773994440068057,0.008309940306157048,0.01292990711896638
1976-02,3.2302159143058655,0.0037750514310270766,1.4892127808495738e-05,0.014892127808495735,"NoDur,Durbl,Manuf,Enrgy,HiTec,Telcm,Shops,Hlth,Utils,Other",1975-01,1975-12,0.09926095592577353,0.10346617039171127,0.10454878943506972,0.09705992877977204,0.10583719556931448,0.0979636025267076,0.0975162392856504,0.09639783118300736,0.09690782527781258,0.1010414616251812,0.1,0.1,0.1,0.1,0.1,0.1,0.1,0.1,0.1,0.1,-0.0010899837675806888,0.0038699423674653814,0.0017299742366188914,-0.003159952940876126,0.0011499828740530204,0.0035399472818675587,0.004679930304841856,-0.0065599023076415765,-0.00354994713294628,0.0031799526430335697
1976-03,3.3255838886972873,0.029523715108039417,1.581763890731716e-05,0.015817638907317157,"NoDur,Durbl,Manuf,Enrgy,HiTec,Telcm,Shops,Hlth,Utils,Other",1975-02,1976-01,0.09853654648880743,0.10347781906574086,0.10134589904262846,0.09647436216738561,0.1007680889429064,0.1031490650434852,0.104284760756732,0.09308719951384255,0.09608583468653803,0.1027904242919336,0.1,0.1,0.1,0.1,0.1,0.1,0.1,0.1,0.1,0.1,0.0007199886112999868,0.003539944005558269,0.0011299821260680348,0.007219885796647091,0.0029299536543180025,0.0005699909839458229,0.003439945587322159,0.006539896552641547,0.0014499770644235846,0.0019999683647221856
1976-04,3.2900048819376018,-0.010698574430976882,8.667082084456252e-06,0.008667082084456252,"NoDur,Durbl,Manuf,Enrgy,HiTec,Telcm,Shops,Hlth,Utils,Other",1975-03,1976-02,0.09783009887911107,0.1005691862385143,0.09822833498455621,0.10414359811177808,0.09997668861821785,0.09768440274297259,0.10047205548108865,0.10348310896128367,0.09853915340831829,0.09907337257415934,0.1,0.1,0.1,0.1,0.1,0.1,0.1,0.1,0.1,0.1,-0.0016599856126437399,0.0018499839658981444,-0.00141998769274344,0.00213998145244434,-0.003409970445250092,0.001719985092618815,-0.004669959524726666,-0.004309962644876216,0.0006299945397382869,-0.0015599864793519487
1976-05,3.2400607428256216,-0.015180566869726464,1.0729638340004042e-05,0.01072963834000404,"NoDur,Durbl,Manuf,Enrgy,HiTec,Telcm,Shops,Hlth,Utils,Other",1975-04,1976-03,0.09940261394305122,0.1029505412863511,0.09964520726567001,0.10324367488451547,0.09763370429895583,0.10281913656993259,0.09636008935520717,0.09672397933913536,0.1017173585630389,0.09950369449414238,0.1,0.1,0.1,0.1,0.1,0.1,0.1,0.1,0.1,0.1,-0.0021699767166848023,-0.003129966416231996,-0.001219986909841225,0.00552994066509998,0.0004899947424772134,-0.0028999688840488135,-0.005769938089986777,-0.002819969742419881,-0.0014699842274316403,-0.0017099816523184388
1976-06,3.3800963161949333,0.04322004569802851,9.541809544764687e-06,0.009541809544764683,"NoDur,Durbl,Manuf,Enrgy,HiTec,Telcm,Shops,Hlth,Utils,Other",1975-05,1976-04,0.099336941401054,0.09836215387427273,0.10030157489109796,0.10715554968877879,0.1020379151731771,0.09859569671923073,0.09568148817562423,0.09867692901312919,0.10004772397266533,0.09980402709097003,0.1,0.1,0.1,0.1,0.1,0.1,0.1,0.1,0.1,0.1,0.003639965267813257,0.00423995954272753,0.003699964695304685,0.005089951432189417,0.008209921661743638,0.0035899657449037347,0.0014699859735399692,0.0036699649815589703,0.004259959351891339,0.0053599488559008404
1976-07,3.37041085813296,-0.002865438483385163,5.454082060134881e-06,0.0054540820601348804,"NoDur,Durbl,Manuf,Enrgy,HiTec,Telcm,Shops,Hlth,Utils,Other",1975-06,1976-05,0.0993453025699031,0.09992043940454166,0.09940281625336696,0.10073521658694631,0.10372592812706691,0.09929737450034988,0.09726522435129359,0.09937405941163503,0.09993961063236295,0.10099402816253368,0.1,0.1,0.1,0.1,0.1,0.1,0.1,0.1,0.1,0.1,0.0014799919279585513,-0.001069994164132196,-0.0018499899099481893,-0.0006199966184691229,-0.0021999880010194683,0.001249993182397425,-0.0022399877828561863,-0.00037999792744881726,0.002819984619488591,-4.9999727295897e-05
1976-08,3.3917566656169327,0.006333295370344549,6.662390102125448e-06,0.006662390102125448,"NoDur,Durbl,Manuf,Enrgy,HiTec,Telcm,Shops,Hlth,Utils,Other",1975-07,1976-06,0.10177106524660529,0.09921375132880036,0.09843151413041297,0.0996650420201777,0.09808051025934171,0.1015404055599013,0.09804039553121927,0.09990573038891228,0.10311490863870669,0.10023667689592233,0.1,0.1,0.1,0.1,0.1,0.1,0.1,0.1,0.1,0.1,-0.0003399977347873653,-0.001459990272910451,-0.0016999886739368264,-0.0008899940704728091,-0.0008499943369684132,0.004739968420270916,0.002859980945564308,0.0021699855426134786,0.0029699802127013965,-0.0011599922716274815
1976-09,3.4822473452019445,0.02667959069774617,1.0138700341862398e-05,0.010138700341862397,"NoDur,Durbl,Manuf,Enrgy,HiTec,Telcm,Shops,Hlth,Utils,Other",1975-08,1976-07,0.0990321362561361,0.09791919232068684,0.09768070433451916,0.09848560128783512,0.09852534928552974,0.10408013196335235,0.10221197607170539,0.10152632311147326,0.10232128306536557,0.09821730230339647,0.1,0.1,0.1,0.1,0.1,0.1,0.1,0.1,0.1,0.1,0.0015899838794664566,0.0044899544772354655,0.0010999888474296242,0.005919939978893977,0.002909970496382006,0.001599983778079453,0.00044999543758484625,0.0036299631965177595,0.004079958634102605,0.0009199906723956856
1976-10,3.4210038297170713,-0.01758735362933317,7.485219491764793e-06,0.007485219491764792,"NoDur,Durbl,Manuf,Enrgy,HiTec,Telcm,Shops,Hlth,Utils,Other",1975-09,1976-08,0.09894904985925644,0.1017736609882243,0.09847178797884465,0.1031664864759567,0.10023473492485561,0.0989587898976322,0.09783868548442082,0.10093601768790969,0.10137431941481849,0.09829646728808111,0.1,0.1,0.1,0.1,0.1,0.1,0.1,0.1,0.1,0.1,-0.0016199878739444236,-0.0011599913171453896,-0.003279975448480067,-0.0024199818857688297,-0.004499966316512287,0.0012899903440668557,-0.0009099931884502627,-0.003739972005279101,-0.0008099939369722118,-0.00042999678135561853
1976-11,3.4431819308478135,0.006482922041211703,7.0323190377709236e-06,0.007032319037770923,"NoDur,Durbl,Manuf,Enrgy,HiTec,Telcm,Shops,Hlth,Utils,Other",1975-10,1976-09,0.10014046945298347,0.10060870096292829,0.09845076443883471,0.09932615378351418,0.09720893304289407,0.10310254270067792,0.10086317460963744,0.09798253292888989,0.10096496406832109,0.10135176401131898,0.1,0.1,0.1,0.1,0.1,0.1,0.1,0.1,0.1,0.1,0.0017399877637648744,-0.0007099950070534832,-0.00036999739804195606,0.0008299941631751987,0.001619988607643159,0.003149977848195031,0.0048499658932526675,-0.009759931364566191,0.003149977848195031,0.001989986005685115
1976-12,3.6422892902460955,0.05782655793307323,1.2707088904591507e-05,0.012707088904591508,"NoDur,Durbl,Manuf,Enrgy,HiTec,Telcm,Shops,Hlth,Utils,Other",1975-11,1976-10,0.10108396506671702,0.09864976303788414,0.09898757066637523,0.10017983288457909,0.10096473884489662,0.10248487317310655,0.10417391131556202,0.08965811880893006,0.10248487317310655,0.10133235302884282,0.1,0.1,0.1,0.1,0.1,0.1,0.1,0.1,0.1,0.1,0.005209933796066808,0.009669877122450292,0.0058099261718134645,0.006329919564127234,0.003869950823565939,0.0034499561605432797,0.002329970392482853,0.00628992007241079,0.0064999174039221215,0.008379893514594982
1977-01,3.5076428331129534,-0.03696753508671591,7.824271801754784e-06,0.007824271801754783,"NoDur,Durbl,Manuf,Enrgy,HiTec,Telcm,Shops,Hlth,Utils,Other",1975-12,1976-11,0.09945738485971414,0.1036735234061862,0.10002457838614535,0.1005161461090524,0.09819065265068441,0.09779361718218256,0.0967348559328443,0.10047833320729033,0.10067685094154126,0.10245405732435908,0.1,0.1,0.1,0.1,0.1,0.1,0.1,0.1,0.1,0.1,-0.004079968076971049,-0.004189967216301152,-0.0059599533673400625,0.00028999773096117745,-0.0038599697983108454,0.00011999906108738378,-0.007129944212942054,-0.008829930911679993,0.0008399934276116865,-0.004159967451029305
1977-02,3.45379135203955,-0.015352612462430137,1.2808951750105232e-05,0.012808951750105232,"NoDur,Durbl,Manuf,Enrgy,HiTec,Telcm,Shops,Hlth,Utils,Other",1976-01,1976-12,0.09960126266821731,0.09948704103671706,0.09764911114803124,0.10413897657418175,0.0998297059312178,0.10396245223459047,0.09643420834025586,0.0946689649443429,0.104710084731683,0.09951819239076258,0.1,0.1,0.1,0.1,0.1,0.1,0.1,0.1,0.1,0.1,-0.0013899821955570674,-0.00347995542484791,-0.0006299919303603975,-0.0030099614450552325,-0.0006099921865394324,0.000979987447227285,-0.00183997643152878,-0.00020999731012013247,-0.0034199561933850155,-0.0017299778405134726
1977-03,3.4102189209275138,-0.012615826108402728,5.90051388296468e-06,0.00590051388296468,"NoDur,Durbl,Manuf,Enrgy,HiTec,Telcm,Shops,Hlth,Utils,Other",1976-02,1977-01,0.10014624337334714,0.09802368330185039,0.10091808339934596,0.09850100542319176,0.10093839497897751,0.10255316555968558,0.09968923283163732,0.10134462657160848,0.09808461804074502,0.09980094651961083,0.1,0.1,0.1,0.1,0.1,0.1,0.1,0.1,0.1,0.1,-0.001399991739280564,-0.0033499802332784927,-0.0002699984068612517,-0.002069987785936263,-2.9999822984583512e-05,-0.0010399938634655618,-0.0027499837735868228,-0.0017899894380801497,0.0001799989379075011,-8.999946895375055e-05
1977-04,3.407848423106386,-0.0006951160251269517,5.119557621608489e-06,0.005119557621608488,"NoDur,Durbl,Manuf,Enrgy,HiTec,Telcm,Shops,Hlth,Utils,Other",1976-03,1977-02,0.0998592248250438,0.09788432129148562,0.10100365610346468,0.09918066822633406,0.10124672115374876,0.10022382240046993,0.09849198391719584,0.09946424411833216,0.10145940307274734,0.10118595489117775,0.1,0.1,0.1,0.1,0.1,0.1,0.1,0.1,0.1,0.1,0.0005199973378300367,0.003159983822197916,0.0004899974914167654,0.0025199870987147933,-0.003449982337526206,0.0006599966210919698,-0.003439982388721782,-0.005219973275909215,0.0019399900680582142,0.0021299890953422663
1977-05,3.3776146460434773,-0.008871808046952201,1.19136014612235e-05,0.0119136014612235,"NoDur,Durbl,Manuf,Enrgy,HiTec,Telcm,Shops,Hlth,Utils,Other",1976-04,1977-03,0.10058940669061654,0.1032312295483884,0.10055938597632368,0.10259078764347401,0.09661666549919447,0.10072950335731656,0.09662667240395875,0.09484544335591559,0.10201038716714535,0.1022005183576668,0.1,0.1,0.1,0.1,0.1,0.1,0.1,0.1,0.1,0.1,-0.0009399888012146264,-0.0005299936857912255,-0.0029799644974676455,-0.0004299948771513717,-0.0015199818913257791,0.0014299829635499106,-0.0027799668801879378,-0.0018899774832932385,0.0016699801042855597,-0.0008899893968946996
1977-06,3.560627166115467,0.054183955024700525,5.7342369966244e-06,0.0057342369966243995,"NoDur,Durbl,Manuf,Enrgy,HiTec,Telcm,Shops,Hlth,Utils,Other",1976-05,1977-04,0.09994551728312852,0.10035918235567125,0.09788728131242812,0.10046007627580363,0.09936033254636076,0.10233670319026575,0.09808906915269286,0.09898702504187099,0.10257884859858345,0.09999596424319471,0.1,0.1,0.1,0.1,0.1,0.1,0.1,0.1,0.1,0.1,0.0045299740239064055,0.004289975400123284,0.003399980503594212,0.00608996507849669,0.007769955444978535,0.0019399888755802265,0.00608996507849669,0.00902994821983992,0.005709967257506748,0.0053399693791744375
1977-07,3.5262417086761855,-0.009657135059381927,7.204583613959537e-06,0.007204583613959536,"NoDur,Durbl,Manuf,Enrgy,HiTec,Telcm,Shops,Hlth,Utils,Other",1976-06,1977-05,0.09915669850785912,0.0989290355628492,0.0980847854751041,0.10063650765042355,0.10223014826549293,0.09669983589296047,0.10063650765042355,0.10342537872679497,0.10027604132082452,0.09992506094726757,0.1,0.1,0.1,0.1,0.1,0.1,0.1,0.1,0.1,0.1,0.0011799914985913358,-0.002429982492861819,-0.0036199739194073184,-0.0017999870317494955,-0.0001599988472666218,-0.0008499938761039283,-0.00021999841499160497,-0.002229983933778541,0.0008699937320122559,-0.00038999719021239065
1977-08,3.5065079921821414,-0.005596246123880322,6.281235989504933e-06,0.0062812359895049324,"NoDur,Durbl,Manuf,Enrgy,HiTec,Telcm,Shops,Hlth,Utils,Other",1976-07,1977-06,0.10216590094411068,0.09852072499621346,0.09731912960064625,0.09915686373504318,0.10081284394406018,0.10011612056343717,0.10075225930226689,0.09872267380219114,0.10185288029484525,0.10058060281718584,0.1,0.1,0.1,0.1,0.1,0.1,0.1,0.1,0.1,0.1,0.00010999930906404118,-0.0008499946609494091,-0.0012699920228302936,-0.005839963317581822,0.0004999968593820053,-0.002279985678781944,0.004629970917877369,0.0038399758800538005,-0.0032499795859830343,-0.0011799925881415324
1977-09,3.519266702012648,0.003638579994385438,1.1378474183836316e-05,0.011378474183836317,"NoDur,Durbl,Manuf,Enrgy,HiTec,Telcm,Shops,Hlth,Utils,Other",1976-08,1977-07,0.10067276073249465,0.09970736416568618,0.0992850031677075,0.09468931326112973,0.10106495308776058,0.0982693255297111,0.10521816956788448,0.10442372864311503,0.09729387274866505,0.09937550909584579,0.1,0.1,0.1,0.1,0.1,0.1,0.1,0.1,0.1,0.1,0.00026999692781197037,0.001549982363365015,-0.0009299894180190092,0.000739991579929104,-0.001779979746315953,0.0034799604029098403,-0.0006999920350680713,-0.0008899898731579765,0.00200997712926689,-9.999886215258163e-05
1977-10,3.3899123063820458,-0.03675606499405837,6.296386253368897e-06,0.006296386253368897,"NoDur,Durbl,Manuf,Enrgy,HiTec,Telcm,Shops,Hlth,Utils,Other",1976-09,1977-08,0.09990534548896526,0.10118069047974891,0.09870970956010562,0.10037363622776864,0.09786280077716335,0.10310367159866488,0.09893887311313705,0.0987495640910676,0.10163901758581179,0.09953669107756688,0.1,0.1,0.1,0.1,0.1,0.1,0.1,0.1,0.1,0.1,-0.0033499789071060517,-0.004459971918117311,-0.004629970847731648,-0.0035499776478288008,-0.003219979725636264,-0.00504996820324942,-0.003179979977491715,-0.001749988981324057,-0.0031499801663833022,-0.004409972232936623
1977-11,3.539461089047384,0.04411582635450162,3.997285272259345e-06,0.003997285272259344,"NoDur,Durbl,Manuf,Enrgy,HiTec,Telcm,Shops,Hlth,Utils,Other",1976-10,1977-09,0.10033739942901634,0.09918505060991434,0.09900856475473656,0.10012976901116012,0.10047235920062288,0.09857254087723852,0.10051388528419412,0.10199844277186607,0.10054502984687255,0.0992369582143784,0.1,0.1,0.1,0.1,0.1,0.1,0.1,0.1,0.1,0.1,0.004589981652460601,0.0018699925250765413,0.004329982691754772,0.0034699861294201057,0.005279978894333764,0.0021599913658638123,0.00554997781506674,0.006089975656532693,0.004289982851646183,0.006489974057618584
1977-12,3.561031542862371,0.006094276295828038,5.6890012642225024e-06,0.005689001264222501,"NoDur,Durbl,Manuf,Enrgy,HiTec,Telcm,Shops,Hlth,Utils,Other",1976-11,1977-10,0.10017047848906258,0.09756541393709536,0.09992146496571276,0.09909780485001726,0.10083132207026015,0.09784315979006246,0.1010899130368157,0.10160709496992686,0.09988315519288973,0.10199019269815732,0.1,0.1,0.1,0.1,0.1,0.1,0.1,0.1,0.1,0.1,9.999943109987357e-06,-0.0007499957332490517,0.0007399957901390644,0.0018899892477876106,0.002379986460176991,0.0021499877686472816,-0.001229993002528445,0.0006199964728192162,-0.0003299981226295828,0.0006199964728192162
1978-01,3.373919048521516,-0.052544464178054695,4.711732479281125e-06,0.004711732479281124,"NoDur,Durbl,Manuf,Enrgy,HiTec,Telcm,Shops,Hlth,Utils,Other",1976-12,1977-11,0.0994036378093629,0.09864824570122255,0.10012921180797138,0.10127223934002584,0.1017592684623795,0.1015306629559686,0.09817115594871285,0.10000993936984397,0.09906569923466854,0.10000993936984397,0.1,0.1,0.1,0.1,0.1,0.1,0.1,0.1,0.1,0.1,-0.00529997502781786,-0.006819967865984491,-0.0060299715882531505,-0.006929967347693919,-0.004739977666388048,-0.004159980399192886,-0.006839967771749843,-0.0018899910948256143,-0.0045399786087345455,-0.005289975074935185
1978-02,3.351698548494943,-0.006585961224028214,6.000708691506061e-06,0.00600070869150606,"NoDur,Durbl,Manuf,Enrgy,HiTec,Telcm,Shops,Hlth,Utils,Other",1977-01,1977-12,0.09995144913769446,0.09834715977455513,0.09918096806197624,0.0982310598864332,0.10054250311358791,0.10115466616004898,0.09832605070398749,0.10355054566947418,0.10075359381926413,0.09996200367297828,0.1,0.1,0.1,0.1,0.1,0.1,0.1,0.1,0.1,0.1,0.00010999933992204396,0.00037999771973069727,-0.0026299842181361417,-0.0010899934592275263,-0.003469979177540841,0.004159975037051844,-0.00043999735968817586,-0.0030199818778597525,-0.0004199974797023496,-0.0001599990398866094
1978-03,3.462915004690325,0.03318211783852787,7.628956408958542e-06,0.007628956408958541,"NoDur,Durbl,Manuf,Enrgy,HiTec,Telcm,Shops,Hlth,Utils,Other",1977-02,1978-01,0.10077308691188018,0.10104487527933806,0.09801493829397435,0.09956513861206741,0.09716937448410541,0.10484991242374828,0.10021944394113266,0.0976223550965352,0.10023957641279621,0.1005012985444223,0.1,0.1,0.1,0.1,0.1,0.1,0.1,0.1,0.1,0.1,0.004169968187251775,0.0060999534633659055,0.0038999702470700055,0.0020499843606393616,-0.0006099953463365906,0.002619980012134209,0.002849978257474235,0.004169968187251775,0.0024799810801881057,0.005459958345898007
1978-04,3.741515054151144,0.08045246536038886,6.973547943747033e-06,0.006973547943747034,"NoDur,Durbl,Manuf,Enrgy,HiTec,Telcm,Shops,Hlth,Utils,Other",1977-03,1978-02,0.10082366263707547,0.10269166368238174,0.10056233606597044,0.09877176511580639,0.09619721445232726,0.09932345454369478,0.09954606606722868,0.10082366263707547,0.09918795187719587,0.10207222292124392,0.1,0.1,0.1,0.1,0.1,0.1,0.1,0.1,0.1,0.1,0.006919951743048229,0.009629932844733305,0.011379920641024402,0.006699953277228777,0.013289907321547827,0.0029299795675045252,0.01082992447647577,0.009239935564417,0.00017999874476137012,0.009359934727591246
1978-05,3.817749933947427,0.020375403731625052,1.4304597629301816e-05,0.014304597629301814,"NoDur,Durbl,Manuf,Enrgy,HiTec,Telcm,Shops,Hlth,Utils,Other",1977-04,1978-03,0.09895785128556354,0.1014660422412676,0.10308572274771857,0.09875423430760973,0.10485348832904504,0.09526497973085538,0.10257668030283397,0.10110508487125854,0.09271976750643245,0.10121614867741519,0.1,0.1,0.1,0.1,0.1,0.1,0.1,0.1,0.1,0.1,0.004229939491552029,0.00017999742517242674,0.00409994135114972,0.0008599876980460388,0.0016699761113219593,-0.00038999442120692465,0.0012599819762069873,0.005169926045230257,0.0007099898437356832,0.002599962808046164
1978-06,3.7776723296962103,-0.010497702820932986,7.784480129589742e-06,0.007784480129589742,"NoDur,Durbl,Manuf,Enrgy,HiTec,Telcm,Shops,Hlth,Utils,Other",1977-05,1978-04,0.10214721822048432,0.09817814757102676,0.10201981595272396,0.0988445594331579,0.09963837356304941,0.09761953762776977,0.09923656641088212,0.10306843461813621,0.09869755681651134,0.1005497897862582,0.1,0.1,0.1,0.1,0.1,0.1,0.1,0.1,0.1,0.1,-0.00025999797603516636,-0.002769978436990041,-0.0014699885568142095,-0.003739970886044316,-0.0003599971975871534,-0.0015399880119006007,-0.001969984664574145,0.0011399911256926522,0.0008299935388814926,-0.00034999727543195465
1978-07,3.9774105400806787,0.05287335505896862,6.311204535578225e-06,0.006311204535578224,"NoDur,Durbl,Manuf,Enrgy,HiTec,Telcm,Shops,Hlth,Utils,Other",1977-06,1978-05,0.10079736435205305,0.09826075532334186,0.09957453689199705,0.09728047215288377,0.10069630423138727,0.09950379480753102,0.09906923628866814,0.10221220604137403,0.1018989196673101,0.10070641024345385,0.1,0.1,0.1,0.1,0.1,0.1,0.1,0.1,0.1,0.1,0.003499977910784126,0.004729970148002548,0.007839950520156442,0.0033399789205768513,0.008579945849865085,0.0014299909749775142,0.0051299676235207325,0.008869944019615768,0.0028199822024032096,0.0066399580936018845
1978-08,4.133879331414048,0.0393393615661799,1.0235660576484713e-05,0.010235660576484713,"NoDur,Durbl,Manuf,Enrgy,HiTec,Telcm,Shops,Hlth,Utils,Other",1977-07,1978-06,0.09830180077501711,0.09947002507408252,0.10242382797659753,0.09814983663855331,0.10312666210774259,0.09633576475951676,0.09984993541524201,0.10340209710508322,0.09765595319504598,0.10128409695311907,0.1,0.1,0.1,0.1,0.1,0.1,0.1,0.1,0.1,0.1,0.004109957931435031,0.0029699696000880884,0.003939959671497329,0.005129947491061242,0.0060199383813233295,0.0035299638681181647,0.005699941656734715,0.0009699900714092409,0.00044999539395274067,0.006529933161136436
1978-09,4.099619961966127,-0.008287462381298405,7.524685696067552e-06,0.00752468569606755,"NoDur,Durbl,Manuf,Enrgy,HiTec,Telcm,Shops,Hlth,Utils,Other",1977-08,1978-07,0.10016837446480974,0.09907153509404916,0.10000481069899457,0.10114975705970078,0.10200606148073314,0.09961033338144032,0.10169817674508107,0.0971472554962236,0.09664694280078895,0.10249675277817866,0.1,0.1,0.1,0.1,0.1,0.1,0.1,0.1,0.1,0.1,-0.0003999969901257216,-0.0005099961624102951,-0.0021199840476663246,0.004759964182496087,-0.0041799685468137905,0.0012199908198834509,-0.002639980134829763,-0.0027099796081017638,-0.000249998118828576,-0.0014499890892057407
1978-10,3.6559260587929474,-0.10822805706126704,9.034808211995324e-06,0.009034808211995324,"NoDur,Durbl,Manuf,Enrgy,HiTec,Telcm,Shops,Hlth,Utils,Other",1977-09,1978-08,0.1004315734279837,0.10032065502359537,0.09869721292300246,0.10563465494292744,0.09662001371354818,0.10206509901988464,0.09817287137498487,0.09810228693582865,0.10058282579760416,0.09937280684064051,0.1,0.1,0.1,0.1,0.1,0.1,0.1,0.1,0.1,0.1,-0.011579895376920907,-0.01117989899084419,-0.011359897364578713,-0.010609904140684873,-0.010759902785463642,-0.004499959343363047,-0.014179871886419558,-0.012839883993062559,-0.007099935852861695,-0.01410987251885613
1978-11,3.7777709282018304,0.03332804532953593,1.1568961294455699e-05,0.011568961294455697,"NoDur,Durbl,Manuf,Enrgy,HiTec,Telcm,Shops,Hlth,Utils,Other",1977-10,1978-09,0.09915001457758639,0.09959855569759357,0.09939671219359034,0.10023772679360379,0.1000695238736011,0.10708919240171343,0.09623449729753975,0.09773711004956379,0.10417367512166678,0.096312991993541,0.1,0.1,0.1,0.1,0.1,0.1,0.1,0.1,0.1,0.1,0.002189974663974765,0.0006799921331063198,0.0028699667970810846,0.006179928503819199,0.005079941229676624,0.0030199650617368907,0.002629969573631796,0.005179940072780495,0.0029999652931161167,0.0025099709619071505
1978-12,3.832864730840969,0.01458368008177846,6.2290365779593444e-06,0.006229036577959344,"NoDur,Durbl,Manuf,Enrgy,HiTec,Telcm,Shops,Hlth,Utils,Other",1977-11,1978-10,0.09889291036832021,0.09743162947335825,0.09955097063889912,0.10275417577951111,0.10168966651828054,0.09969613099270327,0.09931871407281244,0.10178644008748332,0.09967677627886272,0.09920258578976911,0.1,0.1,0.1,0.1,0.1,0.1,0.1,0.1,0.1,0.1,0.0016799895352185492,-0.0006199961379973216,0.0014099912170584252,0.0028199824341168505,0.006399960134165902,9.999937709634222e-05,-0.0006599958888358586,0.0034199786966949038,-0.0012499922137042777,0.0012899919645428144
1979-01,4.0104844785233436,0.046341251297799646,8.361162326488058e-06,0.008361162326488055,"NoDur,Durbl,Manuf,Enrgy,HiTec,Telcm,Shops,Hlth,Utils,Other",1977-12,1978-11,0.10021782197735046,0.09795089642121448,0.09995170462945624,0.10134142855734829,0.10486994746646429,0.09866054268226575,0.09791147162893386,0.10193280044155767,0.09732995594279463,0.09983343025261436,0.1,0.1,0.1,0.1,0.1,0.1,0.1,0.1,0.1,0.1,0.004179965050341476,0.005059957692518629,0.006509945568833254,0.003089974164008411,0.004299964047001996,0.0036599693981458855,0.00572995209053987,0.0014199881271494963,0.0063699467393959815,0.006029949582191172
1979-02,3.8952389687373796,-0.028736056803889465,6.235963109858065e-06,0.006235963109858065,"NoDur,Durbl,Manuf,Enrgy,HiTec,Telcm,Shops,Hlth,Utils,Other",1978-01,1978-12,0.0995651550628375,0.10040617384240456,0.10179194342237302,0.09852343861996465,0.09967983944186937,0.09906818942036605,0.10104649495866584,0.09692741434510442,0.10165814498016916,0.10133320590624553,0.1,0.1,0.1,0.1,0.1,0.1,0.1,0.1,0.1,0.1,-0.0034899782364887473,-0.0035999775505328054,-0.004489972000525638,0.0006099961960625031,-0.003319979296602476,-0.0006499959466239787,-0.004419972437043055,-0.004519971813446744,-0.0016399897730205,-0.003209979982558418
1979-03,4.1163812345779185,0.056772451604482965,7.142825864594296e-06,0.007142825864594295,"NoDur,Durbl,Manuf,Enrgy,HiTec,Telcm,Shops,Hlth,Utils,Other",1978-02,1979-01,0.09936474924583277,0.09925149546470086,0.09833516941736077,0.10358602654256796,0.09953977781667302,0.10228875595869326,0.09840724000535381,0.0983042820225066,0.10126947192850598,0.09965303159780493,0.1,0.1,0.1,0.1,0.1,0.1,0.1,0.1,0.1,0.1,0.004149970357272662,0.006599952857349294,0.007339947571658153,0.009279933714575975,0.007609945643095171,0.00015999885714786165,0.006119956285905709,0.005039964000157642,0.002319983428643994,0.008159941714540946
1979-04,4.137866668242151,0.005219495581155975,1.0449766564877295e-05,0.010449766564877293,"NoDur,Durbl,Manuf,Enrgy,HiTec,Telcm,Shops,Hlth,Utils,Other",1978-03,1979-02,0.09855409829860519,0.1008724616287212,0.10157270198149093,0.10340846723064402,0.10182819508317718,0.09477847801813054,0.10041825167016787,0.09939627926342283,0.09682242283162057,0.10234864399401956,0.1,0.1,0.1,0.1,0.1,0.1,0.1,0.1,0.1,0.1,0.00019999791004668703,0.002929969382183965,-0.0004599951931073801,0.004329954752510774,0.0003299965515770336,-0.0021499775330018856,0.0008799908042054229,0.0004299955066003771,-0.0027499712631419465,0.0014899844298478183
1979-05,4.083919643966934,-0.013037400332218785,7.498031570260014e-06,0.007498031570260013,"NoDur,Durbl,Manuf,Enrgy,HiTec,Telcm,Shops,Hlth,Utils,Other",1978-04,1979-03,0.09967868050097987,0.10239447688588682,0.09902211434199139,0.10378719298071089,0.0998080041383564,0.09734090705609662,0.10035514260418014,0.09990748385941527,0.09674402872974346,0.10096196890263921,0.1,0.1,0.1,0.1,0.1,0.1,0.1,0.1,0.1,0.1,-0.001779986653503805,-0.0006899948263582166,-0.002289982829507704,-0.0024599815548423374,-0.001979985153897491,8.999932517715868e-05,-0.0024399817048029685,-0.002639980205196655,0.001439989202834539,-0.0002799979005511604
1979-06,4.251784717575107,0.04110391198714103,5.847617311280204e-06,0.005847617311280203,"NoDur,Durbl,Manuf,Enrgy,HiTec,Telcm,Shops,Hlth,Utils,Other",1978-05,1979-04,0.09951670263533846,0.10062109283970132,0.09899996960393934,0.09882772526013962,0.09931406223086822,0.10141139041713527,0.09884798930058665,0.0986453488961164,0.10277921314730945,0.10103650566886531,0.1,0.1,0.1,0.1,0.1,0.1,0.1,0.1,0.1,0.1,0.0033199805859105264,0.002999982457148066,0.0034899795918155833,0.009269945792587523,0.0004999970761913444,0.0019299887140985892,0.002799983626671528,0.004829971756008387,0.004969970937341962,0.006999959066678821
1979-07,4.306550408259197,0.012880635855741174,9.244976511848295e-06,0.009244976511848293,"NoDur,Durbl,Manuf,Enrgy,HiTec,Telcm,Shops,Hlth,Utils,Other",1978-06,1979-05,0.09924023398103948,0.09893286972558135,0.0994035212417516,0.10495528810596384,0.09653158647981482,0.09790512049639329,0.09874076706592004,0.10069060906148246,0.1008250809232454,0.10277492291880783,0.1,0.1,0.1,0.1,0.1,0.1,0.1,0.1,0.1,0.1,0.002029981232697681,0.002069980862898621,0.0020199813251474464,0.0015799853929371118,-0.0014899862249849974,-0.00010999898305258373,0.0012599883513295955,0.00014999861325352325,0.002069980862898621,0.0033099693991277463
1979-08,4.567675514437067,0.06063440141721754,5.278494854787127e-06,0.005278494854787127,"NoDur,Durbl,Manuf,Enrgy,HiTec,Telcm,Shops,Hlth,Utils,Other",1978-07,1979-06,0.10073157006190209,0.10077106102340827,0.10072169732152553,0.1002872967449575,0.09725636544935777,0.09861880362132117,0.09997136905290802,0.09887549487111137,0.10077106102340827,0.1019952808301,0.1,0.1,0.1,0.1,0.1,0.1,0.1,0.1,0.1,0.1,0.0075599600945788995,0.0047199750855042855,0.007709959302804671,0.007929958141535803,0.005909968804095409,0.001519991976687821,0.008879953126965691,0.008579954710514147,0.0020499891790855475,0.00577996949029974
1979-09,4.546939616579113,-0.004539704668690581,9.748830894554241e-06,0.009748830894554238,"NoDur,Durbl,Manuf,Enrgy,HiTec,Telcm,Shops,Hlth,Utils,Other",1978-08,1979-07,0.10141046915070144,0.0987328405491024,0.10155189319656056,0.10175931513048724,0.09985480464625131,0.09571579423744153,0.10265500075426157,0.10237215266254336,0.09621549253281036,0.09973223713984009,0.1,0.1,0.1,0.1,0.1,0.1,0.1,0.1,0.1,0.1,-0.0018699817696862275,0.0003899961979559512,-0.0006899932733066828,0.005919942286921105,-0.0017499829395459347,-0.002379976797782471,-0.0007499926883768292,-0.0005499946381430081,-0.002189978650060341,-0.0006599935657716097
1979-10,4.2269863133883225,-0.07036673678800842,7.246663233693834e-06,0.007246663233693834,"NoDur,Durbl,Manuf,Enrgy,HiTec,Telcm,Shops,Hlth,Utils,Other",1978-09,1979-08,0.09857655177956143,0.10084683616784032,0.09976192150441501,0.10640200106482366,0.09869709785327535,0.09806423096627724,0.09970164846755805,0.09990255859041458,0.09825509558299095,0.09979205802284348,0.1,0.1,0.1,0.1,0.1,0.1,0.1,0.1,0.1,0.1,-0.00765994449055963,-0.00927993275096519,-0.008849935867030381,-0.002549981521008754,-0.007739943910826571,-0.005069963259417405,-0.008889935577163853,-0.004339968549481566,-0.005829957751953347,-0.010149926446368179
1979-11,4.464789110426488,0.05625823681637243,1.1136531026558297e-05,0.011136531026558295,"NoDur,Durbl,Manuf,Enrgy,HiTec,Telcm,Shops,Hlth,Utils,Other",1978-10,1979-09,0.09932877242803666,0.09758616238543952,0.09804870702637579,0.10482552385869798,0.09924271761111828,0.1021147971257691,0.0980056796179166,0.10290004733014929,0.10129727636504453,0.09665031625145216,0.1,0.1,0.1,0.1,0.1,0.1,0.1,0.1,0.1,0.1,0.005159942535499903,-0.0021999754996317416,0.004719947435573554,0.008919900662143244,0.008179908903176204,0.004059954785684032,0.003829957347086168,0.008789902109892276,0.007779913357788614,0.007029921710186883
1979-12,4.563451311871397,0.02209784135481474,1.1895632745415481e-05,0.011895632745415479,"NoDur,Durbl,Manuf,Enrgy,HiTec,Telcm,Shops,Hlth,Utils,Other",1978-11,1979-10,0.09955787819402237,0.09258996279360392,0.09914131803421475,0.10311757410510572,0.10241699565452016,0.0985164777945033,0.09829873043824022,0.10299449951243528,0.10203830460014959,0.10132825887320478,0.1,0.1,0.1,0.1,0.1,0.1,0.1,0.1,0.1,0.1,0.003369959911717648,0.00325996122023725,0.004459946945477956,0.0024899703798744646,0.0017899787068173857,-0.0015199819186382272,0.003069963480407472,0.0020799752570838897,-0.0010099879854109273,0.004119950989993089
1980-01,4.772057267192871,0.04571232189522978,7.342409794491285e-06,0.007342409794491283,"NoDur,Durbl,Manuf,Enrgy,HiTec,Telcm,Shops,Hlth,Utils,Other",1978-12,1979-11,0.1011339288334915,0.10102630832297893,0.1022003502558433,0.10027296474939096,0.09958810695522008,0.0963497079570692,0.10084041835027541,0.0998718337556623,0.09684867577853655,0.10186770504153173,0.1,0.1,0.1,0.1,0.1,0.1,0.1,0.1,0.1,0.1,0.0031099771651055394,0.009109933110646774,0.007059948162586852,0.01404989683914239,0.007349946033288012,-0.002069984801211726,0.0013099903814431694,-0.0012899905282913653,0.0015499886192648187,0.005539959323049739
1980-02,4.667029350755286,-0.022008938819664925,1.9364648280610498e-05,0.019364648280610495,"NoDur,Durbl,Manuf,Enrgy,HiTec,Telcm,Shops,Hlth,Utils,Other",1979-01,1979-12,0.0986019202080863,0.10433959377271163,0.10237922197146464,0.10906361167425316,0.10265654286042153,0.09364839536395976,0.09688061813869871,0.09439429292736105,0.09711012508128371,0.10092567800175956,0.1,0.1,0.1,0.1,0.1,0.1,0.1,0.1,0.1,0.1,-0.004859905887809357,-0.006349877034483418,-0.0024999515883792987,0.012999748259572355,-0.0035899304809126733,-0.0013999728894924072,-0.004859905887809357,-0.004639910148031978,-0.0034199337729028806,-0.0033699347411352944
1980-03,4.231106288121383,-0.09340482561211128,1.6352800113892643e-05,0.016352800113892643,"NoDur,Durbl,Manuf,Enrgy,HiTec,Telcm,Shops,Hlth,Utils,Other",1979-02,1980-01,0.09727916892465313,0.09575566711996811,0.09969223218576498,0.11554074089221993,0.09857772415414975,0.10081696506170694,0.09727916892465313,0.09750411549984152,0.09875154650770443,0.09880267072933815,0.1,0.1,0.1,0.1,0.1,0.1,0.1,0.1,0.1,0.1,-0.00816986639762307,-0.008799856095358998,-0.011769807527542659,-0.01790970712134996,-0.012669792810022557,-0.002659956501551697,-0.009629842522534904,-0.0028499533945196753,-0.0065998920715192476,-0.012329798369974596
1980-04,4.441432907229385,0.04970960424664406,1.9429523168727463e-05,0.01942952316872746,"NoDur,Durbl,Manuf,Enrgy,HiTec,Telcm,Shops,Hlth,Utils,Other",1979-03,1980-02,0.10128941882397062,0.10059452245177088,0.0973185824114007,0.09054610030773981,0.09632587330825823,0.10736700455543177,0.09967902405665059,0.10715743263365725,0.10302114470389694,0.09670089674722317,0.1,0.1,0.1,0.1,0.1,0.1,0.1,0.1,0.1,0.1,0.0063998756510517205,-0.0017499659983344548,0.003209937631230628,0.0068598667134710635,0.0007199860107433185,0.0073298575815951734,0.00449991256714574,0.004289916647345606,0.012039766068541048,0.006129880897022976
1980-05,4.720514480412662,0.06283593133400989,1.3236737065721662e-05,0.013236737065721661,"NoDur,Durbl,Manuf,Enrgy,HiTec,Telcm,Shops,Hlth,Utils,Other",1979-04,1980-03,0.10135939717832204,0.09359549598468177,0.09832052051479903,0.10179760509845388,0.0959484819906071,0.10224533927771903,0.09954940794299486,0.09934935650119553,0.10673220732950377,0.10110218818172291,0.1,0.1,0.1,0.1,0.1,0.1,0.1,0.1,0.1,0.1,0.007949894767940328,0.004369942155459023,0.00624991727039334,0.004129945332275919,0.004809936331294714,0.004999933816314672,0.010679858631648139,0.006969907739942652,0.0045999391110094975,0.008089892914797139
1980-06,4.855954186311186,0.02869172554400956,8.04360454014344e-06,0.00804360454014344,"NoDur,Durbl,Manuf,Enrgy,HiTec,Telcm,Shops,Hlth,Utils,Other",1979-05,1980-04,0.10156654278590582,0.09819824057957378,0.09996706967116714,0.0979724326104342,0.09861222185632967,0.09879098649856517,0.1041351084348685,0.10064449357858588,0.09841463988333254,0.10169826410123724,0.1,0.1,0.1,0.1,0.1,0.1,0.1,0.1,0.1,0.1,0.002989975949622425,0.0027899775583433333,0.0023399811779653756,0.005839953025349486,0.003029975627878243,-0.000569995415145412,0.002419980534477013,0.00021999823040700118,0.004549963401599342,0.00508995905805289
1980-07,5.221279888426323,0.07523252652279577,6.950520073879655e-06,0.006950520073879656,"NoDur,Durbl,Manuf,Enrgy,HiTec,Telcm,Shops,Hlth,Utils,Other",1979-06,1980-05,0.10011665208515602,0.0999222319432293,0.09948478662389423,0.10288713910761155,0.10015553611354135,0.09665597355886069,0.09956255468066491,0.09742393311947116,0.1016331291921843,0.1021580635753864,0.1,0.1,0.1,0.1,0.1,0.1,0.1,0.1,0.1,0.1,0.007739946202974629,0.011749918331389131,0.010829924725867602,0.0020099860294546515,0.015479892405949257,0.0009999930494799263,0.010819924795372802,0.008879938279381746,-0.00011999916593759114,0.006849952388937494
1980-08,5.335002777909299,0.021780653769405856,1.893348071461289e-05,0.018933480714612885,"NoDur,Durbl,Manuf,Enrgy,HiTec,Telcm,Shops,Hlth,Utils,Other",1979-07,1980-06,0.1002008853837283,0.10393028533164689,0.10307466240095235,0.09487184256538077,0.10739927830065847,0.0939325173914661,0.10306536215170568,0.1012611137978498,0.09289088947583797,0.09937316320077379,0.1,0.1,0.1,0.1,0.1,0.1,0.1,0.1,0.1,0.1,0.0014699721677833497,0.001529971031774507,0.0015799700851004711,0.003659930703460585,0.003659930703460585,0.006299880719071498,0.0017999659197347141,0.0002699948879602071,-0.001169977847827564,0.002699948879602071
1980-09,5.440061873988915,0.019692416377857347,7.437111054993553e-06,0.007437111054993553,"NoDur,Durbl,Manuf,Enrgy,HiTec,Telcm,Shops,Hlth,Utils,Other",1979-08,1980-07,0.09930514777843022,0.09936386768447837,0.09941280093951849,0.1014484243491877,0.1014484243491877,0.10403210021530633,0.09962810726169505,0.09813074965746721,0.09672147191231162,0.1005089058524173,0.1,0.1,0.1,0.1,0.1,0.1,0.1,0.1,0.1,0.1,0.000199998512577789,0.000929993083486719,0.0028299789529757148,0.006529951435664811,0.0019899852001490008,-0.0016199879518800913,0.0012799904804978496,0.003619973077657981,0.00011999910754667339,0.0038199715902357697
1980-10,5.475863872861163,0.006581174939099821,8.76728449543983e-06,0.00876728449543983,"NoDur,Durbl,Manuf,Enrgy,HiTec,Telcm,Shops,Hlth,Utils,Other",1979-09,1980-08,0.09826419535157398,0.09898009218397566,0.10084338530940472,0.1044719035010297,0.1000196136118466,0.09647935667353141,0.09932333039129154,0.10161812297734626,0.09818574090418748,0.10181425909581247,0.1,0.1,0.1,0.1,0.1,0.1,0.1,0.1,0.1,0.1,0.00028999745748749635,-0.001719984920270668,0.00041999631774051197,0.0077599319658723164,0.001959982816122389,-0.00320997185701677,-0.0011499899176228303,-0.0012399891285672258,0.0019199831668137689,0.0015599863230361876
1980-11,5.883315923351978,0.0744087252625436,1.049378963195486e-05,0.01049378963195486,"NoDur,Durbl,Manuf,Enrgy,HiTec,Telcm,Shops,Hlth,Utils,Other",1979-10,1980-09,0.09963341578994428,0.09763657497094151,0.099762564698636,0.10705451077399936,0.101292482540061,0.09615632978670562,0.09820284326289751,0.0981134324799571,0.1012527444143097,0.10089510128254803,0.1,0.1,0.1,0.1,0.1,0.1,0.1,0.1,0.1,0.1,0.0009299902407756425,0.0048899486853687,0.008409911747229198,0.024299745000911945,0.009829896846047919,-0.00045999517285676936,0.0025799729260227496,0.00887990681514807,0.0073899224508946195,0.007669919512633525
1980-12,5.816598332711869,-0.011340133949852005,2.036447571713111e-05,0.020364475717131108,"NoDur,Durbl,Manuf,Enrgy,HiTec,Telcm,Shops,Hlth,Utils,Other",1979-11,1980-10,0.09393905549040414,0.0976247649894827,0.1009009512108859,0.11569032594329964,0.10222259451611103,0.09264533422683868,0.09547476778168688,0.10133839653022098,0.09995160179445656,0.10021220751661362,0.1,0.1,0.1,0.1,0.1,0.1,0.1,0.1,0.1,0.1,0.0009999796355242827,-0.0010799780063662256,-0.0020699578455352654,-0.010589784340202154,-0.0011399767844976823,0.001219975155339625,-0.0013899716933787531,0.004609906119766944,-0.0019199609002066229,3.9999185420971316e-05
1981-01,5.688858115322326,-0.021961326892927624,1.1581098029696172e-05,0.011581098029696169,"NoDur,Durbl,Manuf,Enrgy,HiTec,Telcm,Shops,Hlth,Utils,Other",1979-12,1980-11,0.10215641056762552,0.1000525953796982,0.09905126026621355,0.09043370959258809,0.09999190840312336,0.10237892948173323,0.09973904600072825,0.10580774365821095,0.09920297770765062,0.10118541894242829,0.1,0.1,0.1,0.1,0.1,0.1,0.1,0.1,0.1,0.1,0.002029976490371,-0.002239974058340414,-0.001959977301047862,-0.01015988233604402,-0.008069906540538902,0.005549935724905935,0.0004399949043168671,-0.0016199812386211924,-0.0025599703523890445,-0.0033599610875106206
1981-02,5.805274431425049,0.020463916262768,1.576095291651756e-05,0.015760952916517558,"NoDur,Durbl,Manuf,Enrgy,HiTec,Telcm,Shops,Hlth,Utils,Other",1980-01,1980-12,0.10431982005009968,0.09995399008230661,0.1002402740146209,0.0918562445682736,0.09399314963447675,0.10791881805633656,0.10269413629160061,0.10058790450385971,0.09962680844537598,0.09880885435304942,0.1,0.1,0.1,0.1,0.1,0.1,0.1,0.1,0.1,0.1,0.002479960912836767,0.0064498983418536885,0.004379930967026225,-0.00030999511410459586,0.0004699925923521291,0.002129966429170288,0.002679957760646184,0.0017999716302847504,-0.001269979983589796,0.0016699736792086294
1981-03,6.123414238521019,0.0548018549086704,7.721856381310756e-06,0.007721856381310755,"NoDur,Durbl,Manuf,Enrgy,HiTec,Telcm,Shops,Hlth,Utils,Other",1980-02,1981-01,0.10042333019755408,0.10431365631859515,0.1022851991219818,0.09768932267168391,0.09845366886171213,0.10008035434305425,0.10061931640012543,0.09975697710881153,0.09674858889934147,0.09962958607714015,0.1,0.1,0.1,0.1,0.1,0.1,0.1,0.1,0.1,0.1,0.006939946410316714,0.0069799461014424585,0.006049953282768894,-0.002049984170194418,0.004979961545155221,0.0011699909654280336,0.012839900851364062,0.005869954672703042,0.0029999768344308557,0.009029930271636875
1981-04,6.148617518546117,0.004115886831001836,1.4055121347214012e-05,0.014055121347214011,"NoDur,Durbl,Manuf,Enrgy,HiTec,Telcm,Shops,Hlth,Utils,Other",1980-03,1981-02,0.10138318749348224,0.10142110901489367,0.10053943364207772,0.09286032555626132,0.09952503294432172,0.09591300802988216,0.10697661190166949,0.10036878679572624,0.09764791763445549,0.10336458698722993,0.1,0.1,0.1,0.1,0.1,0.1,0.1,0.1,0.1,0.1,0.0011499838366104509,0.0018699737169230813,-0.001019985663776226,-0.0077998903700534925,0.000169997610629371,0.006199912858247648,0.0028899593806993073,0.003029957412982318,-0.002689962191723576,0.00032999536180995545
1981-05,6.293642939992567,0.023586671476800936,1.3021222351687514e-05,0.013021222351687513,"NoDur,Durbl,Manuf,Enrgy,HiTec,Telcm,Shops,Hlth,Utils,Other",1980-04,1981-03,0.10073396870923088,0.10145100733968708,0.09857289394799477,0.09182078017786542,0.09975799946222103,0.10576319799229182,0.10246681206616672,0.10260623624431099,0.09690976268013106,0.09991734138010018,0.1,0.1,0.1,0.1,0.1,0.1,0.1,0.1,0.1,0.1,0.002649965493760768,0.002879962498879627,-0.0004099946612988358,-0.003949948566171711,0.004259944529592782,0.007209906116986844,0.0028599627593040747,0.003459954946570663,0.001839976040950873,0.0027999635405774152
1981-06,6.201697577252944,-0.014609243583769471,9.380539648375164e-06,0.009380539648375163,"NoDur,Durbl,Manuf,Enrgy,HiTec,Telcm,Shops,Hlth,Utils,Other",1980-05,1981-04,0.10028331379445096,0.10050801094177414,0.09729386479093396,0.09383548261039469,0.10185619382571318,0.10473817897616257,0.1004884720593982,0.10107463853067605,0.09949198905822587,0.10042985541227042,0.1,0.1,0.1,0.1,0.1,0.1,0.1,0.1,0.1,0.1,-0.0001799983115028633,-0.004299959663679512,-0.0012499882743254396,0.004709955817658257,-0.006739936775162771,-0.0019099820831692716,-0.0014299865858283028,-0.0055999474689779685,0.0034599675433328167,-0.0013599872424660782
1981-07,6.144128582855382,-0.009282780026023563,1.289960536544826e-05,0.012899605365448256,"NoDur,Durbl,Manuf,Enrgy,HiTec,Telcm,Shops,Hlth,Utils,Other",1980-06,1981-05,0.1012989648873554,0.09711792165618023,0.10021311142683174,0.10626141668358029,0.09464176983965901,0.09954333265678912,0.1000304444895474,0.09579866044245992,0.10499289628577228,0.10010148163182464,0.1,0.1,0.1,0.1,0.1,0.1,0.1,0.1,0.1,0.1,-0.0007599901962999223,-0.0029099624621483867,-0.002859963107128655,0.0079398975771334,-0.0037899511104956657,0.0003399956141341758,-0.003399956141341758,-0.003899949691539075,0.0027999638811049767,-0.0027299647840773526
1981-08,5.81269343203024,-0.0539433943081824,1.4157840521904044e-05,0.014157840521904042,"NoDur,Durbl,Manuf,Enrgy,HiTec,Telcm,Shops,Hlth,Utils,Other",1980-07,1981-06,0.1001685625750709,0.0979984455906251,0.09804891342747267,0.1089499661865493,0.09711021166210773,0.10127885498571759,0.09750386078951884,0.09699918242104305,0.10376187255861839,0.09818012980327635,0.1,0.1,0.1,0.1,0.1,0.1,0.1,0.1,0.1,0.1,-0.004929930201846227,-0.007929887728324661,-0.006919902027743589,-0.006339910239291092,-0.007309896506185786,-0.0007699890984627981,-0.005609920574514673,-0.007749890276735955,-0.0008499879658355565,-0.005519921848720319
1981-09,5.571874970886512,-0.041429754374576744,1.0175858641625896e-05,0.010175858641625894,"NoDur,Durbl,Manuf,Enrgy,HiTec,Telcm,Shops,Hlth,Utils,Other",1980-08,1981-07,0.10048939296246576,0.09731838024670478,0.09838595452767764,0.09899901698605809,0.09797372287462872,0.10488653059498768,0.0997706300802266,0.09750864100965044,0.10480197025590071,0.09986576046169944,0.1,0.1,0.1,0.1,0.1,0.1,0.1,0.1,0.1,0.1,-0.0021699779183867477,-0.002959969879458421,-0.00716992703909354,-0.012299874836938708,-0.003909960212392712,0.0028399711005614573,-0.0036299630616331304,-0.0012899868731423522,-0.005539943625743124,-0.005289946169707785
1981-10,5.8757365689046575,0.05453489168472858,1.4326788935022386e-05,0.014326788935022382,"NoDur,Durbl,Manuf,Enrgy,HiTec,Telcm,Shops,Hlth,Utils,Other",1980-09,1981-08,0.10205720962256672,0.10123307392184273,0.09684116088380731,0.09148949487784014,0.10024202466147844,0.10728369045880366,0.10053412339084898,0.10297523420058838,0.09854159277264288,0.09880239520958084,0.1,0.1,0.1,0.1,0.1,0.1,0.1,0.1,0.1,0.1,0.00740989383849399,-0.00414994054382592,0.0036999469908809406,0.009599862462826224,0.005209925357429648,0.0060199137527306105,0.006759903150906799,0.007959885958760076,0.004889929942002108,0.007149897563459114
1981-11,6.10628875194622,0.03923800536968969,1.1541621660150937e-05,0.011541621660150932,"NoDur,Durbl,Manuf,Enrgy,HiTec,Telcm,Shops,Hlth,Utils,Other",1980-10,1981-09,0.10185387131952017,0.09089184960409653,0.09833578303541796,0.10393058650609266,0.0997676734152008,0.1005357735527002,0.10123749466597126,0.10237542079560001,0.0994642264472998,0.10160732065810062,0.1,0.1,0.1,0.1,0.1,0.1,0.1,0.1,0.1,0.1,0.002659969299286384,0.004859943907718732,0.004669946100626847,0.006849920939891627,0.0014999826875675096,0.0026999688376215174,0.0010699876504648236,0.0039399545260106585,0.005949931327351122,0.005049941714810616
1981-12,5.986072229355371,-0.019687330140182646,7.477293315090442e-06,0.007477293315090442,"NoDur,Durbl,Manuf,Enrgy,HiTec,Telcm,Shops,Hlth,Utils,Other",1980-11,1981-10,0.09878277604041376,0.10089968727447678,0.10071686312244406,0.1028145297089247,0.09766658648063509,0.09882126533557854,0.09725282655761366,0.10001443348568678,0.10194852056771711,0.1010825114265095,0.1,0.1,0.1,0.1,0.1,0.1,0.1,0.1,0.1,0.1,-0.0018099864660991,0.00046999648567214186,-0.0016599875876930972,-0.0064099520705498516,-1.99998504541337e-05,-0.0014499891579246933,-0.001919985643596835,-0.000739994466802947,-0.0023499824283607098,-0.0037899716610583366
1982-01,5.92353746883305,-0.010446709983827795,6.78077512025988e-06,0.00678077512025988,"NoDur,Durbl,Manuf,Enrgy,HiTec,Telcm,Shops,Hlth,Utils,Other",1980-12,1981-11,0.10016117186224907,0.10248694303900768,0.10031418312387792,0.09546882650563084,0.10198710625102009,0.10052839889015833,0.10004896360372124,0.10125265219520158,0.09961033132038519,0.09814142320874818,0.1,0.1,0.1,0.1,0.1,0.1,0.1,0.1,0.1,0.1,-0.0009199937616868895,0.0011599921343008605,-0.003299977623442104,-0.008469942566834733,0.002699981691907176,0.0006699954568806695,0.00012999911849923438,0.0014399902356838272,-0.0006699954568806695,-0.0031799784371351184
1982-02,5.691089112657392,-0.0392414764654897,1.194507060998274e-05,0.01194507060998274,"NoDur,Durbl,Manuf,Enrgy,HiTec,Telcm,Shops,Hlth,Utils,Other",1981-01,1981-12,0.10012530821779377,0.10222725251626986,0.09772019887626823,0.09249565463438296,0.10378349973725695,0.10173208294595579,0.10118638586846679,0.10251020655644932,0.10037794575366828,0.09784146489348801,0.1,0.1,0.1,0.1,0.1,0.1,0.1,0.1,0.1,0.1,-0.001939976826563017,-0.00204997551260525,-0.005619932868703173,-0.01119986621520917,-0.005319936452224357,-0.005689932032548231,-0.0014099831574504401,-0.0017399792155771388,-0.00033999593867599273,-0.003919953175323209
1982-03,5.699041540688885,0.0013973473045443274,1.2634880274563257e-05,0.012634880274563255,"NoDur,Durbl,Manuf,Enrgy,HiTec,Telcm,Shops,Hlth,Utils,Other",1981-02,1982-01,0.10206396952444392,0.10194947802283584,0.09823370837973708,0.09242586675270875,0.09854595792957731,0.098160850151441,0.10261561039582832,0.10227213589100408,0.10372930045692517,0.1000031224954984,0.1,0.1,0.1,0.1,0.1,0.1,0.1,0.1,0.1,0.1,0.002469968791845722,0.0035099556515702356,-0.0017699776362619139,-0.0034099569150582635,-0.003559955019826222,0.0020499740984954366,0.004279945922712425,-0.002559967654706497,0.001659979026098744,-0.001259984080050854
1982-04,5.955134573263728,0.044936158255110215,1.3246322685014114e-05,0.013246322685014111,"NoDur,Durbl,Manuf,Enrgy,HiTec,Telcm,Shops,Hlth,Utils,Other",1981-03,1982-02,0.10232572073376536,0.10336425639847811,0.0980916907160903,0.0964539998601971,0.096304211062402,0.10190631209993906,0.10413317222715969,0.09730280304770272,0.10151686122567179,0.09860097262859367,0.1,0.1,0.1,0.1,0.1,0.1,0.1,0.1,0.1,0.1,0.006679911514564464,0.0044399411863272785,0.0032499569494512737,0.004309942908349228,0.007439901447359224,-0.0013599819850011485,0.005309929662026542,0.007389902109675357,0.0038499490016576624,0.003639951783385427
1982-05,5.807338560453098,-0.02481824902398977,8.45888902664354e-06,0.008458889026643539,"NoDur,Durbl,Manuf,Enrgy,HiTec,Telcm,Shops,Hlth,Utils,Other",1981-04,1982-03,0.10209100913919328,0.09994736590267478,0.09880855543327433,0.09982295803626969,0.10281831666586917,0.09439686109383225,0.10077994162400115,0.1027704674864826,0.0993827455859132,0.09918177903248959,0.1,0.1,0.1,0.1,0.1,0.1,0.1,0.1,0.1,0.1,-0.0032899721702551025,-0.0019499835051663983,-0.004749959820277124,0.0023399802061996777,-0.005449953899054806,0.0001999983082221947,-0.002729976907232958,-0.003049974200388469,-0.0005399954321999257,-0.005589952714810342
1982-06,5.737243383587489,-0.012070103393479359,1.0226727816866486e-05,0.010226727816866486,"NoDur,Durbl,Manuf,Enrgy,HiTec,Telcm,Shops,Hlth,Utils,Other",1981-05,1982-04,0.09917041807237564,0.10054450927511561,0.09767327392610671,0.1049436520062757,0.09695546508885448,0.10274920784667603,0.09974466514217742,0.09941652395943355,0.10199038136158081,0.09681190332140403,0.1,0.1,0.1,0.1,0.1,0.1,0.1,0.1,0.1,0.1,0.0016599830236318242,0.0026699726946367293,-0.0025699737173095105,-0.006259935980683868,-0.002379975660387796,-0.002449974944516849,0.002649972899171285,-0.0007499923299541374,-0.0022099773989315247,-0.0024199752513186833
1982-07,5.661792661702327,-0.013151040811865133,1.1187819817528357e-05,0.011187819817528357,"NoDur,Durbl,Manuf,Enrgy,HiTec,Telcm,Shops,Hlth,Utils,Other",1981-06,1982-05,0.10290098588983138,0.10392331518108389,0.09861934935319959,0.09488430471486123,0.09881166872482135,0.09874081421948702,0.10390307103670264,0.10046156649189224,0.09898374395206187,0.09877118043605887,0.1,0.1,0.1,0.1,0.1,0.1,0.1,0.1,0.1,0.1,-0.0004499949654810822,-0.00032999630801946024,-0.002329973932379825,-0.00810990926678128,0.0015099831063920756,0.001199986574616219,0.00021999753867964016,0.0007799912735005425,-0.002589971023546673,-0.003039965989027755
1982-08,6.336722137400054,0.11920773437415089,1.0959083870205302e-05,0.010959083870205302,"NoDur,Durbl,Manuf,Enrgy,HiTec,Telcm,Shops,Hlth,Utils,Other",1981-07,1982-06,0.1008755041241919,0.10099710191921854,0.0989704720021077,0.09311351154165738,0.1028616014429605,0.10254747380580832,0.10155442514642402,0.10212188152321504,0.09870701011288328,0.09825101838153336,0.1,0.1,0.1,0.1,0.1,0.1,0.1,0.1,0.1,0.1,0.00915989961479175,0.01385984810709756,0.013959847011189176,0.010049889861207107,0.01285985906618143,0.010849881093940009,0.012599861915543237,0.012439863668996657,0.012079867614266849,0.011359875504807236
1982-09,6.455626254471177,0.018764293982426183,5.60088888930352e-06,0.00560088888930352,"NoDur,Durbl,Manuf,Enrgy,HiTec,Telcm,Shops,Hlth,Utils,Other",1981-08,1982-07,0.09753220993191687,0.1017315630528404,0.10182091099158345,0.09832740658673006,0.10083808366540985,0.09904219009667448,0.10060577902467792,0.10046282232268902,0.10014116974321403,0.09949786458426405,0.1,0.1,0.1,0.1,0.1,0.1,0.1,0.1,0.1,0.1,0.005139971211431109,-0.0007499957993333331,-0.0010399941750755552,0.0018499896383555553,0.0011699934469599994,0.0009999943991111108,0.0047699732837599975,0.0013599923827911108,0.0010699940070488885,0.004199976476266665
1982-10,7.205387286557229,0.11614071238507129,8.32111716981478e-06,0.008321117169814778,"NoDur,Durbl,Manuf,Enrgy,HiTec,Telcm,Shops,Hlth,Utils,Other",1981-09,1982-08,0.10320288190661289,0.09742140031606741,0.09713674332773836,0.09997349745281076,0.0993060258939702,0.09913915800426004,0.10283969885253787,0.09949252530011682,0.09920786831178775,0.10228020063409798,0.1,0.1,0.1,0.1,0.1,0.1,0.1,0.1,0.1,0.1,0.010459912961114407,0.016519862535144356,0.013059891326209765,0.005499954233855567,0.016989858624219287,0.008119932432528582,0.01686985962275335,0.008219931600416867,0.004729960641115788,0.015679869524882782
1982-11,7.604638515744508,0.055410099875151,1.8854992608520365e-05,0.018854992608520364,"NoDur,Durbl,Manuf,Enrgy,HiTec,Telcm,Shops,Hlth,Utils,Other",1981-10,1982-09,0.09896519285042332,0.10439457062222819,0.10129462885812839,0.0945213456972629,0.10481566097746718,0.09686870044348878,0.10470814854634233,0.09695829413609282,0.09383147426421179,0.10364198360435424,0.1,0.1,0.1,0.1,0.1,0.1,0.1,0.1,0.1,0.1,0.005229901388388658,0.00824984444631098,0.005789890829592797,-0.004579913644133854,0.010689798440129015,0.005999886870044349,0.011189789012632711,0.005169902519688214,0.00011999773740088697,0.007569857267705954
1982-12,7.704673097199093,0.013154416379881129,1.5381051668359106e-05,0.015381051668359106,"NoDur,Durbl,Manuf,Enrgy,HiTec,Telcm,Shops,Hlth,Utils,Other",1981-11,1982-10,0.09970343840898972,0.10256483139573447,0.10023402783699537,0.0904086486076765,0.10487668533204478,0.10043299887249749,0.10535042589276411,0.0996465895417034,0.09486180987843819,0.10192054423315616,0.1,0.1,0.1,0.1,0.1,0.1,0.1,0.1,0.1,0.1,0.0009699850803798818,0.0030299533954134448,0.0007299887718322822,0.005529914942784275,0.002649959240213079,-0.0012299810813064481,-0.002069968161223047,0.0005799910789900324,0.00433993324623576,-0.0013599790817697313
1983-01,8.03473680744847,0.04283941785529688,1.0147331546344383e-05,0.010147331546344382,"NoDur,Durbl,Manuf,Enrgy,HiTec,Telcm,Shops,Hlth,Utils,Other",1981-12,1982-11,0.0996575105855878,0.10169073304578699,0.09942063029896267,0.10415823603146561,0.10131567259196383,0.09748610795819063,0.09665702695500263,0.09927258011982194,0.10298370461028258,0.09735779780293534,0.1,0.1,0.1,0.1,0.1,0.1,0.1,0.1,0.1,0.1,-0.0010099897511951382,0.0051699475382959055,0.005029948958922323,0.003639963063713172,0.008379914965361644,0.012439873767195565,0.0012599872143622516,0.0014199855907892044,0.0036699627592932252,0.0028499710801050933
1983-02,8.283703404593236,0.030986279091801183,1.3308349368352232e-05,0.01330834936835223,"NoDur,Durbl,Manuf,Enrgy,HiTec,Telcm,Shops,Hlth,Utils,Other",1982-01,1982-12,0.09492256796279427,0.1008486359495613,0.10071438845471545,0.09938150261303161,0.10392673922424127,0.10781991657477107,0.09709929520065207,0.09725272090904732,0.09941026993335571,0.09862396317782998,0.1,0.1,0.1,0.1,0.1,0.1,0.1,0.1,0.1,0.1,0.0037599499606063747,0.0036399515576082996,0.004059945968101565,-0.0005899921480738726,0.0036099519568587807,-0.0003699950759107337,0.007909894730956497,0.0028299623373712877,0.0015899788397245045,0.00455993931392688
1983-03,8.564860859545883,0.033941033523333,8.672060222511081e-06,0.008672060222511081,"NoDur,Durbl,Manuf,Enrgy,HiTec,Telcm,Shops,Hlth,Utils,Other",1982-02,1983-01,0.10064015518913676,0.10052376333656644,0.10093113482056255,0.09642095053346265,0.10049466537342386,0.09663433559650825,0.10466537342386033,0.09973811833171678,0.09853540252182347,0.1014161008729389,0.1,0.1,0.1,0.1,0.1,0.1,0.1,0.1,0.1,0.1,0.007519934786107126,-0.0011499900271307443,0.002099981788673533,0.005929948574682881,0.0006599942764402532,0.0006399944498814577,0.008509926200767506,0.00453996062884659,0.0002499978319849444,0.004949957073301899
1983-04,9.18277266121806,0.07214499007108666,1.3999709850573049e-05,0.013999709850573049,"NoDur,Durbl,Manuf,Enrgy,HiTec,Telcm,Shops,Hlth,Utils,Other",1982-03,1983-02,0.10398955462062963,0.09560423618163354,0.09874752164031143,0.10245176265776874,0.097354804390928,0.09733546109579767,0.10494704772958074,0.10110740364621114,0.09695826684075633,0.1015039411963828,0.1,0.1,0.1,0.1,0.1,0.1,0.1,0.1,0.1,0.1,0.006199913201798927,0.010879847683156828,0.006339911241839548,0.0093598689627158,0.007489895142173221,0.005139928041491369,0.008579879882489483,0.0050499293014652545,0.0047799330813869155,0.008339883242419847
1983-05,9.223378619116033,0.004421971380111245,7.993209968661396e-06,0.007993209968661395,"NoDur,Durbl,Manuf,Enrgy,HiTec,Telcm,Shops,Hlth,Utils,Other",1982-04,1983-03,0.09905238024175496,0.10341740038800179,0.09918295776749739,0.10199970153708401,0.10025555887181017,0.0980637218325623,0.10127219817937622,0.09797977913744217,0.09772795105208179,0.10104835099238921,0.1,0.1,0.1,0.1,0.1,0.1,0.1,0.1,0.1,0.1,-0.0009499924064505298,-0.0020799833741232654,0.0020099839336479627,0.001329989369030742,0.0027999776190120876,-0.0013099895288949412,0.0004699962431913147,-0.002749978018672586,0.0025399796972466796,0.0023699810560923744
1983-06,9.610583484747979,0.0419808056919011,8.823796868501398e-06,0.008823796868501396,"NoDur,Durbl,Manuf,Enrgy,HiTec,Telcm,Shops,Hlth,Utils,Other",1982-05,1983-04,0.09861314377308524,0.09748812759475523,0.10156008880658682,0.10088308792051214,0.10234660454187948,0.09825473153928098,0.10002688091753532,0.096821082604064,0.10208775126190973,0.10191850104039106,0.1,0.1,0.1,0.1,0.1,0.1,0.1,0.1,0.1,0.1,0.0031899718520879894,0.010319908938416318,0.001579986058400948,0.006429943262986135,0.006129945910125196,0.00017999841171656368,0.006109946086601134,0.006919938939325671,-0.0005499951469117224,0.0016799851760212609
1983-07,9.288303772055814,-0.03353383415311084,1.4313956947763418e-05,0.014313956947763417,"NoDur,Durbl,Manuf,Enrgy,HiTec,Telcm,Shops,Hlth,Utils,Other",1982-06,1983-05,0.09903166057255827,0.10587433660591752,0.09748654017792878,0.1021410954039866,0.10185318477144695,0.09614295722607703,0.10183399072927764,0.10261134943713471,0.09544237468689719,0.09758251038877531,0.1,0.1,0.1,0.1,0.1,0.1,0.1,0.1,0.1,0.1,-0.0026599619248745187,-0.003899944175567903,-0.002579963069991075,-0.0022699675073177285,-0.00535992327719076,-0.0051699259968425795,-0.0032799530502212104,-0.005679918696724536,0.0010199853997639133,-0.0036399478971967103
1983-08,9.304769656178008,0.0017727546951826767,7.232431090141545e-06,0.0072324310901415445,"NoDur,Durbl,Manuf,Enrgy,HiTec,Telcm,Shops,Hlth,Utils,Other",1982-07,1983-06,0.10071600033109841,0.09943299395745385,0.10079877493584967,0.10111952652926082,0.0979223574207433,0.09811894710702757,0.10007449714427613,0.09759125900173825,0.10452363214965647,0.09970201142289545,0.1,0.1,0.1,0.1,0.1,0.1,0.1,0.1,0.1,0.1,0.0007199947926496152,-0.002369982859138317,0.000599995660541346,0.0068699503131984105,-0.0011099919720014902,0.002199984088651602,-0.004729965790600944,-0.001009992695244599,0.0015199890067047431,-0.0009099934184877081
1983-09,9.499134846376775,0.02088876967198372,1.1000419253728368e-05,0.011000419253728369,"NoDur,Durbl,Manuf,Enrgy,HiTec,Telcm,Shops,Hlth,Utils,Other",1982-08,1983-07,0.10054103695422148,0.09745652738126136,0.10042125017468906,0.10668010940525864,0.0987142885663519,0.10201840723512148,0.09510072071712353,0.09881411088262891,0.1013396154844377,0.09891393319890594,0.1,0.1,0.1,0.1,0.1,0.1,0.1,0.1,0.1,0.1,0.004659948738046278,0.004389951708159476,0.0022799749190441014,-0.004599949398071433,0.002159976239094412,0.0022599751390524865,0.0021899759090818344,0.0012999856994549705,0.004659948738046278,0.0015999823993291943
1983-10,9.293690981586096,-0.021627639581202618,7.808398784272489e-06,0.007808398784272489,"NoDur,Durbl,Manuf,Enrgy,HiTec,Telcm,Shops,Hlth,Utils,Other",1982-09,1983-08,0.10251738661964933,0.10225291409540603,0.1001861102948379,0.09344695856597121,0.10006856695072976,0.10016651973748654,0.10009795278675679,0.09922617298462143,0.10251738661964933,0.09952003134489178,0.1,0.1,0.1,0.1,0.1,0.1,0.1,0.1,0.1,0.1,-0.0002099983602362553,3.999968766404863e-05,-0.002289982118766784,-0.002049983992782492,-0.0069499457316284504,-0.005189959474410311,-0.0017699861791341518,-0.0021799829776906502,0.003049976184383708,-0.004069968219816948
1983-11,9.50316784330033,0.02253968440840981,1.00881048263456e-05,0.0100881048263456,"NoDur,Durbl,Manuf,Enrgy,HiTec,Telcm,Shops,Hlth,Utils,Other",1982-10,1983-09,0.10199513481469369,0.10225065925305096,0.09986917148756107,0.10011447494838407,0.09510619595658128,0.09690508800261657,0.10040066231934423,0.09998160224043828,0.10532717349087267,0.09804983748645721,0.1,0.1,0.1,0.1,0.1,0.1,0.1,0.1,0.1,0.1,0.0022999767973588994,0.004229957327316585,0.006479934629080726,-0.00044999546035282814,0.0023299764947157546,0.0031699680207077003,0.004439955208814571,-0.003029969433042376,-0.0016399834555080846,0.0047199523841452195
1983-12,9.383413874553964,-0.012601478866943516,1.1625228571214202e-05,0.011625228571214202,"NoDur,Durbl,Manuf,Enrgy,HiTec,Telcm,Shops,Hlth,Utils,Other",1982-11,1983-10,0.10004400762798886,0.10193144589506627,0.10413182729450883,0.09735465258422571,0.10007334604664808,0.10089482176910665,0.10213681482568089,0.09483154857953156,0.09619089531074275,0.10241064006650043,0.1,0.1,0.1,0.1,0.1,0.1,0.1,0.1,0.1,0.1,-0.00046999453614257153,0.0009199893047897146,-0.001109987095996286,0.0020999755870200008,0.0003599958149177144,-0.0015299822134002862,-0.004719945128921144,-0.0036299578004202865,-0.0036399576841680014,-0.0008699898860511431
1984-01,9.304137909984924,-0.008448520509579338,8.593034792890988e-06,0.008593034792890988,"NoDur,Durbl,Manuf,Enrgy,HiTec,Telcm,Shops,Hlth,Utils,Other",1982-12,1983-11,0.10079906016750895,0.10220678340304433,0.10015089982884517,0.10340182902745568,0.10163964310671353,0.09972554460659708,0.0964948704185698,0.09759876849535655,0.09758864099006494,0.10039395995584409,0.1,0.1,0.1,0.1,0.1,0.1,0.1,0.1,0.1,0.1,-0.000709993898945297,-0.005379953769472814,-0.003489970010308573,0.009849915358607289,-0.006199946723184285,0.004099964768557349,-0.005849949730746462,-0.000569995101970168,0.001439987626029898,-0.0016299859933532875
1984-02,8.943623313657252,-0.038747770058392916,1.8486022025898587e-05,0.018486022025898587,"NoDur,Durbl,Manuf,Enrgy,HiTec,Telcm,Shops,Hlth,Utils,Other",1983-01,1983-12,0.1001351405865505,0.09542539029408206,0.09733147767154787,0.11078502561620075,0.09459841058534028,0.10498608253660899,0.09495138972931544,0.10027633224414055,0.10230344104239786,0.09920730969381582,0.1,0.1,0.1,0.1,0.1,0.1,0.1,0.1,0.1,0.1,-0.005649895553975554,-0.0060898874201258625,-0.006589878177114849,0.0039599267953527775,-0.005929890377889387,-0.0036799319714389445,-0.0044499177372019855,-0.002029962473375287,-0.0033399382566864336,-0.004929908863911412
1984-03,8.994772950574983,0.005719117982040167,1.0820019249544436e-05,0.010820019249544436,"NoDur,Durbl,Manuf,Enrgy,HiTec,Telcm,Shops,Hlth,Utils,Other",1983-02,1984-01,0.09815140387196106,0.09769367607435997,0.09717353084981328,0.1081485950877485,0.09786012254621491,0.10020077605667503,0.09939975241087314,0.10191725529767912,0.10055447480936679,0.0989004129953083,0.1,0.1,0.1,0.1,0.1,0.1,0.1,0.1,0.1,0.1,0.0016299823633686233,0.0003699959965928777,0.003289964402136669,0.00026999707859480266,0.0017899806321655433,-0.004299953473917227,0.001209986907776708,-0.0006699927505871029,-0.0003099966457940326,0.002449973490952839
1984-04,9.063425381944956,0.007632480747119308,7.462241357024249e-06,0.007462241357024249,"NoDur,Durbl,Manuf,Enrgy,HiTec,Telcm,Shops,Hlth,Utils,Other",1983-03,1984-02,0.10105097789665218,0.0997981565628946,0.10270152028874549,0.09969872629831067,0.10121006631998647,0.09515476320682488,0.10063337078539965,0.09876408181122169,0.09912203076372386,0.10186630606624043,0.1,0.1,0.1,0.1,0.1,0.1,0.1,0.1,0.1,0.1,0.0005699957465224266,0.0013199901498414089,-0.00012999902990862362,0.0039799703002794,-0.00042999679123621656,0.002199983583069015,0.0003399974628379387,0.002319982687600052,-0.0004999962688793216,-0.002029984851650045
1984-05,8.631495227133652,-0.0476563922147738,6.71204365411581e-06,0.006712043654115809,"NoDur,Durbl,Manuf,Enrgy,HiTec,Telcm,Shops,Hlth,Utils,Other",1983-04,1984-03,0.09980747092215474,0.1005517843674328,0.09911277837322852,0.10319161605335238,0.0988150529951173,0.10142511214322575,0.09957921479893612,0.10154420229447024,0.09874558374022467,0.0972271843118574,0.1,0.1,0.1,0.1,0.1,0.1,0.1,0.1,0.1,0.1,-0.002409983823974794,-0.005789961137267243,-0.00580996100302637,-0.005119965634336492,-0.005599962412555537,-0.003569976038004155,-0.005179965231613872,-0.0064599566401979955,-0.0008299944290037672,-0.006879953821139661
1984-06,8.95545118606428,0.03753184707931623,7.857933847157204e-06,0.007857933847157201,"NoDur,Durbl,Manuf,Enrgy,HiTec,Telcm,Shops,Hlth,Utils,Other",1983-05,1984-04,0.10247283036698691,0.09892371502073816,0.09890271433821599,0.09962723788523126,0.09912322150469889,0.10125479078070036,0.0995642358376647,0.09822019215624507,0.10413188428623929,0.09777917782327925,0.1,0.1,0.1,0.1,0.1,0.1,0.1,0.1,0.1,0.1,0.006319950337858087,0.0021099834197595823,0.0031899749331910274,-0.0019999842841323056,0.0017899859342984136,0.012209904054627728,0.007399941851289532,0.00385996966837535,0.0004399965425091073,0.0022199825553868595
1984-07,8.837471618502764,-0.013174050654768288,1.4238027206397091e-05,0.014238027206397089,"NoDur,Durbl,Manuf,Enrgy,HiTec,Telcm,Shops,Hlth,Utils,Other",1983-06,1984-05,0.10247315766139135,0.09841548277656764,0.09945640649999035,0.09445418971798678,0.09810706093259054,0.10815004722709486,0.10351408138481408,0.1001021647358174,0.09680590627831215,0.09852150278543477,0.1,0.1,0.1,0.1,0.1,0.1,0.1,0.1,0.1,0.1,-0.001579977503917014,0.002529963977791168,-0.0014699790701000067,-0.0074698936419367685,-0.0024499651168333448,0.0028099599911435504,0.00011999829143673523,-0.0037699463226374317,-9.999857619727937e-06,-0.0018699733748891243
1984-08,9.760439570613892,0.10443801032172328,1.0855790915578295e-05,0.010855790915578293,"NoDur,Durbl,Manuf,Enrgy,HiTec,Telcm,Shops,Hlth,Utils,Other",1983-07,1984-06,0.09973247942928945,0.10389728831421507,0.09984394633375218,0.09376393336305784,0.09885087754853877,0.10418102225284746,0.10145514977098619,0.09751327469498601,0.10132341615662113,0.0994386121357059,0.1,0.1,0.1,0.1,0.1,0.1,0.1,0.1,0.1,0.1,0.008689905663176942,0.009999891442090845,0.011899870816088105,0.014009847910369274,0.013959848453158818,0.006719927049085047,0.00985989296190157,0.01043988666554284,0.007779915541946678,0.011089879609278746
1984-09,9.783783311900924,0.0023916690552865383,8.310998317525303e-06,0.008310998317525301,"NoDur,Durbl,Manuf,Enrgy,HiTec,Telcm,Shops,Hlth,Utils,Other",1983-08,1984-07,0.09841097378785822,0.09959708452170764,0.10131739779980986,0.10322785096654444,0.10318257956448912,0.09662728054687854,0.09947032459595273,0.09999547285979447,0.09758703427045136,0.10058400108651365,0.1,0.1,0.1,0.1,0.1,0.1,0.1,0.1,0.1,0.1,0.0012599895281421199,-0.0001999983378003365,-0.0025699786407343238,0.0022499813002537857,-0.003939967254666629,0.002919975731884913,5.999950134010094e-05,-0.004419963265387437,0.004859959608548178,0.0021799818820236678
1984-10,9.818004211371306,0.00349771641290908,1.2240622505985637e-05,0.012240622505985635,"NoDur,Durbl,Manuf,Enrgy,HiTec,Telcm,Shops,Hlth,Utils,Other",1983-09,1984-08,0.10101755786113328,0.09956105347166799,0.09719672785315242,0.10200518754988028,0.09583000798084597,0.10267358339984037,0.09982043096568236,0.0953511572226656,0.10460893854748603,0.10193535514764565,0.1,0.1,0.1,0.1,0.1,0.1,0.1,0.1,0.1,0.1,0.001379983107940942,0.002149973682661612,0.0005899927780327215,-0.004349946753292098,-0.0005499932676576218,-0.0007999902075019953,-0.000689991553970471,0.0016599796805666404,0.0033499589939146052,0.0007699905747206705
1984-11,9.726621219937627,-0.009307695277604222,7.767515498547883e-06,0.007767515498547882,"NoDur,Durbl,Manuf,Enrgy,HiTec,Telcm,Shops,Hlth,Utils,Other",1983-10,1984-09,0.10102540084304093,0.10179270759633685,0.10023816404420484,0.09531544279578678,0.09910215144841605,0.09885302587916414,0.09896264112963499,0.10130442148060309,0.1029885103287461,0.10041753445406623,0.1,0.1,0.1,0.1,0.1,0.1,0.1,0.1,0.1,0.1,0.0003799970483441106,-0.0030299764644280396,-0.0013499895138540774,-0.0009899923101596565,-0.0037999704834411063,-0.00023999813579628036,-0.0029099773965299,-7.999937859876013e-05,0.0030599762314025753,-0.00033999735904473056
1984-12,9.980605713616745,0.026112304358938188,7.499747653174523e-06,0.0074997476531745225,"NoDur,Durbl,Manuf,Enrgy,HiTec,Telcm,Shops,Hlth,Utils,Other",1983-11,1984-10,0.10132229736549914,0.09788028666599373,0.09957605733319874,0.09993943676188553,0.09710305844352478,0.10069647723831635,0.09800141314222266,0.10085797920662158,0.10402745533461188,0.10059553850812557,0.1,0.1,0.1,0.1,0.1,0.1,0.1,0.1,0.1,0.1,0.002439981700615726,0.00460996542616332,0.0021599838005450693,-0.0005699957251438377,0.002539980950640961,0.005119961601292016,0.0007599943001917837,0.00270997967568386,0.002649980125668719,0.003699972250933684
1985-01,10.796559746900428,0.08175395929832807,5.584142205589993e-06,0.005584142205589992,"NoDur,Durbl,Manuf,Enrgy,HiTec,Telcm,Shops,Hlth,Utils,Other",1983-12,1984-11,0.09983237827934355,0.10194714068529998,0.09955950571083304,0.0968989981678556,0.0999298327680973,0.10244415857794409,0.09819514286828052,0.10009550539897868,0.10003703270572642,0.10106030483764082,0.1,0.1,0.1,0.1,0.1,0.1,0.1,0.1,0.1,0.1,0.004839972972751725,0.009839945052040699,0.008469952702315521,0.006539963479709977,0.012559929863173901,0.005859967276926677,0.013129926680212843,0.008309953595778274,0.002399986598058707,0.009809945219564966
1985-02,11.004260612903732,0.0192376896782267,1.2077823667590828e-05,0.012077823667590826,"NoDur,Durbl,Manuf,Enrgy,HiTec,Telcm,Shops,Hlth,Utils,Other",1984-01,1984-12,0.09691613666617363,0.10153823398905487,0.1002717793225854,0.09848764975595325,0.10405265493270224,0.0978590445200414,0.1045795740275107,0.10012387220825321,0.09466055317260759,0.10151050140511757,0.1,0.1,0.1,0.1,0.1,0.1,0.1,0.1,0.1,0.1,0.005069938765434005,-0.001569981037816842,0.0013299839364945222,0.0038799531380441696,-0.0013199840572727588,0.002689967510654334,0.002099974636570298,0.003599956519834797,0.0013699834533815753,0.002099974636570298
1985-03,11.07009043132608,0.00598221186666148,7.741760195151234e-06,0.007741760195151232,"NoDur,Durbl,Manuf,Enrgy,HiTec,Telcm,Shops,Hlth,Utils,Other",1984-02,1985-01,0.10308560215844983,0.09657100809418691,0.09941623742948248,0.10191807701741479,0.09681628648516066,0.1007505518763797,0.10017169487368163,0.10164336521952418,0.09945548197203827,0.10017169487368163,0.1,0.1,0.1,0.1,0.1,0.1,0.1,0.1,0.1,0.1,0.0046399640782326945,-0.005229959510594181,-0.0027599786327418617,0.001449988774447717,-0.006019953394603626,0.0054799575751541315,-0.000609995277526281,0.0030699762327962015,0.006129952543010005,-0.0001599987613183688
1985-04,11.017866326397069,-0.004717586116661399,1.7669161721289473e-05,0.01766916172128947,"NoDur,Durbl,Manuf,Enrgy,HiTec,Telcm,Shops,Hlth,Utils,Other",1984-03,1985-02,0.10401693853815645,0.09420570781021681,0.09666100060636786,0.1008459328621557,0.09342041173371504,0.10485193689798109,0.09879819878925239,0.10245628684181751,0.10549806658117873,0.09924551933915844,0.1,0.1,0.1,0.1,0.1,0.1,0.1,0.1,0.1,0.1,-0.0021299623646855335,-0.0034499390413920616,-0.0014899736729490352,0.003799932857185459,-0.0036399356842513344,0.0008999840977544509,3.999929323353115e-05,-0.001769968725583753,0.0015999717293412458,0.0014399745564071212
1985-05,11.686642045137901,0.06069920426775832,1.0177835828393447e-05,0.010177835828393446,"NoDur,Durbl,Manuf,Enrgy,HiTec,Telcm,Shops,Hlth,Utils,Other",1984-04,1985-03,0.09833216115743998,0.09700592786094646,0.09897518336180047,0.1042901637697177,0.09681503064402694,0.1013764694062092,0.10051240831909977,0.09869386114739277,0.10207977494222849,0.10191901939113836,0.1,0.1,0.1,0.1,0.1,0.1,0.1,0.1,0.1,0.1,0.00797991878087009,0.005899939950768613,0.006089938016979804,0.0006199936897417863,0.0028399710949462468,0.006629932520948457,0.009599902292776047,0.009369904633678285,0.005379945243243243,0.006299935879634281
1985-06,11.907061832123315,0.01886083154888074,8.998646656908624e-06,0.008998646656908624,"NoDur,Durbl,Manuf,Enrgy,HiTec,Telcm,Shops,Hlth,Utils,Other",1984-05,1985-04,0.10179973791139896,0.09983878722742313,0.1000179125302863,0.09486098933733066,0.09695392708657408,0.1005270054963185,0.10332701680949553,0.1031101809165559,0.09934854955642919,0.10021589312818772,0.1,0.1,0.1,0.1,0.1,0.1,0.1,0.1,0.1,0.1,0.0027599751637352268,0.0014899865920164812,0.001509986412043548,-0.0006399942408661396,-0.00069999370094734,0.004099963105548706,0.001599985602165349,0.002269979573072089,0.003619967424899102,0.002859974263870561
1985-07,11.827331906880772,-0.006696020090148913,6.0606358024085605e-06,0.00606063580240856,"NoDur,Durbl,Manuf,Enrgy,HiTec,Telcm,Shops,Hlth,Utils,Other",1984-06,1985-05,0.10085683158793565,0.09961035264557792,0.09962998223522136,0.09751980134855279,0.0974609125796225,0.10217201409404535,0.0997183153886168,0.10037590664167165,0.10170090394260307,0.10095497953615278,0.1,0.1,0.1,0.1,0.1,0.1,0.1,0.1,0.1,0.1,-0.0026199841211341983,0.002539984605985062,0.0034099793332319143,-0.0005899964242248767,0.004409973272596112,-0.004569972302894384,-0.003989975818063149,-0.0004699971515011729,-0.004649971818043519,-0.00015999903029827162
1985-08,11.78246854416663,-0.0037931938553311673,1.3243917338548053e-05,0.01324391733854805,"NoDur,Durbl,Manuf,Enrgy,HiTec,Telcm,Shops,Hlth,Utils,Other",1984-07,1985-06,0.0980358599027494,0.10323061279962953,0.1041064722996849,0.10007953206954526,0.1051132073572198,0.09607272654055632,0.09665663287392658,0.10020034027644946,0.09599218773595354,0.10051242814428528,0.1,0.1,0.1,0.1,0.1,0.1,0.1,0.1,0.1,0.1,0.0006999907292578628,-0.0030299598709304636,-0.0011399849019342338,0.001579979074610605,-0.0025299664928891334,0.0005299929807238106,-0.0006099919212104234,-0.0008199891399877821,0.0019199745716787097,-0.00037999496731141134
1985-09,11.353869030124127,-0.036376037197629385,6.265057780825269e-06,0.006265057780825269,"NoDur,Durbl,Manuf,Enrgy,HiTec,Telcm,Shops,Hlth,Utils,Other",1984-08,1985-07,0.10108209030133906,0.0973379374033848,0.09923510871092732,0.10196542932284035,0.09783983457469235,0.1009114452630945,0.09976711971251331,0.09955632290056414,0.10230671939932948,0.09999799241131478,0.1,0.1,0.1,0.1,0.1,0.1,0.1,0.1,0.1,0.1,-0.0005699964289170649,-0.003089980640971457,-0.003979975065070033,-0.0012999918554248851,-0.0047399703036261195,-0.0040799744385642545,-0.004329972872299809,-0.003919975440973499,-0.005379966293989139,-0.004979968800012252
1985-10,11.84655380055045,0.04339355766031194,6.174371945655924e-06,0.006174371945655924,"NoDur,Durbl,Manuf,Enrgy,HiTec,Telcm,Shops,Hlth,Utils,Other",1984-09,1985-08,0.10318275686726232,0.10056764525803473,0.09964405425318847,0.10242520469474799,0.09885536979961189,0.09954027998298101,0.09928084430746241,0.09970631881531294,0.09819121447028424,0.09860631155111403,0.1,0.1,0.1,0.1,0.1,0.1,0.1,0.1,0.1,0.1,0.0035699779574921544,0.0009799939491154932,0.003289979686316299,0.0059499632624869245,0.003019981353396725,0.004159974314612707,0.006829957829039612,0.0028699822795525166,0.006329960916225584,0.006399960484019548
1985-11,12.693601722212804,0.07150163126959308,7.810221469706606e-06,0.007810221469706604,"NoDur,Durbl,Manuf,Enrgy,HiTec,Telcm,Shops,Hlth,Utils,Other",1984-10,1985-09,0.09926202798543224,0.09677975848188614,0.09899367452558941,0.10154303239409623,0.09873490511788384,0.09982748706152962,0.10238642898217366,0.09859114433582519,0.10190722637531148,0.10197431474027219,0.1,0.1,0.1,0.1,0.1,0.1,0.1,0.1,0.1,0.1,0.008229935721877305,0.009879922835011882,0.007939937986841531,0.0003399973445247004,0.008659932363482073,0.0074099421262589105,0.007969937752534887,0.009559925334282751,0.004099967978091974,0.007419942048156696
1985-12,13.278273704730458,0.04606036925630996,9.206595820707531e-06,0.00920659582070753,"NoDur,Durbl,Manuf,Enrgy,HiTec,Telcm,Shops,Hlth,Utils,Other",1984-11,1985-10,0.10100699013541638,0.10254687310431074,0.10073634403785311,0.09364354975688514,0.1014082929697343,0.10024171496299615,0.10076434191001483,0.10224822913458577,0.09715261640115352,0.10025104758705006,0.1,0.1,0.1,0.1,0.1,0.1,0.1,0.1,0.1,0.1,0.005459949731986819,0.006999935553829256,0.004479958754450724,-0.002679975326323201,0.008269923861452564,0.0060299444842272015,0.0045399582020549745,0.0035199675927827115,0.004979954151152813,0.004469958846516682
1986-01,13.340172230125876,0.004661639515185501,8.321622835947883e-06,0.008321622835947883,"NoDur,Durbl,Manuf,Enrgy,HiTec,Telcm,Shops,Hlth,Utils,Other",1984-12,1985-11,0.10081543300161556,0.1022876098157867,0.0998785932107794,0.09303392698385386,0.10350167770799278,0.10136032961465294,0.09993595074899385,0.09896087259934803,0.1003565726958999,0.09986903362107698,0.1,0.1,0.1,0.1,0.1,0.1,0.1,0.1,0.1,0.1,0.0017899851042951238,0.0020899826078082727,0.001619986518971006,-0.006799943412964716,-0.0002899975867293776,-0.0037799685442656806,0.001649986269322321,0.0010599911790797939,0.0037899684610494524,0.0035399705414551614
1986-02,14.325168945130349,0.07383688141447475,1.2216404083866541e-05,0.01221640408386654,"NoDur,Durbl,Manuf,Enrgy,HiTec,Telcm,Shops,Hlth,Utils,Other",1985-01,1985-12,0.10131685030905671,0.10161545582131447,0.10114764051877732,0.09276677914140963,0.09924651875740294,0.0957727412981377,0.10117750107000309,0.10059024356256284,0.10330755372410842,0.10305871579722696,0.1,0.1,0.1,0.1,0.1,0.1,0.1,0.1,0.1,0.1,0.010829867696343774,0.01073986879582014,0.010239874904022181,0.000869989371728447,0.004959939406635744,0.007389909720773819,0.007819904467720065,0.006069925846427212,0.006589919493897088,0.008339898115189941
1986-03,15.14699125829197,0.057369118389419826,1.029110686828797e-05,0.01029110686828797,"NoDur,Durbl,Manuf,Enrgy,HiTec,Telcm,Shops,Hlth,Utils,Other",1985-02,1986-01,0.10320808306560506,0.1031242724775341,0.1026586580993621,0.09393304465241886,0.09774177026586581,0.10000465614378172,0.10040508450900965,0.09877543418540764,0.09925967313870651,0.10088932346230851,0.1,0.1,0.1,0.1,0.1,0.1,0.1,0.1,0.1,0.1,0.00811991643621223,0.007839919317722153,0.005989938356269859,0.0009499902234484753,-7.999917671145056e-05,0.0041799569831732905,0.00855991190812521,0.012079875683429032,0.0039799590413946645,0.005759940723224439
1986-04,15.104683724178031,-0.0027931312161271205,1.3167822674188954e-05,0.01316782267418895,"NoDur,Durbl,Manuf,Enrgy,HiTec,Telcm,Shops,Hlth,Utils,Other",1985-03,1986-02,0.10225273789933609,0.1019879324367777,0.10023832491630257,0.09547182659025137,0.0944977207815544,0.09852654674762149,0.10266886076907072,0.10599784372694773,0.0983373999886512,0.10002080614348674,0.1,0.1,0.1,0.1,0.1,0.1,0.1,0.1,0.1,0.1,0.00042999433783625014,-0.0033099564145069485,-0.0016099787998054946,0.0007499901241329943,0.003919948382135117,0.002429968002190902,0.00039999473287093037,0.0007099906508459013,-0.00392994825045689,-0.0025699661586957275
1986-05,15.92847955467311,0.05453909830474846,1.033776990342181e-05,0.01033776990342181,"NoDur,Durbl,Manuf,Enrgy,HiTec,Telcm,Shops,Hlth,Utils,Other",1985-04,1986-03,0.10070997372696096,0.09695954754216723,0.09866428671707346,0.1010308658069433,0.10420970297426847,0.10271554922685064,0.10067989009446261,0.10099075429694551,0.09633781913720142,0.0977016104771264,0.1,0.1,0.1,0.1,0.1,0.1,0.1,0.1,0.1,0.1,0.008869908303980958,0.003059968366424096,0.004409954410434727,0.0073599239140135116,0.0009499901791185919,0.0045899525496361435,0.009769898999988045,0.007249925051168201,0.003629962473895251,0.004659951825992251
1986-06,16.25929714513259,0.02076893713075223,1.0837662618451993e-05,0.01083766261845199,"NoDur,Durbl,Manuf,Enrgy,HiTec,Telcm,Shops,Hlth,Utils,Other",1985-05,1986-04,0.10323834811056849,0.09772888909961595,0.0990090559954483,0.10180645773078564,0.09572803565501874,0.09917974491489262,0.10409179270779005,0.10170214783556968,0.09826940401118961,0.09924612393912097,0.1,0.1,0.1,0.1,0.1,0.1,0.1,0.1,0.1,0.1,0.006319931505972252,-0.0011699873199347362,-3.999956649349526e-05,-0.0020499777827916316,-0.0038699580582456663,0.005379941693375113,0.003939957299609283,0.005679938442076327,0.005049945269803777,0.0015399833099995677
1986-07,15.370323341682228,-0.054674799009776676,1.565469542898568e-05,0.015654695428985677,"NoDur,Durbl,Manuf,Enrgy,HiTec,Telcm,Shops,Hlth,Utils,Other",1985-06,1986-05,0.10415564568271322,0.09681811947726249,0.09792511608769765,0.09595603362134839,0.09417308332843512,0.10323478124571407,0.1018240952996728,0.10352867415113932,0.10291149904974628,0.0994729520562707,0.1,0.1,0.1,0.1,0.1,0.1,0.1,0.1,0.1,0.1,-0.005729910298595193,-0.008949859890475911,-0.0075098824332373295,-0.005119919847959405,-0.008339869439840124,-0.002979953349007622,-0.009389853002409925,-0.005359916090832501,0.0051499193783185425,-0.006429899340308392
1986-08,16.39974618786392,0.0669747033486301,1.4336264979294713e-05,0.014336264979294711,"NoDur,Durbl,Manuf,Enrgy,HiTec,Telcm,Shops,Hlth,Utils,Other",1985-07,1986-06,0.09972073539678845,0.096314553493981,0.09783781496604396,0.1003660058814818,0.09695982397867435,0.10262974168024204,0.09584911248862843,0.1001121289694713,0.1112298220745975,0.09898026107009118,0.1,0.1,0.1,0.1,0.1,0.1,0.1,0.1,0.1,0.1,0.002579963012436354,0.007009899502782495,0.006459907387728236,0.0167297601542869,0.006979899932870446,0.006839901939947543,0.0016599762018001346,0.003999942654940083,0.007919886456781364,0.0068099023700354915
1986-09,15.057912228247229,-0.08182041016035169,1.1337697373894871e-05,0.011337697373894869,"NoDur,Durbl,Manuf,Enrgy,HiTec,Telcm,Shops,Hlth,Utils,Other",1985-08,1986-07,0.09613960768142156,0.1002914741468992,0.09977600539836362,0.1094012127573829,0.10026335766970636,0.1001321474428064,0.09527736904750746,0.09747045426854983,0.10114434062174903,0.10010403096561354,0.1,0.1,0.1,0.1,0.1,0.1,0.1,0.1,0.1,0.1,-0.010849876985983494,-0.008119907937897325,-0.006549925738082202,-0.0008799900228263111,-0.006969920976249305,-0.009439892972136791,-0.008459904083080219,-0.012599857145013089,-0.009109896713576924,-0.00882989988813219
1986-10,15.858365200405451,0.053158297114831665,1.111205709279106e-05,0.011112057092791058,"NoDur,Durbl,Manuf,Enrgy,HiTec,Telcm,Shops,Hlth,Utils,Other",1985-09,1986-08,0.0970931942190614,0.10006643505156884,0.10177632080506213,0.1079515133033468,0.10131889913852253,0.09862882409958722,0.09969614132151297,0.09518727060847973,0.09898822683758263,0.0992931746152757,0.1,0.1,0.1,0.1,0.1,0.1,0.1,0.1,0.1,0.1,0.008859901547174158,0.006009933216536873,0.00646992810499061,0.001909978775970953,0.0005899934438863153,0.004629948551175661,0.007309918770862653,0.0079799113257844,0.0052099421061825475,0.004199953329360211
1986-11,16.198372634485818,0.021440257541279983,9.537871378789742e-06,0.00953787137878974,"NoDur,Durbl,Manuf,Enrgy,HiTec,Telcm,Shops,Hlth,Utils,Other",1985-10,1986-09,0.10336412924788971,0.10065801342613254,0.10109479001490738,0.09676500470009591,0.0955116457931768,0.09934768365980802,0.10189238204658319,0.10252855664327697,0.09989840196739369,0.09893939250073588,0.1,0.1,0.1,0.1,0.1,0.1,0.1,0.1,0.1,0.1,0.0007199931327326073,0.004639955744276802,0.002439976727593836,0.0032499690019180193,0.0035499661405566053,0.003979962039271912,0.0016099846440270802,0.0013699869331162112,0.0005499947541707417,-0.0006599937050048901
1986-12,15.733369438877407,-0.0287067846938176,6.98516814332568e-06,0.0069851681433256785,"NoDur,Durbl,Manuf,Enrgy,HiTec,Telcm,Shops,Hlth,Utils,Other",1985-11,1986-10,0.09860492437221598,0.10244260609917276,0.10028880512996233,0.10108179548680798,0.10137549561897305,0.10179646580840962,0.09947623476430566,0.0992412746585736,0.09843849429732245,0.0972539037642567,0.1,0.1,0.1,0.1,0.1,0.1,0.1,0.1,0.1,0.1,-0.0032199775077585784,-0.0025699820481178714,-0.001979986169367076,-0.0004599967868226541,-0.003669974364432914,-0.0037099740850261888,-0.005989958158842823,-0.001219991478094865,-0.0032999769489451274,-0.00257998197826619
1987-01,17.758939461961788,0.1287435619530528,5.7036960774220115e-06,0.00570369607742201,"NoDur,Durbl,Manuf,Enrgy,HiTec,Telcm,Shops,Hlth,Utils,Other",1985-12,1986-11,0.09963965819005456,0.10030886440852466,0.1009162977452898,0.10248121074848142,0.09917636157726759,0.09913517965613096,0.09678781015134355,0.10169875424688561,0.09955729434778132,0.1002985689282405,0.1,0.1,0.1,0.1,0.1,0.1,0.1,0.1,0.1,0.1,0.014459917524554722,0.018659893569031194,0.014439917638628641,0.014149919292700505,0.016399906459384328,0.005299969770410789,0.011719933152681973,0.013149924996396582,0.009299946955626482,0.011169936289714813
1987-02,18.55999241870074,0.04510702671489719,1.241320145303567e-05,0.012413201453035667,"NoDur,Durbl,Manuf,Enrgy,HiTec,Telcm,Shops,Hlth,Utils,Other",1986-01,1986-12,0.10140420819490585,0.10512513842746399,0.10138648947951272,0.10112956810631228,0.10312292358803984,0.09328903654485048,0.09897674418604649,0.10024363233665558,0.09683277962347728,0.0984894795127353,0.1,0.1,0.1,0.1,0.1,0.1,0.1,0.1,0.1,0.1,0.005609930361939849,0.0035899554366067834,0.004779940664897055,-0.0017599781527654426,0.009429882943510298,2.9999627603956406e-05,0.009809878226493745,0.011119861965199842,-0.0021499733116168754,0.004659942154481229
1987-03,19.01604893155281,0.024572020427796826,1.754806527805262e-05,0.017548065278052617,"NoDur,Durbl,Manuf,Enrgy,HiTec,Telcm,Shops,Hlth,Utils,Other",1986-02,1987-01,0.10105059706062464,0.09911780465401103,0.10025642988364973,0.09399877526025721,0.10470567973055728,0.09571149724433559,0.1050692743417024,0.10632271892222904,0.09362561236987142,0.1001416105327618,0.1,0.1,0.1,0.1,0.1,0.1,0.1,0.1,0.1,0.1,0.0011399799952055828,0.004429922262070818,0.003399940336578055,0.01182979240638776,0.0026099541995496245,0.0013899756081892636,0.0016799705192503329,0.0001499973677902083,-0.0016799705192503329,-0.0003599936826964999
1987-04,18.77526808370731,-0.012661980872692102,1.2134372504443303e-05,0.0121343725044433,"NoDur,Durbl,Manuf,Enrgy,HiTec,Telcm,Shops,Hlth,Utils,Other",1986-03,1987-02,0.09871265579402494,0.10192369630779141,0.10091841614694658,0.1091460974633756,0.10014737602358018,0.09895665583306494,0.09923969587835134,0.09774641563942651,0.09596033535365366,0.09724865555978489,0.1,0.1,0.1,0.1,0.1,0.1,0.1,0.1,0.1,0.1,-0.0036799553455091837,0.004109950127729007,-0.0015599810703788932,0.00010999866521902453,0.0043899467301047055,-0.0024699700280999145,-0.0026999672371942384,-0.0024499702707873644,-0.004329947458167056,-0.004069950613103907
1987-05,18.9179102349953,0.007597342986104705,1.2561421477794908e-05,0.012561421477794908,"NoDur,Durbl,Manuf,Enrgy,HiTec,Telcm,Shops,Hlth,Utils,Other",1986-04,1987-03,0.09755405884438141,0.10544386489086949,0.09970122043854762,0.10139261659998987,0.10572745227123106,0.0987795614523725,0.09854661467564692,0.0987998176938269,0.09689573099711347,0.09715906213602066,0.1,0.1,0.1,0.1,0.1,0.1,0.1,0.1,0.1,0.1,0.0026299669634615133,-0.0012899837957662938,0.0003299958547309123,0.003019962064507137,0.00028999635718777143,0.0032899586729233377,-4.9999371928926114e-05,0.001249984298223153,-0.0018499767613702662,-9.999874385785223e-06
1987-06,19.79896609193118,0.04657257836576778,7.091320522278331e-06,0.007091320522278329,"NoDur,Durbl,Manuf,Enrgy,HiTec,Telcm,Shops,Hlth,Utils,Other",1986-05,1987-04,0.10185488433024682,0.09796449022935462,0.0995722551383968,0.10224193884538661,0.0995325572394081,0.1025098996635603,0.0991951250980042,0.10048530681513682,0.09740871964351287,0.09923482299699288,0.1,0.1,0.1,0.1,0.1,0.1,0.1,0.1,0.1,0.1,0.0067899518499336545,0.002779980286128948,0.0051899631960464895,0.005829958657601355,-1.9999858173589556e-05,0.0069499507153223715,0.006259955608333531,0.004779966103487904,0.003399975889510225,0.004619967238099187
1987-07,20.65095864139105,0.043032173776341054,7.503282385033004e-06,0.007503282385033003,"NoDur,Durbl,Manuf,Enrgy,HiTec,Telcm,Shops,Hlth,Utils,Other",1986-06,1987-05,0.10203711135316937,0.09820558390185175,0.10050832234516234,0.10111983794836514,0.09553020313783944,0.10218999025397008,0.10153069999426703,0.10011657016186054,0.09879798964245447,0.09996369126105983,0.1,0.1,0.1,0.1,0.1,0.1,0.1,0.1,0.1,0.1,0.005729957006191935,0.006929948002253072,0.007019947326957657,0.0031899760645291916,0.0009599927968489104,0.005839956180830872,0.005699957231290406,0.005789956555994991,-0.001669987469518417,0.003549973363347533
1987-08,21.481516305200117,0.040218843019924844,1.0725493472801794e-05,0.010725493472801795,"NoDur,Durbl,Manuf,Enrgy,HiTec,Telcm,Shops,Hlth,Utils,Other",1986-07,1987-06,0.10136715753949993,0.10251764074244518,0.10260392698266606,0.09893196809326583,0.09679398680779261,0.1014726184997699,0.10133839545942629,0.10142468169964719,0.09427251112133764,0.09927711305414941,0.1,0.1,0.1,0.1,0.1,0.1,0.1,0.1,0.1,0.1,0.003669960637438955,0.005659939293706945,0.002849969432343603,0.0019299792997975974,0.007459919987818694,0.005079945514493158,0.0033299642841067363,0.002209976296659425,0.0037099602084192163,0.0043299535586132625
1987-09,20.99676336024224,-0.022566048786813564,6.188397051011381e-06,0.00618839705101138,"NoDur,Durbl,Manuf,Enrgy,HiTec,Telcm,Shops,Hlth,Utils,Other",1986-08,1987-07,0.09966065197119868,0.10157369043384637,0.09887236476548457,0.09798794497370775,0.10330407698297492,0.10101612143468272,0.09933380117858552,0.09825711621468329,0.09969910500562376,0.10029512703921248,0.1,0.1,0.1,0.1,0.1,0.1,0.1,0.1,0.1,0.1,-0.002769982858140169,-0.0038299762984392947,0.0002899982053648552,-0.003859976112787383,-0.0026799834150959033,0.0033399793307538495,-0.006369960579910786,-0.002569984095819579,-0.002309985704802812,-0.0017999888608853083
1987-10,16.575119157543483,-0.21058694270333222,8.794688926022255e-06,0.008794688926022254,"NoDur,Durbl,Manuf,Enrgy,HiTec,Telcm,Shops,Hlth,Utils,Other",1986-09,1987-08,0.0994741365198887,0.0983896709772467,0.10260476346374203,0.09835897855622852,0.09956621378294321,0.1057251596005893,0.09579104599770831,0.09967875266000982,0.0999447536421673,0.1004665247994762,0.1,0.1,0.1,0.1,0.1,0.1,0.1,0.1,0.1,0.1,-0.02097981548742633,-0.02657976623716834,-0.027329759641151648,-0.018849834220113743,-0.025819772921131925,-0.012159893056582657,-0.027909754540232073,-0.0202998214678148,-0.006929939052805741,-0.02371979138997867
1987-11,15.281755178151302,-0.07803044835448802,3.302424564870413e-05,0.033024245648704126,"NoDur,Durbl,Manuf,Enrgy,HiTec,Telcm,Shops,Hlth,Utils,Other",1986-10,1987-09,0.1000988067188569,0.0930049910060551,0.092054926401662,0.10279699019533331,0.09396772313850676,0.11127156646651976,0.09132020977426465,0.10096019862683997,0.11789668364115428,0.09662790403080744,0.1,0.1,0.1,0.1,0.1,0.1,0.1,0.1,0.1,0.1,-0.007999735806034811,-0.008329724908033746,-0.0051598295948924525,-0.010659647961541386,-0.009869674050695448,-0.008899706084213728,-0.008649714340275139,-0.009309692544273012,-0.0025499157881735957,-0.00656978303070609
1987-12,16.345662138164595,0.0696194218275652,9.88956221770834e-06,0.00988956221770834,"NoDur,Durbl,Manuf,Enrgy,HiTec,Telcm,Shops,Hlth,Utils,Other",1986-11,1987-10,0.09978308026030368,0.09942516268980477,0.10286334056399131,0.09689804772234273,0.09775488069414315,0.09880694143167026,0.09907809110629066,0.09836225596529283,0.10569414316702819,0.1013340563991323,0.1,0.1,0.1,0.1,0.1,0.1,0.1,0.1,0.1,0.1,0.007559925234909635,0.008759913367434972,0.010869892500458694,0.006749933245455032,0.011889882413105233,0.003909961331811729,0.008589915048660551,0.005349947090842136,0.0005599944618451582,0.005389946695259646
1988-01,17.18970899619547,0.051637361086777744,1.2018174508942332e-05,0.012018174508942332,"NoDur,Durbl,Manuf,Enrgy,HiTec,Telcm,Shops,Hlth,Utils,Other",1986-12,1987-11,0.10055813692585287,0.10168002019389882,0.10365266494021297,0.09980086571992185,0.10460626571805204,0.0971457419855464,0.10152108673092565,0.09849200190720156,0.09401381786225144,0.09852939801613643,0.1,0.1,0.1,0.1,0.1,0.1,0.1,0.1,0.1,0.1,0.003039963464749493,0.004279948562213102,0.0002799966349111375,0.00842989868678889,-0.0024799701949272173,0.010029879457709676,0.005619932457859259,0.0063699234442283785,0.009769882582435047,0.006309924165318847
1988-02,18.04858392126872,0.04996448312553392,1.4778257172458083e-05,0.014778257172458079,"NoDur,Durbl,Manuf,Enrgy,HiTec,Telcm,Shops,Hlth,Utils,Other",1987-01,1987-12,0.09797936575856987,0.09915846526886321,0.09535491846146532,0.10310464508153853,0.09273047116436076,0.1046260638044977,0.1004326534493415,0.10114581847572861,0.10437883326201683,0.10108876527361765,0.1,0.1,0.1,0.1,0.1,0.1,0.1,0.1,0.1,0.1,0.00603991073932668,0.0064499046802412386,0.007759885320724341,0.003609946650491608,0.007479889458636351,0.0012399816749611061,0.01026984822729884,0.004209937783537305,-0.001409979162657387,0.004329936010146443
1988-03,17.675120195735673,-0.02069213447227569,1.2390712204041974e-05,0.012390712204041974,"NoDur,Durbl,Manuf,Enrgy,HiTec,Telcm,Shops,Hlth,Utils,Other",1987-02,1988-01,0.10099239985523535,0.10138288348349493,0.10263052629573897,0.09867807005847731,0.10236385454961049,0.09642088420731824,0.1050210480199623,0.09924950951446695,0.09389702661003069,0.0993637974056649,0.1,0.1,0.1,0.1,0.1,0.1,0.1,0.1,0.1,0.1,-0.0015199811661174498,-0.0036199551456218217,-0.0013399833964456466,0.0026199675363340253,-0.004689941887559763,-0.0039599509327796715,-0.0011499857506809654,-0.0024899691471266124,-0.003179960597535191,-0.0013499832725385246
1988-04,17.869938090998513,0.011022153914961308,7.760486868439325e-06,0.0077604868684393235,"NoDur,Durbl,Manuf,Enrgy,HiTec,Telcm,Shops,Hlth,Utils,Other",1987-03,1988-02,0.10055957194788222,0.09841522689212924,0.10074337295266103,0.10478699505779521,0.09732263203038843,0.0980680472164359,0.10093738512437202,0.09956908875546298,0.09886451823714415,0.10073316178572887,0.1,0.1,0.1,0.1,0.1,0.1,0.1,0.1,0.1,0.1,-0.00016999868071723237,0.002719978891475718,0.0015999875832210103,0.004619964146550667,0.002619979667524405,0.0007399942572397174,0.0015999875832210103,-0.002009984401421394,-0.00029999767185393943,-0.0003899969734101213
1988-05,17.93520644460792,0.0036524107289597207,7.561595600526199e-06,0.007561595600526199,"NoDur,Durbl,Manuf,Enrgy,HiTec,Telcm,Shops,Hlth,Utils,Other",1987-04,1988-03,0.09874088800530152,0.10159935906946382,0.10049157789580923,0.10347863070334214,0.10150045003610181,0.09964096020889589,0.10049157789580923,0.09692096179144041,0.0986123062619309,0.0985232881319051,0.1,0.1,0.1,0.1,0.1,0.1,0.1,0.1,0.1,0.1,-0.00025999803398514385,0.0009599927408682234,-0.0004099968997458038,-0.0004099968997458038,-0.0013399898674618955,0.0023399823058662945,-0.0014099893381502033,-0.00036999720220962784,0.0036199726270239267,0.0009399928921001354
1988-06,18.78700903841342,0.04749332528935479,6.372038801938524e-06,0.006372038801938523,"NoDur,Durbl,Manuf,Enrgy,HiTec,Telcm,Shops,Hlth,Utils,Other",1987-05,1988-04,0.09937628280493394,0.10059183388797002,0.0992268298029213,0.0992268298029213,0.09830022119044297,0.10196680150648625,0.09823047645617042,0.09926668393679133,0.1032421337903274,0.100571906821035,0.1,0.1,0.1,0.1,0.1,0.1,0.1,0.1,0.1,0.1,0.0033699785262292373,0.00782995010693618,0.00756995176366627,-0.002079986746159292,0.009419939975394486,0.0029099814573670868,0.006439958964070115,0.0027799822857321305,0.00322997941831467,0.0060299615766060246
1988-07,18.72495773647656,-0.0033028834877325552,1.2926014319809068e-05,0.012926014319809068,"NoDur,Durbl,Manuf,Enrgy,HiTec,Telcm,Shops,Hlth,Utils,Other",1987-06,1988-05,0.09868257756563246,0.10294033412887829,0.10269212410501194,0.09347971360381863,0.10445823389021482,0.09824343675417663,0.10161336515513128,0.09811933174224345,0.09854892601431982,0.1012219570405728,0.1,0.1,0.1,0.1,0.1,0.1,0.1,0.1,0.1,0.1,0.0013099830669212414,9.999870739856804e-05,-0.002279970528687351,0.0035899535956085923,-0.004909936533269691,0.00014999806109785207,-0.0009299879788066827,0.000509993407732697,-0.00021999715627684968,-0.0006099921151312649
1988-08,18.200898017581885,-0.027987231067218787,7.439216496420637e-06,0.007439216496420637,"NoDur,Durbl,Manuf,Enrgy,HiTec,Telcm,Shops,Hlth,Utils,Other",1987-07,1988-06,0.10164441010925945,0.10043041606886657,0.09804256002247394,0.10393193606966922,0.0954038787611241,0.10048058111185801,0.09939701618324287,0.1008417694213964,0.10010935979372135,0.0997180724583881,0.1,0.1,0.1,0.1,0.1,0.1,0.1,0.1,0.1,0.1,-0.00033999747066639126,-0.006379952537798753,-0.004399967267447417,-0.0014999888411752554,-0.008089939816738544,-0.0028999784262721605,-0.002259983187370718,-0.0010799919656461839,-0.00011999910729402042,-0.0009099932303129883
1988-09,18.927999895712027,0.039948681511635886,1.0883580487840346e-05,0.010883580487840345,"NoDur,Durbl,Manuf,Enrgy,HiTec,Telcm,Shops,Hlth,Utils,Other",1987-08,1988-07,0.10252875455237546,0.0963148906401103,0.09835188576366742,0.10133536346988745,0.0945556675788564,0.09989506388757433,0.10055348655377461,0.10176745334458139,0.10275508734388182,0.10194234686529084,0.1,0.1,0.1,0.1,0.1,0.1,0.1,0.1,0.1,0.1,0.0066899271888465365,0.0036599601660954146,0.0034999619074682926,-0.0024699731175561956,0.002879968655288195,0.00706992305308595,0.00813991140765483,0.003759959077737365,0.0026699709408400975,0.004059955812663219
1988-10,19.348773023648313,0.02223019496273393,9.591717469662332e-06,0.009591717469662331,"NoDur,Durbl,Manuf,Enrgy,HiTec,Telcm,Shops,Hlth,Utils,Other",1987-09,1988-08,0.10259048424939422,0.09967691065040965,0.09952305857917612,0.09378245317127583,0.09892688180314628,0.1029558829185738,0.10398476864494789,0.09977306819493059,0.0987249509596523,0.10006154082849342,0.1,0.1,0.1,0.1,0.1,0.1,0.1,0.1,0.1,0.1,0.008329920100993479,0.0032099692105869225,0.0007599927102947231,0.0018899818716539825,-8.999913674542773e-05,0.0029699715125991156,0.0013899866675127174,0.0012599879144359885,0.0025099759247891513,9.999904082825304e-06
1988-11,19.05703557703724,-0.015077826705316544,7.94645844540606e-06,0.00794645844540606,"NoDur,Durbl,Manuf,Enrgy,HiTec,Telcm,Shops,Hlth,Utils,Other",1987-10,1988-09,0.10597315698857411,0.10096454844263578,0.09856785099389576,0.09967326655188605,0.09773634371576147,0.10072976991704492,0.09918414462357177,0.09905697292221004,0.10027977774299576,0.09783416810142433,0.1,0.1,0.1,0.1,0.1,0.1,0.1,0.1,0.1,0.1,-0.0012199903053206967,-0.0008799930071165683,-0.002189982597256005,-0.00028999769552705084,-0.003049975763301742,4.999960267707774e-05,-0.0026999785445621983,-0.0021299830740435116,-0.0004999960267707774,-0.0021599828356497586
1988-12,19.43465337992282,0.019815138685084444,4.766836221863479e-06,0.004766836221863478,"NoDur,Durbl,Manuf,Enrgy,HiTec,Telcm,Shops,Hlth,Utils,Other",1987-11,1988-10,0.10029139126638442,0.10063659346349488,0.09930654970403989,0.10123562080553948,0.09843339120546639,0.10158082300264994,0.0987887464083742,0.09936746773882409,0.1010224076837948,0.09933700872143199,0.1,0.1,0.1,0.1,0.1,0.1,0.1,0.1,0.1,0.1,0.003269984412445555,0.00038999814093387353,0.003139985032134264,0.001829991276689714,0.004639977881879931,0.0012499940414547228,0.0015899924207304075,0.00175999161036825,0.0010399950424903291,0.0009099956621790382
1989-01,20.69236060563638,0.064714672349796,5.003804008667425e-06,0.005003804008667425,"NoDur,Durbl,Manuf,Enrgy,HiTec,Telcm,Shops,Hlth,Utils,Other",1987-12,1988-11,0.10126296797474063,0.09843894020513423,0.10113549449902923,0.09985095408993742,0.10260634229569923,0.09928222627522502,0.09961561844247023,0.09978231452609283,0.09907630758369122,0.09894883410797983,0.1,0.1,0.1,0.1,0.1,0.1,0.1,0.1,0.1,0.1,0.005599971978697551,0.007409962921812297,0.007459962671622096,0.006259968676186907,0.0071099644229534985,0.008359958168198487,0.006179969076491226,0.0068099659240947,0.002669986639843297,0.006859965673904502
1989-02,20.32042005189748,-0.01797477633545541,4.863736805719049e-06,0.004863736805719049,"NoDur,Durbl,Manuf,Enrgy,HiTec,Telcm,Shops,Hlth,Utils,Other",1988-01,1988-12,0.09918100533473588,0.1008809827935983,0.10092794349688182,0.09980088661807798,0.10059921857389736,0.10177323615598466,0.09972574949282441,0.10031745435419641,0.09642910812232323,0.10036441505747991,0.1,0.1,0.1,0.1,0.1,0.1,0.1,0.1,0.1,0.1,-0.0012699938230542568,-0.0027999863815369435,-0.002099989786152708,-0.0012799937744168888,-0.003739981809624347,-0.0013699933366805763,-0.0018699909048121735,-0.001239993968966361,-0.0017799913425484858,-0.000519997470856861
1989-03,20.743217815999248,0.020806546470100606,3.3831270258783566e-06,0.003383127025878356,"NoDur,Durbl,Manuf,Enrgy,HiTec,Telcm,Shops,Hlth,Utils,Other",1988-02,1989-01,0.10053664348339664,0.09897864627353543,0.0996914554545177,0.10052646049509689,0.09802144537335929,0.10043481360039919,0.09992566418541186,0.10056719244829587,0.10001731108010957,0.10130036760587763,0.1,0.1,0.1,0.1,0.1,0.1,0.1,0.1,0.1,0.1,0.005699980716175952,-0.0015899946208280287,0.001189995974078839,0.0038899868396358697,-0.005329981967932952,0.005289982103258033,0.002629991102375922,0.004909983388846303,0.0005499981392801357,0.003569987922236517
1989-04,21.739849241496355,0.048046134131050966,1.3230033537145519e-05,0.013230033537145518,"NoDur,Durbl,Manuf,Enrgy,HiTec,Telcm,Shops,Hlth,Utils,Other",1988-03,1989-02,0.10354522389083179,0.09640383616931653,0.0991271637229259,0.10177212213830195,0.09274007895690678,0.1031435820573858,0.10053780821112646,0.10277132865077733,0.098500210617059,0.10145864558536848,0.1,0.1,0.1,0.1,0.1,0.1,0.1,0.1,0.1,0.1,0.005799923265805484,0.00032999563408893276,0.0053399293516209105,0.002489967057216493,0.005179931468426277,0.009539873785480053,0.005349929219320576,0.005429928160917892,0.003969947476766857,0.004629938744944722
1989-05,22.601448553826806,0.0396322579222792,7.446883268179106e-06,0.0074468832681791036,"NoDur,Durbl,Manuf,Enrgy,HiTec,Telcm,Shops,Hlth,Utils,Other",1988-04,1989-03,0.10094841898364598,0.09572925214205294,0.10050951281415187,0.09779020285098182,0.10035684979867565,0.10451691697040245,0.10051905425261913,0.10059538576035723,0.0992023357441368,0.09983207068297617,0.1,0.1,0.1,0.1,0.1,0.1,0.1,0.1,0.1,0.1,0.004929963286865488,0.0018599861487971214,0.003679972595469573,0.002699979893415176,0.002379982276417822,0.005919955914451053,0.005279960680456344,0.0033699749040033864,0.005279960680456344,0.004239968425214943
1989-06,22.4957736385901,-0.004675581522353922,5.607710361278918e-06,0.0056077103612789175,"NoDur,Durbl,Manuf,Enrgy,HiTec,Telcm,Shops,Hlth,Utils,Other",1988-05,1989-04,0.10092916778884997,0.09797622253857102,0.09972682851756376,0.09878419452887535,0.0984763956754261,0.10188142049170866,0.10126582278481011,0.09942864837828477,0.10126582278481011,0.10026547651109997,0.1,0.1,0.1,0.1,0.1,0.1,0.1,0.1,0.1,0.1,0.0014399919248970796,0.001449991868819976,-0.0026699850274133348,-0.001009994336212535,-0.003169982223558154,0.00017999899061213494,-0.0021299880555769304,-0.0029499834572544337,0.0034199808216305643,0.0007699956820630217
1989-07,24.233788451213496,0.07725961509685253,9.640018888207932e-06,0.009640018888207933,"NoDur,Durbl,Manuf,Enrgy,HiTec,Telcm,Shops,Hlth,Utils,Other",1988-06,1989-05,0.10191594747470686,0.10192599439381914,0.09778666371957039,0.09945445229220459,0.09728431776395767,0.10065003566656283,0.0983291973516321,0.09750534998442727,0.10390523745893321,0.10124280389418583,0.1,0.1,0.1,0.1,0.1,0.1,0.1,0.1,0.1,0.1,0.011909885187375043,0.005239949486301027,0.007619926543056074,0.0037599637535289804,0.0029499715619442806,0.009129911986627551,0.009169911601026797,0.01356986918494369,0.00580994399149026,0.008109921819446817
1989-08,24.706285667826982,0.019497455693512356,1.2304250559284117e-05,0.012304250559284116,"NoDur,Durbl,Manuf,Enrgy,HiTec,Telcm,Shops,Hlth,Utils,Other",1988-07,1989-06,0.103882963416785,0.0976913865604723,0.09990067485402915,0.09631754341994113,0.095565642782218,0.10130236616632785,0.10133949706201786,0.10542389558792131,0.09822050182405524,0.10035552832623204,0.1,0.1,0.1,0.1,0.1,0.1,0.1,0.1,0.1,0.1,-0.001979975637583893,0.004889939832214765,0.004379946107382551,0.003519956689038032,0.002469969608501119,0.0007999901565995527,0.0026099678859060403,0.0003999950782997763,-0.0007999901565995527,0.0032199603803131998
1989-09,24.625022366990613,-0.003289175148743273,9.205342266235122e-06,0.009205342266235123,"NoDur,Durbl,Manuf,Enrgy,HiTec,Telcm,Shops,Hlth,Utils,Other",1988-08,1989-07,0.09614422614785534,0.10288275740306618,0.10238251709154397,0.10153897460544772,0.10050906808172554,0.0988710262773293,0.10064638895155516,0.09847868093495896,0.0973016449078479,0.10124471559866995,0.1,0.1,0.1,0.1,0.1,0.1,0.1,0.1,0.1,0.1,-0.0005699947529549083,-0.00465995710310504,-0.002569976342270376,0.001349987572787941,-0.0027299748694156133,0.004029962902470668,-0.0023499783674456745,0.002339978459499097,0.0004799955814357122,0.0013999871125208272
1989-10,23.99410495987437,-0.02562098818484637,1.1276988522353302e-05,0.011276988522353301,"NoDur,Durbl,Manuf,Enrgy,HiTec,Telcm,Shops,Hlth,Utils,Other",1988-09,1989-08,0.09975720362789949,0.09565374428124246,0.09775062204029214,0.10168352195200255,0.09759009551328356,0.10437234127939639,0.09797134601492895,0.1026767798378682,0.10081065896139335,0.10173368649169273,0.1,0.1,0.1,0.1,0.1,0.1,0.1,0.1,0.1,0.1,-0.0024499723713781204,-0.005729935382855767,-0.004339951057869814,0.0007499915422586082,-0.004329951170639699,-0.0019599778971024964,-0.004029954553736255,0.00036999582751424677,0.0010099886102415924,-0.004899944742756241
1989-11,24.39406313212111,0.01666901819907829,1.0801629737579408e-05,0.010801629737579407,"NoDur,Durbl,Manuf,Enrgy,HiTec,Telcm,Shops,Hlth,Utils,Other",1988-10,1989-09,0.10011391742526093,0.0967477088229559,0.0981742423464937,0.10339802337872926,0.0981845051775983,0.10061679614938578,0.09849239011073596,0.1030080357967549,0.10366485698744857,0.09759952380463675,0.1,0.1,0.1,0.1,0.1,0.1,0.1,0.1,0.1,0.1,0.0016899817452457433,-0.001119987902174694,0.003069966838996705,0.0039899569014973475,-0.0020299780726916322,0.002109977208561253,0.00121998682201172,0.004559950744568396,0.0032399650027196505,-4.999945991851312e-05
1989-12,24.86368117385566,0.01925132517658268,8.510903417524337e-06,0.008510903417524337,"NoDur,Durbl,Manuf,Enrgy,HiTec,Telcm,Shops,Hlth,Utils,Other",1988-11,1989-10,0.10002163906047133,0.09725774088208679,0.10137899830821892,0.10228390447338397,0.09636267065349963,0.10043474839674234,0.09955935004131093,0.10284455285832317,0.10154620923004287,0.09831018609592006,0.1,0.1,0.1,0.1,0.1,0.1,0.1,0.1,0.1,0.1,0.0013899881698442498,-0.0013499885102803866,0.0029599748077258846,0.005999948934579495,-0.0010499910635514119,0.005849950211215008,0.0012199896166978307,0.0010399911486604458,0.004799959147663597,-0.0015999863825545322
1990-01,23.220666541501366,-0.06608090816744927,1.1679855502078058e-05,0.011679855502078057,"NoDur,Durbl,Manuf,Enrgy,HiTec,Telcm,Shops,Hlth,Utils,Other",1988-12,1989-11,0.09947412828915096,0.09678590349861665,0.10101446147204836,0.10399701744402803,0.09708023468006202,0.10384985185330536,0.09930734061966527,0.09913074191079804,0.10281969271824659,0.09654062751407885,0.1,0.1,0.1,0.1,0.1,0.1,0.1,0.1,0.1,0.1,-0.009469889391768396,-0.0035199588869086326,-0.0063099263001117805,-0.004279950010218451,-0.0014699828306124116,-0.01303984769468425,-0.006409925132126231,-0.007299914737054834,-0.005349937512773063,-0.008919895815688922
1990-02,23.604193202881753,0.016516608629426166,1.317361078778102e-05,0.01317361078778102,"NoDur,Durbl,Manuf,Enrgy,HiTec,Telcm,Shops,Hlth,Utils,Other",1989-01,1989-12,0.09693445975608452,0.10330538691336612,0.10031801098583408,0.10249162142773016,0.10550041223646314,0.09311190346171556,0.10021093657982934,0.09925797436638722,0.10134592528347951,0.09752336898911056,0.1,0.1,0.1,0.1,0.1,0.1,0.1,0.1,0.1,0.1,-0.0005499927545140668,0.005049933473265522,0.0025599662755563836,0.00310995903007045,0.004039946778612418,-0.0002599965748611952,0.0019299745749311794,-0.0020799725988895615,0.00020999723354173458,0.002519966802500815
1990-03,24.252614717150887,0.02747060696783188,9.141815089499846e-06,0.009141815089499846,"NoDur,Durbl,Manuf,Enrgy,HiTec,Telcm,Shops,Hlth,Utils,Other",1989-02,1990-01,0.09783282342872318,0.10334176069570007,0.10089225108949071,0.10143330742821165,0.10234818451004887,0.09811810768004879,0.1002724956469558,0.0963277030682813,0.09858046491495577,0.10085290153758372,0.1,0.1,0.1,0.1,0.1,0.1,0.1,0.1,0.1,0.1,0.004629957673396135,0.002879973671572542,0.003879964529757453,-0.0005899946063290972,0.004629957673396135,0.004219961421540322,0.005159952828234138,0.0037999652611026592,-0.0007499931436386829,-0.000379996526110266
1990-04,23.60944890005576,-0.026519442319771658,9.699452250788029e-06,0.009699452250788028,"NoDur,Durbl,Manuf,Enrgy,HiTec,Telcm,Shops,Hlth,Utils,Other",1989-03,1990-02,0.10183166582317903,0.10012846965391052,0.10110172460777825,0.09675127496398955,0.10183166582317903,0.10143263129209326,0.10234749094872891,0.10102386421146882,0.09659555417137072,0.09695565850430178,0.1,0.1,0.1,0.1,0.1,0.1,0.1,0.1,0.1,0.1,-0.00016999835109311737,-0.004079960426234818,-0.0027699731325172656,-0.003579965275960942,-0.0019399811830626338,-0.003289968088802095,-0.0020799798251393184,0.00033999670218623474,-0.005519946459023576,-0.0034199668278733024
1990-05,25.770951261071602,0.09155242759650939,6.937230652120971e-06,0.006937230652120971,"NoDur,Durbl,Manuf,Enrgy,HiTec,Telcm,Shops,Hlth,Utils,Other",1989-04,1990-03,0.10254856238893055,0.09853208558896343,0.09987775940174014,0.09904570154803852,0.10073036189380477,0.09934359880430206,0.10058654942526375,0.10307245066718713,0.0970528716268272,0.09921005865494253,0.1,0.1,0.1,0.1,0.1,0.1,0.1,0.1,0.1,0.1,0.009089936940573373,0.007749946236462447,0.00810994373905941,0.006049958029754555,0.012409913908967608,0.009199936177478,0.01152992001373058,0.012809911134075345,0.005429962330837559,0.009179936316222614
1990-06,25.67383256752217,-0.0037685335153357924,8.56572245227015e-06,0.008565722452270151,"NoDur,Durbl,Manuf,Enrgy,HiTec,Telcm,Shops,Hlth,Utils,Other",1989-05,1990-04,0.09993953607680751,0.09871193521199019,0.0990417384294038,0.09715453112975926,0.10298105463739969,0.10004030928212834,0.10217486899483309,0.10334750265674816,0.09658653669976915,0.10002198688116092,0.1,0.1,0.1,0.1,0.1,0.1,0.1,0.1,0.1,0.1,0.0020799821832972994,-0.0022099810697533803,-0.0005499952888526514,-0.0020399825259261976,-0.0012699891215324857,-0.004739959398475577,0.0015299868944446482,0.004419962139506761,0.0007499935757081608,-0.0017299851813001577
1990-07,25.366254964042607,-0.011980198229875949,1.0321781601651935e-05,0.010321781601651933,"NoDur,Durbl,Manuf,Enrgy,HiTec,Telcm,Shops,Hlth,Utils,Other",1989-06,1990-05,0.10246526941299285,0.09815907813378302,0.0998253432907733,0.0983297197462459,0.09910262587328354,0.09561952943065927,0.10191319360796595,0.10481410101983459,0.1011302497390187,0.09864088974544286,0.1,0.1,0.1,0.1,0.1,0.1,0.1,0.1,0.1,0.1,-0.0007899918457925348,-0.003449964389853475,0.00017999814207931167,0.008299914329212708,-0.007639921141588563,-0.00441995437772532,-0.00413995726782417,0.0026699724408431233,0.0008999907103965586,-0.003579963048021866
1990-08,22.98244050686207,-0.09397581395281496,1.7453923463862437e-05,0.017453923463862438,"NoDur,Durbl,Manuf,Enrgy,HiTec,Telcm,Shops,Hlth,Utils,Other",1989-07,1990-06,0.10041193081181746,0.09771970486726113,0.10139368237806545,0.10961205631407955,0.09347894294707651,0.09673795330101313,0.09702134550570328,0.1039138487697742,0.10212240519012582,0.09758812991508357,0.1,0.1,0.1,0.1,0.1,0.1,0.1,0.1,0.1,0.1,-0.007369871364584071,-0.014239751456129875,-0.011999790552918433,-0.0012999773098994972,-0.012039789854761495,-0.010379818828274446,-0.012039789854761495,-0.006649883931408966,-0.0066398841059482,-0.01129980277066486
1990-09,21.795481287390906,-0.051646352314792754,1.7242547521328418e-05,0.01724254752132842,"NoDur,Durbl,Manuf,Enrgy,HiTec,Telcm,Shops,Hlth,Utils,Other",1989-08,1990-07,0.10223610436625313,0.0946536576751578,0.09712595470398656,0.10893558783276674,0.09708180654275748,0.09891395523376449,0.09708180654275748,0.10303077126837665,0.10304180830868392,0.09789854752549554,0.1,0.1,0.1,0.1,0.1,0.1,0.1,0.1,0.1,0.1,-0.004069929822831588,-0.01062981671171985,-0.00799986205961983,-0.0016199720670730159,-0.006549887061313736,0.0018199686185635115,-0.008769848782858239,-0.004319925512194708,0.0004799917235771898,-0.009969828091801214
1990-10,21.627461146111482,-0.0077089438431729995,1.909065027362737e-05,0.019090650273627368,"NoDur,Durbl,Manuf,Enrgy,HiTec,Telcm,Shops,Hlth,Utils,Other",1989-09,1990-08,0.10115250376962577,0.09423537227031643,0.09700855151470417,0.10373588367409343,0.09853749064183812,0.10736315994812153,0.09619663211615721,0.10088889357529235,0.1059502093064943,0.09493130318335671,0.1,0.1,0.1,0.1,0.1,0.1,0.1,0.1,0.1,0.1,0.002499952273374316,-0.0032899371917605997,-0.0019299631550449717,-0.003969924210118414,-0.0031699394826386327,0.0030199423462361737,-0.0030399419644231685,0.0014599721276506003,0.007219862165505025,-0.006489876101679724
1990-11,23.05209325994894,0.0658714448363995,1.7408141178404667e-05,0.017408141178404665,"NoDur,Durbl,Manuf,Enrgy,HiTec,Telcm,Shops,Hlth,Utils,Other",1989-10,1990-09,0.1032943334240308,0.09745946327256604,0.0988300027209239,0.0967741935483871,0.09758039322389173,0.10381836321310879,0.09771140067116123,0.10224627384587479,0.1080509115095081,0.09423466457054752,0.1,0.1,0.1,0.1,0.1,0.1,0.1,0.1,0.1,0.1,0.00655988580259387,0.004169927408051287,0.007369871701999517,0.0016199717988112914,0.010999808510447039,0.002119963094740702,0.01042981843308751,0.009679831489193394,0.002309959787193878,0.010629814951459276
1990-12,23.625962592649447,0.024894456491617367,1.5165730047190623e-05,0.01516573004719062,"NoDur,Durbl,Manuf,Enrgy,HiTec,Telcm,Shops,Hlth,Utils,Other",1989-11,1990-10,0.09997279268967717,0.09773053504583024,0.10073272101248722,0.09533816810365046,0.10413832571841371,0.09580725966094061,0.10360356134310295,0.10289992400716771,0.09598551445271088,0.103791197966019,0.1,0.1,0.1,0.1,0.1,0.1,0.1,0.1,0.1,0.1,0.004399933270787793,-0.0004099937820506807,0.004929925232950868,-0.0020399690619107044,0.004069938275478709,0.001509977099747629,0.0032999499530908453,0.0028699564743547646,0.0007899880190732629,0.005489916740142042
1991-01,24.8549761259278,0.05201961733659588,9.869170464870213e-06,0.00986917046487021,"NoDur,Durbl,Manuf,Enrgy,HiTec,Telcm,Shops,Hlth,Utils,Other",1989-12,1990-11,0.10186260256998177,0.09716950756651803,0.102379721146247,0.09557912402064572,0.10154062307909964,0.09904284278619586,0.10078933760037467,0.10036978856680098,0.09834034207881669,0.1029261105853197,0.1,0.1,0.1,0.1,0.1,0.1,0.1,0.1,0.1,0.1,0.005099949667230629,0.0073699272642136745,0.006299937824226071,-0.0020299799655839564,0.01507985117290939,1.9999802616590705e-05,0.009389907328489336,0.004779952825365179,-0.0013699864792364634,0.007389927066830264
1991-02,26.772040907454556,0.07713001902773686,1.854985123998365e-05,0.01854985123998365,"NoDur,Durbl,Manuf,Enrgy,HiTec,Telcm,Shops,Hlth,Utils,Other",1990-01,1990-12,0.09990209404674773,0.1020598271912398,0.1010427459292986,0.0931247207779246,0.10938851553662918,0.09507333441061568,0.1039799245268671,0.0995979202114008,0.09375207931332757,0.10207883805594899,0.1,0.1,0.1,0.1,0.1,0.1,0.1,0.1,0.1,0.1,0.010309808751033716,0.010269809493027764,0.005839891668868759,0.008559841213273385,0.005989888886391072,0.0030299437939507426,0.008349845108742145,0.010159811533511401,0.004839910218719998,0.009799818211457848
1991-03,27.600349583753903,0.03093931759489843,1.0361710171852706e-05,0.010361710171852704,"NoDur,Durbl,Manuf,Enrgy,HiTec,Telcm,Shops,Hlth,Utils,Other",1990-02,1991-01,0.10240913521793621,0.10237200018567515,0.09825929536276284,0.10078447755651486,0.09839855173374182,0.09565055934642341,0.1005895186371443,0.10226987884695724,0.09733091955623635,0.1019356635566077,0.1,0.1,0.1,0.1,0.1,0.1,0.1,0.1,0.1,0.1,0.004819950056556972,0.0012199873587135901,0.0014099853899886576,0.0012899866333938785,0.00027999709872115195,0.002299976168066605,0.008599910889292522,0.006239935342928528,0.0017199821778585043,0.003069968189549772
1991-04,27.604211893030193,0.0001399369694419228,1.0061521329760923e-05,0.010061521329760922,"NoDur,Durbl,Manuf,Enrgy,HiTec,Telcm,Shops,Hlth,Utils,Other",1990-03,1991-02,0.10167321402589845,0.0981812891022843,0.09836558513991948,0.09824918764246568,0.09726950870556282,0.09922886657936854,0.10533973519569328,0.10305058441243513,0.09866627867500849,0.09997575052136379,0.1,0.1,0.1,0.1,0.1,0.1,0.1,0.1,0.1,0.1,-0.0009899900390938833,-0.002279977059731368,0.0004999949692393351,0.0023999758523488087,-0.0027099727332771965,0.0011299886304808973,0.002019979675726914,-0.0012099878255591911,-4.999949692393352e-05,0.0013399865175614182
1991-05,28.824383280538257,0.044202362749437674,7.3139029145628176e-06,0.007313902914562817,"NoDur,Durbl,Manuf,Enrgy,HiTec,Telcm,Shops,Hlth,Utils,Other",1990-04,1991-03,0.0989951507273909,0.09770534419837025,0.10048492726091088,0.10238464230365446,0.09727540868869672,0.10111483277508375,0.10200469929510574,0.09877518372244164,0.09993500974853774,0.10132480127980804,0.1,0.1,0.1,0.1,0.1,0.1,0.1,0.1,0.1,0.1,0.003609973596810479,0.014879891169124634,0.00759994441433785,-0.0014199896142578613,0.003679973084837275,-0.001459989321701745,0.0077199435366695,0.004469967306853972,0.00014999890291456282,0.0049799635767634855
1991-06,27.560547476407383,-0.043846065736441786,1.6802175807548288e-05,0.016802175807548284,"NoDur,Durbl,Manuf,Enrgy,HiTec,Telcm,Shops,Hlth,Utils,Other",1990-05,1991-04,0.09922333630208482,0.11001618448396394,0.1030444067764147,0.09440629758381934,0.09929037262619587,0.09436799111289874,0.1031593261891765,0.10004692542687772,0.09590982656745291,0.10053533293111538,0.1,0.1,0.1,0.1,0.1,0.1,0.1,0.1,0.1,0.1,-0.004959916661207995,-0.004489924558230625,-0.00425992842273106,-0.0036599385040365444,-0.008859851132722345,-0.001489974964758047,-0.00430992758262227,-0.004189929598883368,-0.0023699601788433364,-0.005239911956598769
1991-07,28.770550019036477,0.043903429119646065,6.2944893274062205e-06,0.00629448932740622,"NoDur,Durbl,Manuf,Enrgy,HiTec,Telcm,Shops,Hlth,Utils,Other",1990-06,1991-05,0.09939655082255247,0.0998880952131943,0.10012863821287009,0.10075614169028518,0.09531777821935429,0.10302561260026982,0.10007634625641884,0.10020184695190186,0.10210527416672767,0.09910371586642543,0.1,0.1,0.1,0.1,0.1,0.1,0.1,0.1,0.1,0.1,0.00576996368079658,-0.00041999735631448245,0.0031099804241381916,0.005029968338718683,0.0047499701011756955,0.0031099804241381916,0.005309966576261671,0.008509946433895823,0.003999974822042691,0.004739970164120588
1991-08,29.449315948938622,0.023592386292685674,7.4381665829887495e-06,0.007438166582988749,"NoDur,Durbl,Manuf,Enrgy,HiTec,Telcm,Shops,Hlth,Utils,Other",1990-07,1991-06,0.10132099510494201,0.09539136515600005,0.0987728827197747,0.10061212173463231,0.10034389937829892,0.0987728827197747,0.10088034409096572,0.10394574244906171,0.09962544663812016,0.10033432000842986,0.1,0.1,0.1,0.1,0.1,0.1,0.1,0.1,0.1,0.1,0.005479959238847125,-0.0021499840079418466,0.0018599861650101558,0.0016299878757884698,0.002839978875606904,0.0006599950908100552,0.0035999732226003017,0.0029499780574085803,0.0035199738176536284,0.0032099761234852683
1991-09,29.141358761624755,-0.010457193228115225,7.269191162961539e-06,0.007269191162961538,"NoDur,Durbl,Manuf,Enrgy,HiTec,Telcm,Shops,Hlth,Utils,Other",1990-08,1991-07,0.10304806565064478,0.09559398202422821,0.0995115279406018,0.09928683079327863,0.10046893317702227,0.09833919499804611,0.10121141070730755,0.10057639703008987,0.10113325517780382,0.10083040250097694,0.1,0.1,0.1,0.1,0.1,0.1,0.1,0.1,0.1,0.1,-0.0032399764478206325,-0.0026699805912595944,-0.0023099832081684133,-0.0006799950569500092,-0.0014799892415970788,0.0003699973103992697,-0.0031599770293559257,-0.0003299976011669162,0.0037199729586088743,-0.000669995129641921
1991-10,29.524631240089285,0.013152182834015536,7.715628315901159e-06,0.007715628315901158,"NoDur,Durbl,Manuf,Enrgy,HiTec,Telcm,Shops,Hlth,Utils,Other",1990-09,1991-08,0.09778182001920065,0.09835783942195948,0.09872164115001768,0.10036885452983679,0.099560406245263,0.1014299429033399,0.09786266484765803,0.10072255065433781,0.10481532009499267,0.10037896013339397,0.1,0.1,0.1,0.1,0.1,0.1,0.1,0.1,0.1,0.1,-0.0005399958335607095,-0.0019899846458996517,0.0014799885808700927,0.0020599841058056697,0.0021299835657116874,0.0019299851088373503,-0.0019399850316810675,0.006529949616947099,0.0012499903554646055,0.002249982639836289
1991-11,28.40039068378921,-0.03807805581576751,8.374638245537215e-06,0.008374638245537212,"NoDur,Durbl,Manuf,Enrgy,HiTec,Telcm,Shops,Hlth,Utils,Other",1990-10,1991-09,0.09816810770263334,0.09673694184531566,0.10016186979351732,0.1007343361364444,0.10080342690197008,0.10060602471475384,0.09678629239211971,0.10514627502072722,0.09993485727821864,0.10092186821429983,0.1,0.1,0.1,0.1,0.1,0.1,0.1,0.1,0.1,0.1,-0.0004199964826519369,-0.008019932835401271,-0.005569953353264974,-0.007749935096553598,-0.00431996382156278,-0.004749960220468335,-0.0011999899504341054,-0.0025299788121652387,0.0018999840881873337,-0.005409954693207093
1991-12,31.315552330206852,0.10264512481096255,1.349027718208916e-05,0.01349027718208916,"NoDur,Durbl,Manuf,Enrgy,HiTec,Telcm,Shops,Hlth,Utils,Other",1990-11,1991-10,0.10352104622997516,0.09562026342873184,0.09816722630544843,0.09590094913351284,0.09946669716091608,0.09901967918663522,0.10271017641616335,0.10132753942594577,0.10593286413772313,0.09833355857494828,0.1,0.1,0.1,0.1,0.1,0.1,0.1,0.1,0.1,0.1,0.01476980074860602,0.007609897338990645,0.011579843782590232,0.002149970995904058,0.009289874675324978,0.009849867120769755,0.013039824086785544,0.01659977606139878,0.005009932413711319,0.012759827864063156
1992-01,31.357959230990094,0.0013541801957086541,1.579816081112945e-05,0.01579816081112945,"NoDur,Durbl,Manuf,Enrgy,HiTec,Telcm,Shops,Hlth,Utils,Other",1990-12,1991-11,0.10408466798469156,0.09759127927012859,0.10119166379482342,0.09263961692634176,0.09911486768360148,0.09962273048809242,0.10251573467796056,0.1057442910779388,0.09523334482070629,0.10226180327571509,0.1,0.1,0.1,0.1,0.1,0.1,0.1,0.1,0.1,0.1,-0.0031199507097382697,0.010499834119311484,0.0023099635062485266,-0.00412993475359585,0.006429898417825985,-0.002879954501296864,0.0002799955765149729,-0.005439914058005188,-0.004569927802405094,0.001989968561659986
1992-02,31.958113098854113,0.019138805030108896,2.0796508782967338e-05,0.02079650878296733,"NoDur,Durbl,Manuf,Enrgy,HiTec,Telcm,Shops,Hlth,Utils,Other",1991-01,1991-12,0.09674745598530014,0.11034882211370423,0.10217002706292379,0.09573883779222465,0.10628439038517232,0.09698712763513986,0.1001428043580295,0.09443063003684951,0.0952994397675185,0.10185046486313751,0.1,0.1,0.1,0.1,0.1,0.1,0.1,0.1,0.1,0.1,0.001049978163665778,0.012359742955151442,0.0021999542476806777,-0.0005399887698852573,0.003809920765301537,-0.0014499698450622647,0.002639945097216813,-0.002739943017565935,-0.0012399742123291092,0.0030699361547180362
1992-03,31.314031177364704,-0.02015394086306377,1.422740295929981e-05,0.014227402959299808,"NoDur,Durbl,Manuf,Enrgy,HiTec,Telcm,Shops,Hlth,Utils,Other",1991-02,1992-01,0.09915028062325837,0.11024765493151222,0.10027866085796146,0.09759017229875584,0.10185839318654578,0.09669728011303426,0.1007103889477609,0.09543153184975862,0.0969033321558931,0.10113230503551945,0.1,0.1,0.1,0.1,0.1,0.1,0.1,0.1,0.1,0.1,-0.0015099785166215315,0.0007999886180776325,-0.001159983496212567,-0.002719961301463951,-0.0050699278670669964,-0.0008699876221594253,-0.0013599806507319755,-0.005529921322461635,-0.0005299924594764316,-0.0021899688419875192
1992-04,32.09350638539001,0.024892202591557222,7.607969990149037e-06,0.0076079699901490366,"NoDur,Durbl,Manuf,Enrgy,HiTec,Telcm,Shops,Hlth,Utils,Other",1991-03,1992-02,0.1005143591941706,0.10287183883411916,0.1008715530790113,0.09927948890657849,0.09688118710836242,0.10116751372645072,0.10066744228767374,0.09641173228828608,0.10151450207172454,0.09982038250362298,0.1,0.1,0.1,0.1,0.1,0.1,0.1,0.1,0.1,0.1,0.0007599942179428075,0.007949939516638579,0.00302997694785093,0.009459928028603895,-0.000899993152827009,0.00709994598341307,-0.0035099732960253345,-0.0022999825016690226,0.0026899795345607267,0.0006199952830586061
1992-05,32.24603299586826,0.004752569215923597,1.734803395453215e-05,0.017348033954532147,"NoDur,Durbl,Manuf,Enrgy,HiTec,Telcm,Shops,Hlth,Utils,Other",1991-04,1992-03,0.09831203044199434,0.10532734900965947,0.100526880671285,0.10680066347936383,0.09669236023026635,0.10449799980485901,0.09414577031905551,0.09532637330471265,0.1001951409893648,0.09817543174943896,0.1,0.1,0.1,0.1,0.1,0.1,0.1,0.1,0.1,0.1,0.0013099772740755198,-0.0019299665182944676,-0.0006099894176992878,0.0031499453536930435,9.999826519660456e-05,-0.0026099547216313786,0.00023999583647185094,0.0011099807436823106,0.002539955935993756,0.001469974498390087
1992-06,31.72470992536824,-0.016167045123560375,7.160842779939695e-06,0.007160842779939694,"NoDur,Durbl,Manuf,Enrgy,HiTec,Telcm,Shops,Hlth,Utils,Other",1991-05,1992-04,0.10082904545318828,0.09760442688376443,0.0989181603750112,0.10266031031977467,0.09962478975287876,0.09692765508524338,0.09976412512316252,0.10062999492421151,0.10205320620639549,0.10098828587636972,0.1,0.1,0.1,0.1,0.1,0.1,0.1,0.1,0.1,0.1,-0.0028099798780317885,0.00217998438936274,-0.0032499767272609653,-0.003499974937050271,-0.004049970998586742,0.0014899893303442582,-0.0019199862511818625,-0.004779965771171513,0.0005399961331448989,-5.99995703494332e-05
1992-07,33.02348056007057,0.04093877100082732,1.0787260841325227e-05,0.010787260841325226,"NoDur,Durbl,Manuf,Enrgy,HiTec,Telcm,Shops,Hlth,Utils,Other",1991-06,1992-05,0.09878638803057407,0.1038583509513742,0.09833916083916083,0.0980850544804033,0.09752602049113676,0.10315701740120345,0.09969100666775084,0.09678402992356479,0.10219141323792486,0.10158155797690681,0.1,0.1,0.1,0.1,0.1,0.1,0.1,0.1,0.1,0.1,0.004669949623491871,0.0002999967638217476,0.002909968609070952,0.0052799430432627584,0.002859969148433994,0.005459941101555807,0.003829958684790978,0.005789937541759729,0.006729927401734538,0.0031199663437461752
1992-08,32.26503037140862,-0.022966997294010416,7.16172726836063e-06,0.0071617272683606285,"NoDur,Durbl,Manuf,Enrgy,HiTec,Telcm,Shops,Hlth,Utils,Other",1991-07,1992-06,0.10055238003746576,0.09635429175272586,0.09886161679235313,0.10113838320764686,0.09881358374561697,0.101311302175897,0.09974542485229837,0.10162832028435562,0.10253134156299533,0.09906335558864499,0.1,0.1,0.1,0.1,0.1,0.1,0.1,0.1,0.1,0.1,0.0008699937692972764,-0.00960993117580095,-0.0035299747191027426,0.0025499817375954654,-0.004379968631634564,-0.0009699930531245497,-0.0004999964191363658,-0.0034599752204236512,-0.00046999663398818376,-0.0034599752204236512
1992-09,32.64564734439353,0.011796578791451795,1.3264554163596173e-05,0.013264554163596173,"NoDur,Durbl,Manuf,Enrgy,HiTec,Telcm,Shops,Hlth,Utils,Other",1991-08,1992-07,0.1032403995742242,0.09251412429378532,0.09873700155571934,0.10495987881765334,0.09786702693850816,0.10135716040284942,0.10183820519118972,0.09880864652419553,0.10186891017767953,0.09880864652419553,0.1,0.1,0.1,0.1,0.1,0.1,0.1,0.1,0.1,0.1,0.0010599859395725867,9.999867354458366e-05,0.0017899762564480472,0.00012999827560795875,0.003329955829034636,0.0019099746647015475,0.004079945880619013,-0.004859935534266766,0.0008299889904200443,0.0034399543699336777
1992-10,32.91567206739786,0.008271385160652844,8.544094246943606e-06,0.008544094246943607,"NoDur,Durbl,Manuf,Enrgy,HiTec,Telcm,Shops,Hlth,Utils,Other",1991-09,1992-08,0.09988041233037823,0.098931617596189,0.10060189165950129,0.09896126743163242,0.1021239165455965,0.10072049100127493,0.10286516243168184,0.09402951146954468,0.09965309692531206,0.10223263260888903,0.1,0.1,0.1,0.1,0.1,0.1,0.1,0.1,0.1,0.1,-0.0008199929938427175,-1.9999829118115065e-05,0.000959991797669523,-0.0034999700956701366,0.0019499833390162187,-0.0005499953007481643,0.004359962747749083,0.0033399714627252155,-0.0004199964114804163,0.0029799745385991443
1992-11,34.28727592220833,0.04167023696195504,9.372396556512067e-06,0.009372396556512065,"NoDur,Durbl,Manuf,Enrgy,HiTec,Telcm,Shops,Hlth,Utils,Other",1991-10,1992-09,0.09836553338358392,0.0991589637799024,0.10013091601539253,0.095707541555917,0.10111278613083666,0.0986333161423414,0.1035029951997461,0.10249137144444001,0.09876224858174315,0.1021343277660967,0.1,0.1,0.1,0.1,0.1,0.1,0.1,0.1,0.1,0.1,0.0036199660719244656,0.008579919584837545,0.003929963166481532,-0.0027099746008053317,0.006579938329630657,0.0038799636351013606,0.00707993364343238,0.004839954637600666,-0.000229997844348792,0.006109942734657039
1992-12,34.91294765303123,0.01824792766396599,1.1855848245142465e-05,0.011855848245142462,"NoDur,Durbl,Manuf,Enrgy,HiTec,Telcm,Shops,Hlth,Utils,Other",1991-11,1992-10,0.0994739267337378,0.10423546578603793,0.09977152292450657,0.09339720451578219,0.10231549036172337,0.09972352353889868,0.102795484217802,0.10064511174256968,0.09577797404193227,0.10186429613700944,0.1,0.1,0.1,0.1,0.1,0.1,0.1,0.1,0.1,0.1,4.999940720758775e-05,0.0033499602829083794,0.0014399829275785272,0.0019899764068619925,1.99997628830351e-05,0.005639933133015898,0.0006099927679325705,-0.0013499839946048695,0.0027099678706512557,0.003799954947776669
1993-01,35.50233585934292,0.016881651247814933,8.210083868560098e-06,0.008210083868560097,"NoDur,Durbl,Manuf,Enrgy,HiTec,Telcm,Shops,Hlth,Utils,Other",1991-12,1992-11,0.09825584821165517,0.10149667079134995,0.09962092196492056,0.10016105906153636,0.09822638618820341,0.10374560524816845,0.09880580598275489,0.09688095378390589,0.10086814762437885,0.10193860114312651,0.1,0.1,0.1,0.1,0.1,0.1,0.1,0.1,0.1,0.1,-0.0007999934319329053,0.009579921347396539,0.00015999868638658104,0.0027799771759668456,0.0047999605915974315,0.001329989080588455,8.999926109245183e-05,-0.006869943596723823,0.0024599798031936836,0.0033599724141182017
1993-02,35.73081519701967,0.0064356142249897275,1.429358140998535e-05,0.01429358140998535,"NoDur,Durbl,Manuf,Enrgy,HiTec,Telcm,Shops,Hlth,Utils,Other",1992-01,1992-12,0.09755234096116591,0.10775993470286856,0.09849639587369333,0.10107287907246607,0.10305932795090915,0.09964696279833611,0.09842755853632154,0.0915831604204978,0.1007581941016236,0.10164324558211803,0.1,0.1,0.1,0.1,0.1,0.1,0.1,0.1,0.1,0.1,-0.002139969411735783,-0.000299995711925577,0.0017099755579757891,0.006019913952639911,-0.0005299924244018527,0.005599919955944103,-0.0014799788454995131,-0.009009871214831496,0.006229910950987815,0.0003499949972465064
1993-03,36.672060836068994,0.026342685826206136,1.6869493933909297e-05,0.016869493933909296,"NoDur,Durbl,Manuf,Enrgy,HiTec,Telcm,Shops,Hlth,Utils,Other",1992-02,1993-01,0.09723284812956433,0.09906105618759005,0.10105817477271599,0.10534055343037409,0.09883253018033684,0.104923245069303,0.09788861841124746,0.09040687565204432,0.10554920761090965,0.09970689055591436,0.1,0.1,0.1,0.1,0.1,0.1,0.1,0.1,0.1,0.1,0.0,0.005399908904732758,0.0021999628871133456,0.004089931003769811,0.0022499620436386486,0.0033499434871953216,0.0027799531028068637,0.0007299876852694283,0.0017599703096906766,0.0037999358959230514
1993-04,35.84928855590523,-0.022435943369577993,6.0797381035893895e-06,0.006079738103589389,"NoDur,Durbl,Manuf,Enrgy,HiTec,Telcm,Shops,Hlth,Utils,Other",1992-03,1993-02,0.09743170037803499,0.10269301219844888,0.09957519778635175,0.10141665692349662,0.09962391363654077,0.10069566234069915,0.10014030164854436,0.09814295179079464,0.0991464983046884,0.10113410499240032,0.1,0.1,0.1,0.1,0.1,0.1,0.1,0.1,0.1,0.1,-0.009319943336840875,0.002439985165439027,3.9999756810475855e-05,0.001099993312288086,-0.003579978234537589,-0.0028799824903542617,-0.008089950814918742,0.0012899921571378464,-0.00014999908803928447,-0.00327998005845902
1993-05,36.992277853835006,0.031883179387153904,1.630062297329091e-05,0.01630062297329091,"NoDur,Durbl,Manuf,Enrgy,HiTec,Telcm,Shops,Hlth,Utils,Other",1992-04,1993-03,0.0927606207228127,0.10479044978876192,0.10233538263244576,0.10341970395981874,0.0986323230050022,0.09934838425892775,0.09401884264042473,0.1036140634430271,0.1021410231492374,0.09893920639954172,0.1,0.1,0.1,0.1,0.1,0.1,0.1,0.1,0.1,0.1,0.0026699564773366613,0.0010999820693147295,0.0023399618565422427,0.0018199703328661888,0.008739857532555215,0.0041599321894084315,0.005869904315343147,0.0035999413177572968,-3.9999347975081076e-05,0.0016399732669783236
1993-06,37.18133208115194,0.005110640335908245,9.31198671973097e-06,0.00931198671973097,"NoDur,Durbl,Manuf,Enrgy,HiTec,Telcm,Shops,Hlth,Utils,Other",1992-05,1993-04,0.09949607520108537,0.0979746099428239,0.09917627677100495,0.09867235197209032,0.10537842814226185,0.10094001356720612,0.10259715088671383,0.10039732532222113,0.09686985172981878,0.09849791646477371,0.1,0.1,0.1,0.1,0.1,0.1,0.1,0.1,0.1,0.1,-0.0006899935747291634,0.003449967873645817,-0.00026999748576358567,-0.0011099896636947411,-0.0005199951577669058,0.00463995679238162,-0.00288997308835838,-0.0029799722502795753,0.003189970294762364,0.0022999785824305446
1993-07,37.05225959968742,-0.0034714324162139487,1.147210971357497e-05,0.011472109713574971,"NoDur,Durbl,Manuf,Enrgy,HiTec,Telcm,Shops,Hlth,Utils,Other",1992-06,1993-05,0.0988041228907991,0.1029230340655842,0.09922198344476281,0.0983862623368354,0.09897325692454632,0.1041069723018147,0.09661532951289398,0.09652578796561605,0.10266435848455906,0.10177889207258833,0.1,0.1,0.1,0.1,0.1,0.1,0.1,0.1,0.1,0.1,-0.0023599729258210757,0.0014899829065565268,-0.0001099987380679315,0.00046999460810843454,-0.0038499558323776026,0.0021399754496852132,0.0007299916253599091,-0.005979931396783913,0.001939977744107156,0.0020699762527328926
1993-08,38.477599866084965,0.03846837633647504,1.1192958482518747e-05,0.011192958482518747,"NoDur,Durbl,Manuf,Enrgy,HiTec,Telcm,Shops,Hlth,Utils,Other",1992-07,1993-06,0.09797900736548458,0.10184237461617196,0.10023681939510706,0.10081883316274308,0.0964838340658679,0.10249463142472956,0.10107973588616613,0.09434643867782527,0.10229393702209645,0.10242438838380798,0.1,0.1,0.1,0.1,0.1,0.1,0.1,0.1,0.1,0.1,0.004299951870278524,0.0004699947393095132,0.003479961048504481,0.004279952094137695,0.006569926462262771,0.005249941236967966,0.003929956011673164,0.0030299660853357977,0.003699958586053615,0.0034699611604340663
1993-09,38.51319526467769,0.000925094047357744,4.901394345582006e-06,0.0049013943455820065,"NoDur,Durbl,Manuf,Enrgy,HiTec,Telcm,Shops,Hlth,Utils,Other",1992-08,1993-07,0.10043525152145442,0.09674716893921886,0.09964563592943532,0.10041599260457591,0.10262113858716586,0.10135005007318387,0.1000789615592019,0.09921231029966875,0.09985748401509899,0.09963600647099607,0.1,0.1,0.1,0.1,0.1,0.1,0.1,0.1,0.1,0.1,-0.0018399909814344043,0.0009999950986056545,-0.001889990736364687,0.001339993432131577,0.0011999941183267855,-0.00047999764733071417,-0.0003799981374701487,0.0008399958828287498,-0.0006399968631076189,0.0017799912755180653
1993-10,39.482347745159096,0.025164167081464184,5.68970857102895e-06,0.005689708571028949,"NoDur,Durbl,Manuf,Enrgy,HiTec,Telcm,Shops,Hlth,Utils,Other",1992-09,1993-08,0.09806879601970168,0.10090615727373543,0.09801884247649686,0.10124584136752822,0.10110597144655471,0.09942753239487277,0.09952743948128243,0.10074630593548001,0.09926768105661736,0.10168543254773063,0.1,0.1,0.1,0.1,0.1,0.1,0.1,0.1,0.1,0.1,0.006039965634160232,0.0077299560185527475,0.0030799824756976013,-0.001969988791274115,0.001649990611980858,0.0024199862309052583,0.0045899738842376595,0.0059299662600281735,-0.001969988791274115,-0.00232998674297903
1993-11,38.846516517464245,-0.016104189948350056,1.4421998302720529e-05,0.014421998302720526,"NoDur,Durbl,Manuf,Enrgy,HiTec,Telcm,Shops,Hlth,Utils,Other",1992-10,1993-09,0.10343650321410108,0.10508501029097614,0.10054917720963354,0.09562316493849801,0.09915428660612387,0.09990538154647523,0.10202210365110177,0.10332920393690803,0.09562316493849801,0.09527200366768439,0.1,0.1,0.1,0.1,0.1,0.1,0.1,0.1,0.1,0.1,0.0006899900488211711,0.0006699903372611372,0.0013399806745222744,-0.005989913612230166,-0.00022999668294039038,-0.005959914044890116,0.0007599890392812899,0.0009799858664416633,-0.005519920390569369,-0.0028299591857448036
1993-12,39.51683897348493,0.017255664500041457,1.4092128892534751e-05,0.014092128892534748,"NoDur,Durbl,Manuf,Enrgy,HiTec,Telcm,Shops,Hlth,Utils,Other",1992-11,1993-10,0.10233659582685409,0.1023162687644195,0.10299722535597768,0.09554735697370695,0.10140155095486375,0.09557784756735879,0.10240774054537509,0.10263133823215538,0.09602504294091939,0.09875903283836937,0.1,0.1,0.1,0.1,0.1,0.1,0.1,0.1,0.1,0.1,0.001469979284570528,0.004439937430947717,0.0037599470135953636,0.0005999915447226645,0.002949958428219767,-0.000529992531171687,-0.0018799735067976818,0.0023199673062609693,0.001609977311672483,0.0025299643469139017
1994-01,40.67359754104178,0.029272548048010938,7.239965790792998e-06,0.007239965790792998,"NoDur,Durbl,Manuf,Enrgy,HiTec,Telcm,Shops,Hlth,Utils,Other",1992-12,1993-11,0.09974736304029411,0.10266694191315973,0.10199848614428815,0.09889213286541429,0.10120223736077934,0.09778131666126004,0.09645423535541203,0.1005829327513836,0.0998849862868265,0.10078936762118218,0.1,0.1,0.1,0.1,0.1,0.1,0.1,0.1,0.1,0.1,-0.00040999703161402574,0.00716994808944528,0.004849964886165914,0.0048799646689669405,0.0046199665513580465,0.002169984289274234,0.0010999920360376303,0.0017399874024595242,-0.0011999913120410513,0.004359968433749153
1994-02,39.636801426992804,-0.025490642006839814,1.0920254935488896e-05,0.010920254935488897,"NoDur,Durbl,Manuf,Enrgy,HiTec,Telcm,Shops,Hlth,Utils,Other",1993-01,1993-12,0.09675695631898026,0.10412132752992383,0.1018673247318514,0.1018964713197575,0.10164386755790455,0.09926356287890564,0.09822400124358774,0.09884579511891807,0.09598942950411939,0.10139126379605161,0.1,0.1,0.1,0.1,0.1,0.1,0.1,0.1,0.1,0.1,-0.001269986131276232,-0.004429951623270635,-0.0006699926834291932,-0.002959967676045391,0.0017199812171615108,-0.0054999399385978545,0.001879979469920721,-0.00541994081221825,-0.004979945617130422,-0.0038499579570184985
1994-03,37.823354166847345,-0.04575160443976933,1.2160668758474071e-05,0.012160668758474071,"NoDur,Durbl,Manuf,Enrgy,HiTec,Telcm,Shops,Hlth,Utils,Other",1993-02,1994-01,0.10131141485038787,0.09806879284160408,0.1019271025735747,0.09957722776341173,0.10437959200426877,0.09697081640192096,0.1045437753971186,0.09705290809834585,0.09750441242868284,0.09866395764068465,0.1,0.1,0.1,0.1,0.1,0.1,0.1,0.1,0.1,0.1,-0.004039950870898216,-0.006479921198866446,-0.004409946371450775,-0.0035799564648058453,-0.003799953789458718,-0.0036099560999857823,-0.004839941142363209,-0.006749917915485882,-0.003939952086965091,-0.004289947830731027
1994-04,38.235076243388804,0.01088539304910019,4.557321667003498e-06,0.004557321667003497,"NoDur,Durbl,Manuf,Enrgy,HiTec,Telcm,Shops,Hlth,Utils,Other",1993-03,1994-02,0.10055959591725525,0.09800264078972187,0.10017186091840798,0.10104164483474105,0.10081109970029133,0.10101020686186153,0.09972124997380168,0.0977196990338063,0.10066438916018694,0.10029761280992601,0.1,0.1,0.1,0.1,0.1,0.1,0.1,0.1,0.1,0.1,0.0012299943944943498,-0.0005899973111802166,3.999981770713333e-05,0.0041899809048222166,-0.0015299930272978496,0.0015899927538585497,0.00020999904296244997,0.0022499897460262494,0.0021299902929048497,0.0013699937564693163
1994-05,38.34533942242542,0.002883822653699575,6.1595452148762115e-06,0.006159545214876211,"NoDur,Durbl,Manuf,Enrgy,HiTec,Telcm,Shops,Hlth,Utils,Other",1993-04,1994-03,0.10013948105135077,0.0983390873388796,0.0989623005470427,0.10306759390240283,0.09740921366320765,0.10049560288458684,0.09913046919051528,0.10114849291218629,0.10102978563444093,0.10027797287538703,0.1,0.1,0.1,0.1,0.1,0.1,0.1,0.1,0.1,0.1,-0.0013499916846139602,-0.002639983738800633,0.002039987434527762,0.0009399942100274979,0.002089987126550501,0.0016299899599412997,-0.0018099888512231614,0.004309973452360124,-0.005359966984837649,0.003039981274982547
1994-06,37.310707372260595,-0.026981950499041396,1.2281737501792134e-05,0.012281737501792133,"NoDur,Durbl,Manuf,Enrgy,HiTec,Telcm,Shops,Hlth,Utils,Other",1993-05,1994-04,0.09836572306035557,0.09707944041719431,0.101745954192384,0.10064912403154883,0.1017958101087856,0.10133713567789089,0.09790704862946085,0.10400941279701661,0.0943672785649473,0.10274307252041599,0.1,0.1,0.1,0.1,0.1,0.1,0.1,0.1,0.1,0.1,-0.0018999766646987466,-0.003419957996457744,-0.00260996794466512,-0.0026999668393087456,-0.0051499367490518665,0.0006199923853227488,-0.0026299676990303705,-0.003419957996457744,-0.003149961312526869,-0.00260996794466512
1994-07,38.46903265916851,0.03104538531931178,4.4757098958922215e-06,0.004475709895892221,"NoDur,Durbl,Manuf,Enrgy,HiTec,Telcm,Shops,Hlth,Utils,Other",1993-06,1994-05,0.10081909088106225,0.09925696021705395,0.10008941142616364,0.09999691684737366,0.09747900886920238,0.10340893908718128,0.10006885707532143,0.09925696021705395,0.09953444395342384,0.10008941142616364,0.1,0.1,0.1,0.1,0.1,0.1,0.1,0.1,0.1,0.1,0.002919986930927104,0.003479984424529562,0.004589979456491577,0.003249985453942838,0.0037799830818165936,0.0030999861252993225,0.0009399957928326977,0.0010999950767191144,0.00518997677106564,0.0026999879155832815
1994-08,40.017995660237446,0.04026519238974835,4.621502351971295e-06,0.0046215023519712945,"NoDur,Durbl,Manuf,Enrgy,HiTec,Telcm,Shops,Hlth,Utils,Other",1993-07,1994-06,0.09982057126230541,0.10036370690073226,0.10144027932689977,0.10014063333494981,0.10065467242131808,0.0999951505746569,0.09790019882643906,0.09805538043741817,0.10202221036807138,0.09960719654720916,0.1,0.1,0.1,0.1,0.1,0.1,0.1,0.1,0.1,0.1,0.0060499720399107716,-3.9999815139905927e-05,0.004729978140293876,-9.999953784976481e-05,0.009189957528393387,0.0010199952860676011,0.004409979619174628,0.010869949764269434,0.0006599969498084478,0.0034799839171718154
1994-09,39.28589587185612,-0.01829426427542824,1.4529881665336886e-05,0.014529881665336886,"NoDur,Durbl,Manuf,Enrgy,HiTec,Telcm,Shops,Hlth,Utils,Other",1993-08,1994-07,0.10194468743691541,0.09609043805934998,0.10067578609399484,0.09603276072558085,0.10496313457083258,0.09710940428927106,0.10036817364722621,0.10657809991636785,0.09676334028665635,0.09947417497380488,0.1,0.1,0.1,0.1,0.1,0.1,0.1,0.1,0.1,0.1,-0.00031999535043786715,-0.005059926478798774,-0.0016499760256952524,-0.0020999694872485034,-0.0003899943333461506,-0.0011499832906360851,-0.0023199662906745367,0.0017099751539023527,-0.002789959461630154,-0.004209938829198189
1994-10,40.041064273265675,0.019222379549973523,7.476673593285262e-06,0.00747667359328526,"NoDur,Durbl,Manuf,Enrgy,HiTec,Telcm,Shops,Hlth,Utils,Other",1993-09,1994-08,0.1015360795338793,0.09670781893004114,0.10018131442773906,0.0997229352564886,0.10146477610724035,0.10069062461801735,0.09949883877276615,0.10360387890640914,0.09902008719390457,0.09757364625351424,0.1,0.1,0.1,0.1,0.1,0.1,0.1,0.1,0.1,0.1,0.002199983551318095,-0.0017399869905879474,0.0005699957382960517,0.007399944672615411,0.0070699471399176955,-0.00012999902803243285,0.0012999902803243289,0.0009099931962270302,0.0015899881120889866,5.99995513995844e-05
1994-11,38.74572193486422,-0.03235034737241782,1.0693190188625564e-05,0.010693190188625563,"NoDur,Durbl,Manuf,Enrgy,HiTec,Telcm,Shops,Hlth,Utils,Other",1993-10,1994-09,0.10027177379001795,0.09640611049517772,0.0986725273000206,0.10537366443295429,0.105049890603691,0.0979857343288561,0.0993887542556636,0.09900611245744337,0.09967328277228889,0.09817214956388647,0.1,0.1,0.1,0.1,0.1,0.1,0.1,0.1,0.1,0.1,-0.0016699821423723853,-0.0050699457855257445,-0.005339942898364393,-0.004859948031095684,-0.0020899776512325057,-0.0054199420429091785,-0.0034199634292895555,0.00042999540192821897,0.00027999700590674724,-0.005179944609274824
1994-12,39.177723972357,0.011149670619611252,1.0215376784046171e-05,0.01021537678404617,"NoDur,Durbl,Manuf,Enrgy,HiTec,Telcm,Shops,Hlth,Utils,Other",1993-11,1994-10,0.1016162701775417,0.09810263935679887,0.09782361573279871,0.09831965773102122,0.10118223342909699,0.09774094206642829,0.09980778372568878,0.10378645391976521,0.10363144079532069,0.09798896306553956,0.1,0.1,0.1,0.1,0.1,0.1,0.1,0.1,0.1,0.1,0.0013299864135488774,0.003879960364338078,0.003999959138492864,-0.0009899898867769838,0.0024599748701731113,0.0008599912147759658,-0.0026999724184826835,0.000569994177235233,0.0003499964246181256,0.0013999856984725024
1995-01,39.880276931695626,0.0179324597782744,7.407334150876228e-06,0.007407334150876229,"NoDur,Durbl,Manuf,Enrgy,HiTec,Telcm,Shops,Hlth,Utils,Other",1993-12,1994-11,0.10021163811859646,0.10273349420467583,0.10285216978519719,0.09791724356184975,0.10132916650183947,0.09974682542822104,0.09622611653942006,0.09946002610862771,0.09924245421100518,0.10028086554056725,0.1,0.1,0.1,0.1,0.1,0.1,0.1,0.1,0.1,0.1,0.0018099865927251873,-0.005749957407828633,-0.00039999703706633966,0.0003699972592863642,-0.0007999940741326793,0.004159969185489933,0.0015899882223387003,0.006059955111555045,0.006219953926381581,0.004679965333676173
1995-02,41.35248844416381,0.036915779571683904,1.3713971353910855e-05,0.01371397135391085,"NoDur,Durbl,Manuf,Enrgy,HiTec,Telcm,Shops,Hlth,Utils,Other",1994-01,1994-12,0.10001571801874375,0.09258895416232786,0.09784466667976503,0.09860109633180739,0.0974517162111716,0.10232430202173018,0.09979959526101737,0.10419081674754899,0.10434799693498636,0.10283513763090164,0.1,0.1,0.1,0.1,0.1,0.1,0.1,0.1,0.1,0.1,0.002939959680924219,0.0051199297844666675,0.005539924024598699,0.004499938287128907,0.006659908664950784,0.0015099792919032555,0.0026599635208361984,0.0023199681835864585,0.0008199887545434897,0.004859933350099221
1995-03,42.35701834040376,0.02429188506022606,7.922424850279194e-06,0.007922424850279192,"NoDur,Durbl,Manuf,Enrgy,HiTec,Telcm,Shops,Hlth,Utils,Other",1994-02,1995-01,0.0992738179047766,0.10137617775548978,0.10178121956159046,0.10077825889886494,0.10286133104452568,0.09789474699352899,0.0990037900340428,0.09867589904815176,0.09722932116922069,0.10112543758980838,0.1,0.1,0.1,0.1,0.1,0.1,0.1,0.1,0.1,0.1,0.0027599781341074133,0.0014299886709324642,0.003509972192288776,0.005279958169596791,0.00453996403219118,0.00023999809861803594,0.003619971320822042,0.002769978054883165,-0.0017499861357565124,0.0018999849473927846
1995-04,43.36435731943621,0.023782103143732414,7.713355539400486e-06,0.007713355539400485,"NoDur,Durbl,Manuf,Enrgy,HiTec,Telcm,Shops,Hlth,Utils,Other",1994-03,1995-02,0.10032217123889485,0.09902372351850043,0.10105437860001952,0.10278238797227375,0.10205994337596408,0.09786195450551596,0.10116176901298449,0.10033193400370985,0.09591916430733183,0.09948257346480523,0.1,0.1,0.1,0.1,0.1,0.1,0.1,0.1,0.1,0.1,0.0018999853446244749,0.001439988892768023,0.0029499772456011587,0.002219982876350702,0.00822993651908391,0.0016199875043640263,-0.0017199867330284719,0.0029999768599333816,0.0023799816422138157,0.001769986347360695
1995-05,44.90218216106385,0.035462876350259576,6.879629289632623e-06,0.0068796292896326225,"NoDur,Durbl,Manuf,Enrgy,HiTec,Telcm,Shops,Hlth,Utils,Other",1994-04,1995-03,0.09953213061272329,0.09908281971888765,0.10055773156604379,0.09984469471278287,0.10571503921702691,0.09925863702517117,0.09599624923079927,0.10060656970667811,0.10000097676281267,0.0994051514470741,0.1,0.1,0.1,0.1,0.1,0.1,0.1,0.1,0.1,0.1,0.004749967321760875,0.0047999669777794105,0.00320997791638998,0.004079971931112499,0.0029199799114824746,0.0009099937395373465,0.002669981631389797,0.001629988786204258,0.006039958447039091,0.004459969316853369
1995-06,46.07878377397026,0.02620366218919945,6.175939428472095e-06,0.0061759394284720956,"NoDur,Durbl,Manuf,Enrgy,HiTec,Telcm,Shops,Hlth,Utils,Other",1994-05,1995-04,0.10116179126387051,0.10121007851507045,0.09967454392691241,0.10051474209779135,0.09939447786995279,0.09745333037171526,0.09915304161395308,0.09814866678899438,0.10240760234482893,0.10088172520691087,0.1,0.1,0.1,0.1,0.1,0.1,0.1,0.1,0.1,0.1,0.0016799896244217602,0.0007499953680454287,0.0020999870305272008,-0.0030699810398659546,0.009699940093387545,0.0038699760991144122,0.004939969490859225,0.004479972331791361,-0.0004599971590678629,0.002219986289414469
1995-07,47.72505795143064,0.0357273791238899,1.2185370952385504e-05,0.012185370952385505,"NoDur,Durbl,Manuf,Enrgy,HiTec,Telcm,Shops,Hlth,Utils,Other",1994-06,1995-05,0.09908303368706209,0.0981767864277292,0.09949230664288984,0.09445435144853392,0.10689819822453493,0.10121709981387825,0.10225977139182037,0.10181152005924712,0.09699769053117781,0.09960924177312634,0.1,0.1,0.1,0.1,0.1,0.1,0.1,0.1,0.1,0.1,0.001149985986823405,0.0024599700239874575,0.003629955767103443,0.0022899720955005193,0.007709906050789959,0.005069938220169273,0.0035699564982257,0.0054699333460208905,-0.0003699954914127477,0.004759941997634267
1995-08,48.063021641185216,0.007081472590321658,8.467375982389405e-06,0.008467375982389403,"NoDur,Durbl,Manuf,Enrgy,HiTec,Telcm,Shops,Hlth,Utils,Other",1994-07,1995-06,0.09765964431227915,0.09892444049664974,0.10005406762314865,0.09876030664066271,0.10399328016683725,0.1014443779326858,0.09999613802691795,0.10183057524089058,0.09619209454110104,0.10114507501882711,0.1,0.1,0.1,0.1,0.1,0.1,0.1,0.1,0.1,0.1,0.0006399945808793714,0.0007899933107729739,-0.00021999813717728389,-0.0015799866215459478,4.9999576631200884e-05,0.004379962912893197,-0.0027099770534110878,0.0010299912786027382,0.0009899916172977773,0.0037199685013613462
1995-09,49.87271030692512,0.03765241143701181,7.313149768143856e-06,0.007313149768143855,"NoDur,Durbl,Manuf,Enrgy,HiTec,Telcm,Shops,Hlth,Utils,Other",1994-08,1995-07,0.09993148576591965,0.10008042975305087,0.09907754023970054,0.0977271147563773,0.09934563941653676,0.10364515584505854,0.09660507005332196,0.10031874013246087,0.10027902173589254,0.10298980230168109,0.1,0.1,0.1,0.1,0.1,0.1,0.1,0.1,0.1,0.1,0.006729950782502062,-0.0006399953195841485,0.002219983764807515,0.0012899905660367992,0.0012699907122997946,0.005749957949388834,0.0028899788649971703,0.007379946028954712,0.0062999539271564615,0.004469967310220537
1995-10,49.34299972841107,-0.01062125108609735,1.1371740261742763e-05,0.011371740261742761,"NoDur,Durbl,Manuf,Enrgy,HiTec,Telcm,Shops,Hlth,Utils,Other",1994-09,1995-08,0.10285642696066148,0.09575390783108147,0.09851010928435133,0.09761386195863771,0.09759458782260086,0.10191199429485573,0.09915579284158588,0.10348283638185919,0.10244203303586916,0.1006784495884972,0.1,0.1,0.1,0.1,0.1,0.1,0.1,0.1,0.1,0.1,0.0005399938592602588,-0.004899944278472718,-0.0026499698648883067,-0.00025999704334753193,0.0014699832835418153,0.00014999829423896076,-0.005479937682863366,0.0010299882871075306,0.0014799831698244128,-0.0019899773702368793
1995-11,51.43162210421738,0.04232864615654308,1.0892648710590121e-05,0.010892648710590123,"NoDur,Durbl,Manuf,Enrgy,HiTec,Telcm,Shops,Hlth,Utils,Other",1994-10,1995-09,0.10161816877065666,0.09611983141127362,0.09839395991469489,0.10080958974721797,0.10255814188540413,0.10122398649673031,0.09553361161928056,0.10211342342251285,0.1025682491231971,0.09906103760903182,0.1,0.1,0.1,0.1,0.1,0.1,0.1,0.1,0.1,0.1,0.004519950765227828,0.005499940090432092,0.006419930069195278,0.0047899478242126765,-0.0004399952072345674,0.002789969609510098,0.0061399331191369175,0.004929946299241856,0.0015799827896150374,0.006109933445916379
1995-12,52.618221031957376,0.023071388363671508,8.41736357709596e-06,0.00841736357709596,"NoDur,Durbl,Manuf,Enrgy,HiTec,Telcm,Shops,Hlth,Utils,Other",1994-11,1995-10,0.10027438263906212,0.10121457489878542,0.10209720436709713,0.10053341520041446,0.09551585854903391,0.0986146554866934,0.10182857800717618,0.10066772838037492,0.09745380585989218,0.10179979661147034,0.1,0.1,0.1,0.1,0.1,0.1,0.1,0.1,0.1,0.1,0.0015099872897809986,0.0030599742428674545,0.00148998745812827,0.005799951179291253,-0.004099965488809334,0.004119965320462062,-0.0008399929294145952,0.005889950421728531,0.005099957071445756,0.001049991161768244
1996-01,53.899346033517645,0.024347554448528097,1.214958752003755e-05,0.01214958752003755,"NoDur,Durbl,Manuf,Enrgy,HiTec,Telcm,Shops,Hlth,Utils,Other",1994-12,1995-11,0.09922000234585761,0.10073503538335224,0.09920045353247058,0.103413222817375,0.09373656019079642,0.1017711224928647,0.09692301677288188,0.10350119247761662,0.10272901434882904,0.09877037963795599,0.1,0.1,0.1,0.1,0.1,0.1,0.1,0.1,0.1,0.1,0.0026099682895765726,0.003469957840931306,0.0033099597848653085,-0.00040999501866911673,0.0020099755793290845,0.0022799722989404543,-0.00029999635512374407,0.006049926494995504,0.0018599774017672129,0.00347995771943543
1996-02,54.648726361265744,0.01390332875805389,6.579718067866765e-06,0.0065797180678667634,"NoDur,Durbl,Manuf,Enrgy,HiTec,Telcm,Shops,Hlth,Utils,Other",1995-01,1995-12,0.10016986215783513,0.10100941075403178,0.10085321566636728,0.09722167987816782,0.09958413057909328,0.0998477097895271,0.09732906400093716,0.10352805654262172,0.09943769768440781,0.10101917294701081,0.1,0.1,0.1,0.1,0.1,0.1,0.1,0.1,0.1,0.1,0.0032199788133078213,0.0020299866431723224,0.0008999940782537391,0.0010199932886875709,0.006359958152993089,-0.0023799843402709984,0.004409970983443321,-0.0011199926307157641,-0.0026699824321527585,0.0021399859194033348
1996-03,55.41702150555976,0.014058793231795708,1.1051276740539105e-05,0.011051276740539104,"NoDur,Durbl,Manuf,Enrgy,HiTec,Telcm,Shops,Hlth,Utils,Other",1995-02,1996-01,0.10180390764466275,0.10063023345267331,0.09951573611070016,0.09963408981073271,0.10490082946218106,0.0962807349764772,0.10297758183665218,0.09752344882681895,0.09599471353473189,0.10073872434436981,0.1,0.1,0.1,0.1,0.1,0.1,0.1,0.1,0.1,0.1,-0.0008399907169275378,0.004339952037458946,0.00342996209412078,0.005009944633103529,-0.003329963199248454,-0.0020099777869337513,0.0059699340238778585,0.00020999767923188446,-0.0005199942533360949,0.0018099799971891
1996-04,56.67201534865468,0.022646360432218682,1.3337343575887267e-05,0.013337343575887266,"NoDur,Durbl,Manuf,Enrgy,HiTec,Telcm,Shops,Hlth,Utils,Other",1995-03,1996-02,0.09778417663474909,0.10289230526492255,0.10199493131637856,0.10355300916110328,0.09532872484148039,0.09663041012947825,0.10449968937055627,0.0988196081138383,0.09809973670456675,0.10039740846292664,0.1,0.1,0.1,0.1,0.1,0.1,0.1,0.1,0.1,0.1,0.0001699977326515921,0.0035999519855631273,0.0016599778600096642,0.0034499539861646638,0.009679870894514187,0.0028799615884505018,0.0042699430495429305,-0.0006099918642204187,-0.0026599645226660883,0.00021999706578441333
1996-05,58.177643556569876,0.026567401894080245,1.2271918330627974e-05,0.012271918330627971,"NoDur,Durbl,Manuf,Enrgy,HiTec,Telcm,Shops,Hlth,Utils,Other",1995-04,1996-03,0.09795044296247042,0.10130444135880938,0.09940742768857685,0.10115776504410068,0.10724972131500206,0.10060039504820763,0.10195959556450825,0.09718772612598518,0.09518314982496627,0.09799933506737332,0.1,0.1,0.1,0.1,0.1,0.1,0.1,0.1,0.1,0.1,0.006549919618934935,0.00223997251090294,0.0022799720200262063,0.000519993618602468,0.003889952262237695,-1.999975456163339e-05,0.004389946126278528,0.003909952016799328,0.0013199838010678035,0.001499981592122504
1996-06,58.04803076272542,-0.002227879747628947,7.89727958958085e-06,0.00789727958958085,"NoDur,Durbl,Manuf,Enrgy,HiTec,Telcm,Shops,Hlth,Utils,Other",1995-05,1996-04,0.10379122912973172,0.09959282277075338,0.09963178709891095,0.09791735665997779,0.10120010130725321,0.09739133822985056,0.10168715540922285,0.101219583471332,0.09869664322312922,0.0988719826998383,0.1,0.1,0.1,0.1,0.1,0.1,0.1,0.1,0.1,0.1,0.0031999747287053135,-0.0048299618561395835,-0.0004299966041697765,0.0009699923396387981,-0.004749962487921949,0.0005499956564962258,-0.001709986495651902,-0.00024999802568010266,0.005269958381336563,-0.0002399981046528985
1996-07,54.73463297218531,-0.05708027898627277,1.0901112779138804e-05,0.010901112779138803,"NoDur,Durbl,Manuf,Enrgy,HiTec,Telcm,Shops,Hlth,Utils,Other",1995-06,1996-05,0.10342961374250838,0.0953817474794043,0.09979153721261201,0.10119465212772355,0.09546192547455352,0.1007737176531901,0.09850868929022431,0.09997193770169778,0.10550421936699475,0.09998195995109144,0.1,0.1,0.1,0.1,0.1,0.1,0.1,0.1,0.1,0.1,-0.004049955850493245,-0.004539950508947983,-0.004009956286537756,-0.0046299495278478335,-0.007409919222754307,-0.008489907449552506,-0.007619916933520624,-0.006259931759034003,-0.005809936664534753,-0.0042499536702706895
1996-08,56.29743286946156,0.028552304316545207,7.481997603215504e-06,0.007481997603215504,"NoDur,Durbl,Manuf,Enrgy,HiTec,Telcm,Shops,Hlth,Utils,Other",1995-07,1996-06,0.10175728845195295,0.10123763163755528,0.10179970941639357,0.10114218446756386,0.09819392743894033,0.0970485613990434,0.09797121737562703,0.09941353016660832,0.09989076601656538,0.10154518362974982,0.1,0.1,0.1,0.1,0.1,0.1,0.1,0.1,0.1,0.1,-0.0008099939395819416,0.0030099774791872147,0.0031599763568875743,0.002939978002927047,0.004399967079210547,-0.0013199901237631638,0.0060699545842745495,0.004309967752590331,0.002889978377026927,0.003909970745389372
1996-09,58.79377562075962,0.04434203522363789,7.626539342373585e-06,0.007626539342373585,"NoDur,Durbl,Manuf,Enrgy,HiTec,Telcm,Shops,Hlth,Utils,Other",1995-08,1996-07,0.09643579373104147,0.10014972388582095,0.10029555883954266,0.10008166757408417,0.10150112779030879,0.09593995488838766,0.10312475694174379,0.10141362681807577,0.10003305592284359,0.10102473360815122,0.1,0.1,0.1,0.1,0.1,0.1,0.1,0.1,0.1,0.1,0.0037499714004774667,0.0013699895516411011,0.0061399531730484385,0.004009969417577237,0.010649918777356004,0.0016199876450062659,0.0036799719343352205,0.007359943868670441,0.0006799948139532473,0.005089961180914748
1996-10,59.64856828628212,0.014538829263767816,1.1010532977439095e-05,0.011010532977439093,"NoDur,Durbl,Manuf,Enrgy,HiTec,Telcm,Shops,Hlth,Utils,Other",1995-09,1996-08,0.09934408962512567,0.09706516014746014,0.10163259443673098,0.09959304830755972,0.10595107004356775,0.09730454349595442,0.09927706228754728,0.10280078517738306,0.09640446210561593,0.100627184373055,0.1,0.1,0.1,0.1,0.1,0.1,0.1,0.1,0.1,0.1,0.0015499829336738853,0.003219964546083813,0.001639981942725917,0.005959934377223455,-0.0019199788597766831,-0.000309996586734777,-0.002289974785879482,-0.0008499906410469693,0.0036099602519759516,0.003939956618500069
1996-11,63.22738142400679,0.05999830742874224,1.103062353941272e-05,0.011030623539412717,"NoDur,Durbl,Manuf,Enrgy,HiTec,Telcm,Shops,Hlth,Utils,Other",1995-10,1996-09,0.10009363757330836,0.10173968754620275,0.1001823468532847,0.10444039229214923,0.09667340200088709,0.09826031245379724,0.09630870829431767,0.09772805677393917,0.10212409442610024,0.1024493617860135,0.1,0.1,0.1,0.1,0.1,0.1,0.1,0.1,0.1,0.1,0.005159943081982537,0.006039933375033823,0.0060799329338088815,0.005539938890345593,0.011929868404661178,0.00548993944187677,0.003109965694760793,0.006609927087578406,0.002599971320378798,0.007449917821854632
1996-12,62.664178585692135,-0.008907578103508396,7.64615428156339e-06,0.00764615428156339,"NoDur,Durbl,Manuf,Enrgy,HiTec,Telcm,Shops,Hlth,Utils,Other",1995-11,1996-10,0.09920661125838436,0.10003679210573485,0.10007452759879625,0.09956509844246753,0.10559334345902398,0.0995179290761408,0.09727266723898831,0.10057452288185961,0.09679153970245565,0.10136696823614873,0.1,0.1,0.1,0.1,0.1,0.1,0.1,0.1,0.1,0.1,0.0004999961769228592,-0.0022599827196913233,-0.00035999724738445865,0.0007899939595381176,-0.0027399790495372684,0.002899977826152583,-0.0034299737736908143,-0.0026199799670757824,0.0001299990059999434,-0.0018099861604607503
1997-01,65.51170959669813,0.0454411288119263,8.485521138129343e-06,0.00848552113812934,"NoDur,Durbl,Manuf,Enrgy,HiTec,Telcm,Shops,Hlth,Utils,Other",1995-12,1996-11,0.1014024820906064,0.0986176975078196,0.10053475935828876,0.10169508626778326,0.0981333871455958,0.10382403390172536,0.0974371909998991,0.09825446473615175,0.10102915951972555,0.0990717384724044,0.1,0.1,0.1,0.1,0.1,0.1,0.1,0.1,0.1,0.1,0.005749951208253457,0.0029899746282917978,0.004179964530521643,0.004349963087983049,0.009299921084653419,0.002289980568156594,9.99991514478862e-05,0.00956991879356271,0.0009199921933205529,0.005999949086873172
1997-02,65.56792464809796,0.0008580916563756258,1.1897992371120168e-05,0.011897992371120165,"NoDur,Durbl,Manuf,Enrgy,HiTec,Telcm,Shops,Hlth,Utils,Other",1996-01,1996-12,0.10115261370701611,0.09851260222870534,0.09965086804725237,0.09981347744990195,0.10454828064469845,0.09784303410014826,0.09574824238366254,0.1048065426371419,0.09653259361997225,0.10139174518150079,0.1,0.1,0.1,0.1,0.1,0.1,0.1,0.1,0.1,0.1,0.00414995062333166,0.0005499934561041959,0.0006699920283451114,-0.005739931705523791,-0.007419911716896607,0.002569969422159606,0.003159962402344108,0.0009299889348670951,-0.0005699932181443485,0.002569969422159606
1997-03,63.07546160107468,-0.03801345033261749,1.3981634737530293e-05,0.013981634737530292,"NoDur,Durbl,Manuf,Enrgy,HiTec,Telcm,Shops,Hlth,Utils,Other",1996-02,1997-01,0.10405946826261152,0.10046259754014007,0.10058249323088912,0.09417806508337746,0.09249952541289078,0.10248084166774905,0.10307032881393187,0.10084226722751206,0.09934357109314895,0.10248084166774905,0.1,0.1,0.1,0.1,0.1,0.1,0.1,0.1,0.1,0.1,-0.0052399267362339755,-0.0033199535809726715,-0.003639949106849555,0.005229926876050323,-0.0056599208639473856,-0.007829890523800004,-0.0014499797266296305,-0.007479895417372163,-0.0027899609912390823,-0.005819918626885827
1997-04,65.38187639664088,0.03656595983638278,1.3544698544698542e-05,0.01354469854469854,"NoDur,Durbl,Manuf,Enrgy,HiTec,Telcm,Shops,Hlth,Utils,Other",1996-03,1997-02,0.09850311850311849,0.1004989604989605,0.10016632016632017,0.10938669438669438,0.09806652806652806,0.0958108108108108,0.10244282744282743,0.09617463617463617,0.10104989604989605,0.0979002079002079,0.1,0.1,0.1,0.1,0.1,0.1,0.1,0.1,0.1,0.1,0.005309928077650728,0.0038099483946985456,0.005369927264968816,2.999959365904366e-05,0.007679895976715177,0.0024899662737006244,0.0021099714206860706,0.006069917783679835,-0.0013899811728690231,0.005099930922037422
1997-05,69.74927293005834,0.06679827460017407,1.0991085409646508e-05,0.010991085409646509,"NoDur,Durbl,Manuf,Enrgy,HiTec,Telcm,Shops,Hlth,Utils,Other",1996-04,1997-03,0.10159370236740049,0.10014663605317485,0.10165158501996951,0.09650002894132628,0.10388006714387697,0.0988732176966563,0.09850662756371915,0.1023268826332748,0.09513013949719269,0.1013911130834089,0.1,0.1,0.1,0.1,0.1,0.1,0.1,0.1,0.1,0.1,0.005929934822863522,0.00629993075616192,0.007819914049712098,0.0073199195452548025,0.010179888110750532,0.006559927898479712,0.006029933723754981,0.007009922952491279,0.003629960102359963,0.006029933723754981
1997-06,72.5814095304627,0.04060453222565208,5.254393430933722e-06,0.005254393430933722,"NoDur,Durbl,Manuf,Enrgy,HiTec,Telcm,Shops,Hlth,Utils,Other",1996-05,1997-04,0.09929603209568715,0.09964286049062158,0.10106766903197384,0.10059898201179217,0.10327987176723129,0.09988657774111605,0.09938976949972347,0.10030839605927953,0.09714007180285149,0.09938976949972347,0.1,0.1,0.1,0.1,0.1,0.1,0.1,0.1,0.1,0.1,0.0035799811892715176,0.003349982397782007,0.005199972677154161,0.0012799932743764086,0.001429992486217394,0.0034599818197987293,0.005099973202593503,0.008869953393530267,0.0031399835012046276,0.005199972677154161
1997-07,77.3435977125508,0.06561167953192482,7.808100519168458e-06,0.007808100519168456,"NoDur,Durbl,Manuf,Enrgy,HiTec,Telcm,Shops,Hlth,Utils,Other",1996-06,1997-05,0.09953777111501906,0.09931674690806352,0.10109455031183633,0.09732752904546371,0.09747167526739124,0.09942245413747705,0.10099845283055131,0.10462132787499638,0.099114942197365,0.10109455031183633,0.1,0.1,0.1,0.1,0.1,0.1,0.1,0.1,0.1,0.1,0.0033399739209442657,0.007459941751570127,0.007179943937838273,0.007429941985813142,0.015999875070391696,0.0022499824317738317,0.007799939096815951,0.00209998360298891,0.002829977903075531,0.00922992793123221
1997-08,75.13046180394755,-0.028614338795415417,1.4760958838324862e-05,0.014760958838324862,"NoDur,Durbl,Manuf,Enrgy,HiTec,Telcm,Shops,Hlth,Utils,Other",1996-07,1997-06,0.09697640810044857,0.10084270190124059,0.1005799440701188,0.10081454927647754,0.10885681575045514,0.09595352940072445,0.10116176498188847,0.09581276627690921,0.09649781347947674,0.10250370676226046,0.1,0.1,0.1,0.1,0.1,0.1,0.1,0.1,0.1,0.1,-0.006409905382253847,0.0012299818440206288,-0.005409920143212684,0.00028999571932193684,-0.0013899794822672146,-0.0024099644260891996,-0.0025199628023837273,-0.006099909958151086,-0.0011599828772877474,-0.004719930328274283
1997-09,79.48560942784282,0.05796780053422257,1.1530903965422278e-05,0.011530903965422279,"NoDur,Durbl,Manuf,Enrgy,HiTec,Telcm,Shops,Hlth,Utils,Other",1996-08,1997-07,0.09634548074943379,0.1042104179534692,0.09737492279184681,0.10324274243360099,0.10151327980234712,0.10046324891908585,0.10035001029442042,0.09666460778258183,0.10175005147210212,0.09808523780111178,0.1,0.1,0.1,0.1,0.1,0.1,0.1,0.1,0.1,0.1,0.005539936118792031,0.0051899401546084195,0.0033899609102355575,0.0062499279318502165,0.0034299604489993994,0.009649888726776733,0.005299938886208983,0.006609923780724789,0.0046199467272236795,0.007999907752768277
1997-10,77.61159682767523,-0.023576753246999038,6.91626332555689e-06,0.00691626332555689,"NoDur,Durbl,Manuf,Enrgy,HiTec,Telcm,Shops,Hlth,Utils,Other",1996-09,1997-08,0.09975613905744911,0.09942531994933741,0.09772396453619162,0.10042722924818995,0.09776177243426153,0.10364090058413203,0.09952929166902966,0.1007675003308191,0.09888655740184124,0.10208132478874837,0.1,0.1,0.1,0.1,0.1,0.1,0.1,0.1,0.1,0.1,-0.003149978213770524,-0.003369976692192593,-0.005839959609022179,-0.002019986029148082,-0.008279942733339664,0.0028799800811616224,-0.0019699863749612486,8.99993775363007e-05,0.0008899938445256402,-0.002799980634462688
1997-11,80.4116395250982,0.036077632877983934,1.1936339522546415e-05,0.011936339522546415,"NoDur,Durbl,Manuf,Enrgy,HiTec,Telcm,Shops,Hlth,Utils,Other",1996-10,1997-09,0.09918785780854747,0.09896254723840932,0.09643292401913092,0.10034513482789345,0.09393402496850772,0.10536341570824329,0.10039634177565213,0.1025060680233094,0.10332537918744815,0.09954630644285817,0.1,0.1,0.1,0.1,0.1,0.1,0.1,0.1,0.1,0.1,0.006459922891246685,-0.001419983050397878,0.004219949628647215,-0.0034799584615384615,0.0014399828116710876,0.010679872519893899,0.005309936618037135,0.0027699669363395224,0.0071799142970822285,0.0029299650265251992
1997-12,82.19311174218903,0.02215440734217089,1.5254466310841732e-05,0.015254466310841729,"NoDur,Durbl,Manuf,Enrgy,HiTec,Telcm,Shops,Hlth,Utils,Other",1996-11,1997-10,0.10275169145537551,0.0951461745601251,0.10058971710951753,0.0931579302956307,0.09790655251956878,0.10682469669623297,0.10164174926888593,0.09919022478742195,0.10344661178082988,0.09934465152641182,0.1,0.1,0.1,0.1,0.1,0.1,0.1,0.1,0.1,0.1,0.0037699424906620076,0.003629944626287291,-0.000279995728749433,-0.0014599777284791862,-0.004219935626152168,0.004159936541420146,-0.00014999771183005336,0.0035199463042785858,0.00800987781172485,0.005189920829319847
1998-01,82.46725012380988,0.003335296301723245,1.4654605349203133e-05,0.014654605349203133,"NoDur,Durbl,Manuf,Enrgy,HiTec,Telcm,Shops,Hlth,Utils,Other",1996-12,1997-11,0.10151931674770341,0.10138235322891495,0.09755715781132297,0.09640275101010595,0.09370261306827632,0.10190085797861413,0.09768433822162655,0.10127473903558118,0.10566735474529677,0.1029085181525578,0.1,0.1,0.1,0.1,0.1,0.1,0.1,0.1,0.1,0.1,-0.002729959992927397,0.0004899928192433788,0.0006899898883223092,-0.005659917054933725,0.005249923063321917,0.005089925408058773,0.0008999868108551859,0.005659917054933725,-0.004379935812828571,-0.0019599712769735153
1998-02,88.29049774488425,0.0706128507053625,1.6017947038138268e-05,0.016017947038138265,"NoDur,Durbl,Manuf,Enrgy,HiTec,Telcm,Shops,Hlth,Utils,Other",1997-01,1997-12,0.09694523346788257,0.10015448248367965,0.10035381472068568,0.09402501619574423,0.10489858972442315,0.10473912393481832,0.100563113569542,0.10530722081028551,0.09530074251258283,0.09771266258035578,0.1,0.1,0.1,0.1,0.1,0.1,0.1,0.1,0.1,0.1,0.0049599205509826905,0.012289803139430901,0.0070898864327555,0.0067898912381396115,0.010339834374427625,0.002409961396747638,0.010379833733709744,0.00552991142075288,0.0026399577126198196,0.008199868652834286
1998-03,93.23716640965945,0.05602719195296224,1.212837301401977e-05,0.012128373014019768,"NoDur,Durbl,Manuf,Enrgy,HiTec,Telcm,Shops,Hlth,Utils,Other",1997-02,1998-01,0.0980357359685419,0.10488217217899741,0.1000252187964096,0.09974500994741416,0.10306081466052698,0.09565396075208056,0.10309817584039305,0.09856813278163325,0.09586878753631041,0.10106199153769277,0.1,0.1,0.1,0.1,0.1,0.1,0.1,0.1,0.1,0.1,0.005879928685166677,0.006179925046654773,0.0048099416625258015,0.004799941783809532,0.0013099841118313516,0.010089877624716288,0.006789917648347235,0.003579956580424609,0.0066999187399008064,0.005899928442599216
1998-04,93.82292482086078,0.006282456168044126,7.496677852323707e-06,0.007496677852323705,"NoDur,Durbl,Manuf,Enrgy,HiTec,Telcm,Shops,Hlth,Utils,Other",1997-03,1998-02,0.10026135373660089,0.10054543388508011,0.09924813454035832,0.09923866520207568,0.09593386614143404,0.10424794515359267,0.1011230635203212,0.0980834059315935,0.10103783947577744,0.10028029241316617,0.1,0.1,0.1,0.1,0.1,0.1,0.1,0.1,0.1,0.1,-0.0032399757107637595,0.0017999865059798662,0.0012199908540530202,0.003739971962424833,0.0051799611672087255,-0.003209975935664094,-0.0006299952770929531,0.0019099856813453021,-0.002489981333272148,0.0020099849316775166
1998-05,92.60962022396777,-0.012931856464820424,1.201165540835355e-05,0.012011655408353547,"NoDur,Durbl,Manuf,Enrgy,HiTec,Telcm,Shops,Hlth,Utils,Other",1997-04,1998-03,0.09615518389331106,0.10116368044996968,0.10058730584622723,0.10309155412455653,0.10452255314074471,0.09618499637281498,0.09874886961015213,0.10127299287481739,0.09690049588090907,0.10137236780649712,0.1,0.1,0.1,0.1,0.1,0.1,0.1,0.1,0.1,0.1,0.0010999867871790507,0.006149926128319239,-0.0024899700909780335,-0.004269948710231406,-0.007039915437945925,-0.0018199781387871568,0.0021199745352905343,-0.002499969970861479,-0.001089986907295605,-0.0030799630041013423
1998-06,95.61998245738604,0.03250593433099058,1.3622660102997287e-05,0.013622660102997284,"NoDur,Durbl,Manuf,Enrgy,HiTec,Telcm,Shops,Hlth,Utils,Other",1997-05,1998-04,0.1024233091542732,0.10753940916643026,0.09878631924464075,0.0969830206264943,0.0941767637881428,0.09946508894922397,0.10345666004781778,0.09877618835352757,0.10020464400048627,0.098188596668963,0.1,0.1,0.1,0.1,0.1,0.1,0.1,0.1,0.1,0.1,0.004139943602187174,0.0011199847426206849,-0.0007399899192315239,-0.0012399831079014725,0.008739880937950702,0.0029299600856058992,0.00525992834480786,0.006199915539507363,0.002999959132019691,0.00310995763352708
1998-07,93.3804938999571,-0.023420717091503285,1.0973992671627345e-05,0.010973992671627346,"NoDur,Durbl,Manuf,Enrgy,HiTec,Telcm,Shops,Hlth,Utils,Other",1997-06,1998-05,0.10086003176693914,0.09793514895595243,0.09613373106574206,0.09564947894471779,0.1053151512803626,0.09968814163406037,0.10194475651803356,0.10285515050555921,0.09975593693100375,0.0998624723976291,0.1,0.1,0.1,0.1,0.1,0.1,0.1,0.1,0.1,0.1,-0.00413995456767034,-0.0010399885870476214,-0.005769936680062284,-0.00648992877878756,0.0005199942935238107,0.0038399578598681404,-0.0029199679559413993,-0.00025999714676190535,-0.005409940630699646,-0.0017399809052527511
1998-08,80.97474909748132,-0.1328515655075313,1.3337224423760228e-05,0.013337224423760227,"NoDur,Durbl,Manuf,Enrgy,HiTec,Telcm,Shops,Hlth,Utils,Other",1997-07,1998-06,0.09815787587421539,0.10133218648562857,0.09648880287531104,0.0957515436365312,0.1029295815029849,0.1063291657706919,0.09940712069548123,0.10213088399430673,0.09685743249470095,0.10061540667014818,0.1,0.1,0.1,0.1,0.1,0.1,0.1,0.1,0.1,0.1,-0.01309982528236005,-0.01895974712622493,-0.014309809144318498,-0.010389861426238238,-0.017679764197872188,-0.012359835151906121,-0.014199810611413182,-0.012369835018533877,0.0019599738590401292,-0.0214297141832806
1998-09,86.30331037825601,0.06580522125928301,2.3248304811107522e-05,0.02324830481110752,"NoDur,Durbl,Manuf,Enrgy,HiTec,Telcm,Shops,Hlth,Utils,Other",1997-08,1998-07,0.10021218690899028,0.09345449513353937,0.09881682734443471,0.10333733105770561,0.09493057797868906,0.10106554730384242,0.09894367821393976,0.1010540154066147,0.11757922413395452,0.09060611651828959,0.1,0.1,0.1,0.1,0.1,0.1,0.1,0.1,0.1,0.1,0.0012599707071359381,0.0007999814013561513,0.0006599846561188247,0.012949698934452697,0.015149647788182114,0.010269761239909591,0.0014799655925088798,0.012089718927994835,0.008169810061349694,0.002999930255085567
1998-10,92.17747878647408,0.0680642304735748,2.4126736909263213e-05,0.02412673690926321,"NoDur,Durbl,Manuf,Enrgy,HiTec,Telcm,Shops,Hlth,Utils,Other",1997-09,1998-08,0.09500577015096218,0.0945741816237111,0.09444282859367818,0.10597374815871201,0.10803786720208665,0.10345927586951016,0.09521218205529965,0.10516686525993829,0.10148898041901618,0.09663830066708576,0.1,0.1,0.1,0.1,0.1,0.1,0.1,0.1,0.1,0.1,0.010989734847161368,0.010629743532786657,0.011269728091675034,0.0011599720129851854,0.006209850172963794,0.006739837385793233,0.010689742085182441,0.003829907594597638,-0.0017699572956756708,0.008339798783014178
1998-11,97.16541957592959,0.054112358627316004,1.6735481092417316e-05,0.016735481092417313,"NoDur,Durbl,Manuf,Enrgy,HiTec,Telcm,Shops,Hlth,Utils,Other",1997-10,1998-09,0.10391446413691731,0.10357741388834275,0.10417661433025308,0.0947111198494509,0.09943918583639956,0.09993539870235654,0.10363358892977184,0.09721090919304554,0.09196790532633017,0.10143339980713235,0.1,0.1,0.1,0.1,0.1,0.1,0.1,0.1,0.1,0.1,0.006409892725566199,0.005239912306079076,0.003519941091106555,0.0006099897913565337,0.011659804864290461,0.0036599387481392022,0.009459841682348867,0.006189896407372038,0.0013299777418101474,0.006049898750339391
1998-12,102.52480006933884,0.05515728246530327,1.2052593133674216e-05,0.012052593133674214,"NoDur,Durbl,Manuf,Enrgy,HiTec,Telcm,Shops,Hlth,Utils,Other",1997-11,1998-10,0.10094580364850636,0.0998358836196674,0.09820420631231444,0.09544363598417653,0.10592621403432215,0.09833701725593619,0.103839184920266,0.10073710073710074,0.09612666369423127,0.10060428979347899,0.1,0.1,0.1,0.1,0.1,0.1,0.1,0.1,0.1,0.1,0.0003299960226442659,0.00373995492330168,0.0023899711943024104,-0.0012399850547845143,0.015149817403214024,0.014389826563184806,0.009219888875091307,0.00493994046018992,0.0028599655295836377,0.0033899591417092764
1999-01,104.41213488279236,0.018408568582207296,2.1043584529679933e-05,0.02104358452967993,"NoDur,Durbl,Manuf,Enrgy,HiTec,Telcm,Shops,Hlth,Utils,Other",1997-12,1998-11,0.09508420444099056,0.09831591118018897,0.09703649648871744,0.09359629254053849,0.10912933460958897,0.10840907152401982,0.10350938711297705,0.09945316868371921,0.09748192234426681,0.09798421107499265,0.1,0.1,0.1,0.1,0.1,0.1,0.1,0.1,0.1,0.1,-0.0034699269787616823,0.004899896886435804,0.0005899875842851275,-0.004969895413384887,0.01506968287318114,0.009129807872073245,0.0021799541249857253,0.00027999410779633175,-0.006249868477596689,0.0009699795877230063
1999-02,100.95059118507221,-0.03315269534145526,2.3473002011975395e-05,0.02347300201197539,"NoDur,Durbl,Manuf,Enrgy,HiTec,Telcm,Shops,Hlth,Utils,Other",1998-01,1998-12,0.0947831466080143,0.10300167905501606,0.09876967489174515,0.09331029133077384,0.11298763783470638,0.10715513093683417,0.10033090148562003,0.09846528480111545,0.09205345482752865,0.09914279822864606,0.1,0.1,0.1,0.1,0.1,0.1,0.1,0.1,0.1,0.1,-0.003989906342721973,-0.004499894371490946,-0.002129950002505714,-0.003259923478013441,-0.011569728417366722,-0.0028899321630241853,-0.001339968546177304,0.00016999600958965798,-0.003629914793002696,9.999765269979881e-06
1999-03,104.13142952712728,0.03150886294686139,1.079673989718414e-05,0.010796739897184136,"NoDur,Durbl,Manuf,Enrgy,HiTec,Telcm,Shops,Hlth,Utils,Other",1998-02,1999-01,0.0992998024553456,0.09877232720014066,0.1012235357390342,0.10005481605593307,0.09146007219171139,0.1004374941822582,0.1020406052519987,0.10360234571348785,0.0996721379296079,0.10343686328048236,0.1,0.1,0.1,0.1,0.1,0.1,0.1,0.1,0.1,0.1,-0.0020299780826180088,-0.0003699960052062381,0.0048599475278441,0.01527983502581437,0.008469908551613071,-0.00067999265821687,0.002699970848802278,0.0025099729001828576,-0.0016399822933465683,0.002419973871889449
1999-04,110.11277718597101,0.05744036825390486,1.8565001130377343e-05,0.018565001130377342,"NoDur,Durbl,Manuf,Enrgy,HiTec,Telcm,Shops,Hlth,Utils,Other",1998-03,1999-02,0.09497634558709477,0.0965856212191717,0.1016558089033659,0.11175740654568014,0.1051554986815573,0.09628509384209709,0.09956181169536217,0.09937761749650999,0.09535442841631765,0.09929036761284317,0.1,0.1,0.1,0.1,0.1,0.1,0.1,0.1,0.1,0.1,0.003909927410845581,0.009409825303339364,0.009449824560739319,0.01576970722993218,0.002259958043097445,0.00774985612124124,0.0003799929452995705,-0.00552989733554375,0.007349863547241692,0.006709875428842415
1999-05,108.80678165707415,-0.011860526655241288,2.0772602859362945e-05,0.020772602859362947,"NoDur,Durbl,Manuf,Enrgy,HiTec,Telcm,Shops,Hlth,Utils,Other",1998-04,1999-03,0.09826376411400903,0.10346490647400375,0.10350273296389462,0.10947931836665217,0.09670342140601063,0.1018951071435326,0.09492557638113971,0.08933671249976358,0.1015168422446239,0.10091161840636997,0.1,0.1,0.1,0.1,0.1,0.1,0.1,0.1,0.1,0.1,0.001369971541534083,-0.004469907146465219,-0.0032999314504105646,-0.0030999356049311363,-0.000829982758739627,0.0006599862900821129,-0.00297993809764348,-0.0020299578316161954,0.006729860200382757,-0.003889919194574878
1999-06,112.3654994041863,0.03270676416409546,1.2816480657633728e-05,0.012816480657633729,"NoDur,Durbl,Manuf,Enrgy,HiTec,Telcm,Shops,Hlth,Utils,Other",1998-05,1999-04,0.10258460168393782,0.09667462759067356,0.097858646373057,0.09806104274611399,0.10035824158031087,0.10186609455958548,0.09818248056994817,0.09914386334196891,0.10800882448186527,0.09726157707253887,0.1,0.1,0.1,0.1,0.1,0.1,0.1,0.1,0.1,0.1,0.000259996667715029,0.0009299880806729886,0.004509942197672235,-0.001479981031608627,0.0115598518414836,0.0058799246390937344,0.008069896571001095,0.004429943222990687,-0.004489942454001848,0.0030499609097339947
1999-07,109.28701763281161,-0.027397037237392396,1.751684871020217e-05,0.017516848710202173,"NoDur,Durbl,Manuf,Enrgy,HiTec,Telcm,Shops,Hlth,Utils,Other",1998-06,1999-05,0.09708343016500116,0.0977322023394531,0.10119877604771865,0.09539855914478271,0.10802540862963823,0.1025253698969711,0.10464598342241847,0.10112131071345573,0.09248392594314045,0.09978503369742041,0.1,0.1,0.1,0.1,0.1,0.1,0.1,0.1,0.1,0.1,-0.002439957258889147,-0.006029894373402278,-0.0011599796804554962,0.0016399712723681153,-0.0017299696958517315,-0.0017199698710202184,-0.00499991241575645,-0.004399922925865676,-0.0005799898402277481,-0.005959895599581688
1999-08,107.97004309521073,-0.012050603686759254,1.073291100778355e-05,0.01073291100778355,"NoDur,Durbl,Manuf,Enrgy,HiTec,Telcm,Shops,Hlth,Utils,Other",1998-07,1999-06,0.10030638892887253,0.09661532767164976,0.10162242191194916,0.10450124406242932,0.10103637597417285,0.10104665748185314,0.09767432296271925,0.09829121342353642,0.10221874935740576,0.09668729822541176,0.1,0.1,0.1,0.1,0.1,0.1,0.1,0.1,0.1,0.1,-0.004589950735938474,0.0005999935602533953,-0.0005199944188862759,0.001919979392810865,0.005459941398305898,-0.008249911453484186,-0.005959936031850394,0.0037599596442546104,0.0005799937749116155,-0.00503994590612852
1999-09,104.46224404770594,-0.03248863246642886,1.9257766094031144e-05,0.019257766094031147,"NoDur,Durbl,Manuf,Enrgy,HiTec,Telcm,Shops,Hlth,Utils,Other",1998-08,1999-07,0.096572735738289,0.10182598485768656,0.10069233572209402,0.10316207133892061,0.10674521235677557,0.0928681323130491,0.09518603992064456,0.10502449491882263,0.10180574112312239,0.09611725171059557,0.1,0.1,0.1,0.1,0.1,0.1,0.1,0.1,0.1,0.1,-0.006909866928836291,-0.008369838812497794,-0.003149939338036804,-0.003959923739246268,-9.999807422339062e-05,0.0046499104513876635,0.0012699755426370607,-0.007069863847593716,-0.004279917576761118,-0.004549912377164273
1999-10,110.12022645136122,0.05416294140753264,1.618185932897621e-05,0.016181859328976207,"NoDur,Durbl,Manuf,Enrgy,HiTec,Telcm,Shops,Hlth,Utils,Other",1998-09,1999-08,0.09621407088152305,0.09470507374448338,0.10010025528924169,0.09926307194608953,0.10325261232209855,0.10816202081589202,0.10466858908767687,0.09604870133225844,0.09893233284756028,0.09865327173317623,0.1,0.1,0.1,0.1,0.1,0.1,0.1,0.1,0.1,0.1,0.006599893199728429,0.004599925563447087,0.005709907601583231,-0.0015699745944808537,0.00300995129260342,0.00829986569056757,0.003209948056231554,0.0107298263686494,0.0021599650471838495,0.01142981504134787
1999-11,111.51819576984049,0.012694936829763304,1.4874120169231069e-05,0.014874120169231068,"NoDur,Durbl,Manuf,Enrgy,HiTec,Telcm,Shops,Hlth,Utils,Other",1998-10,1999-09,0.10112125064030811,0.09922404143504904,0.10027699254396782,0.09337115103682483,0.09771576011686808,0.10273387846477831,0.09790548103739398,0.10503898764916807,0.09690944620463297,0.10570301087100875,0.1,0.1,0.1,0.1,0.1,0.1,0.1,0.1,0.1,0.1,-0.001099983638467814,-0.002199967276935628,-0.000979985423362234,0.003809943329602155,0.012749810354967842,0.00460993143030602,0.004149938272401297,0.0015199773913373428,-0.007359890526475553,-0.002489962963440779
1999-12,115.5829263220104,0.03644903438501634,2.02279033484413e-05,0.0202279033484413,"NoDur,Durbl,Manuf,Enrgy,HiTec,Telcm,Shops,Hlth,Utils,Other",1998-11,1999-10,0.09765875719603835,0.09657256272773053,0.09777725113803558,0.10250713432275775,0.11133493300155028,0.10329709393607252,0.10284286715841653,0.10024587492964421,0.09147732322185029,0.09628620236790394,0.1,0.1,0.1,0.1,0.1,0.1,0.1,0.1,0.1,0.1,-0.0026399465983351603,0.0027499443732657922,0.010279792057153578,0.0006299872564208905,0.02074958027100552,0.004529908367597832,0.006759863259373365,-0.005619886319183183,-0.0023699520598690644,0.0013999716809353121
2000-01,112.68109183268227,-0.025106082547552977,2.6753525984632723e-05,0.02675352598463272,"NoDur,Durbl,Manuf,Enrgy,HiTec,Telcm,Shops,Hlth,Utils,Other",1998-12,1999-11,0.0939342190319064,0.09913456250542708,0.10639960635618977,0.09708915839339298,0.1165012011925092,0.10085193010892744,0.10300346367960483,0.0910590755159339,0.09419471861221261,0.09783206460389593,0.1,0.1,0.1,0.1,0.1,0.1,0.1,0.1,0.1,0.1,-0.0047198737233573535,-0.0013299644178104409,-0.008659768314464975,0.00127996575548674,-0.005209860614129621,-0.0038498969989249595,-0.011009705443678911,0.007629795870596737,0.0055398517854660465,-0.0047498729207515735
2000-02,109.1876388621777,-0.031003009588262742,2.374521502430645e-05,0.02374521502430645,"NoDur,Durbl,Manuf,Enrgy,HiTec,Telcm,Shops,Hlth,Utils,Other",1999-01,1999-12,0.09773109588479056,0.1012083042711197,0.09368973864522218,0.10388544701103682,0.09722849054281378,0.09862347679809626,0.09127928445410907,0.11039880195298077,0.10825503631067165,0.09770032412915933,0.1,0.1,0.1,0.1,0.1,0.1,0.1,0.1,0.1,0.1,-0.006269851117501796,-0.008809790804655637,-0.0037399111928958094,-0.005599867026795863,0.018039571636320962,-0.0036899123801565604,-0.003949906206400654,-0.0025099403995102886,-0.007069832121329778,-0.007379824760313121
2000-03,118.327267633174,0.08370570942130917,2.241386571459168e-05,0.02241386571459168,"NoDur,Durbl,Manuf,Enrgy,HiTec,Telcm,Shops,Hlth,Utils,Other",1999-02,2000-01,0.09672658975046955,0.0941053848217787,0.09933747497471672,0.09741800994819506,0.12181379125301851,0.09938907349693504,0.09912076118139976,0.10060679862128748,0.09590101339497636,0.09558110255722276,0.1,0.1,0.1,0.1,0.1,0.1,0.1,0.1,0.1,0.1,0.00742983346497774,0.010889755913002369,0.007519831447729826,0.011919732826720684,0.004089908327289228,0.008269814637330541,0.013389699878338084,-2.9999327584028563e-05,0.005889867982330941,0.014359678136888342
2000-04,117.39654982332708,-0.00786562411575531,1.5747735479005782e-05,0.015747735479005782,"NoDur,Durbl,Manuf,Enrgy,HiTec,Telcm,Shops,Hlth,Utils,Other",1999-03,2000-02,0.09912985706771982,0.1023225342105506,0.09921290358299577,0.10327295544093086,0.09604790861192364,0.09990495787696198,0.10462938185710464,0.0922462236904026,0.09770883891744254,0.1055244387439676,0.1,0.1,0.1,0.1,0.1,0.1,0.1,0.1,0.1,0.1,-0.0019599691344384614,0.008689863152178689,0.0014599770083062009,-0.0023099636227310438,-0.010549833861390698,-0.00832986882136346,-0.0044799294501450555,0.005039920631413186,0.007419883151802747,-0.0028299554339085947
2000-05,116.20078525581712,-0.010185687478119987,2.5951141719976076e-05,0.025951141719976072,"NoDur,Durbl,Manuf,Enrgy,HiTec,Telcm,Shops,Hlth,Utils,Other",1999-04,2000-03,0.09881570327067479,0.10954996724285641,0.10226276268709368,0.0984629340321524,0.09015773824522501,0.09239530312956709,0.09627576475331351,0.1058710880411228,0.10826991886307513,0.09793881973491911,0.1,0.1,0.1,0.1,0.1,0.1,0.1,0.1,0.1,0.1,0.007099815746893789,-0.012309680541445428,-0.001719955364036242,0.009389756318779252,-0.01084971843011234,-0.009969741267117053,-0.0028299265582689332,0.0037199034617528023,0.003959897233478789,0.0033499130636752386
2000-06,116.71403469172407,0.004416918825264515,3.293461569546593e-05,0.03293461569546593,"NoDur,Durbl,Manuf,Enrgy,HiTec,Telcm,Shops,Hlth,Utils,Other",1999-05,2000-04,0.10819930493817181,0.08859007516366281,0.09928877394326356,0.11051281015113554,0.09006506101996282,0.09095409359088338,0.0981673805867615,0.1047846116544088,0.10502707508284166,0.1044108138689081,0.1,0.1,0.1,0.1,0.1,0.1,0.1,0.1,0.1,0.1,0.0021799282025377837,-0.008989703917804898,-0.00127995784369191,-0.005049833680190738,0.012629584035803767,0.003989868590883376,-0.002209927214499313,0.010989638048573508,-0.004679845865998545,-0.003129896914652873
2000-07,115.588022633485,-0.009647614883790068,2.788311939874755e-05,0.027883119398747547,"NoDur,Durbl,Manuf,Enrgy,HiTec,Telcm,Shops,Hlth,Utils,Other",1999-06,2000-05,0.1017273134551247,0.09060679974115189,0.09828264224202302,0.09452934441734284,0.11213101697446365,0.1035292946388571,0.09735676240728759,0.11049828264224204,0.09489770521180747,0.09644083826969985,0.1,0.1,0.1,0.1,0.1,0.1,0.1,0.1,0.1,0.1,0.0007199799241540329,0.004729868112845244,-0.001449959569476872,-0.0026799252732400114,-0.005169855844272708,-0.007269797289721972,-0.0012199659825943335,-0.006509818480892713,0.003869892092327927,0.005359850546480023
2000-08,121.67839113575702,0.052690307901397615,1.8706100067914814e-05,0.018706100067914816,"NoDur,Durbl,Manuf,Enrgy,HiTec,Telcm,Shops,Hlth,Utils,Other",1999-07,2000-06,0.1016983380116723,0.10574728891940467,0.09950725983965751,0.09826531230436802,0.09575112583048931,0.09363072759950726,0.09973949393162221,0.0943981098164341,0.10487893535814537,0.10638340838869928,0.1,0.1,0.1,0.1,0.1,0.1,0.1,0.1,0.1,0.1,-0.0020799610913118586,0.005439898238815631,0.007409861387798497,0.008749836321624405,0.012679762806651139,-0.0014899721279108989,-0.0023999551053598372,0.0034999345286497625,0.011659781886873208,0.009239827155635372
2000-09,121.02227001506061,-0.005392256706980736,2.2376870776912494e-05,0.022376870776912493,"NoDur,Durbl,Manuf,Enrgy,HiTec,Telcm,Shops,Hlth,Utils,Other",1999-08,2000-07,0.09301707022826798,0.10016053803991602,0.10203189862355255,0.10330480379211748,0.1070380256670878,0.09357752847412867,0.09271309287458084,0.09831767533318767,0.10606909785221,0.10377026911495092,0.1,0.1,0.1,0.1,0.1,0.1,0.1,0.1,0.1,0.1,0.0037299165342720023,-0.004159906912217568,-0.0056998724518365716,0.004559897961469257,-0.014729670388693456,-0.004449900422925043,0.0026599404775237336,0.0036699178768842483,0.008799803083537163,0.0002499944057823058
2000-10,121.05893385494761,0.00030295118313716785,2.7039893698105713e-05,0.02703989369810571,"NoDur,Durbl,Manuf,Enrgy,HiTec,Telcm,Shops,Hlth,Utils,Other",1999-09,2000-08,0.10429003750138241,0.09635743944984566,0.09480912500125674,0.10512451866523229,0.08573037209816714,0.09606587374199449,0.10321426057931089,0.104229713561827,0.10938741039381478,0.10079124900716849,0.1,0.1,0.1,0.1,0.1,0.1,0.1,0.1,0.1,0.1,0.007479797741595139,0.00254993104827107,0.003399908064361427,-0.0028099240178987087,-0.007469798011994076,-0.00016999540321807136,-0.0017499526801860285,0.002059944297818982,-0.0016699548433775243,-0.0012899651185371295
2000-11,114.14713756542218,-0.057094475140571754,1.5351398392095263e-05,0.015351398392095261,"NoDur,Durbl,Manuf,Enrgy,HiTec,Telcm,Shops,Hlth,Utils,Other",1999-10,2000-09,0.10744454330071077,0.10251616966401088,0.10336588925654533,0.09715793788049944,0.09249947517319285,0.0997970669679006,0.09821758819589535,0.10202633131066749,0.09829756180460447,0.09867743644597284,0.1,0.1,0.1,0.1,0.1,0.1,0.1,0.1,0.1,0.1,0.002699958551224342,-0.011139828985421913,-0.0030799527176929528,-0.0025199613144760522,-0.023199643847557305,-0.01652974624138458,-0.0010399840345456722,0.000749988486451206,0.00295995455986076,-0.005979908198637616
2000-12,117.54790529176057,0.029792842806849018,3.608089990689987e-05,0.03608089990689986,"NoDur,Durbl,Manuf,Enrgy,HiTec,Telcm,Shops,Hlth,Utils,Other",1999-11,2000-10,0.10891698129215628,0.09423917193399228,0.10278708692147795,0.1033809867220973,0.08144911551351122,0.088522886353031,0.1049505790523056,0.10684893734357104,0.10919272048530097,0.09971153438255631,0.1,0.1,0.1,0.1,0.1,0.1,0.1,0.1,0.1,0.1,0.005439803719904507,7.999711352800746e-05,0.00696974851612765,0.007499729393250699,-0.007989711713609744,-0.004269845934557397,0.005669795421297528,0.003489874077659325,0.006469766556577603,0.006469766556577603
2001-01,120.6533959185434,0.026418936339825283,2.0521082746986447e-05,0.020521082746986444,"NoDur,Durbl,Manuf,Enrgy,HiTec,Telcm,Shops,Hlth,Utils,Other",1999-12,2000-11,0.10238583067108163,0.0971810881407611,0.10387151277395298,0.10438616082266006,0.08934484332365536,0.09295709000514649,0.10260916850353942,0.10049231426546129,0.10338599574687084,0.10338599574687084,0.1,0.1,0.1,0.1,0.1,0.1,0.1,0.1,0.1,0.1,-0.0021799552640396117,0.013049732199870153,-0.000979979889338908,-0.0034299296126861782,0.016179667968881154,0.015499681923217422,0.006409868459859592,-0.008509825365585822,-0.010229790069323499,0.0006299870717178694
2001-02,115.19048433654206,-0.045277727497115006,3.95151630934097e-05,0.039515163093409696,"NoDur,Durbl,Manuf,Enrgy,HiTec,Telcm,Shops,Hlth,Utils,Other",2000-01,2000-12,0.09530026109660575,0.11013795253497526,0.09646935037605706,0.09408245976384397,0.11318732707221076,0.11252484314718834,0.10366899185534469,0.08913331514750009,0.08745762051361988,0.09803787849265422,0.1,0.1,0.1,0.1,0.1,0.1,0.1,0.1,0.1,0.1,0.00013999446787716697,-0.0012499506060461335,-0.003789850237531877,-2.99988145451072e-05,-0.02606896983969816,-0.01029959299382014,-0.005329789384180713,-0.0005399786618119297,0.006179755796292083,-0.004249832060556854
2001-03,109.53601141506553,-0.0490880210639304,2.9466700244401843e-05,0.029466700244401837,"NoDur,Durbl,Manuf,Enrgy,HiTec,Telcm,Shops,Hlth,Utils,Other",2000-02,2001-01,0.10488499727680256,0.10342913402321002,0.10076877958858771,0.10470694205873728,0.07743307218568017,0.09395031212032344,0.09915580878964349,0.10417277640454146,0.11121119443629814,0.1002869831161758,0.1,0.1,0.1,0.1,0.1,0.1,0.1,0.1,0.1,0.1,-0.004779859149172832,-0.0033299018758881863,-0.006049821726463521,-9.999705332997555e-05,-0.013889590707533605,-0.005999823199798533,-0.0028699154305702984,-0.0085897468810449,0.0010499690599647434,-0.0044998673998489
2001-04,117.2619387249527,0.07053321743304375,1.5676583958057186e-05,0.015676583958057183,"NoDur,Durbl,Manuf,Enrgy,HiTec,Telcm,Shops,Hlth,Utils,Other",2000-03,2001-02,0.10013250047321598,0.10165730750625697,0.09879697983048352,0.10505394662123793,0.09055250594148948,0.09884955938334701,0.102141039392601,0.09612593854501861,0.10626327633709802,0.10042694596925147,0.1,0.1,0.1,0.1,0.1,0.1,0.1,0.1,0.1,0.1,0.0009199855775427586,0.008699863613719565,0.007549881641791117,0.01001984292062874,0.018009717664722917,0.004009937136898328,0.005599912211129835,0.004249933374518179,0.005409915189680787,0.0060799046863695356
2001-05,118.16894617337694,0.007734883614296084,1.5000134660299788e-05,0.015000134660299787,"NoDur,Durbl,Manuf,Enrgy,HiTec,Telcm,Shops,Hlth,Utils,Other",2000-04,2001-03,0.09426930082667788,0.10153659333987204,0.10046237915090375,0.10276960440894868,0.1102330577740414,0.09715566764747094,0.09864088552613143,0.09737985147821215,0.09846340666012798,0.09908925318761386,0.1,0.1,0.1,0.1,0.1,0.1,0.1,0.1,0.1,0.1,0.003399948999542155,-0.00155997659978993,0.0021499677497104804,9.999849998653399e-05,-0.0031999519995690876,-0.0016299755497805035,0.001609975849783197,0.002769958449626991,0.0004699929499367096,0.003639945399509837
2001-06,115.46058482404773,-0.02291940003726123,9.620441577772262e-06,0.009620441577772263,"NoDur,Durbl,Manuf,Enrgy,HiTec,Telcm,Shops,Hlth,Utils,Other",2000-05,2001-04,0.10260481270156288,0.09768295708260978,0.10136442570081866,0.09933019101959811,0.09605556933763333,0.0976134954105681,0.10082857851649714,0.1019796576531878,0.0996973455718184,0.10284296700570578,0.1,0.1,0.1,0.1,0.1,0.1,0.1,0.1,0.1,0.1,-0.001519985376928802,0.003789963538526421,-0.004649955264946664,-0.00745992823150583,0.0014099864351773755,-0.002679974217216572,-0.0025799751792607295,-0.0029799713310840986,-0.006149940834284298,-8.999913416025801e-05
2001-07,114.68665663160347,-0.006702964423951796,1.3051740093059236e-05,0.013051740093059235,"NoDur,Durbl,Manuf,Enrgy,HiTec,Telcm,Shops,Hlth,Utils,Other",2000-06,2001-05,0.1007890777717508,0.10622358226980115,0.09758568811470796,0.09470980155359282,0.10378777799383884,0.09960187904901288,0.0997042237664903,0.09929484489658066,0.09605051735254685,0.10225260723167773,0.1,0.1,0.1,0.1,0.1,0.1,0.1,0.1,0.1,0.1,-0.0005399929520603498,0.0032599574513272967,0.0005299930825777507,-0.0022299708946195928,-0.007569901198327496,-0.0009599874703295107,0.004549940614582577,0.002279970242032588,-0.003839949881318043,-0.0021699716777239986
2001-08,108.98525679578708,-0.04971284370186524,1.3515418147406142e-05,0.013515418147406142,"NoDur,Durbl,Manuf,Enrgy,HiTec,Telcm,Shops,Hlth,Utils,Other",2000-07,2001-06,0.100129868822422,0.10395546204105466,0.10120707533398436,0.098428486575188,0.0930525213679516,0.09970704009825736,0.10525415026527468,0.10296886168467045,0.09680764313255681,0.09848889067864011,0.1,0.1,0.1,0.1,0.1,0.1,0.1,0.1,0.1,0.1,0.001989973104317887,-0.01004986417004762,-0.0021799705363884387,-0.0034999526960364847,-0.0126298293002688,-0.008639883226787208,-0.00691990647330642,-0.003099958102203743,0.0005299928368283819,-0.005199929719825635
2001-09,99.65089982306102,-0.08564788712859084,1.956224350205198e-05,0.01956224350205198,"NoDur,Durbl,Manuf,Enrgy,HiTec,Telcm,Shops,Hlth,Utils,Other",2000-08,2001-07,0.10732400294643796,0.0946543196885194,0.10293591497421865,0.10154687993265285,0.09193938756182257,0.09613806166473744,0.09794801641586867,0.10196779964221823,0.10578764600652424,0.09975797116699989,0.1,0.1,0.1,0.1,0.1,0.1,0.1,0.1,0.1,0.1,-0.0035199311409028736,-0.01726966216005472,-0.012699751559507526,-0.006179879105335157,-0.018999628317373462,-0.00234995402872777,-0.009509813963064299,-0.0006299876757865938,-0.006599870889192888,-0.00786984604514364
2001-10,101.75781276132506,0.021142939421571194,2.6499582272279514e-05,0.02649958227227951,"NoDur,Durbl,Manuf,Enrgy,HiTec,Telcm,Shops,Hlth,Utils,Other",2000-09,2001-08,0.10551527281078776,0.09047759659656375,0.0954755733455822,0.10260616599407242,0.08858558351651957,0.1067948423504708,0.09896431422728218,0.10867591893872285,0.10214683333880158,0.10075789888119689,0.1,0.1,0.1,0.1,0.1,0.1,0.1,0.1,0.1,0.1,0.0012799660805346918,0.001069971645446969,0.0039398955916458474,0.00513986379214712,0.01569958395655833,-0.009569746398997657,0.0015699583956558327,0.0012599666105263371,0.0017599533607352011,-0.0009799740304093734
2001-11,108.28667529606504,0.06416079864111812,1.804333748250794e-05,0.01804333748250794,"NoDur,Durbl,Manuf,Enrgy,HiTec,Telcm,Shops,Hlth,Utils,Other",2000-10,2001-09,0.09918035194923469,0.09897470548488499,0.1017852071643311,0.10296032981775806,0.11330140916791524,0.08855528462449935,0.09946433992381289,0.09916076657167759,0.09965040101060549,0.0969672042852806,0.1,0.1,0.1,0.1,0.1,0.1,0.1,0.1,0.1,0.1,0.0025799534481892954,0.01500972916950439,0.008459847353364901,-0.004209924037549199,0.015889713291367406,0.0058498944464757275,0.009809822994859298,0.005019909422445839,-0.0014299741980274003,0.007199870087970128
2001-12,110.54409601222456,0.020846708147493898,2.2815689075156453e-05,0.02281568907515645,"NoDur,Durbl,Manuf,Enrgy,HiTec,Telcm,Shops,Hlth,Utils,Other",2000-11,2001-10,0.09639346727057452,0.10807382209776539,0.10191884831513465,0.09001296773102294,0.10890074987314174,0.0994662557086207,0.10318743069781426,0.0986863124659362,0.09262530774868911,0.10073483809130034,0.1,0.1,0.1,0.1,0.1,0.1,0.1,0.1,0.1,0.1,0.0018899568783476482,-0.000839980834821177,0.0026399397665808418,0.0059698637903362215,-0.0006299856261158827,0.002599940679208405,0.004339900979909415,-0.0028199356597568086,0.004039907824616136,0.0036799160382642035
2002-01,109.33248695117106,-0.010960414031695676,1.0529327835562532e-05,0.010529327835562529,"NoDur,Durbl,Manuf,Enrgy,HiTec,Telcm,Shops,Hlth,Utils,Other",2000-12,2001-11,0.09980702733942617,0.09713283767766707,0.10054169482892042,0.10380361848227491,0.09733854457472547,0.10050251256281406,0.10220694113844074,0.09519331550540226,0.10191307414264303,0.1015604337476858,0.1,0.1,0.1,0.1,0.1,0.1,0.1,0.1,0.1,0.1,0.0008699908394847832,0.002849969991415669,0.0015599835742485769,-0.0028699697808291123,-0.0005199945247495256,-0.007149924715305978,0.0026099725184543492,-0.002409974624319917,-0.004329954408010472,-0.0015599835742485769
2002-02,109.3660529686575,0.00030700863414390156,1.2987209948940894e-05,0.01298720994894089,"NoDur,Durbl,Manuf,Enrgy,HiTec,Telcm,Shops,Hlth,Utils,Other",2001-01,2001-12,0.10198675496688742,0.10398867600222435,0.10268439411556544,0.09820534856680654,0.10058136595723169,0.09387796370254284,0.103746018907032,0.09867044133259188,0.09672918457105303,0.09952985187806482,0.1,0.1,0.1,0.1,0.1,0.1,0.1,0.1,0.1,0.1,0.004239944934229817,0.003269957531823467,0.004359943375764623,0.005559927791112683,-0.013149829218189173,-0.002749964285172641,-0.00014999805191850767,-0.00044999415575552306,-0.0003599953246044184,-0.00024999675319751277
2002-03,114.64973143754105,0.04831186940976795,1.729473565759226e-05,0.01729473565759226,"NoDur,Durbl,Manuf,Enrgy,HiTec,Telcm,Shops,Hlth,Utils,Other",2001-02,2002-01,0.10420665387076136,0.10323696417146512,0.10432661548304542,0.10552623160588612,0.08682221689059502,0.09721888995521434,0.09981805822136917,0.099518154190659,0.09960812539987204,0.09971809021113244,0.1,0.1,0.1,0.1,0.1,0.1,0.1,0.1,0.1,0.1,0.0037999342800045014,0.00688988083927132,0.004929914736953207,0.007689867003482794,0.006499887584218226,0.00035999377389516325,0.0020899638540024753,0.000539990660842745,0.010289822037170082,0.005239909375585154
2002-04,110.17592714490564,-0.03902149823240231,1.1964986526601898e-05,0.011964986526601896,"NoDur,Durbl,Manuf,Enrgy,HiTec,Telcm,Shops,Hlth,Utils,Other",2001-03,2002-02,0.0990146232579436,0.10196216840117141,0.10009252811614663,0.10272528688485497,0.10159014814037566,0.09573321377810423,0.09738345749906996,0.09590491543693302,0.10520542195682658,0.10038823652857404,0.1,0.1,0.1,0.1,0.1,0.1,0.1,0.1,0.1,0.1,0.002119974634228564,0.0019299769075760036,-0.001509981932870345,-0.0045499455593113036,-0.011899857616660335,-0.01275984732677192,-0.001619980616721827,-0.007549909664351724,-0.00041999497470565877,-0.002749967096287052
2002-05,108.86023326492696,-0.011941754556312967,2.201699894023994e-05,0.022016998940239937,"NoDur,Durbl,Manuf,Enrgy,HiTec,Telcm,Shops,Hlth,Utils,Other",2001-04,2002-03,0.10626541379202699,0.10606770101665992,0.1024880591889614,0.09932465478308829,0.09167629215704638,0.09078138170012176,0.10237359389795941,0.09620287411939772,0.10362230616343564,0.10119772318130263,0.1,0.1,0.1,0.1,0.1,0.1,0.1,0.1,0.1,0.1,0.0012699720384113458,-0.0004299905326904557,-0.00025999427558027555,-0.0007399837074207843,-0.003589920958973805,0.002999933949003179,-0.001439968295521526,-0.002279949801242416,-0.006919847642367334,-0.0005299883309905617
2002-06,101.3174259673734,-0.06928891360352929,9.577105390888862e-06,0.00957710539088886,"NoDur,Durbl,Manuf,Enrgy,HiTec,Telcm,Shops,Hlth,Utils,Other",2001-05,2002-04,0.10249170107683589,0.10077119261598251,0.10094324346206787,0.10045745283782691,0.09757307100639624,0.10424257145170433,0.09974900817747552,0.09889887458505385,0.09420289855072464,0.10066998623593232,0.1,0.1,0.1,0.1,0.1,0.1,0.1,0.1,0.1,0.1,-0.006049942058512387,-0.008159921850820012,-0.0029799714602259356,9.999904228946092e-06,-0.012149883638169502,-0.014399862089682375,-0.005099951156762507,-0.009529908730185626,-0.00580994435701768,-0.005109951060991454
2002-07,91.89124697986401,-0.09303610802888773,1.7760070660667573e-05,0.017760070660667572,"NoDur,Durbl,Manuf,Enrgy,HiTec,Telcm,Shops,Hlth,Utils,Other",2001-06,2002-05,0.10094335568162283,0.098676293622142,0.10424187725631769,0.10745444387141138,0.0943892900120337,0.09197180677325083,0.1019640708268867,0.09720431493897198,0.10120122056042634,0.10195332645693657,0.1,0.1,0.1,0.1,0.1,0.1,0.1,0.1,0.1,0.1,-0.00662988225073152,-0.011919788299957726,-0.008519848684197973,-0.011829789898364085,-0.009699827727314592,-0.011669792739975392,-0.01142979700239235,-0.002759950982204977,-0.012189783504738648,-0.006369886868349893
2002-08,92.66824507136299,0.008455626809256822,1.4252472302881092e-05,0.014252472302881089,"NoDur,Durbl,Manuf,Enrgy,HiTec,Telcm,Shops,Hlth,Utils,Other",2001-07,2002-06,0.10294604070652054,0.09711349754129088,0.10086220203312092,0.09721272795430991,0.09956118106242695,0.09738913757745485,0.09765375201217227,0.10721294846633883,0.09681580630223378,0.10323270634413108,0.1,0.1,0.1,0.1,0.1,0.1,0.1,0.1,0.1,0.1,0.002249967931937319,0.0006199911634671723,-0.0012899816143107294,0.0006299910209424493,-0.0009599863176265893,0.00019999714950553948,0.0018399737754509627,0.0006499907358930032,0.003399951541594171,0.001129983894706298
2002-09,83.57891002370918,-0.09808467874463567,5.187538402049417e-06,0.0051875384020494165,"NoDur,Durbl,Manuf,Enrgy,HiTec,Telcm,Shops,Hlth,Utils,Other",2001-08,2002-07,0.10139121639711643,0.09977490654159273,0.09788094836732873,0.09978482255297629,0.0982081767429869,0.09935843406348231,0.1009846599303896,0.09980465457574346,0.10253155770622825,0.10028062312215534,0.1,0.1,0.1,0.1,0.1,0.1,0.1,0.1,0.1,0.1,-0.007729959900328153,-0.010899943455831418,-0.008339956735929728,-0.007849959277823544,-0.01659991388686253,-0.00984994890274674,-0.009439951029637484,-0.005889969445398812,-0.010879943559582186,-0.010599945012092939
2002-10,89.24041249642275,0.06773840997815772,1.085462125243926e-05,0.010854621252439257,"NoDur,Durbl,Manuf,Enrgy,HiTec,Telcm,Shops,Hlth,Utils,Other",2001-09,2002-08,0.10230397374489977,0.09878924960085152,0.10162763881497251,0.10217092425048786,0.09246939861628527,0.09995343267695585,0.10040801844952991,0.10434406599254924,0.09881142451658684,0.09912187333688133,0.1,0.1,0.1,0.1,0.1,0.1,0.1,0.1,0.1,0.1,0.0050599450756164625,-0.0027099705839764058,0.003779958969531666,0.0031399659164892675,0.01936978974598634,0.02193976184960972,0.005719937911566436,0.005679938345751285,-0.0006099933786810359,0.006379930747516409
2002-11,94.56649960391795,0.059682457291518,2.599079793739238e-05,0.02599079793739238,"NoDur,Durbl,Manuf,Enrgy,HiTec,Telcm,Shops,Hlth,Utils,Other",2001-10,2002-09,0.0983938187778038,0.0911168344649965,0.09719503629126669,0.09659564504799813,0.11179583235776164,0.11420276281901194,0.09901194099742448,0.0989744790447202,0.09308358698197143,0.09963006321704519,0.1,0.1,0.1,0.1,0.1,0.1,0.1,0.1,0.1,0.1,-0.0010899716700302484,0.011989688370332732,0.006249837557512892,0.003019921507790229,0.016269577129717556,0.011809693048676361,0.0018999506174839189,0.0037799017547837967,0.0015799589345392594,0.004199890838648664
2002-12,90.3875837966913,-0.04419023464683158,2.116971305766445e-05,0.021169713057664442,"NoDur,Durbl,Manuf,Enrgy,HiTec,Telcm,Shops,Hlth,Utils,Other",2001-11,2002-10,0.0933368563097451,0.10567985580960827,0.1002632795764879,0.09721527587736266,0.10971869662454821,0.10550999801832577,0.09615838295382699,0.09793245321833331,0.0958564135471025,0.09832878806465918,0.1,0.1,0.1,0.1,0.1,0.1,0.1,0.1,0.1,0.1,-0.00022999513096599674,-0.006519861973470865,-0.003809919343393251,0.0008399822174410316,-0.012899726910701558,-0.009509798676028823,-0.006989852023705728,-0.004089913415873595,0.0038299189199989896,-0.004789898597074454
2003-01,87.63176652034427,-0.030488891953851627,1.948568260046244e-05,0.019485682600462437,"NoDur,Durbl,Manuf,Enrgy,HiTec,Telcm,Shops,Hlth,Utils,Other",2001-12,2002-11,0.10438048606969856,0.09779981795926052,0.10063505016582446,0.10549993199627547,0.09112499084565245,0.0946716466317232,0.09730809872048374,0.10034211104485107,0.1086281033238128,0.09960976324241756,0.1,0.1,0.1,0.1,0.1,0.1,0.1,0.1,0.1,0.1,-0.0039299234212673805,-0.003399933748679159,-0.004069920693271816,-0.002499951285793499,-0.0015099705766192734,-0.004109919913844513,-0.004759907248150822,-0.0005999883085904397,-0.0032099374509588522,-0.002379953624075411
2003-02,85.6043848481784,-0.02313523682870411,5.36082457683087e-06,0.00536082457683087,"NoDur,Durbl,Manuf,Enrgy,HiTec,Telcm,Shops,Hlth,Utils,Other",2002-01,2002-12,0.09908924943013625,0.0996359060575743,0.09894484956628469,0.10056419089662003,0.10158530421957031,0.0989035924623271,0.09823316452301631,0.10252390333460544,0.09983187730137283,0.10068796220849278,0.1,0.1,0.1,0.1,0.1,0.1,0.1,0.1,0.1,0.1,-0.002879984560825219,-0.004789974321650277,-0.002269987830928211,0.0019499895463920755,0.001159993781443491,-0.006449965422681481,-0.0012099935134022622,-0.00195998949278383,-0.003979978663918185,-0.002699985525773643
2003-03,86.4587552931288,0.009980451894674003,9.453663230521996e-06,0.009453663230521997,"NoDur,Durbl,Manuf,Enrgy,HiTec,Telcm,Shops,Hlth,Utils,Other",2002-02,2003-01,0.0994195747642982,0.09746435042533805,0.10004401813956822,0.10436393788323932,0.10355523252838146,0.09576504550247217,0.10112911646380787,0.1003613582155251,0.09829352933348347,0.09960383674388608,0.1,0.1,0.1,0.1,0.1,0.1,0.1,0.1,0.1,0.1,-0.002619975231402336,-0.0025699757040854978,0.0013199875211645357,0.0014999858195051544,-0.0009699908299466665,-0.00042999593492481093,0.004679955756856081,0.0037299647378361504,0.004309959254711477,0.0010399901681902403
2003-04,93.185134233976,0.07779870202898653,1.0482340127991922e-05,0.010482340127991922,"NoDur,Durbl,Manuf,Enrgy,HiTec,Telcm,Shops,Hlth,Utils,Other",2002-03,2003-02,0.09641679620590302,0.09646630164655094,0.10031782492895969,0.10049604451529222,0.09805047574728462,0.09858513450628223,0.10364459054050039,0.10270398716818978,0.10327825027970572,0.10004059446133128,0.1,0.1,0.1,0.1,0.1,0.1,0.1,0.1,0.1,0.1,0.00437995408735024,0.015049842240781075,0.006299933961257195,-0.0004699950733001398,0.009179903772117625,0.01125988196885016,0.008969905973409053,0.004269955240407654,0.007229924212680875,0.011639877985560912
2003-05,99.20797040803751,0.06463301494999119,1.5953646746643658e-05,0.015953646746643655,"NoDur,Durbl,Manuf,Enrgy,HiTec,Telcm,Shops,Hlth,Utils,Other",2002-04,2003-03,0.09684452732856441,0.10674423135803159,0.09862591736948072,0.0923446618606248,0.10129800243085517,0.10322784164184784,0.10110316289512995,0.09674246852413691,0.09948877817054956,0.10358040842077917,0.1,0.1,0.1,0.1,0.1,0.1,0.1,0.1,0.1,0.1,0.009539847802210037,0.002859954372570305,0.004659925656006161,0.008659861841419175,0.009799843654261883,0.006319899172952562,0.0034799444813093214,0.003939937142631818,0.010159837910949054,0.005229916562427516
2003-06,100.76139530155695,0.01565826704376949,1.1551937371894715e-05,0.011551937371894711,"NoDur,Durbl,Manuf,Enrgy,HiTec,Telcm,Shops,Hlth,Utils,Other",2002-05,2003-04,0.10288827314140798,0.09661391067486967,0.09830460714788898,0.1020617104212652,0.10313248485417742,0.09986380500634011,0.09719626168224299,0.09762832855868127,0.10347062414878129,0.09883999436434508,0.1,0.1,0.1,0.1,0.1,0.1,0.1,0.1,0.1,0.1,0.0016599808237839626,0.0024199720443115603,0.0005399937619538192,-0.000959988910140123,0.00034999595682191984,0.002089975856450893,0.003439960261335441,0.004159951943940533,0.0010599877549463859,0.0009099894877369917
2003-07,102.08782633077861,0.013164079608583679,5.84343339864325e-06,0.005843433398643249,"NoDur,Durbl,Manuf,Enrgy,HiTec,Telcm,Shops,Hlth,Utils,Other",2002-06,2003-05,0.10009156517372769,0.1008398397117174,0.0989888448019534,0.09751198716118424,0.09880177616745597,0.10051493103074817,0.1018441029074404,0.10255299457500959,0.09950082211742003,0.09935313635334313,0.1,0.1,0.1,0.1,0.1,0.1,0.1,0.1,0.1,0.1,-0.0016899901245975564,0.006669961024299231,0.004969970958136009,-0.002619984690204496,0.005599967276772967,-0.0017099900077288885,0.0032899807751041186,0.00047999719515196866,-0.005429968270156646,0.0036099789052054312
2003-08,105.3905831552803,0.032352112325325644,1.7326805965435206e-05,0.0173268059654352,"NoDur,Durbl,Manuf,Enrgy,HiTec,Telcm,Shops,Hlth,Utils,Other",2002-07,2003-06,0.09703208740882577,0.10528341739293504,0.10360551536267358,0.0961141762981533,0.10422732611506458,0.09701234738494033,0.10194735335629755,0.0991738800003948,0.09334070294225055,0.1022631937384644,0.1,0.1,0.1,0.1,0.1,0.1,0.1,0.1,0.1,0.1,0.00028999497522627003,0.008029860865748098,0.004089929133363601,0.006189892747071075,0.006059894999555849,0.0012599781682244837,0.006729883390595853,-0.002819951138407178,0.0019199667325325465,0.0006199892573803015
2003-09,103.74709897849286,-0.015594222250065348,1.4447339616610312e-05,0.014447339616610311,"NoDur,Durbl,Manuf,Enrgy,HiTec,Telcm,Shops,Hlth,Utils,Other",2002-08,2003-07,0.09714540329533015,0.10464271530555905,0.10082625415306527,0.1028604085744452,0.10273448472931217,0.09808498890901518,0.1033834768542286,0.09413291746176274,0.09872429458430601,0.09746505613297558,0.1,0.1,0.1,0.1,0.1,0.1,0.1,0.1,0.1,0.1,0.0011399835300328369,-0.004209939176700214,-0.0037399459669498346,-0.002179968504799636,-0.0009299865639741567,-0.0055199202506853165,-0.004539934409078141,0.00029999566579811505,0.003839944522215872,0.0002599962436916997
2003-10,109.62195382175277,0.056626690298856364,1.2596249568273693e-05,0.01259624956827369,"NoDur,Durbl,Manuf,Enrgy,HiTec,Telcm,Shops,Hlth,Utils,Other",2002-09,2003-08,0.10274070010767762,0.09730602791491437,0.09778346640661507,0.09936815586843015,0.10063793909103838,0.09597529509762094,0.0969708051441458,0.10188740578208488,0.1054834318685114,0.10184677271896142,0.1,0.1,0.1,0.1,0.1,0.1,0.1,0.1,0.1,0.1,0.005929925304240061,0.0073099079214156565,0.00888988801934134,0.0016499792161882125,0.008279895703053576,0.0068299139676154495,0.009029886255866398,0.0008699890412628757,0.0015099809796631522,0.006339920139777738
2003-11,111.27587999266733,0.015087545087947296,1.2269640481700185e-05,0.012269640481700183,"NoDur,Durbl,Manuf,Enrgy,HiTec,Telcm,Shops,Hlth,Utils,Other",2002-10,2003-09,0.10025174136886734,0.1015577680193822,0.10305307389460933,0.09620116596002422,0.10247577225923682,0.10110349788007268,0.10318556935190792,0.09546297698364627,0.0960686705027256,0.10063976377952755,0.1,0.1,0.1,0.1,0.1,0.1,0.1,0.1,0.1,0.1,0.0035899559519906713,0.0030699623322037214,0.0020799744791477983,0.000649992024733687,0.0018599771784687045,-0.0006299922701264967,0.0005599931290013304,0.0018199776692543236,0.0009499883438415425,0.0011499858899134462
2003-12,117.84504257642594,0.05903491919535031,4.797556890946696e-06,0.0047975568909466955,"NoDur,Durbl,Manuf,Enrgy,HiTec,Telcm,Shops,Hlth,Utils,Other",2002-11,2003-10,0.10204905920598956,0.10153679440449218,0.10056152103241059,0.09915279282829279,0.10034479361639248,0.09789183331691459,0.09906413161264899,0.1003053886316619,0.09944833021377204,0.09964535513742488,0.1,0.1,0.1,0.1,0.1,0.1,0.1,0.1,0.1,0.1,0.003439983496404295,0.011899942909073,0.006729967712442124,0.013599934753226286,0.0021499896852526846,0.007569963682494336,-0.0021299897812038222,0.005639972941779135,0.00585997188631662,0.004279979466456508
2004-01,119.41527072292376,0.013324515925050351,1.5280236593352297e-05,0.015280236593352297,"NoDur,Durbl,Manuf,Enrgy,HiTec,Telcm,Shops,Hlth,Utils,Other",2002-12,2003-11,0.09767336455657953,0.10566173137936244,0.10077995165432845,0.10726695875509897,0.09645528025381478,0.10157312282822178,0.09241388427254872,0.09975071763106208,0.09995845293851036,0.09846653573047287,0.1,0.1,0.1,0.1,0.1,0.1,0.1,0.1,0.1,0.1,5.9999083185804395e-05,-0.0007599883870201891,-0.0006999893038343846,0.00022999648554558353,0.0045099310861329645,0.0016499747876096212,0.00044999312389353306,0.0030999526312665603,0.0019099708147481064,0.0028899558401162453
2004-02,121.64386670677801,0.018662571129828054,7.292715179505391e-06,0.0072927151795053905,"NoDur,Durbl,Manuf,Enrgy,HiTec,Telcm,Shops,Hlth,Utils,Other",2003-01,2003-12,0.09874277142913535,0.097933566226538,0.09799277636331341,0.09891053348333237,0.10313418990664536,0.10031184005368388,0.09912763731817555,0.10174275169242308,0.100568417313044,0.10153551621370913,0.1,0.1,0.1,0.1,0.1,0.1,0.1,0.1,0.1,0.1,0.004259968933033335,0.0,0.0019699856333510964,0.004539966891073085,-0.002909978778198828,-0.0004199969370596246,0.006099955514437406,0.0008899935094834903,0.002109984612370971,0.0021299844665166674
2004-03,120.49924220632916,-0.00940963594332267,9.727380701394874e-06,0.009727380701394873,"NoDur,Durbl,Manuf,Enrgy,HiTec,Telcm,Shops,Hlth,Utils,Other",2003-02,2004-01,0.10234914152767825,0.09816721803920798,0.10010111223458037,0.10262400973818804,0.09531055199426704,0.09775491572344332,0.10415541833959968,0.09904090627975694,0.10023854633983528,0.10025817978344312,0.1,0.1,0.1,0.1,0.1,0.1,0.1,0.1,0.1,0.1,-8.999912453573687e-05,-0.0013599867707622462,-0.0002799972763334037,1.9999805452385974e-05,-0.002509975584274439,-0.002029980253417176,0.0002799972763334037,-0.003909961965941458,0.0011399889107860002,-0.0006599935799287371
2004-04,119.8429943207952,-0.0054460747928213316,6.108020452762005e-06,0.006108020452762004,"NoDur,Durbl,Manuf,Enrgy,HiTec,Telcm,Shops,Hlth,Utils,Other",2003-03,2004-02,0.10085806581869573,0.09957601453664444,0.10066626287098727,0.10096910963052695,0.09841510195840904,0.0988996567736725,0.101231576822128,0.09700181708055723,0.1020997375328084,0.10028265697557036,0.1,0.1,0.1,0.1,0.1,0.1,0.1,0.1,0.1,0.1,0.0014099913876911617,0.0024599849742696868,-0.00016999896163652305,0.002659983752665596,-0.004889970131779986,-0.00042999737355120537,-0.002719983386184369,0.0035099785608482107,-0.0035699781943669836,-0.003699977400324326
2004-05,120.24892433008182,0.0033871818005484222,1.2774765250012753e-05,0.012774765250012752,"NoDur,Durbl,Manuf,Enrgy,HiTec,Telcm,Shops,Hlth,Utils,Other",2003-04,2004-03,0.10196468790218789,0.10302043114543114,0.10037604568854568,0.10322152509652509,0.09563022844272843,0.10011462355212354,0.0978120978120978,0.10407617438867438,0.0969574485199485,0.09682673745173745,0.1,0.1,0.1,0.1,0.1,0.1,0.1,0.1,0.1,0.1,-0.0019099756001983725,-0.00163997904938499,0.0016699786661420327,0.0005499929738791126,0.004829938297883843,-0.0029599621866948605,0.000299996167570425,-0.000419994634598595,0.001259983903795785,0.00171997802740377
2004-06,123.14710354777426,0.024101498070261185,8.301773968507074e-06,0.008301773968507073,"NoDur,Durbl,Manuf,Enrgy,HiTec,Telcm,Shops,Hlth,Utils,Other",2003-05,2004-04,0.09775762407813433,0.09802670918875821,0.1013254933227028,0.10020928841937411,0.104474785728523,0.09671118198126369,0.09996013553916681,0.09924257524416981,0.10091688259916283,0.10137532389874425,0.1,0.1,0.1,0.1,0.1,0.1,0.1,0.1,0.1,0.1,0.0016699861360374728,0.0053399556685270085,0.005299956000597967,0.005459954672314133,0.0026699778342635042,0.0007999933585808253,2.9999750946780947e-05,-0.0004999958491130158,0.002029983147398844,0.0013099891246761014
2004-07,119.19301947350321,-0.03210862424171501,8.91026109622099e-06,0.008910261096220989,"NoDur,Durbl,Manuf,Enrgy,HiTec,Telcm,Shops,Hlth,Utils,Other",2003-06,2004-05,0.09927644491314411,0.10286004433117536,0.10282098602689164,0.10297721924402653,0.1002529025202371,0.0984269267949732,0.0976750544375116,0.09715753190575233,0.09962796965169757,0.09892492017459063,0.1,0.1,0.1,0.1,0.1,0.1,0.1,0.1,0.1,0.1,-0.005969946805741255,-0.0046399586563885134,-0.004059963824339949,0.0033199704179331605,-0.00850992417367807,-0.000999991089738904,-0.004029964091647783,-0.0059299471621517,0.0010599905551232382,-0.002339979149989035
2004-08,119.33076421098777,0.0011556443329734378,1.4338890524626643e-05,0.01433889052462664,"NoDur,Durbl,Manuf,Enrgy,HiTec,Telcm,Shops,Hlth,Utils,Other",2003-07,2004-06,0.09714846575059406,0.09852257464614113,0.09912181010434962,0.10674656472776115,0.09452422770947412,0.10228329372869098,0.09915280504184316,0.09718979233391879,0.10441161276991426,0.10089885318731275,0.1,0.1,0.1,0.1,0.1,0.1,0.1,0.1,0.1,0.1,0.0007899886722764856,-0.00222996802427413,0.001339980785886697,-0.001379980212331076,-0.004509935331603734,0.001169983223498086,-0.0011999827933313705,0.0016399764842195395,0.0036699473762717744,0.0018799730428858135
2004-09,121.65771789601061,0.01950003170103365,9.777539177052628e-06,0.009777539177052624,"NoDur,Durbl,Manuf,Enrgy,HiTec,Telcm,Shops,Hlth,Utils,Other",2003-08,2004-07,0.10067221351019306,0.0976557427809463,0.10122157076220822,0.09850474944315152,0.09537840726350169,0.10105176942976717,0.09868453908926555,0.1015212201723983,0.10354884784801781,0.10176093970055036,0.1,0.1,0.1,0.1,0.1,0.1,0.1,0.1,0.1,0.1,-0.0020199802493708623,0.0022999775116598928,0.0019399810315739968,0.00881991376210446,0.003459966169714448,0.0013299869958728946,0.002609974480622748,-0.0014099862136697605,0.0013799865069959356,0.0010999892447069053
2004-10,123.2916626572571,0.01343067081566618,9.205462912429142e-06,0.009205462912429142,"NoDur,Durbl,Manuf,Enrgy,HiTec,Telcm,Shops,Hlth,Utils,Other",2003-09,2004-08,0.0961049916136183,0.10034232131121813,0.0999892105030848,0.10673755039185491,0.10148012280409216,0.09939088385597002,0.10064638895155516,0.09670331826073308,0.09943992702376632,0.09916528528410706,0.1,0.1,0.1,0.1,0.1,0.1,0.1,0.1,0.1,0.1,0.0028399738564853284,-0.002999972383611263,-0.001449986652078777,0.0006399941085037361,0.00513995268392063,0.0033099695299177597,0.0030599718312834885,-0.002429977630725123,0.004239960968837252,0.0010899899660454257
2004-11,129.3277405979598,0.04895771385193015,1.1712582886011993e-05,0.011712582886011992,"NoDur,Durbl,Manuf,Enrgy,HiTec,Telcm,Shops,Hlth,Utils,Other",2003-10,2004-09,0.10147616040416797,0.0957136090937796,0.09724305336280391,0.09930533628039154,0.10374565835175244,0.10193992737606566,0.10169324281654563,0.09627604988948531,0.10285759393748026,0.09974936848752762,0.1,0.1,0.1,0.1,0.1,0.1,0.1,0.1,0.1,0.1,0.004609946004992896,0.007269914849522419,0.007229915318025735,0.006579922931204611,0.005729932886900065,0.003629957483324124,0.0036699570148208084,0.0006699921525694664,0.004889942725469687,0.004689945067986265
2004-12,133.6179151774898,0.0331728874230226,6.884160531009263e-06,0.006884160531009262,"NoDur,Durbl,Manuf,Enrgy,HiTec,Telcm,Shops,Hlth,Utils,Other",2003-11,2004-10,0.09972639827640446,0.10226221912924106,0.10222408648483751,0.10160443101327969,0.10079411231970409,0.0987921484885173,0.09883028113292086,0.09597033280265403,0.09999332678722939,0.09980266356521159,0.1,0.1,0.1,0.1,0.1,0.1,0.1,0.1,0.1,0.1,0.004769967162554266,0.004879966405296608,0.0025199826519154618,-0.002309984097589173,0.0030899787279439588,0.004179971224208981,0.0034999759054381422,0.005659961035651396,0.002479982927281883,0.004409969640852058
2005-01,130.73082012668746,-0.021607095477932714,7.252123807010861e-06,0.007252123807010861,"NoDur,Durbl,Manuf,Enrgy,HiTec,Telcm,Shops,Hlth,Utils,Other",2003-12,2004-11,0.1014053698290714,0.1015118372403647,0.09922762732534504,0.09455274008401246,0.09977932209295572,0.10083431735031649,0.10017615517141253,0.10226678797498982,0.09918891190305656,0.10105693102847518,0.1,0.1,0.1,0.1,0.1,0.1,0.1,0.1,0.1,0.1,0.0002299983320115244,-0.007019949090090875,-0.0017599872362620997,0.0030299780260648647,-0.00631995416657754,-0.004239969250995059,-0.0010299925303124788,-0.004079970411334868,0.0017599872362620997,-0.0021699842628913387
2005-02,134.54244633516407,0.02915629386232621,1.3317661488143905e-05,0.013317661488143904,"NoDur,Durbl,Manuf,Enrgy,HiTec,Telcm,Shops,Hlth,Utils,Other",2004-01,2004-12,0.10244276369582993,0.09503270645952575,0.10040883074407196,0.1053045789043336,0.09574816026165167,0.09787408013082584,0.10115494685200327,0.09803761242845463,0.10400654129190515,0.0999897792313982,0.1,0.1,0.1,0.1,0.1,0.1,0.1,0.1,0.1,0.1,0.0007299902781071137,-0.00024999667058462797,0.0040699457971177435,0.019449740971484056,2.9999600470155354e-05,-0.0004399941402289453,0.0006299916098732625,0.002439967504905969,0.002359968570318888,0.00014999800235077678
2005-03,132.08208668847433,-0.018286865697094812,1.717956779857805e-05,0.017179567798578044,"NoDur,Durbl,Manuf,Enrgy,HiTec,Telcm,Shops,Hlth,Utils,Other",2004-02,2005-01,0.09787498663971939,0.09692276300319677,0.10112032025807205,0.11606440141084563,0.09719482689934608,0.096738148216524,0.0977778209625232,0.09953651971977419,0.09945878717801725,0.09731142571198151,0.1,0.1,0.1,0.1,0.1,0.1,0.1,0.1,0.1,0.1,-0.0008499853973673713,-0.00799986256345761,-0.00138997612040076,-0.0034399409022867725,-0.002539956363897791,-3.999931281728805e-05,0.0002199962204950843,-0.0004799917538074566,0.0006099895204636428,-0.0023599594562199954
2005-04,128.1712776069934,-0.02960892865589615,9.201005663806776e-06,0.009201005663806775,"NoDur,Durbl,Manuf,Enrgy,HiTec,Telcm,Shops,Hlth,Utils,Other",2004-03,2005-02,0.10099518197467734,0.09371212044044695,0.10044513257209212,0.0983569820622778,0.09927373106658652,0.10182025607855519,0.10208509467979994,0.1013720676764487,0.10248235258166705,0.09945708086744827,0.1,0.1,0.1,0.1,0.1,0.1,0.1,0.1,0.1,0.1,-0.0009599911670345626,-0.011049898328887415,-0.0046799569392934936,-0.005609948382358227,-0.004509958503464456,-0.0019999815979886725,-0.005279951418690095,0.003949963656027629,0.0021299804018579363,-0.0015899853704009945
2005-05,133.12542062485193,0.03865252114478568,1.6828112118713933e-05,0.016828112118713934,"NoDur,Durbl,Manuf,Enrgy,HiTec,Telcm,Shops,Hlth,Utils,Other",2004-04,2005-03,0.10206100577081614,0.09166323165704864,0.0982275350370981,0.09726916735366858,0.09840272052761748,0.10098928276999176,0.09760923330585326,0.10712077493816984,0.10524525968672711,0.10141178895300906,0.1,0.1,0.1,0.1,0.1,0.1,0.1,0.1,0.1,0.1,0.002329960790498764,0.008809851744332235,0.0029099510301937347,0.002099964660964551,0.008209861841199506,0.0014999747578318219,0.006429891795239077,0.0014799750943940643,0.001659972065333883,0.003239945476916736
2005-06,134.7773011185924,0.012408452765722888,1.1405577010855483e-05,0.011405577010855482,"NoDur,Durbl,Manuf,Enrgy,HiTec,Telcm,Shops,Hlth,Utils,Other",2004-05,2005-04,0.09852022297746156,0.10475897060664119,0.09907862940106096,0.09829878594741351,0.10418130878912456,0.09772112412989689,0.10246757873049188,0.09770186873597966,0.09787516728123465,0.09939634340069511,0.1,0.1,0.1,0.1,0.1,0.1,0.1,0.1,0.1,0.1,-0.001669980952686392,0.002099976048288278,-0.0011599867695306675,0.005759934303876418,-0.001639981294853702,0.00018999783294036795,0.0024399721703920936,-0.0005799933847653337,0.0055599365849918194,0.0014199838040806446
2005-07,140.7127026355941,0.044038584151340654,1.0934197269907744e-05,0.010934197269907745,"NoDur,Durbl,Manuf,Enrgy,HiTec,Telcm,Shops,Hlth,Utils,Other",2004-06,2005-05,0.09712372335591947,0.10084747436834514,0.09762746686157917,0.10446257482072657,0.09715335532684063,0.09896090555303134,0.10118330337211828,0.09820035163272159,0.10426502834791884,0.10017581636079886,0.1,0.1,0.1,0.1,0.1,0.1,0.1,0.1,0.1,0.1,0.0027099703683253987,0.0054199407366507975,0.0058299362536299165,0.00588993559757808,0.006129932973370736,0.0031299657759625457,0.0058299362536299165,0.003719959324786157,0.002979967416092136,0.00240997364858458
2005-08,139.8323006647612,-0.0062567341422821166,6.77649537857383e-06,0.00677649537857383,"NoDur,Durbl,Manuf,Enrgy,HiTec,Telcm,Shops,Hlth,Utils,Other",2004-07,2005-06,0.0983765145347445,0.10097217566208513,0.10136487716105548,0.10142234567309993,0.1016522197212777,0.09877879411905559,0.10136487716105548,0.09934390115415927,0.09863512283894448,0.09808917197452227,0.1,0.1,0.1,0.1,0.1,0.1,0.1,0.1,0.1,0.1,7.999945788036973e-05,-0.0028699805514582643,-0.0013599907839662855,0.005809960628561851,-0.00037999742493175626,-0.001199991868205546,-0.00559996205162588,-0.00030999789928643265,0.001249991529380777,-0.0016699886832527181
2005-09,140.5580743071824,0.0051903146767298125,9.635220125786158e-06,0.009635220125786156,"NoDur,Durbl,Manuf,Enrgy,HiTec,Telcm,Shops,Hlth,Utils,Other",2004-08,2005-07,0.10070943396226413,0.09774088050314464,0.09926037735849055,0.10647547169811318,0.10024654088050312,0.09942138364779872,0.09499371069182388,0.10031698113207545,0.10188679245283017,0.09894842767295596,0.1,0.1,0.1,0.1,0.1,0.1,0.1,0.1,0.1,0.1,0.00036999643496855357,-0.004339958183144655,0.0008399919064150945,0.007259930048301888,0.0006699935444025158,-0.0014699858362264154,-0.001799982656603774,-0.0019299814040251574,0.00437995779773585,0.0012199882450314467
2005-10,136.14295664206003,-0.03141134144647839,1.1709112614405093e-05,0.011709112614405093,"NoDur,Durbl,Manuf,Enrgy,HiTec,Telcm,Shops,Hlth,Utils,Other",2004-09,2005-08,0.09985077596498208,0.0951651412654198,0.10031834460803819,0.10670513330680459,0.1001492240350179,0.09802029446876243,0.09769200159172302,0.09756267409470751,0.10384003183446079,0.10069637883008356,0.1,0.1,0.1,0.1,0.1,0.1,0.1,0.1,0.1,0.1,-0.0014999824363310784,-0.005209938995523279,-0.0023899720152208517,-0.01015988103541584,-0.0017799791577795467,-0.0030299645213887785,0.001539981967966574,-0.0032599618282928775,-0.006849919792578592,0.001239985480700358
2005-11,140.0660895511769,0.02881627522921648,1.3340173579612765e-05,0.013340173579612764,"NoDur,Durbl,Manuf,Enrgy,HiTec,Telcm,Shops,Hlth,Utils,Other",2004-10,2005-09,0.10169316539335124,0.09786289489985547,0.10077431344208138,0.09275242618211854,0.10140408837497421,0.10011356597150528,0.10483171587858767,0.099876109849267,0.09616972950650425,0.10452199050175512,0.1,0.1,0.1,0.1,0.1,0.1,0.1,0.1,0.1,0.1,0.0009899867932281561,0.0022099705182163894,0.005309929163678292,0.0010099865264246847,0.006449913955880412,0.00263996478194175,0.003939947439716096,0.0015899787891240085,-0.0002199970651618125,0.004909934499747725
2005-12,140.17130307435724,0.0007511705618217235,8.822732901228524e-06,0.008822732901228526,"NoDur,Durbl,Manuf,Enrgy,HiTec,Telcm,Shops,Hlth,Utils,Other",2004-11,2005-10,0.09816004587735581,0.09934585888825169,0.10235899030938055,0.09817948543491148,0.10346704509005374,0.09976380937569859,0.10102738061681714,0.09874323260402591,0.09698395264523778,0.10197019915826713,0.1,0.1,0.1,0.1,0.1,0.1,0.1,0.1,0.1,0.1,-6.999938240869693e-05,-0.0006499942652236142,0.0014399872952646224,0.00043999611799752354,-0.0019099831485801589,-0.001729984736672081,-0.0005899947945875883,0.0023999788254410372,0.0012399890598112024,0.0001899983236807488
2006-01,145.8236350734885,0.0403244592520684,5.32595227627004e-06,0.005325952276270039,"NoDur,Durbl,Manuf,Enrgy,HiTec,Telcm,Shops,Hlth,Utils,Other",2004-12,2005-11,0.09985411087573444,0.09927455134098086,0.1013629641472481,0.10036372357008674,0.09801550821375755,0.0981953715176466,0.09933450577561055,0.102322235101323,0.10116311603181583,0.1001139134257964,0.1,0.1,0.1,0.1,0.1,0.1,0.1,0.1,0.1,0.1,9.999946740477239e-05,0.005789969162736322,0.005169972464826732,0.012539933212558455,0.004059978376633759,0.003859979441824214,0.0020099892948359246,0.002189988336164515,0.003029983862364603,0.0015799915849954039
2006-02,145.7680792121945,-0.00038097981349871635,1.0983877533348624e-05,0.010983877533348622,"NoDur,Durbl,Manuf,Enrgy,HiTec,Telcm,Shops,Hlth,Utils,Other",2005-01,2005-12,0.09621946882239289,0.10168888718002943,0.10109292243807254,0.10817721299972125,0.10002595330327878,0.09983370661232494,0.098055424721002,0.09822844674286044,0.09903588284486653,0.09764209433545125,0.1,0.1,0.1,0.1,0.1,0.1,0.1,0.1,0.1,0.1,0.0011499873685408366,-0.00037999582612653735,0.001019988796444916,-0.008139910591236877,-0.000989989125961242,0.00329996375320414,0.0013999846225714531,0.00104998846692859,0.0002299974737081673,0.000989989125961242
2006-03,147.98673532500487,0.01522045241181158,9.4043597891572e-06,0.009404359789157197,"NoDur,Durbl,Manuf,Enrgy,HiTec,Telcm,Shops,Hlth,Utils,Other",2005-02,2006-01,0.10118743935256046,0.09965687304302592,0.10105739123475686,0.09189400078028871,0.09904664725948602,0.1033382351470044,0.10143753188679812,0.10108740233886539,0.10026709882656584,0.10102738013064835,0.1,0.1,0.1,0.1,0.1,0.1,0.1,0.1,0.1,0.1,0.0012399883385938615,0.0026599749844029613,0.0030099716928770346,0.003999962382560844,0.0028799729154438077,0.0017999830721523798,0.002429977147405713,-0.0010099905015966129,-0.0036499656740867693,0.0018699824138471944
2006-04,149.58233486818122,0.010782044347908082,7.870726948202739e-06,0.00787072694820274,"NoDur,Durbl,Manuf,Enrgy,HiTec,Telcm,Shops,Hlth,Utils,Other",2005-03,2006-02,0.09972124543206956,0.10111994326408792,0.10146469272972625,0.1024398412182461,0.10133664292820344,0.10027284457709089,0.10089339361523987,0.09750499886725174,0.09490460289786548,0.10034179447021856,0.1,0.1,0.1,0.1,0.1,0.1,0.1,0.1,0.1,0.1,0.0010499917357367045,0.00027999779619645456,0.004079967887434052,0.004519964424314194,-0.001139991027371279,0.0014699884300313863,-0.001579987564251422,-0.0018599853604478768,0.0018199856752769542,0.002149983077937061
2006-05,146.93795828165696,-0.017678401589697135,8.552716192285241e-06,0.00855271619228524,"NoDur,Durbl,Manuf,Enrgy,HiTec,Telcm,Shops,Hlth,Utils,Other",2005-04,2006-03,0.09997130956974248,0.09920952918014622,0.1029689648690628,0.1034042679488321,0.09780468742270897,0.10038682614588589,0.09736938434293968,0.0970923732921774,0.10073308995933873,0.10105956726916569,0.1,0.1,0.1,0.1,0.1,0.1,0.1,0.1,0.1,0.1,0.0010599909341208365,0.0006299946117887989,-0.003349971348400757,-0.0034599704076019753,-0.006899940986258275,0.0,-0.0018699840064207208,-0.0021999811840243775,0.00150998708539855,-0.003089973572106966
2006-06,148.13689310908015,0.008159462955957375,1.0451654029368685e-05,0.010451654029368682,"NoDur,Durbl,Manuf,Enrgy,HiTec,Telcm,Shops,Hlth,Utils,Other",2005-05,2006-04,0.10287785163845144,0.10244011686500464,0.09838852524100863,0.09827654657803386,0.09477466839045942,0.10179878452251281,0.09989514725194182,0.09955921126301753,0.10333594616880275,0.09865320208076715,0.1,0.1,0.1,0.1,0.1,0.1,0.1,0.1,0.1,0.1,0.0002999968645037912,0.0018699804554069652,-0.0004999947741729854,0.0027299714669845004,-0.001429985054134738,0.0029499691676206138,0.00028999696902033147,-0.0001099988503180568,0.002419974706997249,-0.00034999634192108974
2006-07,148.7832623595245,0.004363323928823215,6.647023683518972e-06,0.006647023683518972,"NoDur,Durbl,Manuf,Enrgy,HiTec,Telcm,Shops,Hlth,Utils,Other",2005-06,2006-05,0.09948718966047393,0.10104446670700377,0.09869367269408928,0.10189749744586726,0.09777120922066715,0.10211571461162304,0.09947727069839411,0.0990805122152018,0.10159000962139321,0.0988424571252864,0.1,0.1,0.1,0.1,0.1,0.1,0.1,0.1,0.1,0.1,0.0035499764030659238,-0.003009979992458713,-0.0036499757383635554,0.005069966299589925,-0.003779974874250477,0.0024399837812622126,-0.004289971484268398,0.004119972614262424,0.0048299678948756095,-0.0009099939512084483
2006-08,152.12669802206975,0.022471853416320853,1.774744367115704e-05,0.017747443671157038,"NoDur,Durbl,Manuf,Enrgy,HiTec,Telcm,Shops,Hlth,Utils,Other",2005-07,2006-06,0.10309945537998945,0.09656799784939812,0.09593078248055996,0.10461284188098012,0.0958013481087647,0.10199428497466073,0.09529356711172177,0.10366697531786094,0.1043738861176658,0.0986588607783984,0.1,0.1,0.1,0.1,0.1,0.1,0.1,0.1,0.1,0.1,0.003059945692822367,0.0023699579385585,0.002049963617740474,-0.0032399424982825064,0.007409868491442398,0.0022799595358284296,0.0022199606006750505,0.0023299586484562466,0.0022799595358284296,0.001729969296922449
2006-09,154.74537589501895,0.017213795520424124,6.099447097151286e-06,0.006099447097151285,"NoDur,Durbl,Manuf,Enrgy,HiTec,Telcm,Shops,Hlth,Utils,Other",2005-08,2006-07,0.10079316179131337,0.10011833856565834,0.0998053770697024,0.09463173233968059,0.10504748212696456,0.10003031814492074,0.09997163786442899,0.10007921837866385,0.10003031814492074,0.09949241557374644,0.1,0.1,0.1,0.1,0.1,0.1,0.1,0.1,0.1,0.1,-0.000649996035359387,0.00421997426033325,0.0018899884720449866,-0.0038099767611065602,0.003569978224973863,0.003659977676023625,0.005689965294146018,0.0015299906678459417,-0.0021199870691721544,0.003239980237791406
2006-10,161.01995841478333,0.04054778686260141,1.1737081378061699e-05,0.011737081378061696,"NoDur,Durbl,Manuf,Enrgy,HiTec,Telcm,Shops,Hlth,Utils,Other",2005-09,2006-08,0.0976681543815497,0.10245571262853659,0.1001651560134484,0.09456164841430564,0.1018167161479326,0.10190519258370853,0.10390082774621023,0.09981125027034465,0.09622303926387604,0.10149230255008748,0.1,0.1,0.1,0.1,0.1,0.1,0.1,0.1,0.1,0.1,0.0028099670188013277,0.004959941784076365,0.004419948122100309,0.005199938967176835,0.004039952582191233,0.005199938967176835,0.0039199539906409975,0.0016999800469616575,0.005359937089243814,0.0029499653756099352
2006-11,164.64696908039872,0.022525224210232953,4.670562005074192e-06,0.004670562005074192,"NoDur,Durbl,Manuf,Enrgy,HiTec,Telcm,Shops,Hlth,Utils,Other",2005-10,2006-09,0.0988025678480818,0.10086876297378333,0.10034981163988618,0.10109940801107095,0.0999846236641808,0.10109940801107095,0.099869301145537,0.09773583455062658,0.10125317136926268,0.09893711078649957,0.1,0.1,0.1,0.1,0.1,0.1,0.1,0.1,0.1,0.1,0.0014499932276850925,0.0017999915929883912,0.003539983466210502,0.008589959879872378,0.003019985894902745,0.0006299970575459369,-0.0012299942552087338,6.999967306065965e-05,0.003059985708080265,0.0015999925271007918
2006-12,166.0729645562964,0.008660927582586408,8.99443565662701e-06,0.00899443565662701,"NoDur,Durbl,Manuf,Enrgy,HiTec,Telcm,Shops,Hlth,Utils,Other",2005-11,2006-10,0.0992146929674435,0.09955698121326513,0.10125864277820698,0.10619737318220492,0.1007501002415577,0.09841276050580422,0.09659374297086637,0.0978650993124896,0.10078921889822302,0.09936138792993848,0.1,0.1,0.1,0.1,0.1,0.1,0.1,0.1,0.1,0.1,0.0020199818312399737,-0.0008099927145071184,0.0004999955027821717,-0.0019299826407391829,-0.0009699912753974133,0.004329961054093607,0.0014599868681239416,0.00012999883072336465,0.0007299934340619708,0.0032099711278615424
2007-01,169.34001275264657,0.019672366330539592,7.486338322258458e-06,0.007486338322258457,"NoDur,Durbl,Manuf,Enrgy,HiTec,Telcm,Shops,Hlth,Utils,Other",2005-12,2006-11,0.1011430894147739,0.09833741461528547,0.09963615454013702,0.09722704154976355,0.09817878989163949,0.10343323386241288,0.10058790288201294,0.09926933486670567,0.09986417758037813,0.10232286079689096,0.1,0.1,0.1,0.1,0.1,0.1,0.1,0.1,0.1,0.1,0.001539988471038984,0.0029099782147554826,0.0031599763431709024,-0.0013299900431700314,0.0019899851021867388,0.0027299795622963805,0.003639972749728507,0.0035099737229524887,0.0004799964065576053,0.0010499921393447617
2007-02,167.63036384652935,-0.01009595356895654,6.0142527668740585e-06,0.0060142527668740585,"NoDur,Durbl,Manuf,Enrgy,HiTec,Telcm,Shops,Hlth,Utils,Other",2006-01,2006-12,0.09958026047387417,0.10092381923740783,0.10116899419425703,0.09676565196924526,0.10002157539620274,0.1007472932684764,0.1016397301114075,0.10151223913384592,0.09854071865683352,0.09909971755844972,0.1,0.1,0.1,0.1,0.1,0.1,0.1,0.1,0.1,0.1,-0.0014899910387633775,-0.00039999759429889327,0.0007099957298805355,-0.0021199872497841346,-0.002349985866505998,-0.002779983280377308,-0.0006799959103081186,-0.002849982859379615,0.00415997498070849,-0.002289986227361164
2007-03,170.46029319625612,0.01688196150619614,7.904978713471104e-06,0.007904978713471103,"NoDur,Durbl,Manuf,Enrgy,HiTec,Telcm,Shops,Hlth,Utils,Other",2006-02,2007-01,0.09951409724116335,0.10061520744310092,0.10173652150195472,0.09887767574830035,0.09864533139376308,0.09821094847006295,0.1003323534462729,0.09814023497085596,0.10522168682001395,0.09870594296451193,0.1,0.1,0.1,0.1,0.1,0.1,0.1,0.1,0.1,0.1,0.0026499790518064096,-0.0010999913045234154,0.00163998703583491,0.005899953360625592,0.0008699931226685193,0.002309981739499172,0.0007999936760170294,-0.0002499980237553217,0.004329965771442171,-0.00025999794470553454
2007-04,177.65906262668165,0.042231356613574356,8.29308645412147e-06,0.008293086454121468,"NoDur,Durbl,Manuf,Enrgy,HiTec,Telcm,Shops,Hlth,Utils,Other",2006-03,2007-02,0.10094503830306131,0.0972573238010011,0.09995181386383975,0.10414105753818015,0.09919460315275004,0.10061068552154116,0.09912576581537827,0.0980932057548014,0.10259713439998427,0.09808337184946259,0.1,0.1,0.1,0.1,0.1,0.1,0.1,0.1,0.1,0.1,0.003619969979027037,0.006209948499933121,0.004409963427488738,0.0051299574564664914,0.004849959778530698,0.00173998557002957,0.002279981091762885,0.006779943772873842,0.003919967491101101,0.0032999726328147025
2007-05,184.24200086933047,0.037053771112603995,6.006294135707712e-06,0.006006294135707713,"NoDur,Durbl,Manuf,Enrgy,HiTec,Telcm,Shops,Hlth,Utils,Other",2006-04,2007-03,0.09942047896837579,0.10190551120663187,0.10017846177463922,0.10086928154743628,0.10060062941357076,0.09761667178385015,0.09813478661344795,0.10245241019342953,0.09970832054037457,0.09911344795824378,0.1,0.1,0.1,0.1,0.1,0.1,0.1,0.1,0.1,0.1,0.0028799827018728894,0.00316998096004759,0.004769971349976972,0.007149957054996932,0.003919976455326988,0.007309956093989868,0.00235998582514584,0.0011399931528246852,0.0011899928525099786,0.00316998096004759
2007-06,181.80854694851752,-0.013207921697174885,8.027662317755691e-06,0.008027662317755691,"NoDur,Durbl,Manuf,Enrgy,HiTec,Telcm,Shops,Hlth,Utils,Other",2006-05,2007-04,0.09920351763639518,0.09948315430158329,0.1010259772819316,0.10332092646519968,0.10020635257362158,0.1034752087632345,0.09870210016778198,0.0975256976452664,0.0975739108634023,0.09948315430158329,0.1,0.1,0.1,0.1,0.1,0.1,0.1,0.1,0.1,0.1,-0.0010599914906779433,0.0018799849079948426,-0.0006799945411896241,0.0008599930962104069,0.0005299957453389717,-0.0017999855502078286,-0.001969984185505234,-0.00336997294677799,-0.004819961306667629,-0.0027699777633753806
2007-07,175.6965141537289,-0.033617961847081546,8.238751520064849e-06,0.00823875152006485,"NoDur,Durbl,Manuf,Enrgy,HiTec,Telcm,Shops,Hlth,Utils,Other",2006-06,2007-05,0.10026347790839074,0.10324280502634778,0.10064856100526956,0.10220916092419942,0.10187474665585732,0.09951357924604784,0.0993413052290231,0.09792257802999593,0.09645318200243211,0.09853060397243614,0.1,0.1,0.1,0.1,0.1,0.1,0.1,0.1,0.1,0.1,-0.004149965809181192,-0.005799952215241182,-1.99998352249696e-05,-0.001099990937373328,-0.0010599912669233887,-0.003109974377482772,-0.005319956169841913,-0.004029966797831374,-0.0037299692694568298,-0.005289956417004459
2007-08,177.4238709606587,0.009831480238807755,8.436743635107844e-06,0.008436743635107841,"NoDur,Durbl,Manuf,Enrgy,HiTec,Telcm,Shops,Hlth,Utils,Other",2006-07,2007-06,0.09918355943252724,0.09747617421537888,0.10345719636999555,0.10233963513695299,0.10238102629373236,0.10025972950879046,0.09797286809673114,0.0993077329028653,0.09961816657871046,0.09800391146431564,0.1,0.1,0.1,0.1,0.1,0.1,0.1,0.1,0.1,0.1,0.0018199846451265845,-0.0017899848982288933,0.0006799942630143284,0.00022999805954896396,0.0028899756178108952,-0.000859992744400474,0.0015299870917822387,0.002319980426754767,0.0018399844763917117,0.0011799900446425107
2007-09,183.4925101223242,0.034204186442370776,5.621254512364013e-06,0.005621254512364013,"NoDur,Durbl,Manuf,Enrgy,HiTec,Telcm,Shops,Hlth,Utils,Other",2006-08,2007-07,0.10082785391745229,0.09725303018299929,0.09969896221183554,0.09925334706488156,0.1018874277113206,0.09817396815337083,0.10054067971163749,0.10132298185851224,0.10084765903509467,0.10019409015289552,0.1,0.1,0.1,0.1,0.1,0.1,0.1,0.1,0.1,0.1,0.00399997751498195,0.001719990331442239,0.005429969476587997,0.007839955929364624,0.004169976559368684,0.0020499884764282493,-0.000649996346184567,0.003539980100759027,0.003479980438034297,0.0026299852161006327
2007-10,187.3223965246643,0.02087216747859033,7.672323299279568e-06,0.007672323299279567,"NoDur,Durbl,Manuf,Enrgy,HiTec,Telcm,Shops,Hlth,Utils,Other",2006-09,2007-08,0.10055984761315401,0.09835526633855793,0.10194254551783487,0.10427282660194738,0.10072422428713704,0.09867435047040736,0.09606366211891201,0.10011506367178813,0.10005704837508822,0.09923516500517304,0.1,0.1,0.1,0.1,0.1,0.1,0.1,0.1,0.1,0.1,0.0021799832743352077,0.0009499927112928657,0.0009699925578463997,0.002789978594217995,0.0067899479049247985,-0.0021799832743352077,0.0011699910233817397,0.001409989182024148,0.006559949669559157,0.00023999815864240819
2007-11,179.96261577023355,-0.03928937965227075,9.763148753692911e-06,0.009763148753692911,"NoDur,Durbl,Manuf,Enrgy,HiTec,Telcm,Shops,Hlth,Utils,Other",2006-10,2007-09,0.10009011832928452,0.09888527544863254,0.09890486638978137,0.10068764203432333,0.10460583026408588,0.09581929315884335,0.09910077580126948,0.09933586709505524,0.10438053444087453,0.09818979703784969,0.1,0.1,0.1,0.1,0.1,0.1,0.1,0.1,0.1,0.1,0.0008499917013235594,-0.008959912522187167,-0.002659974030024315,-0.004339957627934409,-0.007509926678752859,-0.0062499389803202885,-0.003729963583455148,9.999902368512462e-06,-0.0007099930681643847,-0.005979941616370453
2007-12,179.5138046125537,-0.002493913281705451,1.3947872429011574e-05,0.013947872429011573,"NoDur,Durbl,Manuf,Enrgy,HiTec,Telcm,Shops,Hlth,Utils,Other",2006-11,2007-10,0.10497335331834459,0.09476226163710551,0.10131984345074527,0.099571154967108,0.09627154634024483,0.09758306270297278,0.10020609542842868,0.10409900907652593,0.10334957115496711,0.09786410192355734,0.1,0.1,0.1,0.1,0.1,0.1,0.1,0.1,0.1,0.1,-0.0010099859126488466,-0.0021599698725955534,0.000999986052127571,0.007699892601382296,0.0014599796361062535,-0.00024999651303189274,-0.00267996261970189,-0.003949944905903905,0.000899987446914814,-0.0034899513219252224
2008-01,168.541679877308,-0.06112134250024359,1.2080755193387542e-05,0.012080755193387542,"NoDur,Durbl,Manuf,Enrgy,HiTec,Telcm,Shops,Hlth,Utils,Other",2006-12,2007-11,0.09923610554174353,0.09808324645119897,0.10125110273478227,0.10796776004491138,0.1017122463710001,0.09999799502766862,0.09756195364503971,0.09628879621461225,0.10115085411821316,0.09674993985083005,0.1,0.1,0.1,0.1,0.1,0.1,0.1,0.1,0.1,0.1,-0.0051899373008805465,-0.005199937180072995,-0.007429910239988912,-0.00910988994432019,-0.01234985080267336,-0.007779906011724596,-0.000469994322045059,-0.0046099443077185585,-0.006929916280366509,-0.0020399753552594055
2008-02,164.76574236688293,-0.022403582978250958,1.3894066397554561e-05,0.013894066397554559,"NoDur,Durbl,Manuf,Enrgy,HiTec,Telcm,Shops,Hlth,Utils,Other",2007-01,2007-12,0.1009809455846798,0.1009702947097104,0.09859514959153895,0.09680580259668331,0.09335491910660461,0.09822236896761069,0.10600815857022655,0.10159869633290375,0.09912769334000789,0.10433597120003407,0.1,0.1,0.1,0.1,0.1,0.1,0.1,0.1,0.1,0.1,-0.0001299981937713683,-0.005999916635601614,0.0007399897183908658,0.006939903575179201,-0.003579950259242296,-0.003849946507844369,-0.004649935392591252,-0.0009299870785182502,-0.0030299579009788148,-0.007899890236875458
2008-03,163.70369061537068,-0.006445828703562584,1.593114079821651e-05,0.01593114079821651,"NoDur,Durbl,Manuf,Enrgy,HiTec,Telcm,Shops,Hlth,Utils,Other",2007-02,2008-01,0.10215730199159173,0.09615286259346774,0.10304722742197808,0.10938922474197277,0.09862828735385276,0.09835210359959494,0.09753378136475689,0.10133897975675372,0.0991908838903039,0.09420934728572744,0.1,0.1,0.1,0.1,0.1,0.1,0.1,0.1,0.1,0.1,0.0011799812012538583,-0.004139934045077096,-0.00014999761032888028,-0.0028899539590030937,0.0006699893261356653,-4.99992034429601e-05,0.0018499705273895238,-0.0017699718018807876,0.0008099870957759538,-0.0019399690935868515
2008-04,171.47329499833708,0.04746138803444233,8.221682298869889e-06,0.008221682298869888,"NoDur,Durbl,Manuf,Enrgy,HiTec,Telcm,Shops,Hlth,Utils,Other",2007-03,2008-02,0.10183479774952946,0.0964803687711988,0.1004961905049468,0.09773845828678401,0.10132149722717068,0.10059683766619362,0.10250913372988313,0.09886570649274835,0.10146240325291625,0.09869460631862878,0.1,0.1,0.1,0.1,0.1,0.1,0.1,0.1,0.1,0.1,-0.0011499905450653562,0.006559946065764119,0.0050699583160707445,0.010629912603517163,0.006439947052365994,0.004619962015827779,0.005009958809371683,0.00042999646467661146,0.006389947463450109,0.003469971470762423
2008-05,176.05653796081606,0.026728610787606355,1.1092596366665964e-05,0.011092596366665963,"NoDur,Durbl,Manuf,Enrgy,HiTec,Telcm,Shops,Hlth,Utils,Other",2007-04,2008-03,0.09437024449387572,0.10173083716001413,0.10030836205332849,0.10561638996820912,0.10161627540645556,0.09987875547748384,0.1002510811765492,0.09587864091573028,0.10156854134247281,0.09878087200588084,0.1,0.1,0.1,0.1,0.1,0.1,0.1,0.1,0.1,0.1,0.0033799625070242804,0.0013299852468468324,0.0032999633944319905,0.004279952523687552,0.005649937326830529,0.004789946866463403,0.0011899867998103235,0.0016199820299938863,0.0035899601775790436,-0.0023899734886946838
2008-06,162.10792642135866,-0.07922802357139314,8.713885394032504e-06,0.008713885394032504,"NoDur,Durbl,Manuf,Enrgy,HiTec,Telcm,Shops,Hlth,Utils,Other",2007-05,2008-04,0.10068761322243217,0.09869100259072405,0.10060969670997527,0.10156417398757232,0.10289849426339677,0.10206089175448507,0.09855464869392447,0.09897344994838032,0.10089214406763154,0.09506788476147808,0.1,0.1,0.1,0.1,0.1,0.1,0.1,0.1,0.1,0.1,-0.0073399360400812075,-0.019499830079234816,-0.00918991991939323,0.002819975426843189,-0.008819923143530825,-0.0109199048443715,-0.008089929504667161,-0.003009973771204964,-0.0004099964273069884,-0.014759871383051586
2008-07,160.03206001276882,-0.012805459019900933,2.5788598185729782e-05,0.025788598185729778,"NoDur,Durbl,Manuf,Enrgy,HiTec,Telcm,Shops,Hlth,Utils,Other",2007-06,2008-05,0.10063207280783683,0.08742587805990573,0.09862290666608745,0.11166619605117402,0.09902473989443732,0.0967440648146137,0.0998175459936141,0.10533460761528271,0.1081583005712548,0.09257368752579336,0.1,0.1,0.1,0.1,0.1,0.1,0.1,0.1,0.1,0.1,0.0022599417177681003,-0.0006599829795251974,-0.0002399938107364354,-0.015659596150552412,-0.000569985300499034,-0.003089920313231606,0.001139970600998068,0.0067498259269622475,-0.007099816900952882,0.004389886788053964
2008-08,162.99381835031556,0.018507281211717297,2.2305467961362373e-05,0.02230546796136237,"NoDur,Durbl,Manuf,Enrgy,HiTec,Telcm,Shops,Hlth,Utils,Other",2007-07,2008-06,0.10358380097647941,0.10062600028362474,0.10105143736958329,0.08543181864224794,0.10071716537347299,0.09816454285772169,0.10244930208058994,0.10813192601446486,0.09410263163226029,0.10574137476955492,0.1,0.1,0.1,0.1,0.1,0.1,0.1,0.1,0.1,0.1,0.0017199616345951066,0.0016599629729231844,0.001419968326235495,-3.999910778128155e-05,0.002399946466876893,0.003999910778128155,0.005389879773527688,0.0017699605193217084,-0.0004599897394847378,0.000669985055336466
2008-09,147.91272557512454,-0.09252555052595846,6.116416845051354e-06,0.006116416845051354,"NoDur,Durbl,Manuf,Enrgy,HiTec,Telcm,Shops,Hlth,Utils,Other",2007-08,2008-07,0.09986941965381481,0.09981051122696435,0.09957487751956251,0.09814143913286795,0.10053704849145337,0.10210793987413233,0.10347265176283468,0.09991851000952354,0.09772908014491474,0.09883852218393176,0.1,0.1,0.1,0.1,0.1,0.1,0.1,0.1,0.1,0.1,-0.002959981895406139,-0.008989945013412564,-0.013509917367208423,-0.012119925869027838,-0.012469923728281943,-0.012609922871983582,-0.005759964769438972,-0.0059499636073197726,-0.011839927581624556,-0.006309961405409707
2008-10,121.98735147989285,-0.17527480475007706,1.7950808833252517e-05,0.017950808833252518,"NoDur,Durbl,Manuf,Enrgy,HiTec,Telcm,Shops,Hlth,Utils,Other",2007-09,2008-08,0.10693348613743553,0.10028871159694978,0.09530788557323577,0.09683959977079384,0.09645391633975403,0.09629964296733812,0.10384801868911711,0.1036386476836955,0.09714814651562569,0.10324194472605457,0.1,0.1,0.1,0.1,0.1,0.1,0.1,0.1,0.1,0.1,-0.013409759279653545,-0.033619396493807026,-0.020709628238749063,-0.016779698785427778,-0.01825967221823071,-0.015529721223938819,-0.015079729301802793,-0.01102980200257857,-0.011119800387005774,-0.019719646010049805
2008-11,114.52108146210463,-0.06120528011479032,2.69275417975146e-05,0.0269275417975146,"NoDur,Durbl,Manuf,Enrgy,HiTec,Telcm,Shops,Hlth,Utils,Other",2007-10,2008-09,0.10499066372432524,0.08048597133642117,0.09613938938332081,0.10090452748745059,0.09911002255256202,0.10242015665543079,0.10296578315590367,0.10787642166015955,0.10776729636006499,0.09733976768436113,0.1,0.1,0.1,0.1,0.1,0.1,0.1,0.1,0.1,0.1,-0.004369882326642345,-0.01070971160602735,-0.007679793196478995,0.00013999623014414837,-0.010869707297620662,-0.0015799574544839603,-0.007679793196478995,-0.007329802621118626,0.0012599660712973354,-0.012359667175583382
2008-12,116.35553070919886,0.01601844152773957,2.121813340065197e-05,0.02121813340065197,"NoDur,Durbl,Manuf,Enrgy,HiTec,Telcm,Shops,Hlth,Utils,Other",2007-11,2008-10,0.10186191176157305,0.09510875354167998,0.09833620928399481,0.10666581453313735,0.09493832683581517,0.10483372744509066,0.09833620928399481,0.09870901770307408,0.10785880147419101,0.09335122813744916,0.1,0.1,0.1,0.1,0.1,0.1,0.1,0.1,0.1,0.1,0.0008699815402239414,0.00016999639291732192,0.001389970506794573,-0.002429948439935837,0.002169953956650521,0.0034699263730771,0.004889896243327671,0.00673985698978088,-0.002039956715007863,0.0008099828133119456
2009-01,107.93954575087085,-0.07232990909011128,1.0681582131145593e-05,0.010681582131145591,"NoDur,Durbl,Manuf,Enrgy,HiTec,Telcm,Shops,Hlth,Utils,Other",2007-12,2008-11,0.09927758749655526,0.09858863824258889,0.09978937837093028,0.09602968387071376,0.10055706468249283,0.10183654186843039,0.10323412464076218,0.10505491909767332,0.09641352702649503,0.09921853470335813,0.1,0.1,0.1,0.1,0.1,0.1,0.1,0.1,0.1,0.1,-0.005049946058010239,-0.012689864450722756,-0.009219901515812754,-0.0035299622940150777,-0.0031999658189371806,-0.010319889766072409,-0.0076099187131599836,-0.0021999765005193124,-0.0008399910274710098,-0.017659811363259566
2009-02,97.26748409749428,-0.09887072971390998,2.300362193859952e-05,0.02300362193859952,"NoDur,Durbl,Manuf,Enrgy,HiTec,Telcm,Shops,Hlth,Utils,Other",2008-01,2008-12,0.10235210417385306,0.09411650569161781,0.0978570196619524,0.10399060020696793,0.1043463263194205,0.09667126595377717,0.09959253190755434,0.10542428423594344,0.10689030700241463,0.0887590548464988,0.1,0.1,0.1,0.1,0.1,0.1,0.1,0.1,0.1,0.1,-0.0076598237922559514,-0.012139720736029667,-0.013529688760995173,-0.01250971222468955,-0.005079883141600553,-0.006949840124827528,-0.003049929838953088,-0.010819751100810626,-0.012519711994653331,-0.014589664377155918
2009-03,105.3309403701823,0.08289981330868779,1.864098115517196e-05,0.01864098115517196,"NoDur,Durbl,Manuf,Enrgy,HiTec,Telcm,Shops,Hlth,Utils,Other",2008-02,2009-01,0.10246906730289077,0.0974976419020141,0.09595516839593854,0.09708705542917385,0.10533207568107421,0.10325694945347613,0.10758475281584642,0.09896243688620097,0.09707595849747545,0.09477889363590969,0.1,0.1,0.1,0.1,0.1,0.1,0.1,0.1,0.1,0.1,0.006439879952081361,0.012209772393620097,0.00760985814213341,0.003959926181714625,0.011469786187946153,0.007949851804199817,0.009979813963008071,0.00740986187032964,0.0028199474324331424,0.013069756362376304
2009-04,117.94179024969766,0.11972597828515452,1.252229521627311e-05,0.012522295216273106,"NoDur,Durbl,Manuf,Enrgy,HiTec,Telcm,Shops,Hlth,Utils,Other",2008-03,2009-02,0.09828980903483174,0.10361799578916261,0.09937022125364753,0.09599970450264099,0.1029346581464928,0.09968418719757689,0.10155874856868465,0.0991855354042773,0.09494699516123073,0.10441214494145458,0.1,0.1,0.1,0.1,0.1,0.1,0.1,0.1,0.1,0.1,0.004969937764192775,0.04431944501187602,0.017059786369643608,0.004539943148779719,0.012289846100991791,0.009649879159851164,0.009539880537303636,-0.0009399882290424967,0.002089973828402998,0.016219796888371593
2009-05,122.785772656951,0.04107095879245182,3.7499599031827046e-05,0.03749959903182704,"NoDur,Durbl,Manuf,Enrgy,HiTec,Telcm,Shops,Hlth,Utils,Other",2008-04,2009-03,0.09374497651240467,0.12888706306821227,0.10454212585064389,0.09336095879400574,0.10028220836980013,0.09792451819172307,0.09782628110096986,0.08846696554557308,0.09117295086359334,0.10379195170307393,0.1,0.1,0.1,0.1,0.1,0.1,0.1,0.1,0.1,0.1,0.007159731502870932,-0.0032198792512911174,0.005499793752205325,0.010499606254210167,0.0030398860012189432,0.0010499606254210168,-0.0009299651253729005,0.006209767127490013,0.0046398260018604915,0.007159731502870932
2009-06,124.09515728591087,0.010663976783516604,1.5853896864938875e-05,0.015853896864938877,"NoDur,Durbl,Manuf,Enrgy,HiTec,Telcm,Shops,Hlth,Utils,Other",2008-05,2009-04,0.10292860504653688,0.09295847701011421,0.10133415297134789,0.10613671946288097,0.09897129025751362,0.09705986879388347,0.09515805246323636,0.10201611741314559,0.10050811153480421,0.10292860504653688,0.1,0.1,0.1,0.1,0.1,0.1,0.1,0.1,0.1,0.1,0.0006499896949670378,0.004399930242853795,-0.0017299725727584236,-0.004779924218372986,0.004529928181847202,0.001649973841070173,-0.0002899954023699092,0.003609942767432318,0.004639926437918547,-0.0019999682922062704
2009-07,134.4280076897229,0.08326554097518502,1.3347449242094426e-05,0.013347449242094423,"NoDur,Durbl,Manuf,Enrgy,HiTec,Telcm,Shops,Hlth,Utils,Other",2008-06,2009-05,0.09958641706573793,0.1032967902798116,0.09723156686587248,0.09421379665175922,0.10342541655123284,0.10057584992282424,0.09865635018007678,0.10251513832271342,0.10353425416551232,0.09696441999445918,0.1,0.1,0.1,0.1,0.1,0.1,0.1,0.1,0.1,0.1,0.00730990243014604,0.019759736254402978,0.011329848773400087,0.005349928591146555,0.00809989188566114,0.005599925254284244,0.006769909637768631,0.005479926855978153,0.004409941137748842,0.009169877603890451
2009-08,137.63620798096235,0.023865564523163796,1.4098797550880506e-05,0.014098797550880504,"NoDur,Durbl,Manuf,Enrgy,HiTec,Telcm,Shops,Hlth,Utils,Other",2008-07,2009-06,0.09906026142825494,0.11055313492356547,0.10277121335204195,0.0972509415848165,0.09978952809984493,0.0974817221770918,0.09856177534894026,0.09737094749279966,0.09638320655786133,0.10077726903478326,0.1,0.1,0.1,0.1,0.1,0.1,0.1,0.1,0.1,0.1,0.0007399895668898125,0.002499964753006123,0.0029699581265712747,0.0007799890029379105,0.00226996799572956,0.000729989707877788,0.003709947693461087,0.0021999689826453883,0.00024999647530061234,0.007729891016294933
2009-09,143.08970270040933,0.039622529561416764,7.18567046291818e-06,0.007185670462918178,"NoDur,Durbl,Manuf,Enrgy,HiTec,Telcm,Shops,Hlth,Utils,Other",2008-08,2009-07,0.09839043637926319,0.10010938781888502,0.1005684259874204,0.09842950345743641,0.09988475211938899,0.09838066960971988,0.10129116693362503,0.09981638473258585,0.0979118646716412,0.10521740829003397,0.1,0.1,0.1,0.1,0.1,0.1,0.1,0.1,0.1,0.1,0.004229969604613942,0.002099984910092028,0.006519953149428582,0.005119963209367231,0.00522996241894348,0.006489953364998696,0.0023999827543908893,0.002179984335238391,0.0022399839040981636,0.003119977580708156
2009-10,140.4143060435386,-0.018697338846753175,7.478622202129615e-06,0.007478622202129614,"NoDur,Durbl,Manuf,Enrgy,HiTec,Telcm,Shops,Hlth,Utils,Other",2008-09,2009-08,0.10025682213864548,0.09820801631349614,0.10245952887084828,0.10111289593413042,0.10121870280772968,0.10243067245077576,0.0984965805142214,0.09828496676702288,0.09834267960716794,0.09918913459596201,0.1,0.1,0.1,0.1,0.1,0.1,0.1,0.1,0.1,0.1,-0.0006199953632542347,-0.0006099954380404566,-0.00286997853635428,0.0024799814530169387,-0.0014999887820666966,-0.003979970235083635,3.9999700855111916e-05,-0.0034699740491809586,-0.002709979732933832,-0.0054499592415089984
2009-11,148.88551928424852,0.060330129310920855,9.30898492831011e-06,0.00930898492831011,"NoDur,Durbl,Manuf,Enrgy,HiTec,Telcm,Shops,Hlth,Utils,Other",2008-10,2009-09,0.10127278841548543,0.10128297887517705,0.09897993498486717,0.1044318309198928,0.10037602796262139,0.0978487939590955,0.10194535875513344,0.09836850740336897,0.09914298233993335,0.09635079638442491,0.1,0.1,0.1,0.1,0.1,0.1,0.1,0.1,0.1,0.1,0.003859964067318176,0.01036990346582629,0.007609929158624695,0.0032199700250685305,0.004829955037602796,0.006839936326543091,0.004999953455075359,0.008069924876491628,0.004579957364849028,0.0059599445184498265
2009-12,153.9776218005897,0.03420146257890577,8.255016963927851e-06,0.008255016963927851,"NoDur,Durbl,Manuf,Enrgy,HiTec,Telcm,Shops,Hlth,Utils,Other",2008-11,2009-10,0.09794971424260143,0.1040892543901013,0.10148631571005527,0.09734613425882264,0.09886451515551616,0.10076013354207142,0.0990248410887074,0.10192013882339629,0.09862874172435257,0.0999302110643756,0.1,0.1,0.1,0.1,0.1,0.1,0.1,0.1,0.1,0.1,0.0026399782067552152,0.005649953359154154,0.0028699763081013138,-0.0005199957073911788,0.005979950634998557,0.006419947002791092,0.0019499839027169203,0.0024699796101080996,0.005869951543050422,0.0008799927355850719
2010-01,148.99343144295915,-0.032369576171824344,9.896419975004863e-06,0.009896419975004862,"NoDur,Durbl,Manuf,Enrgy,HiTec,Telcm,Shops,Hlth,Utils,Other",2008-12,2009-11,0.09924483422128967,0.10215526827240116,0.09946722619197262,0.09618936192842846,0.1024743524042506,0.10289979791338316,0.09857765830924087,0.09908045754730664,0.10236799102696745,0.09754305218475938,0.1,0.1,0.1,0.1,0.1,0.1,0.1,0.1,0.1,0.1,-0.0023999762485920604,-0.00039999604143201007,-0.003309967242849883,-0.004849952002363121,-0.007809922708959996,-0.00676993300123677,-0.001829981889551446,-9.999901035800252e-06,-0.004449955960931112,-0.0005299947548974133
2010-02,153.9472013110056,0.033248243362614005,1.1378198503575717e-05,0.011378198503575715,"NoDur,Durbl,Manuf,Enrgy,HiTec,Telcm,Shops,Hlth,Utils,Other",2009-01,2009-12,0.10086395767020792,0.10293084204869579,0.09992352527799593,0.09833202430656028,0.09527303542639823,0.09634781530321193,0.10145301971807696,0.10333388450250092,0.09874540118225786,0.10279649456409408,0.1,0.1,0.1,0.1,0.1,0.1,0.1,0.1,0.1,0.1,0.002659969733991981,0.007389915915113058,0.005209940719585796,0.0025899705304658757,0.004789945498429168,0.00275996859617213,0.00428995118752842,0.00037999567628456865,-0.0004199952211566285,0.0036099589247034023
2010-03,163.22731001932698,0.0602811134550838,8.381239958964826e-06,0.008381239958964826,"NoDur,Durbl,Manuf,Enrgy,HiTec,Telcm,Shops,Hlth,Utils,Other",2009-02,2010-01,0.09935543812786714,0.10393318235487681,0.10182335520585332,0.09928769138454988,0.10141687474594972,0.09945221918974896,0.10093296943654066,0.09714882991696186,0.09637458142190737,0.10027485821574435,0.1,0.1,0.1,0.1,0.1,0.1,0.1,0.1,0.1,0.1,0.005799951388808238,0.009379921383969186,0.006499945521940267,0.003199973180032131,0.006679944013317073,0.007629936051139112,0.006249947617250256,0.0036299695760989483,0.003119973850531328,0.008099932111956332
2010-04,167.17445945070398,0.02418191803142289,7.89108327313126e-06,0.007891083273131259,"NoDur,Durbl,Manuf,Enrgy,HiTec,Telcm,Shops,Hlth,Utils,Other",2009-03,2010-02,0.0997840213526488,0.10316045610163257,0.10044421809127692,0.0973318620377444,0.10061398296692413,0.10150996425506228,0.10020843354176688,0.09773741146290166,0.09725641098190117,0.10195323920814116,0.1,0.1,0.1,0.1,0.1,0.1,0.1,0.1,0.1,0.1,-0.0010199919510950617,0.007269942631824605,0.003179974906355192,0.004079967804380247,0.0022699820872409708,0.003409973091406039,0.0025199801144701523,-0.002179982797438465,0.0028499775104126723,0.001809985717139276
2010-05,154.53307125882134,-0.07561793968659614,8.589109137922438e-06,0.008589109137922438,"NoDur,Durbl,Manuf,Enrgy,HiTec,Telcm,Shops,Hlth,Utils,Other",2009-04,2010-03,0.09664222458723479,0.10473642585848326,0.10074302619631122,0.10162176939825618,0.09985451918101132,0.10096759390347493,0.10009861451488493,0.09550962223806128,0.10042082035559806,0.09940538376668391,0.1,0.1,0.1,0.1,0.1,0.1,0.1,0.1,0.1,0.1,-0.00572995078440464,-0.009069922096780118,-0.008429927593809967,-0.010229912133413519,-0.007759933348513089,-0.005849949753711543,-0.005409953532919564,-0.008079930599998165,-0.006299945888612431,-0.008749924845295043
2010-06,146.40043980996603,-0.052627126236521105,7.5220466140190295e-06,0.007522046614019029,"NoDur,Durbl,Manuf,Enrgy,HiTec,Telcm,Shops,Hlth,Utils,Other",2009-05,2010-04,0.10198076569413343,0.09836757212864701,0.09905992059628513,0.09711269053105291,0.09978472289834378,0.10185095035645128,0.10232693992795248,0.09943854866452471,0.10136414284014324,0.09871374636246606,0.1,0.1,0.1,0.1,0.1,0.1,0.1,0.1,0.1,0.1,-0.0019099856328909672,-0.010679919664542162,-0.005799956372129639,-0.006259952911988197,-0.0061499537394133245,-0.003839971115341002,-0.009109931474155347,-0.0016599875134026211,-0.0007099946593469041,-0.00649995110669701
2010-07,157.7340736023953,0.07741529880061027,1.3644690968003404e-05,0.0136446909680034,"NoDur,Durbl,Manuf,Enrgy,HiTec,Telcm,Shops,Hlth,Utils,Other",2009-06,2010-05,0.10353817897781249,0.09428106989803459,0.09943211805189048,0.09894656843083029,0.09906267812282295,0.10150098165466867,0.0959382718655661,0.10380206464143216,0.1048048301631869,0.09869323819375542,0.1,0.1,0.1,0.1,0.1,0.1,0.1,0.1,0.1,0.1,0.0073598995750744755,0.015379790144652914,0.009809866145581604,0.007689895072326457,0.007259900939543572,0.009589869147413615,0.004609937097974638,0.0021399708003613286,0.0068099070796545065,0.006779907488995237
2010-08,151.31425223225042,-0.04070028259288805,1.0718738351398788e-05,0.010718738351398787,"NoDur,Durbl,Manuf,Enrgy,HiTec,Telcm,Shops,Hlth,Utils,Other",2009-07,2010-06,0.09964452447026721,0.10708816350018098,0.10191845409910621,0.09995080886925369,0.09955171101602889,0.1017142644997819,0.09709215447871324,0.09479966215902658,0.0991340504719564,0.09910620643568492,0.1,0.1,0.1,0.1,0.1,0.1,0.1,0.1,0.1,0.1,-0.0011699874590761286,-0.009579897314486593,-0.005569940296627382,-0.0034399631275400713,-0.0065299300066385645,-0.001989978669710681,-0.003969957446608744,-0.0016999817781448026,0.00035999614125419347,-0.0070999238969577045
2010-09,165.28294253853807,0.09231576074438297,1.303567201952708e-05,0.013035672019527076,"NoDur,Durbl,Manuf,Enrgy,HiTec,Telcm,Shops,Hlth,Utils,Other",2009-08,2010-07,0.10302196370307826,0.09425524595803235,0.09843533372945139,0.10065567960304803,0.09743461446247824,0.10216718266253871,0.1001031991744066,0.10246948327443685,0.1046168600348167,0.09684043739771295,0.1,0.1,0.1,0.1,0.1,0.1,0.1,0.1,0.1,0.1,0.00614991983061708,0.013079829493409984,0.010159867557572281,0.009199880071817419,0.012549836402316154,0.007879897278904485,0.012149841616584962,0.008999882678951824,0.003649952419797128,0.008509889066431114
2010-10,172.206562568304,0.04188950126025004,1.0076533016642408e-05,0.010076533016642408,"NoDur,Durbl,Manuf,Enrgy,HiTec,Telcm,Shops,Hlth,Utils,Other",2009-09,2010-08,0.09717759285197695,0.10352182948376404,0.10084864464035594,0.09996978934937244,0.10303662812520024,0.09876136332427013,0.10267043842062379,0.0997866944970842,0.09488890719837412,0.09933811210897805,0.1,0.1,0.1,0.1,0.1,0.1,0.1,0.1,0.1,0.1,0.004399955663254728,0.008539913946408038,0.005169947904324304,0.0045799538494787845,0.0064099354094233636,0.004559954051009444,0.00240997571555543,0.001939980451525948,0.0018599812576485894,0.002029979544637976
2010-11,174.20101196852693,0.011581727028735278,8.178186088116438e-06,0.00817818608811644,"NoDur,Durbl,Manuf,Enrgy,HiTec,Telcm,Shops,Hlth,Utils,Other",2009-10,2010-09,0.1002015548517132,0.10417506478548805,0.100940589307995,0.10037431615318168,0.10213072271811113,0.1003551204530185,0.09829158268547844,0.0978404837316441,0.09776370093099146,0.09792686438237833,0.1,0.1,0.1,0.1,0.1,0.1,0.1,0.1,0.1,0.1,-6.999942752697384e-05,0.007319940135677836,0.0014799878962845896,0.005509954938194654,-0.0007299940299241558,-0.0018899845432282934,0.004179965815182152,-0.0033399726848584656,-0.0013599888776669204,0.0004899959926888168
2010-12,185.2323674779143,0.06332543872581176,1.3693902409598916e-05,0.013693902409598915,"NoDur,Durbl,Manuf,Enrgy,HiTec,Telcm,Shops,Hlth,Utils,Other",2009-11,2010-10,0.09878508091222726,0.10609041212348876,0.10031732223529295,0.10430114967526367,0.09813264267143801,0.09698593303611146,0.10298638776579443,0.09555254599195324,0.09750986071432101,0.09933866487410906,0.1,0.1,0.1,0.1,0.1,0.1,0.1,0.1,0.1,0.1,0.0043499404315245176,0.008899878124268555,0.006989904279622157,0.009409871140378325,0.005979918110463591,0.0065899097571831215,0.0032099560425732647,0.005449925368231867,0.003229955768695217,0.009229873605280759
2011-01,187.82395139910665,0.01399098848910052,8.88709161698046e-06,0.00888709161698046,"NoDur,Durbl,Manuf,Enrgy,HiTec,Telcm,Shops,Hlth,Utils,Other",2009-12,2010-11,0.09813418097692177,0.10241315101472717,0.10061692403182423,0.10289277183215152,0.09966708672672897,0.1002407508416875,0.09706208738503205,0.0991686572497978,0.09708089604453889,0.10272349389658998,0.1,0.1,0.1,0.1,0.1,0.1,0.1,0.1,0.1,0.1,-0.0023699789375928684,-0.00023999786709801195,0.0030099732498542328,0.006929938412455095,0.003919965162600862,4.9999555645419155e-05,-0.0008599923571012095,-0.0007199936012940358,0.0021799806261402752,0.0020999813371076043
2011-02,194.28296087362457,0.03438863588165697,1.0986193293885593e-05,0.010986193293885593,"NoDur,Durbl,Manuf,Enrgy,HiTec,Telcm,Shops,Hlth,Utils,Other",2010-01,2010-12,0.09628205128205128,0.0983826429980276,0.1015877712031558,0.10545364891518737,0.1024852071005917,0.09866863905325442,0.09777120315581853,0.09790927021696252,0.10076923076923075,0.1006903353057199,0.1,0.1,0.1,0.1,0.1,0.1,0.1,0.1,0.1,0.1,0.004719948145167653,-0.002149976379684418,0.003429962317357002,0.007629916175345168,0.002409973523274162,0.007399918702169626,0.002259975171203156,0.003329963415976332,0.0024199734134122287,0.002949967590729783
2011-03,196.66696308141013,0.012270773499979182,9.114573063732233e-06,0.009114573063732232,"NoDur,Durbl,Manuf,Enrgy,HiTec,Telcm,Shops,Hlth,Utils,Other",2010-02,2011-01,0.10123743232791955,0.09459590100541375,0.09999033255993812,0.1040506573859242,0.09900425367362721,0.10382830626450115,0.09885924207269914,0.0998936581593194,0.09901392111368908,0.09952629543696828,0.1,0.1,0.1,0.1,0.1,0.1,0.1,0.1,0.1,0.1,0.003029972382843617,0.0018699829557483714,0.001839983229185563,0.0021099807682508354,-0.001429986966160519,0.0016799846875172528,0.0010999899739696302,0.0022599794010648763,0.0009199916145927815,-0.0010999899739696302
2011-04,203.3682837820517,0.03407446068035114,5.356761226365651e-06,0.00535676122636565,"NoDur,Durbl,Manuf,Enrgy,HiTec,Telcm,Shops,Hlth,Utils,Other",2010-03,2011-02,0.10178013988224602,0.1006342118781365,0.10060457580906469,0.10087130043071087,0.09737424428023868,0.1004465167740151,0.09987355277196033,0.10101948077606986,0.09969573635752953,0.09770024104002845,0.1,0.1,0.1,0.1,0.1,0.1,0.1,0.1,0.1,0.1,0.004609975305330747,0.0027799851082037906,0.0029099844118248316,0.0015799915363172625,0.003119983286904974,0.003259982536958402,0.0045099758410068694,0.006249966520242335,0.003999978572955095,0.0010599943218331002
2011-05,201.80936301533578,-0.007665505838592823,5.5483388687280086e-06,0.005548338868728009,"NoDur,Durbl,Manuf,Enrgy,HiTec,Telcm,Shops,Hlth,Utils,Other",2010-04,2011-03,0.10116238588890608,0.09939269688998918,0.0995184125019341,0.09823224508742072,0.09972149156738358,0.09985687761101657,0.10106568157202538,0.10274833668574966,0.10057248955593379,0.09772938263964105,0.1,0.1,0.1,0.1,0.1,0.1,0.1,0.1,0.1,0.1,0.002039988681388708,-0.0035799801369468505,-0.0021699879601046555,-0.004509974976991703,-0.0017599902349235916,0.0007699957277790713,0.0008799951174617958,0.001989988958805652,0.0013199926761926935,-0.002639985352385387
2011-06,198.95966151369552,-0.014120759607291866,1.0913598161920308e-05,0.010913598161920309,"NoDur,Durbl,Manuf,Enrgy,HiTec,Telcm,Shops,Hlth,Utils,Other",2010-05,2011-04,0.10282765987463974,0.09716427837233206,0.0985851623435516,0.09622709958280427,0.09899832718624664,0.10154785658141362,0.10165870568555131,0.10277727391821351,0.10210210210210209,0.09811153435314508,0.1,0.1,0.1,0.1,0.1,0.1,0.1,0.1,0.1,0.1,-0.001069988322449967,-0.0010899881041780035,-0.0005999934518411029,-0.0023099747895882457,-0.002459973152548522,-0.0013799849392345366,-0.0008799903960336176,-0.0018699795915714374,-0.000339996289376625,-0.0021099769723078783
2011-07,193.47572364334488,-0.027563063932802057,3.1507679670785986e-06,0.0031507679670785987,"NoDur,Durbl,Manuf,Enrgy,HiTec,Telcm,Shops,Hlth,Utils,Other",2010-06,2011-05,0.10034588037204963,0.10032559413321973,0.10082260698455203,0.09908813356459646,0.09893598677337229,0.10003144367018633,0.10053859964093358,0.09953443081885403,0.10108632808934061,0.09929099595289537,0.1,0.1,0.1,0.1,0.1,0.1,0.1,0.1,0.1,0.1,-0.0004199986766774538,-0.009029971548565257,-0.004799984876313758,0.0004899984561236961,-0.0005299983300929774,-0.004979984309175524,-0.0006399979835085011,-0.00366998843668156,-0.0003299989602465708,-0.00364998849969692
2011-08,182.88253989109725,-0.05475200481366438,1.2700012340092954e-05,0.012700012340092954,"NoDur,Durbl,Manuf,Enrgy,HiTec,Telcm,Shops,Hlth,Utils,Other",2010-07,2011-06,0.10240220476327588,0.09354818806301675,0.09789807083213362,0.10333799514623011,0.10228908724445726,0.0977129694377031,0.10217596972563861,0.09906009625272512,0.10249475546049114,0.0990806630743285,0.1,0.1,0.1,0.1,0.1,0.1,0.1,0.1,0.1,0.1,-0.0006599916179918556,-0.012229844678849083,-0.006159921767923986,-0.009909874142877712,-0.006769914020916459,-0.005039935991937807,-0.002879963423964461,-0.0031299602489613765,0.00019999745999753203,-0.008159896367899306
2011-09,169.52378360837682,-0.07304555312210392,1.6778452489262233e-05,0.016778452489262234,"NoDur,Durbl,Manuf,Enrgy,HiTec,Telcm,Shops,Hlth,Utils,Other",2010-08,2011-07,0.10509277870638767,0.09285276008717178,0.0992742737447898,0.09530711127097308,0.09862894864904893,0.10045913293696973,0.10274421852188817,0.10247974102363372,0.10600258130038297,0.0971584537587542,0.1,0.1,0.1,0.1,0.1,0.1,0.1,0.1,0.1,0.1,-0.004869918288936377,-0.013849767618433022,-0.011019815101453568,-0.012229794799526059,-0.004779919798997102,-0.005719904027251761,-0.0038899347318198173,-0.003969933389543618,-0.0016099729866914923,-0.011089813926961893
2011-10,188.97276844260793,0.11472717526858012,2.047520199121761e-05,0.020475201991217606,"NoDur,Durbl,Manuf,Enrgy,HiTec,Telcm,Shops,Hlth,Utils,Other",2010-09,2011-08,0.10262468041036926,0.09293720400875972,0.09599016149389947,0.09468483338187858,0.10272177093109808,0.10170771438126369,0.10368188830274983,0.10359558561765751,0.10614151482788008,0.09591464664444373,0.1,0.1,0.1,0.1,0.1,0.1,0.1,0.1,0.1,0.1,0.0062998710062274555,0.023069527637090064,0.014169709866387784,0.016249667277967644,0.011799758392616504,0.007609844183712847,0.009749800366780586,0.0055198869768850085,0.00669986281614666,0.01357972194675696
2011-11,188.203799648845,-0.004069204256784031,1.928235030275846e-05,0.019282350302758457,"NoDur,Durbl,Manuf,Enrgy,HiTec,Telcm,Shops,Hlth,Utils,Other",2010-10,2011-09,0.09535770352096884,0.11040143529939449,0.10241758241758242,0.10428347163041041,0.1002915451895044,0.09653285490020186,0.09845256784032295,0.09465799506615834,0.0957165283695896,0.1018883157658668,0.1,0.1,0.1,0.1,0.1,0.1,0.1,0.1,0.1,0.1,0.0014399722334155643,-0.008679832629199372,0.0013799733903565822,0.002149958542946849,-0.0019799618209464004,0.0002999942152949092,0.0010699793678851763,0.0012999749329446065,0.0010099805248261942,-0.0020399606640053827
2011-12,190.1137574539677,0.010148348804255525,1.1534010200805126e-05,0.011534010200805123,"NoDur,Durbl,Manuf,Enrgy,HiTec,Telcm,Shops,Hlth,Utils,Other",2010-11,2011-10,0.10185250263567448,0.09169134996736786,0.10179225864752246,0.10256538982880667,0.0984185953110096,0.10070786686078619,0.10148099804207039,0.10171193332998645,0.10142075405391837,0.09835835132285758,0.1,0.1,0.1,0.1,0.1,0.1,0.1,0.1,0.1,0.1,0.0018899782007207207,-0.0010299881199694932,-0.0007899908881319415,-0.0003499959630964298,-0.001429983506365413,0.003119964013888174,0.0008999896193908195,0.003469959976984604,0.002909966436030316,0.001469983045005005
2012-01,198.6084116304271,0.04468195405856523,7.701750217787292e-06,0.007701750217787291,"NoDur,Durbl,Manuf,Enrgy,HiTec,Telcm,Shops,Hlth,Utils,Other",2010-12,2011-11,0.10086520947176687,0.09797457828462819,0.0982121644095985,0.09864773897204404,0.0975786014096777,0.10208283836223966,0.09988516670626438,0.10242931812782134,0.10187495050289065,0.10044943375306885,0.1,0.1,0.1,0.1,0.1,0.1,0.1,0.1,0.1,0.1,0.0003899969963174151,0.013659894794092025,0.0067799477821335235,0.00100999222123228,0.008469934766175658,0.0023699817468519845,0.004059968730894116,0.0034299735829967535,-0.00270997912825691,0.0072299443163459255
2012-02,206.91854254532328,0.041841787297306254,1.748095012168372e-05,0.017480950121683717,"NoDur,Durbl,Manuf,Enrgy,HiTec,Telcm,Shops,Hlth,Utils,Other",2011-01,2011-12,0.09609549244273419,0.10879782519216225,0.10221213948635478,0.09668896993366452,0.1038298442600197,0.09799079152667296,0.09960849630033788,0.09900544659181192,0.09312810498808258,0.10264288927815905,0.1,0.1,0.1,0.1,0.1,0.1,0.1,0.1,0.1,0.1,0.003929931299866023,0.005949895988346777,0.0038899319991040275,0.006519886024205206,0.0066298841013006935,0.005069911371582883,0.003119945459435621,0.001249978148812348,0.001299977274764842,0.00419992658000949
2012-03,212.0217089162606,0.024662682755072662,7.1410746165511766e-06,0.007141074616551176,"NoDur,Durbl,Manuf,Enrgy,HiTec,Telcm,Shops,Hlth,Utils,Other",2011-02,2012-01,0.09975428560459179,0.10169312575585972,0.09971589273030926,0.1022402242143858,0.10234580461866279,0.100848482521644,0.0989768299003705,0.09718196302766208,0.09722995412051523,0.10001343750599889,0.1,0.1,0.1,0.1,0.1,0.1,0.1,0.1,0.1,0.1,0.003899972149808996,0.0013799901453170292,0.0006299955011229917,-0.003269976648686004,0.0046499667940030345,0.0023799830042424124,0.004659966722592288,0.003949971792755265,0.0014799894312095675,0.004909964937323634
2012-04,210.39774391510701,-0.007659427939970875,9.500619711712069e-06,0.009500619711712066,"NoDur,Durbl,Manuf,Enrgy,HiTec,Telcm,Shops,Hlth,Utils,Other",2011-03,2012-02,0.10139849902895567,0.0989391706598222,0.09820722769281819,0.09440112426439733,0.10213044199595969,0.09991509461582755,0.10214020123551974,0.10144729522675594,0.09903676305542274,0.10238418222452107,0.1,0.1,0.1,0.1,0.1,0.1,0.1,0.1,0.1,0.1,0.0008099923044980336,-0.0072999306454761045,-0.0007499928745352163,-0.001569985084027053,-0.002099980048698606,0.0016899839439526872,0.0009499909744112738,0.0005999942996281729,0.0016999838489464903,-0.0016799840389588843
2012-05,199.38991082962124,-0.052319159324860975,9.66489554684294e-06,0.00966489554684294,"NoDur,Durbl,Manuf,Enrgy,HiTec,Telcm,Shops,Hlth,Utils,Other",2011-04,2012-03,0.10158714163349625,0.09341462185720764,0.10001511563460473,0.09918879427621304,0.09865470852017937,0.10247392553030685,0.10172822088980701,0.10137552274903008,0.10248400262004333,0.0990779462891117,0.1,0.1,0.1,0.1,0.1,0.1,0.1,0.1,0.1,0.1,-0.0026699741947288896,-0.007819924420516823,-0.007809924517165779,-0.01056989784205407,-0.007799924613814734,-0.0007699925580304289,-0.0030299707153664925,-0.0032399686857384285,-0.0008799914948919188,-0.007719925387006377
2012-06,205.81884889840595,0.03224304600987682,1.642414713672194e-05,0.016424147136721936,"NoDur,Durbl,Manuf,Enrgy,HiTec,Telcm,Shops,Hlth,Utils,Other",2011-05,2012-04,0.10270236047652714,0.09726809399698215,0.09727864597072883,0.09436630121664258,0.09728919794447552,0.10470723548839812,0.10232248942164633,0.10210089797296586,0.10459116377718453,0.09737361373444903,0.1,0.1,0.1,0.1,0.1,0.1,0.1,0.1,0.1,0.1,0.0034399435009338504,-0.005429910816881048,0.0011799806195063789,0.00577990506842955,0.00292995187724889,0.0070198847024871,0.0021699643596007137,0.006839887658833586,0.003419943829416793,0.00490991935743756
2012-07,208.69170099169455,0.013958158393484466,1.1678458450925218e-05,0.011678458450925217,"NoDur,Durbl,Manuf,Enrgy,HiTec,Telcm,Shops,Hlth,Utils,Other",2011-06,2012-05,0.1002073121112898,0.09161451572278302,0.09801794121636022,0.10247418286090713,0.09971325053765524,0.10367543060856761,0.09897700191812141,0.10350105593552013,0.10018793714761785,0.1016313719411776,0.1,0.1,0.1,0.1,0.1,0.1,0.1,0.1,0.1,0.1,0.0013999836501581687,-0.00034999591253954217,0.0009299891390336407,0.0028099671835317527,-9.999883215415491e-05,0.004159951417612844,0.0012199857522806898,0.0016299809641127248,0.0034999591253954223,-0.0012299856354961055
2012-08,212.6867804934219,0.01914345171725995,6.425239405505102e-06,0.006425239405505101,"NoDur,Durbl,Manuf,Enrgy,HiTec,Telcm,Shops,Hlth,Utils,Other",2011-07,2012-06,0.1000029586674162,0.09827706934130201,0.09953943410554553,0.1013935323530282,0.09852362495931834,0.1027249326903163,0.09982543862244445,0.1002297898359912,0.10207402585875322,0.0974091935658846,0.1,0.1,0.1,0.1,0.1,0.1,0.1,0.1,0.1,0.1,0.00011999922897127135,0.004249972692732528,0.003249979117971933,0.002359984836435003,0.004799969158850854,0.0009699937675177768,0.0027599822663392413,0.0009699937675177768,-0.003459977768671657,0.0031299798890006615
2012-09,218.7379015268198,0.028450856321956763,8.890650140420025e-06,0.008890650140420025,"NoDur,Durbl,Manuf,Enrgy,HiTec,Telcm,Shops,Hlth,Utils,Other",2011-08,2012-07,0.0982387283520581,0.10229112495707209,0.10130991512534955,0.10043663837511653,0.10283079036451945,0.09907275670902223,0.10082912230780554,0.09907275670902223,0.0947259971544915,0.10119216994554286,0.1,0.1,0.1,0.1,0.1,0.1,0.1,0.1,0.1,0.1,0.0009399916427888679,0.0033999697717895234,0.0016999848858947617,0.0038099661266229653,0.00120998924231333,0.004859956791440319,0.0019199829299517304,0.004679958391757343,0.002109981240728204,0.0038299659488099627
2012-10,217.0894647489084,-0.007536127787663216,6.174279991443518e-06,0.006174279991443516,"NoDur,Durbl,Manuf,Enrgy,HiTec,Telcm,Shops,Hlth,Utils,Other",2011-09,2012-08,0.09814674367500924,0.10053866946697003,0.09888571261886704,0.10093732376563017,0.0984092721155903,0.10195826770122318,0.09909962468156273,0.10178324874083582,0.09928436691752716,0.10095677031678432,0.1,0.1,0.1,0.1,0.1,0.1,0.1,0.1,0.1,0.1,-0.0016799896272096143,0.006309961040293253,-0.0005999962954320051,-0.001859988515839216,-0.006339960855064854,-0.0024299849964996207,-0.0010299936404916088,-0.0019199881453824163,0.0010899932700348094,0.000929994257919608
2012-11,218.68704735569872,0.007359097820053728,1.0822418720373679e-05,0.010822418720373676,"NoDur,Durbl,Manuf,Enrgy,HiTec,Telcm,Shops,Hlth,Utils,Other",2011-10,2012-09,0.09906596672947293,0.10711658790693926,0.10015416083105788,0.09888460104587546,0.09437061069856016,0.09831027638115006,0.0997208983646861,0.09882414581800962,0.10185698308261208,0.10169576914163654,0.1,0.1,0.1,0.1,0.1,0.1,0.1,0.1,0.1,0.1,0.0031999653682600947,0.0025599722946080764,0.002749970238348519,-0.0014899838745961065,0.001479983982820294,5.999935065487677e-05,0.0014699840910444811,0.0015099836581477324,-0.0037899589830330503,-0.00037999588748088625
2012-12,221.54778066631113,0.013081402603416947,8.486310775076226e-06,0.008486310775076226,"NoDur,Durbl,Manuf,Enrgy,HiTec,Telcm,Shops,Hlth,Utils,Other",2011-11,2012-10,0.10244498049376098,0.10180966278527254,0.10199827272998005,0.09778929291124414,0.10073756415219828,0.09932795298648957,0.10072763731300316,0.10076734466978368,0.09550611989636379,0.09889117206190376,0.1,0.1,0.1,0.1,0.1,0.1,0.1,0.1,0.1,0.1,-0.002259980820937648,0.00759993550403811,0.0027699764929191534,0.0013299887132066693,0.0003699968600650132,0.0011499902407426088,-0.0011199904953319321,-0.0005299955022552892,0.00011999898164270698,0.003659968940102564
2013-01,233.655247606589,0.05464946163696305,9.992189934980973e-06,0.009992189934980971,"NoDur,Durbl,Manuf,Enrgy,HiTec,Telcm,Shops,Hlth,Utils,Other",2011-12,2012-11,0.0964771145702751,0.10620971483283814,0.10144212261497004,0.10002072866181683,0.099073132693048,0.09984305441767267,0.09760238478318807,0.09818476147232723,0.09882636290951446,0.10232062304434947,0.1,0.1,0.1,0.1,0.1,0.1,0.1,0.1,0.1,0.1,0.005119948839987533,0.003359966426241818,0.006039939647172793,0.007469925358341185,0.0023899761186660555,0.004849951537878815,0.00553994464326776,0.008079919263105325,0.005049949539440828,0.006759932452796039
2013-02,236.7240051243472,0.013133698254982562,6.2200140329584955e-06,0.006220014032958496,"NoDur,Durbl,Manuf,Enrgy,HiTec,Telcm,Shops,Hlth,Utils,Other",2012-01,2012-12,0.09967193218667629,0.09800314793393132,0.10054425122788388,0.10190013843323917,0.09708342024917985,0.09941592551153927,0.10007016479244496,0.10247852388447463,0.09960556008571483,0.1012269356949159,0.1,0.1,0.1,0.1,0.1,0.1,0.1,0.1,0.1,0.1,0.0031699802825555156,-0.000729995459389756,0.0012799920383820378,0.0006799957703904578,0.0006799957703904578,0.0022899857561678645,0.0008399947751882124,0.0013299917273813364,0.0021999863159691277,0.001399991291980354
2013-03,247.05607643039627,0.043646064963381415,3.7704562054602527e-06,0.003770456205460252,"NoDur,Durbl,Manuf,Enrgy,HiTec,Telcm,Shops,Hlth,Utils,Other",2012-02,2013-01,0.10183192846003515,0.09798250982095268,0.09996644096571057,0.09937422271354403,0.09937422271354403,0.1009633416901909,0.09953214758078845,0.10001579248672444,0.10087450895236591,0.10008488461614387,0.1,0.1,0.1,0.1,0.1,0.1,0.1,0.1,0.1,0.1,0.0050599809214916,0.004439983259174448,0.002609990159109304,0.0020699921951556548,0.002699989819768246,0.005639978734627002,0.004729982165742148,0.00651997541662554,0.005689978546104192,0.0041899842017885
2013-04,252.73446913081133,0.022984226020503762,5.644218903756897e-06,0.005644218903756898,"NoDur,Durbl,Manuf,Enrgy,HiTec,Telcm,Shops,Hlth,Utils,Other",2012-03,2013-02,0.10066593206534757,0.10007186317251952,0.09831840176304317,0.0978009869209026,0.09840463757006658,0.10122167393283188,0.10034973410626168,0.10206486849039428,0.10126958271451156,0.0998323192641211,0.1,0.1,0.1,0.1,0.1,0.1,0.1,0.1,0.1,0.1,0.0037399788906213004,0.0039399777617775186,0.0007299958797202002,-0.001389992154535724,0.0003799978551968166,0.0043199756169743355,0.002719984647724582,0.0025899853814730393,0.005129971045157024,0.00082999531529831
2013-05,257.7111598401894,0.019691380944172776,8.4525407740727e-06,0.008452540774072701,"NoDur,Durbl,Manuf,Enrgy,HiTec,Telcm,Shops,Hlth,Utils,Other",2012-04,2013-03,0.10140861591999921,0.10160412125240716,0.09846626066725969,0.09639390414373553,0.09812412633554579,0.10197558138398224,0.10041153872471871,0.10028446025865355,0.1027673779802344,0.09856401333346367,0.1,0.1,0.1,0.1,0.1,0.1,0.1,0.1,0.1,0.1,-0.0022899806436816276,0.010039915136490628,0.003479970585158106,0.0030299743888014545,0.004559961456414069,-0.001759985123528238,0.0022299811508340738,0.0016099863914093538,-0.0071399396488588725,0.005939949791907802
2013-06,255.7765231596169,-0.007506996133858523,1.7124395581658773e-05,0.017124395581658767,"NoDur,Durbl,Manuf,Enrgy,HiTec,Telcm,Shops,Hlth,Utils,Other",2012-05,2013-04,0.09582230067666962,0.1079140923801118,0.10148082769441992,0.10103952142787094,0.1025399627341375,0.09634206139060508,0.10025497695400608,0.09964695498676081,0.09106599980386387,0.10389330195155438,0.1,0.1,0.1,0.1,0.1,0.1,0.1,0.1,0.1,0.1,6.999880129230931e-05,-0.0004499922940219884,-0.001989965922452793,-0.0023899590726945605,-0.0029199499967649018,0.0019799660936967484,-2.9999486268132553e-05,-0.0013799763683340976,0.0008199859579956231,-0.0011999794507253022
2013-07,270.2569193520544,0.056613468716990356,6.181297921431516e-06,0.006181297921431514,"NoDur,Durbl,Manuf,Enrgy,HiTec,Telcm,Shops,Hlth,Utils,Other",2012-06,2013-05,0.10082518060271432,0.10030125641051475,0.09874963476438525,0.09834661615500097,0.09781261649756677,0.10274959446252431,0.10072442595036826,0.09936423814369628,0.10158084049530987,0.09954559651791922,0.1,0.1,0.1,0.1,0.1,0.1,0.1,0.1,0.1,0.1,0.0028899821360490077,0.00900994430650573,0.006209961614139909,0.0051799679808767676,0.005699964766601848,0.0034299787981481302,0.005899963530342264,0.008069950116925776,0.004579971689655521,0.005649965075666744
2013-08,262.63674124014597,-0.02819605185383578,6.227404364861532e-06,0.006227404364861531,"NoDur,Durbl,Manuf,Enrgy,HiTec,Telcm,Shops,Hlth,Utils,Other",2012-07,2013-06,0.09737654028884557,0.10316859419658912,0.10051863489239272,0.09954382843406333,0.10003596373341408,0.09788760386894058,0.1002252465408567,0.1022789650016089,0.09897598001173553,0.09998864303155344,0.1,0.1,0.1,0.1,0.1,0.1,0.1,0.1,0.1,0.1,-0.003909975650848933,-0.0010299935857735042,-0.0018099887283980999,-0.0018999881679317065,-0.0002099986922450834,-0.0032899795118396394,-0.004259973471257406,-0.0036699771454259808,-0.0044299724125986635,-0.0036799770831519372
2013-09,272.412934009505,0.03722324882343875,6.508852001166552e-06,0.006508852001166551,"NoDur,Durbl,Manuf,Enrgy,HiTec,Telcm,Shops,Hlth,Utils,Other",2012-08,2013-07,0.09887735256891779,0.10184089482512013,0.10103826879739868,0.10094565810189235,0.10268468116195552,0.09951533736018357,0.09851719986417097,0.09912431442360133,0.09834226855043682,0.09911402434632284,0.1,0.1,0.1,0.1,0.1,0.1,0.1,0.1,0.1,0.1,0.0019999869822959976,0.006449958017904592,0.005169966349235154,0.0019699871775615573,0.0038199751361853553,0.0042799721421134355,0.0044899707752545145,0.004169972858087155,0.0010499931657053988,0.0038299750710968352
2013-10,283.42218424725945,0.04041383085492667,5.92947566692942e-06,0.005929475666929419,"NoDur,Durbl,Manuf,Enrgy,HiTec,Telcm,Shops,Hlth,Utils,Other",2012-09,2013-08,0.0983388448078054,0.10262911793912634,0.10139506184742055,0.09830992161815605,0.10009351831319958,0.10053700722115634,0.10073946954870183,0.10043095552577538,0.09742294380224252,0.10010315937641603,0.1,0.1,0.1,0.1,0.1,0.1,0.1,0.1,0.1,0.1,0.004819971419927286,0.0007599954935984931,0.004599972724411932,0.004789971597811555,0.003759977705171492,0.005849965312567348,0.005119969641084586,0.003549978950361382,0.003339980195551273,0.003829977290108196
2013-11,289.58239921509704,0.021735119232809907,4.776917014282691e-06,0.00477691701428269,"NoDur,Durbl,Manuf,Enrgy,HiTec,Telcm,Shops,Hlth,Utils,Other",2012-10,2013-09,0.10074777493704465,0.096845504700025,0.10053632187001404,0.10071894042790412,0.09972895561407893,0.10173775975086985,0.10103612002845005,0.09952711405009516,0.09932527248611138,0.09979623613540686,0.1,0.1,0.1,0.1,0.1,0.1,0.1,0.1,0.1,0.1,0.0012699939333153918,0.001879991019396013,0.0029699858125564675,0.0008699958440821975,0.0035899828508679185,7.999961784663886e-05,0.0036899823731762174,0.004499978503873435,-0.0018099913537802045,0.004699977548490033
2013-12,296.40826309718244,0.023571404548710984,8.397439661753488e-06,0.008397439661753488,"NoDur,Durbl,Manuf,Enrgy,HiTec,Telcm,Shops,Hlth,Utils,Other",2012-11,2013-10,0.09911523479554485,0.0997122555640378,0.10077906316675475,0.09872374576702488,0.10138587116096072,0.09795055493569792,0.1014837434180907,0.10227650870084366,0.09610076927594105,0.10247225321510364,0.1,0.1,0.1,0.1,0.1,0.1,0.1,0.1,0.1,0.1,0.0024699792583240364,0.0012399895871748196,0.0030999739679370493,0.003029974555757825,0.003979966578190147,0.003979966578190147,0.0002499979006400846,0.0005899950455105997,0.0017899849685830058,0.003149973548065066
2014-01,286.84753775589553,-0.03225525915298877,5.434412801760067e-06,0.005434412801760067,"NoDur,Durbl,Manuf,Enrgy,HiTec,Telcm,Shops,Hlth,Utils,Other",2012-12,2013-11,0.10010941987924736,0.09890775513394166,0.10072490670001369,0.1006565192754841,0.10158463432267142,0.10158463432267142,0.09794056155845172,0.09827272904902402,0.09944508489810275,0.10077375486039196,0.1,0.1,0.1,0.1,0.1,0.1,0.1,0.1,0.1,0.1,-0.005719968915158774,-0.0036199803274256587,-0.004279976740713209,-0.006889962556895796,-0.0013999923918220775,-0.0038099792948872255,-0.006479964785005046,0.0017899902724010847,0.002489986468312124,-0.004329976468992569
2014-02,300.7586106827289,0.04849639998887323,1.2970797728855193e-05,0.012970797728855194,"NoDur,Durbl,Manuf,Enrgy,HiTec,Telcm,Shops,Hlth,Utils,Other",2013-01,2013-12,0.09742185481787652,0.09959183673469388,0.09890984241797984,0.09621286489279256,0.10188581761818652,0.09939550503745802,0.09663652802893309,0.10518212348230432,0.1059054507879101,0.09885817618186515,0.1,0.1,0.1,0.1,0.1,0.1,0.1,0.1,0.1,0.1,0.0034599551210398585,0.008009896103910194,0.0054199296982763105,0.005689926196160924,0.005149933200391698,0.0025599667947578146,0.005329930865648106,0.006349917635434422,0.0030899599202350177,0.0034499552507478363
2014-03,302.5792326101125,0.006053432429584449,6.528010670806053e-06,0.006528010670806053,"NoDur,Durbl,Manuf,Enrgy,HiTec,Telcm,Shops,Hlth,Utils,Other",2013-02,2014-01,0.09867335552355248,0.10301284680165188,0.10054267484334914,0.1008001831169946,0.10028516656970368,0.09781499461140095,0.10045683875213399,0.10142964778590573,0.09832047381522352,0.09866381818008413,0.1,0.1,0.1,0.1,0.1,0.1,0.1,0.1,0.1,0.1,0.0032499787839653195,-0.0011299926233479419,0.000309997976316692,0.00242998413693407,-0.0006099960179134908,0.00014999902079839938,-0.0005899961484737042,-0.002469983875813643,0.0026799825049314023,0.0020399866828582315
2014-04,305.13058249403923,0.008432005930870456,7.927163866719724e-06,0.007927163866719723,"NoDur,Durbl,Manuf,Enrgy,HiTec,Telcm,Shops,Hlth,Utils,Other",2013-03,2014-02,0.10262807387233365,0.09827445679184144,0.09970578295529092,0.10181301314036935,0.09879132457308708,0.09954674671490765,0.098811204103135,0.09694252827863149,0.10206150726596822,0.10142536230443512,0.1,0.1,0.1,0.1,0.1,0.1,0.1,0.1,0.1,0.1,0.0014899881885258389,0.00032999738403592405,0.0008299934204539907,0.005669955052980877,-0.0010499916764779402,0.0003899969084060921,-0.0009299926277376041,-0.00032999738403592405,0.0039799684498878106,-0.001939984621302099
2014-05,310.7331793972869,0.01836130897615651,8.534249676977484e-06,0.008534249676977483,"NoDur,Durbl,Manuf,Enrgy,HiTec,Telcm,Shops,Hlth,Utils,Other",2013-04,2014-03,0.10064059339177342,0.09949030185236601,0.09998611717107611,0.10478560945618974,0.09812185157272618,0.09954979969061123,0.0982408472492166,0.0988358256316687,0.10310975367894966,0.09723930030542223,0.1,0.1,0.1,0.1,0.1,0.1,0.1,0.1,0.1,0.1,0.003369971239578589,0.000689994111367723,0.0012699891615029102,0.0008799924898602843,0.003419970812866105,0.004109964924233828,0.0009899915510928198,0.001849984211638098,9.99991465750323e-06,0.001779984809035575
2014-06,319.3015068929329,0.027574549690076555,5.304024916302138e-06,0.005304024916302137,"NoDur,Durbl,Manuf,Enrgy,HiTec,Telcm,Shops,Hlth,Utils,Other",2013-05,2014-04,0.10150534677965768,0.09887369030902324,0.09944322790341428,0.09906026296925478,0.10155444484813968,0.10223199819319108,0.09916827871991515,0.10001276549780531,0.09820595657766823,0.09994402820193053,0.1,0.1,0.1,0.1,0.1,0.1,0.1,0.1,0.1,0.1,0.0011999936351701007,0.004449976397089123,0.001409992521324868,0.004119978147417345,0.0028599848304887397,0.001539991831801629,0.0012599933169286056,0.0028699847774484905,0.005429971199144705,0.002439987058179204
2014-07,310.7360442356576,-0.026825625536892495,5.780571828957352e-06,0.005780571828957352,"NoDur,Durbl,Manuf,Enrgy,HiTec,Telcm,Shops,Hlth,Utils,Other",2013-06,2014-05,0.0984838163451994,0.10164658712703632,0.09868817999571809,0.10132544424764982,0.10009926234453764,0.09881469082699157,0.09854220595963331,0.1001089939469433,0.10260028416279024,0.09969053504350026,0.1,0.1,0.1,0.1,0.1,0.1,0.1,0.1,0.1,0.1,-0.004349974854512544,-0.004709972773506686,-0.004129976126238347,-0.0035599794211642896,0.00014999913291422566,0.0007999953755425369,-0.0020199883232449056,-0.0003399980346055782,-0.006399963004340295,-0.0022599869359076668
2014-08,323.8831520347125,0.04230956801742747,1.0008425984915444e-05,0.010008425984915444,"NoDur,Durbl,Manuf,Enrgy,HiTec,Telcm,Shops,Hlth,Utils,Other",2013-07,2014-06,0.09828603136110484,0.09791611007213466,0.09851209437103106,0.09909780307856718,0.1029100474732321,0.10357796091165049,0.10068024414805073,0.10240654349657823,0.09617953513224686,0.10043362995540395,0.1,0.1,0.1,0.1,0.1,0.1,0.1,0.1,0.1,0.1,0.0055599443531515235,0.005069949257280257,0.0048299516593024935,0.002319976780451715,0.004239957564273824,0.000329996697219425,0.005009949857785815,0.005539944553320044,0.00530994685525802,0.004109958865369203
2014-09,314.59563007890387,-0.028675532819358418,5.696127328927265e-06,0.005696127328927264,"NoDur,Durbl,Manuf,Enrgy,HiTec,Telcm,Shops,Hlth,Utils,Other",2013-08,2014-07,0.10127408089646174,0.10080397574641184,0.10057372016271394,0.09816563051654002,0.10000767518612325,0.09625642796837823,0.10074641185048737,0.10125489293115358,0.10103423133010973,0.09988295341162023,0.1,0.1,0.1,0.1,0.1,0.1,0.1,0.1,0.1,0.1,-6.999960127108699e-05,-0.009379946570325655,-0.002499985759681678,-0.007829955399323013,-0.0013999920254217394,-0.001449991740615373,-0.0013299924241506526,-0.00021999874685198767,-0.0033799807470896283,-0.0011099936772986652
2014-10,322.78056944506113,0.026017333311668667,1.2345339153177504e-05,0.012345339153177506,"NoDur,Durbl,Manuf,Enrgy,HiTec,Telcm,Shops,Hlth,Utils,Other",2013-09,2014-08,0.10287955689621447,0.0932947607919039,0.10037783245652869,0.09489051094890512,0.1015103003098844,0.10145882449836822,0.10158236644600703,0.10272512946166597,0.09947185817384412,0.10180886001667817,0.1,0.1,0.1,0.1,0.1,0.1,0.1,0.1,0.1,0.1,0.0026899667910376783,0.003489956914766356,0.0024099702477326413,-0.004189948273028949,0.0015799804943641385,0.001299983951059101,0.002709966544130895,0.005919926915592214,0.006709917162774283,0.0034099579023934884
2014-11,329.70444782114106,0.021450728549069042,9.076665685339916e-06,0.009076665685339914,"NoDur,Durbl,Manuf,Enrgy,HiTec,Telcm,Shops,Hlth,Utils,Other",2013-10,2014-09,0.10008479284231456,0.10086449713945987,0.09981189633831371,0.09337933588686492,0.09900295313002545,0.0987300566260246,0.10010428544974319,0.10323284894203875,0.10400280693546973,0.10078652670974535,0.1,0.1,0.1,0.1,0.1,0.1,0.1,0.1,0.1,0.1,0.004789956522771368,0.00441995988113767,0.002279979305202237,-0.009569913136309392,0.004279961151870867,0.002459977671402414,0.0075099318342407035,0.002519977126802473,0.0002599976400669218,0.0025099772175691294
2014-12,329.3373860204742,-0.0011133055774424916,1.332022969528652e-05,0.013320229695286515,"NoDur,Durbl,Manuf,Enrgy,HiTec,Telcm,Shops,Hlth,Utils,Other",2013-11,2014-10,0.10258845182385998,0.10222622520705657,0.1001311847747342,0.08853014312846318,0.10208916648718502,0.10030740312885478,0.10525130695279306,0.1003661425802283,0.09815362324515889,0.10035635267166604,0.1,0.1,0.1,0.1,0.1,0.1,0.1,0.1,0.1,0.1,-0.0024099678982464345,0.0003499953379196066,-7.999893438162439e-05,0.0005399928070759645,-0.001259983216510584,-0.0020499726935291245,0.0015999786876324876,-0.0008299889442093529,0.0018599752243727672,0.0011799842821289595
2015-01,321.1645607884299,-0.02481596556892629,6.1173401352548556e-06,0.006117340135254856,"NoDur,Durbl,Manuf,Enrgy,HiTec,Telcm,Shops,Hlth,Utils,Other",2013-12,2014-11,0.09769746721393532,0.10046050655721292,0.10003003303633996,0.10065071578736609,0.09884873360696766,0.09805786365001501,0.1017118830713785,0.09927920712784062,0.10197216938632495,0.10129142056261886,0.1,0.1,0.1,0.1,0.1,0.1,0.1,0.1,0.1,0.1,-0.0005599965742895245,-0.004279973817784222,-0.0037499770599744926,-0.004309973634264018,-0.0034599788340031325,-0.004469972655489595,-0.00039999755306394596,0.0015799903346025866,0.0012399924144982323,-0.006399960849023135
2015-02,338.4102204267573,0.053697268453252844,1.2082590795463697e-05,0.012082590795463696,"NoDur,Durbl,Manuf,Enrgy,HiTec,Telcm,Shops,Hlth,Utils,Other",2014-01,2014-12,0.10196987253765932,0.09815523128826176,0.0986987151221813,0.09812446805237952,0.09899609306904293,0.09796039746100758,0.10213394312903125,0.10416431669725898,0.10381566669059361,0.09598129595258359,0.1,0.1,0.1,0.1,0.1,0.1,0.1,0.1,0.1,0.1,0.005129938016309219,0.00801990309762182,0.0061499256920666085,0.004719942970171445,0.008219900681103662,0.008919892223290106,0.0056699314917101895,0.003999951669636819,-0.004359947319904132,0.007239912522042641
2015-03,334.4910063620928,-0.011581252066566239,1.1383776864556672e-05,0.011383776864556671,"NoDur,Durbl,Manuf,Enrgy,HiTec,Telcm,Shops,Hlth,Utils,Other",2014-02,2015-01,0.09977128431921498,0.1025139744331932,0.10073929259473671,0.09938218295356407,0.10270377997741315,0.10336809938218296,0.10028375928860883,0.09869888299437228,0.0907650112459785,0.1017737328107354,0.1,0.1,0.1,0.1,0.1,0.1,0.1,0.1,0.1,0.1,-0.0024199724512599875,-0.0005799933974094184,-0.002049976663257427,-0.0024899716543956073,-0.0025099714267200696,-0.002119975866393047,0.0006599924867072693,0.0008599902099518964,-0.000309996471029172,-0.0006099930558961125
2015-04,337.2719907418435,0.008314078187023899,5.872950031868749e-06,0.005872950031868748,"NoDur,Durbl,Manuf,Enrgy,HiTec,Telcm,Shops,Hlth,Utils,Other",2014-03,2015-02,0.0987222160395779,0.1005837540341754,0.09909654704936109,0.09865139665934865,0.09863116255071172,0.09902572766913184,0.10183826876966502,0.1020406098560343,0.10085691450077396,0.10055340287122001,0.1,0.1,0.1,0.1,0.1,0.1,0.1,0.1,0.1,0.1,0.0008099952429104743,-0.0007099958302054773,-0.0007599955365579757,0.006649960944882288,0.001439991542951954,0.003629978681191384,-0.002089987725534433,-0.0015499908969274505,0.00027999835557399115,0.0006199963587709802
2015-05,339.92321232233365,0.007860781960158159,9.14606034680085e-06,0.00914606034680085,"NoDur,Durbl,Manuf,Enrgy,HiTec,Telcm,Shops,Hlth,Utils,Other",2014-04,2015-03,0.09997818152967311,0.09847072357981591,0.09842113614725484,0.10576999365280862,0.10060298317994286,0.10277491272611868,0.09710211044112979,0.09763765471278958,0.09945255474452554,0.09978974928594096,0.1,0.1,0.1,0.1,0.1,0.1,0.1,0.1,0.1,0.1,0.0014999862809094797,0.0009899909454002566,0.000879991951466895,-0.005109953263631628,0.0019299823481035302,0.00032999698180008556,0.001069990213715429,0.00498995436115887,-0.00042999606719405087,0.0017199842687762035
2015-06,333.55054521119763,-0.01874737258335013,7.513384169486732e-06,0.007513384169486732,"NoDur,Durbl,Manuf,Enrgy,HiTec,Telcm,Shops,Hlth,Utils,Other",2014-05,2015-04,0.10070743250617639,0.10020141486501236,0.10009227380515345,0.09414904700010913,0.10113407483107942,0.09954656850585888,0.1002807901812734,0.10417018067806365,0.09879250300137914,0.10092571462589421,0.1,0.1,0.1,0.1,0.1,0.1,0.1,0.1,0.1,0.1,-0.001529988504522221,-0.001849986100239287,-0.001989985048365503,-0.003749971824809365,-0.003589973026950832,-0.0005499958676387069,-0.0006099954168356566,0.00036999722004785727,-0.005269960404465427,2.9999774598474913e-05
2015-07,336.3932957237155,0.008522697843944105,7.2403954823870454e-06,0.007240395482387045,"NoDur,Durbl,Manuf,Enrgy,HiTec,Telcm,Shops,Hlth,Utils,Other",2014-06,2015-05,0.10035056967572305,0.10002445834946905,0.09988178464423292,0.09808817234983594,0.09825122801296292,0.10134928561237594,0.1012881397387033,0.10228685567535617,0.09653914355012944,0.10194036239121129,0.1,0.1,0.1,0.1,0.1,0.1,0.1,0.1,0.1,0.1,0.004959964087638407,-0.0023099832746864353,-0.0020099854468050796,-0.008949935198460431,0.0022099839987259834,0.0015199889945988667,0.005139962784367219,0.003499974658615812,0.002649980812951971,0.0018199868224802222
2015-08,317.052431835787,-0.057494795924272535,1.5698260273156598e-05,0.015698260273156597,"NoDur,Durbl,Manuf,Enrgy,HiTec,Telcm,Shops,Hlth,Utils,Other",2014-07,2015-06,0.10407226359156396,0.096863752193787,0.09716121483743666,0.09027991234767434,0.101345522691442,0.10066135861104775,0.10425074117775376,0.10262461205913556,0.1017818012354615,0.10095882125469743,0.1,0.1,0.1,0.1,0.1,0.1,0.1,0.1,0.1,0.1,-0.004099935637132879,-0.005979906124403567,-0.005609911932759868,-0.003649942701350003,-0.0058299084791426075,-0.008379868448578912,-0.005299916799220553,-0.008379868448578912,-0.004079935951098086,-0.006169903141734114
2015-09,307.4247629536037,-0.030366172643551348,6.365912659678308e-06,0.006365912659678308,"NoDur,Durbl,Manuf,Enrgy,HiTec,Telcm,Shops,Hlth,Utils,Other",2014-08,2015-07,0.10174850401052497,0.0997538513771591,0.10014641599117259,0.10222594746000085,0.09991299919365106,0.09720748631328778,0.10047532147858931,0.09720748631328778,0.10176972371939057,0.09955226414293596,0.1,0.1,0.1,0.1,0.1,0.1,0.1,0.1,0.1,0.1,-0.0005599964350889106,-0.0034499780376013246,-0.004239973008530323,-0.005749963396002208,-0.0013199915969952893,-0.0024999840852183513,-0.002059986886219921,-0.006919955947884395,-0.0004999968170436702,-0.0030599805203072616
2015-10,330.6386712607994,0.07551086023183862,8.497999257456379e-06,0.008497999257456378,"NoDur,Durbl,Manuf,Enrgy,HiTec,Telcm,Shops,Hlth,Utils,Other",2014-09,2015-08,0.1025535250195949,0.0995730374159482,0.09875830205024545,0.09720102306010478,0.10176972897157707,0.10055278247597046,0.1010065591353492,0.09599438967039314,0.10261540365496473,0.09997524854585207,0.1,0.1,0.1,0.1,0.1,0.1,0.1,0.1,0.1,0.1,0.006799942213605051,0.00695994085392517,0.009409920033826989,0.012169896579349039,0.010119914000247515,0.009069922923146737,0.00481995903964358,0.007509936180025578,0.0020899822391815524,0.00656994416814488
2015-11,331.09170147865103,0.001370167065225969,9.819384024108737e-06,0.009819384024108735,"NoDur,Durbl,Manuf,Enrgy,HiTec,Telcm,Shops,Hlth,Utils,Other",2014-10,2015-09,0.09930080333234158,0.09944956858077952,0.10172753644748588,0.10429373698304077,0.10238768223742933,0.10141141029455521,0.09745983338292177,0.09996094912228505,0.09492152633144899,0.099086953287712,0.1,0.1,0.1,0.1,0.1,0.1,0.1,0.1,0.1,0.1,-0.000919990966166698,0.001959980754007313,0.0004099959740525501,0.0010599895914529345,0.0011499887077083724,-0.0019199811467826738,0.0010999891986775737,0.0005799943047572661,-0.0034199664177066384,0.0013799864492500468
2015-12,322.60698153048327,-0.025626495349400535,6.666135799609971e-06,0.006666135799609969,"NoDur,Durbl,Manuf,Enrgy,HiTec,Telcm,Shops,Hlth,Utils,Other",2014-11,2015-10,0.09894345802792147,0.10181948910503506,0.10027162515728295,0.10092072939343705,0.10101060536459686,0.09794483612614592,0.10096067426950807,0.1004413908805848,0.0964469032734826,0.10124028840200525,0.1,0.1,0.1,0.1,0.1,0.1,0.1,0.1,0.1,0.1,0.0007799948004140763,-0.004079972802165937,-0.002539983068015069,-0.009599936005096323,-0.0025199832013377845,-0.002959980268238033,3.999973335456801e-05,0.0003199978668365441,-0.002389984067935439,-0.0026699822014174144
2016-01,307.5964437060739,-0.04652886851114535,9.301203114420509e-06,0.009301203114420509,"NoDur,Durbl,Manuf,Enrgy,HiTec,Telcm,Shops,Hlth,Utils,Other",2014-12,2015-11,0.10342987335536444,0.09844208624971777,0.10002257846014903,0.09277694533960057,0.10004310433301176,0.09959153513003141,0.10267041605944294,0.10295777827952135,0.10017652250661958,0.09988916028654118,0.1,0.1,0.1,0.1,0.1,0.1,0.1,0.1,0.1,0.1,0.0001699984187954706,-0.012329885316165601,-0.005709946890130217,-0.004369959353742391,-0.0059599445648294384,0.00038999637253078545,-0.004529957865549892,-0.010119905871824483,0.004669956563381456,-0.008729918800496813
2016-02,309.2818695755056,0.005479341207995869,2.0545790158157496e-05,0.020545790158157495,"NoDur,Durbl,Manuf,Enrgy,HiTec,Telcm,Shops,Hlth,Utils,Other",2015-01,2015-12,0.10505726391743928,0.09194739270881402,0.09889038050090196,0.10029575869446658,0.09862818307672945,0.10528799765071108,0.10012795234299618,0.09426521793849897,0.10977681755254437,0.0957230356168981,0.1,0.1,0.1,0.1,0.1,0.1,0.1,0.1,0.1,0.1,0.0005899878779838066,0.004089915967718253,0.0032999321988924782,-0.0029499393899190336,-0.0008799819197046608,0.0009099813033309561,0.0001099977399630826,-0.0009699800705835464,0.001719964661240928,-0.0004199913707681335
2016-03,331.72076894823886,0.07255161579154645,7.81700646444556e-06,0.007817006464445558,"NoDur,Durbl,Manuf,Enrgy,HiTec,Telcm,Shops,Hlth,Utils,Other",2015-02,2016-01,0.1000397812033814,0.10352063649925411,0.1027349577324714,0.0965191447041273,0.09857782197911487,0.10035803083043261,0.09956240676280458,0.0984883142715067,0.10116360019890601,0.09903530581800099,0.1,0.1,0.1,0.1,0.1,0.1,0.1,0.1,0.1,0.1,0.004959961227647937,0.010649916748881154,0.00690994598448533,0.010889914872799602,0.008489933633615117,0.006159951847240179,0.005559956537444058,0.003949969122824465,0.007839938714669318,0.007149944108403779
2016-04,336.95254390180685,0.015771623133987056,8.246732572957385e-06,0.008246732572957384,"NoDur,Durbl,Manuf,Enrgy,HiTec,Telcm,Shops,Hlth,Utils,Other",2015-03,2016-02,0.0978593272171254,0.10316439173566049,0.09967740732453195,0.10338815544118744,0.1011505183859178,0.0989781457447602,0.09841873648094279,0.09691765495636609,0.10054449168344895,0.09990117103005892,0.1,0.1,0.1,0.1,0.1,0.1,0.1,0.1,0.1,0.1,0.00026999777338220535,0.0015399873000318377,0.002289981114982408,0.009169924377462307,-0.004199965363723194,0.0006899943097545246,-0.0005499954642970849,0.004959959096206438,-0.0007999934026139417,0.0024099801253744993
2016-05,340.54026172801,0.010647546341863157,1.2322302393399634e-05,0.01232230239339963,"NoDur,Durbl,Manuf,Enrgy,HiTec,Telcm,Shops,Hlth,Utils,Other",2015-04,2016-03,0.09871231959676309,0.09996259032467661,0.10070093917974365,0.10747405934355866,0.09431176042056352,0.09912579495560063,0.09790505818188978,0.10332946110378233,0.09765894189686744,0.10081907499655438,0.1,0.1,0.1,0.1,0.1,0.1,0.1,0.1,0.1,0.1,0.0007399908814962289,-0.0010899865686903913,-0.0005299934691797315,-0.0005899927298415879,0.005139936663365698,0.00016999790520859313,0.0009599881705897024,0.002419970180028208,0.002239972398042639,0.001199985213237128
2016-06,343.75607629754523,0.009443272737317931,6.6642851872571e-06,0.0066642851872570985,"NoDur,Durbl,Manuf,Enrgy,HiTec,Telcm,Shops,Hlth,Utils,Other",2015-05,2016-04,0.09967743850553104,0.09786674054578196,0.09842083391051391,0.09836146676429265,0.10403102922842498,0.09911345061642887,0.09989511804167574,0.1013397185997269,0.10116161716106306,0.10013258662656087,0.1,0.1,0.1,0.1,0.1,0.1,0.1,0.1,0.1,0.1,0.0047399684112882125,-0.005479963479717174,0.0009099939355004796,0.002549983006072772,-0.0017399884041437738,0.0035499763417875846,0.0007299951350718133,-0.00016999886707151816,0.007429950484361058,-0.0030699795406444745
2016-07,355.1327427201401,0.03309517185886057,1.4352916087855306e-05,0.014352916087855307,"NoDur,Durbl,Manuf,Enrgy,HiTec,Telcm,Shops,Hlth,Utils,Other",2015-06,2016-05,0.1037594729803358,0.0936351478527911,0.09996532765367278,0.10158997473871909,0.09734013571746988,0.10258061320521074,0.09978701272970428,0.09889543810986179,0.10642429045519836,0.096022586557036,0.1,0.1,0.1,0.1,0.1,0.1,0.1,0.1,0.1,0.1,-5.999913882503473e-05,0.008579876851979966,0.004069941583631523,-0.0027299608165390803,0.007529891922541859,0.0022499677059388025,0.003839944884802223,0.006159911586036899,-0.00025999626824181713,0.0037299464636229925
2016-08,353.8032874748398,-0.0037435445549663937,1.359526530616686e-05,0.01359526530616686,"NoDur,Durbl,Manuf,Enrgy,HiTec,Telcm,Shops,Hlth,Utils,Other",2015-07,2016-06,0.09673703671438666,0.10510013454520814,0.10073467491361035,0.09415260717638972,0.10408378585049026,0.09897300384276601,0.10051204615191026,0.10275769279166787,0.09654344648682134,0.10040557152674934,0.1,0.1,0.1,0.1,0.1,0.1,0.1,0.1,0.1,0.1,-0.0006099917068881632,0.0002499966011836735,0.0013999809666285713,0.001609978111622857,0.001789975664475102,-0.0031699569030089795,-0.0013599815104391837,-0.0031499571749142854,-0.0037799486098971428,0.0032899552715771425
2016-09,354.595712637109,0.002239733745621475,1.0243207162716928e-05,0.010243207162716927,"NoDur,Durbl,Manuf,Enrgy,HiTec,Telcm,Shops,Hlth,Utils,Other",2015-08,2016-07,0.0997621126802975,0.10062533249018839,0.10177963804992621,0.10199042428257399,0.10217109819627207,0.0971925281299246,0.09900930470655543,0.0972126030092244,0.09658024431128107,0.1036767141437562,0.1,0.1,0.1,0.1,0.1,0.1,0.1,0.1,0.1,0.1,-0.0024799745968462367,-0.0015399842254609694,-1.9999795135856747e-05,0.002809971216587873,0.002219977260080099,0.0004699951856926335,-0.0006199936492115592,0.0005999938540757024,0.0018299812549308922,-0.0010199895519286942
2016-10,345.66819154278437,-0.02517661882579214,6.789723122973301e-06,0.006789723122973299,"NoDur,Durbl,Manuf,Enrgy,HiTec,Telcm,Shops,Hlth,Utils,Other",2015-09,2016-08,0.09730107258667996,0.0982389623347468,0.09975555001247192,0.1025791968071838,0.1019905213270142,0.10024444998752804,0.09915689698179095,0.1003741581441756,0.10160139685707158,0.09875779496133698,0.1,0.1,0.1,0.1,0.1,0.1,0.1,0.1,0.1,0.1,-0.00017999877784983785,-0.0037699744027438263,-0.002549982686206036,-0.002959979902419556,-0.0011199923955101023,-0.0030499792913444746,-0.004119972026340733,-0.007529948873384884,-0.0006599955187827388,0.0007699947719131953
2016-11,360.3074150326433,0.042350507938035076,9.106318320908375e-06,0.009106318320908375,"NoDur,Durbl,Manuf,Enrgy,HiTec,Telcm,Shops,Hlth,Utils,Other",2015-10,2016-09,0.10239734107485408,0.09871464768215998,0.09996614794374406,0.09954556179026088,0.10143307038150244,0.09945323800047189,0.09835561072186946,0.09485756490875334,0.10190494752931283,0.1033718699670712,0.1,0.1,0.1,0.1,0.1,0.1,0.1,0.1,0.1,0.1,-0.0038699647585480976,0.007549931247296676,0.006289942721257761,0.009589912670407302,0.0007399932613244424,0.006539940444678182,0.004279961024957587,0.002389978235899213,-0.0026499758682564495,0.011499895277339309
2016-12,368.4683953177213,0.022650048110552046,1.9509606665029653e-05,0.01950960666502965,"NoDur,Durbl,Manuf,Enrgy,HiTec,Telcm,Shops,Hlth,Utils,Other",2015-11,2016-10,0.09222341609424765,0.10317932384205071,0.10197052841628611,0.10513642119805057,0.0966460723742277,0.10221036877854098,0.10004221190375685,0.09822901876510994,0.0933938370620515,0.10696880156567787,0.1,0.1,0.1,0.1,0.1,0.1,0.1,0.1,0.1,0.1,0.003459932496760939,0.003979922351765474,0.0004899904402927342,0.00196996156607487,0.0009199820511618683,0.004889904598023409,-0.00029999414711800055,0.0006899865383714011,0.0036099295703199397,0.0029599422515642717
2017-01,374.6411542685597,0.016752478718061514,7.397303137864606e-06,0.0073973031378646035,"NoDur,Durbl,Manuf,Enrgy,HiTec,Telcm,Shops,Hlth,Utils,Other",2015-12,2016-11,0.10116655421592498,0.10167502713485288,0.09826239158281752,0.09970958373668927,0.09868285957346945,0.10256485474297672,0.09748990387906167,0.09845795809009748,0.10131322909638496,0.10067763794772507,0.1,0.1,0.1,0.1,0.1,0.1,0.1,0.1,0.1,0.1,0.0016899874985576969,0.0029399782519287745,0.0033399752930075195,-0.0042899682655695385,0.004599965972405566,0.003329975366980551,0.001109991788993517,0.0020199850574476614,0.0010899919369395797,0.0009299931205080819
2017-02,385.24801178499274,0.028312045795239937,7.735145441055764e-06,0.007735145441055763,"NoDur,Durbl,Manuf,Enrgy,HiTec,Telcm,Shops,Hlth,Utils,Other",2016-01,2016-12,0.10001376922774302,0.10124316456194185,0.10163657106888548,0.09413234194893584,0.10287580156575789,0.10162673590621188,0.09944332979267477,0.10033832959597151,0.09942365946732758,0.09926629686455013,0.1,0.1,0.1,0.1,0.1,0.1,0.1,0.1,0.1,0.1,0.0037499709932045963,0.0007199944306952824,0.004169967744443511,-0.0024599809715422152,0.004839962561896066,-0.00011999907178254706,0.00287997772278113,0.006969946086036276,0.003849970219690052,0.00371997122525896
2017-03,386.25732332030486,0.0026199006988656404,1.0072809645171593e-05,0.010072809645171592,"NoDur,Durbl,Manuf,Enrgy,HiTec,Telcm,Shops,Hlth,Utils,Other",2016-02,2017-01,0.10089271822000934,0.09794616461801775,0.10130115139256264,0.09485374202582854,0.1019526995487786,0.09712929827291117,0.10004667807686324,0.10402403920958457,0.10098996421347442,0.10086354442196983,0.1,0.1,0.1,0.1,0.1,0.1,0.1,0.1,0.1,0.1,0.0008799911359275124,0.00023999758252568517,0.00012999869053474615,-0.001199987912628426,0.0021099787463716487,0.0008799911359275124,0.0007899920424803805,3.99995970876142e-05,0.00037999617233233494,-0.0016199836820483754
2017-04,389.45794959980617,0.008286253971804047,3.715228947867095e-06,0.0037152289478670944,"NoDur,Durbl,Manuf,Enrgy,HiTec,Telcm,Shops,Hlth,Utils,Other",2016-03,2017-02,0.10061538154653261,0.09997706033132861,0.09986734887246541,0.09854083759711958,0.10184215513200282,0.10061538154653261,0.10052561762564455,0.09977758495157735,0.10011669309715449,0.09812193929964194,0.1,0.1,0.1,0.1,0.1,0.1,0.1,0.1,0.1,0.1,0.0005099981052332367,0.001689993721263078,0.0018699930525218678,-0.0027299898574249725,0.002549990526166183,0.00010999959132481575,0.0026499901546432883,0.0009299965448370787,0.00031999881112673674,0.00038999855106071037
2017-05,392.17810390750395,0.006984462149233206,5.4994098919953685e-06,0.005499409891995367,"NoDur,Durbl,Manuf,Enrgy,HiTec,Telcm,Shops,Hlth,Utils,Other",2016-04,2017-03,0.09968362276725942,0.10085392099495186,0.1010324410635829,0.09647026153190054,0.10170685021174465,0.09928691150363488,0.10180602802765078,0.10010016959406522,0.09949518491703777,0.09956460938817206,0.1,0.1,0.1,0.1,0.1,0.1,0.1,0.1,0.1,0.1,0.0032199822919001487,-0.00014999917508851622,0.0012699930157494372,-0.003379981411994565,0.004109977397425345,-0.0015199916408969645,0.0016699908159854807,-0.00026999851515932923,0.002439986581439864,-0.00039999780023604325
2017-06,394.11577892184255,0.004940803668110005,9.151034270449552e-06,0.009151034270449552,"NoDur,Durbl,Manuf,Enrgy,HiTec,Telcm,Shops,Hlth,Utils,Other",2016-05,2017-04,0.1025035005312863,0.0991568933157231,0.10056703641545596,0.0959493142930913,0.10338732261492169,0.09779640314203716,0.10096425982383142,0.09903772629321045,0.10172891488495416,0.09890862868548843,0.1,0.1,0.1,0.1,0.1,0.1,0.1,0.1,0.1,0.1,-0.0011199897508416172,0.0033499693440351944,0.00121998883573819,-0.00013999871885520215,-0.002029981423400431,-0.002459977488455695,-0.0018799827960555714,0.005529949394780485,-0.0019099825215245436,0.004389959826959553
2017-07,400.9723436135338,0.017397336159562737,1.2447135802863322e-05,0.012447135802863322,"NoDur,Durbl,Manuf,Enrgy,HiTec,Telcm,Shops,Hlth,Utils,Other",2016-06,2017-05,0.09839295487337679,0.10284093736006768,0.1007214289268123,0.09936812776755063,0.09748743718592966,0.09705955520175134,0.09763669834320116,0.10501019951241355,0.09760684611174686,0.10387581471715011,0.1,0.1,0.1,0.1,0.1,0.1,0.1,0.1,0.1,0.1,-5.999925317185183e-05,-0.0010099874283928392,0.002169972989715308,0.002049974483371604,0.0036099550658397522,0.005329933656766171,0.00019999751057283945,0.0006899914114762961,0.00298996278306395,0.001439982076124444
2017-08,399.6061134659245,-0.003407292720732036,7.317600574006538e-06,0.007317600574006538,"NoDur,Durbl,Manuf,Enrgy,HiTec,Telcm,Shops,Hlth,Utils,Other",2016-07,2017-06,0.09822981885375612,0.0972960753285303,0.10042165891823357,0.10030371236767872,0.10183701752489165,0.10352758474951103,0.09848536971329161,0.09896698479472388,0.10122762701369165,0.09970415073569162,0.1,0.1,0.1,0.1,0.1,0.1,0.1,0.1,0.1,0.1,-0.0017499871941989956,2.9999780471982776e-05,0.0003299975851918106,-0.005129962460709055,0.002999978047198278,-0.0024799818523505764,-0.0015999882918390817,0.002589981047414513,0.002179984047630749,-0.0005699958289676727
2017-09,410.0637567979305,0.026169878236604438,9.863536022476407e-06,0.009863536022476407,"NoDur,Durbl,Manuf,Enrgy,HiTec,Telcm,Shops,Hlth,Utils,Other",2016-08,2017-07,0.09858518964479229,0.10037126229179208,0.10067228577162352,0.09519365843869156,0.10335139474212322,0.09785269917720249,0.09873570138470801,0.10293999598635359,0.10252859723058398,0.09976921533212925,0.1,0.1,0.1,0.1,0.1,0.1,0.1,0.1,0.1,0.1,-0.0003799962518563115,0.005389946835540838,0.003939961137668071,0.010939892092915914,0.0005999940818783865,-0.0014999852046959662,0.0024899754397953045,0.0020799794838450734,-0.001949980766104756,0.004569954923640378
2017-10,414.8187894524751,0.011595837417271992,1.4000042237878003e-05,0.014000042237878003,"NoDur,Durbl,Manuf,Enrgy,HiTec,Telcm,Shops,Hlth,Utils,Other",2016-09,2017-08,0.09707848525599798,0.10270128047710927,0.10128827301253192,0.10810968835876747,0.09803348340447095,0.09598705880060028,0.09987526554795455,0.09947572550624646,0.09554853924262799,0.10190220039369312,0.1,0.1,0.1,0.1,0.1,0.1,0.1,0.1,0.1,0.1,7.999887999662097e-05,0.0013099816599446686,0.002759961359883424,0.0004699934199801482,0.006889903539708982,-0.005579921879764313,0.0026899623398863805,-0.002249968499904965,0.003019957719872442,0.0022199689199062325
2017-11,427.9635000436762,0.03168783797993102,1.1788330007860644e-05,0.011788330007860644,"NoDur,Durbl,Manuf,Enrgy,HiTec,Telcm,Shops,Hlth,Utils,Other",2016-10,2017-09,0.09893140637202083,0.10014728996352347,0.10158064866895344,0.09931693043761923,0.10566324967131602,0.09333636480461838,0.10151145204179475,0.09662814721088166,0.10183766471268571,0.10104684611658643,0.1,0.1,0.1,0.1,0.1,0.1,0.1,0.1,0.1,0.1,0.0040699520214968685,-0.0004899942237182962,0.003469959094494873,0.0029899647528932767,0.0010599875043701917,0.004009952728796669,0.007769908404675838,0.0024799707649415807,0.0024199714722413813,0.003919953789746369
2017-12,432.94189402734213,0.011632753688475495,7.162934961713675e-06,0.007162934961713673,"NoDur,Durbl,Manuf,Enrgy,HiTec,Telcm,Shops,Hlth,Utils,Other",2016-11,2017-10,0.10087234661238731,0.09645245710962488,0.1002907822041291,0.09982553067752253,0.09795483183095861,0.1008141901715615,0.10445866046331297,0.09933120093050304,0.09927304448967722,0.10072695551032276,0.1,0.1,0.1,0.1,0.1,0.1,0.1,0.1,0.1,0.1,0.0020099856025007266,-0.0007199948426868276,0.002279983668508287,0.004999964185325192,-0.0001799987106717069,0.004489967838422022,0.0025399818061451972,-0.00015999885393040613,-0.004979964328583892,0.0013599902584084521
2018-01,450.81762725986755,0.04128898930579461,1.0573988481051242e-05,0.010573988481051238,"NoDur,Durbl,Manuf,Enrgy,HiTec,Telcm,Shops,Hlth,Utils,Other",2016-12,2017-11,0.10083626586532758,0.09813767743466055,0.10110315922660235,0.10379186271796291,0.09867146415721008,0.1032877308133328,0.10136016764857064,0.09869123403582303,0.09392669329010321,0.10019374481040685,0.1,0.1,0.1,0.1,0.1,0.1,0.1,0.1,0.1,0.1,0.0019299795922022315,0.002749970921531677,0.004089956752387112,0.0027699707100519075,0.007739918157329157,0.003149966691936285,0.009379900815988048,0.006389932432213607,-0.0028099702870923683,0.005909937507728077
2018-02,428.2894732622941,-0.04997176826137595,1.2387121990768363e-05,0.01238712199076836,"NoDur,Durbl,Manuf,Enrgy,HiTec,Telcm,Shops,Hlth,Utils,Other",2017-01,2017-12,0.09788725631422263,0.0986747335061942,0.09996158647844042,0.09869394026697398,0.10346682032075291,0.09905886872179008,0.10504177470469606,0.1021703639681168,0.09333525400941133,0.10170940170940171,0.1,0.1,0.1,0.1,0.1,0.1,0.1,0.1,0.1,0.1,-0.0062199229521012174,-0.006039925181783177,-0.004029950079898378,-0.01077986646682494,-9.999876128780092e-06,-0.007049912670789965,-0.004479944505693482,-0.0034899567689442527,-0.0045399437624661625,-0.003319958874754991
2018-03,421.4623381739327,-0.015940469039219862,1.0638510695412919e-05,0.010638510695412919,"NoDur,Durbl,Manuf,Enrgy,HiTec,Telcm,Shops,Hlth,Utils,Other",2017-02,2018-01,0.0987116331943918,0.09890109890109888,0.10101679929266134,0.09391183529114562,0.10524820007578627,0.09783798576902024,0.10054313502589364,0.10158519641278262,0.10047997979032461,0.10176413624689484,0.1,0.1,0.1,0.1,0.1,0.1,0.1,0.1,0.1,0.1,-0.0010799885104084493,-0.005569940743495427,-0.002239976169736043,0.0030699673397721655,-0.003129966701461524,-0.002529973084567941,-0.0025799725526424065,-0.002389974573959438,0.003169966275921096,-0.0026499718079466576
2018-04,424.3619284883743,0.006879832553970511,1.0097871693558911e-05,0.010097871693558911,"NoDur,Durbl,Manuf,Enrgy,HiTec,Telcm,Shops,Hlth,Utils,Other",2017-03,2018-02,0.10052130437875353,0.095958620829819,0.09934252644628938,0.10473848405093134,0.09843811923948499,0.09904783196317335,0.09899702256953266,0.09919009826536729,0.10484010283821273,0.09892588941843568,0.1,0.1,0.1,0.1,0.1,0.1,0.1,0.1,0.1,0.1,-0.003949960113406811,-0.00029999697063849196,-0.0034199654652788086,0.009929899728134083,-0.00015999838434052903,-0.002309976673916388,0.0037799618300449985,-4.999949510641533e-05,0.002779971927916692,0.0005899940422557008
2018-05,432.35920236407134,0.018845408456371837,1.43214412466155e-05,0.0143214412466155,"NoDur,Durbl,Manuf,Enrgy,HiTec,Telcm,Shops,Hlth,Utils,Other",2017-04,2018-03,0.09539274399388215,0.0990177675813644,0.09591911728192752,0.10917776519778723,0.09915680958198014,0.09702152171538102,0.10306984874216647,0.09926605686817824,0.10207669159491106,0.0999016774424217,0.1,0.1,0.1,0.1,0.1,0.1,0.1,0.1,0.1,0.1,-0.000579991693564077,0.0031099554603177234,0.0024999641963968835,0.0033899514503141744,0.006799902614199525,-0.001309981238911967,0.0008499878267749406,0.0023799659149698334,0.00026999613321086345,0.0014499792339101925
2018-06,439.5282668170387,0.016581269494827522,8.588029758749977e-06,0.008588029758749977,"NoDur,Durbl,Manuf,Enrgy,HiTec,Telcm,Shops,Hlth,Utils,Other",2017-05,2018-04,0.09757964784170542,0.1012013426771097,0.10060263431678541,0.10147615962938969,0.10482303751251397,0.09686316078754685,0.09898317727656399,0.10048485562295112,0.09841391358969828,0.09957207074573542,0.1,0.1,0.1,0.1,0.1,0.1,0.1,0.1,0.1,0.1,0.0043299628138311445,0.0006099947613018471,-0.0009799915837308364,0.0004999957059851207,-0.0004099964789077989,0.00650994409192627,0.0029299748370728075,0.0014699873755962547,0.00256997792876352,-0.0009399919272520267
2018-07,451.71207416598776,0.02772019064252995,9.544683399433711e-06,0.009544683399433708,"NoDur,Durbl,Manuf,Enrgy,HiTec,Telcm,Shops,Hlth,Utils,Other",2017-06,2018-05,0.10262741124740554,0.09896811890732743,0.09740406653616503,0.09885991402630362,0.0979647645560157,0.10477183525315023,0.10125025821619336,0.09981408434078635,0.10089613315102451,0.09744341376562822,0.1,0.1,0.1,0.1,0.1,0.1,0.1,0.1,0.1,0.1,0.002869972606758644,-0.0011599889281672566,0.005219950176752655,0.0011099894054014269,0.0025499756610573316,0.00272997394301432,0.0030799706023751303,0.005909943590921111,0.001679983964931889,0.003739964302884087
2018-08,461.1723211880031,0.020943090882576287,6.767341616961662e-06,0.006767341616961661,"NoDur,Durbl,Manuf,Enrgy,HiTec,Telcm,Shops,Hlth,Utils,Other",2017-07,2018-06,0.10009438276590156,0.09617311939906396,0.10238097554805252,0.09838187072480127,0.09978301694024695,0.09995816021717767,0.10029871658898738,0.10305235810962025,0.09893649110174853,0.1009409086044,0.1,0.1,0.1,0.1,0.1,0.1,0.1,0.1,0.1,0.1,-0.0011599921498837242,-0.0005399963456355269,-0.0003699974960836017,-0.002839980780749808,0.007149951613507439,0.0028899804423827276,0.00798994592894048,0.004499969546962724,0.0009299937063722963,0.0023999837583801196
2018-09,462.9827849535909,0.00392578583407599,1.4158381899211511e-05,0.014158381899211512,"NoDur,Durbl,Manuf,Enrgy,HiTec,Telcm,Shops,Hlth,Utils,Other",2017-08,2018-07,0.09681179293794995,0.09741907047357852,0.0975855820559283,0.09516626671237573,0.10495127087516527,0.10077868651745922,0.10577403398795239,0.10235564915030118,0.09885890592095596,0.1002987413683334,0.1,0.1,0.1,0.1,0.1,0.1,0.1,0.1,0.1,0.1,0.0007099899475488515,-0.0036899477555707924,0.001249982302022626,0.003369952286253,-4.999929208090504e-05,0.0017899746564964002,0.0005499922128899555,0.0020799705505656495,-0.0005699919297223173,-0.0014999787624271513
2018-10,435.95527212271907,-0.05837692827732477,7.357749142246928e-06,0.007357749142246927,"NoDur,Durbl,Manuf,Enrgy,HiTec,Telcm,Shops,Hlth,Utils,Other",2017-09,2018-08,0.10031475984620596,0.09593202781042692,0.10085264059605156,0.10296432057692692,0.0995577424945714,0.10139052134589717,0.10015538777217763,0.10167938323007351,0.09903978325397933,0.09811343307368967,0.1,0.1,0.1,0.1,0.1,0.1,0.1,0.1,0.1,0.1,-0.00021999838129518876,-0.0029899780003300653,-0.009789927967635897,-0.011729913693602564,-0.008819935104652565,-0.0004099969833228517,-0.008799935251807549,-0.00878993532538504,-5.999955853505147e-05,-0.006759950261615798
2018-11,446.5396590166624,0.024278607395677776,2.088509647808623e-05,0.020885096478086226,"NoDur,Durbl,Manuf,Enrgy,HiTec,Telcm,Shops,Hlth,Utils,Other",2017-10,2018-09,0.10596518802502045,0.103023480560305,0.09580196043031763,0.09374170321676242,0.09683208903709525,0.10576341025668257,0.09685332880218345,0.09686394868472756,0.10613510614572602,0.09901978484117967,0.1,0.1,0.1,0.1,0.1,0.1,0.1,0.1,0.1,0.1,0.0004899897663027258,0.005239890562094456,0.004679902257748483,-0.0021999540527877486,-0.001579967001547565,0.0025199473695568754,0.002639944863345298,0.006409866126531577,0.0032599319145854818,0.0028399406863260025
2018-12,404.3776721111407,-0.09441935571493876,1.0331071388543045e-05,0.010331071388543044,"NoDur,Durbl,Manuf,Enrgy,HiTec,Telcm,Shops,Hlth,Utils,Other",2017-11,2018-10,0.09810602362589084,0.10274333691301375,0.102196622083374,0.09547983989065702,0.09608513130918675,0.10008786488333496,0.10020501806111488,0.10388558039636824,0.10081030947964463,0.1004002733574148,0.1,0.1,0.1,0.1,0.1,0.1,0.1,0.1,0.1,0.1,-0.011309883155582597,-0.011579880366193321,-0.00869991011967892,-0.013059865076207664,-0.008219915078593187,-0.00869991011967892,-0.009009906917046789,-0.00823991487197176,-0.004769950720789476,-0.010819888217807577
2019-01,437.4595022748651,0.08180924033469394,9.945892390672375e-06,0.009945892390672373,"NoDur,Durbl,Manuf,Enrgy,HiTec,Telcm,Shops,Hlth,Utils,Other",2017-12,2018-11,0.09793615212182112,0.09763800395322385,0.10081825108492805,0.09600371028832032,0.10134829227354542,0.10081825108492805,0.10047593281727935,0.1013262072240197,0.10515796331673273,0.09847723583520136,0.1,0.1,0.1,0.1,0.1,0.1,0.1,0.1,0.1,0.1,0.007289927494444474,0.011029890296806932,0.009659903922679507,0.01033989715947268,0.009299907503200769,0.005449945794886471,0.008319917250175309,0.005309947187311405,0.0053799464910989385,0.009739903127008115
2019-02,451.53306781125156,0.03217112775743014,8.595635034469037e-06,0.008595635034469034,"NoDur,Durbl,Manuf,Enrgy,HiTec,Telcm,Shops,Hlth,Utils,Other",2018-01,2018-12,0.09917546357064948,0.10263260061747795,0.1013662161912333,0.10199478656338393,0.10103344364127119,0.0974746260930654,0.1001275628108188,0.09734521454585791,0.09740992031946165,0.10144016564678043,0.1,0.1,0.1,0.1,0.1,0.1,0.1,0.1,0.1,0.1,0.001339988481849054,0.0037399678523249717,0.005199955302697822,0.0024699787687814654,0.005659951348705706,0.0030399738692694954,0.0007999931234919725,0.0032999716344043863,0.0035499694854956272,0.003079973525444094
2019-03,456.06409150788096,0.010034754970644766,5.192892712511384e-06,0.005192892712511383,"NoDur,Durbl,Manuf,Enrgy,HiTec,Telcm,Shops,Hlth,Utils,Other",2018-02,2019-01,0.0981805499040865,0.1005057257455095,0.1019202077157085,0.09927532019608984,0.10236586641864792,0.0998275494584278,0.09765738533976633,0.1000794435079153,0.10032164932473019,0.09986630238911819,0.1,0.1,0.1,0.1,0.1,0.1,0.1,0.1,0.1,0.1,0.003669980942083745,-0.004999974035536438,-0.0008799954302544131,0.0020199895103567207,0.0037599804747234004,0.0005999968842643725,0.0033899823960937044,0.0005099973516247166,0.0033299827076672677,-0.001359992937665911
2019-04,470.5252502264659,0.03170861067086461,1.103916676567264e-05,0.01103916676567264,"NoDur,Durbl,Manuf,Enrgy,HiTec,Telcm,Shops,Hlth,Utils,Other",2018-03,2019-02,0.10263949942576531,0.09405568096313018,0.09813472733753117,0.10100590075640568,0.10272860480773038,0.09960001584095679,0.10236228268187397,0.09951091045899173,0.10230287909389728,0.09765949863371748,0.1,0.1,0.1,0.1,0.1,0.1,0.1,0.1,0.1,0.1,0.0031299654474080236,0.0034099623564413286,0.0040399554017662665,0.00021999757138331158,0.005809935862441092,0.005979933985782742,0.004619948999049542,-0.003159965116233021,0.0009999889608332342,0.0066699263687576725
2019-05,438.7269691339721,-0.06758039250218595,1.1145611129949497e-05,0.011145611129949495,"NoDur,Durbl,Manuf,Enrgy,HiTec,Telcm,Shops,Hlth,Utils,Other",2018-04,2019-03,0.09995929128058,0.10023068274337998,0.10084131353467994,0.09713875857790874,0.10255689528166556,0.10272166866979414,0.10140348156476563,0.0938626759198232,0.09789477765285154,0.10339045477455124,0.1,0.1,0.1,0.1,0.1,0.1,0.1,0.1,0.1,0.1,-0.00561993736166545,-0.012239863577719773,-0.009169897794745939,-0.011879867590139776,-0.008539904816480951,-0.0029999665631666103,-0.006049932569052664,-0.003399962104922159,-0.0015499827243027487,-0.006119931788859887
2019-06,470.93960087940576,0.07342295781136965,1.5876237731556065e-05,0.015876237731556064,"NoDur,Durbl,Manuf,Enrgy,HiTec,Telcm,Shops,Hlth,Utils,Other",2018-05,2019-04,0.10121939448537692,0.09411966581941808,0.09741213817659236,0.09450575378312583,0.09808779211308088,0.10402925688791653,0.10075823386205937,0.10360027026157462,0.105584333408406,0.10068316120244952,0.1,0.1,0.1,0.1,0.1,0.1,0.1,0.1,0.1,0.1,0.004909922047672738,0.013119791703760961,0.009199853938612869,0.00882985981282083,0.00800987283133577,0.005149918237375683,0.007169886167375465,0.006819891724058671,0.0036399422104946575,0.00658989537559335
2019-07,473.79388619694294,0.006060830968997344,9.113710778273816e-06,0.009113710778273812,"NoDur,Durbl,Manuf,Enrgy,HiTec,Telcm,Shops,Hlth,Utils,Other",2018-06,2019-05,0.09773252347592785,0.10538083171858698,0.10172902071843792,0.1013843344760769,0.1006204352362498,0.0979561037412431,0.09983790430764643,0.0995118497540617,0.09654941123863466,0.0992975853331346,0.1,0.1,0.1,0.1,0.1,0.1,0.1,0.1,0.1,0.1,0.001599985418062755,0.0008299924356200541,0.0009699911597005451,-0.002639975939803546,0.0036399668260927677,0.0020499813168929045,0.0010199907040150064,-0.002159980314384719,-0.001009990795152114,0.0017699838687319227
2019-08,464.177086750688,-0.02029743254698213,7.586476592385265e-06,0.007586476592385265,"NoDur,Durbl,Manuf,Enrgy,HiTec,Telcm,Shops,Hlth,Utils,Other",2018-07,2019-06,0.10098700885624261,0.10022165455683998,0.1003608098840041,0.09677259037641515,0.10301470076634826,0.10143429383641298,0.10041050821513413,0.09724969435526354,0.09839275597125449,0.10115598318208474,0.1,0.1,0.1,0.1,0.1,0.1,0.1,0.1,0.1,0.1,-0.0014199892272032388,-0.004679964495289548,-0.0016799872547193248,-0.0085099354390842,-0.002589980351025626,0.0002899977999217882,0.0001199990896228089,-0.0006399951446549809,0.003449973826655757,-0.004629964874613378
2019-09,474.1230932345131,0.021427181064555878,1.2549866310390089e-05,0.012549866310390088,"NoDur,Durbl,Manuf,Enrgy,HiTec,Telcm,Shops,Hlth,Utils,Other",2018-08,2019-07,0.10062161251799,0.0972940972328546,0.10035622786334729,0.0933847771279256,0.09942738157209785,0.10236702697737084,0.10219350624164292,0.10141776648191811,0.10559247124148982,0.09734513274336282,0.1,0.1,0.1,0.1,0.1,0.1,0.1,0.1,0.1,0.1,0.0018799764062513364,0.003779952561505347,0.003839951808513368,0.003689953690993315,0.0012899838106724597,0.001259984187168449,0.0008299895836109625,-0.000979987701131016,0.003939950553526737,0.0019099760297553471
2019-10,482.455025189067,0.017573351885715294,6.533259581310044e-06,0.006533259581310042,"NoDur,Durbl,Manuf,Enrgy,HiTec,Telcm,Shops,Hlth,Utils,Other",2018-09,2019-08,0.09974154135338345,0.1016016604010025,0.10166040100250626,0.10151354949874687,0.09916392543859649,0.09913455513784461,0.09871358082706767,0.09694157268170427,0.10175830200501253,0.09977091165413533,0.1,0.1,0.1,0.1,0.1,0.1,0.1,0.1,0.1,0.1,7.99994773392335e-05,0.00701995413651774,5.999960800442512e-05,-0.002079986410820071,0.0032799785709085733,0.002189985692161517,0.0006699956227160806,0.004659969555010352,-0.0013899909187691818,0.0030899798122278935
2019-11,495.8616952982369,0.027788435002653378,1.1252186560270443e-05,0.011252186560270444,"NoDur,Durbl,Manuf,Enrgy,HiTec,Telcm,Shops,Hlth,Utils,Other",2018-10,2019-09,0.09835098960278307,0.10517109219913914,0.09833133512844199,0.09622830637394603,0.10149570549735647,0.1004245366457674,0.09893079659584504,0.10285186422689124,0.09690638573871342,0.10130898799111618,0.1,0.1,0.1,0.1,0.1,0.1,0.1,0.1,0.1,0.1,0.0022699744575365084,0.0029099672561371096,0.0032599633178718133,0.0011199873975510529,0.005269940700976827,0.0024699722070991967,0.0021099762578863576,0.0054799383380176505,-0.0021399759203207616,0.00504994317645787
2019-12,512.0326834289493,0.032611892154699174,7.851722124927031e-06,0.00785172212492703,"NoDur,Durbl,Manuf,Enrgy,HiTec,Telcm,Shops,Hlth,Utils,Other",2018-11,2019-10,0.09950379451255108,0.10012648375170267,0.10046701692936369,0.09838489978595057,0.10242265032107414,0.09969838489978596,0.09934812220276319,0.10262697022767074,0.09521307647402218,0.10220860089511578,0.1,0.1,0.1,0.1,0.1,0.1,0.1,0.1,0.1,0.1,0.0034799726760070047,0.005399957600700526,0.0013399894786923527,0.006239951005253941,0.00383996984938704,0.00103999183420899,0.0013499894001751315,0.003449972911558669,0.004119967650904845,0.0023599814699357853
2020-01,509.3820417711907,-0.0051767040338284165,6.738873806034132e-06,0.006738873806034131,"NoDur,Durbl,Manuf,Enrgy,HiTec,Telcm,Shops,Hlth,Utils,Other",2018-12,2019-11,0.10021111347833667,0.102070461544421,0.09813871511301352,0.1028839263233329,0.10055974124072747,0.09784819197768783,0.09814839921752437,0.1001820611648041,0.10083089616703145,0.0991264937731208,0.1,0.1,0.1,0.1,0.1,0.1,0.1,0.1,0.1,0.1,-0.00042999710228426347,0.006149958555926094,-0.0027399815354857715,-0.011869920009567922,0.003369977289995274,-0.0021199857135875315,0.0009699934632924082,-0.0019899865896411263,0.004829967451239517,-0.0013399909699091002
2020-02,466.0203500248697,-0.08512607078872769,1.756581526491964e-05,0.017565815264919637,"NoDur,Durbl,Manuf,Enrgy,HiTec,Telcm,Shops,Hlth,Utils,Other",2019-01,2019-12,0.10008745212749919,0.10670164751766634,0.09776544736286602,0.08858799995979214,0.1039072002251641,0.0983886694209061,0.10149472774242836,0.09851934501372094,0.10537478765216168,0.09917272297779521,0.1,0.1,0.1,0.1,0.1,0.1,0.1,0.1,0.1,0.1,-0.00875984612345828,-0.007249872647839329,-0.008609848758330568,-0.015429728959470463,-0.006989877214951299,-0.0062198907406290525,-0.00671988195772142,-0.0053699056715720275,-0.009889826274087032,-0.009869826625403335
2020-03,394.6310371780885,-0.1531892606041162,1.0935740908743118e-05,0.010935740908743118,"NoDur,Durbl,Manuf,Enrgy,HiTec,Telcm,Shops,Hlth,Utils,Other",2019-02,2020-01,0.09972783613330564,0.10137830777470516,0.09989179026986851,0.09243734219414355,0.10166249494474745,0.1025041261791035,0.10195761239056061,0.1034331996196264,0.09849271497119873,0.09851457552274044,0.1,0.1,0.1,0.1,0.1,0.1,0.1,0.1,0.1,0.1,-0.010869881128496323,-0.022669752086753602,-0.016909815076621235,-0.03446962304501089,-0.009769893157811323,-0.01321985542950519,-0.007909913498289414,-0.005089944337078775,-0.013049857288581145,-0.019219789815059736
2020-04,453.3586803687896,0.14881658475382054,3.7789849224170416e-05,0.03778984922417041,"NoDur,Durbl,Manuf,Enrgy,HiTec,Telcm,Shops,Hlth,Utils,Other",2019-03,2020-02,0.10525259205025862,0.09131810774426678,0.09812002550719161,0.07738362343827496,0.10655156940081718,0.10247750407406532,0.10874802201176165,0.11207812758319359,0.10267825511915164,0.09539217307101865,0.1,0.1,0.1,0.1,0.1,0.1,0.1,0.1,0.1,0.1,0.007749707128668513,0.025489036736743274,0.010859589602237426,0.03230877900997157,0.014919436175449578,0.009209651955488648,0.01823931071315015,0.013449491726527934,0.005179804248581019,0.011449567306226384
2020-05,474.6172920098552,0.046891374449415046,2.7342634188785935e-05,0.027342634188785932,"NoDur,Durbl,Manuf,Enrgy,HiTec,Telcm,Shops,Hlth,Utils,Other",2019-04,2020-03,0.09378862524589593,0.10923001932350329,0.09649565656389811,0.1151663388054245,0.10002959455460196,0.09505945023762687,0.10291941576867503,0.09875006528210573,0.09155162508921888,0.09700920912904967,0.1,0.1,0.1,0.1,0.1,0.1,0.1,0.1,0.1,0.1,0.003099915237834015,0.007129805047018235,0.005819840865869023,0.0005599846881248544,0.00762979137570114,0.004809868481929552,0.0044798775049988354,0.0041598862546417745,0.0046298734036037065,0.004599874223882731
2020-06,483.0481861886953,0.01776356302387949,6.324588188413031e-06,0.006324588188413032,"NoDur,Durbl,Manuf,Enrgy,HiTec,Telcm,Shops,Hlth,Utils,Other",2019-05,2020-04,0.09847934894738854,0.10232873572001681,0.10107744622320713,0.09605318457952854,0.10280632713101288,0.10011271157299508,0.09979750124173768,0.0994918427387002,0.0999407786650365,0.09991212318037673,0.1,0.1,0.1,0.1,0.1,0.1,0.1,0.1,0.1,0.1,-0.00013999911455765365,0.0141299106335689,0.002599983556070711,-0.00038999753341060654,0.005729963760109681,-0.002619983429578947,0.004419972045320207,-0.0014399908925930088,-0.005019968250567294,0.0004999968377059058
2020-07,512.1273997731295,0.060199405392394656,1.942484352820405e-05,0.01942484352820405,"NoDur,Durbl,Manuf,Enrgy,HiTec,Telcm,Shops,Hlth,Utils,Other",2019-06,2020-05,0.09811647032237146,0.1121373198266799,0.10080863063364022,0.09787083525747467,0.10388398164614794,0.09567977047859536,0.1025968539060888,0.09683916798490819,0.09332167385558623,0.09874529608850723,0.1,0.1,0.1,0.1,0.1,0.1,0.1,0.1,0.1,0.1,0.005869885976168491,0.018679637143922893,0.004559911422713511,-0.0047899069549995,0.006869866551324962,0.005059901710291748,0.00942981682372553,0.004389914724936911,0.006339876846492031,0.003809925991346158
2020-08,553.9335995080789,0.08163242145112615,1.6251605301072202e-05,0.0162516053010722,"NoDur,Durbl,Manuf,Enrgy,HiTec,Telcm,Shops,Hlth,Utils,Other",2019-07,2020-06,0.09985663352889024,0.11193903152175963,0.0986210409160363,0.08980211654184982,0.10079983399671766,0.09909264114995,0.10321442719435589,0.09846069683650563,0.10029993774876912,0.09791364056516572,0.1,0.1,0.1,0.1,0.1,0.1,0.1,0.1,0.1,0.1,0.00444992768035641,0.040989333846698714,0.006169899727595292,-0.0011399814731699568,0.010619827407951702,0.0055999089910103135,0.008069868849545222,0.0023499618087275426,-0.0022499634338880724,0.006789889651600006
2020-09,530.6400064855831,-0.04205123690489576,3.2607053274393504e-05,0.032607053274393505,"NoDur,Durbl,Manuf,Enrgy,HiTec,Telcm,Shops,Hlth,Utils,Other",2019-08,2020-07,0.09656543244117782,0.13034715480978135,0.09815559561780614,0.09139740211713585,0.10226968058059446,0.0976286229371793,0.09991217121989553,0.09462395414413165,0.09037119216012574,0.09872879397217214,0.1,0.1,0.1,0.1,0.1,0.1,0.1,0.1,0.1,0.1,-0.002079932177329189,-0.009039705232238399,-0.0001399954350125416,-0.014989511220271418,-0.005239829139040843,-0.001969935764105049,-0.00385987413677436,-0.0014299533719138178,-0.00031998956574295223,-0.0029499038091928406
2020-10,519.4185459319618,-0.02114703078635305,1.739841485907153e-05,0.017398414859071527,"NoDur,Durbl,Manuf,Enrgy,HiTec,Telcm,Shops,Hlth,Utils,Other",2019-09,2020-08,0.10221507755903046,0.09494979018351114,0.10424017202864361,0.08873880456794504,0.0989164700724441,0.10232990250318377,0.10035700119000397,0.10289358859266372,0.10405227666548363,0.10130691663709054,0.1,0.1,0.1,0.1,0.1,0.1,0.1,0.1,0.1,0.1,-0.002699953024279881,-0.0032499434551517084,-0.0007599867772047071,-0.0044599224030697285,-0.0017799690308215508,-0.0038899323201661987,-0.002689953198264029,-0.004369923968927066,0.004469922229085579,-0.0016999704226947398
2020-11,596.4274442594028,0.1482598165401825,8.868523794591045e-06,0.008868523794591042,"NoDur,Durbl,Manuf,Enrgy,HiTec,Telcm,Shops,Hlth,Utils,Other",2019-10,2020-09,0.0994003289507289,0.09883845658769806,0.10138220601305588,0.09760233738903021,0.1003401881761623,0.09818464147435307,0.0994105448118749,0.09769428013934435,0.10672510139242186,0.10042191506533044,0.1,0.1,0.1,0.1,0.1,0.1,0.1,0.1,0.1,0.1,0.010019911137391578,0.033899699357043366,0.013959876195407828,0.028529746981016145,0.010719904929424925,0.014469871672460694,0.008299926391252505,0.0098299128224111,0.002659976409726707,0.015879859167842143
2020-12,626.8804571101383,0.051059040196498096,2.9454950101360704e-05,0.029454950101360698,"NoDur,Durbl,Manuf,Enrgy,HiTec,Telcm,Shops,Hlth,Utils,Other",2019-11,2020-10,0.09581370235223424,0.11661020491696204,0.09924495110035096,0.11193360446584863,0.09642331507398086,0.09968909751190921,0.0943157968073711,0.09564823604204585,0.08940406002072683,0.10091703170857029,0.1,0.1,0.1,0.1,0.1,0.1,0.1,0.1,0.1,0.1,0.004909855376195003,0.015389546688317941,0.002519925773525745,0.005689832401333924,0.005079850368853485,0.005119849190655482,0.0013799593521688603,0.004709861267185023,0.0006199817379309372,0.005669832990432925
2021-01,631.4310097929466,0.007259043779711982,1.0877143455202295e-05,0.010877143455202293,"NoDur,Durbl,Manuf,Enrgy,HiTec,Telcm,Shops,Hlth,Utils,Other",2019-12,2020-11,0.09981067273021339,0.1097812746767641,0.09753684270614314,0.10055275951631164,0.09997240959385019,0.10001046532647061,0.0964522543264611,0.09962039406711128,0.09572919540667307,0.10053373165000143,0.1,0.1,0.1,0.1,0.1,0.1,0.1,0.1,0.1,0.1,-0.004149954859854661,0.011479875130393136,-0.0023199747650271842,0.005049945070425551,0.0005599939087996652,-0.003549961386140734,-5.9999347371392684e-05,0.0034199628001693834,-0.00043999521405687974,-0.002719970414169802
2021-02,650.5518952576122,0.030281828367814123,1.7637224290029367e-05,0.01763722429002936,"NoDur,Durbl,Manuf,Enrgy,HiTec,Telcm,Shops,Hlth,Utils,Other",2020-01,2020-12,0.09515819988682281,0.11067538991531567,0.09697499180954462,0.10429179862400349,0.09983420532727075,0.09575386936968242,0.09921868019498249,0.10267356319556822,0.09884142285583807,0.09657787882097155,0.1,0.1,0.1,0.1,0.1,0.1,0.1,0.1,0.1,0.1,0.0013199767188639372,-0.008079857491227737,0.005529902466149677,0.023619583408762274,0.0013599760133749658,0.004259924865424525,-0.0016599707222076788,-0.0012499779534696377,-0.004589919045140509,0.0097898273315742
2021-03,677.8090908841136,0.04189857231252536,3.0162954780907433e-05,0.03016295478090743,"NoDur,Durbl,Manuf,Enrgy,HiTec,Telcm,Shops,Hlth,Utils,Other",2020-02,2021-01,0.09834028923614481,0.08921673299039114,0.10242647772493449,0.11998447054256041,0.09837911287974377,0.10119382704066776,0.0954479277880229,0.09584587013491216,0.09260409589439969,0.10656119576822283,0.1,0.1,0.1,0.1,0.1,0.1,0.1,0.1,0.1,0.1,0.007279780413689195,0.0008699737582293407,0.00770976744361864,0.0022799312284630994,0.0008699737582293407,0.0016299508343837071,0.005729827166269106,-8.999728533406973e-05,0.010389686606899828,0.005259841342857853
2021-04,704.9652561373857,0.0400646223523653,1.4785062336241414e-05,0.014785062336241411,"NoDur,Durbl,Manuf,Enrgy,HiTec,Telcm,Shops,Hlth,Utils,Other",2020-03,2021-02,0.10296277101148828,0.0968107262484044,0.10337546668202278,0.09816398414480818,0.0968107262484044,0.09754014185213977,0.10147514708281746,0.09588935917000181,0.10594761644256331,0.10102406111734952,0.1,0.1,0.1,0.1,0.1,0.1,0.1,0.1,0.1,0.1,0.0033199509135930436,0.004399934945725721,0.002439963924447899,0.0007499889112032478,0.0064199050798998,0.0030799544620080045,0.007029896061011776,0.002959956236215485,0.003979941155451902,0.005699915725144684
2021-05,707.4627695248852,0.003542746774761296,7.227567374790866e-06,0.007227567374790865,"NoDur,Durbl,Manuf,Enrgy,HiTec,Telcm,Shops,Hlth,Utils,Other",2020-04,2021-03,0.09933851242212138,0.10037689408507039,0.09849242365971848,0.09686754865010384,0.10231905238058611,0.09910776094146605,0.10290554572725175,0.09899238520113839,0.09997307899392353,0.1016267979386201,0.1,0.1,0.1,0.1,0.1,0.1,0.1,0.1,0.1,0.1,0.001969985761692272,-0.005329961477065893,0.002769979979638372,0.006199955189082277,-0.0008899935674650365,-0.000509996313940639,-0.0021499844607301443,-0.00011999913269191503,-0.0011599916160218453,0.002769979979638372
2021-06,721.5536667719826,0.019917510650858006,1.224530030679859e-05,0.012245300306798592,"NoDur,Durbl,Manuf,Enrgy,HiTec,Telcm,Shops,Hlth,Utils,Other",2020-05,2021-04,0.1016092870310398,0.09433511035822828,0.10240645707737529,0.1058243236510388,0.09875940411539035,0.09913805988739971,0.09750386129241191,0.09952668028498828,0.0984903592247521,0.10240645707737529,0.1,0.1,0.1,0.1,0.1,0.1,0.1,0.1,0.1,0.1,-0.0008099900813067516,0.005559931916130294,-0.00100998763224669,0.005529932283489304,0.006769917099316921,-9.999877546996933e-06,0.002929964121270101,0.004409945998225646,-0.0014199826116735642,-0.00201997526449338
2021-07,722.5458333239762,0.0013750419375349043,1.4937299618601278e-05,0.014937299618601275,"NoDur,Durbl,Manuf,Enrgy,HiTec,Telcm,Shops,Hlth,Utils,Other",2020-06,2021-05,0.09725177218044374,0.10349729883423371,0.09705568029178471,0.10346788505093486,0.1046836547606208,0.09803613973507984,0.10091869049836752,0.10236977047444432,0.09665369192003372,0.09606541625405665,0.1,0.1,0.1,0.1,0.1,0.1,0.1,0.1,0.1,0.1,0.00022999656442108772,-0.0009599856601923661,0.0013299801333915074,-0.008659870642985302,0.0035999462257213736,0.0003599946225721373,0.00024999626567509536,0.002839957578069083,0.002969955636220133,-0.0005699914857392173
2021-08,735.6016686528156,0.01806921405771278,1.0594395614460756e-05,0.010594395614460754,"NoDur,Durbl,Manuf,Enrgy,HiTec,Telcm,Shops,Hlth,Utils,Other",2020-07,2021-06,0.10009087368557705,0.0989025254895695,0.10118934680793698,0.09121321363305007,0.10345619588771607,0.1002206932364014,0.1001108459241654,0.10269725082135832,0.10282707037218267,0.09929198414204257,0.1,0.1,0.1,0.1,0.1,0.1,0.1,0.1,0.1,0.1,-0.000279997033569228,0.0017799811419758063,0.0005499941730824121,-0.0011599877105010871,0.0046399508420043485,0.0013699854856780082,0.0024099744675065695,0.0028399699119164546,0.0032299657801021656,0.0026999713951318415
2021-09,716.5227456019122,-0.025936486911244616,6.659594530881649e-06,0.006659594530881649,"NoDur,Durbl,Manuf,Enrgy,HiTec,Telcm,Shops,Hlth,Utils,Other",2020-08,2021-07,0.09794908062234796,0.09997249724972497,0.09876434071978628,0.09708470847084709,0.1027817067421028,0.09956977840641208,0.1005913091309131,0.10101367279585101,0.10139674681753891,0.10087615904447587,0.1,0.1,0.1,0.1,0.1,0.1,0.1,0.1,0.1,0.1,-0.004579969499057049,0.0027999813531353135,-0.005789961440947666,0.011079926211692598,-0.006139959110089579,-0.005579962839462518,-0.004379970830975954,-0.006019959909240924,-0.004869967567774635,-0.0024499836839933994
2021-10,768.6991061095525,0.072818847451674,1.971640535916962e-05,0.019716405359169617,"NoDur,Durbl,Manuf,Enrgy,HiTec,Telcm,Shops,Hlth,Utils,Other",2020-09,2021-08,0.09796010553656308,0.10553656308068207,0.09671789501781186,0.11403697886188877,0.09635857792561109,0.09693348527313232,0.09816542958924923,0.09648177235722277,0.09766238566016815,0.10014680669767058,0.1,0.1,0.1,0.1,0.1,0.1,0.1,0.1,0.1,0.1,0.0037399262606439563,0.030779393129043042,0.004989901615137257,0.01026979751251696,0.008139839508460376,-0.004239916402441276,0.005139898657676453,0.0022299560324160485,0.005109899249168615,0.0066798682944122
2021-11,750.315768330446,-0.023914868162324354,2.5476803151729335e-05,0.025476803151729337,"NoDur,Durbl,Manuf,Enrgy,HiTec,Telcm,Shops,Hlth,Utils,Other",2020-10,2021-09,0.09669661832146455,0.1219007494127736,0.09786175012117374,0.10278326684314532,0.10079788225644087,0.08925841691212114,0.09800156593713884,0.09528913910741585,0.0979736027739458,0.09943700831438054,0.1,0.1,0.1,0.1,0.1,0.1,0.1,0.1,0.1,0.1,-0.0038699014047718027,0.002049947772553539,-0.0006899824210058254,-0.005399862425262982,0.00144996305863543,-0.00718981682178534,0.001469962549099367,-0.004259891468818573,-0.0019699498106977914,-0.005479860387118729
2021-12,779.9343477825025,0.039474819405650896,1.4603886857014085e-05,0.014603886857014081,"NoDur,Durbl,Manuf,Enrgy,HiTec,Telcm,Shops,Hlth,Utils,Other",2020-11,2021-10,0.09848275296841545,0.10454764319595128,0.10174058251631476,0.09691530667650161,0.10393295837559292,0.09508149696243251,0.10395344786960486,0.09808320783518251,0.10042925489955026,0.09683334870045385,0.1,0.1,0.1,0.1,0.1,0.1,0.1,0.1,0.1,0.1,0.008069882146633064,-0.004659931945887247,0.005809915151417361,0.003049955458145086,0.001669975611508949,0.003949942314646915,0.0015199778020919775,0.006579903906424481,0.008559874990728505,0.004939927856798927
2022-01,754.420176034062,-0.032713230057096476,1.36773049689504e-05,0.013677304968950399,"NoDur,Durbl,Manuf,Enrgy,HiTec,Telcm,Shops,Hlth,Utils,Other",2020-12,2021-11,0.10396444410239637,0.09171805404573398,0.10179030101299678,0.09913515281532291,0.09780757871648599,0.10000096201021656,0.0976632771840037,0.10253104887973913,0.10443582910850516,0.10095335212459958,0.1,0.1,0.1,0.1,0.1,0.1,0.1,0.1,0.1,0.1,-0.0006499911097517702,-0.01030985898698577,-0.005839920124538981,0.01741976174134744,-0.008429884700319112,-0.0019299736028014097,-0.008829879229397125,-0.008769880050035423,-0.002099971277659565,-0.0032599554119858007
2022-02,746.7730462959772,-0.010136433225162778,2.6703194458802852e-05,0.026703194458802853,"NoDur,Durbl,Manuf,Enrgy,HiTec,Telcm,Shops,Hlth,Utils,Other",2021-01,2021-12,0.1027085702470795,0.09272200971777113,0.09734312002481134,0.12138943450842551,0.09466556394086632,0.10138529928667424,0.09425204176573969,0.09431407009200868,0.10120955236224542,0.10001033805437817,0.1,0.1,0.1,0.1,0.1,0.1,0.1,0.1,0.1,0.1,-0.0005699847791791585,-0.007069811208415177,-0.0012299671550708158,0.008359776761294326,-0.004519879301561046,0.0002899922560736069,-0.0015499586100485888,-0.0010099730297735967,-0.00108997089351804,-0.001719954070505531
2022-03,781.0859666315743,0.04594825764774235,1.1226387488639034e-05,0.011226387488639031,"NoDur,Durbl,Manuf,Enrgy,HiTec,Telcm,Shops,Hlth,Utils,Other",2021-02,2022-01,0.10044550404590409,0.09387911788178485,0.09977876329693197,0.10946670842214792,0.09645516168463163,0.10131428744607987,0.09945549505500612,0.10000101021325603,0.09992019315277455,0.09928375880148299,0.1,0.1,0.1,0.1,0.1,0.1,0.1,0.1,0.1,0.1,0.0004499949481256302,0.015029831267396045,0.0009199896717235103,0.009789890093666485,0.003279963177449037,-0.0024199728321422777,0.002979966545365284,0.005149942184104434,0.009689891216305235,0.0010899877632376373
2022-04,723.3411904383828,-0.07392883582611942,2.033908812262297e-05,0.020339088122622972,"NoDur,Durbl,Manuf,Enrgy,HiTec,Telcm,Shops,Hlth,Utils,Other",2021-03,2022-02,0.09603617729167463,0.10997552487666831,0.09648552525909213,0.10496577306971586,0.09874182569123102,0.0932922865119125,0.09845500783968793,0.10052965696584955,0.10487016711920148,0.09664805537496654,0.1,0.1,0.1,0.1,0.1,0.1,0.1,0.1,0.1,0.1,0.002259954033660843,-0.01689965626941073,-0.005289892406223832,-0.0012799739659672031,-0.012599743727489655,-0.010559785219229427,-0.009779801083718162,-0.006909859456901073,-0.0037099245419830655,-0.009139814100734561
2022-05,733.0020623208785,0.013355899000637272,2.3782785690375675e-05,0.023782785690375674,"NoDur,Durbl,Manuf,Enrgy,HiTec,Telcm,Shops,Hlth,Utils,Other",2021-04,2022-03,0.11042123335744906,0.08973209947197357,0.10226867799026013,0.10659871070846247,0.0943752767009686,0.09657808636309646,0.097420337116263,0.10051938796445271,0.10397477566975133,0.09811141465732273,0.1,0.1,0.1,0.1,0.1,0.1,0.1,0.1,0.1,0.1,-0.0016299612340593247,-0.009039785003617358,-0.00036999120036929463,0.015569629702026801,-0.002089950293977907,0.00865979404107592,-0.00409990249057867,0.0009599771685257372,0.004799885842628687,0.000619985254672872
2022-06,672.3368774836542,-0.08276263868227363,2.4680769109751436e-05,0.024680769109751432,"NoDur,Durbl,Manuf,Enrgy,HiTec,Telcm,Shops,Hlth,Utils,Other",2021-05,2022-04,0.09707118751110146,0.08975902425546191,0.09831455130355839,0.11404409007479917,0.09661726104718861,0.1072253251494997,0.0946337997592216,0.09962699086226291,0.1034162900392745,0.09929147999763169,0.1,0.1,0.1,0.1,0.1,0.1,0.1,0.1,0.1,0.1,-0.0038899039918081635,-0.01183970777969374,-0.00944976676673191,-0.01654959153327123,-0.008129799345347138,-0.006629836366500801,-0.007729809217654782,-0.002019950144846398,-0.006539838587770022,-0.009959754179539667
2022-07,736.0895058015739,0.09482244757498015,1.6031954458991673e-05,0.016031954458991672,"NoDur,Durbl,Manuf,Enrgy,HiTec,Telcm,Shops,Hlth,Utils,Other",2021-06,2022-05,0.10477945184571441,0.09611233456162918,0.09871792076401456,0.09097747639709569,0.10015698929420228,0.1017922944421429,0.10059307066698646,0.10681813226348036,0.10189041275101933,0.09816191701371475,0.1,0.1,0.1,0.1,0.1,0.1,0.1,0.1,0.1,0.1,0.004129933788028084,0.027649556716459207,0.008329866453819355,0.010489831824797725,0.011669812907091464,-2.9999519041366228e-05,0.014699764330269453,0.0027699555914861484,0.006269899479645541,0.008859857956883493
2022-08,716.5362998369937,-0.02656362549726532,2.426961278882159e-05,0.024269612788821584,"NoDur,Durbl,Manuf,Enrgy,HiTec,Telcm,Shops,Hlth,Utils,Other",2021-07,2022-06,0.09510978773154068,0.11659237879507507,0.09894596470717182,0.1009188557232107,0.10199663877826896,0.09131014577472508,0.10476416645354572,0.0938675970918125,0.09706441123817178,0.09943005370647767,0.1,0.1,0.1,0.1,0.1,0.1,0.1,0.1,0.1,0.1,-0.0018199558293047243,-0.0057898594789419534,-0.0034899152990513676,0.0033499186967971576,-0.005369869672179324,-0.002869930346211296,-0.003099924764200355,-0.005039877681151544,0.00010999733034259324,-0.002519938840575772
2022-09,651.812222762726,-0.09032909719855353,1.0000438125192915e-05,0.010000438125192915,"NoDur,Durbl,Manuf,Enrgy,HiTec,Telcm,Shops,Hlth,Utils,Other",2021-08,2022-07,0.10085673782179032,0.09677850142789635,0.09914120765105909,0.10616769050603003,0.09720995212951739,0.09977811106773776,0.09954184044542148,0.09754894910936247,0.10283935652209644,0.10013765331908861,0.1,0.1,0.1,0.1,0.1,0.1,0.1,0.1,0.1,0.1,-0.008369916296332892,-0.006549934497130281,-0.011539884594944035,-0.009249907495947342,-0.011489885094965941,-0.013859861393927588,-0.0076299236966571055,-0.0019199807991587996,-0.011609883894913369,-0.008099918996451188
2022-10,705.7268805343356,0.08271501498252154,1.3840031659484653e-05,0.01384003165948465,"NoDur,Durbl,Manuf,Enrgy,HiTec,Telcm,Shops,Hlth,Utils,Other",2021-09,2022-08,0.10072772843197607,0.10272843197607949,0.09724298654471901,0.09976035528977222,0.09729795092779878,0.09469263916981795,0.10154120130155658,0.10781813384926567,0.09716603640840735,0.10102453610060678,0.1,0.1,0.1,0.1,0.1,0.1,0.1,0.1,0.1,0.1,0.009959862153284673,-0.006619908378990414,0.01220983101321344,0.02345967531285727,0.005059929969439803,0.010599853295664409,0.004339939934262598,0.008779878484522028,0.0034499522518907757,0.011489840978036233
2022-11,731.6300752074617,0.03670427666509424,2.4811990494995837e-05,0.02481199049499584,"NoDur,Durbl,Manuf,Enrgy,HiTec,Telcm,Shops,Hlth,Utils,Other",2021-10,2022-09,0.10155809851024723,0.08624495488256535,0.10363617891810514,0.11402658095739471,0.09703250117757888,0.10214919693737126,0.09636751544706436,0.10046826078523731,0.095545519196845,0.10297119318759063,0.1,0.1,0.1,0.1,0.1,0.1,0.1,0.1,0.1,0.1,0.005309868248330471,-0.008079799519116802,0.009019776195845736,0.0010399741955298852,0.0053698667596110425,0.0021799459098607215,0.0037899059625560246,0.005349867255850852,0.00684983003786511,0.005899853609256081
2022-12,681.7151440882052,-0.06822427454899604,1.5319491512049482e-05,0.015319491512049479,"NoDur,Durbl,Manuf,Enrgy,HiTec,Telcm,Shops,Hlth,Utils,Other",2021-11,2022-10,0.10157900321202241,0.08866339355473461,0.10515756272124856,0.09746028377687538,0.10163687748979967,0.09855989505464298,0.10011285484166563,0.10161758606387393,0.10306444300830496,0.10214810027683197,0.1,0.1,0.1,0.1,0.1,0.1,0.1,0.1,0.1,0.1,-0.0026299597097373235,-0.02806956998187326,-0.002359963846000032,-0.004239935045355989,-0.00794987821004248,-0.006819895521067888,-0.007939878363237396,-0.0017199736504745994,-0.0011199828421695067,-0.005359917887525496
2023-01,733.1525110517964,0.07545287413614488,2.5222099765041507e-05,0.025222099765041507,"NoDur,Durbl,Manuf,Enrgy,HiTec,Telcm,Shops,Hlth,Utils,Other",2021-12,2022-11,0.10449779456744546,0.07719550542504214,0.10478755942862664,0.10276993743225406,0.0987883535989869,0.10000107320318957,0.09879908563088251,0.10547440946994495,0.10611833138368089,0.101567949859947,0.1,0.1,0.1,0.1,0.1,0.1,0.1,0.1,0.1,0.1,-0.000369990667823087,0.029039267550222823,0.005919850685169392,0.002749930639225646,0.009579758372284251,0.013559657988327187,0.00974975408452729,-0.0010499735167952468,-0.0012199692290382866,0.007519810329809766
2023-02,716.0049401875581,-0.02338881829598871,2.9507593369796075e-05,0.029507593369796074,"NoDur,Durbl,Manuf,Enrgy,HiTec,Telcm,Shops,Hlth,Utils,Other",2022-01,2022-12,0.09263770595455051,0.11998363521404395,0.09848625729906645,0.09553873619221184,0.10188938892401532,0.10559006211180123,0.1020474578792725,0.09200543013352178,0.09184736117826457,0.09997396511325174,0.1,0.1,0.1,0.1,0.1,0.1,0.1,0.1,0.1,0.1,-0.0021699359685223873,0.0109796760066248,-0.0018499454109522661,-0.006899796397605749,-0.00019999409848132604,-0.006499808200643097,-0.004669862199538963,-0.004289873412424444,-0.005319843019603273,-0.0024399280014721775
2023-03,728.6447337243753,0.017653221126527674,1.6487538664220098e-05,0.0164875386642201,"NoDur,Durbl,Manuf,Enrgy,HiTec,Telcm,Shops,Hlth,Utils,Other",2022-02,2023-01,0.10016997051114024,0.11363450196592398,0.10049762450851901,0.09532683486238533,0.10218709043250329,0.09573640235910878,0.09761017365661862,0.0979992627785059,0.09694462647444299,0.09989351245085192,0.1,0.1,0.1,0.1,0.1,0.1,0.1,0.1,0.1,0.1,0.003169947734502435,-0.000639989447975255,0.00036999389961069425,-0.0004299929103583745,0.010469827375470187,-9.999835124613359e-05,0.003399943942368542,0.0024899589460287267,0.0039499348742222775,-0.005009917397431293
2023-04,729.3774549378779,0.0010055946054223774,1.4390716047441704e-05,0.014390716047441701,"NoDur,Durbl,Manuf,Enrgy,HiTec,Telcm,Shops,Hlth,Utils,Other",2022-03,2023-02,0.10137863944107618,0.09763479320408384,0.09862725637976946,0.09784114693368183,0.10855188813662581,0.09816541708019298,0.10160464590682639,0.10071044641190169,0.10214509615101162,0.09334067035483015,0.1,0.1,0.1,0.1,0.1,0.1,0.1,0.1,0.1,0.1,0.0031699543814301297,-0.015259780397673114,-0.000589991509477532,0.0025799628719525977,0.0002399965462281486,0.000989985753191113,0.002249967620888893,0.004119940710249885,0.0017199752479683983,0.001799974096711115
2023-05,715.0774788138046,-0.019605728182661264,1.604245434186485e-05,0.016042454341864847,"NoDur,Durbl,Manuf,Enrgy,HiTec,Telcm,Shops,Hlth,Utils,Other",2022-04,2023-03,0.10306487382869473,0.08465365327366087,0.0993087051207768,0.1024754750154842,0.1001378593834289,0.1008870951629338,0.10214581127250204,0.1040139058160676,0.10161635132165192,0.1016962698047991,0.1,0.1,0.1,0.1,0.1,0.1,0.1,0.1,0.1,0.1,-0.005419913049897467,0.013549782624743668,-0.005539911124802946,-0.00950984743625921,0.008549862837015379,-0.009409849040504644,0.0005199916579237422,-0.003659941284617109,-0.005829906472491188,-0.002839954439429669
2023-06,770.6094531198328,0.07765868168320234,2.9060598871545666e-05,0.029060598871545665,"NoDur,Durbl,Manuf,Enrgy,HiTec,Telcm,Shops,Hlth,Utils,Other",2022-05,2023-04,0.09646984424883466,0.11581889209616386,0.09634744647647413,0.09229812017421282,0.11071898491447456,0.09240011831784661,0.10252853398068154,0.09826501157678931,0.09605165185993615,0.09910139635458634,0.1,0.1,0.1,0.1,0.1,0.1,0.1,0.1,0.1,0.1,0.0028499171772932166,0.024659283365631834,0.010679689632804051,0.00653980994368338,0.00590982825186067,0.004619865740033214,0.007819772746116825,0.004659864577609259,0.0025099270578968326,0.007439783789144397
2023-07,794.6147141901015,0.031151007781026863,1.841812598610106e-05,0.01841812598610106,"NoDur,Durbl,Manuf,Enrgy,HiTec,Telcm,Shops,Hlth,Utils,Other",2022-06,2023-05,0.09543560764227188,0.11567333834405068,0.10270114782544144,0.09885959784353571,0.09827501415063701,0.09707800944613014,0.10004732344180607,0.09711512587107608,0.09512011803023132,0.09969471740481956,0.1,0.1,0.1,0.1,0.1,0.1,0.1,0.1,0.1,0.1,0.002299957638310232,0.0027599491659722787,0.0031899412461781043,0.007459862600780145,0.0042199222755083384,0.0009499825027803133,0.0022599583750352713,-0.00011999778982488167,0.0027699489817910182,0.005379900910482196
2023-08,779.2171471494089,-0.019377399846397636,7.546012663103288e-06,0.007546012663103288,"NoDur,Durbl,Manuf,Enrgy,HiTec,Telcm,Shops,Hlth,Utils,Other",2022-07,2023-06,0.09920769611218326,0.09965379132441791,0.10007079337063725,0.10421172066681539,0.10106965873716266,0.09789850364149463,0.09916890522416287,0.09686084738694883,0.09966348904642301,0.10219459448975438,0.1,0.1,0.1,0.1,0.1,0.1,0.1,0.1,0.1,0.1,-0.003779971476072134,-0.004349967174844916,-0.002379982040489862,0.001969985134355054,-0.0016399876245392327,0.00015999879263797393,-0.00038999705705506147,-0.00022999826441708754,-0.005359959553372128,-0.003369974569937326
2023-09,748.7035005980476,-0.03915936226889849,9.74373616960526e-06,0.009743736169605258,"NoDur,Durbl,Manuf,Enrgy,HiTec,Telcm,Shops,Hlth,Utils,Other",2022-08,2023-07,0.09812059594342412,0.09753933695685427,0.09954824959464834,0.10398417343952358,0.10030286652458113,0.10213842121901226,0.10157755728460277,0.10174071770188553,0.09650938682275681,0.09853869451271123,0.1,0.1,0.1,0.1,0.1,0.1,0.1,0.1,0.1,0.1,-0.00459995517881362,-0.0025799748611606828,-0.0070699311117852805,0.003139969404668428,-0.0060199413427082585,-0.003199968820044258,-0.00565994485045328,-0.004699954204440003,-0.005049950794132343,-0.0034099667738596616
2023-10,720.125773281437,-0.03816961893965154,1.0000561061654153e-05,0.010000561061654152,"NoDur,Durbl,Manuf,Enrgy,HiTec,Telcm,Shops,Hlth,Utils,Other",2022-09,2023-08,0.09928708955612217,0.10138939480668158,0.09671644897746787,0.10734245719935473,0.09780923140968933,0.10074413279908415,0.09818389967216527,0.09918301503876775,0.09881875422802726,0.10052557631263985,0.1,0.1,0.1,0.1,0.1,0.1,0.1,0.1,0.1,0.1,-0.003689963097929683,-0.017899820989956995,-0.0026999729984851337,-0.006109938896571914,-0.0017699822990069208,-0.00012999869992706199,0.00039999599977557536,-0.004589954097424727,0.0010199897994277172,-0.0026899730984907442
2023-11,774.5894721633736,0.07563081464750088,1.7836054942835837e-05,0.017836054942835838,"NoDur,Durbl,Manuf,Enrgy,HiTec,Telcm,Shops,Hlth,Utils,Other",2022-10,2023-09,0.10013099891873908,0.08535723197205357,0.10116027613740332,0.0976149879397821,0.10212717291857273,0.10383223821009732,0.10438326540796806,0.09919529235631706,0.10502786326208102,0.10117067287698578,0.1,0.1,0.1,0.1,0.1,0.1,0.1,0.1,0.1,0.1,0.004939911889888584,0.015769718725413554,0.008689845004682548,-0.0013399760996863769,0.012059784897177392,0.006959875861057598,0.007169872115486061,0.005799896550881332,0.005149908144317045,0.010449813613225849
2023-12,809.185560311206,0.04466377273526323,1.5533239591952135e-05,0.015533239591952132,"NoDur,Durbl,Manuf,Enrgy,HiTec,Telcm,Shops,Hlth,Utils,Other",2022-11,2023-10,0.09755961511644123,0.10762794589318088,0.1010458792358109,0.09172128480453678,0.10417886859108445,0.09943754938874169,0.0996327801794264,0.09835913168781667,0.09775484590712592,0.10268209919583508,0.1,0.1,0.1,0.1,0.1,0.1,0.1,0.1,0.1,0.1,0.003569944546334657,0.00658989763595109,0.0063299016745933835,0.0001699973593492694,0.0046199282364330855,0.0022499650502109184,0.0058899085092188035,0.006909892665314421,0.0017299731274955062,0.006619897169953902
2024-01,800.5114028902863,-0.01071961469206606,9.71878020210031e-06,0.009718780202100308,"NoDur,Durbl,Manuf,Enrgy,HiTec,Telcm,Shops,Hlth,Utils,Other",2022-12,2023-11,0.09914040663169582,0.10203124401730673,0.10178236397748593,0.09588582149557759,0.10014549910020293,0.09787686181414404,0.10136118237163534,0.1023375579124708,0.09737910173450243,0.10205996094497836,0.1,0.1,0.1,0.1,0.1,0.1,0.1,0.1,0.1,0.1,-0.001939981145566408,-0.017929825742270977,-0.0011599887262149654,-0.00010999893093417778,0.0031099697745935718,0.004569955585174477,0.0012399879487125494,0.003519965789893689,-0.003009970746471592,0.000999990281219798
2024-02,834.0922077519293,0.04194918990584995,1.9971874574270178e-05,0.019971874574270174,"NoDur,Durbl,Manuf,Enrgy,HiTec,Telcm,Shops,Hlth,Utils,Other",2023-01,2023-12,0.09912159225302995,0.0829584853784027,0.09991003649081664,0.10097140373399104,0.10422626327972587,0.10570206916071122,0.10233601876092956,0.10464070191753681,0.09804000849093794,0.10209342053391826,0.1,0.1,0.1,0.1,0.1,0.1,0.1,0.1,0.1,0.1,0.0016899662475319695,0.00720985600278432,0.00532989354990852,0.003089938286907566,0.006219875774940148,-0.002719945676501159,0.009479810666629038,0.004629907530220722,0.002389952267219768,0.0046499071307832315
2024-03,862.4244478337014,0.03396775538538366,1.1842216113124493e-05,0.011842216113124493,"NoDur,Durbl,Manuf,Enrgy,HiTec,Telcm,Shops,Hlth,Utils,Other",2023-02,2024-01,0.09759398063283971,0.1028916379550275,0.10108736335978963,0.0989375893739743,0.10194151463093946,0.0933616130982658,0.10507020355672429,0.10041555898922233,0.098265785003407,0.10043475339980998,0.1,0.1,0.1,0.1,0.1,0.1,0.1,0.1,0.1,0.1,0.0029599649470403054,-0.005589933802011928,0.004479946946871815,0.010289878143596196,0.0023599720523699735,0.0030899634075522106,0.0026699683812829783,0.0021899740655467125,0.0070399166307985655,0.004489946828449653
2024-04,835.3340545049102,-0.0314119032650787,1.22891442069163e-05,0.012289144206916297,"NoDur,Durbl,Manuf,Enrgy,HiTec,Telcm,Shops,Hlth,Utils,Other",2023-03,2024-02,0.09957639412754597,0.09130737538443684,0.10104644190409873,0.10666550610263253,0.09899611211048569,0.09970212189790904,0.09929592448596684,0.0988316988723186,0.10352231184355595,0.10105611327104973,0.1,0.1,0.1,0.1,0.1,0.1,0.1,0.1,0.1,0.1,-0.0013599832867638789,-0.0009499883253130034,-0.0039299517036632675,-0.0006399921349477077,-0.004409945804874048,-0.006529919751888329,-0.004719941995239344,-0.005869927862723507,0.0015799805831521534,-0.004569943838610976
2024-05,861.7624224789939,0.03163808279042013,1.155160139571426e-05,0.011551601395714258,"NoDur,Durbl,Manuf,Enrgy,HiTec,Telcm,Shops,Hlth,Utils,Other",2023-04,2024-03,0.10183770390253974,0.10226099525087756,0.09918438984100764,0.10258104480693785,0.09868882923807556,0.09650010324179227,0.09836877968201527,0.09718149907082387,0.10487301259549865,0.09852364237043156,0.1,0.1,0.1,0.1,0.1,0.1,0.1,0.1,0.1,0.1,0.00095998891046266,-0.0007799909897509115,0.003119963959003646,-0.00044999480177937195,0.008099906432028695,0.0037399567970107803,0.002469971467544553,0.003199963034875534,0.008029907240640791,0.0032599623417794497
2024-06,869.6128406603716,0.009109724416614506,1.0182717006736785e-05,0.010182717006736782,"NoDur,Durbl,Manuf,Enrgy,HiTec,Telcm,Shops,Hlth,Utils,Other",2023-05,2024-04,0.09786264721562546,0.09617602869190132,0.09995638055542093,0.09649590461881452,0.10478359908883828,0.10055735956962149,0.099326321911501,0.10003392623467261,0.10471574661949304,0.10009208549411137,0.1,0.1,0.1,0.1,0.1,0.1,0.1,0.1,0.1,0.1,-0.002099978616294286,0.00612993757994475,-0.0018999806528376875,-0.0021499781071584356,0.00756992291683226,-0.0005999938903697962,0.0035299640550089666,0.0029299701646391713,-0.004159957639897253,-0.00012999867624678915
2024-07,902.4955283294173,0.037813019922837254,1.6361135410162814e-05,0.016361135410162812,"NoDur,Durbl,Manuf,Enrgy,HiTec,Telcm,Shops,Hlth,Utils,Other",2023-06,2024-05,0.09701522118281275,0.10517084192167432,0.09721341366735373,0.09696567306167748,0.10659782781036943,0.09850166481687013,0.1025943396226415,0.10199976216901854,0.09497383859204059,0.09896741715554146,0.1,0.1,0.1,0.1,0.1,0.1,0.1,0.1,0.1,0.1,0.004769921957384093,0.011579810538051951,0.0034299438813055437,0.001989967441340534,-0.0017499713680130325,0.003849937009628671,0.0005299913285982327,0.0008299864202576096,0.00638989545234473,0.006209898397349103
2024-08,916.6253696761171,0.015656411475916343,1.3378877080061287e-05,0.013378877080061285,"NoDur,Durbl,Manuf,Enrgy,HiTec,Telcm,Shops,Hlth,Utils,Other",2023-07,2024-06,0.1009510228072035,0.10751279111222456,0.0996598672229556,0.09827235674436083,0.09466868369578833,0.1000645577792124,0.09686557528689671,0.09715463996993728,0.10251197209562261,0.10233853328579827,0.1,0.1,0.1,0.1,0.1,0.1,0.1,0.1,0.1,0.1,0.004099945146603971,-0.005129931366360579,0.0016299781924303594,-0.0029199609336789264,0.0013499819385159421,0.0012399834101924207,0.0013599818047271713,0.0064099142413979165,0.0045799387247429735,0.0030499591944249055
2024-09,945.0021526527571,0.030957885211781555,1.1750863961719846e-05,0.011750863961719846,"NoDur,Durbl,Manuf,Enrgy,HiTec,Telcm,Shops,Hlth,Utils,Other",2023-08,2024-07,0.10249392026937883,0.093406322919846,0.10006202802091228,0.09558222651057921,0.09978634792796871,0.09967804503431231,0.09979619364557384,0.10476828103616331,0.10296651471442496,0.1014601199208404,0.1,0.1,0.1,0.1,0.1,0.1,0.1,0.1,0.1,0.1,0.0009799884841533175,0.014269832315171265,0.0024999706228400957,-0.0031499629847785205,0.0029699650999340335,0.005559934665196373,0.0036599569918379002,-0.0018399783784103104,0.005339937250386444,0.0006799920094125061
2024-10,934.9324206174136,-0.010655776822387386,1.5946493073904748e-05,0.015946493073904746,"NoDur,Durbl,Manuf,Enrgy,HiTec,Telcm,Shops,Hlth,Utils,Other",2023-09,2024-08,0.09794659398430604,0.11083736675169985,0.09942093368381232,0.09394065782709485,0.09987681503826493,0.10238901228939734,0.1005460876650145,0.09521130585759043,0.10217562101710038,0.09765560588571925,0.1,0.1,0.1,0.1,0.1,0.1,0.1,0.1,0.1,0.1,-0.0025899586985829387,-0.0031399499280117486,-0.004019935895097843,-0.0005399913888937402,-0.00021999649177152376,0.0023699622068114154,-0.0011399818209978957,-0.0031499497685468177,0.000689988996919779,0.001099982458857619
2024-11,1013.5419546540022,0.08408044507075307,8.813778604350281e-06,0.008813778604350283,"NoDur,Durbl,Manuf,Enrgy,HiTec,Telcm,Shops,Hlth,Utils,Other",2023-10,2024-09,0.0984575887442387,0.09790167380933128,0.09701220991347942,0.10052963531980269,0.1008530767364761,0.10347093070267648,0.09992318266354006,0.09789156626506024,0.10177286326514108,0.1021872725802539,0.1,0.1,0.1,0.1,0.1,0.1,0.1,0.1,0.1,0.1,0.0015299865149187356,0.029709738142637672,0.006349944032505863,0.006539942357887928,0.004949956371795909,0.009179919089512413,0.009949912302902887,-0.0005099955049729119,0.006209945266434869,0.01017991027573381
2024-12,973.5349309388212,-0.039472489058273275,2.3412688848540843e-05,0.02341268884854084,"NoDur,Durbl,Manuf,Enrgy,HiTec,Telcm,Shops,Hlth,Utils,Other",2023-11,2024-10,0.09365458587386656,0.11964873765093303,0.09810071119556493,0.09827597339704267,0.09680930550046582,0.10071119556494387,0.10142146869724838,0.09177282328957928,0.09797157062605502,0.10163362820430037,0.1,0.1,0.1,0.1,0.1,0.1,0.1,0.1,0.1,0.1,-0.0050398820000482035,0.011009742226295778,-0.007809817146900094,-0.00897978975405414,0.0014299665198549466,-0.007959813634996767,-0.001859956452398742,-0.005379874039733995,-0.00777981784928076,-0.007079834238162953
2025-01,1002.9901674155103,0.030255962616856813,2.333092280091692e-05,0.02333092280091692,"NoDur,Durbl,Manuf,Enrgy,HiTec,Telcm,Shops,Hlth,Utils,Other",2023-12,2024-11,0.09886002810889594,0.11556920514288689,0.09597626359897973,0.0947582114413617,0.10559575243350164,0.09582010306595179,0.10217063140908854,0.09850606423403258,0.09600749570558532,0.09673624485971578,0.1,0.1,0.1,0.1,0.1,0.1,0.1,0.1,0.1,0.1,0.0006599846015909515,0.00042998996770319566,0.0038199108758749,0.0014299666367803947,0.00026999370065084377,0.0013699680366357628,0.006709843449508005,0.006349851848640215,0.0029199318737054216,0.0063198525485678985
2025-02,993.4711297240312,-0.009490659032089566,1.076104681336037e-05,0.010761046813360368,"NoDur,Durbl,Manuf,Enrgy,HiTec,Telcm,Shops,Hlth,Utils,Other",2024-01,2024-12,0.09770159568272703,0.09747835539853243,0.10076872306557441,0.09844896532981326,0.0973230578095275,0.09839072873393641,0.10357378576697596,0.10322436619171488,0.09989517412742167,0.10319524789377646,0.1,0.1,0.1,0.1,0.1,0.1,0.1,0.1,0.1,0.1,0.005529940491411122,-0.022799754648132657,-0.0018399801996738633,0.0029699680396909644,-0.003949957493865087,0.009399898846159955,-0.0037499596460744498,0.003499962336336154,0.002019978262685437,-0.0005599939738137847
2025-03,957.8176459774081,-0.03588779047512636,2.882410762580116e-05,0.028824107625801156,"NoDur,Durbl,Manuf,Enrgy,HiTec,Telcm,Shops,Hlth,Utils,Other",2024-02,2025-01,0.10653999919234343,0.07793886039655938,0.09909946290837136,0.10395549812219845,0.0969692686669628,0.11044703791947665,0.0971711828130679,0.1044905706093769,0.10299640592819934,0.10039171344344384,0.1,0.1,0.1,0.1,0.1,0.1,0.1,0.1,0.1,0.1,0.00040998818211587334,-0.009989712047164818,-0.0045498688503103025,0.0038498890271856405,-0.009149736259415224,-0.0013399613756957813,-0.00734978814280895,-0.004159880091712276,0.0007599780936782043,-0.004339874903372904
2025-04,941.2776964114863,-0.017268370065414262,1.8692511233038748e-05,0.018692511233038746,"NoDur,Durbl,Manuf,Enrgy,HiTec,Telcm,Shops,Hlth,Utils,Other",2024-03,2025-02,0.10414462629908519,0.09335781110627088,0.09900014520712759,0.10771257286286223,0.09422905387184433,0.10232953720414048,0.09609600265521605,0.09940465077685814,0.10450764411807413,0.09921795589852096,0.1,0.1,0.1,0.1,0.1,0.1,0.1,0.1,0.1,0.1,-0.0005999887844932603,0.0058898899011088374,-0.0021699594372506245,-0.014029737744067398,0.0011199790643874191,-0.004899908406694959,0.0009499822421143286,-0.0006599876629425863,-0.0013199753258851725,-0.0015299714004578136
2025-05,990.7446068911894,0.05255294018788503,1.6207769663828458e-05,0.016207769663828458,"NoDur,Durbl,Manuf,Enrgy,HiTec,Telcm,Shops,Hlth,Utils,Other",2024-04,2025-03,0.1011447468837446,0.10774866446196896,0.09954718901042993,0.08747901297379801,0.10289493767489188,0.09676926990587637,0.10272195370134826,0.10108369371661156,0.10041210887814805,0.10019842279318239,0.1,0.1,0.1,0.1,0.1,0.1,0.1,0.1,0.1,0.1,0.0012199802265210101,0.01885969432146414,0.006819889463010893,0.0017799711501699986,0.010669827063097688,0.0038599374380090977,0.005579909560645277,-0.003949935979309828,0.0034299444073500537,0.004299930306590445
2025-06,1015.0472317350965,0.024529656457243032,1.985607608900035e-05,0.019856076089000353,"NoDur,Durbl,Manuf,Enrgy,HiTec,Telcm,Shops,Hlth,Utils,Other",2024-05,2025-04,0.0961646256305994,0.11292360603095279,0.10148493686880682,0.09669665675442013,0.10514265084507443,0.09867277235718289,0.10030686795177517,0.09125283829104001,0.09826424845853482,0.09909079681161348,0.1,0.1,0.1,0.1,0.1,0.1,0.1,0.1,0.1,0.1,-0.0007399853065036941,-0.0058398840405156395,0.003689926731079232,0.005129898138329663,0.009079819706829112,0.0036299279224437965,0.0024099521468566253,0.0020099600892870607,0.00100997994536315,0.004169917200162709
2025-07,1023.1237516849347,0.007956792252940215,1.310331364989508e-05,0.013103313649895077,"NoDur,Durbl,Manuf,Enrgy,HiTec,Telcm,Shops,Hlth,Utils,Other",2024-06,2025-05,0.09688155775706409,0.091903762627495,0.10120540725196428,0.10261090234737202,0.10646625347713631,0.10114684495632228,0.09995607827826851,0.09956566297398858,0.09858962471328876,0.1016739056171002,0.1,0.1,0.1,0.1,0.1,0.1,0.1,0.1,0.1,0.1,-0.0018899752347372016,-0.0011599848001561661,0.0021299720899419254,0.0035299537453028157,0.005649925966277878,-0.003359955972866136,0.0021699715658093795,-0.0012799832277585281,0.0033699558418329996,-0.0011899844070567566
2025-08,1053.5891608260242,0.02977685650530293,1.2763276684821973e-05,0.012763276684821972,"NoDur,Durbl,Manuf,Enrgy,HiTec,Telcm,Shops,Hlth,Utils,Other",2024-07,2025-06,0.09733424605891049,0.09805847396251874,0.10132245999384902,0.10271139021994703,0.10481462741946686,0.09587586932150759,0.10136214371459468,0.09793942280028176,0.10255265533696441,0.09802871117195948,0.1,0.1,0.1,0.1,0.1,0.1,0.1,0.1,0.1,0.1,0.0030499610720061115,0.008039897383255454,0.001359982641943709,0.004409943713949821,0.0009599877472543826,0.003799951499548598,0.0008099896617458855,0.004729939629701281,-0.0015899797063900715,0.0042199461389723905
2025-09,1090.569686646494,0.03509956935346281,1.007684839022556e-05,0.010076848390225558,"NoDur,Durbl,Manuf,Enrgy,HiTec,Telcm,Shops,Hlth,Utils,Other",2024-08,2025-07,0.10006894609580592,0.1049145942376601,0.09842783480127015,0.10138960370560988,0.09803940609250429,0.10079724992474193,0.09789374532671709,0.10170034667262257,0.09556317307412189,0.10120510006894609,0.1,0.1,0.1,0.1,0.1,0.1,0.1,0.1,0.1,0.1,-0.0030599691648439263,0.02510974697033692,0.002719972590972379,-0.0007499924423637074,0.0070799286559133975,-0.001129988613161319,-0.0011499884116243511,0.0020299795439977677,0.003979959894143407,0.00027999717848245075
2025-10,1095.5373669354617,0.0045551241243861895,2.476246353071164e-05,0.02476246353071164,"NoDur,Durbl,Manuf,Enrgy,HiTec,Telcm,Shops,Hlth,Utils,Other",2024-09,2025-08,0.09365188240863291,0.12086638135077432,0.09923583000840491,0.09588352928674247,0.10344794273072427,0.09551641854488896,0.09549709692689666,0.09856923418767088,0.10045309194191922,0.09687859261334546,0.1,0.1,0.1,0.1,0.1,0.1,0.1,0.1,0.1,0.1,-0.003349917045747172,0.0025599366080933613,0.002759931655600655,-0.0008099799424045403,0.005599861330204228,-0.005849855139588345,0.0017399569133134565,0.004279894016656089,0.0004399891045160465,-0.0027899309127267496
2025-11,1112.4362407542699,0.015425191626351697,1.458320890322324e-05,0.014583208903223236,"NoDur,Durbl,Manuf,Enrgy,HiTec,Telcm,Shops,Hlth,Utils,Other",2024-10,2025-09,0.09620936112604274,0.10209241673137033,0.10229150490752355,0.0987377809631886,0.10511855700889924,0.09372075892412751,0.10127615520914214,0.10380457504628801,0.09998208206414622,0.09676680801927173,0.1,0.1,0.1,0.1,0.1,0.1,0.1,0.1,0.1,0.1,0.0052599232923211696,-0.0037099458962949693,-0.0002899957708694181,0.0023699654377949,-0.002519963250313564,-0.0014499788543470905,0.0002799959167015072,0.010859841626351311,0.002899957708694181,0.0017399746252165086
2025-12,1114.7999361974096,0.0021247918366422702,1.5175687386748602e-05,0.0151756873867486,"NoDur,Durbl,Manuf,Enrgy,HiTec,Telcm,Shops,Hlth,Utils,Other",2024-11,2025-10,0.10365949736075,0.09482588828488142,0.09819388639407546,0.10081344047900416,0.09599779405971794,0.09705152446230204,0.09875521941227447,0.10917434806586307,0.10133538170645237,0.10019301977467894,0.1,0.1,0.1,0.1,0.1,0.1,0.1,0.1,0.1,0.1,-0.0008599869489088473,0.004389933378732371,0.0014699776917395414,-0.0007999878594500906,-0.0006299904393169464,0.003709943698199795,-0.0013199799680926494,-0.0015299767811982983,-0.004269935199814858,0.0019799699521389743
