month,NoDur,Durbl,Manuf,Enrgy,HiTec,Telcm,Shops,Hlth,Utils,Other
1960-01,0.1953952298705739,0.15645194632944115,0.14663161452517248,-0.11209169780092887,0.2744501378962414,0.11339188924955046,0.15881324654109052,0.31827843533098177,0.015530066495130335,0.006693286353528505
1960-02,0.16568595626431182,0.22952670787588758,0.1622173404096796,-0.07914076787154356,0.34796106832920115,0.1179993236868262,0.14974339699332484,0.30421750615558585,0.024456701153704907,0.006397490089173896
1960-03,0.09360150289664193,0.11390981601851169,0.027187939864156574,-0.07983710735786731,0.15643906775061556,0.07631157472997452,0.05655425853268703,0.17540280059959534,-0.009334384979549748,-0.0556122609216273
1960-04,0.12271623031447065,0.10229836869031561,0.03470445145297796,-0.13028660998950958,0.19056831610991232,0.17249583186054807,0.11984221320326083,0.1309799033874861,0.0016795086152270322,-0.048761977099982756
1960-05,0.07454221091839308,-0.036370725780143,-0.04197711104310531,-0.15174940232975453,0.11591076770021669,0.12273116793299965,0.10396105516689391,0.026804054160960877,0.03085759079194239,-0.08813642002924293
1960-06,0.07655704384126372,-0.0984694471869545,-0.11176868719200739,-0.18009578777436341,0.06982689908655981,0.1222774933525641,0.07225656614097553,0.055035197669682345,0.05670720479764557,-0.10390351363104267
1960-07,0.12801831297737598,-0.10612021565631446,-0.08914194166431544,-0.18658557234892903,0.18359459498013164,0.17243387879865435,0.08137813857221299,0.12560181079711952,0.09702138986356768,-0.112578556174178
1960-08,0.13487126897714208,-0.16902072985480499,-0.10723089953736586,-0.19766772394516607,0.19537751777734558,0.16136218710025751,0.0993799289714763,0.0729433338742067,0.1176262031002655,-0.09199631484315896
1960-09,0.1284911072400956,-0.19375708329949404,-0.12788716146836343,-0.16577325556301736,0.17453503798020198,0.15547515086706842,0.0579309386937541,0.0696053373983978,0.09104756535138403,-0.08419511717995198
1960-10,0.21912031554247835,-0.12667564753006433,-0.06677319361671485,-0.067107056656033,0.23999127992149072,0.24962584217863193,0.11467529329267356,0.15310319750882484,0.18994335616786584,-0.015239947152204114
1960-11,0.13408726077824373,-0.16576916219400106,-0.14461877419256364,-0.08702647893384019,0.07805300169969942,0.16019062642547222,0.012346620586317414,0.028486025685025673,0.1264891460758537,-0.07414882369344811
1960-12,0.1386796141305311,-0.1760415010717804,-0.1710695489606574,-0.06108295985946288,-0.044944346539273816,0.17628317637184154,-0.008525485818188572,-0.06022357187216598,0.11818633762868114,-0.07703338514726743
1961-01,0.22236801015079322,-0.2219562671778984,-0.14932391849094873,-0.06873913296114598,-0.011699322825692082,0.17459214247826527,0.03241580693727375,-0.005454258068540163,0.1357024737184196,-0.03543794644517506
1961-02,0.3215336268683242,-0.12771163625179438,-0.0344329573787423,0.060227912517423876,0.12875090088980112,0.30967896540221407,0.11920746758619316,0.1283982985255252,0.23359186177176383,0.052644377431650735
1961-03,0.3529803769249227,-0.03332821542487674,0.024275517399005686,0.20541346258454962,0.10217945111090487,0.303878043529066,0.10546168406565659,0.1926307208620892,0.2598793598478577,0.13476706340851474
1961-04,0.4630412616286237,0.05149061193953752,0.1157116211294924,0.22400502102965425,0.11378248153877424,0.31142770176253776,0.15913345014516822,0.2346462491113146,0.28315772050155763,0.22707646844379226
1961-05,0.5110310902458743,0.1049037284659795,0.17515764302858639,0.2963662955129196,0.13871294894289532,0.4244795289079084,0.23000359193012865,0.2607602622504128,0.2912581440675568,0.2849000738937679
1961-06,0.3992604623369522,0.09355540701763299,0.11632055710764799,0.407049730131368,0.04443520866985029,0.38973612576381345,0.19959338096036117,0.10511905868059146,0.29583797590858474,0.28900150056355356
1961-07,0.3905427464305111,0.098762813717717,0.1482718979277844,0.3609771078465682,0.05895126233396564,0.3801132664885798,0.2027131094602579,0.13212717670123086,0.2544280075000469,0.3064323020596462
1961-08,0.38422528821856017,0.08837314421872655,0.162529447578599,0.2971855294052992,0.06823642997864754,0.32330940377196704,0.24723048303446493,0.13730907577278528,0.24428404302011142,0.27529838146497876
1961-09,0.36197597244926083,0.1162397029837472,0.17144560263377406,0.2745065893138714,0.07488914795894153,0.31490822372748095,0.23912765724533358,0.1487409909484072,0.22698906734546465,0.2524169732047692
1961-10,0.48285557149534775,0.19955530422426437,0.2910348751057461,0.28956893991485333,0.2305814294974231,0.4010308676207426,0.3967069303258719,0.3070578365458101,0.33361674255190743,0.3970492196331885
1961-11,0.45937143348524057,0.2726277487649884,0.24540605492125556,0.17826461040062447,0.2747170115166071,0.3608774964396808,0.3978217318266808,0.33766555295440526,0.35703465645383226,0.38310548813367373
1961-12,0.3879270971813713,0.28851957563778385,0.18529775047732633,0.21564451099172666,0.23124180041554565,0.3087621186606775,0.4257990841097814,0.3326517176285788,0.3775720037705135,0.32644315586458084
1962-01,0.40134408003122957,0.41971335510326346,0.1735542271703654,0.21714516417213603,0.22992726486235004,0.2615555248283894,0.4658151546299758,0.2938841238847236,0.339493198852449,0.3217335889547841
1962-02,0.28701375948983343,0.3477843562151415,0.1027666691900142,0.15160828443218244,0.18748299743490437,0.20811860992927222,0.4189671668824275,0.19612887174063154,0.22259383050747528,0.20351581388033524
1962-03,0.13297290430654596,0.2936190008745079,0.01239144530151215,0.1448630358685472,0.09880619293363191,0.12633827325713676,0.23524228313688433,0.08265580957360208,0.1492122457756746,0.122203333646558
1962-04,0.08326689229118966,0.23233375380610322,0.010299109866876766,0.189009135180638,0.06897580198019382,0.09102230767399067,0.18588859599539953,0.08213429906802716,0.15608363834500572,0.10215431223423388
1962-05,0.08601212009730008,0.25891374727511285,0.019515298787211144,0.11602270330272368,0.06631612890599947,0.05054191649640405,0.18966118124958498,0.08994989436674294,0.15721861148298433,0.07651007348880157
1962-06,-0.02344801353519199,0.17861573377395534,-0.10263546324954309,0.0746761461901504,-0.07809164550252257,0.011900318112744834,0.09228474485563298,-0.0551920450278115,0.0986739058722621,-0.039841466417935845
1962-07,-0.12159842109975838,0.1436654144622873,-0.1512816290055713,0.06426305162923307,-0.1526914316383905,-0.020149869083157967,-0.012621505246826814,-0.12739544885606813,0.0023873921608439375,-0.08093696982909426
1962-08,-0.22119159894861895,0.012006522660787944,-0.25149135079550655,-0.009823308632794125,-0.2639012014911375,-0.1577873722045221,-0.1352006039513004,-0.265663223143609,-0.07537144315988653,-0.1755116960228612
1962-09,-0.22045079384916932,0.07860166380273204,-0.23103430621012278,0.03693256388559352,-0.21592691861387303,-0.09878794453139306,-0.12590438731742404,-0.23794706518792774,-0.04348462846488976,-0.17120074852607048
1962-10,-0.21382793702529912,0.07015174152970038,-0.17605643864407172,0.1284592039549992,-0.19112636315594023,-0.05885555058598646,-0.09113575513116678,-0.28956328604337733,-0.027072669619893075,-0.1236840500963533
1962-11,-0.28198566981923556,0.04098707302172944,-0.22213385969404253,0.039172659646569574,-0.28690476419077926,-0.11765359702642286,-0.22189020224277511,-0.34240398703320507,-0.10264522267762055,-0.19272712493724664
1962-12,-0.3416103312315353,-0.027981996702757694,-0.23309184962354468,-0.01729983029818416,-0.30810639090644387,-0.16425124577332217,-0.2697772981382306,-0.3466761612665782,-0.14177759596831796,-0.21814875727021277
1963-01,-0.23748941573886717,0.009341529233123591,-0.13310362516595742,0.04799271829057372,-0.2018005464162338,-0.13310884639495668,-0.1854334617265,-0.21589140750727065,-0.03561960549049514,-0.08558298715584911
1963-02,-0.17574108925634613,0.04685186754279913,-0.11081328810438751,0.09560972316596916,-0.1615714283326244,-0.06712064509317817,-0.1081401281724752,-0.16928297825386973,0.024474727685489972,-0.05913597592583264
1963-03,-0.1289577156690005,0.14321791279412577,-0.07240463131836394,0.06824809015935518,-0.11410687826623767,-0.0669414347666184,-0.08629114075757438,-0.1539897781426881,0.05062813104255892,-0.0265711640798042
1963-04,-0.14604388383484623,0.1053042025102453,-0.09215656162777608,0.07205084475207069,-0.16095147115448394,-0.049349252875240945,-0.10068809929682188,-0.1791821948676494,0.015387367918141992,-0.01388676104633324
1963-05,-0.06058415452216903,0.24833397012046143,0.01465435024154682,0.18933941067693172,-0.030560706860713105,0.016673700817225523,-0.04008782054273097,-0.06327153707093125,0.06322683037123422,0.0924504608038148
1963-06,0.08452800111032954,0.38028763938489507,0.157283108202928,0.32697995268057456,0.16153714901917282,0.1347058638451777,0.11342211224772969,0.13039673130458196,0.21571016000338727,0.2559504809306281
1963-07,0.21179768318842251,0.5877789783406571,0.3073534559362574,0.39307794527941775,0.3686777216758772,0.23244834533949343,0.2731027739886287,0.2945703093872798,0.2945026300636766,0.4319549902023907
1963-08,0.1356788702465288,0.42213731319302017,0.2103422398710586,0.3440745361461379,0.16921723070029104,0.1270529212346425,0.2028424311873016,0.18803070422616286,0.1918006800856289,0.3356697624707945
1963-09,0.12014629501421736,0.36845625139507465,0.166000862384575,0.35014557195355356,0.1231903990052512,0.10674866010194517,0.14114341865755975,0.2975700252391962,0.16476419349910065,0.26594684893336096
1963-10,0.24475203818244817,0.4911695573739585,0.31453600408961635,0.4286280235045543,0.29586567048625145,0.2286865846501156,0.30075928079387504,0.48175870417361844,0.24858692296022178,0.41586160735968014
1963-11,0.2644405589972847,0.45172909767765335,0.2848721545688715,0.3804865115300755,0.2998884860064872,0.22378475046011315,0.3305557127277303,0.387322979615218,0.2309140719629077,0.3633492896163013
1963-12,0.1577547965274817,0.5045958472560661,0.16379482621728725,0.24237553592959493,0.22773548573592306,0.18107732331892779,0.20319773518704087,0.2193770540033786,0.13577979347956926,0.20442252977080466
1964-01,0.128311648424565,0.37759017114038085,0.18002889940216416,0.1731898508166947,0.22625969430761184,0.21683213742019336,0.1876826904210347,0.18891680245610942,0.08594948557082116,0.18909848338157142
1964-02,0.09529516635814872,0.28771393506783927,0.13719177543067307,0.19581271704787007,0.19607912629171054,0.16751847546001652,0.14434076951831765,0.14255737385380818,0.05664690562762753,0.16005473597337283
1964-03,0.13844726552778708,0.3426288062172096,0.19811276340017359,0.2707100778602327,0.2968758503023887,0.2198200918649904,0.18109516998915365,0.21621022037199644,0.08720752751760852,0.17940646807784288
1964-04,0.13067705213202396,0.2744254192919915,0.1963659038112351,0.20062978753142935,0.2869047367088229,0.1932554400704023,0.1766954428585208,0.22185974402859698,0.07738111111799939,0.2069038017031275
1964-05,0.1382966162102648,0.21929882992933725,0.18516461800121298,0.14798548284476132,0.2501429400578661,0.1399943517880735,0.1428874854162554,0.11321719315659395,0.04465027927686438,0.16588752976759236
1964-06,0.11204026512963927,0.14877020718932488,0.1408225137821666,0.1955596560076973,0.1562022565583161,0.15686021025353725,0.14578340926586275,0.10015990878573477,0.04475366905113942,0.1289645685081764
1964-07,0.14507897915143864,0.20516394927437331,0.19128377234539684,0.20654543290807426,0.24922862659061673,0.17514629352799127,0.20724973352320397,0.11806767800163853,0.06557054705286647,0.17188880182365507
1964-08,0.16981691931598442,0.21529441777622926,0.2187070982071151,0.1873209064599788,0.26419622692934874,0.2333440147312824,0.2667886794513823,0.11817885108287585,0.0803686699164119,0.2060654186434283
1964-09,0.13490866345308983,0.20468895837365886,0.16293575642475555,0.18046702399051595,0.1806298984420085,0.15883958196872539,0.20441930352048643,0.0690920547544227,0.08877338200469742,0.15903573296387896
1964-10,0.15200274875647413,0.22485768579705745,0.15765981035770094,0.2022753405728004,0.14609614979036545,0.11446041861079848,0.19737800953438778,0.0674203794889876,0.11612949713044385,0.1592751042428886
1964-11,0.14123007547762945,0.15770127578180926,0.18260548294828727,0.24316741847529655,0.0712218217639573,0.06640382509823772,0.2326370515978753,0.06081288318496458,0.14478277627755576,0.18831414531563961
1964-12,0.15208024510389584,0.22205872012115657,0.1840202238310884,0.29610829275995143,0.06370145996238508,0.014896131222261744,0.2770743974580112,0.10934539614076311,0.1680394306167301,0.20920758083767277
1965-01,0.12821860642175587,0.20116051969752968,0.15451844466166564,0.2699780758889072,0.029944629856824,-0.006842210493438916,0.3139877409507674,0.11622827578985384,0.15617768852278036,0.1585539754056029
1965-02,0.12206143006204173,0.20911129571212483,0.11673175097314825,0.2086896727987988,0.0005262172290279032,-0.00876469943944469,0.2838651071469014,0.1235478054671646,0.14591474425144657,0.1247718836052023
1965-03,0.16832746193186887,0.23480416731800968,0.1456474178434739,0.19996051311198526,0.054497325455387546,-0.003496401111154457,0.30180359432734627,0.18997694772843032,0.18101811056191552,0.1182585852475111
1965-04,0.15143953102113472,0.21525839498214894,0.13305181502409358,0.14327598788706997,0.042359079979551684,0.013598009767866959,0.28858602390754307,0.24288638574694899,0.1949390373134512,0.12099057631867183
1965-05,0.14796890046445488,0.20905078824943057,0.1396232388597034,0.06558508790281792,0.07664649601706519,-0.011633875628516477,0.2423637780805885,0.2491903337371444,0.1763734332700857,0.1135016573224259
1965-06,0.17792574523285265,0.27181995044108187,0.16538376416070877,0.05223136837554554,0.10190414281353277,0.015354939332736794,0.2770399566795654,0.27963717334772964,0.1742735996922531,0.11284908749004319
1965-07,0.1495405964591685,0.22045240853083858,0.14886414894709077,0.054217302218709795,0.10146561763481854,-0.0032665286538794414,0.23227037715232268,0.256354850547706,0.13773911141301087,0.08219299592115292
1965-08,0.0720460161554155,0.07661832592757323,0.06293174072704977,-0.0007684850752600614,0.05749224742269399,-0.02533930784380778,0.14203296738160698,0.13558840013709683,0.044599123163342025,-0.006591916667501252
1965-09,0.09182308322706145,0.08585376216852159,0.09877904371085644,0.03721310618805673,0.12654897069638915,-0.013557042264105812,0.12234078126010606,0.2324536875574359,0.05609431159351064,0.05986776101156743
1965-10,0.11715939076310744,0.07329754033916469,0.08566962493984787,0.02191557153440038,0.1791175435257213,0.00996529157702497,0.10943407919497727,0.2750348125290065,0.046246553485797426,0.07159421786324427
1965-11,0.12465860719243582,0.14891208675058776,0.12253244900680871,0.03480477540550475,0.25354926402906197,0.030244082115197468,0.07701097395802114,0.2673493995038463,0.050806716769935534,0.0706473939911878
1965-12,0.14565312791055485,0.23351738708989855,0.17854614062726926,0.027640354239849563,0.3218995496491692,0.029822585098887577,0.046546263661039644,0.2804979789642952,0.04748958004934378,0.13248041074634753
1966-01,0.1553688333752259,0.16451111457628187,0.20335139172405658,0.03701156099762337,0.35825542285184175,-0.044378169432577996,0.0588757823423498,0.2732600616660681,0.031853851418893075,0.200507639654955
1966-02,0.10340664843085623,0.13837383592333152,0.17880252093739046,0.03535812951023298,0.24475148001534874,-0.054863795503641954,0.040482889082836815,0.22784562142087283,-0.010726497009224123,0.1842303471092659
1966-03,0.10709951446556931,0.15119026833420945,0.18294068678368447,0.08272675524706385,0.23439783721259855,-0.07446036958496527,-0.017703697179119016,0.2321614232536353,-0.044611798714773054,0.21401504486264766
1966-04,0.11033501642258847,0.11970530542656976,0.18808650868876264,0.07781389794780935,0.3022314334508236,-0.0542212503275169,-0.027805958006677955,0.22420236682567496,-0.07976178681995938,0.24375000480507758
1966-05,0.03734274327004794,0.01746587175070302,0.12151712526103098,0.04468656219886813,0.22742186660620733,-0.12058196001820809,-0.1090041869821502,0.16986999024615312,-0.08707542252971512,0.18430964589678167
1966-06,0.04978416500449012,0.053766360453287865,0.15997236304021745,0.06830232029735561,0.31489415251145725,-0.1334176811427843,-0.08330323978560783,0.1845600032882313,-0.06725528881709153,0.23878139628679507
1966-07,0.05177532569680632,0.03578708678529008,0.16677680842921205,0.04943388727934184,0.31015177411054595,-0.12265549204405668,-0.05114358590306001,0.18518549700630538,-0.058348031869943195,0.22865584389727078
1966-08,0.016778273118983833,-0.007349612693694496,0.132254755314132,0.006883701195857794,0.2631031728971931,-0.11525842904412698,-0.060574410302806414,0.15143706919352362,-0.08490362368837434,0.1965543267836396
1966-09,-0.03451988115619076,-0.06502948147171728,0.07614514466149003,-0.0044206854435283605,0.1726684694820546,-0.13699934004462178,-0.09969800999104628,0.0645647710285937,-0.09496759849968828,0.11696621426848464
1966-10,-0.10850671351185681,-0.19368393855822674,-0.045211361925432736,-0.10753664204365743,0.04599888466340585,-0.1853990803210509,-0.15172915601049253,-0.04320366970053324,-0.18423009001762003,-0.03240894713658671
1966-11,-0.14361376953497895,-0.24769663119861673,-0.11812881540813014,-0.08939643042769485,-0.025086487690394565,-0.1711458564118008,-0.17126365555805279,-0.0837073988820567,-0.15750868079405067,-0.0877503560045797
1966-12,-0.11438412474763904,-0.21500479128189176,-0.10830028755934018,-0.019224794877733542,-0.0484297545804242,-0.05429725784345707,-0.19350722035854717,-0.07417280008441363,-0.06414440388032949,-0.09730041470564565
1967-01,-0.1054658880731657,-0.25321799911661225,-0.11227337810295412,-0.03253804249691994,0.07235241507579726,-0.07327807939556508,-0.19796738188925234,-0.04661735751324092,-0.07390952698622366,-0.057019269722517585
1967-02,-0.120472788214389,-0.2773436601789483,-0.12555779164606395,-0.04872146037458214,0.06304049357129049,-0.03337768265188301,-0.19696190848585404,-0.07407418395574739,-0.025213151974673442,-0.08365157068223728
1967-03,-0.033244757865474095,-0.179996694089969,-0.02065643486226698,0.020754492224187127,0.11669361818730639,0.02213551303935457,-0.08537430082231534,0.001267808999499076,0.04620203977170312,0.005325628362824686
1967-04,0.013230994915107042,-0.1641087603054605,0.009256319112618039,0.043099158891124256,0.19658622921604518,0.0971171828345696,-0.035475432477312885,0.031794266590947196,0.029544106232377798,0.028542118805361394
1967-05,0.05399838082743669,-0.13331057084492304,0.03800530817542147,0.047953605238494124,0.17301693807102958,0.11542594198328526,-0.042493218911557995,0.11300459640463623,0.03320724003593245,0.04241974980069685
1967-06,0.15953124352702863,0.0508136244755768,0.1419048958032021,0.10731077784865617,0.34660296425209314,0.15233468617219725,0.07725677925897556,0.22707758174439774,0.08228617740963173,0.15421254231348036
1967-07,0.1486680180275901,-0.0068562449488707156,0.1105471843788235,0.10515801976218087,0.28983718394267766,0.08202701595983952,0.05308967880233606,0.15077252962681365,0.056609293249521464,0.12370573227220616
1967-08,0.1944705885268181,0.03565463021601545,0.15242268040530416,0.12585221375772737,0.39652531402156654,0.12461185096675775,0.11485919479859685,0.23425857089908875,0.044648078048439954,0.1856756406472584
1967-09,0.3653115532794684,0.2456331020058613,0.31390945782886304,0.2867398163436703,0.5467533007253458,0.10092464756695474,0.2628240505305759,0.3940983466494332,0.1696995057084676,0.45075806892717507
1967-10,0.37403957234152885,0.259595060434888,0.35766554621594304,0.219994290310638,0.5614226926249437,0.09339620066082532,0.29284833662992527,0.41934046722906615,0.1135458594493699,0.4754600058675136
1967-11,0.3552423219019576,0.31744833560281527,0.3654788770027886,0.17252632142707824,0.6872333762748193,0.013679826258368832,0.34305731177992116,0.39267792579260896,0.011669983257476035,0.45025560316609825
1967-12,0.2899374186962431,0.2976606819191183,0.26849506884828034,0.1750177767291088,0.5946468628353379,0.006898312393939676,0.3425238232747452,0.23713986168294898,-0.02935891193698703,0.27609592361612934
1968-01,0.29341260431835425,0.32018812467662516,0.2592350673592032,0.19205044834668406,0.6098853755600238,-0.021266675365331666,0.4125636721517665,0.25585435969077586,-0.018900441990182038,0.24475234040567329
1968-02,0.21939520873344787,0.19145265716029636,0.191397869288499,0.18618111325635,0.49050488084439525,-0.07764702124978351,0.307063612559036,0.1998157668440761,-0.014607415919544064,0.1717147153590961
1968-03,0.18999491260991275,0.14254660329242874,0.10217838846250804,0.17668216540244508,0.2810846640424518,-0.0727701916353205,0.28059817029737766,0.10551072087023705,0.0045449178099121745,0.15314219077776192
1968-04,0.10842130251621263,0.0745483559084994,-0.0026322230124218304,0.10514097989737459,0.15857358205791638,-0.12122101107007177,0.24080239015914184,-0.018610684931159027,-0.025431161577167183,0.06644392243559705
1968-05,0.0664581250978169,-0.026172411109396165,-0.03060658668503735,0.09503198893342724,0.12000102192077522,-0.13297079998611738,0.16865611072034903,-0.059388374039811564,-0.08110441088636311,0.04158703735679259
1968-06,0.21653842662525413,0.17395362550665472,0.11349923371016946,0.18607883566553807,0.3164636724312353,-0.06064177937864179,0.37427002771704476,0.11133397682340918,-0.01842630124093969,0.1899903343714977
1968-07,0.24317795421558808,0.15165093333982882,0.12505955876142116,0.1740185893897055,0.2844241975994657,-0.09227985436501296,0.36963527622638215,0.08961546821648181,-0.001020748775357072,0.22126048903762152
1968-08,0.1839790040148459,0.021777958857351676,0.06872089464218001,0.11813385526463671,0.21006864735858888,0.012270228775989711,0.29869850578786483,0.07323816664197835,0.058724712159801795,0.16646396760495175
1968-09,0.14959848847176516,-0.009444734912405717,0.030414332454704374,0.1948551794788973,0.15505997059211074,0.02293002057354987,0.22763446914104568,0.022375314631225773,0.06756961916627025,0.1341888743659574
1968-10,0.14558437153820725,-0.044639735281778226,0.032712802985832345,0.1611553116002713,0.07170292952501711,0.023637441058040443,0.2253577434296079,0.0003182378724180257,0.059341104584107685,0.14930840611666385
1968-11,0.23369719699334346,0.07140202576034471,0.1308140296624294,0.21356205880193957,0.051779002434028776,0.09215570724014555,0.3127615641908299,0.0621469001479904,0.12236647094581676,0.32456099373849745
1968-12,0.23836238691132006,0.13230664414716564,0.13418523316932363,0.23535752741110305,-0.013762737808359904,0.1258763420859894,0.31080882485496497,0.04778648118812878,0.09299938623263015,0.3432972598016122
1969-01,0.2568543686415965,0.12085786562783496,0.14033053338706614,0.26663998735621797,0.048812582459943465,0.18513891023214568,0.3322227147921797,0.11392993457286615,0.15141120356251814,0.37273764566633427
1969-02,0.24940690376765318,0.1290117077710422,0.1773510889348735,0.24580625194359795,0.08776815005651639,0.07732555266354502,0.26293079864655655,0.18010044872120612,0.11578158955728957,0.3478296639202989
1969-03,0.2689268800625124,0.13617930206571804,0.2243319847849854,0.2655199965797792,0.08662817085922381,0.11696071083183912,0.26140228935923826,0.22964618035420092,0.16029505668712551,0.40673439861109917
1969-04,0.17738863334894095,0.08842929264954336,0.14456342925109644,0.19404085442632502,0.004693237791749683,0.09188331623185242,0.17543660737976863,0.1647922014083396,0.14483411901734078,0.29191620945343
1969-05,0.0685303168835889,0.02420913830662541,0.06181144159624985,0.21336702443171074,-0.05785436683776157,0.06378769817403263,0.1005446830992005,0.07579333347231354,0.10336434181021015,0.16265534161460216
1969-06,0.02833322401034888,0.040241310248811946,0.042666721924196294,0.19419093554302314,-0.057582149087642365,0.15391013739679482,0.10597132709398527,0.0927603691139185,0.11325111906657392,0.11449866738788428
1969-07,0.03047134259492501,0.05659730569297583,0.035978941787580654,0.21951941571557732,-0.05344578411987355,0.11946340551635659,0.10564121924588221,0.08688129053607763,0.02671624646416526,0.06874180663809537
1969-08,-0.008799995175826525,0.02318410288624495,0.004154117479829189,0.042985640112372714,0.00014787716659769856,0.07683854638847931,0.10156093216515605,0.07645230860769625,-0.03395614502183841,-0.014011579977556643
1969-09,-0.10132100010344802,-0.05988328798511244,-0.08125825616684879,-0.06965269061644619,-0.05924025518554665,0.015283652681407522,-0.013808885784079461,0.03999320677662532,-0.05451856340178318,-0.126907350151633
1969-10,-0.1006354435096487,-0.09435305865257504,-0.08442178584432303,-0.04170002776084902,-0.0218620994026526,0.002268459697631009,-0.011156851074114682,0.12734686069766865,-0.06913552157779779,-0.1305771474737295
1969-11,-0.10545012439102841,-0.135278921197462,-0.1116360397080608,-0.15584785562674652,0.030593245424334503,-0.06738613811212013,-0.02441475405405258,0.15136895766931735,-0.11211702401464729,-0.14536997867706491
1969-12,-0.07425582759182381,-0.10064158577577031,-0.10399293482136651,-0.20944608508118012,0.0038344483329375567,-0.0841110664636534,-0.009846855669658927,0.16052709033298407,-0.11627859296743237,-0.1430689601441184
1970-01,-0.08678863412877025,-0.10082985423175195,-0.10491971085071972,-0.22591088909559676,0.041480891303378176,-0.007271782743632049,-0.009433732421789687,0.17623840879172525,-0.13776172564766365,-0.15979477362967764
1970-02,-0.09372020506696899,-0.11656624668923454,-0.11373114915675986,-0.2405532787111262,0.08452993360022365,-0.07281912376639121,-0.02973919059793584,0.22964484350984216,-0.16360193945341983,-0.19764486023139682
1970-03,-0.0707186724690757,-0.15935441955753238,-0.12849132838476318,-0.2925679883964557,0.023203017869561693,-0.06543313913262461,-0.04937722888943308,0.2043595177179598,-0.15495380588794572,-0.20149938868972395
1970-04,-0.033901747666688964,-0.1553551541891095,-0.10692647669550148,-0.3055489968060958,-0.0009602552193535008,0.013307732153549967,-0.04476299444319343,0.230579245970165,-0.07216992687808277,-0.1322230799459102
1970-05,-0.05139763882720316,-0.12489720430559093,-0.120944116399886,-0.30617626085956273,-0.06290726038387662,-0.03741411662345251,-0.09677994125338718,0.11253835240072729,-0.05779561056861571,-0.16315728616997338
1970-06,-0.1577768187433306,-0.203466805157411,-0.19294264146376439,-0.3940383632103277,-0.1843293379255999,-0.13132028868333923,-0.20105295758958042,-0.01646270163944341,-0.13400470385495744,-0.2700495437462378
1970-07,-0.15850420570760282,-0.20753377604906542,-0.19805828221941946,-0.3091068232693497,-0.2611252536257137,-0.12869615205540352,-0.23453618637511597,-0.04473836322878966,-0.1304216552076356,-0.25087896292151335
1970-08,-0.10999285395934544,-0.18351190405571238,-0.19271483132357858,-0.25405557412746504,-0.3103471094167467,-0.16509931805853362,-0.19716181994253013,-0.022936360210057294,-0.14592743274310027,-0.23208292501528516
1970-09,-0.0953219405467648,-0.12096190585575572,-0.18558648546330125,-0.21109835432951574,-0.3405673472644105,-0.094381217994431,-0.180456133221645,-0.08684638696422509,-0.059404024045207504,-0.2387065444912041
1970-10,-0.08513270295898323,-0.04760611532981007,-0.12970106916914603,-0.06950286143613005,-0.28903683158656956,-0.03362929136822412,-0.1312043022908339,-0.08926142737483966,0.02734473367456669,-0.19480786782756931
1970-11,-0.10878141447776868,-0.05833498924723857,-0.15180933784698247,-0.02973320501372756,-0.2595337754438817,-0.07452497932771374,-0.12110865366222023,-0.09720051384936634,-0.056322676768735924,-0.19786461573674252
1970-12,-0.08085096720515483,-0.033886400190843546,-0.14943812767115605,0.04661532422293324,-0.27227573572796515,-0.1194447336920963,-0.0991157516581469,-0.0991803372839074,-0.011988174146490116,-0.20066750303880598
1971-01,-0.018330836175768694,0.0703690234836738,-0.10327290481471596,0.13251137516441758,-0.23708455631525338,-0.0106916385728959,-0.007355582857966558,-0.10971724992545717,0.0878371124749171,-0.13746176424127188
1971-02,0.10213509254417619,0.23859486891838322,0.044827330646844965,0.3078754021974439,-0.12406936851767802,0.0849594418401527,0.1142013418266612,0.00990730564011466,0.21756873136029276,0.025488410413311513
1971-03,0.10339828462732137,0.21830349464538323,0.05197891994303028,0.24508149826804781,-0.10330908934510041,0.10304712356018864,0.14280037229029285,0.0030215740107502054,0.15634203283737724,0.009845684386729392
1971-04,0.15399758109027584,0.1877500647710879,0.06812100947780952,0.31086882806101546,-0.05378951328963555,0.021307978027035546,0.20512648132036992,0.07150308069697542,0.09442924884229464,0.052522462291056726
1971-05,0.34136487140974103,0.34804549813387475,0.2213802973681651,0.483043936711989,0.19367242369007465,0.12768256185837923,0.44823986802237514,0.23576286990605677,0.21919394510975088,0.2947076610289501
1971-06,0.48021171601379664,0.5636635955580462,0.37707360157370795,0.5068801192132042,0.3503386296741653,0.1806177075599047,0.6792415657385258,0.3968153441147828,0.24237988384400921,0.47136765223762644
1971-07,0.4572242624459819,0.5615428207283901,0.41411193336640295,0.47089169488185156,0.43524153433816903,0.2235797550538885,0.7175412848487881,0.37435173419837264,0.2554177669780633,0.5069079336926416
1971-08,0.3639280334198658,0.4025647722527872,0.3503416872988856,0.31788034705492607,0.37185193364236535,0.12126336341959831,0.5606938835870032,0.3724683234428148,0.2047206462252924,0.3799839962935019
1971-09,0.3155331889460682,0.22329347147721834,0.22737220540726244,0.20994249707097334,0.16092477805780825,0.055042713783825414,0.43087070990718046,0.31760733271002883,0.1261243904824445,0.2624687083122761
1971-10,0.28536269693271077,0.31752125762372563,0.2559404533353722,0.15812131647936756,0.11340462241213123,0.060790525178531674,0.40767456592999163,0.2596731030481514,0.10563499415380351,0.2558976285032337
1971-11,0.2755342036195212,0.34346835994223346,0.29263959100123804,0.1064867672550811,0.13566810066798918,0.1046549022196801,0.442325897936406,0.26672022530296613,0.0980537518827076,0.32876130985088703
1971-12,0.16519008173665228,0.19038479939170228,0.16874919140181244,0.009069542582027523,0.04388481480773754,0.022450929654349805,0.30292445214970076,0.19814922358400455,0.02418778338022398,0.22576151645368303
1972-01,0.08021249810116071,0.12490634758377572,0.07147065024171328,-0.012542802633176753,0.017587716503672857,-0.03936500862891734,0.23902046374619101,0.14390499620648267,-0.05588959695870388,0.12905337798658878
1972-02,0.13915941175445812,0.14949032186908595,0.11153319178601673,0.07121340936315179,0.0743617536328276,-0.060368233365098334,0.26053083840537306,0.17695259478109793,-0.00837680294574461,0.13250934324709873
1972-03,0.12521769013040296,0.16062094998577603,0.1332719879114248,0.02368795994478856,0.13236474714121438,0.0014405081208634929,0.22148892417070254,0.19099848332715896,0.015039350578123889,0.1433531063773592
1972-04,0.12737224769886724,0.1314483429675719,0.143180495876446,0.02219367039640674,0.067807904546213,-0.00402858411889917,0.20833741904200376,0.2307482156731795,-0.033626240783448,0.10280025589175512
1972-05,0.10474311710273754,0.08702056214867748,0.12355743212866277,-0.07354817755463228,0.055179153060523234,-0.015192632327862943,0.17391873862916563,0.18600446759259093,0.00033961762758449865,0.08113735320319515
1972-06,0.16066938481048498,0.12960651187765282,0.17218284585798793,-0.033855607612627736,0.1332322688379699,0.02748512263979297,0.18862111159030892,0.22465350479373858,0.009585668719998663,0.15389313734957377
1972-07,0.16717889763465998,0.12551291066690262,0.19005113074553104,-0.008418172358243714,0.2018147165124824,0.02880710468594483,0.20627859370665558,0.2426595845544779,-0.033964326575629866,0.15914128685237672
1972-08,0.17898665472293218,0.15733332014890844,0.2229551937592058,0.0039436693515759735,0.28134850599947137,0.03798621154381299,0.19665835013178135,0.3031717034545218,-0.028140077165039412,0.1511846227928595
1972-09,0.12546912277236655,0.02412488284786307,0.15501962467266628,0.005671452544426359,0.22423530960259908,0.049338860255259576,0.09907773513986773,0.30127902572874565,-0.004557523493299409,0.04384254547367106
1972-10,0.1250186197711569,0.06358131033674841,0.18526241380183617,0.1497331724137938,0.27894973684740787,0.10084786147700853,0.08642082882831947,0.3061914639343579,0.07104314382592203,0.08630073879664346
1972-11,0.14512713696368018,0.11205341984887784,0.24606450867757967,0.1983845082018605,0.3217373913995427,0.1686285409186521,0.11961545798464823,0.3337889451210738,0.05162687909218411,0.1144220940389784
1972-12,0.14891894867548028,0.0813508585712801,0.2727425207801497,0.23479355182502326,0.2553712906817316,0.19086263309072704,0.12687553427844334,0.3459878299954289,0.13645953320518744,0.1290473489296926
1973-01,0.11087802817473613,0.09968919986983193,0.20706080518150194,0.2048426608215499,0.1567647922494646,0.18742435967861826,0.08432491049158397,0.24033944782453376,0.11848389911231094,0.097725524934972
1973-02,0.0895274943649389,0.08275123776779725,0.18016446869712466,0.2155486309506549,0.08875748512783033,0.1934238289022765,0.09836078008870697,0.2541209972448064,0.104572965963873,0.054594143620387836
1973-03,-0.008441485300365037,0.0017918532698879552,0.08248250629139053,0.2442166719495884,0.08950547829653144,0.1662572321580953,-0.0029927842295296436,0.15672263360178618,0.08452071827406726,-0.04545048418516484
1973-04,-0.052530567938388284,-0.0951867498145712,0.032208169966412514,0.21894804480612318,0.04532177442891738,0.11571317875798526,-0.08540865821408605,0.14325094853993003,0.06475080934719624,-0.12354235641046218
1973-05,-0.07949485992051453,-0.11601737556026981,0.010241986492575794,0.26485344897060714,0.024988004303067024,0.1335285079387596,-0.13213154655149995,0.13985784125300893,0.07209165151906927,-0.1414468142641867
1973-06,-0.14055017545611226,-0.15325931882066268,-0.052216546529045504,0.20788686003538936,-0.07776768535137579,0.13027929110271863,-0.22003530679370487,0.04064880773591484,0.06758074695447291,-0.20312374097868224
1973-07,-0.14907077058057372,-0.16494331133204465,-0.04155095267924447,0.17570255128999746,-0.07852462169252583,0.15247809260406764,-0.20383015186072806,0.02592887044962988,0.08818413364023736,-0.20712940234982302
1973-08,-0.16515213988274935,-0.16844155637499825,-0.04946807757251892,0.20707046170339383,-0.08783429766195561,0.14023837489601454,-0.23076638826486573,-0.005108636345704687,0.06055530817596089,-0.18490778436313082
1973-09,-0.10213529269800548,-0.14055734570035006,-0.008952688171953493,0.07664888669497905,-0.06920962119224339,0.0809221227735113,-0.1413817052501476,0.05229651656506862,-0.023212248013836145,-0.13841873790092374
1973-10,-0.10849724225683055,-0.167005737342101,-0.011360577975949582,0.0380121283312258,-0.0932209056227925,-0.004051143516804023,-0.17287875827363464,-0.015982265044115262,-0.04563352375802954,-0.1435033648038283
1973-11,-0.055804159965980205,-0.0794030196825064,0.022069784129273406,0.09952768705192239,-0.08843653423718967,0.047936802657392086,-0.1213937607709924,-0.02305873974136463,-0.035443603528416134,-0.09175616376508022
1973-12,-0.13646011074732933,-0.18422177906829473,-0.014712957622020184,0.08886371795904568,-0.07625627530716883,-0.07559170892056677,-0.20145541788779464,0.00042164654200371743,-0.1243749780527228,-0.1448824676726772
1974-01,-0.2640197183808931,-0.32829123071847277,-0.16301369259746146,0.010525873035124311,-0.19790638535447935,-0.12825883481942446,-0.3633936340381416,-0.11047915291079213,-0.21419635446616492,-0.2548839876466866
1974-02,-0.2393685518713914,-0.30712484506265614,-0.11964337407265713,0.045162578194854364,-0.24730956209019794,-0.0722386884260261,-0.3376399826990528,-0.140096839247433,-0.1509905875110774,-0.17517951955054611
1974-03,-0.18583880549571896,-0.21909864097246456,-0.09550180283060994,0.044259824942256776,-0.214330857336418,-0.006762245190992222,-0.2446051283181394,-0.15611880366874686,-0.09443038078232113,-0.11161021703347085
1974-04,-0.17638137747875005,-0.20503630944027496,-0.09341728794735393,-0.0023543933472568446,-0.2095595872392707,0.034536211141462214,-0.1929699341431923,-0.17286580101606286,-0.07184898199958112,-0.1002982556903036
1974-05,-0.13816547339376417,-0.1623576343537968,-0.059088528348707814,-0.025124329431231662,-0.17627877705982298,-0.0214567281213488,-0.1453315174878932,-0.11422862893699859,-0.10042184030019763,-0.06011645421002243
1974-06,-0.15172657660183209,-0.16095821095917007,-0.06756006309599827,-0.052923044633057637,-0.18499048113240113,-0.06566683157048514,-0.14297127927291653,-0.13649123810482,-0.21319406998653057,-0.07337236360228172
1974-07,-0.1470705605040583,-0.13530312650050336,-0.08805222026428494,-0.13803784532702545,-0.2189152319677945,-0.07719602295459749,-0.07976722994085783,-0.13761368725036915,-0.23280369470378925,-0.15008825291415073
1974-08,-0.21058573797745994,-0.21511385787888304,-0.14850670505314112,-0.14328008774328183,-0.2775617109777401,-0.07173400101983862,-0.19461002749997514,-0.2061236507129346,-0.26283125501353855,-0.26718099703471543
1974-09,-0.2665117664690765,-0.2802350587190382,-0.19784734554579964,-0.11388545569454855,-0.31154556818719836,-0.10785630708773786,-0.26754466455057724,-0.2678601143954089,-0.2414465845767504,-0.2996590552009354
1974-10,-0.37802414191617617,-0.3772317624550091,-0.31077472765717906,-0.2587989779113361,-0.3264241758521864,-0.1714269325488772,-0.405943661871197,-0.3320803623488181,-0.3581362954100924,-0.4164260832968629
1974-11,-0.44044443007783673,-0.4334208883307359,-0.4021682630240917,-0.35140505787943577,-0.4608151944718608,-0.15607323847815024,-0.45909120348687205,-0.4461442187639615,-0.34424774439453276,-0.4672434099155218
1974-12,-0.2443909962652394,-0.29253773247176373,-0.1906642786256394,-0.16466946993685494,-0.30152581544739865,-0.022167016675059603,-0.2663382538046354,-0.22187585981810243,-0.1612367595232016,-0.25980708674736896
1975-01,-0.26197043971289347,-0.30010928417120364,-0.24811441029393488,-0.2640202059068065,-0.3060518814426183,-0.09012814559195081,-0.30706864837245085,-0.19540073988938433,-0.19026868837273214,-0.29781015872110095
1975-02,-0.28266353113555864,-0.36732781757643873,-0.2844319594431671,-0.19800948307372346,-0.3505330991160741,-0.09476261874595393,-0.37234149572325104,-0.20167634988203686,-0.2319363541456131,-0.33591079351672415
1975-03,-0.14958203746105725,-0.22286138069229577,-0.18084878212373356,-0.13031480358507586,-0.2467098691860381,-0.03960633479598907,-0.2156914811651417,-0.1978778874852415,-0.08994911719137699,-0.2246704274767577
1975-04,-0.09808883972934146,-0.18326542901785914,-0.10819678940743493,-0.08079056389671047,-0.12357516084901754,0.05832523471181883,-0.14857837607491675,-0.08010756249789508,-0.047063181879449134,-0.17237570690602944
1975-05,0.003309456395762078,-0.09225226771483519,-0.0436512119972543,-0.041643956467399934,-0.08146383866897333,0.10795518868436305,-0.03811241262808851,-0.05424375766759848,0.07128034458191568,-0.07986768567517777
1975-06,0.06458894013689798,-0.05935499824532098,0.07508283617464406,0.11165569618074134,0.012422870658973517,0.11459504202437087,-0.024804352322517986,-0.04695268531481578,0.1084658409227206,0.03827846986319683
1975-07,0.12658200021325983,-0.008728664954498089,0.10984651093345454,0.24970662926046416,0.10472679983721522,0.15105531666125094,0.0427685752537772,0.03199969946546721,0.28292687538656525,0.1622914001899316
1975-08,0.32019760666130903,0.24052391844041487,0.23789192870892917,0.3378946121455513,0.23160726698643863,0.29660393741044877,0.2853674820582581,0.21349510433302576,0.4102771707396091,0.318890155832958
1975-09,0.3910589926758692,0.3028892006516437,0.29645204332394415,0.40233616981868114,0.17344047800180507,0.242389628534029,0.3683278085003523,0.1610959792057458,0.4703579745308377,0.38530696090511896
1975-10,0.5323161771720655,0.4451260129498582,0.4763453659887724,0.5103722824342898,0.36913146549591414,0.24587694737906696,0.5545563965944389,0.3294026441214055,0.4716989982206208,0.4541354244933007
1975-11,0.29207230980904675,0.3490147613708965,0.19802004625902603,0.23588419169548636,0.183413693696451,0.1096565720769982,0.3632046365045416,-0.041032802126174994,0.2893968749230744,0.13349481250234985
1975-12,0.48613850653925916,0.5431277981399469,0.34583102114815767,0.27397695489161733,0.34948500312113717,0.22287748921144068,0.589850967051238,0.07450541448512915,0.375916244597432,0.21186794903919304
1976-01,0.5548513131537993,0.661545279052365,0.450190668141752,0.24264551054283512,0.49616815563430405,0.2555052138915923,0.7217901718913757,0.16841905486989694,0.43127477858899965,0.311791014332528
1976-02,0.29005645463472374,0.3611490497832699,0.24920799498299218,0.1650092651763988,0.28139165311242254,0.12881322138349294,0.32527407372063033,0.10237541861982025,0.22073296987288682,0.10945506461058563
1976-03,0.3756138319605562,0.4992216031711336,0.3513234050524223,0.23575051419121662,0.33936395375690087,0.17540427588472318,0.37341087092147474,0.02326120101748419,0.31064222806237507,0.21795237140539925
1976-04,0.2697085117508269,0.46055287864739847,0.30861618273186986,0.22512366701758246,0.34148592853263215,0.2278183890749017,0.2980195916220656,-0.05604179461868164,0.2811537741625225,0.20672484810456204
1976-05,0.24136130172338666,0.45297506778585395,0.207925835703487,0.2247809750827523,0.307939250012919,0.2467861004570162,0.30877421344562306,-0.0008017168273654063,0.32126715857261257,0.19200014048678415
1976-06,0.16019264789467647,0.44235390500964145,0.15833977513277953,0.11625884531946418,0.19272896675555007,0.2247521210863126,0.19955240618951287,-0.10247551190472715,0.2249780188608992,0.10991764878470534
1976-07,0.07809314915972809,0.2674240092369735,0.10508791759335478,0.1060919807189018,0.17151142478022896,0.14294503563172478,0.0519667122869969,-0.13607934079735928,0.08991407078169034,0.029672540812162973
1976-08,0.18086634938611512,0.34840047686121767,0.21795745620608886,0.21398648828981082,0.39952805559139537,0.2360129057426701,0.1536049097131913,0.01810452130882978,0.1936390863413766,0.1558310132108407
1976-09,0.23706325111699145,0.38206857828305285,0.20482286158665208,0.21717087576918281,0.4104889101075686,0.29739069776534666,0.13149810347709034,0.04906467121209812,0.24258348544720376,0.21785061954905682
1976-10,0.26369130387781237,0.39609469711954914,0.25752906449318225,0.2206193007941284,0.4104889101075686,0.3763668761667418,0.2065715832848174,0.14658683630445069,0.2921512976822722,0.2849312044857897
1976-11,0.16095496076096016,0.3394356340282958,0.2026883778285944,0.31043985749152725,0.3390536322801647,0.30910760736323706,0.10262113847307042,0.07364953326312662,0.26219715685378575,0.24795743582625285
1976-12,0.09726918089790804,0.28197751590352227,0.12968845201108703,0.30004800014257027,0.21720561472259403,0.271571821536462,0.04393969626692673,-0.016936135528311747,0.21362287697098692,0.19964396490847647
1977-01,0.1332470456253496,0.27862930742401515,0.1410265660367458,0.3096597048094254,0.2527084724337654,0.3132021765266926,0.12888899704607315,-0.052630466361329176,0.23517710665572067,0.22670631623235948
1977-02,0.07471535668147689,0.2126191295848472,0.03322225889899921,0.2837031380197843,0.09999855466814789,0.24075956856047442,0.059906514980499814,-0.06538047400729219,0.2145357017711591,0.17728177236574094
1977-03,0.04222724712250803,0.11852352753946493,-0.04488134054003856,0.3294360565056189,0.04551518582101566,0.19977639563719052,-0.05967216234009354,-0.08808580709808245,0.2698162795915362,0.09353251660721673
1977-04,0.020393455507848435,0.04268776200607638,-0.06150359744352463,0.2025928289542993,0.009557508197325593,0.2046675990001341,-0.10767033502807033,-0.1458614857360394,0.20886009150271634,0.053543533401874344
1977-05,0.023091262081287756,-0.01054715564175479,-0.05055542476204833,0.15302443449671554,0.04488522719211763,0.17198098306186838,-0.0896983119844732,-0.12336771359741283,0.20345427771779923,0.06927605061134967
1977-06,0.05122287298794914,0.05370037600904931,-0.03411940306072325,0.12013707026062037,0.003917491147367613,0.21494959582912143,-0.0671895256841849,-0.1450174099070055,0.24510432427232787,0.1110505956754213
1977-07,0.004767829006042668,0.00548327323119846,-0.09633813389538437,0.06130029580216956,-0.08635251337036554,0.18961615508203278,-0.10625964015981537,-0.19087159338262094,0.21417376413550326,0.045142601911455804
1977-08,0.03496631026804908,0.059960078492688584,-0.04800166117965088,0.13295782231487374,0.006787215072348696,0.19772316887962904,-0.030105208925478855,-0.114442178543537,0.2483009979261237,0.10150396883794643
1977-09,0.050751467719458265,0.049526130084550646,-0.06659613534582653,0.12255532389587942,0.013793601137905176,0.13380038375420278,-0.05914736288726685,-0.15257915039837144,0.22284278586780704,0.11008509040821379
1977-10,0.03544373888566765,-0.004110290000160721,-0.08847711614929221,-0.002078839708874569,-0.009947945638330014,0.09050170768169985,-0.01999590421995734,-0.15086190270546074,0.13672213232811603,0.08698581682659201
1977-11,0.05533587820762231,0.02319506323840259,-0.06632989967856062,0.03023752498184029,0.018250395595845292,0.1140795410297395,-0.017918995751758593,-0.12572120483210292,0.1690394668695545,0.09058836096190159
1977-12,0.0025379656847521748,-0.01544912537217269,-0.10625195756643901,-0.014515429093538423,-0.0302472615059447,0.025514807763196812,-0.09313225721206742,-0.048117335713143916,0.09763909225706602,0.0221525779424272
1978-01,-0.0033699664388533446,-0.08547280388130984,-0.1187531115481203,-0.041022396767689484,-0.017083197182496068,0.01272685124299855,-0.06459601044399199,-0.04990844054762855,0.07486179278393812,0.004327625254558765
1978-02,0.03912603895381861,-0.05263725900448801,-0.05596755058866054,-0.02572312300987012,0.046713358357146406,0.03326056586568393,-0.005170108232508741,0.04857094123173877,0.062390667262744115,0.05441825597990069
1978-03,-0.002076504523611966,-0.0854200144429983,-0.10726849883079836,-0.06510002122413261,0.003218779727354626,-0.019333604351681966,-0.05584400247494414,0.030917877986229803,0.05007054355872387,0.016220138636983794
1978-04,0.013206096674860168,-0.05012375633510768,-0.12839400111455757,-0.05574433880607532,-0.03130230261997058,0.03219696615530321,-0.033417263613423454,0.018006473954837343,0.043781440682548745,0.015508143744534797
1978-05,0.0499968075071644,-0.023052835858423215,-0.09881716305903598,-0.06007325180608636,-0.0028082429559699307,0.05229537717918964,0.029546752665279508,0.11886193703181491,0.049310594870978885,0.04861929735923454
1978-06,0.13330969774546753,0.07673386553575035,0.03456755698293712,0.007232941973391194,0.1471553021478289,0.06785727273049402,0.1736748261457821,0.24579021507853915,0.03393267821554691,0.15706796851181393
1978-07,0.13005711083909022,0.034300495247593155,0.04157139924491049,-0.04242139195554484,0.08222399155024362,0.04344970508813506,0.12024048350949079,0.20168537943510945,-0.014971525654263962,0.12697145974285307
1978-08,0.11397406834444412,0.03069629141051,0.06480628727537874,-0.06133893268473256,0.08005607490050348,0.03618817915257466,0.10059305069588476,0.24310585328901468,-0.015362138710413586,0.12742401328556663
1978-09,0.15169629481220603,0.08870219464874118,0.16305793598477525,0.030174540105774694,0.16689043395718128,0.07552770171352474,0.10585250329406803,0.3033217858972943,0.04641307387902094,0.2166413355269463
1978-10,0.19580234619426307,0.10392579993088025,0.22023056289752252,0.07506699822632612,0.25955735907290123,0.07604738073445305,0.17712597782661632,0.32778126043839984,0.030410678082027687,0.2973854001369929
1978-11,0.232301227945666,0.14956644164876787,0.25234526052647066,0.16769329947319767,0.24706329971445973,0.14710390603413748,0.18369123322866532,0.31480751987839106,0.061264482588355706,0.3375596943561112
1978-12,0.041782910172633914,0.002301868530907525,0.0640073218927093,0.008795825262483348,0.05706619364094201,0.07232207347552966,-0.037570993503704075,0.08020193639928896,-0.05464118868100243,0.07881493237155035
1979-01,0.06449150675473914,0.016743094445257123,0.08650420094404421,0.051270396764849124,0.0849435009551689,0.0814549193289189,4.1398569553985354e-05,0.12915563178768852,-0.02305651082716209,0.0990788980064361
1979-02,0.14295138761163528,0.08439502818168787,0.17252730677594474,0.1614013344295886,0.21182016063016973,0.1295245975044319,0.06638162874516396,0.19026883538357708,0.010613550762808899,0.1754376684518204
1979-03,0.18941839537888483,0.13495259674006888,0.28259097714599823,0.21048289926545638,0.3093633352711769,0.12410253242424552,0.13246815595847927,0.24476247973399046,0.07952363320586464,0.2483138620387273
1979-04,0.10195612304901758,0.031191614757235087,0.17902082990581603,0.1934021018627885,0.2736618095786034,0.08828285515833945,0.05241911858542969,0.14092273749641349,0.03612358081702616,0.14568840040516218
1979-05,0.07340750295132059,0.0026911076632423203,0.13625512553501795,0.2222584975779336,0.20980446048860002,0.0589955384500076,0.007693917389567595,0.09705716172302514,0.05825678567776138,0.13311683785499584
1979-06,0.03190474715266545,0.03021556909340717,0.08648256672195664,0.2643092311352946,0.19385936383221458,0.0402842429207233,0.0039123285232036675,0.04761291957633751,0.021899239471375953,0.1208579714805409
1979-07,0.01617890781366338,0.05225453220884768,0.07744049116413687,0.2811211552559383,0.17444896470126126,0.05750609256485051,-0.000900879621302253,0.008459500197273151,0.028081511970409423,0.1216453278077223
1979-08,0.01441164014790064,0.03487268994090842,0.03397919538739336,0.35463623606363814,0.08705213623574082,0.06271907734531434,-0.023043949634451222,-0.028962896980985087,0.04957903434676014,0.12543182741397496
1979-09,-0.005855156620014457,0.02582747851091094,0.014879329549950526,0.3088932641429125,0.010050046600479368,0.0253550529896982,-0.06408164938490557,-0.03684890692924292,0.06650604316350228,0.09141426912736095
1979-10,0.07359657985894841,0.07975327721039882,0.1168027440317243,0.3484999045336439,0.11640993983987435,0.028394042476923342,0.04665971666979729,0.07491978297484647,0.09109715994822465,0.17148453970869837
1979-11,0.19149550307123486,0.22040566875874745,0.25123737037218574,0.5978645249826997,0.22912681072689,0.051223313367510626,0.21045183965832437,0.22648889877063416,0.14876440489274323,0.35493391750683556
1979-12,0.07664834869946002,0.09967423788034924,0.10868364255297669,0.46648990355588693,0.07917053252438966,-0.03132761465756373,0.0745811859229264,0.11547754379538744,0.05028295154125839,0.18759938043107183
1980-01,0.11349665961088928,0.08219098877740127,0.14487083175374926,0.5534923195419879,0.09722432526774871,0.006993490696642679,0.12315043823613303,0.1733978146345021,0.1463240153632086,0.25489941442923914
1980-02,0.10483921773831484,0.063649738255801,0.12283548103461328,0.5444507501198792,0.07081940622247518,-0.043327040673303396,0.09489374509598236,0.18103380908982425,0.06679152280533995,0.2322939453963253
1980-03,0.1803955210962349,0.20388820478309588,0.25861969008026087,0.7507664054385472,0.18899941309456647,-0.05700067532095243,0.16053238455402785,0.22098708939313516,0.10138958052950664,0.34369566067908
1980-04,0.07827969157077086,0.05763724557164074,0.14324035571851534,0.810364236956038,0.06524889337837703,-0.0716879651222635,0.040454684003677244,0.10846657315812425,0.03960326121520463,0.20045591430676324
1980-05,-0.011792174880799422,-0.06289209369344562,0.013342340617285675,0.4244493454588436,-0.07277797409813958,-0.07652638247318477,-0.06794320188925129,0.07226453830839175,-0.0015532689203072714,0.036988570374164365
1980-06,0.07050817137734633,-0.07289445378492632,0.07038238639965244,0.5605562544159528,-0.0472372735274903,-0.009727011997671342,-0.0016406785304097227,0.14858739420893774,0.10277968996617481,0.10364617903941098
1980-07,0.1184800338771248,-0.06056304991779371,0.09892867479914091,0.4871485565327458,-0.006377498889713951,0.02009873187721478,0.07488725389352369,0.1720346614378525,0.09889259379310178,0.11488892983523291
1980-08,0.12900380955606283,-0.05393627805476642,0.10237561829978525,0.5495156844204157,0.039213544710108295,0.015401110326874301,0.08720079541551162,0.1728538569076541,0.12559244323570895,0.13409812831656787
1980-09,0.13089318000716044,0.00957430220950961,0.13430776878809025,0.4645241820413841,0.13311660979249673,0.010200080210936546,0.10657230113838168,0.17609438147085443,0.10165774846038822,0.14556990934605096
1980-10,0.16938480561832847,0.021038737955289655,0.16023545618260226,0.4332758375227521,0.19551010454035822,0.10002323833663751,0.13500312600390174,0.18579169059912082,0.11314625580554294,0.18431678769719584
1980-11,0.26892308341949867,0.135950615319967,0.30890852396332424,0.5668227293104031,0.32159197444256615,0.1400009079064406,0.26169593460295415,0.2844630459949917,0.1834788481602525,0.3684559699357026
1980-12,0.2101587679359216,0.14152583306386868,0.2551622801413007,0.5501360384730904,0.2456047117227218,0.060356408574518516,0.2011811917124342,0.16604072453778262,0.1191330878130723,0.2985180632221802
1981-01,0.18159354210866385,0.15954527048294787,0.30262438052956564,0.8800069234286774,0.343990229772144,0.07176966804942686,0.19547071549298067,0.24371585117235273,0.21409942721735375,0.34279139326865304
1981-02,0.15741390508170938,0.05125303048458618,0.19153750780179668,0.47383971086153487,0.23769794238727693,0.10777622587524771,0.16361037661398492,0.3180540491453736,0.17261321340697244,0.2728145819840446
1981-03,0.24123334807112484,0.09738917522875767,0.19813679246039118,0.1717677842814187,0.1801843361027109,0.18585984423055169,0.2284320604068597,0.35979611320178106,0.1830547889249885,0.2729463024209673
1981-04,0.38518559850080436,0.28088900990242593,0.4174489221015032,0.4229934269096678,0.3577593066327651,0.2442147718437051,0.3957663379725167,0.42488156792528353,0.2505674444385879,0.4762227736641924
1981-05,0.3922156757864288,0.39470235398841247,0.4564524579872533,0.3043440591970987,0.41518637818017945,0.1728054455178203,0.5071605126968306,0.4464686124868136,0.149664823073675,0.5165605296580318
1981-06,0.30451705054003964,0.3612947092152876,0.35679684039132553,0.15490754113101435,0.3525352495211198,0.18620893632373847,0.40108190415049605,0.39319118579523593,0.06953999936232602,0.4076835779497674
1981-07,0.3002104596362274,0.36248662013881483,0.32033806267903175,0.04808077594136373,0.36868218106446626,0.2790250433799457,0.4071010023522752,0.43823149154235796,0.04181686786283367,0.37700896196818046
1981-08,0.20463159533031594,0.1668006223470655,0.17642681304298824,0.07582137093245933,0.10532819714298669,0.24217392579345431,0.2515606009913711,0.24696044086699653,0.0791587219572365,0.2712041554379161
1981-09,0.17815748024618672,0.115775361210249,0.12500591276822104,0.12024077540468503,0.025888730919609637,0.1725280499916766,0.18763019701145822,0.1951022077123603,0.12250851580698097,0.2039924849021042
1981-10,0.11783863919166637,0.017828569371124647,0.018336578434950956,-0.01509667676332671,-0.06765735396667683,0.18265865420485938,0.10683663404336041,0.06396620981919732,0.11163323354237065,0.09567722956608371
1981-11,0.09041932467963631,0.004986613469413426,-0.058631900257752445,-0.1984407809218981,-0.12133380877459776,0.2565824568491346,0.07906774327525179,0.06342754729903777,0.030267614211267002,0.021776195472664295
1981-12,0.1604274216173558,-0.08162868813954349,-0.09953074491955483,-0.2932349926712793,-0.15829491050874467,0.3383852930997113,0.12303833371091732,0.05444193613523263,0.006283360225530998,0.016841453932348482
1982-01,0.17949979310136377,-0.0264818463234181,-0.03755624497834997,-0.155375897180698,-0.13581765543837332,0.35795464929204046,0.1510545014518041,0.047688508191340295,0.08702816084721676,0.06776484141936434
1982-02,0.13510815137335008,0.0005050010217488854,-0.03461119064841833,-0.12012055005722988,-0.06014412260120272,0.26789607472980204,0.12400861710865141,0.057059984987522405,0.08937089395249087,0.06301381822182384
1982-03,0.09744843518805157,-0.04921478719248362,-0.10564190587949862,-0.19214197960415536,-0.039283382015960266,0.24977085913100106,0.09609449582284069,0.05332185537459977,0.09599119716703064,0.012304493756634116
1982-04,0.006319371185153688,-0.12946895125727964,-0.20405924636404593,-0.26760804276517614,-0.13354306162384388,0.1650280688410075,-0.042325803410369955,-0.022391560318237747,0.060451288443361895,-0.10793161735176193
1982-05,0.01945176436324947,-0.11545431574203413,-0.21009031895676145,-0.23273601790334453,-0.1658070566337576,0.1195020190699132,-0.0293880336245832,-0.0754327248122788,0.1078561091681447,-0.12206885176231419
1982-06,0.05947505330999969,-0.10204168678166825,-0.1810606027943129,-0.16675371189482446,-0.14036361178525714,0.030012864108350357,-0.006269238003158373,-0.040312394332018275,0.12972169027014746,-0.11489509529811515
1982-07,0.026465962789121056,-0.07999150876638006,-0.21008630294843866,-0.18561335951978153,-0.12847286611940867,0.05216932392350593,-0.019375152486225233,-0.014388629560266764,0.08604406837684975,-0.15285123628441866
1982-08,0.05149667248228562,-0.027116368370009747,-0.2077281088765326,-0.2927496416655948,-0.11570025143515938,0.02291327036812829,0.0420407929325981,0.017918090698683997,0.033115266990001224,-0.1501513687327395
1982-09,0.10104653145694287,0.053191175894006015,-0.1686592650834866,-0.3061153595200887,-0.03155391653018713,0.04322103155552348,0.10640246072364645,0.1120410317681666,0.014984953681250746,-0.12784374166306534
1982-10,0.22856219333374073,0.23574141887151212,0.020570830023546982,-0.12928158854259708,0.1374630552648881,0.12447541178461474,0.2927354682731407,0.26671961920790865,0.20431413940921672,0.025481162795913948
1982-11,0.20259779356772634,0.27957575193529016,-0.02607821273741351,-0.19085154920678382,0.09378516586967711,0.07123199953071202,0.26863895664084825,0.1892802945805263,0.16045409543416467,-0.002751869684234576
1982-12,0.29396992282769396,0.4218593039814993,0.051988127141569196,-0.20107476313819095,0.26070863601077354,0.12776634653613028,0.46696185675883983,0.23825200576779437,0.14709162260330366,0.09815957843815104
1983-01,0.38674462755024175,0.5319624729371686,0.13168419737956705,-0.18545308151133855,0.3957575407084668,0.21302113376793308,0.6630453594312335,0.31197827369130504,0.17610663855650577,0.22782481917255915
1983-02,0.4131974671351226,0.5602816685124206,0.1788474581390258,-0.06086380085099474,0.3950780092865056,0.19012712210448757,0.6265058628692768,0.3008554294940009,0.23542702775582236,0.2509051865645655
1983-03,0.42660021692541084,0.6752917108468734,0.3118706137777272,0.09608193333111381,0.5969429092360743,0.4189152116363968,0.6705546574109238,0.3426903893678157,0.2851366643331936,0.3390466115545956
1983-04,0.44455975903367473,0.6773957386935561,0.3897307957824525,0.12808266893514864,0.715670415034733,0.38526724679406366,0.7287068764980129,0.4169627744118687,0.28425175811144165,0.41797360445765164
1983-05,0.4559342453252784,0.5876155569691499,0.3742519539892337,0.14560250331032787,0.607403052656331,0.4133545794541218,0.7812361899990448,0.37935830558726846,0.23973267935168052,0.4358966594734712
1983-06,0.5988027799973588,0.795357602822431,0.5342567221754866,0.22418496933767273,0.8273903133794713,0.4830349349681273,0.9883481598652852,0.49460123777145504,0.30604454195122766,0.6477602381882837
1983-07,0.5577554137196383,0.7122958650859301,0.6063792284627052,0.32330555731796884,0.9243569372609062,0.5003661479446897,0.9461211848189501,0.4644833286979748,0.3694836622525708,0.7286453738812733
1983-08,0.614714024527669,0.8952591535695775,0.6706870280254078,0.5326957282114639,1.0119397276278197,0.48524388044564226,1.060496097796236,0.5537066630719136,0.3981639483730435,0.8127956024778036
1983-09,0.4398704942059666,0.5996346799405972,0.42820577632709056,0.36111179934671855,0.6871342887001317,0.2705969975882747,0.7699039305404263,0.30332277179778466,0.2601938085710638,0.5686151603337031
1983-10,0.3793395109037947,0.573524773829728,0.45187450584584976,0.4281985075717605,0.6491124820555108,0.2856931995398184,0.6094182252800073,0.27284847257559863,0.26580464476238674,0.49168979114651257
1983-11,0.30691357243519035,0.40971722571305613,0.31344175179474165,0.2914704987900092,0.440066083996846,0.21600986482558127,0.4072597624827925,0.1914576813149893,0.26495859945413347,0.3101286547414046
1983-12,0.23935099680041483,0.3028001040215622,0.21312405300939763,0.32571300939511016,0.21057140767825921,0.0876405215482392,0.2432334424740057,0.10819045722384923,0.30197746378094714,0.16836145625493093
1984-01,0.2556760124064814,0.31797393809732544,0.28237316752149977,0.25058969094364847,0.20679758546240912,0.13609266587153845,0.3258786963339648,0.06841547660565372,0.22735770881247808,0.24037724755693812
1984-02,0.26252584619473773,0.2647136049518122,0.20740628902409886,0.23200701896320441,0.11749590032300583,-0.005060078189519923,0.247577742313847,0.015215928618485863,0.14081401390151815,0.19551382158793662
1984-03,0.2081359991198486,0.15464300753126659,0.11980377622252325,0.36139192267486164,0.011689175275532593,0.03957890053669555,0.08849452728059215,-0.01835145597066934,0.13912957545201277,0.12473885452950761
1984-04,0.06015282288837187,0.0969400590517071,0.024494326512692455,0.33607386275161577,-0.05454400240245039,-0.005045312999855778,-0.04151090146843073,-0.0800448836947244,0.09833680561787084,0.018855863745786294
1984-05,0.0145323106416686,-0.007035770860210566,-0.004889797014331121,0.2250194423747669,-0.10467982142101984,-0.09437736783418482,-0.10656951867397202,-0.13013668060349348,0.04498183004433631,-0.036535137153813846
1984-06,0.03010110531279775,0.027442153762698984,-0.025765552669554492,0.2570563665067429,-0.13281099045613753,-0.062168071665352986,-0.107725544976076,-0.08478750806529001,0.014001288174482651,-0.07794615011193873
1984-07,-0.025801270787131236,-0.12259494827788375,-0.09664163620737687,0.12063805368937097,-0.22865690661508886,-0.09727357906458367,-0.20266267245906622,-0.19931746637137304,0.01114638258686207,-0.15556988098371083
1984-08,0.06407241514189654,-0.06772289457497094,-0.043137450628610186,0.12373405567950813,-0.17038235972474536,0.06817390797388034,-0.11461922065864039,-0.11833240094710362,0.005340948990540717,-0.10421703231792157
1984-09,0.039773700340205,-0.020932381243180975,-0.06282637187313089,-0.027050508355713432,-0.18162401851702803,0.07454950566335272,-0.06954630389779637,-0.142914707982016,-0.00981046602084168,-0.11289552307354578
1984-10,0.07981084932139204,0.03168347603458277,0.025319994010526647,0.16274603293883727,-0.08709742707713908,0.12141524784268509,0.00029007783333079296,-0.06558243188088686,0.019707891957516654,-0.03003507537637995
1984-11,0.0957174727155441,0.029208425712228703,0.022381813698143738,0.2137905244307925,-0.05756667216582456,0.21734054749466458,0.018925228423120055,-0.08697984910217904,0.03761833625099653,0.033159762306280705
1984-12,0.08586351303911899,0.008669679425349353,-0.034171800902551897,0.16623871081672825,-0.08409074119897642,0.17049706611874305,-0.031123473432592252,-0.04282119686219987,0.09025879474929344,-0.0058106450763568684
1985-01,0.09513693799725464,-0.030809563873601675,-0.03651580704860691,0.13094314160591836,-0.12205589182285315,0.18583108881898847,-0.012718073421183695,-0.007561419430019867,0.16606549799566417,-0.0004951970978483988
1985-02,0.12988043033980023,0.071517771329344,0.019889598507038864,0.023665694764464673,-0.04025171799056859,0.19745018306101914,0.05659614362274601,0.02517717600666458,0.17997459946032057,0.053661157476396326
1985-03,0.25550253647932863,0.2532798637292635,0.18432100149939545,0.04907024932864612,0.14839233148699482,0.3160514574215061,0.2509965643960361,0.1333769514471963,0.25004550987726915,0.21702463135040584
1985-04,0.2979991292717019,0.22905586317496662,0.1618476820789403,0.08683970779156036,0.11330538629665643,0.4121768460043309,0.26199732462044545,0.18209858220003583,0.2711115792582883,0.21286690933017494
1985-05,0.3505282776870924,0.14960150170836517,0.13125131276014979,0.06039515633250425,0.05080285431515286,0.45749915573910793,0.2500489744272083,0.19076330011100162,0.355809767906353,0.23601747705955578
1985-06,0.3544031410721973,0.17815545048235504,0.18313586176879038,0.1600866065273392,0.07262037120559461,0.52506133790393,0.3188662666283262,0.25046695499148686,0.38903168719658643,0.3464520282744987
1985-07,0.3755497664877341,0.22188485169015193,0.21638611856818435,0.19110116682429457,0.08368483126813375,0.44922280064785713,0.34588214918495863,0.31680696001751296,0.4573492552446863,0.40019419492838204
1985-08,0.43620701081365154,0.20949081827790383,0.2531752247625738,0.27902098709242296,0.10312561501717754,0.46740680427431114,0.36577733077498786,0.3994580463575914,0.5102563239169358,0.46768546713882997
1985-09,0.2867590276293437,0.1274653500565115,0.15809517419747765,0.11523091243625805,0.010682217128321625,0.31216858444431717,0.19359440676958473,0.2612102440598614,0.336082208994988,0.31905407362625593
1985-10,0.2796428410258238,0.09549413822625175,0.1750927734903278,0.10792328689755593,0.025517340240448716,0.28169751063143433,0.1856021196165205,0.3087134547589143,0.29862196014466136,0.2860067216152633
1985-11,0.25502947014398947,0.03929845262365195,0.12170601561329408,0.1432517346240334,-0.017689473792809163,0.23931880261862104,0.14214635770529171,0.23687968456852726,0.1889270427565346,0.21262636387697054
1985-12,0.29491335149245845,0.08227655714072801,0.17446542678861787,0.22338674157576355,0.05195042006096462,0.2939800168479909,0.2567256709615442,0.27339684899483996,0.2266506157219319,0.29463621429369513
1986-01,0.368103006950691,0.13679904501121465,0.24091423421655622,0.2345833817732288,0.11473505601545142,0.32216888898061935,0.34665215059267473,0.35832303354955375,0.24397787722019593,0.341078323427471
1986-02,0.37619365807916716,0.10740620735797513,0.1952679929099823,0.12774220681594373,0.07224915169503321,0.32429215283029555,0.24440038736814484,0.29825131966623397,0.2753202885798456,0.2758624209859566
1986-03,0.3332326302072752,0.14858376215763158,0.1986887737048495,0.011797975310415376,0.08344105102869626,0.24085491231211442,0.23891576274213455,0.26642160584430097,0.30576593421823195,0.2938569546413905
1986-04,0.4121002714628472,0.34213533630195325,0.35894128355843913,0.006013423061228318,0.2100231189186208,0.2633239385020665,0.3439973592801784,0.3032826208586883,0.31142552462377626,0.40401104232620444
1986-05,0.559990613574773,0.49907689970795066,0.462127567194792,-0.02160833277426799,0.25472716938925477,0.3043913569191805,0.45846014917489186,0.48703976530430415,0.34214592569271907,0.4638033106902544
1986-06,0.4509155151075608,0.3687039228778257,0.3560065165076407,-0.02034426085278762,0.2679040008064113,0.25301328602861917,0.33603466220035694,0.36929482274660774,0.2235714469662129,0.3416590457248494
1986-07,0.5371854041432478,0.3898770942140972,0.3947457431638537,0.05853301283056278,0.2889718920584816,0.2589112352135763,0.4434697329698145,0.4359721300437438,0.22368952952237642,0.36513742684778094
1986-08,0.6783071695267004,0.3395899475441704,0.34821375579401215,0.0429867076426278,0.18675287791956552,0.390171497084844,0.5626939281833407,0.5247014438161643,0.3481760364585802,0.3883819543481941
1986-09,0.5711421734983322,0.25780823681444454,0.26134220385786167,-0.025806469569477075,0.11601281204583325,0.3416337277148269,0.42464731696038327,0.4549076894813653,0.3909017880064729,0.30406443955391005
1986-10,0.6209168677205965,0.3888975278249276,0.39848459719545914,0.15215411152132652,0.25331776855619603,0.4943718460076323,0.5138459939604114,0.5748376322446087,0.586410071461198,0.4658716353268062
1986-11,0.39523741196573514,0.26373445094627,0.2652569039395454,0.07788122259550612,0.1317817123741305,0.2992541702616278,0.29717740603890364,0.3380072815998718,0.3560501400837799,0.25604809203707624
1986-12,0.4033590008924506,0.2192254199564443,0.24802577878861776,0.09474661545453467,0.047726140693114205,0.2656266998833825,0.28924800816925766,0.3187114482215607,0.3705094643440394,0.21839705073788251
1987-01,0.3402836959025948,0.19233409293684423,0.22365774099450642,0.16145281592355865,0.0020508161888981302,0.24115688252262668,0.25311354610750203,0.29132321779578474,0.3126760015221295,0.15856765598067613
1987-02,0.2743162991399266,0.13790881256574328,0.18030832289196508,0.2404615160625645,-0.03191700808869158,0.24205982350970423,0.15892970457025335,0.26218986200146066,0.22300577461402749,0.09008751251340041
1987-03,0.31605380853158893,0.2192907684581098,0.22527652822710875,0.4037739868993928,0.07359813508456825,0.21788713488752998,0.2008498107455825,0.3464389826102128,0.2541001141318435,0.11856220016720243
1987-04,0.2855016899650491,0.17123822982729608,0.21128856144576336,0.3660897124615785,0.17577906247302155,0.16937272127855252,0.2146768397012937,0.33490631466494336,0.18016634129448827,0.10692813794912448
1987-05,0.29458967363402455,0.26499543221496036,0.27296714354601015,0.5163256828245988,0.1609573672089759,0.15749975798528215,0.23016275956999532,0.32748354099587007,0.20780633575594964,0.13203653561788697
1987-06,0.14535572117598283,0.2778835091005192,0.20018087932831397,0.41392850323743136,0.20051847016290236,0.07936658759254778,0.09041483562139518,0.2074220925328405,0.11503263670531405,0.037610021611159006
1987-07,0.10560437983720017,0.27633189500467736,0.2046233255603216,0.4871150015673318,0.25247058538060396,0.057959525834448966,0.04855650202384498,0.15680816492193506,0.04179393900644057,0.02177098740299166
1987-08,0.2524397127698592,0.4407621325489375,0.37003273451930174,0.6587413639952651,0.3661576382975431,0.1662417160172578,0.2296613387601123,0.2807518968778566,0.024455475922643632,0.14243540346372763
1987-09,0.2908993062113199,0.43968502788017805,0.3772393692302807,0.46633702861879067,0.2892809418818467,0.15532593806876238,0.2785284625904374,0.30279560741065814,-0.06657980960458165,0.10756657643169198
1987-10,0.5011500961853901,0.655606443685455,0.5157738804209135,0.5079069141153485,0.48926292609505784,0.3405659184216603,0.4431980122292978,0.5235553665153703,0.06507875394332507,0.2674390799508437
1987-11,0.3407755268427841,0.5019306828528458,0.42779151373545043,0.42253135828721033,0.44084966664251923,0.3240378668612671,0.25921749962751983,0.37469901240593173,-0.011048916712067092,0.19445794290952811
1987-12,0.05190709026128659,0.05382024785030537,0.012862254033143117,0.11804764866834971,0.0321798963934532,0.11851785175123775,-0.10661362515354889,0.08082777240557104,-0.08461782872592849,-0.08281405390438068
1988-01,-4.699003886765585e-05,-0.008480938926023973,-0.01999738652822569,0.0034797762912435193,-0.034253357604672185,0.058230099642099464,-0.131891869564692,-0.007691124929527726,-0.07751817382980075,-0.12037894740593602
1988-02,-0.06032722565595494,-0.09120501363217903,-0.05056894656050659,-0.06157278914507025,-0.07167189160126086,0.04426106034008126,-0.1562131947371097,-0.07609597888931274,-0.1512829602957434,-0.1661125957282683
1988-03,-0.08319399045156328,-0.08515164418924259,-0.09134428288879182,0.0357661082349352,-0.17270805874947426,0.14865584793780995,-0.18840941287800317,-0.11558971629280235,-0.04789300512686534,-0.15296608113770493
1988-04,-0.03877685136922859,-0.0674556403710127,-0.0530295930763659,-0.04036728539549639,-0.1334437399317172,0.14695648530647887,-0.11984565261661495,-0.07973643869069325,-0.04527839071864981,-0.1130966604285103
1988-05,-0.017221182753754505,-0.13669555872594563,-0.05091324312184331,-0.016306970605192928,-0.2088181133527347,0.12943402900475975,-0.10582469435922282,-0.08011378920276291,-0.033802171938744574,-0.08794939592695239
1988-06,-0.044033817346850856,-0.1016246357241326,-0.03889948670566434,-0.0010292687314625848,-0.19043688096776978,0.1015508188782992,-0.09106342117956012,-0.10973185386645645,-0.018543826207772063,-0.09141553483632092
1988-07,-0.10714423581023425,-0.11753281983565311,-0.09006559445781082,-0.059931067494721324,-0.2011252518131642,0.05406929223006185,-0.15667177389509535,-0.15348906853135202,-0.016455621582682323,-0.12337491957922231
1988-08,-0.12707367498064792,-0.11010533959486091,-0.08538923561789102,-0.1079411777215149,-0.1341830928426746,0.024889180493156138,-0.15076767846162675,-0.17757450102705707,0.03255655633092358,-0.10237993938179568
1988-09,-0.14694544238728102,-0.1569330351452356,-0.13100861550394083,-0.09341338762063889,-0.23384952818174143,-0.023195171046920482,-0.18577909518236102,-0.19125343017541818,-0.006571273833771318,-0.1448820298586856
1988-10,-0.12562565862713582,-0.17928741551728145,-0.171646461682887,-0.07115892116323008,-0.2764396849073556,-0.08217777345322241,-0.1500379019878667,-0.17888524389769445,0.015699264709621463,-0.13713197900913598
1988-11,0.18054920882144843,0.15874511723615625,0.17977970573580815,0.11632619123783328,0.0035034405059481966,0.1187525705414787,0.2750020984745747,0.06899456829579975,0.12046678314963821,0.1771112514985489
1988-12,0.3900966933872554,0.3046152890797831,0.2534226397083512,0.2731416568751157,0.1123935286913269,0.2645219779215813,0.41513369200150096,0.19358683411216981,0.17864597168465268,0.26001173351567863
1989-01,0.2766246873632676,0.18898002439856643,0.10577494714416713,0.18917990264185303,-0.03613770125458815,0.21754810789196632,0.2680035752071648,0.10884046943102099,0.1662218991907609,0.16974616194301162
1989-02,0.27947429604041796,0.14462701044660609,0.13731180742370785,0.11679599267748686,0.034234525643149105,0.12039212872908833,0.21962207162749348,0.06078411365329206,0.07347235760439563,0.11032908664913288
1989-03,0.27416527406514635,0.1549496213440109,0.13414557187965537,0.14535992840372303,0.030674172326364824,0.19918699199016188,0.17438534112095105,0.08725027520687201,0.11789640891817932,0.13725454039419493
1989-04,0.27739985284780566,0.16477592025978272,0.12540899540865857,0.10183134020673901,0.040947390915285764,0.23152658288202455,0.16583139629943267,0.10118795179397688,0.1340609923976821,0.14682292628904725
1989-05,0.35251091301225124,0.11590341036570484,0.1208674827303362,0.09414316511257992,-0.03969509356899148,0.28714943330998954,0.17765035632097192,0.17895324035826232,0.1437295164050847,0.19241492295709905
1989-06,0.4346867314687808,0.10894006697693315,0.18558269535910843,0.126003946102905,0.02376718080694773,0.377705187852025,0.25839806307348034,0.2475864712533533,0.1475927216814963,0.23600528421835998
1989-07,0.45633819031652467,0.04754368192776037,0.142709062515872,0.18097023350457864,-0.04210122490389956,0.4180014915682295,0.2446838414165351,0.2547481371225835,0.1703822700632367,0.2151390250582086
1989-08,0.4582069492222707,0.06167139392179122,0.1381485167280989,0.1285282692790637,-0.024573158139074458,0.41842625487074625,0.22960742464354778,0.2115541409585786,0.21307811555361722,0.23201086180818709
1989-09,0.6374467157080503,0.19344475001419914,0.2812504536639959,0.18879282457254476,0.0925926816405429,0.5941591884041664,0.37340129474458883,0.39098467234801615,0.28510007415627014,0.3441587876686154
1989-10,0.5043821077299004,0.2076058250915429,0.29214417732799913,0.2618049133574265,0.08823845341860848,0.500805512198935,0.3031691035115802,0.3459412211231765,0.24166677078311105,0.33330838038779986
1989-11,0.38078752858473197,0.11552310206595973,0.24944032549689332,0.2551175578444911,0.05948307841085021,0.5162551950476373,0.25509875685872174,0.36029650967554705,0.21707811070419458,0.3518395137618531
1989-12,0.36359408193400067,0.06093989943258715,0.2219758873022475,0.2682087448885013,0.04549506045968066,0.4857936963765155,0.23794273068583305,0.3950440449181021,0.23554834132895186,0.3139813752938698
1990-01,0.34273150180951406,0.04498194298131497,0.22114654551330837,0.29510976510807496,-0.021147256563121997,0.4984137712296888,0.23343403090875103,0.4334296908081443,0.262450621128276,0.3014809083403258
1990-02,0.2892002553832065,-0.040243285773142734,0.17000975550018826,0.2919408535804249,-0.09571955034003277,0.4637052204195513,0.17581646834228448,0.35599415746891583,0.2886415222971006,0.19844395826958694
1990-03,0.18212599128777152,-0.04735259476741571,0.11969575069267258,0.2526800902017652,-0.07439483996471463,0.2905181584475738,0.12141713311071456,0.2727891696776883,0.24180329958685176,0.09724844912740238
1990-04,0.11222733995807843,0.01692521003640879,0.13485518520644835,0.24327504187798654,0.017217290060960178,0.222492934975411,0.11376837550399621,0.18798508716842277,0.23760426306910398,0.08612446658821349
1990-05,0.0999276614349125,0.042771510102120214,0.11912622592790822,0.20591249793238986,0.011898127582033124,0.1631204462583289,0.1117596807593757,0.16961824953127458,0.1814198625527419,0.034117551003706614
1990-06,0.04646696312825038,-0.0180380596014591,0.049504658053342254,0.13217218160312583,-0.03079966408776924,0.061984312288925425,0.03403787936890268,0.13533418939700192,0.060225575740720405,-0.04187381930220668
1990-07,0.12538526229949554,0.042941341330140714,0.16574487395609605,0.21291908131135973,0.12514520045330846,0.15760318328958545,0.17836154782889224,0.3197016991847066,0.08083139093351543,0.03808887971206776
1990-08,0.026533174654030045,-0.030889074794047455,0.0772470518020234,0.1451190555634232,0.07902462982763625,0.010476305691981214,0.09589674774267154,0.21337722487335609,0.02914434019990253,-0.05639631662838873
1990-09,0.03899567697843653,-0.10794489628530146,0.033901222930893704,0.197994529728736,-0.02743520239211006,-0.0418519315670679,0.02380530395295266,0.24081115216879967,0.04678088635252142,-0.11855970596114362
1990-10,-0.032061052413631885,-0.19758080874163464,-0.06616742668666065,0.1666705484383446,-0.1205222617704329,-0.17457243205845074,-0.07778889364360753,0.1318127912346827,-0.02739387390653447,-0.2289570603427361
1990-11,-0.04813548701219572,-0.23928924235960425,-0.10189633342225368,0.13922628839071316,-0.1409303372263715,-0.14274750134834213,-0.12333730089722117,0.07892645078543836,-0.03249714335341636,-0.27006313504370705
1990-12,-0.04055351970449461,-0.25598364308856525,-0.1454639897033123,0.05202327602808143,-0.15092665666662797,-0.13510770334841038,-0.16023300429751597,0.046938386540651855,0.004801010167054365,-0.3170945848718063
1991-01,0.008369828782809341,-0.2143519118148589,-0.10886235989165338,0.008552880282770126,-0.047527629004504246,-0.1655852495601291,-0.08382267007088207,0.1364628091427027,-0.01907260162031188,-0.23221721467853573
1991-02,0.16286104191898065,-0.1890268127865029,-0.001952475434210732,0.03215461922795826,0.006026587328745059,-0.025972385957321986,0.011231095006708935,0.2611427095632126,0.044560723536067215,-0.11074433439216902
1991-03,0.22892604832262298,-0.1711166957533251,0.034442783359432294,-0.019297953197914164,0.11277912024021508,-0.023237999232518014,0.08524055217093984,0.34949482340720417,0.02809124999862589,-0.06850208808403258
1991-04,0.2956401834126785,-0.1115769638483588,0.0539605717247047,0.07096885827214994,0.12724322808238941,-0.034390818086032726,0.11816102917194105,0.4321806333963163,0.0859958352630319,0.026686114518904125
1991-05,0.36040272488547487,-0.06248770100845369,0.0992712288244606,0.12506156040641025,0.15276311352337335,0.02142301013130843,0.24011731789290036,0.5163929688262372,0.1692156685325532,0.09567755046037951
1991-06,0.23470046558722957,-0.1497568273090124,0.021892132983611923,0.08633949821420472,-0.002292293259594458,-0.0540612727602634,0.13437432772737123,0.32793601090633806,0.10844262610100275,0.01699911122600173
1991-07,0.25320645806713227,-0.0011664211193307406,0.10563693825074538,0.09321506465859852,0.0477295151913828,-0.021490634240986295,0.20353395629658655,0.32857187377308117,0.10184147894804396,0.08644109795976052
1991-08,0.20053161752545345,-0.011925477795000305,0.05663486192979006,-0.02751302558440094,0.03388986590020182,0.008505520202138905,0.2013995856250821,0.2398019988915836,0.06613264211791425,0.06773655302496273
1991-09,0.3708326588110462,0.1473001506666729,0.2380638706088709,0.03485619982644761,0.23124105790184335,0.16031024534749538,0.43837415145722347,0.4411453122627287,0.18763704777488321,0.26081991616499
1991-10,0.5073014578483179,0.25616336290403874,0.37075202021977827,0.0690428500545015,0.3549580566573094,0.14709123253465806,0.6334052624242941,0.550647051603762,0.22356874189546083,0.445398462150268
1991-11,0.42289257620881204,0.264216524779755,0.36544065315866336,0.1056683939124552,0.3786065035823414,0.1175844205931238,0.6313837212579274,0.5232898840266802,0.18362758729152384,0.5353590979080964
1991-12,0.32808648301171606,0.18945820863649576,0.2905366255242725,0.11045577920394778,0.2684421820798608,0.1155050919609979,0.44864156213485806,0.47954113188696423,0.17136441416544623,0.41905873416887673
1992-01,0.2667706128190295,0.09856778823561485,0.16139686980136347,0.04572831391960164,0.16618187740368118,0.04671323031509278,0.3855352017320812,0.40187493073804226,0.18426464732075587,0.2724311846149785
1992-02,0.38332315160076136,0.1010233742389357,0.21908431545095142,0.09034548603539161,0.10750797168446558,0.14958456658781194,0.43176615050547995,0.5600173403708313,0.26087022827894746,0.33605866819242913
1992-03,0.21490659892196318,0.10331987715065183,0.17842513523986026,-0.03710923225669671,0.11210560832510286,0.08364217322147227,0.3251269919029951,0.33909985208302307,0.1476997890562759,0.24102571556416974
1992-04,0.171210759598019,0.22474828489080467,0.18760525413187779,-0.0545057186321557,0.15125332269873293,0.043919219657635455,0.2524036321263665,0.2259116303990476,0.11430231190717444,0.24102571556416974
1992-05,0.16505956683980294,0.26335066636300763,0.16798908774522192,-0.10178043270054782,0.12332693929274052,0.023274124835967358,0.21091054962698275,0.1723035906852719,0.1089509851466397,0.19779677560027076
1992-06,0.1330122763707997,0.1871405330247795,0.11838211626756712,-0.0026464410976057007,0.0737046651611748,0.11216418479736245,0.08467098898540248,0.09633445783431682,0.13707615241845628,0.1480502149066414
1992-07,0.20775961404804,0.2189600259003257,0.16101941232330774,0.06785363920263632,0.17926088416319508,0.09951954073104385,0.13624642006371324,0.15698128620841034,0.19426189356743362,0.22934418854555627
1992-08,0.10978686668553461,0.2507866584303602,0.08940576221782615,-0.018871977691570008,0.08019171203301734,0.08224457558717524,0.05823804842701574,0.015277468185096676,0.15452971903144008,0.17300609321408134
1992-09,0.10126461258982666,0.28210425999555544,0.10063564686664517,0.01636483507459907,0.08040178432240541,0.13385170814050773,0.060587418611747434,0.04328512247985805,0.19032995471624448,0.1719832218993902
1992-10,0.14804218139660819,0.19068533916570707,0.08689037622300377,0.049418182006646605,0.04859945814969957,0.11871410438531904,0.08971962155998425,0.01052218043749864,0.14224392974265143,0.13906433345582547
1992-11,0.16651058568209542,0.21607593562378602,0.09021059712001955,0.029573217365525428,0.06092021943217918,0.11849459803696494,0.15661858262250794,-0.09752107155896328,0.13750573270075583,0.15232092569848987
1992-12,0.1618248633053847,0.3218446623577531,0.16560057063684375,0.07700612981867971,0.13044331491545424,0.16781404487953977,0.22170764455956404,-0.04317048871348372,0.1116076630259204,0.25453017156602686
1993-01,0.048952621205053504,0.33375981264571,0.08568620995059306,0.02576530954536782,0.10241237536544179,0.10434704580870813,0.15729347646353609,-0.13967404834238095,0.056138430055195476,0.18054448833692027
1993-02,0.08327528645298932,0.24745770712157555,0.07645400388415768,0.09124652050205562,0.036016966870727085,0.2012275733034592,0.16110188140203818,-0.10246240343671609,0.13670730536486553,0.2014954200350263
1993-03,0.0634429333610742,0.21659323198987424,0.0549670550786423,0.127672605843568,0.04589710170554073,0.2351130390952767,0.13225533232199904,-0.14057499107609872,0.1792935450352784,0.20487597375395694
1993-04,0.05664052653786911,0.20331691695823872,0.08559995115387187,0.22898694152482602,0.09591683036606069,0.315726187112491,0.1308778927449652,-0.172233708457862,0.25943855724437137,0.23616505435241364
1993-05,0.04867062975175562,0.17489210789623333,0.07685445994298457,0.16869405027698825,0.13075172457043105,0.26965734302591926,0.20459767661236938,-0.1465619391295847,0.24803259894037644,0.2752328825460202
1993-06,-0.0613616355158505,0.2272453098081999,0.08389697326387124,0.14546745984492016,0.08918163119960987,0.2661373976247796,0.10449493672628574,-0.1450426151165627,0.21529212994145297,0.21553685227013997
1993-07,-0.008437072933556555,0.21427383853600523,0.1465221317191172,0.20861654675036023,0.2343680101786927,0.29944695375502084,0.1922194020311161,-0.06980061884137678,0.20828129410132923,0.2362133846781771
1993-08,-0.059213582812950194,0.2524090587891301,0.11109369542656289,0.13525921645272732,0.1938064325546991,0.28934315608690864,0.1150575568837684,-0.14691422667539844,0.16820525380226892,0.22638313860141124
1993-09,-0.08933889388179284,0.4062063876148778,0.15048356210386005,0.11223299343740112,0.20042343118734895,0.32983449422111355,0.12884168547640185,-0.16918246936006798,0.19649194788107405,0.29663276317636256
1993-10,-0.06014295103771017,0.4114041534831847,0.16958482175564815,0.15833073560024147,0.2380637284586835,0.37341851159623407,0.1272147998805,-0.10028242398746912,0.23054859660088645,0.29700881676197044
1993-11,-0.06980875250919161,0.4258033556891543,0.13656860996876619,0.21642732378993257,0.22895585404628505,0.3743852214585943,0.07601704066783643,-0.12204838044219468,0.2278299714627845,0.2818950997284264
1993-12,-0.04808454078435309,0.41464169744329116,0.1272730906916233,0.22567962330277602,0.17210886248644086,0.3550686790699771,0.05099572547113396,-0.11292049733156906,0.2064164789264984,0.17993303543940664
1994-01,-0.04199532645253912,0.3779581972096382,0.1261618199003265,0.12977881543968994,0.1691791762674688,0.20627279988395153,0.05256266075411453,-0.09196869559596399,0.10974811536340745,0.1045673704590282
1994-02,-0.0200732437009995,0.3133231804761325,0.16663888211719136,0.1058158088463983,0.14854004004518995,0.18413061684058674,0.03184582149259385,-0.002364833387512477,0.10054173337961969,0.09569748929144883
1994-03,-0.0027497888839417284,0.41172362338643054,0.20265545954171182,0.09392531627815726,0.20800501648263592,0.14566879850949577,0.05886736249392244,0.11550062480662149,0.023567007981798227,0.13948171382616437
1994-04,-0.015414866565115704,0.2800609742603526,0.16888225828060888,0.019833919604499872,0.2017434745879092,0.04756363288966958,0.049595319039509755,0.04739451101171688,-0.04422821247611586,0.05550257017712634
1994-05,0.041914307503435166,0.16859920258520278,0.11688779557220519,-0.02737500961161332,0.19900147537188229,0.03968964759303173,0.08670972211728567,-0.03574352698348682,-0.08050638047526992,0.04448046930989191
1994-06,0.027300918949768382,0.14906475498511385,0.09178674095215356,-0.004735830401040975,0.08576122199622271,0.014036782824271121,0.028612272158054397,-0.048308645116424076,-0.06054538453320646,0.04170587538315362
1994-07,0.02047362455336499,0.08142044026438566,0.11707529376073134,0.015896099497612948,0.11424771967827074,-0.01513227983151122,0.040051889642666705,0.023200631085403156,-0.1383856496968957,0.04924118670068567
1994-08,0.025281263505582574,0.029102237863182445,0.08911765801739535,-0.01615715655302341,0.09918248789894935,-0.02978862342516808,0.005359401315461643,0.05106059296137255,-0.1814072020124028,0.0011325479845181174
1994-09,0.011715701246352683,0.05993330918763906,0.10080030780865279,-0.025874821769271805,0.07040591718263056,-0.049607668172302555,-0.023564149246774635,0.031371697062940296,-0.16964535756687216,-0.00631765073924806
1994-10,0.09303637038687551,0.049019144419766514,0.17507711993476915,-0.039716742596706656,0.15491721439892747,-0.03528302490721469,0.023385536811325602,0.13395656538445255,-0.15878121671378187,0.010279519566738227
1994-11,0.027478926821612015,-0.07552327512101886,0.12115672046550796,-0.04099019790082192,0.13173933818275607,-0.06890965643505331,-0.04422698885428533,0.08878242485842236,-0.1658178320590301,-0.009166835473555457
1994-12,0.042887539191267976,-0.09765488242168774,0.11263796504061685,0.0956031565307065,0.2145467669562764,-0.011186807615576111,-0.03910474365759353,0.08802767372215703,-0.10304226882807865,0.0203022171711027
1995-01,0.010615272776952622,-0.1798197815807241,0.015056956155983015,0.036140003104686125,0.15508765374151534,-0.059797408910035155,-0.05418605934009757,0.0679302118052798,-0.11478278435271849,-0.05642196203877936
1995-02,0.02827237263268012,-0.20499840357008148,0.006828072868118706,-0.021851432995852682,0.13123954313090858,-0.07185246806955214,-0.08973594039358546,0.05564911933612127,-0.10089526730562048,-0.08318500336079182
1995-03,0.06035055462101857,-0.21597885881008871,0.00956484503840338,0.011714464861977136,0.1032143401355301,0.02302483519444909,-0.0923269943520253,0.18378246560360578,0.005082137516280838,-0.001849257949117944
1995-04,0.13747901305426935,-0.11873072752477054,0.11465083947434973,0.09649617898855634,0.22316883075733518,0.07736540118880098,-0.0207890840708167,0.2989235590408681,0.05488633254623587,0.09357524617548307
1995-05,0.15467098075132601,-0.10082343519603143,0.15331375843652473,0.10796734546420206,0.29856879828751737,0.06304860532695544,0.012532033814808718,0.3055293316638634,0.014810361036597275,0.09929286362120648
1995-06,0.1927113323726315,-0.06314224801032686,0.16359909281693708,0.12201725830543597,0.37666863589634647,0.06294400544450696,0.013460110839386807,0.28913355537702934,0.09780520670886328,0.08574373768177601
1995-07,0.2735628141287785,0.01659445442656593,0.23313545918098444,0.2002009891513854,0.4937979547332838,0.06600754908969608,0.06862431529095048,0.35654010388245494,0.2019748489355484,0.16456300275426972
1995-08,0.25821868383807023,-0.010225248516848251,0.20377789829217408,0.12673590197039997,0.5790097864158914,0.07396900217213132,0.11097122693315198,0.40189228539702193,0.13741397911440711,0.15912005980079336
1995-09,0.20008316709307694,0.014529021978428425,0.19113437983403037,0.15369184597149355,0.5576073275469882,0.11702556977059819,0.10203323411039711,0.3336121524382061,0.12577542955661003,0.17345784175426293
1995-10,0.2116409504037644,0.07704213319155073,0.20845336471621323,0.15981972911659237,0.5644876329793811,0.17951572051244358,0.09763322426904719,0.3246960550666793,0.1695510814825847,0.27060285360426084
1995-11,0.2653467576966124,0.08909939297692326,0.22827983435707777,0.09383743354022012,0.4797390734269349,0.24896152442365982,0.11486162334691286,0.4096309819944508,0.22377478060437772,0.3266028394566973
1995-12,0.2937858539491245,0.09104974478147465,0.26318446941328455,0.14672425500632258,0.5335422712759785,0.3225152957393691,0.09108221825171059,0.41805255512196915,0.23841907395026185,0.37123332941521725
1996-01,0.33451591290597515,0.10806457522569879,0.29257780033617076,0.21366765662167997,0.49013730751743534,0.34782220155710664,0.19021034578865925,0.47952922948143795,0.25359850056669253,0.4349267118762199
1996-02,0.3305835410969995,0.21164069095767135,0.3171056320895378,0.27932687128199407,0.4405662075697787,0.34730460470550995,0.16174089859635243,0.47715774193654004,0.2403803653696044,0.38516759873034023
1996-03,0.32631802168217505,0.1926223581943518,0.28927594136033874,0.21921687187534733,0.3777625992330127,0.3575245293003604,0.12824437551194579,0.531006436008308,0.25317540187014376,0.36693823304039297
1996-04,0.3322552179645202,0.19967720799141975,0.25676690641733324,0.16988305848069496,0.4017489004632029,0.3220425433988545,0.13684612282573094,0.4730555258587281,0.2414408332215887,0.3701577146491244
1996-05,0.2964320649005088,0.23397397359843009,0.2626265287104881,0.20181393045448837,0.252028700062624,0.2748174456568957,0.22579958929428878,0.43315431307090413,0.20627597273767972,0.370696245734768
1996-06,0.23974797079793753,0.2198445006182952,0.24366449867947138,0.19453930731664903,0.33426455327311144,0.29970487374077304,0.24490233929790106,0.40156653720473456,0.10730764981408658,0.3150600971428148
1996-07,0.29912614367152135,0.23788488082595038,0.24585705117469447,0.23878150388393204,0.2635983996312081,0.2510300690921583,0.23837769391374009,0.3939201653995401,0.12710881132372176,0.30579729857166615
1996-08,0.3254554426782106,0.1498097219227572,0.19704705766152997,0.22279566377124493,0.11742407914652864,0.19721208191887807,0.1752451823383363,0.31832309186123187,0.1909138268397892,0.24347402162571008
1996-09,0.2636869010828131,0.08900521931487626,0.1515789443268214,0.18490167093947996,0.03410590193080543,0.049596451584561496,0.11593329164781063,0.22319713581185674,0.11072555054995292,0.1479236171486864
1996-10,0.17441303961776677,0.12900994003246202,0.16216869396160138,0.2042035542157179,0.06606750431101105,-0.020575150426813127,0.15042321163459293,0.18822586362949112,0.07509456158122907,0.14177029824753506
1996-11,0.21190921882179525,0.2034462420724572,0.26710411070451334,0.25575708516118745,0.1625147270327525,-0.0061991691100623525,0.261911538111242,0.26267374759241946,0.06661923985019857,0.2242489607472038
1996-12,0.17747207397008546,0.17743811475563054,0.21019039477548151,0.26977784849393505,0.14523347154853705,-0.036170786735889804,0.1616862294031418,0.19312019511854017,0.08793482418664178,0.19921248685387227
1997-01,0.2198104945196946,0.21148396748192377,0.26492262368492536,0.2666574114371445,0.33666300803365745,-0.023488823403467363,0.2079615481419721,0.2012328265330774,0.062056260338244185,0.27516458894060936
1997-02,0.19472716790984612,0.14439395942479227,0.2199873218852575,0.2819198764810704,0.2744225483908789,-0.017569416584051534,0.17003858278906958,0.10302737055908606,0.0440181950487768,0.2099769132980136
1997-03,0.22401083129690202,0.1551615591606328,0.2596459781368301,0.3241767878717059,0.30965009908915975,0.029428645540026332,0.12173989212897096,0.2222765877038737,0.08252662328493332,0.25570347375748415
1997-04,0.2856063743401809,0.11320198172897866,0.22603268509170138,0.18861921745345178,0.2542402624772362,0.07754358784611193,0.09199478410894257,0.23105853704173218,0.0819825306918065,0.2650771565003942
1997-05,0.2161731060444796,0.03884524704206216,0.16211400290612188,0.20907105125787084,0.07882044458517923,-0.03463071061648393,0.03209059148303739,0.14596574954322428,0.08053751601140857,0.18883423068456517
1997-06,0.2020196133040273,0.05479778066741492,0.19722284401855772,0.20317725086873084,0.11817677806268279,-0.010395094329700427,0.00954852281188745,0.16978719135838527,0.05163644348484975,0.23099977975318042
1997-07,0.23381722516759273,0.17815492366235364,0.2964202776145515,0.2788450288524529,0.2934458520414316,0.048754835884903924,0.08904700247984976,0.25492658994747663,0.03525301261836211,0.30836915243814866
1997-08,0.33193109101468754,0.27553227907505007,0.420808555110437,0.35809399729659663,0.4169371721844952,0.18570839602941946,0.23900021607092659,0.45747661454642397,0.1336234814890953,0.43749801395815413
1997-09,0.38765761614535554,0.33063487728768925,0.4761754646833718,0.4173308541827605,0.5743746357605501,0.22860441319424551,0.25920828973739884,0.4265972806556406,0.13296241229977324,0.511095256131741
1997-10,0.2517674823618681,0.32879716511623536,0.3155402035462609,0.36663889401008576,0.40306446301263277,0.17988097504060652,0.1839084113001701,0.2477411014676294,0.11225670273847421,0.37003669239920334
1997-11,0.3009506655684049,0.3541578550530595,0.3381906891445092,0.37037922318395244,0.4795978528690519,0.2977625530464689,0.2758730499427684,0.34162056306065525,0.12309908542128345,0.423551691159457
1997-12,0.19814636706257138,0.23398975418499735,0.18782084549252454,0.2722167546670806,0.21244273264673863,0.2656537250679756,0.21301362705741034,0.2595704170034798,0.10438076733092871,0.28775453123033246
1998-01,0.26920061927842154,0.24459494544257243,0.24241959571688998,0.2183188923550612,0.26455059428012695,0.3613464945629108,0.3227965731118969,0.32928785947266004,0.182138526341046,0.3499192779258391
1998-02,0.24543686300257028,0.252329101817786,0.1892309664512215,0.15048532489379718,0.10813042927859606,0.3862337557304998,0.31949288536686216,0.25589010872145446,0.26518809185588954,0.3396038570284814
1998-03,0.16316508559059062,0.2515818144372879,0.18946722968087304,0.15146176056101024,0.2597831894747489,0.4202915607850075,0.29058580974715387,0.3147463478401751,0.21670808954299692,0.28044030557738453
1998-04,0.2883685878386282,0.4536628252292416,0.3219182817198494,0.16853180091523612,0.4734415637761691,0.5780846125636607,0.44550848990249436,0.499623671504255,0.2846715184723094,0.471051614604725
1998-05,0.2953420005731078,0.4868501953842681,0.31489280731761804,0.22425405114382424,0.38627753367536877,0.6951052297505458,0.5117603725069768,0.46441991038381025,0.3900664336375157,0.4822489627653699
1998-06,0.18320864698814243,0.4239073366897319,0.23440409902327275,0.18341516274376013,0.3233678616080533,0.5396887686519833,0.4168030577762736,0.3946269794151396,0.3079743119173419,0.4260512750324945
1998-07,0.15487926443812694,0.4624844101559269,0.14417056745018364,0.11856569440620235,0.21285888213629733,0.4611119592717159,0.3766310966709143,0.24897704136103682,0.2543313863849552,0.3138107374158683
1998-08,0.16381968839352168,0.3761997352965507,0.05962278900079521,0.028293288462780897,0.1369506452025946,0.47082888966100445,0.34419470533933616,0.29913184909443813,0.256405064646994,0.2401998089805928
1998-09,0.19204781845713215,0.3453395812006981,0.05558997153552103,-0.041223398103951925,0.15897250639656058,0.5650258418116478,0.3386789289530441,0.379929825651536,0.2023811722476645,0.2789885939382142
1998-10,-0.018486304491900585,0.03647038369145905,-0.12512327438941107,-0.19137909368560124,-0.07757307622000509,0.2508788397298023,0.09077542359136936,0.1342580491684091,0.1718102114545199,-0.06953579790994924
1998-11,0.02620626543262916,0.08119853747385974,-0.06472927782538351,-0.0678329111225624,0.1580621486400613,0.34073104254476383,0.12916341921913865,0.27024662535005484,0.25636545319690196,-0.014014271447785553
1998-12,0.06987256622550753,0.21335964902346416,-0.0014625479143199893,-0.02302090021921266,0.2125175552746541,0.2930035370548254,0.1868492913623252,0.2833483225658866,0.1514534285084126,0.03780913078156889
1999-01,0.09709106458568217,0.23221045511173766,0.03658841796941026,-0.002497795525218005,0.41354886429283666,0.28679672284085234,0.30107684959960057,0.3164485932503045,0.08024049542410383,0.04629392831433954
1999-02,0.13160426143601822,0.2720620222240191,0.05408966248771385,0.044236990819689126,0.5465097550909277,0.4006725390214587,0.40836088714834884,0.307477904369553,0.1620323923794531,0.10338973121602968
1999-03,0.040717981673197956,0.1883454103775899,-0.00989000700682463,-0.0707571754134746,0.612804762718081,0.4925826987932018,0.3037354180903993,0.2424323344089716,0.06138480890075737,0.029660454351964294
1999-04,-0.05629643539437368,0.06881697768939365,-0.07545019545613896,-0.14222375142652222,0.40776157503859345,0.31660192460539394,0.20448109700158046,0.20152970590603103,-0.0413715648194376,-0.027607723892918323
1999-05,-0.04449526431983031,0.046033747418411375,-0.04220220801749386,-0.04680503243155465,0.45179595022281993,0.35101666651314956,0.24484460764881044,0.20860376952631943,-0.03301514835032171,-0.02369947143527784
1999-06,-0.017937714297463603,0.07815875935043226,0.07507915426607847,0.15273562514780026,0.5970380149503611,0.4827057019432863,0.2236339768486839,0.17104408315027086,0.04949776387213589,0.07491776107244652
1999-07,-0.044059401750853544,0.01855722192194209,0.047351946579989646,0.13102553743237966,0.4564857452880937,0.45000637285156087,0.1278450354727274,0.08029368009634696,0.08750384794245658,0.0019430318754032339
1999-08,-0.00018146901252424907,0.038833674298520915,0.16161256433274662,0.19162267081422346,0.6164499576635465,0.4784926305616648,0.2555234135098645,0.13109152809766922,0.09808111340505388,0.050785970229598076
1999-09,0.12246600555970222,0.20458045870967423,0.3398737992606917,0.35159611942369895,0.9296469550485511,0.657990138425381,0.3901483016717613,0.23396496731869432,0.07072601309072613,0.257679936876561
1999-10,0.05761881878778574,0.20219041811699645,0.32416695361070547,0.21960758292752036,0.7672650271769015,0.37952838669201694,0.28822966386689464,0.1422625123471113,-0.004403971557130237,0.15950763889124486
1999-11,-0.11294949237809726,-0.004278152290876136,0.15256196150981216,0.15787971791576783,0.662270748658059,0.3525168228154354,0.1785980491444612,0.022348601294587933,-0.029843715335930998,0.021552557985687004
1999-12,-0.11136562247444026,-0.010333473295568552,0.17694479280527675,0.1327909813582051,0.5334991028055405,0.41305780350098065,0.11130188792435458,0.06605763839673884,-0.021897108050120573,0.07337672358646974
2000-01,-0.12403129734597962,-0.06700032473786965,0.13820757284479446,0.19071518605503512,0.5015373325343002,0.29224562308101754,0.05971517695771422,0.03131476510422071,-0.1190797986560681,0.01233160186591209
2000-02,-0.11649940028596906,-0.08612281569891422,0.24785297875856394,0.26088255469555066,0.5756551047494285,0.23777545111938747,0.10721464368766465,-0.029362908550694455,-0.0826214479231141,0.01664280904430515
2000-03,-0.12321698634774636,-0.0557878348168781,0.16459477960362956,0.32005566611086755,0.6889782582743227,0.22553917851023697,-0.001307205131103939,0.04292373118387505,0.004670876685633596,-0.03174454993030629
2000-04,-0.16116288792869526,-0.13577529516160924,0.06908157051921981,0.08096161416434655,0.8379920125998068,0.18839788846476968,-0.06597426536360784,-0.008149111763574468,-0.050792348816633526,-0.1243915271875119
2000-05,-0.13274688721181516,-0.12408484124367847,0.05022978951326196,0.045013594690106906,0.8708839095591032,0.19413308013067865,0.055082467129114354,0.04959599128819159,-0.06370192655978857,-0.06161948317087296
2000-06,-0.16123611346795264,-0.0034207201379191643,0.10192672641174316,0.05353331336714695,0.6875120067566982,0.08748439753208137,0.03877012224461995,0.1253400318966178,-0.05764884241593249,-0.05127005701502152
2000-07,-0.10401344257348621,-0.13415201574253588,0.036239198849355114,0.16977272786472009,0.3485272086980966,-0.07530959284271543,-0.06600080708328182,0.11768905590651335,0.0257232367546818,-0.048508106671542595
2000-08,-0.061583574847876466,-0.16142572047172687,0.03498111807373894,0.09277765162096796,0.5455848124113831,-0.021585719980809825,-0.03857072552288565,0.2976182878144762,-0.016576755909713414,-0.019874311923355203
2000-09,-0.009356437047249755,-0.1269991620775741,0.02530548035953939,0.0434568392440402,0.38979525659938785,-0.011135082439460375,0.009889235781043837,0.16918209066861412,0.015591294130623101,0.08746885526279824
2000-10,0.0420433739857482,0.004575012010701762,0.13709924259595385,0.18154863877331673,0.5675888840202106,-0.06915353054095796,-0.02670890281198901,0.3021666456924734,0.1847150428606914,0.2445793373379579
2000-11,0.01398836007074733,-0.07955574425329215,0.014364379687810569,0.2551328423258967,0.2976245426696762,-0.17874071877367048,-0.03189551363897691,0.2191422031873811,0.2617168819816291,0.1197081447377748
2000-12,0.1019562076886138,-0.034851140830011396,0.059233254491209975,0.175092582079317,0.06491528987339379,-0.21626695301764198,-0.08673772650052325,0.22562700214050535,0.339212230194879,0.1334877547642883
2001-01,0.16239628728040922,-0.16532235887255287,-0.06908880100391679,0.13830890292250642,-0.3226874181177918,-0.3741682059541048,-0.15346164681989305,0.3083483838276746,0.41232501506570474,0.050991308707479144
2001-02,0.2863461852523759,-0.1533947671629179,0.09020769604347523,0.20821689439345836,-0.34255163351638374,-0.3769019485802023,0.005210785262859785,0.2580226167641553,0.42477017580107623,0.17479311955995058
2001-03,0.3424771561014339,0.04955281908358544,0.12146650802228254,0.23599052427517253,-0.35291129093471263,-0.25274815762655345,0.11363331243957231,0.18059789935124204,0.3763221637970797,0.2763920494635912
2001-04,0.25137915304847436,-0.06534997849667179,0.0034997464362331865,0.10402048527331154,-0.5404047625977836,-0.3809135470499847,-0.07022078059216585,0.17457504320770756,0.3800914850502779,0.06868257027053914
2001-05,0.21538477104524412,-0.16871269133566336,-0.07077862036581783,0.1289962788289878,-0.5575657250675813,-0.3651780672269942,-0.0545492506168036,0.022162078252252027,0.2982521370725244,0.05031579150804255
2001-06,0.14525332487288556,0.030458780383320727,0.016867718555721334,0.13549840567478966,-0.4143391050501992,-0.26660191905231223,0.02747349114814801,0.02738523580599006,0.3163597322894842,0.07805998222712285
2001-07,0.15892732229258533,0.11458479662602006,0.052198515503109055,0.1970867868146018,-0.49665298205504116,-0.3062374341492061,0.06760999525067324,-0.048703660836277196,0.3874807207629507,0.15340287558603283
2001-08,0.13315292592706296,0.10458088457762482,0.018032759545625998,0.13829029235330093,-0.4617270790910232,-0.27189719714656246,0.05291117369225118,-0.012784567058890084,0.2536349826090587,0.09374033124336112
2001-09,0.15097416271145536,0.081743381463254,-0.04717593038709811,0.02336222421500933,-0.5584614298933552,-0.2679798843304796,0.12788794272054171,-0.024421309360224908,0.07961257323739113,-0.020499664907195125
2001-10,0.1316673561644781,0.015263117306132168,-0.01160922068362602,-0.05552357845496958,-0.5475873710540923,-0.30007998150112636,0.022635980015858426,-0.0881298820970946,-0.0024498898202671704,-0.0737493090593726
2001-11,0.01584728807916691,-0.18095838425415578,-0.1655075915442994,-0.08827268371895503,-0.6039617103142924,-0.3153642211117398,-0.05813404751516493,-0.1121640837153467,-0.05246435176663222,-0.13549309941890375
2001-12,0.00180149305411903,-0.0684162041027182,-0.10506457970609218,-0.01662894918148261,-0.4033641911896305,-0.25827706379698845,-0.033292999253388245,-0.10766982746417886,-0.06350789079033126,-0.08951847164922211
2002-01,-0.025371802375839136,0.0705580771997043,-0.09259889983100655,-0.12374778643808593,-0.24851511919319946,-0.17986657477187118,0.004581203293133829,-0.0944775850834676,-0.13299495440220666,-0.08327585386302816
2002-02,0.0151795855236736,-0.06097709920280692,-0.05942588445419639,-0.038454519300444856,-0.3572469219678793,-0.27146589239475305,-0.014960974047499409,-0.03816080138169631,0.004825720663856892,-0.05549081316226534
2002-03,0.022580035867515003,-0.02198981927097421,-0.007122885616548946,-0.06577060577825555,-0.13511326656789724,-0.24588191871630805,0.06765453103397157,-0.056244848248941715,-0.09463480226114918,-0.028955776999408767
2002-04,0.11944699578691176,0.04478236644136202,0.10289149182604529,-0.012840291751277766,-0.12768072467102398,-0.2198086871825633,0.09755281502874569,0.027795923387133215,-0.10726780502029587,0.014258232924701408
2002-05,0.1513931645132922,0.02738534635618395,0.07602421420090133,-0.033746328110299206,-0.2127616064525384,-0.24718776892262317,0.061071656120119666,-0.008780794845636652,-0.06593839498803178,0.006226776329143924
2002-06,0.1371399415870156,0.06380930875747493,0.037470630021015916,-0.07863223794333718,-0.2835154703354198,-0.3323641451744398,0.027342087679336435,-0.10831745143017524,-0.07421265425408785,-0.055812871497401995
2002-07,0.16935582742198485,0.020555861576084133,0.0852367135636718,-0.011725047960402413,-0.3188415984127583,-0.29339813967290684,0.03936395156718753,-0.10188395540874795,-0.0818083522426265,-0.059971037211956624
2002-08,0.10457450217469821,-0.09231212156548929,0.04734572714560259,0.010917233849648822,-0.35259368625512066,-0.38928595270598576,-0.05656968910831106,-0.2055870301704088,-0.10061905883665767,-0.08822091097866247
2002-09,0.011217974978444678,-0.11118234205100941,-0.02053580945328415,-0.07634639887540373,-0.33088256688608675,-0.4095405889067395,-0.10228166485091428,-0.20279961624118203,-0.21441718448668978,-0.0994738807482296
2002-10,0.07169400851519425,0.08102058192708106,0.10747892610385246,-0.009302260912725457,-0.18185937560985244,-0.39412152594424266,0.010317551680659509,-0.1925307575191203,-0.13030767533108922,-0.011503240638971568
2002-11,-0.023645278774713785,-0.047007679334095775,-0.02336426431903893,-0.13170252371226598,-0.41025991292879604,-0.3959975181231171,-0.09919900088411426,-0.24954641112111786,-0.23833549553367406,-0.10753776725029329
2002-12,-4.068032824555701e-05,-0.1938385977081487,-0.06550565508970907,-0.06507775650572178,-0.39255091730356695,-0.30418457590867176,-0.13275037221991237,-0.24483017260788176,-0.23199923811597722,-0.11436443731423696
2003-01,-0.02928671794353488,-0.08953191364799895,-0.032638112366344396,-0.09110418491289485,-0.28924117092568913,-0.24172395158234494,-0.15303108040261715,-0.19354265603257836,-0.250158425680709,-0.10992259228533463
2003-02,-0.039872468020486385,-0.17247878743621714,-0.08378751505040039,-0.05638778962850133,-0.3776930638080772,-0.260997311563666,-0.23227191100523759,-0.2074257212837851,-0.1862020417939586,-0.13912769211181142
2003-03,-0.11512421337997059,-0.22592670539690685,-0.1577973966920747,-0.12843699780957651,-0.29428888721309765,-0.2713319507027242,-0.2677173440574745,-0.20861995676150924,-0.2094790809437701,-0.1575102286110781
2003-04,-0.17206997691197268,-0.31051063355636166,-0.21558695872216205,-0.17489230129711497,-0.32967383878382106,-0.3207762453989623,-0.29138795591574007,-0.2282981953540717,-0.31176155002466965,-0.2210732159241534
2003-05,-0.21049916129737478,-0.34095017195522725,-0.19304772725890385,-0.12259369912684315,-0.24651078609264254,-0.2247786652266699,-0.2460102787686489,-0.13414139322961438,-0.2790705692214632,-0.19071709755245725
2003-06,-0.18625360379401568,-0.23848867413326202,-0.13997366560679247,-0.12020704084318656,-0.14670726714650661,-0.16261043003028441,-0.16637317448680655,-0.07610441129811585,-0.16947504445227213,-0.09170259144220694
2003-07,-0.05122107248106955,-0.14711394840317227,-0.07224947271085236,-0.04411255932427405,0.06649450275826485,0.04008480232687095,-0.09100417382396997,0.06145360329030458,-0.028658784338701615,0.007273014042961101
2003-08,0.03301773344301662,-0.008258521746740466,0.0196331221431012,0.0737336069470782,0.18519073479282278,0.20210865469885952,0.06160695788244941,0.13699102549072517,0.11791075338493129,0.08559136865401262
2003-09,-0.00678754645689017,0.05137212766125221,0.08429631072192634,0.03905573531259554,0.26369286746892273,0.1791942082869351,0.07672213943124695,0.13507062336123266,0.022445067191614765,0.11221320781412292
2003-10,0.07954131316612623,0.27474445512059575,0.23133758436662988,0.19736656031301703,0.6070415530426134,0.3245169776054915,0.2689769649016893,0.17209821674895953,0.16929534614193664,0.2517996976538819
2003-11,0.039261454536664964,0.2550906707369911,0.14211366227723832,0.13560594269749204,0.3337489039116337,0.02624539973894402,0.1458242628595845,0.11242856869720508,0.22164834232195085,0.17978414821186495
2003-12,0.11302159416711066,0.20264112757198416,0.17049182762699755,0.1205042135041745,0.24209453268729386,-0.0194634106599465,0.22599822747380283,0.08123597730282395,0.22080648975291606,0.20401388023848077
2004-01,0.15563703457723754,0.32601862450625174,0.24216452608549632,0.11839298977781798,0.45258035705542765,0.07675898864759767,0.32551749010607045,0.1478620290790693,0.18694418896809117,0.2791303853179534
2004-02,0.24429160879222933,0.536040207890782,0.3820100059325029,0.30307121680779625,0.5065598890568783,0.2079149484703524,0.3621209235266809,0.21992097335928462,0.298170387892986,0.3663974245129704
2004-03,0.28195859118359223,0.6010569292204728,0.4042115377990132,0.28108708249774783,0.5564509095031074,0.31250191888841594,0.3850090775205497,0.2828830309398431,0.37780196032258084,0.44489857151222556
2004-04,0.3725303215937701,0.6432894685625297,0.4132200010794054,0.31945658723462667,0.5259600000369249,0.31263373589342636,0.40379693470510425,0.2477592691749806,0.34874276836869655,0.4604858581605662
2004-05,0.31375267704956467,0.40890111411567065,0.32574128417345527,0.3259524550910011,0.3625741015167594,0.1558397187262177,0.291848734626299,0.14987233312576853,0.272142530941061,0.29957600456530487
2004-06,0.2162466585685261,0.4034222064193236,0.2645590712692152,0.2527358645282731,0.18027707463805998,0.08245824674162439,0.21444767012414356,0.1451153088498005,0.1135866399659271,0.18929173467299099
2004-07,0.17353565550842753,0.3477895745304107,0.2787718398243595,0.2718355328990094,0.23296906561343111,0.0289131968244416,0.1775821859382405,0.09476365644453844,0.11579045282950506,0.19883812556670954
2004-08,0.2136442894470736,0.33098484842067566,0.2827919856483285,0.3773647083541747,0.1987588443800279,0.055188220977756774,0.1404157813864091,0.0840862242857443,0.20380776041233362,0.17222556221564855
2004-09,0.13788984481711397,0.17488396876234025,0.18235241716880246,0.340138635155413,0.0340792633634619,0.031637703701342224,0.025444603575880187,0.04939278780160494,0.19365004186882273,0.13774148684138576
2004-10,0.1339521204183991,0.1991690742863974,0.2447495736119516,0.35109867306304254,-0.003288292534804005,0.10468656311880609,0.061323348347967155,0.06341259174631242,0.19169587673864452,0.1561251015300258
2004-11,0.04884951155097483,0.14318326623332833,0.16530233753331203,0.44639997641633355,-0.04765613913604383,0.04781324946951826,-0.0011704230580121822,0.039375903839287796,0.19016971710928776,0.09915598800719971
2004-12,0.04125575603728393,0.07585890001584228,0.1250053425147719,0.44625627050710204,-0.016989657066205033,0.08935882864743805,0.023661258946313213,-0.004007985291697991,0.22895781388283454,0.09850399236428875
2005-01,0.05303330084164992,0.03134391603842168,0.1302756757974235,0.35688374393175115,0.017461415158004145,0.04945854246289838,0.08432576596469077,-0.050865996585718,0.21769681747752223,0.10282300499249497
2005-02,0.10260142843473607,0.08995717366091993,0.16692711261582915,0.3224979840835356,0.0036369465949541713,0.07557885837466571,0.11724954482175698,-0.027298750720145093,0.22450760332741138,0.11911507387760145
2005-03,0.059982171225912095,0.013442180069923149,0.12424163521995735,0.30339551654990093,-0.03161284213600457,0.0343184522791522,0.04216953299726023,-0.07521554335490432,0.22031038796001745,0.07199674608289164
2005-04,0.068681854745132,0.024846486840783166,0.1732834634711291,0.556594625593738,-0.006382527427064799,0.05110488015629677,0.045806941618610875,-0.014102198577129688,0.23503036693283952,0.08073760942421582
2005-05,0.04486545604950054,-0.07977867666062799,0.15894502987967574,0.46410264024285364,0.018168004173675367,0.055221892341301926,0.07741336029006152,-0.05210560141431686,0.2885658531277919,0.09577591053146883
2005-06,0.0549849604153585,-0.16781530387314836,0.08656083651156377,0.3744072422926201,-0.07254733646337641,0.06566102070741531,0.017473514323775197,-0.010507905874856727,0.2996368810975847,0.06011902630163024
2005-07,0.06183349069837374,-0.14040234682397246,0.06189910432483403,0.3306180489102646,-0.022502651979175448,0.07306144446232787,0.08257228960791152,0.00918248956602552,0.29492389819053644,0.08031475940558952
2005-08,0.11039122769723586,-0.0796463885353147,0.09399736784934931,0.3620418588148433,0.05089779376246906,0.08595985980485499,0.15555595860617344,0.06657726281124954,0.3525842736294582,0.12190787322255647
2005-09,0.13154363524936064,-0.0076334486999373174,0.14246833865696296,0.4624479053934676,0.16799437482470236,0.10699852072427296,0.23777820950699757,0.08840410959054301,0.3435818317580943,0.12774426086299595
2005-10,0.15579594831349253,-0.057785306668865166,0.10548437242616049,0.421996074891406,0.12464333674885797,0.0793590629384997,0.13874147721918462,0.10054778055666125,0.3418589511294836,0.09684562977901479
2005-11,0.12803616620211256,-0.07080146841179025,0.1311724415571185,0.5155335750482135,0.0768294151655653,0.02941872491850117,0.08504185001866804,0.10618756625183745,0.34366114081826105,0.09825615437958146
2005-12,0.0621504862910629,-0.17890622905522136,0.029690777024996118,0.27749611918119266,0.00034224115730463467,-0.03673903545935475,0.06274862014947002,0.06300372662364917,0.1932694753286397,0.062063741230192315
2006-01,0.023829126758942776,-0.1998093599516988,0.057712989938571324,0.32091189475373394,0.032946275790038504,-0.05097806296360319,0.06726658529793172,0.022057056480186743,0.16183087673977026,0.06714976623368907
2006-02,0.02076468758875749,-0.1449888138438511,0.09216618179324798,0.287706403077405,0.08157237609142687,-0.02610290567495055,0.07201143017548128,0.09110344645090818,0.1558938478885057,0.09289313174847491
2006-03,0.014380474810231192,-0.09321670793524817,0.10371016949357048,0.21321455506346698,0.12514667055957096,0.015959745044190843,0.08671257072643224,0.0884406598283709,0.16345978065604472,0.10849809608597161
2006-04,0.034842007332878344,-0.018111396135972124,0.13068452816388287,0.15416206532860488,0.14304095887649426,0.04990637918232177,0.09950762993075446,0.10517412254478375,0.1590654389738133,0.14653034334004778
2006-05,0.057829208626621664,0.13322860115436885,0.22190320233069238,0.27166918947107654,0.23150124462471178,0.09061703470163618,0.18900513654779516,0.05244046551907755,0.09346866782656327,0.18684123641957817
2006-06,0.04459729826756664,0.04439081080562546,0.23579521230763256,0.3018106139423793,0.12509207137601885,0.09029468483916281,0.0995197363434559,0.01780160904653405,0.09518964940095098,0.1743106576933351
2006-07,0.07359913518682282,0.029354038113321268,0.20841367128220045,0.18832069468605606,0.0649254965952355,0.08822705343763126,0.053259192965475544,0.0012170324356370887,0.053170721018288125,0.12209076944449926
2006-08,0.04840807379260381,-0.0053092784803260296,0.13613493614834105,0.1528584848909107,-0.010932759828584104,0.086327694670844,-0.0018769303363175283,-0.03575424826459883,0.04744363222657877,0.09184986988716304
2006-09,0.084758753409514,-0.006742993100039452,0.10975872970288592,0.14479577551732326,-0.04468932092658462,0.12635029394819086,0.011974141922786563,0.007094670184471408,0.08447917003765171,0.10028886003375348
2006-10,0.11383119583923995,0.0629282855566482,0.12307495404779356,0.0327283166050365,0.019270090784499594,0.16921859398174122,0.053401189280521955,0.050841211379391904,0.06266075408556238,0.10583269839195575
2006-11,0.12344293712313203,0.16867165229152747,0.17231950689406506,0.1057228046998937,0.07478928224954817,0.2498834634644458,0.09645432041617452,0.10287273300960997,0.11662087611266614,0.12767846485564527
2006-12,0.14368916096276063,0.200115219885713,0.16241195432416955,0.15158933822818366,0.0504563356058525,0.28105748593588964,0.0962433420978337,0.1040669056706105,0.17906569961145036,0.1066104085109969
2007-01,0.16108541358623074,0.22971041151852623,0.18647608192748932,0.24503271842093266,0.1032522346224376,0.3118226804694064,0.08918574488485098,0.07894507080525393,0.20026186291936043,0.12218402539891504
2007-02,0.18335598295771494,0.1529915466350562,0.13379144464878445,0.084950761467397,0.04992378238189521,0.3177591012263927,0.08331326022955565,0.057195126134945484,0.17346770311430837,0.14019111302837195
2007-03,0.18791860118167447,0.1910696653705446,0.15780959641624048,0.16538310074012696,0.08152435678345094,0.31048782641807704,0.10724444073166817,0.082931890215024,0.1763946404162997,0.14086852135376748
2007-04,0.15588563218497398,0.15556729661899693,0.131958105573047,0.09680478750426569,0.026544065317885,0.25152874739062336,0.07362606515151104,0.06280263798757035,0.2717515905112793,0.09427960362694221
2007-05,0.17418763130912995,0.1396649943719468,0.10542104006960518,0.11128613659301312,0.04741553579420432,0.26188928890839325,0.09958857312814784,0.08023805929549788,0.30310197837401076,0.06846253221489218
2007-06,0.20393154914161937,0.2028601714423579,0.19417496941197587,0.21016688978685982,0.17960815175104528,0.2838461625353994,0.14609109609239757,0.17942556208152638,0.3340395782940322,0.13891424597872604
2007-07,0.2349000775243253,0.21821030615203774,0.2574242366361079,0.26223481203798316,0.24363273947416664,0.33821788928289154,0.1697465808756391,0.19418461656747987,0.3180185991756799,0.17914483449699103
2007-08,0.17992287465240664,0.27962950810155274,0.2961844855495406,0.2116589239759301,0.29933900747597164,0.2828289411126508,0.1981011108895505,0.10827948039680768,0.19668997681523614,0.15701132564479203
2007-09,0.09737635877579276,0.17750414831656025,0.2698924533585798,0.23845667198449227,0.19687739874939592,0.21522581251862283,0.10972620992978532,0.03939784749029229,0.12637215553385595,0.07717037896213763
2007-10,0.12465889129895502,0.1096016350620741,0.25481177941055866,0.29047210971000803,0.18901917116274358,0.16223699646050793,0.06604694951434498,0.04748535167149326,0.17194258601928802,0.05567705291930536
2007-11,0.13767653628140586,0.07534945044316088,0.2669489169053363,0.3228565809042514,0.19050487370264335,0.12743617384785955,0.019166324425040404,0.06643690572336691,0.15103093015637725,0.05239568665476746
2007-12,0.1458628731122138,0.0663705994325845,0.23550156596418592,0.25220027581865745,0.23407120425844807,0.09595355784356174,0.04393092074598903,0.08071716407921103,0.19012086083314128,0.03830850029797128
2008-01,0.13272172861563147,-0.021248317649536386,0.19665395453685441,0.22142835102286895,0.15257240918775983,-0.015185986314253719,-0.009469448647581702,0.07942198721224303,0.1731073192904058,-0.05414431549253684
2008-02,0.10427539802699792,-0.06946783984870886,0.17159799736547376,0.33321002741626593,0.14658296535140813,-0.0437535494485235,-0.06987231515228343,0.0016276869069264954,0.17801083316482824,-0.09663995930910185
2008-03,0.06279921314526105,-0.11431276322949391,0.07690226011440648,0.23800019811876205,0.029165354972359614,-0.09293306243718202,-0.06790567385326984,-0.01651811575860318,0.052587060701330124,-0.09432862976071654
2008-04,0.034016146291449,-0.15819413289759798,0.0673665258158731,0.25015808486138247,-0.016237498498712033,-0.147546808262487,-0.11830164684433797,-0.02322255366621362,-0.02166809856984575,-0.16370229397395208
2008-05,0.00966757075630964,-0.24022681084232878,0.020750384088831897,0.1547878970882608,-0.05545664257382299,-0.1625447561021779,-0.1220084349931152,-0.1014342708993462,-0.05094650709032078,-0.20612436541225299
2008-06,-0.029882976581831144,-0.21526188779062305,0.023673216151699483,0.19229290765164997,-0.032552011504596856,-0.18353771674037678,-0.09927809455477765,-0.1077421774413817,-0.0021760933821448614,-0.2038159163439548
2008-07,0.013651686688602283,-0.21949830280549487,0.06469435389116529,0.23272163801223544,0.016720182876149847,-0.12874661239535723,-0.07024329682748076,-0.0616657360197993,0.08599052833099008,-0.20070422291816759
2008-08,-0.02008382588872326,-0.3330107577053326,-0.0329576487611849,0.28158178787075894,-0.0630225765651169,-0.19897562423550852,-0.0974446705894989,-0.051692817928106094,0.12344236747152082,-0.28062536122420667
2008-09,-0.015849263753494824,-0.3253364084151078,-0.04179434883209965,0.0784057466728505,-0.0945313906878178,-0.21699342086607964,-0.10091159246943682,-0.010635343176557344,0.02482124841029343,-0.2578027422237096
2008-10,-0.03742487604812972,-0.32573436177231485,-0.0782394276633932,-0.00039467324352615574,-0.10991662096988153,-0.20203151171065437,-0.04625136115102113,-0.027548376232163774,-0.014198810719360244,-0.2719770248432315
2008-11,-0.08584566423674422,-0.3921256489836392,-0.2104281281430811,-0.14539044541921464,-0.2704466882057659,-0.2871144327171753,-0.11158177596987484,-0.09812567581732579,-0.1844197367963475,-0.31954835851518715
2008-12,-0.2151053650595901,-0.5567805423938266,-0.3568404179213571,-0.25652720957335395,-0.355241780667524,-0.35768059873727776,-0.21632413436544895,-0.1976826455101236,-0.26992875623385404,-0.4189889621527253
2009-01,-0.24174690434032342,-0.5955124144556907,-0.41211393448019484,-0.30871527174257807,-0.43359649034985626,-0.3662448574207807,-0.25658697168740496,-0.2259161973911833,-0.26732394307472795,-0.4723882773087227
2009-02,-0.19328140745499867,-0.5725999847682124,-0.3561005921675159,-0.25790900059328137,-0.33976672468961566,-0.2889325026819365,-0.21655186838432539,-0.13381166694134505,-0.22882833849361084,-0.45703820166897036
2009-03,-0.23302362709374325,-0.6030181347884321,-0.41976187966018563,-0.33056369260551566,-0.337164685230811,-0.3367807263704219,-0.24087285915079004,-0.14491552464786073,-0.21141196292695108,-0.5145768243802717
2009-04,-0.3000336205360373,-0.6361482716723519,-0.4975143688955058,-0.39688000685878455,-0.37502405803226957,-0.3825657487620586,-0.2773944398102022,-0.22369506757707636,-0.31568612753545944,-0.5771977011046197
2009-05,-0.24628809883516245,-0.6168562083741984,-0.48536710037922703,-0.43324275072800533,-0.3454897759193639,-0.3629131387771386,-0.24319436711099918,-0.16974098584540243,-0.3386488169301245,-0.5379698856083825
2009-06,-0.2346958960604275,-0.4543046283683443,-0.4168158061025393,-0.43182966207427775,-0.3043544433316173,-0.33336602411406857,-0.18074425312124576,-0.19065678073061954,-0.3482252893174672,-0.4498807510030348
2009-07,-0.11493645825421328,-0.3439453656333957,-0.32247624208587056,-0.38939095175265215,-0.21387016715167617,-0.24378801904722314,-0.11692234965424664,-0.11371952450148581,-0.3151751609014939,-0.308414139810948
2009-08,-0.12887105929284726,-0.31052844948788516,-0.3325956326160636,-0.3106213709495794,-0.17354770765729377,-0.20680066181147694,-0.12940802337378832,-0.13978903919062236,-0.2286321726235988,-0.3507480189814437
2009-09,-0.0809983619024327,-0.1877718582595821,-0.26738189488410935,-0.2734489938929391,-0.12754401560306117,-0.19459759507011498,-0.11800829922781453,-0.10843026288520041,-0.1908929590479198,-0.29592888876730106
2009-10,-0.0459581098315236,-0.0852281669223951,-0.12778718598932515,-0.1667977879441329,0.019377053858961935,-0.07165368750901335,-0.02937861537475228,-0.031170365410605805,-0.07993442768323455,-0.19041967325116183
2009-11,0.14839803917612082,0.40702326238661435,0.17175064886388047,0.05246595207056881,0.3123201294051696,0.1703515901167889,0.1704148585212597,0.11267856650943342,0.05836525780452417,0.03990935842476584
2009-12,0.1934309017392335,0.5661780943958516,0.2328004822806402,0.0770592247672448,0.4502808565736476,0.1418122300651703,0.2682875048360791,0.1590251648338794,0.01687098490817851,0.12190129893954338
2010-01,0.22880671611615755,0.7256571456371179,0.3084294299064967,0.1394286479499336,0.48803897616340874,0.17900085686829814,0.2696175803964944,0.17346683121226691,0.08558970601977656,0.1792149750583676
2010-02,0.32832776558359544,1.0881419933176213,0.482684902560931,0.17498042809225023,0.6291567220433683,0.3990775110161049,0.40099050028599015,0.22950047233457038,0.15904984042268788,0.4447316818543614
2010-03,0.4039938263045151,1.3671630154158332,0.6579253293467842,0.2778533287573164,0.582300444639466,0.40178394789931704,0.4186202930693723,0.3785350104141474,0.2659717907223116,0.6825601263792684
2010-04,0.3541338426195182,1.2654811177747645,0.6209490186839062,0.2610135917392562,0.4874788157689931,0.3343892402606192,0.3452255897818224,0.28830969505048065,0.22607927368340586,0.5417887564708235
2010-05,0.36484100742254943,0.7170061298656025,0.47472296676777725,0.2448498437678519,0.4131644854059684,0.3098067845804875,0.30482215550774727,0.34774413181992014,0.2384493554925342,0.43406784180430225
2010-06,0.26065661547857344,0.9031127045947838,0.44229303991563285,0.17252463112541205,0.4026041529742661,0.3403970271496113,0.3502611020758477,0.24127983216857718,0.21726410753447212,0.3624715096500186
2010-07,0.18074614149195356,0.6575674159847094,0.3439582137485957,0.10541415811938903,0.2376945094264451,0.24149906646469166,0.28092666377850195,0.10123001807678422,0.09000044797381546,0.26862780873024694
2010-08,0.07929726045052399,0.2362551903453094,0.1371675535355943,-0.01640699399989065,0.07453866521435581,0.13051657415951445,0.09041326656203097,0.026687144270676644,0.03654960711924282,0.08653201535475041
2010-09,0.15022189678348452,0.3916012084101639,0.21270631304014387,0.051033248820715915,0.12696799873757536,0.22995444616441185,0.0998759214642182,0.02608439252257244,0.10437769113622264,0.07695060428460287
2010-10,0.09063062514738318,0.23240530131681725,0.07506437420560275,-0.03455317250638945,0.0010234613893485012,0.13201084861089307,0.03145590564657108,-0.012878295312498733,0.08407027662784916,-0.029783639080298574
2010-11,0.16492695571940752,0.4021570728735857,0.21928437622247698,0.02875481618171638,0.14380904141493578,0.2718322260793913,0.15631527207379992,0.11464069005425936,0.15493765209658306,0.11346565122577257
2010-12,0.17098376831413598,0.37890847775390957,0.19163774600239658,0.042309423331562845,0.16104855572797216,0.24469091687440248,0.12779282869597952,0.05141548944324237,0.12489911304798174,0.07216780289321978
2011-01,0.14006632860124313,0.40070475941835837,0.17553609861303765,0.10548921648284248,0.08753812159950747,0.14749695409272356,0.15246156835259583,-0.008199266033143138,0.048078289515943284,0.06802282427378703
2011-02,0.21891312899118587,0.531493456833928,0.30076126994114083,0.2711673691580432,0.2502146667438532,0.3119350030756558,0.2116283841262241,0.045958469815032155,0.13231943303747595,0.17281726244521733
2011-03,0.15919042259311755,0.42268169525796306,0.27356162357795766,0.3249432379770887,0.2398349858576314,0.2773364836290324,0.15179631798133908,0.034496482200003786,0.16188390909589567,0.15572476108152378
2011-04,0.14735747688044665,0.2727135114371153,0.23684956550862135,0.3818182238708727,0.19020904482264744,0.2746068785817901,0.10854297860491036,0.031501703230014666,0.15399679955005485,0.10066479327791766
2011-05,0.1943043124165733,0.20864477869021103,0.2207865841383796,0.355663516904831,0.14714877821617645,0.2532833131631025,0.09318859868275875,0.07832104040381616,0.132341828007696,0.06920487236210637
2011-06,0.3253015182125567,0.3661553981500043,0.37196841076423093,0.5340124768541021,0.28245860808382584,0.37455161887649435,0.20783529388238842,0.2464274428079356,0.2568148357822879,0.1841517194620763
2011-07,0.37867027136720677,0.4747503749398052,0.42483725716629217,0.562650431137169,0.34244788128028847,0.4404489042656443,0.34059219327599655,0.29269000296910086,0.2825106169952807,0.23303755515323799
2011-08,0.2704158899623488,0.264236085849334,0.2897625294811894,0.4175440673952089,0.22079401771470564,0.2962594300454222,0.27023705379520857,0.24193920101192323,0.19665769206768724,0.13038065437301416
2011-09,0.2800568078766641,0.2719260863715316,0.3002794959928965,0.4752382283817784,0.29915888458416373,0.25671432550674433,0.31428463672906304,0.21704988029988392,0.18843037234342774,0.17235926855586547
2011-10,0.19793540550605537,-0.012761296419973922,0.10764549658654166,0.21707153841496707,0.07614911425838833,0.10620682564071604,0.13814822932792326,0.08161121013440131,0.14887335560840786,-0.007746058205043815
2011-11,0.09156700312060395,-0.21641225065948722,-0.0628668224182708,0.021441661184563587,-0.03701796203661567,-0.0025518408434707096,0.06813227537063482,0.01890449783408421,0.10973541584833346,-0.1353396259434524
2011-12,0.16114852828700288,-0.10141498032671514,0.05432099807357149,0.12541553514079729,0.08453099470440595,0.09403115285734498,0.12524013459327277,0.11229880624304323,0.20041330972239657,-0.022707480492161647
2012-01,0.1287676733055445,-0.24647581270372476,-0.0009621199672991132,0.050737564341764685,0.003073486515624113,0.029471100774854042,0.10190892746189384,0.06852412586458279,0.1745979697283666,-0.12354137864151027
2012-02,0.17802046740860322,-0.2524429749728111,-0.03781625009179446,-0.020798669347639964,-0.0485666515988733,0.061060069084487134,0.12147075631334547,0.1136199768655155,0.18298959742362664,-0.12894949746086226
2012-03,0.1293112559506273,-0.13165731768430977,-0.006652027311242481,-0.08102642005765226,0.007733378586761264,0.011366101230716463,0.14121109820033984,0.11469770838285354,0.12373616416075617,-0.09273681022562663
2012-04,0.13917615093612223,-0.09687928544863667,0.013343685021946383,-0.04133712921889243,0.09013503255256516,0.045084935644289725,0.16401274427714174,0.10368807914887457,0.12796743390293863,-0.04411704373620118
2012-05,0.1314444324850692,-0.10918098811814336,-0.009107229387246618,-0.08710908160409014,0.10630945652274981,0.036178536812535356,0.16568341609459059,0.07979647837671089,0.10063591531221339,-0.007701554110081776
2012-06,0.11780589218757198,-0.14354986100966483,0.005275554362831336,-0.05900248091203886,0.10248061679129883,0.04563853734709444,0.16649227651416476,0.06508016202271905,0.10476384314303289,0.00208281840485558
2012-07,0.09972755975554826,-0.20182414505986146,-0.06764232035503603,-0.1385668120377075,0.0421233634217526,0.05210618597599037,0.14119003282464226,0.050210501144586805,0.0987777657268456,-0.05534577094289417
2012-08,0.14235608336125627,-0.17023754422679005,-0.00907615518406013,-0.09321919969498138,0.07837295462954685,0.1849758369096033,0.1734640263052909,0.16479279499935284,0.14011835588913768,0.02857991873773691
2012-09,0.16604496529928947,-0.057926071347836894,0.06579223846198645,0.03481112309200762,0.15552352426785054,0.29977973012325476,0.22300276711924982,0.22202840668715007,0.17766716401722316,0.1061937998010265
2012-10,0.22720931279054835,0.1400024035053744,0.23671666240953115,0.20682769237436371,0.27177972425195085,0.39201059981486064,0.30762422587841143,0.28489230681247024,0.15552381354022482,0.28311513410729816
2012-11,0.1653293323901972,-0.042201604595305975,0.1016386490938892,0.0776841526484533,0.15131329062200294,0.3564374267873458,0.21433313076562843,0.2746638237028942,0.10581571322017203,0.17296922322909647
2012-12,0.1294871841542211,0.11501913507964301,0.08012311816859907,0.03537858777209202,0.10010204855801685,0.31951744498146906,0.18910210697411944,0.23414637540750105,0.10669152014084915,0.20853188751033835
2013-01,0.14400900387393878,0.15546491354721814,0.118663949116254,0.02353381516737363,0.1325794449393074,0.28036186525257745,0.19581953215722403,0.21076832480540664,0.03463989070791085,0.18649794652389762
2013-02,0.11381053928318341,0.09385909464790321,0.07665381204979793,0.02677637353638218,0.04800404617459475,0.26510308362116075,0.13629286315304934,0.164411923700994,0.0647357987221302,0.14699596322547048
2013-03,0.12656368603337098,0.06711916963480191,0.09893512590009235,0.035933691925976285,0.006331560422177196,0.2624541573967707,0.16295916191982962,0.24295941445534264,0.10415099364027425,0.1751755185599928
2013-04,0.1186484647551771,0.04490944929618057,0.10603348455889239,0.07823637034123099,-0.031844610575205046,0.26134436179054177,0.12051215257018533,0.21163133686156677,0.11198493841186496,0.13585737853382218
2013-05,0.1658090239775707,0.1772421023138413,0.14347703627796426,0.118110193241181,0.0156236822668685,0.3103394471388812,0.16246892262184742,0.28293210738065677,0.15561148614306775,0.20367148361919196
2013-06,0.24258736409568682,0.32743050677479557,0.24940277540166345,0.23288433585500234,0.1057299916046448,0.3775532714454104,0.23139948160994317,0.3602315512213887,0.22568034239528556,0.3151950118478881
2013-07,0.1737549434047716,0.5445749494078302,0.27780390589606774,0.20083260657157198,0.12324033733781858,0.2645377815996741,0.23212262900053338,0.29364589965935317,0.10052868492386602,0.3281075164919003
2013-08,0.15835953832855498,0.5430249494586001,0.24083583490412752,0.14009600941008782,0.09153325274029478,0.2380718410861633,0.21690673010455774,0.25533167986229865,0.07203190351714173,0.32851091049306214
2013-09,0.19040763981846776,0.6134786545849595,0.2764084651347931,0.17150545398351946,0.10090710701001071,0.2682358178027322,0.25409130710463845,0.3436039877460497,0.16131237279700317,0.36097331226211593
2013-10,0.13321052219295204,0.5443518611631863,0.23235542961244193,0.1070675757227939,0.0854611225030033,0.16966513388996973,0.17804848648153548,0.23642885116141565,0.08693197011271758,0.2625344258604163
2013-11,0.1756252366118909,0.5463856233733533,0.303891554651313,0.1502718636280138,0.20320920070747173,0.2501043370097984,0.24375352483030843,0.3132014011570623,0.08650188524967972,0.2988105561982266
2013-12,0.1940798188145194,0.519245470077019,0.32736794760610555,0.2236015489755312,0.2302422808968001,0.322441975539548,0.2884928602558592,0.3395922085490477,0.16702114979422023,0.35369905691690295
2014-01,0.23720547627733146,0.4384826067978316,0.32995112936655335,0.21804685922393996,0.26971005159011185,0.308452722807691,0.35117136609961586,0.4073327213569464,0.1445246374180429,0.36728044818830563
2014-02,0.20601641128365844,0.4089781260856469,0.2930777200838517,0.1677246478630552,0.28942720152690526,0.2975957474253097,0.28344636584694416,0.30980383457897176,0.10900678574757361,0.32104700478291237
2014-03,0.10209583460136962,0.3679592202290183,0.2220912259718235,0.07992493010060664,0.26278826053389825,0.2202144387998879,0.19028068359784056,0.31574985021014035,0.11215367388717046,0.24639612374340447
2014-04,0.08531158431237107,0.41471922038429976,0.2555584937330635,0.11822539298847001,0.2929131995631882,0.18463832680155745,0.19709982243254598,0.313649986573868,0.08479441991700631,0.23754370862131835
2014-05,0.0801852812825552,0.3457118464440614,0.2503233645027658,0.16154372785527804,0.280161814152075,0.13728459000360416,0.15852505206405154,0.24885742460814253,0.05951384987233155,0.2523947240674336
2014-06,0.12197322891583773,0.22696537217132562,0.21830406690001802,0.19130666526707962,0.2114767741999597,0.1621742670038866,0.12271424149452792,0.2250134781093749,0.18639080454151458,0.15923944347793606
2014-07,0.15897244601808902,0.24101600526299105,0.2588271896231491,0.23121623186295448,0.2905946434668296,0.18644795977421658,0.13416936329431217,0.26513509172013605,0.17685919819675533,0.19420435786623824
2014-08,0.1399359659542292,0.18910303412273555,0.20193640240733957,0.2188080819696787,0.25591830678333105,0.16476772537439777,0.08447582367499562,0.204260635562602,0.18642441447584535,0.1579204393735678
2014-09,0.13471615301823303,0.14488863414727127,0.17353745695887213,0.19818401045011047,0.2604491274110694,0.21402736757046115,0.10984897852178888,0.24589032430363233,0.16196845448298758,0.17499111030287096
2014-10,0.1743199716922028,0.130046489336344,0.16974357338593293,0.202296635767925,0.2655482280998833,0.16804148243521655,0.11537220054142083,0.2622757495152668,0.2109539628065651,0.17815972737775088
2014-11,0.1195362981415935,0.01632406573699363,0.09034415301270027,0.05750244220564604,0.20261232932390594,0.08748689743968452,0.04693469394427341,0.21631940402349903,0.1322079725795462,0.1221055132465163
2014-12,0.1352343483377132,0.03238493878211113,0.0844143411676277,0.00445433714407617,0.17927754042593258,0.10074363220063987,0.03703985355401973,0.2328473806140574,0.23045027756353353,0.1082801444586654
2015-01,0.16093693141708765,0.06481267589518014,0.07578951323593563,-0.11838488102553824,0.1826799568726316,0.08465274625194796,0.1121411935719967,0.2565017741381166,0.21195544580528414,0.10140375771650767
2015-02,0.20169532389683487,0.1086735009969011,0.1229929812216326,-0.048033679930271855,0.18435921847468228,0.10449876801516078,0.2082286705187646,0.22416033933860913,0.20450562698532782,0.16483779874314042
2015-03,0.1550027354368959,-0.017477756546399603,0.025308996799299432,-0.1381052401601639,0.08738030386634166,0.02879063288307626,0.1425004802399028,0.16925441720748435,0.18289018989227457,0.053927674841546036
2015-04,0.17603329371894305,0.07345051823463034,0.08500199392130026,-0.118836090496655,0.18398527502178785,0.11888043668122461,0.21444548583593748,0.24682107443431112,0.10178825244738166,0.10763625882014316
2015-05,0.1307254783830376,0.06371424820977722,0.054011160414473514,-0.18688092348186647,0.16651565903864674,0.09090563942980623,0.23393643488690263,0.26170736999543087,0.05633074520561121,0.12265926742947197
2015-06,0.10272260303563874,0.0489242993817538,0.032883060724127056,-0.14037322055254808,0.14418244491278598,0.08587601012497204,0.1963037562112746,0.21958851817427782,0.059182553036883245,0.10986417261498804
2015-07,0.10599154355847151,0.014177740493665159,0.02748489464401871,-0.21657716959499884,0.13383741600194732,0.0729361837289586,0.19405906221877856,0.24472245089061362,0.00031117144913661576,0.1020634872939925
2015-08,0.13859892623316972,0.04461690869402091,0.05042030378700613,-0.21812061980006892,0.09149540965299785,0.05856650269687447,0.21124239838665448,0.25359013040227674,0.012387577685648798,0.1278842913241054
2015-09,0.13212716272672886,-0.028755821734853915,-0.018118042849482707,-0.30424044598119904,0.07023931140284834,0.07112201090189063,0.21274188902364366,0.22935928080950974,-0.013184077016125118,0.10307538701969476
2015-10,0.08647047838980582,0.007684591044902156,-0.049437559636540285,-0.2726870670531466,0.022154522868217397,-0.004198897627283538,0.1639470648681367,0.12882238231877396,-0.02033343683902611,0.04663326488075592
2015-11,0.052085153092631176,-0.05989035399183196,-0.11116239342637535,-0.284529340045497,-0.007026891940975721,-0.04155372673899438,0.10989169051879388,-0.00801749106654559,-0.08652588291147134,-0.018850897422488355
2015-12,0.07226542943308534,-0.03702233540477262,-0.04920099202952388,-0.11252522473629778,0.04858264920847488,0.0202784991662881,0.08212117012538367,0.04026569972137839,-0.06985265695623499,0.020008388076143246
2016-01,0.08863673274136774,-0.021572469535332428,-0.04453834677426427,-0.1079351423498136,0.07417596685676764,0.02163262070678451,0.07679577066610488,0.05505620730035532,-0.11806763802113851,0.022024613393549997
2016-02,0.1033066163080758,-0.019528116149489017,-0.032526828847997846,-0.15725088168484846,0.0846351072011362,0.037781110785997774,0.08155269977346524,0.04196927265575545,-0.14968966956976815,0.06275273099993828
2016-03,0.05125296067326146,-0.2042402327608378,-0.1406213348288058,-0.23040395163791105,-0.057483963396831816,-0.0434920518563503,-0.0228462548748678,-0.09949809397789133,-0.06940629144570931,-0.09551061396527072
2016-04,0.0836804192880034,-0.1668614547181213,-0.09368232657290088,-0.23403449396430376,-0.041725412369412074,-0.013882130699063078,-0.028185362363630007,-0.11583676627632922,-0.05045649479243186,-0.09378153676085776
2016-05,0.12829180446849375,-0.07154013460127007,-0.02363540441262435,-0.20358260699204545,0.024873915733857332,0.010192733812481647,0.04774541056986226,-0.0664421722135543,0.021128556058876757,-0.03497010200681705
2016-06,0.1146189087099101,-0.06648366439660336,-0.00998875413726552,-0.08372972078534746,-0.03676129571957698,0.013817466037862491,0.030951628387976937,-0.06670892842684706,0.017334064085975376,-0.028423988856843607
2016-07,0.14031389116925297,-0.05925521391205346,0.00475888813351899,-0.05364749655346901,0.05046071328745638,0.021157320995602635,0.04723690916641665,-0.04764699062944777,0.09798622096643195,-0.017059958735505032
2016-08,0.13792375153456127,-0.0897819922097175,0.034699657123720806,0.06588082623219949,0.009864687287207463,0.04157644394301285,0.003311526158771061,-0.08141641617910889,0.1491150484015955,-0.06426656649216755
2016-09,0.18586131103612158,0.05117497645042435,0.14081145584135646,0.07605841170322836,0.1531352853774388,0.1624229577949472,0.10014645064759042,0.06436185612776457,0.1948783874851452,0.034462635167509914
2016-10,0.1852650412699126,0.09145822257022296,0.20800210549617315,0.16008801287177765,0.18947751011926917,0.15443502567471512,0.10800945366426684,0.10747148437874965,0.15548943159618767,0.10222452637148849
2016-11,0.08227571933185285,0.0047211723472715406,0.10388493289011413,0.06328473391590839,0.10414448859781777,0.06340961794754407,0.05050543317262779,0.03629086902150691,0.15254666293897357,0.02372322060851939
2016-12,0.09035892514842092,-0.051742659719714146,0.07134335932817071,0.020989022157132053,0.07936536858677412,0.05115785542429019,-0.0037343132285702074,-0.04726768086678523,0.18548338679185772,0.017563512928787883
2017-01,0.04004964749471851,0.06323057701360213,0.1684084307715088,0.23772330683849696,0.11546232285013991,0.1540638697125296,0.03849046198045469,-0.027609029544957697,0.18232566032360786,0.16570771284865748
2017-02,0.0742092096416449,0.26103245577591383,0.24523664448222426,0.3197808804592861,0.19706994493870833,0.205794992470836,0.08450297537919083,0.08934186487670459,0.17035217030791072,0.31501332436614216
2017-03,0.08595620368285961,0.24710040347365347,0.24571882711319537,0.30155824903408823,0.26325177805275324,0.2347120857398819,0.09533608870832078,0.12223222311139437,0.16310362658697075,0.33284087997865774
2017-04,0.07343708205122601,0.13518258145383077,0.21379225722927298,0.14486420426354907,0.2207513725785848,0.1616714687612979,0.0675272528070483,0.15483579515368784,0.12006965523977109,0.2901750449966063
2017-05,0.07996741634913418,0.12064902466941096,0.1881612935415693,0.036114164891807965,0.3011578565135624,0.16386351940251997,0.08191122986850075,0.10070286725585853,0.13339306444524412,0.23940455938644778
2017-06,0.07750173731637355,0.15214638882451115,0.21682910398190058,0.013809725571131137,0.26910536604019253,0.16316638641695413,0.10002166943345481,0.08468990814424737,0.11210868764815052,0.22948442407910563
2017-07,0.06186489713381782,0.2171161333487881,0.22117018491970142,-0.04481427903771151,0.3446627280525587,0.10621560342193748,0.11028693667526368,0.0836033711231674,0.06045251757122361,0.2633513735507984
2017-08,0.05060237170894433,0.15849099633079078,0.18772793425167866,-0.01938063025296466,0.22511492111326326,0.055259363890227675,0.0491270630448466,0.07717279346861172,0.04290943902708344,0.271389664368725
2017-09,0.05641614879355972,0.14393041123975037,0.19674717004431974,-0.015134271403553168,0.2470199133170765,0.14789289268364847,0.06571909688862165,0.1198815547171348,0.11628812227602703,0.24861813877009853
2017-10,0.06432410396808086,0.162171024134798,0.2009366230300722,-0.0911952954776295,0.2565354242971911,0.11418846316820352,0.055209892672976046,0.14203428129652917,0.12012491735406527,0.254294822569316
2017-11,0.06219161728411371,0.27279646922546386,0.28091690710872963,0.038981800491671104,0.27839263434766814,0.13200168769538978,0.12795642365512427,0.26072087633556507,0.10557930487785483,0.3015938235196327
2017-12,0.10583727304477342,0.19894942163860319,0.2383763418430056,-0.04748150839129306,0.3564362585410188,0.0032250737018839626,0.11075800867994556,0.20358888233032024,0.16997205946087934,0.1932638622437386
2018-01,0.11235728789647759,0.14740774136619916,0.27510001085178404,-0.03795352112601036,0.3583179576709805,-0.005191725467318387,0.2006659036653735,0.22498548675351304,0.15653448827317118,0.20438986562130257
2018-02,0.11585767468108643,0.10661201246198004,0.26202079649623045,0.05542660413508438,0.2962456838883103,0.0059761599334160476,0.2176469366219702,0.19880955692482583,0.08708979202410472,0.20952102228648783
2018-03,0.09628311113487387,0.12891565012379336,0.2610515955389521,0.11201755287023407,0.3321013924277616,0.0389111022940718,0.2945783624388716,0.19230951445482125,0.01737368210710377,0.23505950125686415
2018-04,0.01912599288489769,0.058189490080124084,0.2086599582929516,0.0041923691000229635,0.304444405335931,-0.04275587868523023,0.22688883004426064,0.15023781727343866,-0.03249161492384811,0.21371775342054922
2018-05,0.0030041111946479404,-0.017358309093655988,0.15989592149522847,0.06407019104697609,0.23219433978441373,-0.06799935566326443,0.16437905331623837,0.11240179673100492,-0.005005581256912084,0.17696407306993178
2018-06,-0.06666784653898528,-0.018834485895217967,0.10617900758377763,0.2106524125625553,0.18165673695203033,-0.07547580274923138,0.18854389842784736,0.11485570623948615,-0.0017031788518685476,0.18866281235044635
2018-07,-0.06157076560382202,-0.021112954433052167,0.12016744000530721,0.25344835704829327,0.2881590232364688,-0.06457563023704782,0.221612843013131,0.08157800819481298,0.020483456586024573,0.15518576791793048
2018-08,-0.020348989147956353,-0.005093184619753277,0.08563159351400107,0.23441018993976948,0.23817929856307218,-0.05409617750449025,0.2548963067000156,0.08995650503056618,0.01632185786997331,0.12808263180155932
2018-09,0.025717043118063332,-0.016929024970672946,0.13854436628668565,0.31560255407199445,0.232769777355758,-0.003561323985195597,0.3145803993357481,0.1252294906695317,0.011348664202572412,0.1769817180236728
2018-10,0.017685931959339207,-0.07224367419663302,0.09133322313971992,0.15218986978217952,0.3130346087839906,0.040848480966124034,0.38512574226039087,0.15190518980178336,0.04105477489001186,0.15255740581069221
2018-11,0.02409222829361579,-0.11803166777097762,0.07529669952215512,0.1854470671781019,0.2277837884550462,0.12209242615485882,0.35626052570145395,0.20293075984620002,0.004776512010423728,0.11061342665186058
2018-12,-0.01812316191854524,-0.1401894492057335,-0.06250589287819075,0.016015269635994533,0.10775109668841387,0.07440808307626545,0.1477309078961917,0.07064124322376952,-0.019553167249348302,-0.0035258285121297916
2019-01,-0.032753617696251736,-0.08857310268343466,-0.040507595487768944,-0.05365434885333087,0.09221461566894096,0.054151753057505525,0.148850208567048,0.14109509907293005,0.06546979530448627,0.011024110061292003
2019-02,-0.15839221380830548,-0.215684999895565,-0.15840468313991063,-0.199423071804112,-0.06957993849920718,-0.06695050844255712,-0.04430535310371464,-0.01582022473040645,0.043982802827927214,-0.1486816151896323
2019-03,-0.037149718697943035,-0.07319609981273512,-0.03835216789749507,-0.009911922695199693,0.01705083230359694,0.058526830389804774,0.08376093123749584,0.07391951231624594,0.15247127343397193,-0.03368142791591067
2019-04,-0.013594343841988876,0.018178932600093844,0.03483379641145179,-0.015675509057699766,0.10933819491274943,0.11901718070550404,0.12136216247936349,0.13652172546120478,0.1567161031703772,0.02319587478611096
2019-05,0.06466084720355014,-0.029819472447252582,0.06204934665876061,-0.08650246005700457,0.15289394134762513,0.15235058223946885,0.11714814009193852,0.14288943097654516,0.16290596361738752,0.0033605834466845508
2019-06,0.10439019485115808,-0.026996718511981044,0.07800599050124357,-0.11451084773104758,0.14220700312726797,0.23747203065902234,0.15890965212115615,0.08104524805400115,0.17137231799497488,0.054987416818707224
2019-07,-0.0009360050795330643,-0.15126957575401512,-0.011156492453767264,-0.22358901395084485,0.04896327448559035,0.12698138178504514,0.0578020190108095,0.029161042298379014,0.12432099743204916,-0.00017950039430403297
2019-08,0.018876287616469423,-0.02864846630204554,0.026247016005023882,-0.16430810392909168,0.10481251367321875,0.15352956580061816,0.0997734029626356,0.038003800758312334,0.14599358943605,0.027288095748709384
2019-09,0.04732730495582049,-0.01526869954992216,0.0400497963066071,-0.16258786536163417,0.06862126847496408,0.14411208270923415,0.028790713652055322,-0.02815031706992066,0.12396616881278688,0.02096786625338054
2019-10,0.02517650404671601,-0.025391054315217265,0.009952552818425886,-0.25882909743577354,0.04146470997645069,0.12725219348569672,0.02439111139576111,-0.054045998276521345,0.16940863083257374,-0.01147507203467113
2019-11,0.04675267821486684,0.042623609763599246,0.1625481995861362,-0.12935299776951825,0.15694187841099683,0.14615480582750928,0.13255872546090552,0.02695280397608646,0.21621305872261098,0.08044375170470452
2019-12,0.042481918954561326,0.06025825462657175,0.1112397100744058,-0.12828471923917406,0.21407190817199484,0.14246546632377277,0.11082118951821274,0.01006372017796453,0.16144460314387632,0.08307026802059503
2020-01,0.2021042490865146,0.23401014457838154,0.2568084607040868,0.013892905343164452,0.39251852008352484,0.28223917123983555,0.24657601562484555,0.1610889407625511,0.1935206223213246,0.2758077108719834
2020-02,0.15941604711969926,0.17143717228281918,0.1614533048308604,-0.023781201163151855,0.32295629574998364,0.22861494416380257,0.16636336026198406,0.14058162493482018,0.1792500208397827,0.1900098167018065
2020-03,0.1391657372380941,0.1986510105824295,0.07379228543583172,-0.16039657712997535,0.2942834780586392,0.1670888075965935,0.1683304413259179,0.08217236263176897,0.19382694046001347,0.13898300849631595
2020-04,0.0025801279599084737,0.17026190770021432,-0.009948779600679525,-0.3040064548900413,0.16018992187966474,0.08796807531221229,0.054085149113856534,0.01886350289368499,0.041089186149732004,0.04071916621829841
2020-05,-0.13352112086622103,-0.12487812278834198,-0.2093103046618653,-0.5449166133400958,-0.010642314987220902,-0.10913502948109288,-0.07215922976586642,-0.00144222367162683,-0.1037355966760477,-0.21187499533970056
2020-06,-0.010774536695648762,0.25135647642765435,-0.03494594709693244,-0.3167035532345447,0.24313344808297144,0.0030037467048438238,0.16772637224570452,0.1727368501496267,-0.04246734442241429,-0.06437439529835565
2020-07,-0.027841528293979567,0.18509387658853083,-0.06481666778202744,-0.36862730233635777,0.23875986498629964,-0.00023944182468227382,0.13841608073370515,0.1435337044709335,-0.033320708673458155,-0.08184221548182746
2020-08,-0.044490698970834686,0.3414139059312611,-0.049719620822383126,-0.35403621185008827,0.26374064574489986,-0.04599036594696282,0.17673141110882495,0.15194891570579716,-0.07248005768062482,-0.09330001627123585
2020-09,0.026169301074840057,0.6701531929912095,0.010591094861794437,-0.32777120701985907,0.38646917986610685,-0.0006156929543114087,0.2861537986180456,0.21026517019452684,-0.04656867408175602,-0.01305939697092362
2020-10,0.05205519726410546,1.26898148660465,0.033267108450276694,-0.35908440086781035,0.5141792938768757,0.04221788291551176,0.37850482015920073,0.2509658671925856,-0.10334893103224596,0.034200637792906274
2020-11,0.02934896998502423,0.9284858533130158,0.03120181341040018,-0.44358420054914793,0.389268298680991,-0.00020922730005268342,0.3164741572474974,0.17817414035135837,-0.09361952586243061,-0.026392745195444878
2020-12,-0.02067414902177711,0.8130502993687134,-0.00894375399139924,-0.4742883160647309,0.29622810198961647,-0.062263187623773475,0.2545891709113113,0.06815313843193427,-0.032397627905662474,-0.08895199288636113
2021-01,0.041219850450561424,1.3032963480594946,0.11447374970534963,-0.36398980858245367,0.38211070350818876,0.062378591772631165,0.3406216794247161,0.134028605065049,-0.04596562121393877,0.03138181969840237
2021-02,0.09706110787153133,1.5037905379423933,0.17474654348953766,-0.2372640743115798,0.40497429355364667,0.14096074343215137,0.3460654239880927,0.21155122167494422,-0.08427988940710207,0.1046636619453698
2021-03,0.15249131071335253,2.0094077538524853,0.2555995444584531,-0.05255517330532655,0.5190217714197904,0.17344491047164623,0.442171724628752,0.3240899011478675,0.011753348248018103,0.1922964721407474
2021-04,0.31011353754602156,2.5771985094286882,0.5946975559838796,0.7873207611169772,0.7063952870565218,0.4098106287828285,0.5400495971331465,0.37766176101940707,0.11019421456404155,0.6204782084220433
2021-05,0.30439888916879054,1.8753846015305746,0.549385474968642,0.3816579808559024,0.4977731692080696,0.31195910816957095,0.37710964060290575,0.21324095675142307,0.16518672129420553,0.5304758745491636
2021-06,0.3071822815608094,1.8021110090524783,0.49989650402369756,0.38426851204487034,0.48093487565848525,0.29030383427267803,0.4107201840900556,0.1992635263741025,0.15794815330375123,0.5465707451228163
2021-07,0.3348024960019602,1.3243305811530548,0.5023817126560957,0.4758489707776852,0.38821011563900965,0.31826174236792704,0.321959107577207,0.21532509145946999,0.20500732230514607,0.5815032385698691
2021-08,0.25058146385599733,1.0673772846858478,0.42234856289046396,0.6358191564559301,0.38691114481872435,0.2546448850120788,0.24343645200513486,0.21555793466120554,0.11707374302088858,0.49268555356011734
2021-09,0.20005533865281566,0.4522522609779869,0.3575075810275097,0.5113870296447973,0.29889707650714037,0.19238788503610071,0.15346075981784724,0.2213774108505948,0.17672719507786105,0.3898092011469467
2021-10,0.22211517943687498,0.6250025848981917,0.366887515244503,0.7572696625113724,0.4343245049145965,0.23301397435590654,0.22868646154509809,0.2742868310020814,0.21863511584959472,0.47072029838012774
2021-11,0.1985018542843433,0.7266177336179238,0.2976065377991197,1.0430972797965588,0.3706546327762579,0.21133263405144853,0.20734764621254032,0.2523002862864747,0.10968468048982416,0.459499136388418
2021-12,0.13009073226193224,0.6863858640967295,0.19546955426052648,0.7528385360862566,0.33871560683186885,0.013341600740514714,0.17211940464253428,0.16564379738747448,0.13616751184770526,0.34362588772796365
2022-01,0.035512554497565185,0.49142627117662907,0.15803825042540853,0.568914045924495,0.2924695309582519,-0.10532501936142324,0.1731599525456493,0.06578872277601766,0.10692209487607363,0.20185027830081514
2022-02,0.16753095216016556,0.275498570990131,0.25442288367641797,0.5390441925989453,0.30673605024388895,-0.0357546476165882,0.19170700802916096,0.0983539167807772,0.20698536178933846,0.29648610407984743
2022-03,0.14483024177963344,0.24455468703334282,0.11926901096343712,0.4618554367818164,0.1805230872221082,-0.09300266920927303,0.10481927925583268,0.01471218053580059,0.23848513697910345,0.1423815075023631
2022-04,0.061059572521895644,0.14658934337274276,0.026368955648117032,0.5487549386945407,0.11744170088199546,-0.1049615044278066,0.028747356878243924,0.005368419089569754,0.10968896547334994,0.0666279171321702
2022-05,0.03158569550739854,0.26333498245370324,0.011139740374931595,0.6877201460970088,0.08447076552426691,-0.1527177299385465,-0.010180297007179484,0.026753003761346594,0.170626876541371,0.020108005136150187
2022-06,0.03451949811303856,0.10893775263444327,-0.06816147892468849,0.5688487083116449,-0.043661135033589704,-0.23830609876071562,-0.08736296776686492,-0.043047285541211844,0.14042555586977534,-0.09811215970934506
2022-07,0.025967164324827152,-0.04443939011340514,-0.062136863776812934,0.7181071280164582,-0.1230201529562498,-0.17226063297669114,-0.1496950219454226,-0.07466769416953123,0.21238180417074948,-0.07381144631510816
2022-08,-0.01620568529123867,-0.14941212270191628,-0.16191150710540236,0.5696960787494354,-0.22231526498157017,-0.22991206955992083,-0.21738014638308367,-0.11839693382663052,0.100409861297448,-0.16127911723033628
2022-09,0.027301464005448306,0.0667866234731811,-0.09706487881380654,0.7547118549274092,-0.17006828784873795,-0.2405475939025873,-0.12345965032848061,-0.1189970137044224,0.1328156152289044,-0.11097219767959488
2022-10,0.05701590584840632,-0.02235439885789514,-0.07502103231419666,0.6326023605216757,-0.16325977071304143,-0.21875013551957545,-0.11172599996684562,-0.1098101342984884,0.19211785178771823,-0.11161014689704685
2022-11,-0.06637394011095576,-0.3014147314059513,-0.22065301951151384,0.3435990225568337,-0.31514816262078127,-0.2972340922478721,-0.21961318829120724,-0.14594715809445125,0.0024859377748682743,-0.23469228065090553
2022-12,0.06794467435139162,-0.36076538577841966,-0.1194187425172385,0.7534961450831572,-0.2907783732374499,-0.16252656613096272,-0.19754055451172314,-0.029623269871677516,0.05791258046322678,-0.09728991081008742
2023-01,0.04067043264499892,-0.3836957652690617,-0.09270419912323347,0.7192940368675615,-0.2649682028920043,-0.17678657553883392,-0.1795974601336855,-0.040822025529942074,0.041248703228590644,-0.08903184252704666
2023-02,0.019930347525350278,-0.5057334864065515,-0.059172026363556784,0.4021427096783998,-0.2611152459998799,-0.21783392585610828,-0.17158870439735763,0.033300573615228535,0.05167182610054177,-0.10880683870952768
2023-03,0.021981902081370075,-0.3136753371989821,0.008934888808059593,0.3295511574331451,-0.15200050960061606,-0.11434061840881105,-0.07650442161107163,0.032883036258479326,0.050289586312926016,-0.025019447477090173
2023-04,-0.0046740718703789375,-0.33783959769054206,-0.018757834556965447,0.1274361304037328,-0.18057369150020786,-0.15137167269136942,-0.14510746273240882,-0.059845597714702436,-0.09343223600959216,-0.059065162685378314
2023-05,0.004183219295257334,-0.20827608214840265,0.039882548258023176,0.13714359303382984,0.03572110183034383,-0.05212466571855767,-0.02021848422224637,0.035088889141907,-0.02131354173015987,-0.016295397352895646
2023-06,0.05318270544568171,-0.2624155145256776,0.03758631057241879,0.009329322258460504,0.06036853485316773,-0.11903248657203347,0.04465755983603037,0.06748667925371787,-0.050076464358700945,-0.004759207419248401
2023-07,0.036416816991494905,-0.04999185202348788,0.08238987185721336,0.09447825489716122,0.2528900017232105,-0.14526242860191185,0.13806196938027293,0.04961896998676463,-0.04286005401946147,0.07394041989277911
2023-08,0.02367684267334358,-0.07224429512924402,0.10587012847001209,0.055350830633935644,0.1882652465523884,-0.10550520436462973,0.06979809536687909,0.06892207257774419,-0.0767251730265831,0.05993164351717972
2023-09,0.06663415161420905,0.011953892713288283,0.18241362093897573,0.09731978964608334,0.30868650529102726,-0.07032585586954965,0.12897371756673937,0.12430430295982631,-0.05219304796665625,0.14583090473779659
2023-10,0.12006480484905802,0.03577731233842729,0.3048521102878452,0.23298841818414462,0.4543261175056541,0.08098632779319614,0.2174631591081837,0.14367700149165863,0.01482577147228925,0.20480566185868665
2023-11,-0.028244976513276288,0.08058926716651937,0.08065151598832032,0.030053664761968912,0.3009477300892953,-0.05389261726599115,0.100780855187522,0.0019527325074006896,-0.06855768969266429,0.043790285038393995
2023-12,-0.11129307461773474,-0.03485227551815451,-0.035521991325779045,-0.042837108229401566,0.2127939216728807,-0.07528142186684816,0.06482703401895384,-0.09258367148997548,-0.11937948350728067,-0.04087599020693
2024-01,-0.04220083444988276,0.5533873496908557,0.07362878700123976,-0.013850345634009664,0.4764333173564699,0.06147133630738266,0.23959931822519343,-0.023151734265765,-0.0635391655622023,0.11934960779421577
2024-02,-0.004323400822787704,0.2831335834124946,0.07778463861255513,-0.03861205958305347,0.4096044320298764,-0.0442458247848726,0.19600156543841218,0.055430501158636014,-0.035572376115031834,0.10998005192540283
2024-03,-0.001982548141495899,-0.05111936213134405,0.08536152501747263,0.03150420374058838,0.4563558415491036,0.0689113807726831,0.2701478913771618,0.14155433580547494,-0.012042297839004235,0.14911833993917267
2024-04,-0.01629936338575888,0.023847556218786314,0.13899700538099413,0.06796995444026566,0.40032694387024326,0.040877869084750884,0.3448335700964378,0.16539008835327218,-0.026868791493368405,0.2659778321363766
2024-05,-0.018301661860984253,0.14068265025508153,0.19708688383669903,0.14823948406333498,0.42994279703270255,0.06252202717048183,0.3503575808489121,0.14378806308894432,0.02402639164913345,0.29943048801502936
2024-06,0.023839332565367854,-0.004979158892418845,0.21749033379411054,0.2607920779813564,0.2592190876863756,0.09630129020449196,0.2799648856275798,0.11755003506915451,0.10460444795284052,0.2762932428085041
2024-07,0.0050249782770981355,-0.20803812085116147,0.1343296279440609,0.1780725677026851,0.28525713699270305,0.08707986853196337,0.21645336514800673,0.101960286825308,0.16408563566818235,0.2266384982539662
2024-08,-0.03820190250901356,-0.1820658404625709,0.0783771344249673,0.07271915828873743,0.3265698544070723,0.07038869670210146,0.23156089276132552,0.135610455776221,0.08558886175380542,0.16250129835475047
2024-09,0.04726238489015455,-0.045843245988642645,0.14255835908189263,0.07292955726064876,0.32508629722951277,0.10982294481343091,0.24293561438907796,0.14767567661537906,0.22036981193984984,0.27775290177230727
2024-10,0.142767445147433,-0.07081860754406188,0.24952336203048286,0.009889484379133062,0.4290008110684309,0.16072804682760045,0.3354245693711779,0.28147081583045663,0.34414191608919986,0.3632098201432472
2024-11,0.19817938543233105,0.2932711049444585,0.31630158898380745,0.04172751690402632,0.497955955570766,0.22685944350777532,0.3787859647511582,0.3184066165173214,0.4016225444549226,0.4104199433976172
2024-12,0.11220367767260675,0.08202677053571983,0.1623758074401127,0.05017452697419911,0.3338037234236215,0.17421093148738764,0.2718744095857004,0.2068778904508748,0.34217188779045316,0.291022691511988
2025-01,0.09029679824369796,0.31672476223086754,0.16259444297240666,0.1169571139446055,0.33801090396969125,0.25379314914222983,0.3206402052502384,0.12311553008097986,0.40127864152387716,0.33412943304061904
2025-02,0.05582892067327694,0.7810358944224278,0.08437456189423487,0.01777391642044246,0.31621031897629526,0.10355858704265875,0.2802017951724458,0.026557104484759675,0.33236329849811264,0.22739907839736961
2025-03,0.04513461653035744,0.6684025266005447,0.06882908018474754,0.0013852783250121181,0.24248172362787712,0.14995614688028702,0.24781086557226617,0.04343255339724905,0.33925999298198795,0.24698585776596582
2025-04,0.0712223784231607,0.3642694105874593,0.004175560020433178,-0.06507714109052065,0.16588872171216873,0.2203434132185802,0.1697847064510627,0.056808584759910685,0.27645090138287,0.1867190515479722
2025-05,0.09044443448367367,0.23975658401794253,-0.0023050150520418367,-0.022828714797207827,0.1080760578256148,0.2881040028687829,0.1374953091172435,0.07600695594804874,0.2661468086566052,0.18957921482845053
2025-06,0.0735952534437121,0.3230984144493039,-0.05348622597499275,-0.1561284240192462,0.036527761029844674,0.18082408591499166,0.12062214751035172,0.03576095933991419,0.15656176134623534,0.13439730083437462
2025-07,0.11000318236539863,0.48180041026518694,0.030648331716119026,-0.12223557482553782,0.06639887806240496,0.23380673604759594,0.14281161338880488,-0.033470901150308596,0.24815508113565432,0.18471651624136642
2025-08,0.05162657136193061,0.2504599984815379,0.03323915223479057,-0.09521154996969128,0.1839469681327952,0.23119299043439945,0.16418320229928884,-0.02215974041796065,0.18503754812964024,0.16196139249470987
2025-09,-0.008884890333150763,0.3027876699685381,0.03832248959696116,-0.03509736061353674,0.23417856125535086,0.1752517838362342,0.17348656056549272,-0.09282595220431433,0.1713265571826441,0.11415240361380197
2025-10,0.011432086068219327,0.23175969076223724,0.026774317517541446,0.0402218335399136,0.21008708890298333,0.1556568317753042,0.14122303849708007,-0.03210739582679145,0.09426852565354094,0.1533270113689953
2025-11,0.0065519599984928956,0.5910123364780455,0.09887745254638336,0.038025507529020786,0.2986182148700285,0.11614526675416936,0.14110760019660495,0.01966011774695353,0.1300232525320808,0.14397262809181854
2025-12,-0.041827568857930375,0.2579926391888705,0.061783234825259825,-0.033585976236121584,0.3066611099597427,-0.03750616536998497,0.055900748012756685,0.06875220704243956,0.06863323118653786,0.009308215436609979
