month,nav,return,fee_fraction,half_gross_turnover,selected,signal_start,signal_end,pre_weight_NoDur,pre_weight_Durbl,pre_weight_Manuf,pre_weight_Enrgy,pre_weight_HiTec,pre_weight_Telcm,pre_weight_Shops,pre_weight_Hlth,pre_weight_Utils,pre_weight_Other,target_weight_NoDur,target_weight_Durbl,target_weight_Manuf,target_weight_Enrgy,target_weight_HiTec,target_weight_Telcm,target_weight_Shops,target_weight_Hlth,target_weight_Utils,target_weight_Other,contribution_NoDur,contribution_Durbl,contribution_Manuf,contribution_Enrgy,contribution_HiTec,contribution_Telcm,contribution_Shops,contribution_Hlth,contribution_Utils,contribution_Other
1960-01,0.934432783608196,-0.06556721639180396,0.0004997501249375312,0.49975012493753124,"Hlth,HiTec,NoDur",1958-12,1959-11,0.0,0.0,0.0,0.0,0.0,0.0,0.0,0.0,0.0,0.0,0.3333333333333333,0.0,0.0,0.0,0.3333333333333333,0.0,0.0,0.3333333333333333,0.0,0.0,-0.011194402798600699,-0.0,-0.0,-0.0,-0.032617024820922866,0.0,-0.0,-0.021256038647342993,-0.0,-0.0
1960-02,0.9448215648216551,0.011117740511354945,0.00034497049365092266,0.34497049365092264,"HiTec,Hlth,Durbl",1959-01,1959-12,0.3445644810496666,0.0,0.0,0.0,0.3216386779334688,0.0,0.0,0.3337968410168645,0.0,0.0,0.0,0.3333333333333333,0.0,0.0,0.3333333333333333,0.0,0.0,0.3333333333333333,0.0,0.0,0.0,-0.0073974472183469826,0.0,-0.0,0.01782718135952989,0.0,0.0,0.0010329768638232273,0.0,-0.0
1960-03,0.9412811940890052,-0.0037471315902047886,1.3849963401389324e-05,0.013849963401389323,"Hlth,HiTec,Durbl",1959-02,1960-01,0.0,0.3222383337727393,0.0,0.0,0.3471856050619563,0.0,0.0,0.3305760611653045,0.0,0.0,0.0,0.3333333333333333,0.0,0.0,0.3333333333333333,0.0,0.0,0.3333333333333333,0.0,0.0,-0.0,-0.014599797790534337,-0.0,-0.0,0.005466590953533405,0.0,0.0,0.0053999252101976335,0.0,-0.0
1960-04,0.9444803262793772,0.003398699783297099,0.00033338889814969156,0.3333888981496916,"HiTec,Telcm,Hlth",1959-03,1960-02,0.0,0.3199277301927195,0.0,0.0,0.3400695931477516,0.0,0.0,0.3400026766595289,0.0,0.0,0.0,0.0,0.0,0.0,0.3333333333333333,0.3333333333333333,0.0,0.3333333333333333,0.0,0.0,0.0,-0.0,-0.0,-0.0,0.001732755459243207,-0.003498833138856476,-0.0,0.005498166361060177,0.0,-0.0
1960-05,0.9945478184240362,0.053010624733594636,0.00033800379710005834,0.33800379710005823,"Telcm,HiTec,Shops",1959-04,1960-03,0.0,0.0,0.0,0.0,0.33382040382571737,0.32860653560042513,0.0,0.3375730605738576,0.0,0.0,0.0,0.0,0.0,0.0,0.3333333333333333,0.3333333333333333,0.3333333333333333,0.0,0.0,0.0,0.0,-0.0,0.0,-0.0,0.031822573545792314,0.01106292609131209,0.010463128893590353,0.0,0.0,0.0
1960-06,1.0200524981473194,0.025644498183805764,0.0003464929982399706,0.3464929982399706,"Telcm,NoDur,Shops",1959-05,1960-04,0.0,0.0,0.0,0.0,0.3466662447390906,0.32695167874434355,0.326382076516566,0.0,0.0,0.0,0.3333333333333333,0.0,0.0,0.0,0.0,0.3333333333333333,0.3333333333333333,0.0,0.0,0.0,0.01442833228439207,0.0,0.0,0.0,0.0,-0.0011662624248353866,0.012728921322489078,-0.0,0.0,0.0
1960-07,1.0025377661017232,-0.017170422186512435,0.0003428603354931424,0.3428603354931424,"HiTec,Telcm,NoDur",1959-06,1960-05,0.33895386614684864,0.0,0.0,0.0,0.0,0.3237491877842755,0.3372969460688759,0.0,0.0,0.0,0.3333333333333333,0.0,0.0,0.0,0.3333333333333333,0.3333333333333333,0.0,0.0,0.0,0.0,-0.0031655809422709382,-0.0,-0.0,0.0,-0.013995199955303097,0.0003332190465548356,-0.0,-0.0,-0.0,-0.0
1960-08,1.0452703725103765,0.0426244355609815,8.533941959756487e-06,0.008533941959756484,"HiTec,Telcm,NoDur",1959-07,1960-06,0.3358196304458383,0.0,0.0,0.0,0.32480081369723685,0.3393795558569249,0.0,0.0,0.0,0.0,0.3333333333333333,0.0,0.0,0.0,0.3333333333333333,0.3333333333333333,0.0,0.0,0.0,0.0,0.015066538088607806,0.0,0.0,0.0,0.0038666336687577557,0.023699797745575558,0.0,0.0,0.0,0.0
1960-09,0.9821262961634263,-0.06040932375735475,9.923113404436286e-06,0.009923113404436287,"HiTec,Telcm,NoDur",1959-08,1960-07,0.33415390517599664,0.0,0.0,0.0,0.3234118737811311,0.3424342210428722,0.0,0.0,0.0,0.0,0.3333333333333333,0.0,0.0,0.0,0.3333333333333333,0.3333333333333333,0.0,0.0,0.0,0.0,-0.011466552881632962,-0.0,-0.0,-0.0,-0.02909971123739993,-0.01983313652491748,-0.0,-0.0,-0.0,-0.0
1960-10,0.9773700236462496,-0.004842831859564911,9.54465874864486e-06,0.009544658748644859,"Telcm,HiTec,NoDur",1959-09,1960-08,0.34255711650347664,0.0,0.0,0.0,0.3237902653611466,0.3336526181353768,0.0,0.0,0.0,0.0,0.3333333333333333,0.0,0.0,0.0,0.3333333333333333,0.3333333333333333,0.0,0.0,0.0,0.0,0.005533280519554923,-0.0,-0.0,0.0,-0.010833229932863555,0.000466662212492584,0.0,-0.0,-0.0,-0.0
1960-11,1.0311072905872958,0.05498149691615262,0.0003333888981496916,0.33338889814969164,"Telcm,NoDur,Utils",1959-10,1960-09,0.34051247697203146,0.0,0.0,0.0,0.3240663205493218,0.3354212024786468,0.0,0.0,0.0,0.0,0.3333333333333333,0.0,0.0,0.0,0.0,0.3333333333333333,0.0,0.0,0.3333333333333333,0.0,0.02889036506084347,-0.0,0.0,0.0,0.0,0.013962010335055843,0.0,0.0,0.012462510418403067,0.0
1960-12,1.1115226487363974,0.07798932165759287,9.905697965900166e-06,0.009905697965900165,"Telcm,NoDur,Utils",1959-11,1960-10,0.34324068224889454,0.0,0.0,0.0,0.0,0.3290903348073279,0.0,0.0,0.32766898294377766,0.0,0.3333333333333333,0.0,0.0,0.0,0.0,0.3333333333333333,0.0,0.0,0.3333333333333333,0.0,0.01493318540824371,-0.0,0.0,0.0,0.0,0.041866251948111825,0.0,0.0,0.02119978999920312,0.0
1961-01,1.1791599743248815,0.06085105478091313,1.4716162024943905e-05,0.014716162024943904,"NoDur,Telcm,Utils",1959-12,1960-11,0.32306740878169443,0.0,0.0,0.0,0.0,0.348051948051948,0.0,0.0,0.3288806431663574,0.0,0.3333333333333333,0.0,0.0,0.0,0.0,0.3333333333333333,0.0,0.0,0.3333333333333333,0.0,0.01803306795187815,0.0,0.0,0.0,0.0,0.02629961296493874,0.0,0.0,0.016533090026121185,0.0
1961-02,1.2223496097224902,0.036627460512587806,5.665282560994213e-06,0.005665282560994213,"NoDur,Telcm,Utils",1960-01,1960-12,0.3312071890906806,0.0,0.0,0.0,0.0,0.3389995601080877,0.0,0.0,0.3297932508012317,0.0,0.3333333333333333,0.0,0.0,0.0,0.0,0.3333333333333333,0.0,0.0,0.3333333333333333,0.0,0.02203320850827424,0.0,0.0,0.0,0.0,0.0024999858367935972,0.0,0.0,0.01209993145008101,0.0
1961-03,1.2808065321696862,0.04782340664424756,9.47353817612709e-06,0.009473538176127089,"NoDur,Telcm,Utils",1960-02,1961-01,0.3428084504324898,0.0,0.0,0.0,0.0,0.3239654008167465,0.0,0.0,0.3332261487507637,0.0,0.3333333333333333,0.0,0.0,0.0,0.0,0.3333333333333333,0.0,0.0,0.3333333333333333,0.0,0.016166513511132817,0.0,0.0,0.0,0.0,0.02493309712644814,0.0,0.0,0.006733269544842947,0.0
1961-04,1.2863880772190306,0.004357836183025432,8.7920915083854e-06,0.008792091508385398,"NoDur,Telcm,Utils",1960-03,1961-02,0.3335454111658979,0.0,0.0,0.0,0.0,0.34191188166056946,0.0,0.0,0.32454270717353273,0.0,0.3333333333333333,0.0,0.0,0.0,0.0,0.3333333333333333,0.0,0.0,0.3333333333333333,0.0,-0.004499960435588212,-0.0,-0.0,0.0,0.0,0.0026666432210893107,0.0,-0.0,0.006199945489032648,0.0
1961-05,1.2978682120660148,0.008924316891837591,0.00033920646161818383,0.3392064616181838,"NoDur,Telcm,Enrgy",1960-04,1961-03,0.32740367063821313,0.0,0.0,0.0,0.0,0.33453917891872154,0.0,0.0,0.3380571504430653,0.0,0.3333333333333333,0.0,0.0,0.3333333333333333,0.0,0.3333333333333333,0.0,0.0,0.0,0.0,0.012262505734070816,0.0,0.0,0.0004665083703179116,0.0,-0.003465490750933057,0.0,0.0,0.0,0.0
1961-06,1.2570171967605506,-0.031475472567769724,9.091995907633223e-06,0.009091995907633222,"Enrgy,NoDur,Telcm",1960-05,1961-04,0.34242684457361783,0.0,0.0,0.3307351872646806,0.0,0.3268379681617016,0.0,0.0,0.0,0.0,0.3333333333333333,0.0,0.0,0.3333333333333333,0.0,0.3333333333333333,0.0,0.0,0.0,0.0,-0.0046666242373524305,-0.0,-0.0,-0.013399878167254834,-0.0,-0.013399878167254834,0.0,-0.0,-0.0,-0.0
1961-07,1.3054045128133347,0.038493758221830765,6.010378593288748e-06,0.006010378593288747,"NoDur,Telcm,Enrgy",1960-06,1961-05,0.3393447136563877,0.0,0.0,0.3303276431718062,0.0,0.3303276431718062,0.0,0.0,0.0,0.0,0.3333333333333333,0.0,0.0,0.3333333333333333,0.0,0.3333333333333333,0.0,0.0,0.0,0.0,0.009466609768415981,0.0,0.0,0.007599954321122689,0.0,0.02143320451088548,0.0,0.0,0.0,0.0
1961-08,1.3293694353680583,0.018358234799629836,8.279794805503828e-06,0.008279794805503829,"NoDur,Telcm,Enrgy",1960-07,1961-06,0.33009147809340394,0.0,0.0,0.32829401380195794,0.0,0.3416145081046381,0.0,0.0,0.0,0.0,0.3333333333333333,0.0,0.0,0.3333333333333333,0.0,0.3333333333333333,0.0,0.0,0.0,0.0,0.017099858415508824,0.0,0.0,0.0005666619747829436,0.0,0.000699994204143636,0.0,0.0,0.0,0.0
1961-09,1.2890313358418823,-0.030343784393544238,1.0777992654612555e-05,0.010777992654612552,"NoDur,Telcm,Enrgy",1960-08,1961-07,0.344113122320055,0.0,0.0,0.3278779745343851,0.0,0.3280089031455599,0.0,0.0,0.0,0.0,0.3333333333333333,0.0,0.0,0.3333333333333333,0.0,0.3333333333333333,0.0,0.0,0.0,0.0,0.00016666487033455756,0.0,-0.0,-0.02139976935095719,0.0,-0.009099901920266842,0.0,-0.0,0.0,-0.0
1961-10,1.3137293180536957,0.019160110018336285,0.0003333888981496917,0.33338889814969164,"NoDur,Telcm,Other",1960-09,1961-08,0.34393262289446547,0.0,0.0,0.3216913028532142,0.0,0.3343760742523204,0.0,0.0,0.0,0.0,0.3333333333333333,0.0,0.0,0.0,0.0,0.3333333333333333,0.0,0.0,0.0,0.3333333333333333,0.011162943823970662,0.0,-0.0,0.0,0.0,0.0006664444074012335,0.0,0.0,0.0,0.007664110685114184
1961-11,1.376591977644566,0.047850541756959464,0.00033338889814969166,0.33338889814969164,"NoDur,Shops,Other",1960-10,1961-09,0.3379107405590976,0.0,0.0,0.0,0.0,0.32761157430112803,0.0,0.0,0.0,0.3344776851397744,0.3333333333333333,0.0,0.0,0.0,0.0,0.0,0.3333333333333333,0.0,0.0,0.3333333333333333,0.018293898983163862,0.0,0.0,0.0,0.0,0.0,0.017094299049841638,0.0,0.0,0.012795732622103682
1961-12,1.3406288048031594,-0.02612478746457747,0.00033338889814969156,0.3333888981496916,"Shops,NoDur,Utils",1960-11,1961-10,0.33546396998028366,0.0,0.0,0.0,0.0,0.0,0.3343191502893849,0.0,0.0,0.3302168797303313,0.3333333333333333,0.0,0.0,0.0,0.0,0.0,0.3333333333333333,0.0,0.3333333333333333,0.0,-0.010629788298049673,0.0,0.0,0.0,-0.0,0.0,-0.0011662777129521585,-0.0,-0.013995332555425902,-0.0
1962-01,1.2733936082653017,-0.05015198561821865,0.0003353646218752771,0.335364621875277,"Shops,Durbl,NoDur",1960-12,1961-11,0.33124615068774377,0.0,0.0,0.0,0.0,0.0,0.3409635256278656,0.0,0.3277903236843906,0.0,0.3333333333333333,0.3333333333333333,0.0,0.0,0.0,0.0,0.3333333333333333,0.0,0.0,0.0,-0.020493125025251555,-0.0005664766267142707,-0.0,0.0,-0.0,-0.0,-0.028757019344377382,-0.0,-0.0,-0.0
1962-02,1.275154830370822,0.0013830932510487948,1.6883112593553873e-05,0.016883112593553868,"Shops,Durbl,NoDur",1961-01,1961-12,0.329240484125592,0.35021925977898616,0.0,0.0,0.0,0.0,0.32054025609542186,0.0,0.0,0.0,0.3333333333333333,0.3333333333333333,0.0,0.0,0.0,0.0,0.3333333333333333,0.0,0.0,0.0,0.0008333192640728387,-0.004899917272748291,0.0,0.0,-0.0,0.0,0.005466574372317821,0.0,0.0,0.0
1962-03,1.2886599886181065,0.010590994854606794,0.0003386360578276566,0.3386360578276565,"Durbl,Shops,Utils",1961-02,1962-01,0.3336994873843286,0.3279741694960389,0.0,0.0,0.0,0.0,0.33832634311963256,0.0,0.0,0.0,0.0,0.3333333333333333,0.0,0.0,0.0,0.0,0.3333333333333333,0.0,0.3333333333333333,0.0,-0.0,0.0013662038640543021,-0.0,-0.0,0.0,-0.0,0.0030323061372912563,0.0,0.006531120911088859,-0.0
1962-04,1.2316308644153706,-0.04425459369146012,0.00033602296715003085,0.3360229671500308,"Durbl,Enrgy,Shops",1961-03,1962-02,0.0,0.331080189923503,0.0,0.0,0.0,0.0,0.33272883144289106,0.0,0.3361909786336059,0.0,0.0,0.3333333333333333,0.0,0.3333333333333333,0.0,0.0,0.3333333333333333,0.0,0.0,0.0,-0.0,-0.01726086467010054,-0.0,-0.011896001326690912,-0.0,-0.0,-0.014761704727518416,-0.0,-0.0,-0.0
1962-05,1.132719632881616,-0.08030915300316521,0.00033603587300555147,0.3360358730055514,"Durbl,Shops,Utils",1961-04,1962-03,0.0,0.33059061432257164,0.0,0.3362038909420543,0.0,0.0,0.33320549473537414,0.0,0.0,0.0,0.0,0.3333333333333333,0.0,0.0,0.0,0.0,0.3333333333333333,0.0,0.3333333333333333,0.0,-0.0,-0.014828348801217084,-0.0,-0.0,-0.0,-0.0,-0.030256495980910365,-0.0,-0.0348882723480321,-0.0
1962-06,1.0517544105314514,-0.07147860776827075,1.2860175478000027e-05,0.012860175478000026,"Durbl,Utils,Shops",1961-05,1962-04,0.0,0.34619565217391307,0.0,0.0,0.0,0.0,0.32942028985507243,0.0,0.3243840579710145,0.0,0.0,0.3333333333333333,0.0,0.0,0.0,0.0,0.3333333333333333,0.0,0.3333333333333333,0.0,-0.0,-0.02023307312911616,-0.0,-0.0,-0.0,-0.0,-0.03419956018199865,-0.0,-0.01703311428167769,-0.0
1962-07,1.1226188491250002,0.06737736289381568,0.00033338889814969166,0.3333888981496917,"Durbl,Enrgy,Utils",1961-06,1962-05,0.0,0.33719844916714536,0.0,0.0,0.0,0.0,0.3221568064330845,0.0,0.34064474439977027,0.0,0.0,0.3333333333333333,0.0,0.3333333333333333,0.0,0.0,0.0,0.0,0.3333333333333333,0.0,0.0,0.026757742957159523,0.0,0.016327887981330225,0.0,0.0,0.0,0.0,0.024625120853475575,0.0
1962-08,1.1556919245253914,0.029460645014262266,5.849293230523433e-06,0.005849293230523432,"Durbl,Enrgy,Utils",1961-07,1962-06,0.0,0.33725649350649345,0.0,0.327485014985015,0.0,0.0,0.0,0.0,0.33525849150849146,0.0,0.0,0.3333333333333333,0.0,0.3333333333333333,0.0,0.0,0.0,0.0,0.3333333333333333,0.0,0.0,0.01283325826740354,0.0,0.006133297457668185,0.0,0.0,0.0,-0.0,0.010499938582421079,0.0
1962-09,1.129338101198839,-0.022803502185389957,3.583898270486299e-06,0.0035838982704862977,"Durbl,Enrgy,Utils",1961-08,1962-07,0.0,0.3362582567024997,0.0,0.3297500323792255,0.0,0.0,0.0,0.0,0.33399171091827484,0.0,0.0,0.3333333333333333,0.0,0.3333333333333333,0.0,0.0,0.0,0.0,0.3333333333333333,0.0,-0.0,-0.007333307051412684,-0.0,-0.0058999788550002045,-0.0,-0.0,-0.0,-0.0,-0.009566632380706545,-0.0
1962-10,1.1334014369480103,0.0035979798652483463,2.012888353543998e-06,0.0020128883535439975,"Enrgy,Durbl,Utils",1961-09,1962-08,0.0,0.33360622185837085,0.0,0.33507299768044757,0.0,0.0,0.0,0.0,0.33132078046118163,0.0,0.0,0.3333333333333333,0.0,0.3333333333333333,0.0,0.0,0.0,0.0,0.3333333333333333,0.0,-0.0,0.008199983494315501,0.0,-0.0009666647208745915,-0.0,0.0,-0.0,0.0,-0.003633326019838982,0.0
1962-11,1.228674149248237,0.08405910668048389,6.97372810656174e-06,0.00697372810656174,"Durbl,Enrgy,Utils",1961-10,1962-09,0.0,0.34030822372791286,0.0,0.33117443868739205,0.0,0.0,0.0,0.0,0.3285173375846951,0.0,0.0,0.3333333333333333,0.0,0.3333333333333333,0.0,0.0,0.0,0.0,0.3333333333333333,0.0,0.0,0.022733174797247707,0.0,0.035833083441409515,0.0,0.0,0.0,0.0,0.02549982216993328,0.0
1962-12,1.276624199779372,0.03902584795201647,7.204178226614377e-06,0.007204178226614375,"Enrgy,Durbl,Utils",1961-11,1962-10,0.0,0.32845458458889365,0.0,0.34053871225631877,0.0,0.0,0.0,0.0,0.3310067031547875,0.0,0.0,0.3333333333333333,0.0,0.3333333333333333,0.0,0.0,0.0,0.0,0.3333333333333333,0.0,0.0,0.011799914990696927,-0.0,0.015633220708013727,-0.0,0.0,0.0,0.0,0.01159991643153257,0.0
1963-01,1.342707391135601,0.05176401275148135,2.523292731717844e-06,0.0025232927317178433,"Enrgy,Durbl,Utils",1961-12,1962-11,0.0,0.3321677199961503,0.0,0.3358570466138398,0.0,0.0,0.0,0.0,0.33197523339000995,0.0,0.0,0.3333333333333333,0.0,0.3333333333333333,0.0,0.0,0.0,0.0,0.3333333333333333,0.0,0.0,0.025333269409917463,0.0,0.008933310791918263,0.0,0.0,0.0,0.0,0.017499955842377193,0.0
1963-02,1.3171407699464928,-0.019041096636464472,7.913931629769578e-06,0.007913931629769578,"Enrgy,Durbl,Utils",1962-01,1962-12,0.0,0.3410135327861059,0.0,0.3254207206921687,0.0,0.0,0.0,0.0,0.3335657465217253,0.0,0.0,0.3333333333333333,0.0,0.3333333333333333,0.0,0.0,0.0,0.0,0.3333333333333333,0.0,-0.0,-0.009733256304398804,-0.0,-0.004433298248236441,-0.0,-0.0,-0.0,-0.0,-0.004866628152199402,-0.0
1963-03,1.3867688203790236,0.05286302878268612,3.455218115996354e-06,0.003455218115996353,"Durbl,Enrgy,Utils",1962-02,1963-01,0.0,0.329878691087023,0.0,0.33528152502633457,0.0,0.0,0.0,0.0,0.3348397838866425,0.0,0.0,0.3333333333333333,0.0,0.3333333333333333,0.0,0.0,0.0,0.0,0.3333333333333333,0.0,0.0,0.02363325167501186,0.0,0.023266586275258502,0.0,0.0,0.0,0.0,0.005966646050531908,0.0
1963-04,1.451792203414659,0.04688840856536114,1.1072150768030991e-05,0.011072150768030989,"Durbl,Enrgy,Utils",1962-03,1963-02,0.0,0.33904261381624773,0.0,0.3386943582599886,0.0,0.0,0.0,0.0,0.3222630279237637,0.0,0.0,0.3333333333333333,0.0,0.3333333333333333,0.0,0.0,0.0,0.0,0.3333333333333333,0.0,0.0,0.018833124807827204,0.0,0.020166443378292844,0.0,0.0,0.0,0.0,0.007899912530008935,0.0
1963-05,1.5070384265848666,0.03805380896816146,0.00033338889814969156,0.3333888981496916,"Durbl,Enrgy,Other",1962-04,1963-03,0.0,0.33638997675677396,0.0,0.3376635781832075,0.0,0.0,0.0,0.0,0.32594644506001846,0.0,0.0,0.3333333333333333,0.0,0.3333333333333333,0.0,0.0,0.0,0.0,0.0,0.3333333333333333,0.0,0.02682438739789965,0.0,-0.0003332222037006168,0.0,-0.0,0.0,-0.0,0.0,0.011896032672112018
1963-06,1.4899385252365343,-0.011346692324948116,1.3512129077613912e-05,0.01351212907761391,"Durbl,Enrgy,Other",1962-05,1963-04,0.0,0.3468477144324602,0.0,0.32068567026194145,0.0,0.0,0.0,0.0,0.0,0.33246661530559835,0.0,0.3333333333333333,0.0,0.3333333333333333,0.0,0.0,0.0,0.0,0.0,0.3333333333333333,-0.0,-0.010799854069005963,-0.0,0.00403327883441272,-0.0,-0.0,-0.0,-0.0,-0.0,-0.004566604961277212
1963-07,1.4931052661247697,0.0021254171461422278,7.899335275992999e-06,0.007899335275993,"Durbl,Other,Enrgy",1962-06,1963-05,0.0,0.32623061362103845,0.0,0.34123398516520564,0.0,0.0,0.0,0.0,0.0,0.3325354012137559,0.0,0.3333333333333333,0.0,0.3333333333333333,0.0,0.0,0.0,0.0,0.0,0.3333333333333333,-0.0,-0.0002333314901551023,-0.0,0.007666606105096218,-0.0,-0.0,-0.0,0.0,0.0,-0.005299958133523037
1963-08,1.5722787043564415,0.053026025711609526,6.939592026484124e-06,0.0069395920264841236,"Durbl,Enrgy,Other",1962-07,1963-06,0.0,0.3323908994145822,0.0,0.3402740819584885,0.0,0.0,0.0,0.0,0.0,0.3273350186269292,0.0,0.3333333333333333,0.0,0.3333333333333333,0.0,0.0,0.0,0.0,0.0,0.3333333333333333,0.0,0.02189984802293462,0.0,0.013133242193358052,0.0,0.0,0.0,0.0,0.0,0.017999875087343527
1963-09,1.529991811701013,-0.026895290598454857,0.00033759264300388755,0.33759264300388747,"Durbl,Enrgy,Hlth",1962-08,1963-07,0.0,0.33734291412111045,0.0,0.3290177582222785,0.0,0.0,0.0,0.0,0.0,0.33363932765661103,0.0,0.3333333333333333,0.0,0.3333333333333333,0.0,0.0,0.0,0.3333333333333333,0.0,0.0,-0.0,-0.00083305200613083,-0.0,-0.012162559289510117,0.0,0.0,0.0,-0.013562086659809913,-0.0,-0.0
1963-10,1.6002052503956006,0.045891382004538794,8.23978913945918e-06,0.008239789139459181,"Durbl,Hlth,Enrgy",1962-09,1963-08,0.0,0.3415744957709825,0.0,0.3299318563161319,0.0,0.0,0.0,0.32849364791288566,0.0,0.0,0.0,0.3333333333333333,0.0,0.3333333333333333,0.0,0.0,0.0,0.3333333333333333,0.0,0.0,0.0,0.03569970583952772,0.0,-0.0010999909362319465,0.0,0.0,0.0,0.01129990689038272,-0.0,0.0
1963-11,1.5576094144499275,-0.026618982743084052,1.950148251895228e-05,0.019501482518952278,"Durbl,Hlth,Enrgy",1962-10,1963-09,0.0,0.3528380660993721,0.0,0.3176530579724002,0.0,0.0,0.0,0.3295088759282277,0.0,0.0,0.0,0.3333333333333333,0.0,0.3333333333333333,0.0,0.0,0.0,0.3333333333333333,0.0,0.0,-0.0,-0.017332995307636337,0.0,-0.003799925894366427,-0.0,0.0,-0.0,-0.0054665600585622285,-0.0,0.0
1963-12,1.6000520703024037,0.02724858713534739,0.0003419743719858758,0.3419743719858758,"Durbl,Enrgy,HiTec",1962-11,1963-10,0.0,0.32463529895212656,0.0,0.33853845627011847,0.0,0.0,0.0,0.3368262447777549,0.0,0.0,0.0,0.3333333333333333,0.0,0.3333333333333333,0.3333333333333333,0.0,0.0,0.0,0.0,0.0,0.0,0.001932672182880827,0.0,0.01552802133142182,0.010129867993030542,-0.0,0.0,0.0,0.0,0.0
1964-01,1.6393352322578831,0.024551177230160537,0.0003403481020971657,0.3403481020971657,"Durbl,HiTec,Telcm",1962-12,1963-11,0.0,0.3262618398858181,0.0,0.33949656156740626,0.33424159854677565,0.0,0.0,0.0,0.0,0.0,0.0,0.3333333333333333,0.0,0.0,0.3333333333333333,0.3333333333333333,0.0,0.0,0.0,0.0,0.0,0.004065282584384804,0.0,0.0,0.00976334260020285,0.011062900147670123,0.0,0.0,0.0,0.0
1964-02,1.6644017350763556,0.015290650945107842,0.0003374075830110534,0.3374075830110534,"Durbl,HiTec,Enrgy",1963-01,1963-12,0.0,0.3292028490584447,0.0,0.0,0.334764367255342,0.3360327836862133,0.0,0.0,0.0,0.0,0.0,0.3333333333333333,0.0,0.3333333333333333,0.3333333333333333,0.0,0.0,0.0,0.0,0.0,0.0,0.0054981442582934395,0.0,0.00359878533270116,0.0065311289371243276,-0.0,0.0,0.0,0.0,0.0
1964-03,1.6969103566863235,0.019531715766011537,1.5865761997999976e-06,0.0015865761997999972,"Durbl,HiTec,Enrgy",1963-02,1964-01,0.0,0.3336177754438938,0.0,0.3317470215629,0.3346352029932062,0.0,0.0,0.0,0.0,0.0,0.0,0.3333333333333333,0.0,0.3333333333333333,0.3333333333333333,0.0,0.0,0.0,0.0,0.0,0.0,0.00359999428832568,0.0,0.0046666592626444,0.01126664879124148,-0.0,0.0,-0.0,-0.0,0.0
1964-04,1.6779629533759854,-0.011165824544401959,0.0003361326480896791,0.336132648089679,"HiTec,Durbl,Hlth",1963-03,1964-02,0.0,0.33047799646897275,0.0,0.3315242267704179,0.33799777676060944,0.0,0.0,0.0,0.0,0.0,0.0,0.3333333333333333,0.0,0.0,0.3333333333333333,0.0,0.0,0.3333333333333333,0.0,0.0,-0.0,0.005997983204111462,-0.0,0.0,-0.012095932794958113,0.0,0.0,-0.004731742305465708,0.0,0.0
1964-05,1.7108812015357295,0.019617982681628288,0.00034185821599236414,0.3418582159923641,"HiTec,Durbl,Manuf",1963-04,1964-03,0.0,0.3430497051390059,0.0,0.0,0.32475147430497053,0.0,0.0,0.3321988205560236,0.0,0.0,0.0,0.3333333333333333,0.3333333333333333,0.0,0.3333333333333333,0.0,0.0,0.0,0.0,0.0,0.0,0.005031612646979505,0.005831339160406712,0.0,0.00909688909023447,-0.0,0.0,0.0,0.0,0.0
1964-06,1.7431947325351662,0.01888706882186275,0.0006665555740709882,0.6665555740709881,"Enrgy,Telcm,HiTec",1963-05,1964-04,0.0,0.33174286741396775,0.3325272067714631,0.0,0.3357299258145691,0.0,0.0,0.0,0.0,0.0,0.0,0.0,0.0,0.3333333333333333,0.3333333333333333,0.3333333333333333,0.0,0.0,0.0,0.0,0.0,0.0,0.0,0.002231844692551241,0.0016988668555240791,0.015622912847858689,0.0,0.0,0.0,0.0
1964-07,1.758397946877372,0.008721466430830382,0.0003420985423853934,0.3420985423853934,"HiTec,Shops,Enrgy",1963-06,1964-05,0.0,0.0,0.0,0.32912675319580215,0.3286036551476117,0.3422695916565861,0.0,0.0,0.0,0.0,0.0,0.0,0.0,0.3333333333333333,0.3333333333333333,0.0,0.3333333333333333,0.0,0.0,0.0,0.0,0.0,0.0,0.011129524636228108,-0.006031269338794275,-0.0,0.003965309675781871,0.0,0.0,0.0
1964-08,1.7344174457473462,-0.013637698549757382,0.00034225048115659373,0.3422504811565937,"Shops,HiTec,Telcm",1963-07,1964-06,0.0,0.0,0.0,0.3413715644820296,0.3243591437632135,0.0,0.33426929175475684,0.0,0.0,0.0,0.0,0.0,0.0,0.0,0.3333333333333333,0.3333333333333333,0.3333333333333333,0.0,0.0,0.0,-0.0,0.0,-0.0,-0.0,-0.009196851295573356,-0.005198220297497985,0.0010996235244707276,-0.0,-0.0,-0.0
1964-09,1.7874064041954036,0.030551444566002228,0.00033810789989108096,0.3381078998910809,"Durbl,Shops,HiTec",1963-08,1964-07,0.0,0.0,0.0,0.0,0.3285024154589372,0.3325563325563326,0.33894125198473024,0.0,0.0,0.0,0.0,0.3333333333333333,0.0,0.0,0.3333333333333333,0.0,0.3333333333333333,0.0,0.0,0.0,0.0,0.015461437264481685,0.0,0.0,0.003832037253050418,-0.0,0.011596077948361264,0.0,0.0,0.0
1964-10,1.819270893543608,0.01782722120353375,0.00033338889814969166,0.33338889814969164,"Durbl,Enrgy,Shops",1963-09,1964-08,0.0,0.33834513531865357,0.0,0.0,0.3270604973000938,0.0,0.3345943673812526,0.0,0.0,0.0,0.0,0.3333333333333333,0.0,0.3333333333333333,0.0,0.0,0.3333333333333333,0.0,0.0,0.0,-0.0,0.00023325554259043176,0.0,0.010229921653608932,-0.0,-0.0,0.007697432905484246,0.0,0.0,0.0
1964-11,1.8437013149691308,0.013428688114685894,0.0003333888981496916,0.3333888981496916,"Enrgy,Shops,Other",1963-10,1964-09,0.0,0.3276149942707481,0.0,0.33743656899656244,0.0,0.0,0.33494843673268954,0.0,0.0,0.0,0.0,0.0,0.0,0.3333333333333333,0.0,0.0,0.3333333333333333,0.0,0.0,0.3333333333333333,0.0,-0.0,-0.0,0.008497166194365727,-0.0,-0.0,0.010763077179529923,0.0,0.0,-0.005498166361060177
1964-12,1.8543909101777873,0.005797899649941707,0.0003333888981496917,0.33338889814969164,"Enrgy,Shops,Durbl",1963-11,1964-10,0.0,0.0,0.0,0.3371913326537994,0.0,0.0,0.3394272186236149,0.0,0.0,0.32338144872258573,0.0,0.3333333333333333,0.0,0.3333333333333333,0.0,0.0,0.3333333333333333,0.0,0.0,0.0,0.0,0.006297899649941657,-0.0,-0.0006997666277712951,-0.0,0.0,0.0005331555259209869,0.0,0.0,-0.0
1965-01,1.8989500745311725,0.024029002789445864,4.228909105307272e-06,0.00422890910530727,"Shops,Enrgy,Durbl",1963-12,1964-11,0.0,0.3375629472568248,0.0,0.330605618870925,0.0,0.0,0.33183143387225017,0.0,0.0,0.0,0.0,0.3333333333333333,0.0,0.3333333333333333,0.0,0.0,0.3333333333333333,0.0,0.0,0.0,0.0,0.012699946292854364,0.0,0.001166661732939377,0.0,0.0,0.01016662367275743,0.0,0.0,0.0
1965-02,1.882986306199935,-0.008406628770995295,6.684924359890979e-06,0.006684924359890978,"Shops,Durbl,Enrgy",1964-01,1964-12,0.0,0.33791217733797724,0.0,0.32664952312750234,0.0,0.0,0.33543829953452037,0.0,0.0,0.0,0.0,0.3333333333333333,0.0,0.3333333333333333,0.0,0.0,0.3333333333333333,0.0,0.0,0.0,0.0,-0.0017333217461311093,0.0,-0.011299924460354733,0.0,0.0,0.004633302359850465,0.0,0.0,0.0
1965-03,1.8668393848158202,-0.008575166654664068,8.573433746285968e-06,0.008573433746285967,"Shops,Durbl,Enrgy",1964-02,1965-01,0.0,0.33440903590157317,0.0,0.32476132849267175,0.0,0.0,0.340829635605755,0.0,0.0,0.0,0.0,0.3333333333333333,0.0,0.3333333333333333,0.0,0.0,0.3333333333333333,0.0,0.0,0.0,-0.0,0.004266630086682682,-0.0,-0.010099913408319162,-0.0,-0.0,-0.002733309899281093,-0.0,-0.0,-0.0
1965-04,1.9691699725281417,0.05481488581430227,0.0003333888981496917,0.3333888981496917,"Shops,Hlth,Durbl",1964-03,1965-02,0.0,0.3405170964596712,0.0,0.32602629190061533,0.0,0.0,0.3334566116397136,0.0,0.0,0.0,0.0,0.3333333333333333,0.0,0.0,0.0,0.0,0.3333333333333333,0.3333333333333333,0.0,0.0,0.0,0.02259246541090181,0.0,0.0,0.0,0.0,0.02265910985164194,0.009896699449908317,0.0,0.0
1965-05,1.940535754454868,-0.014541262802474808,8.04641030441842e-06,0.008046410304418421,"Hlth,Shops,Durbl",1964-04,1965-03,0.0,0.33732427736534515,0.0,0.0,0.0,0.0,0.33738745853735586,0.325288264097299,0.0,0.0,0.0,0.3333333333333333,0.0,0.0,0.0,0.0,0.3333333333333333,0.3333333333333333,0.0,0.0,-0.0,-0.010999911489486652,-0.0,0.0,0.0,0.0,0.0006333282372734738,-0.004166633139957065,-0.0,-0.0
1965-06,1.821892953209536,-0.06113919878722407,6.247376862905187e-06,0.0062473768629051855,"Hlth,Shops,Durbl",1964-05,1965-04,0.0,0.32708699769990535,0.0,0.0,0.0,0.0,0.33889189554864024,0.33402110675145447,0.0,0.0,0.0,0.3333333333333333,0.0,0.0,0.0,0.0,0.3333333333333333,0.3333333333333333,0.0,0.0,-0.0,-0.022699858184545205,-0.0,-0.0,-0.0,-0.0,-0.020733203804386372,-0.017699889421429523,-0.0,-0.0
1965-07,1.8512808802766383,0.016130435663264997,2.8516632349482974e-06,0.002851663234948297,"Hlth,Shops,Durbl",1964-06,1965-05,0.0,0.330859902009515,0.0,0.0,0.0,0.0,0.33295462614499755,0.33618547184548747,0.0,0.0,0.0,0.3333333333333333,0.0,0.0,0.0,0.0,0.3333333333333333,0.3333333333333333,0.0,0.0,0.0,0.007633311565637306,0.0,0.0,0.0,-0.0,-0.004666653358904902,0.013166629119767407,0.0,0.0
1965-08,1.9254364979759777,0.04005638392822286,9.886614746336457e-06,0.009886614746336456,"Shops,Hlth,Durbl",1964-07,1965-06,0.0,0.33555307702401255,0.0,0.0,0.0,0.0,0.3234483663561212,0.3409985566198661,0.0,0.0,0.0,0.3333333333333333,0.0,0.0,0.0,0.0,0.3333333333333333,0.3333333333333333,0.0,0.0,0.0,0.011433220296371402,0.0,0.0,0.0,0.0,0.007633257865507437,0.020999792381090326,0.0,0.0
1965-09,1.9685409620306489,0.022386853110961002,0.00033877865429795417,0.3387786542979542,"Hlth,HiTec,Shops",1964-08,1965-07,0.0,0.3314851612076149,0.0,0.0,0.0,0.0,0.32783154925966285,0.34068328953272226,0.0,0.0,0.0,0.0,0.0,0.0,0.3333333333333333,0.0,0.3333333333333333,0.3333333333333333,0.0,0.0,0.0,0.0,0.0,0.0,0.017527393414261308,0.0,-0.0022658987683835913,0.007464137119381242,0.0,0.0
1965-10,2.040237232114294,0.03642102017002813,0.00033338889814969166,0.33338889814969164,"Hlth,HiTec,NoDur",1964-09,1965-08,0.0,0.0,0.0,0.0,0.34306759663646436,0.0,0.32370771136171045,0.3332246920018252,0.0,0.0,0.3333333333333333,0.0,0.0,0.0,0.3333333333333333,0.0,0.0,0.3333333333333333,0.0,0.0,0.008630455075845974,0.0,0.0,0.0,0.017360876812802132,-0.0,0.0,0.010763077179529922,0.0,0.0
1965-11,2.058046296212316,0.008728918293274601,0.0003347136364218155,0.3347136364218155,"Hlth,HiTec,Durbl",1964-10,1965-09,0.3298395653152429,0.0,0.0,0.0,0.33826319004597627,0.0,0.0,0.33189724463878084,0.0,0.0,0.0,0.3333333333333333,0.0,0.0,0.3333333333333333,0.0,0.0,0.3333333333333333,0.0,0.0,0.0,-0.01269574913681744,0.0,0.0,0.009130276282120679,-0.0,0.0,0.012629104784393204,-0.0,0.0
1965-12,2.083945203769729,0.012584220095086307,1.5583552156508104e-05,0.015583552156508104,"HiTec,Hlth,Durbl",1964-11,1965-10,0.0,0.31775237843551796,0.0,0.0,0.3393895348837209,0.0,0.0,0.34285808668076106,0.0,0.0,0.0,0.3333333333333333,0.0,0.0,0.3333333333333333,0.0,0.0,0.3333333333333333,0.0,0.0,0.0,0.0049332564544760284,0.0,0.0,-0.0050665877100024076,-0.0,0.0,0.012733134902769208,-0.0,0.0
1966-01,2.1320486639423635,0.023082881491134355,0.00034242762159957354,0.34242762159957346,"HiTec,Hlth,Manuf",1964-12,1965-11,0.0,0.33405754164197776,0.0,0.0,0.3241819737968267,0.0,0.0,0.3417604845611956,0.0,0.0,0.0,0.0,0.3333333333333333,0.0,0.3333333333333333,0.0,0.0,0.3333333333333333,0.0,0.0,0.0,0.0,0.009696678452070484,0.0,0.0044651371566235215,-0.0,-0.0,0.009263493504039842,-0.0,0.0
1966-02,2.1704765818737166,0.018023940344915168,0.0003365451098996339,0.3365451098996338,"HiTec,Hlth,Other",1965-01,1965-12,0.0,0.0,0.33517897273882025,0.0,0.3300654659153828,0.0,0.0,0.3347555613457968,0.0,0.0,0.0,0.0,0.0,0.0,0.3333333333333333,0.0,0.0,0.3333333333333333,0.0,0.3333333333333333,-0.0,-0.0,-0.0,-0.0,0.016694379696664673,0.0,-0.0,-0.005198249965428521,-0.0,0.006864355723578688
1966-03,2.133771800101479,-0.016910931948664998,1.1119874544680588e-05,0.011119874544680587,"HiTec,Hlth,Other",1965-02,1966-01,0.0,0.0,0.0,0.0,0.3437203364865307,0.0,0.0,0.32221531210107685,0.0,0.3340643514123924,0.0,0.0,0.0,0.0,0.3333333333333333,0.0,0.0,0.3333333333333333,0.0,0.3333333333333333,-0.0,-0.0,-0.0,-0.0,-0.0029999666403763663,-0.0,-0.0,-0.005333274027335761,-0.0,-0.008566571406408065
1966-04,2.2094429797147486,0.035463576568811384,2.9842562340731233e-06,0.002984256234073123,"HiTec,Other,Hlth",1965-03,1966-02,0.0,0.0,0.0,0.0,0.33601193503543214,0.0,0.0,0.33363849048926864,0.0,0.3303495744752992,0.0,0.0,0.0,0.0,0.3333333333333333,0.0,0.0,0.3333333333333333,0.0,0.3333333333333333,0.0,0.0,0.0,0.0,0.02543325743374978,0.0,0.0,-3.333323385812553e-05,0.0,0.010066636625153912
1966-05,2.068674273553827,-0.06371230552376406,1.3142714689623984e-05,0.013142714689623983,"HiTec,Other,Hlth",1965-04,1966-03,0.0,0.0,0.0,0.0,0.34647823847540565,0.0,0.0,0.32188385269121816,0.0,0.3316379088333763,0.0,0.0,0.0,0.0,0.3333333333333333,0.0,0.0,0.3333333333333333,0.0,0.3333333333333333,-0.0,-0.0,-0.0,-0.0,-0.020233067412406113,-0.0,-0.0,-0.017533102897735773,-0.0,-0.02593299249893238
1966-06,2.0790072070151915,0.00499495430163277,5.0205953902709085e-06,0.0050205953902709086,"HiTec,Other,Hlth",1965-05,1966-04,0.0,0.0,0.0,0.0,0.33440136708319984,0.0,0.0,0.3372850582078394,0.0,0.32831357470896083,0.0,0.0,0.0,0.0,0.3333333333333333,0.0,0.0,0.3333333333333333,0.0,0.3333333333333333,-0.0,-0.0,-0.0,-0.0,-0.0004333311577419975,0.0,-0.0,0.0032999834320352117,-0.0,0.002133322622729834
1966-07,2.042065911246953,-0.01776871943665581,2.0899005555652235e-06,0.002089900555565223,"HiTec,Other,Hlth",1965-06,1966-05,0.0,0.0,0.0,0.0,0.33124378109452735,0.0,0.0,0.3349585406301824,0.0,0.33379767827529017,0.0,0.0,0.0,0.0,0.3333333333333333,0.0,0.0,0.3333333333333333,0.0,0.3333333333333333,-0.0,-0.0,-0.0,0.0,-0.005699988087566834,-0.0,-0.0,-0.005733321351236814,-0.0,-0.006333320097296481
1966-08,1.8646776718370686,-0.0868670489198683,4.186170710129735e-07,0.0004186170710129735,"HiTec,Other,Hlth",1965-07,1966-06,0.0,0.0,0.0,0.0,0.33355957511792855,0.0,0.0,0.3335256388502393,0.0,0.3329147860318322,0.0,0.0,0.0,0.0,0.3333333333333333,0.0,0.0,0.3333333333333333,0.0,0.3333333333333333,-0.0,-0.0,-0.0,-0.0,-0.020366658140832317,-0.0,-0.0,-0.02703332201671851,-0.0,-0.039466650145246265
1966-09,1.8176202899838696,-0.02523620171138663,0.00034478690532911964,0.3447869053291196,"HiTec,Other,Manuf",1965-08,1966-07,0.0,0.0,0.0,0.0,0.34273928597503106,0.0,0.0,0.33543841717164347,0.0,0.3218222968533256,0.0,0.0,0.3333333333333333,0.0,0.3333333333333333,0.0,0.0,0.0,0.0,0.3333333333333333,-0.0,-0.0,-0.012029184397572537,0.0,-0.006464437044678871,-0.0,-0.0,-0.0,0.0,-0.006397793363805892
1966-10,1.8665582392290223,0.026924187364560703,0.0003333888981496916,0.33338889814969164,"HiTec,Other,Hlth",1965-09,1966-08,0.0,0.0,0.3295046661880833,0.0,0.3352134823778758,0.0,0.0,0.0,0.0,0.33528185143404093,0.0,0.0,0.0,0.0,0.3333333333333333,0.0,0.0,0.3333333333333333,0.0,0.3333333333333333,0.0,0.0,0.0,0.0,0.000933022170361727,0.0,-0.0,0.016227921320220037,0.0,0.010096632772128687
1966-11,2.0271283700593496,0.08602470978706278,7.94040662086686e-06,0.00794040662086686,"HiTec,Hlth,Other",1965-10,1966-09,0.0,0.0,0.0,0.0,0.32539425011357004,0.0,0.0,0.3402881432928808,0.0,0.3343176065935493,0.0,0.0,0.0,0.0,0.3333333333333333,0.0,0.0,0.3333333333333333,0.0,0.3333333333333333,0.0,-0.0,0.0,-0.0,0.03659970938111767,-0.0,0.0,0.023033150439300827,-0.0,0.026399790373265203
1966-12,2.0444143263673022,0.008527312114647412,0.0006665555740709882,0.6665555740709882,"Enrgy,HiTec,Telcm",1965-11,1966-10,0.0,0.0,0.0,0.0,0.340627973358706,0.0,0.0,0.3281360302016513,0.0,0.3312359964396428,0.0,0.0,0.0,0.3333333333333333,0.3333333333333333,0.3333333333333333,0.0,0.0,0.0,0.0,0.0,-0.0,0.0,-0.0021985335777370434,0.0015323112814530908,0.009860089985002499,-0.0,-0.0,0.0,0.0
1967-01,2.1822836042467224,0.06743705329261629,0.0003399013929420546,0.3399013929420545,"HiTec,Enrgy,Hlth",1965-12,1966-11,0.0,0.0,0.0,0.32811467829303737,0.33181397806843704,0.3400713436385256,0.0,0.0,0.0,0.0,0.0,0.0,0.0,0.3333333333333333,0.3333333333333333,0.0,0.0,0.3333333333333333,0.0,0.0,0.0,0.0,0.0,0.01192927717671089,0.03435498538879589,0.0,0.0,0.021492692120051744,0.0,0.0
1967-02,2.228734534447224,0.021285469088485165,0.0006665555740709882,0.6665555740709881,"HiTec,Utils,Telcm",1966-01,1966-12,0.0,0.0,0.0,0.32334394705625275,0.3443528750702379,0.0,0.0,0.3323031778735094,0.0,0.0,0.0,0.0,0.0,0.0,0.3333333333333333,0.3333333333333333,0.0,0.0,0.3333333333333333,0.0,0.0,-0.0,0.0,-0.0,0.020619580069988333,0.007095267455424095,0.0,0.0,-0.005762822862856189,-0.0
1967-03,2.3030699838788693,0.0333532093135005,1.3022824908461553e-05,0.013022824908461551,"HiTec,Utils,Telcm",1966-02,1967-01,0.0,0.0,0.0,0.0,0.3463583287126129,0.33311588766756905,0.0,0.0,0.320525783619818,0.0,0.0,0.0,0.0,0.0,0.3333333333333333,0.3333333333333333,0.0,0.0,0.3333333333333333,0.0,0.0,0.0,0.0,0.0,0.018366427480782516,0.009866538174794237,0.0,0.0,0.005133266482832136,0.0
1967-04,2.376894131832022,0.03205466984065186,0.0003344925991362331,0.3344925991362331,"HiTec,Telcm,Enrgy",1966-03,1967-02,0.0,0.0,0.0,0.0,0.3403438598754879,0.33211831876391085,0.0,0.0,0.3275378213606012,0.0,0.0,0.0,0.0,0.3333333333333333,0.3333333333333333,0.3333333333333333,0.0,0.0,0.0,0.0,0.0,0.0,0.0,0.005564804657864808,0.026091269743162542,0.0007330880387606334,0.0,0.0,0.0,0.0
1967-05,2.254977977368465,-0.0512922106335415,0.0003430269047887602,0.34302690478876013,"HiTec,Telcm,Hlth",1966-04,1967-03,0.0,0.0,0.0,0.32826423866718324,0.34815317060570833,0.3235825907271083,0.0,0.0,0.0,0.0,0.0,0.0,0.0,0.0,0.3333333333333333,0.3333333333333333,0.0,0.3333333333333333,0.0,0.0,-0.0,-0.0,-0.0,-0.0,-0.01446170421077739,-0.01886019489239632,-0.0,-0.01762728462557889,-0.0,-0.0
1967-06,2.3637802430406554,0.0482498129756288,0.00033395672741862284,0.3339567274186228,"HiTec,Hlth,NoDur",1966-05,1967-04,0.0,0.0,0.0,0.0,0.3359910083945067,0.33135471181201925,0.0,0.3326542797934741,0.0,0.0,0.3333333333333333,0.0,0.0,0.0,0.3333333333333333,0.0,0.0,0.3333333333333333,0.0,0.0,0.009163605396665329,0.0,0.0,0.0,0.02139285332603324,0.0,0.0,0.018027310980348883,-0.0,0.0
1967-07,2.472733923862511,0.04609298226543368,6.708473918518463e-06,0.006708473918518463,"HiTec,Hlth,NoDur",1966-06,1967-05,0.32662597749380123,0.0,0.0,0.0,0.3382923262763049,0.0,0.0,0.33508169622989376,0.0,0.0,0.3333333333333333,0.0,0.0,0.0,0.3333333333333333,0.0,0.0,0.3333333333333333,0.0,0.0,0.020166531379109308,0.0,0.0,0.0,0.013299910777296883,-0.0,0.0,0.012633248582946163,0.0,0.0
1967-08,2.462996537537398,-0.003937902995200693,4.5877068476351046e-06,0.004587706847635104,"HiTec,Hlth,NoDur",1966-07,1967-06,0.3379218047987764,0.0,0.0,0.0,0.33135774145237873,0.0,0.0,0.33072045374884496,0.0,0.0,0.3333333333333333,0.0,0.0,0.0,0.3333333333333333,0.0,0.0,0.3333333333333333,0.0,0.0,-0.002733320793601283,0.0,-0.0,-0.0,-0.0033666512213869466,-0.0,0.0,0.002166656726635164,-0.0,-0.0
1967-09,2.5650072519866978,0.041417319470247405,0.0003353411158154141,0.33534111581541404,"HiTec,Other,Hlth",1966-08,1967-07,0.3319054949467907,0.0,0.0,0.0,0.33126966066528346,0.0,0.0,0.33682484438792587,0.0,0.0,0.0,0.0,0.0,0.0,0.3333333333333333,0.0,0.0,0.3333333333333333,0.0,0.3333333333333333,0.0,0.0,0.0,0.0,0.02785732182757261,0.0,0.0,0.00966342503588045,-0.0,0.004231913722609715
1967-10,2.5206843916173765,-0.017279818735401853,1.3383151144835553e-05,0.01338315114483555,"HiTec,Other,Hlth",1966-09,1967-08,0.0,0.0,0.0,0.0,0.34671871500335966,0.0,0.0,0.32924839215435314,0.0,0.3240328928422871,0.0,0.0,0.0,0.0,0.3333333333333333,0.0,0.0,0.3333333333333333,0.0,0.3333333333333333,-0.0,-0.0,-0.0,-0.0,0.016299781854636337,-0.0,0.0,-0.016766442275832474,-0.0,-0.016799775163060766
1967-11,2.5410449145576766,0.008077378908684318,2.2439332720488977e-05,0.022439332720488977,"HiTec,Other,Hlth",1966-10,1967-09,0.0,0.0,0.0,0.0,0.35577640594260906,0.0,0.0,0.32212875652940776,0.0,0.3220948375279832,0.0,0.0,0.0,0.0,0.3333333333333333,0.0,0.0,0.3333333333333333,0.0,0.3333333333333333,0.0,-0.0,0.0,0.0,0.004733227120491789,0.0,0.0,0.004433233852291606,0.0,-0.0010666427313784316
1967-12,2.594031862033287,0.02085242459590053,0.0006665555740709883,0.6665555740709882,"HiTec,Shops,Durbl",1966-11,1967-10,0.0,0.0,0.0,0.0,0.3353503290017525,0.0,0.0,0.3350527394769038,0.0,0.32959693152134384,0.0,0.3333333333333333,0.0,0.0,0.3333333333333333,0.0,0.3333333333333333,0.0,0.0,0.0,0.0,0.002931378103649392,0.0,0.0,0.007095267455424096,0.0,0.011492334610898184,0.0,0.0,0.0
1968-01,2.483775000472768,-0.04250405061489726,4.230407203446032e-06,0.00423040720344603,"HiTec,Shops,Durbl",1966-12,1967-11,0.0,0.3291783593291131,0.0,0.0,0.3332571950662403,0.0,0.33756444560464666,0.0,0.0,0.0,0.0,0.3333333333333333,0.0,0.0,0.3333333333333333,0.0,0.3333333333333333,0.0,0.0,0.0,-0.0,-0.01716659404467634,-0.0,-0.0,-0.02909987689515038,0.0,0.0037666507321328668,-0.0,0.0,-0.0
1968-02,2.4155388990214686,-0.027472738649157558,0.00034887135869000077,0.34887135869000074,"HiTec,Shops,NoDur",1967-01,1967-12,0.0,0.3302001740644038,0.0,0.0,0.31773716275021757,0.0,0.3520626631853786,0.0,0.0,0.0,0.3333333333333333,0.0,0.0,0.0,0.3333333333333333,0.0,0.3333333333333333,0.0,0.0,0.0,-0.009030181862059833,-0.0,-0.0,-0.0,-0.015261340563924,-0.0,-0.002832344864483712,-0.0,-0.0,-0.0
1968-03,2.4778439521765714,0.025793438135209623,6.39682666222942e-06,0.00639682666222942,"HiTec,Shops,NoDur",1967-02,1968-01,0.33334475433426985,0.0,0.0,0.0,0.326937572808881,0.0,0.3397176728568492,0.0,0.0,0.0,0.3333333333333333,0.0,0.0,0.0,0.3333333333333333,0.0,0.3333333333333333,0.0,0.0,0.0,0.002133319686769787,0.0,0.0,0.0,0.01413324292484984,-0.0,0.009533272350252486,0.0,-0.0,-0.0
1968-04,2.77211174041765,0.11875961276035563,6.3050737220745314e-06,0.00630507372207453,"Shops,HiTec,NoDur",1967-03,1968-02,0.32702931045687916,0.0,0.0,0.0,0.33872749723792817,0.0,0.3342431923051927,0.0,0.0,0.0,0.3333333333333333,0.0,0.0,0.0,0.3333333333333333,0.0,0.3333333333333333,0.0,0.0,0.0,0.036566436111137565,0.0,0.0,0.0,0.04146640521627633,0.0,0.040733076506663725,0.0,0.0,0.0
1968-05,2.8497045296979016,0.027990498416402776,0.00033338889814969166,0.33338889814969164,"Shops,HiTec,Enrgy",1967-04,1968-03,0.3306319458927986,0.0,0.0,0.0,0.335011768912195,0.0,0.33435628519500643,0.0,0.0,0.0,0.0,0.0,0.0,0.3333333333333333,0.3333333333333333,0.0,0.3333333333333333,0.0,0.0,0.0,0.0,-0.0,0.0,0.004131955325887647,0.012762410401733622,-0.0,0.011429521586931156,0.0,0.0,0.0
1968-06,2.8438166287636295,-0.0020661443573928295,0.00033338889814969166,0.33338889814969164,"Shops,HiTec,NoDur",1967-05,1968-04,0.0,0.0,0.0,0.3281685575364668,0.33656401944894654,0.0,0.33526742301458673,0.0,0.0,0.0,0.3333333333333333,0.0,0.0,0.0,0.3333333333333333,0.0,0.3333333333333333,0.0,0.0,0.0,0.003332222037006168,-0.0,-0.0,0.0,-0.0067644107351225195,0.0,0.0016994332388731456,0.0,0.0,0.0
1968-07,2.7075810233297455,-0.04790590365635261,6.2006683674828985e-06,0.006200668367482897,"Shops,HiTec,NoDur",1967-06,1968-05,0.337251235474823,0.0,0.0,0.0,0.3271336984105783,0.0,0.3356150661145986,0.0,0.0,0.0,0.3333333333333333,0.0,0.0,0.0,0.3333333333333333,0.0,0.3333333333333333,0.0,0.0,0.0,-0.012333256858423472,-0.0,-0.0,0.0,-0.01836655278105765,-0.0,-0.01719989334850408,-0.0,0.0,-0.0
1968-08,2.7575704980381985,0.018462780717445337,3.815489842124629e-06,0.003815489842124629,"Shops,HiTec,NoDur",1967-07,1968-06,0.3371494590904317,0.0,0.0,0.0,0.33081258971396565,0.0,0.3320379511956027,0.0,0.0,0.0,0.3333333333333333,0.0,0.0,0.0,0.3333333333333333,0.0,0.3333333333333333,0.0,0.0,0.0,0.009133298485192775,0.0,0.0,0.0,0.0017999931321182841,0.0,0.007533304589976521,0.0,-0.0,0.0
1968-09,2.8879476063183107,0.04727970087178757,0.0003375536557439419,0.33755365574394186,"Shops,Enrgy,HiTec",1967-08,1968-07,0.3362571185442168,0.0,0.0,0.0,0.3290567519801008,0.0,0.33468612947568244,0.0,0.0,0.0,0.0,0.0,0.0,0.3333333333333333,0.3333333333333333,0.0,0.3333333333333333,0.0,0.0,0.0,0.0,0.0,0.0,0.011696050622227795,0.009796691974173708,0.0,0.026124511931129888,0.0,0.0,0.0
1968-10,2.9290271849699416,0.014224488893689102,0.00033726494691730215,0.33726494691730213,"Shops,Enrgy,Other",1967-09,1968-08,0.0,0.0,0.0,0.3293455089248783,0.32753189729230964,0.0,0.343122593782812,0.0,0.0,0.0,0.0,0.0,0.0,0.3333333333333333,0.0,0.0,0.3333333333333333,0.0,0.0,0.3333333333333333,0.0,0.0,0.0,0.008630421612624947,-0.0,0.0,0.00229922429062209,-0.0,0.0,0.0036321079373595336
1968-11,3.0990379906970125,0.058043437288485045,0.0003368884273571071,0.336888427357107,"Other,Shops,NoDur",1967-10,1968-09,0.0,0.0,0.0,0.33705687157078557,0.0,0.0,0.3308144692315274,0.0,0.0,0.332128659197687,0.3333333333333333,0.0,0.0,0.0,0.0,0.0,0.3333333333333333,0.0,0.0,0.3333333333333333,0.015561422436814139,-0.0,0.0,0.0,0.0,0.0,0.017127561311611278,0.0,0.0,0.025691341967416924
1968-12,3.0078052612051063,-0.02943904842915035,5.888411392255979e-06,0.00588841139225598,"Other,Shops,NoDur",1967-11,1968-10,0.32964852607709755,0.0,0.0,0.0,0.0,0.0,0.33112874779541446,0.0,0.0,0.33922272612748805,0.3333333333333333,0.0,0.0,0.0,0.0,0.0,0.3333333333333333,0.0,0.0,0.3333333333333333,-0.0033999799794012663,-0.0,-0.0,-0.0,-0.0,-0.0,-0.013766585602869832,-0.0,-0.0,-0.01226659443548692
1969-01,2.993453229630867,-0.004771596007013157,0.00033976898283694627,0.33976898283694634,"Other,Shops,Enrgy",1967-12,1968-11,0.3399388673283648,0.0,0.0,0.0,0.0,0.0,0.3292578218909915,0.0,0.0,0.3308033107806436,0.0,0.0,0.0,0.3333333333333333,0.0,0.0,0.3333333333333333,0.0,0.0,0.3333333333333333,-0.0,-0.0,-0.0,-0.0037987088778652185,-0.0,0.0,-0.003232234746955493,-0.0,0.0,0.0025991166006446237
1969-02,2.8011329779241714,-0.06424695392030932,0.00033504086636557763,0.3350408663655777,"Other,Shops,NoDur",1968-01,1968-12,0.0,0.0,0.0,0.33100077008069106,0.0,0.0,0.33156996015669465,0.0,0.0,0.3374292697626142,0.3333333333333333,0.0,0.0,0.0,0.0,0.0,0.3333333333333333,0.0,0.0,0.3333333333333333,-0.022059273431548863,-0.0,-0.0,-0.0,-0.0,-0.0,-0.013828698601348608,-0.0,-0.0,-0.028023941021046217
1969-03,2.8824092432276407,0.029015496923570083,0.00034115126753979326,0.3411512675397932,"Other,NoDur,Enrgy",1968-02,1969-01,0.33252617334947654,0.0,0.0,0.0,0.0,0.0,0.3413218431735631,0.0,0.0,0.32615198347696034,0.3333333333333333,0.0,0.0,0.3333333333333333,0.0,0.0,0.0,0.0,0.0,0.3333333333333333,0.0023658592753334888,0.0,0.0,0.024524963755569687,0.0,-0.0,0.0,0.0,-0.0,0.002465825160206735
1969-04,2.9065798539376386,0.008385558284892403,1.4321415219588109e-05,0.014321415219588105,"Other,Enrgy,NoDur",1968-03,1969-02,0.32612285871571517,0.0,0.0,0.34765713545545807,0.0,0.0,0.0,0.0,0.0,0.3262200058288268,0.3333333333333333,0.0,0.0,0.3333333333333333,0.0,0.0,0.0,0.0,0.0,0.3333333333333333,0.0034999498750467313,0.0,0.0,-0.0011999828143017363,0.0,0.0,0.0,0.0,0.0,0.00609991263936716
1969-05,2.932912264387606,0.009059586102303063,0.00033724380592127946,0.33724380592127945,"Enrgy,Other,Utils",1968-04,1969-03,0.33402750231389666,0.0,0.0,0.32936665344440036,0.0,0.0,0.0,0.0,0.0,0.33660584424170303,0.0,0.0,0.0,0.3333333333333333,0.0,0.0,0.0,0.0,0.3333333333333333,0.3333333333333333,0.0,0.0,-0.0,0.013328836749254383,-0.0,0.0,0.0,0.0,6.664418374627192e-05,-0.003998651024776315
1969-06,2.6926698788772483,-0.08191257148311615,0.0003403435138460346,0.34034351384603456,"Enrgy,Telcm,Other",1968-05,1969-04,0.0,0.0,0.0,0.3434383462122713,0.0,0.0,0.0,0.0,0.33029522488607094,0.32626642890165775,0.0,0.0,0.0,0.3333333333333333,0.0,0.3333333333333333,0.0,0.0,0.0,0.3333333333333333,-0.0,-0.0,-0.0,-0.03318870059534032,-0.0,-0.013328795419815386,-0.0,-0.0,-0.0,-0.03505473195411447
1969-07,2.4890657405559073,-0.07561422212151636,0.00033980979941206085,0.3398097994120608,"Enrgy,Telcm,Shops",1968-06,1969-05,0.0,0.0,0.0,0.3268002322880371,0.0,0.3484320557491289,0.0,0.0,0.0,0.3247677119628339,0.0,0.0,0.0,0.3333333333333333,0.0,0.3333333333333333,0.3333333333333333,0.0,0.0,0.0,-0.0,-0.0,-0.0,-0.032122414111778894,-0.0,-0.014994902853008817,-0.028157095357316555,-0.0,-0.0,-0.0
1969-08,2.646562174612422,0.0632753211336794,0.0003365936252973375,0.33659362529733744,"Shops,Telcm,Hlth",1968-07,1969-06,0.0,0.0,0.0,0.32572726289607445,0.0,0.34425579467214595,0.3300169424317797,0.0,0.0,0.0,0.0,0.0,0.0,0.0,0.0,0.3333333333333333,0.3333333333333333,0.3333333333333333,0.0,0.0,0.0,0.0,0.0,0.0,0.0,0.005498148735060864,0.027090878312754443,0.0310228877111616,-0.0,0.0
1969-09,2.6238511942587963,-0.008581313740324892,1.477363445998509e-05,0.014773634459985087,"Hlth,Telcm,Shops",1968-08,1969-07,0.0,0.0,0.0,0.0,0.0,0.31856216114575825,0.33886991131028865,0.3425679275439531,0.0,0.0,0.0,0.0,0.0,0.0,0.0,0.3333333333333333,0.3333333333333333,0.3333333333333333,0.0,0.0,0.0,-0.0,-0.0,-0.0,0.0,-0.013333136351540532,-0.0021999674980041875,0.006966563743679928,-0.0,-0.0
1969-10,2.7916607006109153,0.06395542045955205,1.0570074671524722e-05,0.01057007467152472,"Hlth,Telcm,Shops",1968-09,1969-08,0.0,0.0,0.0,0.0,0.0,0.3227650203409206,0.3339945533402818,0.34324042631879775,0.0,0.0,0.0,0.0,0.0,0.0,0.0,0.3333333333333333,0.3333333333333333,0.3333333333333333,0.0,0.0,0.0,0.0,0.0,-0.0,0.0,0.011666543349128833,0.022366430249329845,0.029933016935764833,0.0,0.0
1969-11,2.7390084627422366,-0.018860543423904086,0.00033338889814969166,0.33338889814969164,"Hlth,HiTec,Shops",1968-10,1969-09,0.0,0.0,0.0,0.0,0.0,0.32425827876813185,0.3343149848052884,0.34142673642657984,0.0,0.0,0.0,0.0,0.0,0.0,0.3333333333333333,0.0,0.3333333333333333,0.3333333333333333,0.0,0.0,-0.0,-0.0,-0.0,-0.0,-0.00596467744624104,0.0,-0.013628788131355226,0.0010663110518419738,-0.0,-0.0
1969-12,2.7441004297833747,0.0018590548771215687,7.597607344737244e-06,0.007597607344737242,"Hlth,HiTec,Shops",1968-11,1969-10,0.0,0.0,0.0,0.0,0.33354843091971204,0.0,0.32573699225648695,0.3407145768238012,0.0,0.0,0.0,0.0,0.0,0.0,0.3333333333333333,0.0,0.3333333333333333,0.3333333333333333,0.0,0.0,-0.0,-0.0,-0.0,-0.0,-0.002466647925901883,-0.0,-0.009999924023926552,0.014333224434294725,-0.0,-0.0
1970-01,2.5716373948582296,-0.0628486600028555,0.0003363604069714759,0.33636040697147584,"Hlth,HiTec,Telcm",1968-12,1969-11,0.0,0.0,0.0,0.0,0.3302501996273623,0.0,0.3227309023156774,0.34701889805696035,0.0,0.0,0.0,0.0,0.0,0.0,0.3333333333333333,0.3333333333333333,0.0,0.3333333333333333,0.0,0.0,-0.0,-0.0,-0.0,-0.0,-0.03022316403702923,-0.008563785179180276,-0.0,-0.023725350379674544,-0.0,-0.0
1970-02,2.6918291287211282,0.046737434330054395,0.0003462569668088727,0.34625696680887263,"Hlth,HiTec,Shops",1969-01,1969-12,0.0,0.0,0.0,0.0,0.3233181624235528,0.34643009529227703,0.0,0.3302517422841701,0.0,0.0,0.0,0.0,0.0,0.0,0.3333333333333333,0.0,0.3333333333333333,0.3333333333333333,0.0,0.0,0.0,0.0,0.0,0.0,0.009829928473159713,0.0,0.018593559620417352,0.018660203203286232,0.0,0.0
1970-03,2.607560264899075,-0.0313054283137536,5.603709872442561e-06,0.00560370987244256,"Hlth,HiTec,Shops",1969-02,1970-01,0.0,0.0,0.0,0.0,0.3277305574125362,0.0,0.33610288733963645,0.33616655524782735,0.0,0.0,0.0,0.0,0.0,0.0,0.3333333333333333,0.0,0.3333333333333333,0.3333333333333333,0.0,0.0,-0.0,0.0,-0.0,-0.0,-0.008599951808095096,0.0,-0.0057333012053967305,-0.01696657159038916,0.0,-0.0
1970-04,2.317767311030145,-0.11113566875899084,0.0003400210972717857,0.3400210972717857,"Hlth,Telcm,HiTec",1969-03,1970-02,0.0,0.0,0.0,0.0,0.33522590413268644,0.0,0.33818519665531127,0.32658889921200235,0.0,0.0,0.0,0.0,0.0,0.0,0.3333333333333333,0.3333333333333333,0.0,0.3333333333333333,0.0,0.0,-0.0,-0.0,-0.0,-0.0,-0.047817068990847165,-0.029290037381849935,-0.0,-0.033688541289021934,-0.0,-0.0
1970-05,2.1707922343130095,-0.06341235205867657,0.00033338889814969166,0.33338889814969164,"Hlth,Telcm,NoDur",1969-04,1970-03,0.0,0.0,0.0,0.0,0.32108716026241796,0.34193064667291473,0.0,0.33698219306466726,0.0,0.0,0.3333333333333333,0.0,0.0,0.0,0.0,0.3333333333333333,0.0,0.3333333333333333,0.0,0.0,-0.024825054175695947,-0.0,-0.0,0.0,-0.0,-0.012362543757292881,-0.0,-0.02589136522753792,-0.0,-0.0
1970-06,2.0708858563320063,-0.046023003215975966,0.0003384713569903647,0.3384713569903646,"Hlth,Telcm,Utils",1969-05,1970-04,0.32927740420535806,0.0,0.0,0.0,0.0,0.3425836980111716,0.0,0.32813889778347033,0.0,0.0,0.0,0.0,0.0,0.0,0.0,0.3333333333333333,0.0,0.3333333333333333,0.3333333333333333,0.0,-0.0,-0.0,-0.0,-0.0,-0.0,-0.028290421260597172,-0.0,-0.0016994245986931165,-0.01569468599969525,-0.0
1970-07,2.21671381877964,0.07041815559353282,1.417906125289852e-05,0.01417906125289852,"Hlth,Telcm,Utils",1969-06,1970-05,0.0,0.0,0.0,0.0,0.0,0.31964092353906876,0.0,0.34751475776310736,0.3328443186978239,0.0,0.0,0.0,0.0,0.0,0.0,0.3333333333333333,0.0,0.3333333333333333,0.3333333333333333,0.0,0.0,0.0,0.0,0.0,0.0,0.03419951507610515,0.0,0.007199897910758979,0.029032921667921627,0.0
1970-08,2.2748115087517515,0.026208926691356105,0.000348481970948769,0.348481970948769,"Hlth,NoDur,Utils",1969-07,1970-06,0.0,0.0,0.0,0.0,0.0,0.34335004515305323,0.0,0.3181266153894061,0.33852333945754054,0.0,0.3333333333333333,0.0,0.0,0.0,0.0,0.0,0.0,0.3333333333333333,0.3333333333333333,0.0,0.004864970721074715,0.0,0.0,0.0,0.0,0.0,0.0,0.006064552542709577,0.015627885398520832,0.0
1970-09,2.3243036284241008,0.021756580482356958,0.00033599404915667184,0.3359940491566718,"Utils,Hlth,Telcm",1969-08,1970-07,0.3294476734746891,0.0,0.0,0.0,0.0,0.0,0.0,0.3306166185018022,0.3399357080235088,0.0,0.0,0.0,0.0,0.0,0.0,0.3333333333333333,0.0,0.3333333333333333,0.3333333333333333,0.0,0.0,0.0,0.0,0.0,0.0,-0.0029323477507891406,0.0,0.026757673225950906,-0.0017327509436481283,0.0
1970-10,2.2725233789084105,-0.022277747572419293,0.0003521377947167695,0.35213779471676937,"Utils,Telcm,Durbl",1969-09,1970-08,0.0,0.0,0.0,0.0,0.0,0.3232560414832208,0.0,0.3523138636141278,0.3244300949026514,0.0,0.0,0.3333333333333333,0.0,0.0,0.0,0.3333333333333333,0.0,0.0,0.3333333333333333,0.0,0.0,-0.006664319081368555,-0.0,0.0,-0.0,-0.01249559827756604,-0.0,0.0,-0.0027656924187679506,-0.0
1970-11,2.4333640148262687,0.0707762293715617,0.00033338889814969156,0.3333888981496916,"Enrgy,Utils,Durbl",1969-10,1970-09,0.0,0.3339922295685365,0.0,0.0,0.0,0.32802808261195554,0.0,0.0,0.3379796878195079,0.0,0.0,0.3333333333333333,0.0,0.3333333333333333,0.0,0.0,0.0,0.0,0.3333333333333333,0.0,0.0,0.023258909818303048,0.0,0.01649449908318053,0.0,0.0,0.0,0.0,0.031356209368228034,0.0
1970-12,2.559880650652489,0.05199248244626187,7.145963629409835e-06,0.007145963629409834,"Enrgy,Utils,Durbl",1969-11,1970-10,0.0,0.33291840418248586,0.0,0.3266011078608328,0.0,0.0,0.0,0.0,0.3404804879566814,0.0,0.0,0.3333333333333333,0.0,0.3333333333333333,0.0,0.0,0.0,0.0,0.3333333333333333,0.0,0.0,0.020566519698014686,0.0,0.007499946405272778,0.0,0.0,0.0,0.0,0.023933162306603802,0.0
1971-01,2.620695980104435,0.02375709564289452,9.348833170547434e-06,0.009348833170547433,"Enrgy,Utils,Durbl",1969-12,1970-11,0.0,0.3364068441064638,0.0,0.3239860583016477,0.0,0.0,0.0,0.0,0.33960709759188845,0.0,0.0,0.3333333333333333,0.0,0.3333333333333333,0.0,0.0,0.0,0.0,0.3333333333333333,0.0,0.0,0.0128998794000521,0.0,0.0010999897162835123,0.0,0.0,0.0,0.0,0.009766575359729367,0.0
1971-02,2.65955191122892,0.014826569514154953,6.6649556690623015e-06,0.006664955669062301,"Enrgy,Durbl,Utils",1970-01,1970-12,0.0,0.33819555237195975,0.0,0.3266694884902159,0.0,0.0,0.0,0.0,0.3351349591378243,0.0,0.0,0.3333333333333333,0.0,0.3333333333333333,0.0,0.0,0.0,0.0,0.3333333333333333,0.0,0.0,0.0074666169016643375,0.0,0.016033226471877434,0.0,-0.0,0.0,0.0,-0.008666608903717534,0.0
1971-03,2.735844350879116,0.02868620060698235,1.3414399744896446e-05,0.013414399744896447,"Enrgy,Durbl,Utils",1970-02,1971-01,0.0,0.3358186894399737,0.0,0.34426014123829857,0.0,0.0,0.0,0.0,0.3199211693217277,0.0,0.0,0.3333333333333333,0.0,0.3333333333333333,0.0,0.0,0.0,0.0,0.3333333333333333,0.0,0.0,0.01146651284821626,0.0,0.009199876587522346,0.0,0.0,0.0,0.0,0.008033225570988716,0.0
1971-04,2.896930693641015,0.058879936905086305,0.00033363416456610464,0.3336341645661046,"Enrgy,Shops,Durbl",1970-03,1971-02,0.0,0.33518032468163705,0.0,0.3329768964064677,0.0,0.0,0.0,0.0,0.3318427789118953,0.0,0.0,0.3333333333333333,0.0,0.3333333333333333,0.0,0.0,0.3333333333333333,0.0,0.0,0.0,0.0,0.02829055815314278,0.0,0.014361873455835733,0.0,0.0,0.016561139460673686,0.0,-0.0,0.0
1971-05,2.7922323816220933,-0.03614111730347658,8.075774806222436e-06,0.008075774806222435,"Enrgy,Shops,Durbl",1970-04,1971-03,0.0,0.3414104541020234,0.0,0.3282562859930138,0.0,0.0,0.3303332599049627,0.0,0.0,0.0,0.0,0.3333333333333333,0.0,0.3333333333333333,0.0,0.0,0.3333333333333333,0.0,0.0,0.0,-0.0,-0.014266551452279433,-0.0,-0.015899871595180578,-0.0,-0.0,-0.005966618481210322,-0.0,-0.0,-0.0
1971-06,2.7984507241343404,0.002227014683009454,6.304570117181318e-06,0.006304570117181318,"Shops,Durbl,Enrgy",1970-05,1971-04,0.0,0.3310278046756121,0.0,0.32933324111218704,0.0,0.0,0.33963895421220086,0.0,0.0,0.0,0.0,0.3333333333333333,0.0,0.3333333333333333,0.0,0.0,0.3333333333333333,0.0,0.0,0.0,-0.0,-0.0021999861299457422,0.0,0.0034333116876425975,-0.0,0.0,0.0009999936954298828,0.0,0.0,-0.0
1971-07,2.6775899206026432,-0.04318846942323196,0.0003362151806419199,0.3362151806419199,"Shops,Durbl,Other",1970-06,1971-05,0.0,0.3303954501613064,0.0,0.33601623041873147,0.0,0.0,0.3335883194199621,0.0,0.0,0.0,0.0,0.3333333333333333,0.0,0.0,0.0,0.0,0.3333333333333333,0.0,0.0,0.3333333333333333,-0.0,-0.018527102145318768,-0.0,-0.0,-0.0,-0.0,-0.011496133525422617,-0.0,-0.0,-0.012829018571848427
1971-08,2.890266994102725,0.07942854574692104,4.435277533369898e-06,0.004435277533369897,"Shops,Durbl,Other",1970-07,1971-06,0.0,0.3288987950128857,0.0,0.0,0.0,0.0,0.336247126837083,0.0,0.0,0.3348540781500314,0.0,0.3333333333333333,0.0,0.0,0.0,0.0,0.3333333333333333,0.0,0.0,0.3333333333333333,0.0,0.035333176620193814,0.0,-0.0,0.0,-0.0,0.02066657500426431,0.0,-0.0,0.023433229399996466
1971-09,2.901034192919282,0.003725330164488616,0.0006717142926236292,0.6717142926236291,"Shops,Hlth,NoDur",1970-08,1971-07,0.0,0.34153722632245315,0.0,0.0,0.0,0.0,0.327949850230059,0.0,0.0,0.3305129234474879,0.3333333333333333,0.0,0.0,0.0,0.0,0.0,0.3333333333333333,0.3333333333333333,0.0,0.0,-0.0002331765999983878,-0.0,-0.0,-0.0,-0.0,0.0,0.002431698828554616,0.002198522228556228,-0.0,-0.0
1971-10,2.7744897299650138,-0.04362046585425727,0.0003349700577581952,0.3349700577581952,"Shops,Durbl,NoDur",1970-09,1971-08,0.3316407805655117,0.0,0.0,0.0,0.0,0.0,0.3342957652993495,0.3340634541351387,0.0,0.0,0.3333333333333333,0.3333333333333333,0.0,0.0,0.0,0.0,0.3333333333333333,0.0,0.0,0.0,-0.014428498598833023,-0.017360849353330265,-0.0,-0.0,-0.0,-0.0,-0.011496147844335784,-0.0,0.0,-0.0
1971-11,2.777162172248782,0.00096321938225441,0.00033634337136277784,0.3363433713627778,"Shops,Durbl,Other",1970-10,1971-09,0.3333333333333333,0.3302672380753284,0.0,0.0,0.0,0.0,0.3363994285913383,0.0,0.0,0.0,0.0,0.3333333333333333,0.0,0.0,0.0,0.0,0.3333333333333333,0.0,0.0,0.3333333333333333,-0.0,0.001099630022291501,-0.0,0.0,0.0,0.0,0.0007997309253029097,0.0,-0.0,-0.0005997981939771823
1971-12,3.0188765691532122,0.08703647173355522,0.0003343096068095978,0.33430960680959776,"Shops,Other,Hlth",1970-11,1971-10,0.0,0.33399913445853724,0.0,0.0,0.0,0.0,0.33369952395219543,0.0,0.0,0.3323013415892673,0.0,0.0,0.0,0.0,0.0,0.0,0.3333333333333333,0.3333333333333333,0.0,0.3333333333333333,0.0,0.0,0.0,0.0,0.0,0.0,0.03388866690432915,0.026357852036700453,0.0,0.02712426239933523
1972-01,3.0828632407427046,0.0211955242699573,4.382814377972743e-06,0.004382814377972744,"Shops,Hlth,Other",1970-12,1971-11,0.0,0.0,0.0,0.0,0.0,0.0,0.33771687818036905,0.3307890380724664,0.0,0.33149408374716444,0.0,0.0,0.0,0.0,0.0,0.0,0.3333333333333333,0.3333333333333333,0.0,0.3333333333333333,0.0,0.0,0.0,0.0,0.0,0.0,0.0014333270512993915,0.008666628682275392,-0.0,0.011099951350760405
1972-02,3.2218360877187906,0.04507914757276277,0.0003387932537422116,0.3387932537422115,"Shops,Hlth,Durbl",1971-01,1971-12,0.0,0.0,0.0,0.0,0.0,0.0,0.32781694738216477,0.3349001175088131,0.0,0.337282935109022,0.0,0.3333333333333333,0.0,0.0,0.0,0.0,0.3333333333333333,0.3333333333333333,0.0,0.0,0.0,0.0027990513788895216,0.0,0.0,0.0,0.0,0.0188602747672794,0.023758614680336063,-0.0,0.0
1972-03,3.293429347748708,0.022221260821685407,1.180993737347536e-05,0.011809937373475356,"Shops,Hlth,Durbl",1971-02,1972-01,0.0,0.3215253642827535,0.0,0.0,0.0,0.0,0.33689379204795455,0.3415808436692918,0.0,0.0,0.0,0.3333333333333333,0.0,0.0,0.0,0.0,0.3333333333333333,0.3333333333333333,0.0,0.0,0.0,0.014099833479883033,0.0,-0.0,0.0,-0.0,0.0065999220544133335,0.0015333152247626939,-0.0,0.0
1972-04,3.319636724658416,0.007957473545811,0.00033970688702669884,0.3397068870266989,"Hlth,Shops,Manuf",1971-03,1972-02,0.0,0.33987674047021227,0.0,0.0,0.0,0.0,0.3325398636971338,0.327583395832654,0.0,0.0,0.0,0.0,0.3333333333333333,0.0,0.0,0.0,0.3333333333333333,0.3333333333333333,0.0,0.0,0.0,-0.0,0.006564435924775191,-0.0,0.0,-0.0,-0.001866032547144217,0.003598777055206704,-0.0,0.0
1972-05,3.3994030370181614,0.02402862691789065,4.595959222732042e-06,0.004595959222732041,"Hlth,Shops,Manuf",1971-04,1972-03,0.0,0.0,0.33710205296042844,0.0,0.0,0.0,0.3287381401038051,0.33415980693576647,0.0,0.0,0.0,0.0,0.3333333333333333,0.0,0.0,0.0,0.3333333333333333,0.3333333333333333,0.0,0.0,0.0,-0.0,0.006333304225591589,0.0,0.0,0.0,0.005966639244109971,0.011733279407411788,-0.0,-0.0
1972-06,3.354518725696665,-0.013203586286393176,3.634258606714985e-06,0.0036342586067149847,"Hlth,Shops,Manuf",1971-05,1972-04,0.0,0.0,0.3316949318056053,0.0,0.0,0.0,0.3313368705445786,0.3369681976498161,0.0,0.0,0.0,0.0,0.3333333333333333,0.0,0.0,0.0,0.3333333333333333,0.3333333333333333,0.0,0.0,-0.0,-0.0,-0.00749997274306045,-0.0,-0.0,-0.0,-0.014066615544762264,0.008366636260036323,-0.0,-0.0
1972-07,3.37158784932056,0.00508839717994114,0.00034307212816239854,0.34307212816239857,"Hlth,Shops,HiTec",1971-06,1972-05,0.0,0.0,0.3301918659640589,0.0,0.0,0.0,0.32353735981624104,0.34627077421970004,0.0,0.0,0.0,0.0,0.0,0.0,0.3333333333333333,0.0,0.3333333333333333,0.3333333333333333,0.0,0.0,-0.0,-0.0,0.0,-0.0,0.0031989021691898795,0.0,-0.008197186808549068,0.010429753947462837,0.0,-0.0
1972-08,3.4398953536293266,0.02025974329054847,0.00033338889814969166,0.33338889814969164,"Hlth,HiTec,Manuf",1971-07,1972-06,0.0,0.0,0.0,0.0,0.3347147167058979,0.0,0.32337632198388755,0.3419089613102145,0.0,0.0,0.0,0.0,0.3333333333333333,0.0,0.3333333333333333,0.0,0.0,0.3333333333333333,0.0,0.0,-0.0,0.0,0.007630788464744125,0.0,0.009496832805467578,0.0,-0.0,0.0034655109184864143,0.0,0.0
1972-09,3.4076636463524292,-0.009369967386621436,3.331929023247971e-06,0.003331929023247971,"Hlth,HiTec,Manuf",1971-08,1972-07,0.0,0.0,0.33408452544255013,0.0,0.33591351492586063,0.0,0.0,0.3300019596315893,0.0,0.0,0.0,0.0,0.3333333333333333,0.0,0.3333333333333333,0.0,0.0,0.3333333333333333,0.0,0.0,-0.0,-0.0,-0.004066653116821971,-0.0,-0.003833320560938744,0.0,-0.0,-0.0014666617798374327,0.0,-0.0
1972-10,3.399820339092056,-0.0023016670875861678,1.6709307267501932e-06,0.001670930726750193,"Hlth,HiTec,Manuf",1971-09,1972-08,0.0,0.0,0.3323799589488206,0.0,0.3326154985026414,0.0,0.0,0.33500454254853795,0.0,0.0,0.0,0.0,0.3333333333333333,0.0,0.3333333333333333,0.0,0.0,0.3333333333333333,0.0,0.0,-0.0,-0.0,0.0037999936504632377,0.0,-0.011133314730304576,0.0,0.0,0.005033324922982009,0.0,0.0
1972-11,3.4697072521296626,0.020556060634742357,1.039229701559129e-05,0.01039229701559129,"Hlth,HiTec,Manuf",1971-10,1972-09,0.0,0.0,0.3379105275466907,0.0,0.32294276836724467,0.0,0.0,0.3391467040860647,0.0,0.0,0.0,0.0,0.3333333333333333,0.0,0.3333333333333333,0.0,0.0,0.3333333333333333,0.0,0.0,0.0,0.0,0.013999854507841782,0.0,0.008433245691628502,0.0,0.0,-0.0018666472677122377,0.0,0.0
1972-12,3.54647312424249,0.022124596265494567,8.547874874988001e-06,0.008547874874988001,"Hlth,Manuf,HiTec",1971-11,1972-10,0.0,0.0,0.3403338014828364,0.0,0.33487931541300586,0.0,0.0,0.3247868831041579,0.0,0.0,0.0,0.0,0.3333333333333333,0.0,0.3333333333333333,0.0,0.0,0.3333333333333333,0.0,0.0,0.0,0.0,0.003066640453183717,0.0,0.006599943584025825,0.0,0.0,0.012466560103159892,-0.0,-0.0
1973-01,3.54693067008518,0.0001290143268146693,0.00033749484225887563,0.33749484225887555,"Hlth,Manuf,Enrgy",1971-12,1972-11,0.0,0.0,0.32911557526741453,0.0,0.33257239759979124,0.0,0.0,0.3383120271327941,0.0,0.0,0.0,0.0,0.3333333333333333,0.3333333333333333,0.0,0.0,0.0,0.3333333333333333,0.0,0.0,-0.0,-0.0,-0.012329170896945475,0.01676100800314479,0.0,-0.0,-0.0,-0.003965327937125705,-0.0,-0.0
1973-02,3.395276634504406,-0.04275641383684903,0.0003373973998491867,0.33739739984918665,"Hlth,Enrgy,Telcm",1972-01,1972-12,0.0,0.0,0.32085026987405885,0.34993669620843604,0.0,0.0,0.0,0.32921303391750517,0.0,0.0,0.0,0.0,0.0,0.3333333333333333,0.0,0.3333333333333333,0.0,0.3333333333333333,0.0,0.0,-0.0,-0.0,-0.0,-0.024591700023963707,-0.0,-0.015461448253548997,-0.0,-0.0023658681594870236,-0.0,-0.0
1973-03,3.4445789608616035,0.014520856962335404,1.2297645220789596e-05,0.012297645220789594,"Enrgy,Telcm,Hlth",1972-02,1973-01,0.0,0.0,0.0,0.3224144533017719,0.0,0.33195251853656843,0.0,0.34563302816165975,0.0,0.0,0.0,0.0,0.0,0.3333333333333333,0.0,0.3333333333333333,0.0,0.3333333333333333,0.0,0.0,-0.0,-0.0,-0.0,0.010166541640606921,-0.0,0.0017666449408267762,-0.0,0.0025999680261224256,-0.0,-0.0
1973-04,3.3803772423593976,-0.018638480705969074,5.245106452556263e-06,0.005245106452556262,"Enrgy,Hlth,Telcm",1972-03,1973-02,0.0,0.0,0.0,0.33857931397029833,0.0,0.33029964515705085,0.0,0.33112104087265076,0.0,0.0,0.0,0.0,0.0,0.3333333333333333,0.0,0.3333333333333333,0.0,0.3333333333333333,0.0,0.0,-0.0,-0.0,-0.0,-0.0032666495326522547,-0.0,0.002933317947687739,-0.0,-0.01829990401455192,-0.0,-0.0
1973-05,3.3427011915520275,-0.011145516640939546,1.2320475567639184e-05,0.012320475567639181,"Enrgy,Hlth,Telcm",1972-04,1973-03,0.0,0.0,0.0,0.33633368431778815,0.0,0.3426514045039231,0.0,0.3210149111782888,0.0,0.0,0.0,0.0,0.0,0.3333333333333333,0.0,0.3333333333333333,0.0,0.3333333333333333,0.0,0.0,-0.0,-0.0,-0.0,-0.01186652046368993,-0.0,-0.00279996550266841,-0.0,0.0035332898009863274,0.0,-0.0
1973-06,3.3278591852991757,-0.004440123541512464,0.00034152378904736124,0.34152378904736125,"Enrgy,Telcm,Utils",1972-05,1973-04,0.0,0.0,0.0,0.32508595698779746,0.0,0.33425470235286187,0.0,0.3406593406593406,0.0,0.0,0.0,0.0,0.0,0.3333333333333333,0.0,0.3333333333333333,0.0,0.0,0.3333333333333333,0.0,-0.0,-0.0,-0.0,0.005298189923918048,-0.0,-0.001066302374625016,-0.0,0.0,-0.008330487301757937,-0.0
1973-07,3.300991358944981,-0.008073606741800687,6.996513677405957e-06,0.0069965136774059545,"Enrgy,Telcm,Utils",1972-06,1973-05,0.0,0.0,0.0,0.3400274458613649,0.0,0.33363456839709477,0.0,0.0,0.3263379857415403,0.0,0.0,0.0,0.0,0.3333333333333333,0.0,0.3333333333333333,0.0,0.0,0.3333333333333333,0.0,0.0,0.0,0.0,0.0009999930034863224,0.0,-0.0010666592037187439,0.0,0.0,-0.007999944027890579,0.0
1973-08,3.193031842107699,-0.03270518008014012,5.355195016988846e-06,0.0053551950169888445,"Enrgy,Telcm,Utils",1972-07,1973-06,0.0,0.0,0.0,0.3370522212514282,0.0,0.3349687478997245,0.0,0.0,0.3279790308488474,0.0,0.0,0.0,0.0,0.3333333333333333,0.0,0.3333333333333333,0.0,0.0,0.3333333333333333,0.0,-0.0,-0.0,-0.0,-0.012733265143850115,-0.0,-0.012966597227637945,-0.0,-0.0,-0.006999962513634881,-0.0
1973-09,3.3795357277641687,0.058409654171616365,0.00033719657625269167,0.3371965762526917,"Telcm,Enrgy,Hlth",1972-08,1973-07,0.0,0.0,0.0,0.33143802336400296,0.0,0.331196802095179,0.0,0.0,0.3373651745408181,0.0,0.0,0.0,0.0,0.3333333333333333,0.0,0.3333333333333333,0.0,0.3333333333333333,0.0,0.0,0.0,0.0,0.0,0.03068964806510905,-0.0,0.025458079393858097,0.0,0.0025991232889017433,0.0,0.0
1973-10,3.3790847098772456,-0.00013345557592947532,0.0003333888981496916,0.3333888981496916,"Enrgy,Telcm,Manuf",1972-09,1973-08,0.0,0.0,0.0,0.34382772408147844,0.0,0.33888486603910206,0.0,0.31728740987941945,0.0,0.0,0.0,0.0,0.3333333333333333,0.3333333333333333,0.0,0.3333333333333333,0.0,0.0,0.0,0.0,-0.0,-0.0,0.0014994999166527754,0.017227587931321883,0.0,-0.018527154525754288,-0.0,0.0,-0.0,-0.0
1973-11,3.0994641190282306,-0.08275039392521566,1.859938064062465e-05,0.01859938064062465,"Enrgy,Telcm,Manuf",1972-10,1973-09,0.0,0.0,0.3347663800573219,0.350496567353196,0.0,0.31473705258948215,0.0,0.0,0.0,0.0,0.0,0.0,0.3333333333333333,0.3333333333333333,0.0,0.3333333333333333,0.0,0.0,0.0,0.0,-0.0,-0.0,-0.047565781956127526,-0.020732947706174714,-0.0,-0.014433064882272752,-0.0,-0.0,-0.0,-0.0
1973-12,3.154547264882969,0.01777182885150097,0.000355065952559037,0.355065952559037,"Enrgy,Hlth,Manuf",1972-11,1973-10,0.0,0.0,0.31154153644886984,0.3407951159241223,0.0,0.3476633476270078,0.0,0.0,0.0,0.0,0.0,0.0,0.3333333333333333,0.3333333333333333,0.0,0.0,0.0,0.3333333333333333,0.0,0.0,-0.0,-0.0,0.004298473216403995,0.02875645260276471,-0.0,0.0,-0.0,-0.014928031015108452,0.0,0.0
1974-01,3.070075247260891,-0.026777857654071924,0.000353878509335226,0.35387850933522597,"Enrgy,Hlth,Telcm",1972-12,1973-11,0.0,0.0,0.3316199580932425,0.35565086432687265,0.0,0.0,0.0,0.3127291775798848,0.0,0.0,0.0,0.0,0.0,0.3333333333333333,0.0,0.3333333333333333,0.0,0.3333333333333333,0.0,0.0,0.0,0.0,0.0,-0.024857866887734528,0.0,0.0069642013130516295,0.0,-0.008530313570053672,0.0,0.0
1974-02,3.101635153015609,0.01027984763007872,0.00034976651926633907,0.349766519266339,"Enrgy,Telcm,Manuf",1973-01,1973-12,0.0,0.0,0.0,0.31684185298044987,0.0,0.3495394939569281,0.0,0.33361865306262195,0.0,0.0,0.0,0.0,0.3333333333333333,0.3333333333333333,0.0,0.3333333333333333,0.0,0.0,0.0,0.0,0.0,-0.0,9.996502334807335e-05,-0.005164859539650457,-0.0,0.01569450866564752,0.0,-0.0,0.0,0.0
1974-03,2.9819260577891593,-0.03859547926198248,0.00034189580824449926,0.3418958082444993,"Enrgy,Telcm,Utils",1973-02,1974-01,0.0,0.0,0.3299251294567763,0.32471387578746,0.0,0.34536099475576376,0.0,0.0,0.0,0.0,0.0,0.0,0.0,0.3333333333333333,0.0,0.3333333333333333,0.0,0.0,0.3333333333333333,0.0,-0.0,-0.0,-0.0,-0.01079630752527096,-0.0,-0.015261447057327465,-0.0,0.0,-0.012195828871139416,-0.0
1974-04,2.744756370814994,-0.07953573709671602,2.611461631146183e-06,0.002611461631146182,"Telcm,Enrgy,Utils",1973-03,1974-02,0.0,0.0,0.0,0.3353666990156661,0.0,0.3307223069457923,0.0,0.0,0.3339109940385415,0.0,0.0,0.0,0.0,0.3333333333333333,0.0,0.3333333333333333,0.0,0.0,0.3333333333333333,0.0,-0.0,-0.0,-0.0,-0.021033278405590355,-0.0,-0.017733287023413744,-0.0,-0.0,-0.04076656020608084,-0.0
1974-05,2.6374717184683907,-0.039087131188531465,0.00033338889814969166,0.3333888981496916,"Telcm,Enrgy,Manuf",1973-04,1974-03,0.0,0.0,0.0,0.339284420945897,0.0,0.3428695589193887,0.0,0.0,0.31784602013471425,0.0,0.0,0.0,0.3333333333333333,0.3333333333333333,0.0,0.3333333333333333,0.0,0.0,0.0,0.0,-0.0,0.0,-0.008463843973995666,-0.0251249541590265,-0.0,-0.00516494415735956,0.0,-0.0,-0.0,-0.0
1974-06,2.6333941356140387,-0.0015460195556977752,1.2705704444516137e-05,0.012705704444516136,"Enrgy,Telcm,Manuf",1973-05,1974-04,0.0,0.0,0.3379685820300309,0.32062974650622467,0.0,0.3414016714637445,0.0,0.0,0.0,0.0,0.0,0.0,0.3333333333333333,0.3333333333333333,0.0,0.3333333333333333,0.0,0.0,0.0,0.0,-0.0,-0.0,-0.0013999822120137773,-0.0010333202041054072,-0.0,0.0008999885648659999,-0.0,-0.0,-0.0,-0.0
1974-07,2.3900595875655273,-0.0924033910297184,0.0003341678926294996,0.33416789262949953,"Telcm,Shops,Manuf",1973-06,1974-05,0.0,0.0,0.3324430793883955,0.3328103091406824,0.0,0.33474661147092205,0.0,0.0,0.0,0.0,0.0,0.0,0.3333333333333333,0.0,0.0,0.3333333333333333,0.3333333333333333,0.0,0.0,0.0,-0.0,-0.0,-0.023892013387366153,-0.0,-0.0,-0.025424834329930788,-0.04275237541979187,-0.0,0.0,-0.0
1974-08,2.239217066388077,-0.06311245207534599,0.00033338889814969177,0.3333888981496917,"Telcm,Enrgy,Manuf",1973-07,1974-06,0.0,0.0,0.34082314498659916,0.0,0.0,0.3391342658883137,0.3200425891250872,0.0,0.0,0.0,0.0,0.0,0.3333333333333333,0.3333333333333333,0.0,0.3333333333333333,0.0,0.0,0.0,0.0,-0.0,-0.0,-0.03385537589598266,-0.02882372062010335,-0.0,-9.996666111018501e-05,-0.0,-0.0,-0.0,-0.0
1974-09,2.055182385358589,-0.0821870660919628,2.2225631337727646e-05,0.022225631337727644,"Telcm,Enrgy,Manuf",1973-08,1974-07,0.0,0.0,0.3195333617868829,0.32490396927016646,0.0,0.35556266894295063,0.0,0.0,0.0,0.0,0.0,0.0,0.3333333333333333,0.3333333333333333,0.0,0.3333333333333333,0.0,0.0,0.0,0.0,-0.0,-0.0,-0.042899046520415596,-0.026566076205727453,-0.0,-0.012699717734482011,-0.0,-0.0,-0.0,-0.0
1974-10,2.38184761864241,0.15894707720883083,1.6902520494533113e-05,0.01690252049453311,"Telcm,Enrgy,Manuf",1973-09,1974-08,0.0,0.0,0.3164336299255493,0.33422916288360266,0.0,0.349337207190848,0.0,0.0,0.0,0.0,0.0,0.0,0.3333333333333333,0.3333333333333333,0.0,0.3333333333333333,0.0,0.0,0.0,0.0,0.0,0.0,0.053532428485069526,0.06926549588541375,0.0,0.03616605535884211,0.0,0.0,0.0,0.0
1974-11,2.321414387158064,-0.025372417198876507,0.00034779021389769145,0.34779021389769144,"Telcm,Utils,Enrgy",1973-10,1974-09,0.0,0.0,0.3338031004630561,0.34737841180361817,0.0,0.31881848773332566,0.0,0.0,0.0,0.0,0.0,0.0,0.0,0.3333333333333333,0.0,0.3333333333333333,0.0,0.0,0.3333333333333333,0.0,-0.0,-0.0,-0.0,-0.014295026599941266,-0.0,-0.010229774280144446,-0.0,-0.0,-0.0004998261048930511,-0.0
1974-12,2.3336217299165476,0.005258579780505368,8.044518364629821e-06,0.00804451836462982,"Telcm,Utils,Enrgy",1973-11,1974-10,0.0,0.0,0.0,0.32722486238845777,0.0,0.33139594516051835,0.0,0.0,0.341379192451024,0.0,0.0,0.0,0.0,0.3333333333333333,0.0,0.3333333333333333,0.0,0.0,0.3333333333333333,0.0,-0.0,-0.0,-0.0,0.0027999774753485786,-0.0,0.005233291233687226,-0.0,-0.0,-0.002766644410165858,-0.0
1975-01,2.5596626658096495,0.09686271472162944,0.000337775567369848,0.337775567369848,"Telcm,Utils,Hlth",1973-12,1974-11,0.0,0.0,0.0,0.33437230585582595,0.0,0.3367928907752503,0.0,0.0,0.3288348033689237,0.0,0.0,0.0,0.0,0.0,0.0,0.3333333333333333,0.0,0.3333333333333333,0.3333333333333333,0.0,0.0,0.0,0.0,0.0,0.0,0.03695418022985955,0.0,-0.002499155561081575,0.0627454656202214,0.0
1975-02,2.7590765737020244,0.07790632357771954,0.0003650898843367525,0.3650898843367525,"Telcm,Enrgy,Hlth",1974-01,1974-12,0.0,0.0,0.0,0.0,0.0,0.33748519002339217,0.0,0.3015159340158581,0.36099887596074975,0.0,0.0,0.0,0.0,0.3333333333333333,0.0,0.3333333333333333,0.0,0.3333333333333333,0.0,0.0,0.0,0.0,0.0,0.007563904153208519,0.0,0.017160399290318887,0.0,0.053547110018529034,0.0,0.0
1975-03,2.7164399813585622,-0.015453210958278674,0.00035862621411171443,0.35862621411171436,"Telcm,Utils,Enrgy",1974-02,1975-01,0.0,0.0,0.0,0.31614578503199486,0.0,0.32504868774923495,0.0,0.3588055272187703,0.0,0.0,0.0,0.0,0.0,0.3333333333333333,0.0,0.3333333333333333,0.0,0.0,0.3333333333333333,0.0,0.0,0.0,0.0,-0.007730559957277536,0.0,-0.002932281363105272,0.0,0.0,-0.004431743423784104,0.0
1975-04,2.6979738949601977,-0.006797899649941486,0.00033338889814969166,0.33338889814969164,"Telcm,Utils,Hlth",1974-03,1975-02,0.0,0.0,0.0,0.33059193826784444,0.0,0.3354655294953803,0.0,0.0,0.33394253223677534,0.0,0.0,0.0,0.0,0.0,0.0,0.3333333333333333,0.0,0.3333333333333333,0.3333333333333333,0.0,0.0,0.0,0.0,0.0,0.0,-0.003198933155525921,0.0,0.0021659443240540093,-0.005431521920320054,0.0
1975-05,2.8526838402346724,0.057343010458133836,0.00033751493038289277,0.33751493038289276,"Telcm,Utils,NoDur",1974-04,1975-03,0.0,0.0,0.0,0.0,0.0,0.3322820908541904,0.0,0.3376836878480842,0.33003422129772525,0.0,0.3333333333333333,0.0,0.0,0.0,0.0,0.3333333333333333,0.0,0.0,0.3333333333333333,0.0,0.017394127240211336,0.0,0.0,0.0,0.0,0.011829339406657135,0.0,0.0,0.028457058741648427,0.0
1975-06,3.0540897256183737,0.07060224569685669,0.0003402729339317671,0.34027293393176705,"Telcm,Enrgy,Utils",1974-05,1975-04,0.33160001260596894,0.0,0.0,0.0,0.0,0.3263370205792443,0.0,0.0,0.3420629668147868,0.0,0.0,0.0,0.0,0.3333333333333333,0.0,0.3333333333333333,0.0,0.0,0.3333333333333333,0.0,0.0,0.0,0.0,0.02165929408643148,0.0,0.013495406315391919,0.0,0.0,0.035787818228965235,0.0
1975-07,2.8984792762399736,-0.050951498927194416,0.0003351345744823289,0.3351345744823288,"Utils,Enrgy,Other",1974-06,1975-05,0.0,0.0,0.0,0.3314762364219241,0.0,0.3238507267577578,0.0,0.0,0.3446730368203181,0.0,0.0,0.0,0.0,0.3333333333333333,0.0,0.0,0.0,0.0,0.3333333333333333,0.3333333333333333,-0.0,-0.0,-0.0,-0.0141619189268615,-0.0,-0.0,-0.0,-0.0,-0.01599463784680828,-0.02045980757904226
1975-08,2.846903062472953,-0.017794232372062124,0.0003333888981496916,0.3333888981496916,"Utils,Enrgy,NoDur",1974-07,1975-06,0.0,0.0,0.0,0.3361890383062392,0.0,0.0,0.0,0.0,0.33425792633685614,0.32955303535690456,0.3333333333333333,0.0,0.0,0.3333333333333333,0.0,0.0,0.0,0.0,0.3333333333333333,0.0,-0.010429854975829305,-0.0,-0.0,-0.002932355392565427,-0.0,-0.0,-0.0,-0.0,-0.004098633105517586,-0.0
1975-09,2.803332287089385,-0.015304622049800543,4.693865949658098e-06,0.004693865949658098,"Utils,Enrgy,NoDur",1974-08,1975-07,0.3286402496946668,0.0,0.0,0.3362735785045461,0.0,0.0,0.0,0.0,0.3350861718007871,0.0,0.3333333333333333,0.0,0.0,0.3333333333333333,0.0,0.0,0.0,0.0,0.3333333333333333,0.0,-0.008133295156556941,-0.0,-0.0,-0.0038999816939227962,-0.0,-0.0,-0.0,-0.0,-0.003266651333371231,-0.0
1975-10,2.981368631999989,0.06350882688097381,0.0003363577381495623,0.33635773814956227,"Shops,NoDur,Enrgy",1974-09,1975-08,0.3302528688940794,0.0,0.0,0.3345519786060052,0.0,0.0,0.0,0.0,0.3351951524999153,0.0,0.3333333333333333,0.0,0.0,0.3333333333333333,0.0,0.0,0.3333333333333333,0.0,0.0,0.0,0.035254804450434586,0.0,0.0,-0.004465164268769598,0.0,0.0,0.03305554443745851,0.0,0.0,0.0
1975-11,3.0997883555137804,0.03971991998666469,0.0003333888981496917,0.33338889814969164,"Shops,Durbl,NoDur",1974-10,1975-09,0.346471988971049,0.0,0.0,0.3091239503697205,0.0,0.0,0.34440406065923046,0.0,0.0,0.0,0.3333333333333333,0.3333333333333333,0.0,0.0,0.0,0.0,0.3333333333333333,0.0,0.0,0.0,0.013628788131355225,0.010896366061010168,0.0,-0.0,0.0,0.0,0.015528154692448743,0.0,0.0,0.0
1975-12,3.0483246706236535,-0.016602322154861127,2.361353326423965e-06,0.0023613533264239643,"Shops,Durbl,NoDur",1974-11,1975-10,0.3336004102301134,0.330972373565797,0.0,0.0,0.0,0.0,0.33542721620408944,0.0,0.0,0.0,0.3333333333333333,0.3333333333333333,0.0,0.0,0.0,0.0,0.3333333333333333,0.0,0.0,0.0,-0.0049666549386118124,-0.0014999964579700106,-0.0,0.0,-0.0,-0.0,-0.010133309404952958,-0.0,0.0,-0.0
1976-01,3.409738413444542,0.11856143353225801,4.678428711069489e-06,0.00467842871106949,"Shops,Durbl,NoDur",1974-12,1975-11,0.3339095654531896,0.337434750186428,0.0,0.0,0.0,0.0,0.32865568436038234,0.0,0.0,0.0,0.3333333333333333,0.3333333333333333,0.0,0.0,0.0,0.0,0.3333333333333333,0.0,0.0,0.0,0.03646649605996633,0.05213308943124986,0.0,0.0,0.0,0.0,0.029966526469752956,0.0,0.0,0.0
1976-02,3.494487850037395,0.02485511388753081,1.127247037236001e-05,0.01127247037236001,"Durbl,Shops,NoDur",1975-01,1975-12,0.330601662842328,0.3446076824507554,0.0,0.0,0.0,0.0,0.3247906547069166,0.0,0.0,0.0,0.3333333333333333,0.3333333333333333,0.0,0.0,0.0,0.0,0.3333333333333333,0.0,0.0,0.0,-0.0036332923766909803,0.012899854585132197,0.0,-0.0,0.0,0.0,0.015599824149462187,-0.0,-0.0,0.0
1976-03,3.5841380033231043,0.02565473314916522,1.1634888691687382e-05,0.01163488869168738,"Durbl,NoDur,Shops",1975-02,1976-01,0.3217003837897613,0.33783256358550706,0.0,0.0,0.0,0.0,0.3404670526247317,0.0,0.0,0.0,0.3333333333333333,0.3333333333333333,0.0,0.0,0.0,0.0,0.3333333333333333,0.0,0.0,0.0,0.0023999720762671395,0.011799862708313437,0.0,0.0,0.0,0.0,0.011466533253276335,0.0,0.0,0.0
1976-04,3.546170269662239,-0.010593267788702065,0.0006665555740709883,0.6665555740709882,"Durbl,HiTec,Manuf",1975-03,1976-02,0.3273318167045824,0.33649658758531037,0.0,0.0,0.0,0.0,0.33617159571010724,0.0,0.0,0.0,0.0,0.3333333333333333,0.3333333333333333,0.0,0.3333333333333333,0.0,0.0,0.0,0.0,0.0,-0.0,0.0061625562406265625,-0.004730178303616063,0.0,-0.011359090151641391,0.0,-0.0,-0.0,0.0,-0.0
1976-05,3.4213089703538513,-0.03521018163639389,0.0006665555740709882,0.6665555740709881,"Durbl,Utils,Shops",1975-04,1976-03,0.0,0.3429062016025857,0.33189684196350416,0.0,0.3251969564339102,0.0,0.0,0.0,0.0,0.0,0.0,0.3333333333333333,0.0,0.0,0.0,0.0,0.3333333333333333,0.0,0.3333333333333333,0.0,-0.0,-0.01042637893684386,-0.0,0.0,0.0,-0.0,-0.019220513247792035,-0.0,-0.004896733877687052,-0.0
1976-06,3.5580011281862136,0.039953175529255036,0.00033338889814969166,0.3333888981496916,"Durbl,Utils,Telcm",1975-05,1976-04,0.0,0.3344612091288886,0.0,0.0,0.0,0.0,0.3253461312709319,0.0,0.3401926596001795,0.0,0.0,0.3333333333333333,0.0,0.0,0.0,0.3333333333333333,0.0,0.0,0.3333333333333333,0.0,0.0,0.014128621436906153,0.0,0.0,0.0,0.011962677112852142,0.0,0.0,0.014195265877646275,0.0
1976-07,3.5328611206120506,-0.0070657671733169725,0.0003346874018225326,0.3346874018225326,"Durbl,HiTec,Telcm",1975-06,1976-05,0.0,0.3340062161555961,0.0,0.0,0.0,0.3319234836104969,0.0,0.0,0.3340703002339069,0.0,0.0,0.3333333333333333,0.0,0.0,0.3333333333333333,0.3333333333333333,0.0,0.0,0.0,0.0,0.0,-0.0035654729482668336,-0.0,-0.0,-0.007330878959053302,0.00416527213582574,-0.0,-0.0,0.0,-0.0
1976-08,3.561454311708413,0.008093494230367204,6.453496312486738e-06,0.006453496312486737,"HiTec,Durbl,Telcm",1975-07,1976-06,0.0,0.332002147795154,0.0,0.0,0.3282099469763072,0.33978790522853886,0.0,0.0,0.0,0.0,0.0,0.3333333333333333,0.0,0.0,0.3333333333333333,0.3333333333333333,0.0,0.0,0.0,0.0,-0.0,-0.004866635259651279,-0.0,-0.0,-0.002833315048427114,0.015799898034758262,0.0,0.0,0.0,-0.0
1976-09,3.6682502804156365,0.02998661764552968,1.2992577155535068e-05,0.012992577155535067,"HiTec,Durbl,Telcm",1975-08,1976-07,0.0,0.3258274642065933,0.0,0.0,0.3278444598750124,0.3463280759183943,0.0,0.0,0.0,0.0,0.0,0.3333333333333333,0.0,0.0,0.3333333333333333,0.3333333333333333,0.0,0.0,0.0,0.0,0.0,0.01496647221109524,0.0,0.0,0.009699873972001592,0.005333264039588504,0.0,0.0,0.0,0.0
1976-10,3.614798673568904,-0.014571417640749429,4.821202938668743e-06,0.004821202938668741,"HiTec,Durbl,Telcm",1975-09,1976-08,0.0,0.33815533980582524,0.0,0.0,0.3330420711974111,0.32880258899676373,0.0,0.0,0.0,0.0,0.0,0.3333333333333333,0.0,0.0,0.3333333333333333,0.3333333333333333,0.0,0.0,0.0,0.0,-0.0,-0.0038666480246819694,-0.0,-0.0,-0.014999927681955919,0.004299979268827363,-0.0,-0.0,-0.0,-0.0
1976-11,3.634515364551442,0.005454436820148345,0.00034357047111909216,0.34357047111909206,"Durbl,HiTec,Enrgy",1975-10,1976-09,0.0,0.33433683996888003,0.0,0.0,0.32303893380238813,0.34262422622873184,0.0,0.0,0.0,0.0,0.0,0.3333333333333333,0.0,0.3333333333333333,0.3333333333333333,0.0,0.0,0.0,0.0,0.0,0.0,-0.0023658535498850175,-0.0,0.0027657161216965705,0.005398144719455958,0.0,0.0,-0.0,0.0,0.0
1976-12,3.8688467316861104,0.06447389641550982,0.00033755227843811677,0.3375522784381167,"Enrgy,Durbl,Telcm",1975-11,1976-10,0.0,0.3290581295154769,0.0,0.3341618612050109,0.3367800092795122,0.0,0.0,0.0,0.0,0.0,0.0,0.3333333333333333,0.0,0.3333333333333333,0.0,0.3333333333333333,0.0,0.0,0.0,0.0,0.0,0.03222245289822501,0.0,0.02109287764692495,0.0,0.011496118148797961,0.0,0.0,0.0,0.0
1977-01,3.8200611618982467,-0.012609848146298064,9.973816384596402e-06,0.009973816384596402,"Telcm,Enrgy,Durbl",1975-12,1976-11,0.0,0.34330881202066044,0.0,0.3328533416810142,0.0,0.3238378462983252,0.0,0.0,0.0,0.0,0.0,0.3333333333333333,0.0,0.3333333333333333,0.0,0.3333333333333333,0.0,0.0,0.0,0.0,-0.0,-0.013966527365697829,-0.0,0.000966657025310828,-0.0,0.00039999601047344607,-0.0,-0.0,0.0,-0.0
1977-02,3.7494129545907984,-0.018493998999833394,0.0003333888981496916,0.3333888981496915,"Enrgy,Telcm,Utils",1976-01,1976-12,0.0,0.3234420363243535,0.0,0.33856593072716223,0.0,0.3379920329484842,0.0,0.0,0.0,0.0,0.0,0.0,0.0,0.3333333333333333,0.0,0.3333333333333333,0.0,0.0,0.3333333333333333,0.0,-0.0,-0.0,-0.0,-0.010029988331388564,-0.0,0.003265577596266044,-0.0,-0.0,-0.011396199366561091,-0.0
1977-03,3.712758442044673,-0.009776067077712947,9.49312725590832e-06,0.009493127255908316,"Enrgy,Utils,Telcm",1976-02,1977-01,0.0,0.0,0.0,0.3292819555253777,0.0,0.34282804277711765,0.0,0.0,0.32789000169750465,0.0,0.0,0.0,0.0,0.3333333333333333,0.0,0.3333333333333333,0.0,0.0,0.3333333333333333,0.0,-0.0,-0.0,-0.0,-0.006899934497421934,-0.0,-0.0034666337571588463,-0.0,-0.0,0.0005999943041236464,-0.0
1977-04,3.776108152591636,0.017062707293199253,3.89293405935692e-06,0.0038929340593569194,"Utils,Telcm,Enrgy",1976-03,1977-02,0.0,0.0,0.0,0.32965294375063114,0.0,0.3331201400343353,0.0,0.0,0.3372269162150335,0.0,0.0,0.0,0.0,0.3333333333333333,0.0,0.3333333333333333,0.0,0.0,0.3333333333333333,0.0,0.0,0.0,0.0,0.0083999672993539,-0.0,0.0021999914355450693,-0.0,-0.0,0.006466641492359749,0.0
1977-05,3.8097024443351573,0.008896538548681221,3.430916164754959e-06,0.003430916164754959,"Utils,Telcm,Enrgy",1976-04,1977-03,0.0,0.0,0.0,0.335998951232302,0.0,0.3299029889879391,0.0,0.0,0.33409805977975876,0.0,0.0,0.0,0.0,0.3333333333333333,0.0,0.3333333333333333,0.0,0.0,0.3333333333333333,0.0,-0.0,-0.0,-0.0,-0.0014333284156868304,-0.0,0.004766650312632948,-0.0,-0.0,0.005566647567900016,-0.0
1977-06,3.9841694376116905,0.045795438311975634,4.361912434905302e-06,0.004361912434905302,"Utils,Telcm,Enrgy",1976-05,1977-04,0.0,0.0,0.0,0.3289721478838339,0.0,0.3351174546535831,0.0,0.0,0.33591039746258305,0.0,0.0,0.0,0.0,0.3333333333333333,0.0,0.3333333333333333,0.0,0.0,0.3333333333333333,0.0,0.0,0.0,0.0,0.02029991145317757,0.0,0.0064666384596329205,0.0,0.0,0.019033250311599987,0.0
1977-07,3.960496700407669,-0.005941699411813106,8.416013493164887e-06,0.008416013493164886,"Utils,Telcm,Enrgy",1976-06,1977-05,0.0,0.0,0.0,0.3381462357365972,0.0,0.32491872250908393,0.0,0.0,0.3369350417543188,0.0,0.0,0.0,0.0,0.3333333333333333,0.0,0.3333333333333333,0.0,0.0,0.3333333333333333,0.0,0.0,-0.0,-0.0,-0.005999949503919041,-0.0,-0.0028333094879617695,-0.0,-0.0,0.0028999755935608697,-0.0
1977-08,3.810375181386659,-0.03790472013410784,4.90607432461206e-06,0.004906074324612059,"Utils,Telcm,Enrgy",1976-07,1977-06,0.0,0.0,0.0,0.3292871034806519,0.0,0.33247267118234863,0.0,0.0,0.33824022533699954,0.0,0.0,0.0,0.0,0.3333333333333333,0.0,0.3333333333333333,0.0,0.0,0.3333333333333333,0.0,0.0,-0.0,-0.0,-0.019466571161753144,0.0,-0.007599962713835132,0.0,0.0,-0.010833280184194816,-0.0
1977-09,3.8894763427734036,0.02075941544369342,7.103702746147679e-06,0.007103702746147678,"Utils,Telcm,Enrgy",1976-08,1977-07,0.0,0.0,0.0,0.32623081453764335,0.0,0.3385649447389391,0.0,0.0,0.33520424072341753,0.0,0.0,0.0,0.0,0.3333333333333333,0.0,0.3333333333333333,0.0,0.0,0.3333333333333333,0.0,0.0,0.0,-0.0,0.0024666491441998925,-0.0,0.011599917597048141,-0.0,-0.0,0.006699952405191599,-0.0
1977-10,3.7247460868839353,-0.042352810859882184,0.00033349545205004877,0.33349545205004877,"Utils,Telcm,Other",1976-09,1977-08,0.0,0.0,0.0,0.32896842242758706,0.0,0.3379159455311367,0.0,0.0,0.33311563204127614,0.0,0.0,0.0,0.0,0.0,0.0,0.3333333333333333,0.0,0.0,0.3333333333333333,0.3333333333333333,-0.0,-0.0,-0.0,-0.0,-0.0,-0.01682771949322382,-0.0,-0.0,-0.010496498297753475,-0.014695097616854865
1977-11,3.8853925631264157,0.04312951070897686,3.6645596820771745e-06,0.0036645596820771746,"Utils,Telcm,Other",1976-10,1977-09,0.0,0.0,0.0,0.0,0.0,0.3303872786109468,0.0,0.0,0.3369985037753575,0.3326142176136957,0.0,0.0,0.0,0.0,0.0,0.3333333333333333,0.0,0.0,0.3333333333333333,0.3333333333333333,0.0,0.0,0.0,0.0,0.0,0.007199973615170289,0.0,0.0,0.014299947596796545,0.021633254056692208
1977-12,3.916966515706734,0.008126322390165974,6.954380869629234e-06,0.006954380869629234,"Utils,Telcm,Other",1976-11,1977-10,0.0,0.0,0.0,0.0,0.0,0.3264523550840417,0.0,0.0,0.3332587716495175,0.34028887326644086,0.0,0.0,0.0,0.0,0.0,0.3333333333333333,0.0,0.0,0.3333333333333333,0.3333333333333333,0.0,-0.0,0.0,0.0,0.0,0.0071666168269371,-0.0,0.0,-0.0010999923501810434,0.002066652294279536
1978-01,3.7342888091036643,-0.04663754613947968,4.418872920289403e-06,0.004418872920289402,"Utils,Telcm,Other",1976-12,1977-11,0.0,0.0,0.0,0.0,0.0,0.33775294273244283,0.0,0.0,0.32955296918397037,0.33269408808358686,0.0,0.0,0.0,0.0,0.0,0.3333333333333333,0.0,0.0,0.3333333333333333,0.3333333333333333,-0.0,-0.0,-0.0,-0.0,-0.0,-0.013866605391628838,-0.0,-0.0,-0.015133266461056474,-0.017633255413874175
1978-02,3.688239640010369,-0.012331442865649245,0.0003354684874992077,0.3354684874992077,"Utils,Other,Hlth",1977-01,1977-12,0.0,0.0,0.0,0.0,0.0,0.33509317856019016,0.0,0.0,0.333764553686934,0.3311422677528757,0.0,0.0,0.0,0.0,0.0,0.0,0.0,0.3333333333333333,0.3333333333333333,0.3333333333333333,0.0,0.0,-0.0,-0.0,-0.0,0.0,-0.0,-0.010063289617225841,-0.001399530344117501,-0.0005331544168066671
1978-03,3.8370980149450604,0.04036027738541215,6.141374439599606e-06,0.006141374439599605,"Utils,Hlth,Other",1977-02,1978-01,0.0,0.0,0.0,0.0,0.0,0.0,0.0,0.3271929824561403,0.33596491228070174,0.33684210526315794,0.0,0.0,0.0,0.0,0.0,0.0,0.0,0.3333333333333333,0.3333333333333333,0.3333333333333333,0.0,0.0,0.0,0.0,-0.0,0.0,0.0,0.013899914634895288,0.008266615897971298,0.018199888226985202
1978-04,3.9937071633559693,0.04081447693046525,0.0003382645137198546,0.33826451371985455,"Utils,Telcm,Hlth",1977-03,1978-02,0.0,0.0,0.0,0.0,0.0,0.0,0.0,0.33376053314536536,0.32834577552785876,0.3378936913267758,0.0,0.0,0.0,0.0,0.0,0.3333333333333333,0.0,0.3333333333333333,0.3333333333333333,0.0,0.0,0.0,0.0,0.0,0.0,0.009763362949916003,0.0,0.030789581452977426,0.000599797041291768,0.0
1978-05,4.11226488735629,0.02968613349725313,0.00033707631087684636,0.3370763108768463,"Hlth,Telcm,NoDur",1977-04,1978-03,0.0,0.0,0.0,0.0,0.0,0.32953417640467425,0.0,0.34973587321914523,0.32072995037618063,0.0,0.3333333333333333,0.0,0.0,0.0,0.0,0.3333333333333333,0.0,0.3333333333333333,0.0,0.0,0.014095247224016637,0.0,0.0,0.0,0.0,-0.00129956180079586,0.0,0.01722752438490922,0.0,0.0
1978-06,4.09335970719209,-0.004597267122146365,0.0006665555740709883,0.6665555740709882,"Hlth,Shops,Other",1977-05,1978-04,0.3373029999029158,0.0,0.0,0.0,0.0,0.3223520274424776,0.0,0.34034497265460667,0.0,0.0,0.0,0.0,0.0,0.0,0.0,0.0,0.3333333333333333,0.3333333333333333,0.0,0.3333333333333333,-0.0,-0.0,-0.0,-0.0,-0.0,-0.0,-0.006562289618396933,0.0037974670888185295,0.0,-0.001165889018496917
1978-07,4.351291111356069,0.0630121520253375,0.00033338889814969177,0.33338889814969164,"Hlth,NoDur,Other",1977-06,1978-05,0.0,0.0,0.0,0.0,0.0,0.0,0.32805702429556255,0.33846462753497086,0.0,0.3334783481694666,0.3333333333333333,0.0,0.0,0.0,0.0,0.0,0.0,0.3333333333333333,0.0,0.3333333333333333,0.011662777129521587,0.0,0.0,0.0,0.0,0.0,0.0,0.0295568094682447,0.0,0.022125954325720953
1978-08,4.5196458811961415,0.038690762243118515,8.893575509400572e-06,0.008893575509400571,"Hlth,Other,NoDur",1977-07,1978-06,0.32444124008651765,0.0,0.0,0.0,0.0,0.0,0.0,0.3412745681953544,0.0,0.33428419171812795,0.3333333333333333,0.0,0.0,0.0,0.0,0.0,0.0,0.3333333333333333,0.0,0.3333333333333333,0.013699878158015525,0.0,0.0,0.0,0.0,0.0,0.0,0.0032333045774391865,0.0,0.02176647308317308
1978-09,4.39249441722831,-0.028133058940931988,0.0003425827411358401,0.3425827411358401,"Hlth,Other,HiTec",1977-08,1978-07,0.334103526844453,0.0,0.0,0.0,0.0,0.0,0.0,0.32402682840730396,0.0,0.341869644748243,0.0,0.0,0.0,0.0,0.3333333333333333,0.0,0.0,0.3333333333333333,0.0,0.3333333333333333,-0.0,-0.0,-0.0,0.0,-0.01392856001380684,0.0,-0.0,-0.009030238669238407,-0.0,-0.004831677516751176
1978-10,3.84033943177072,-0.125704197435498,4.8009098684382395e-06,0.00480090986843824,"Hlth,Other,HiTec",1977-09,1978-08,0.0,0.0,0.0,0.0,0.32853322361653975,0.0,0.0,0.33357333881917295,0.0,0.33789343756428714,0.0,0.0,0.0,0.0,0.3333333333333333,0.0,0.0,0.3333333333333333,0.0,0.3333333333333333,-0.0,-0.0,-0.0,-0.0,-0.03586649447403272,-0.0,-0.0,-0.04279979452105763,-0.0,-0.04703310753053919
1978-11,3.974167448508134,0.034847965685082194,0.00034006406000553033,0.3400640600055304,"Other,Hlth,Manuf",1977-10,1978-09,0.0,0.0,0.0,0.0,0.3402340920355332,0.0,0.0,0.3323039383888063,0.0,0.32746196957566054,0.0,0.0,0.3333333333333333,0.0,0.0,0.0,0.0,0.3333333333333333,0.0,0.3333333333333333,0.0,0.0,0.00956341338715928,0.0,0.0,0.0,0.0,0.017260794893897237,0.0,0.008363821464031286
1978-12,4.036527732237741,0.015691408210043223,0.0003365294346872122,0.3365294346872121,"Hlth,Other,Telcm",1977-11,1978-10,0.0,0.0,0.3312403400309119,0.0,0.0,0.0,0.0,0.33867851622874806,0.0,0.33008114374034003,0.0,0.0,0.0,0.0,0.0,0.3333333333333333,0.0,0.3333333333333333,0.0,0.3333333333333333,0.0,-0.0,0.0,0.0,0.0,0.00033322115685510424,-0.0,0.011396163564444565,-0.0,0.0042985529234308446
1979-01,4.222948595322526,0.04618347140190182,0.00033430557851153936,0.33430557851153936,"Hlth,Other,Manuf",1977-12,1978-11,0.0,0.0,0.0,0.0,0.0,0.32840129916997474,0.0,0.3392933302713166,0.0,0.3323053705587087,0.0,0.0,0.3333333333333333,0.0,0.0,0.0,0.0,0.3333333333333333,0.0,0.3333333333333333,0.0,0.0,0.021692745568946296,0.0,0.0,0.0,0.0,0.004731750953595045,0.0,0.020093280457871916
1979-02,4.066005865499617,-0.037164252957458066,0.0003435746227287171,0.3435746227287171,"HiTec,Hlth,Other",1978-01,1978-12,0.0,0.0,0.33924703783921517,0.0,0.0,0.0,0.0,0.3230347815008281,0.0,0.3377181806599566,0.0,0.0,0.0,0.0,0.3333333333333333,0.0,0.0,0.3333333333333333,0.0,0.3333333333333333,-0.0,-0.0,-0.0,0.0,-0.011062864440841803,-0.0,-0.0,-0.015061490142350887,-0.0,-0.010696323751536802
1979-03,4.377763866057611,0.07667426237706287,0.00033338889814969156,0.3333888981496916,"HiTec,Manuf,Other",1978-02,1979-01,0.0,0.0,0.0,0.0,0.3345907596469977,0.0,0.0,0.33043779200553725,0.0,0.33497144834746495,0.0,0.0,0.3333333333333333,0.0,0.3333333333333333,0.0,0.0,0.0,0.0,0.3333333333333333,0.0,0.0,0.024458509751625265,0.0,0.02535820970161693,0.0,0.0,0.0,0.0,0.027190931821970327
1979-04,4.437567344680208,0.013660736497524528,0.0003345793910014756,0.3345793910014756,"HiTec,Enrgy,Manuf",1978-03,1979-02,0.0,0.0,0.3322088452848875,0.0,0.3330444740181362,0.0,0.0,0.0,0.0,0.3347466806969762,0.0,0.0,0.3333333333333333,0.3333333333333333,0.3333333333333333,0.0,0.0,0.0,0.0,0.0,0.0,0.0,-0.0015328203116004645,0.014428504237456547,0.0010996319626698984,-0.0,0.0,0.0,-0.0,0.0
1979-05,4.337976141197744,-0.02244274751161912,9.630216134260313e-06,0.009630216134260312,"Enrgy,HiTec,Manuf",1978-04,1979-03,0.0,0.0,0.32721893491124265,0.34296515450361603,0.32981591058514137,0.0,0.0,0.0,0.0,0.0,0.0,0.0,0.3333333333333333,0.3333333333333333,0.3333333333333333,0.0,0.0,0.0,0.0,0.0,-0.0,-0.0,-0.007633259822683509,-0.008199921032227699,-0.006599936440573513,0.0,-0.0,-0.0,0.0,-0.0
1979-06,4.578939055448594,0.05554731202009755,0.00033401645979974924,0.33401645979974914,"Enrgy,HiTec,Other",1978-05,1979-04,0.0,0.0,0.333174208067651,0.33259453745695094,0.33423125447539814,0.0,0.0,0.0,0.0,0.0,0.0,0.0,0.0,0.3333333333333333,0.3333333333333333,0.0,0.0,0.0,0.0,0.3333333333333333,0.0,0.0,0.0,0.030889678891392183,0.0016661099725670005,0.0,0.0,0.0,0.0,0.023325539615938008
1979-07,4.630759275395985,0.011317080074636277,1.607111934446376e-05,0.016071119344463754,"Enrgy,HiTec,Other",1978-06,1979-05,0.0,0.0,0.0,0.34495059506897746,0.3172648925087603,0.0,0.0,0.0,0.0,0.33778451242226215,0.0,0.0,0.0,0.3333333333333333,0.3333333333333333,0.0,0.0,0.0,0.0,0.3333333333333333,0.0,0.0,0.0,0.00526658202543812,-0.004966586846773922,-0.0,0.0,0.0,0.0,0.011033156015316565
1979-08,4.933568266669191,0.06539078653517616,8.647892644818975e-06,0.008647892644818975,"Enrgy,Other,HiTec",1978-07,1979-06,0.0,0.0,0.0,0.33480553724456164,0.3246868820039552,0.0,0.0,0.0,0.0,0.3405075807514832,0.0,0.0,0.0,0.3333333333333333,0.3333333333333333,0.0,0.0,0.0,0.0,0.3333333333333333,0.0,0.0,0.0,0.02643310474070442,0.0196998296365149,0.0,0.0,0.0,0.0,0.019266500050601713
1979-09,4.982382191176162,0.009894243247175583,0.00033565521446319246,0.33565521446319246,"Enrgy,Other,Utils",1978-08,1979-07,0.0,0.0,0.0,0.3376822476691071,0.33136224266316255,0.0,0.0,0.0,0.0,0.33095550966773046,0.0,0.0,0.0,0.3333333333333333,0.0,0.0,0.0,0.0,0.3333333333333333,0.3333333333333333,-0.0,0.0,-0.0,0.019726709737101264,-0.0,-0.0,-0.0,-0.0,-0.0072975497169344185,-0.0021992615585281813
1979-10,4.6229141522786925,-0.07214782509741835,0.00033883113386800554,0.33883113386800556,"Enrgy,Other,Manuf",1978-09,1979-08,0.0,0.0,0.0,0.3494902167816016,0.0,0.0,0.0,0.0,0.3227307222753819,0.32777906094301645,0.0,0.0,0.3333333333333333,0.3333333333333333,0.0,0.0,0.0,0.0,0.0,0.3333333333333333,-0.0,-0.0,-0.029490004481550893,-0.008497119935362122,-0.0,-0.0,-0.0,-0.0,-0.0,-0.033821869546637476
1979-11,4.941350726953403,0.0688822167545009,1.6636959022421855e-05,0.01663695902242185,"Enrgy,Other,Manuf",1978-10,1979-09,0.0,0.0,0.32734781827976295,0.3499730651822589,0.0,0.0,0.0,0.0,0.0,0.3226791165379781,0.0,0.0,0.3333333333333333,0.3333333333333333,0.0,0.0,0.0,0.0,0.0,0.3333333333333333,0.0,-0.0,0.01573307157851138,0.029732838661085063,0.0,0.0,0.0,0.0,0.0,0.02343294347392691
1979-12,5.0827900754302195,0.02862362060343382,0.0003333888981496916,0.33338889814969164,"Enrgy,Other,Hlth",1978-11,1979-10,0.0,0.0,0.3265662519100633,0.33966382885832785,0.0,0.0,0.0,0.0,0.0,0.3337699192316088,0.0,0.0,0.0,0.3333333333333333,0.0,0.0,0.0,0.3333333333333333,0.0,0.3333333333333333,0.0,0.0,0.0,0.008297232872145358,0.0,-0.0,0.0,0.006931021836972829,-0.0,0.013728754792465412
1980-01,5.3928189018565735,0.060995795975326006,3.962322972627115e-06,0.003962322972627114,"Enrgy,Other,Hlth",1978-12,1979-11,0.0,0.0,0.0,0.33201593831999743,0.0,0.0,0.0,0.33068774498688003,0.0,0.33729631669312254,0.0,0.0,0.0,0.3333333333333333,0.0,0.0,0.0,0.3333333333333333,0.0,0.3333333333333333,0.0,0.0,0.0,0.04683314776454078,0.0,-0.0,0.0,-0.004299982962011217,0.0,0.018466593495769106
1980-02,5.482382545272379,0.01660794568587698,2.497227527740037e-05,0.024972275277400365,"Enrgy,Other,Hlth",1979-01,1979-12,0.0,0.0,0.0,0.3583097706566133,0.0,0.0,0.0,0.3101162425384857,0.0,0.331573986804901,0.0,0.0,0.0,0.3333333333333333,0.0,0.0,0.0,0.3333333333333333,0.0,0.3333333333333333,-0.0,-0.0,-0.0,0.043332251201404645,-0.0,-0.0,-0.0,-0.015466280428809043,-0.0,-0.01123305281144105
1980-03,4.713017154857447,-0.14033413102089687,0.0003497783102796528,0.3497783102796528,"Enrgy,Other,Manuf",1979-02,1980-01,0.0,0.0,0.0,0.37050395094921146,0.0,0.0,0.0,0.31266598904882126,0.0,0.3168300600019673,0.0,0.0,0.3333333333333333,0.3333333333333333,0.0,0.0,0.0,0.0,0.0,0.3333333333333333,-0.0,-0.0,-0.03921961036429336,-0.0596791182348763,-0.0,-0.0,-0.0,-0.0,-0.0,-0.04108562411144751
1980-04,4.967444846985615,0.05398403692758569,1.5145229994629193e-05,0.015145229994629191,"Enrgy,Other,Manuf",1979-03,1980-02,0.0,0.0,0.3419899996123881,0.31819062754370325,0.0,0.0,0.0,0.0,0.0,0.3398193728439087,0.0,0.0,0.3333333333333333,0.3333333333333333,0.0,0.0,0.0,0.0,0.0,0.3333333333333333,0.0,-0.0,0.010699837946039055,0.02286632034574079,0.0,0.0,0.0,0.0,0.0,0.02043302386580044
1980-05,5.283433710114965,0.06361195199199843,0.0003333888981496917,0.33338889814969164,"Enrgy,Hlth,Other",1979-04,1980-03,0.0,0.0,0.32640733712839975,0.3379506641366224,0.0,0.0,0.0,0.0,0.0,0.33564199873497785,0.0,0.0,0.0,0.3333333333333333,0.0,0.0,0.0,0.3333333333333333,0.0,0.3333333333333333,0.0,0.0,0.0,0.013762077012835472,0.0,0.0,0.0,0.023225587597932987,0.0,0.026957676279379894
1980-06,5.479762409427657,0.03715930019843494,7.102492269237478e-06,0.007102492269237476,"Enrgy,Hlth,Other",1979-05,1980-04,0.0,0.0,0.0,0.32623202481280744,0.0,0.0,0.0,0.3351295466649958,0.0,0.33863842852219683,0.0,0.0,0.0,0.3333333333333333,0.0,0.0,0.0,0.3333333333333333,0.0,0.3333333333333333,0.0,0.0,0.0,0.01946652840481716,0.0,-0.0,0.0,0.0007333281248390026,0.0,0.01696654616104783
1980-07,5.818050565590263,0.06173409189796231,0.00034451379534660554,0.34451379534660553,"Enrgy,Hlth,NoDur",1979-06,1980-05,0.0,0.0,0.0,0.34015748031496057,0.0,0.0,0.0,0.32209545235417,0.0,0.3377470673308693,0.3333333333333333,0.0,0.0,0.3333333333333333,0.0,0.0,0.0,0.3333333333333333,0.0,0.0,0.025791111544080054,0.0,0.0,0.0066976917575711755,0.0,0.0,0.0,0.029589802391657736,-0.0,0.0
1980-08,5.9445692315392025,0.021745886276274273,0.00034645702350615676,0.34645702350615665,"Enrgy,Hlth,Other",1979-07,1980-06,0.3381351410727176,0.0,0.0,0.32015190032325896,0.0,0.0,0.0,0.34171295860402345,0.0,0.0,0.0,0.0,0.0,0.3333333333333333,0.0,0.0,0.0,0.3333333333333333,0.0,0.3333333333333333,0.0,0.0,0.0,0.012195773224313224,0.0,0.0,0.0,0.0008996881886788444,-0.0,0.008996881886788445
1980-09,6.221348637112017,0.046560044099469566,6.327898076610912e-06,0.006327898076610912,"Enrgy,Hlth,Other",1979-08,1980-07,0.0,0.0,0.0,0.33806215960603986,0.0,0.0,0.0,0.32700648990640185,0.0,0.3349313504875583,0.0,0.0,0.0,0.3333333333333333,0.0,0.0,0.0,0.3333333333333333,0.0,0.3333333333333333,0.0,0.0,0.0,0.021766528929418532,0.0,-0.0,0.0,0.012066590310029875,0.0,0.012733252758097825
1980-10,6.395052260003359,0.02792057366069356,0.00033657903848525176,0.33657903848525167,"Enrgy,HiTec,Hlth",1979-09,1980-08,0.0,0.0,0.0,0.3392999331146288,0.0,0.0,0.0,0.3300315316750008,0.0,0.33066853521037043,0.0,0.0,0.0,0.3333333333333333,0.3333333333333333,0.0,0.0,0.3333333333333333,0.0,0.0,0.0,-0.0,0.0,0.02585796048887118,0.006531134350281895,-0.0,-0.0,-0.00413194213997426,0.0,0.0
1980-11,7.283647447520341,0.1389504184468564,0.0003360867932799581,0.3360867932799581,"Enrgy,Other,HiTec",1979-10,1980-09,0.0,0.0,0.0,0.34932572614107876,0.3305238589211618,0.0,0.0,0.32015041493775925,0.0,0.0,0.0,0.0,0.0,0.3333333333333333,0.3333333333333333,0.0,0.0,0.0,0.0,0.3333333333333333,0.0,0.0,0.0,0.08097277696974431,0.03275565422274019,-0.0,0.0,0.0,0.0,0.02555807404765181
1980-12,6.974795482548503,-0.042403475346268205,0.00035159928972243665,0.3515992897224365,"Enrgy,Other,Manuf",1979-11,1980-10,0.0,0.0,0.0,0.3636629607957869,0.32132826214160326,0.0,0.0,0.0,0.0,0.31500877706260966,0.0,0.0,0.3333333333333333,0.3333333333333333,0.0,0.0,0.0,0.0,0.0,0.3333333333333333,0.0,-0.0,-0.006897573964900915,-0.035287588545072794,-0.0,0.0,-0.0,0.0,-0.0,0.00013328645342803702
1981-01,6.470541694374574,-0.07229656976116539,0.00035548625534132503,0.35548625534132505,"Enrgy,HiTec,Other",1979-12,1980-11,0.0,0.0,0.3407683206903751,0.3111211636161181,0.0,0.0,0.0,0.0,0.0,0.3481105156935069,0.0,0.0,0.0,0.3333333333333333,0.3333333333333333,0.0,0.0,0.0,0.0,0.3333333333333333,0.0,-0.0,-0.0,-0.03385462753215244,-0.026890437419731322,0.0,0.0,-0.0,-0.0,-0.011196018553940177
1981-02,6.536449279234793,0.010185790923427307,0.0003439197881372705,0.34391978813727037,"Enrgy,Hlth,Other",1980-01,1980-12,0.0,0.0,0.0,0.32268955856470677,0.33019647282784387,0.0,0.0,0.0,0.0,0.3471139686074495,0.0,0.0,0.0,0.3333333333333333,0.0,0.0,0.0,0.3333333333333333,0.0,0.3333333333333333,0.0,0.0,0.0,-0.001032977949552258,0.0,0.0,0.0,0.005997936481271176,-0.0,0.005564752179846035
1981-03,7.009964962863515,0.07244234039006514,0.0003333888981496917,0.3333888981496916,"Hlth,Other,NoDur",1980-02,1981-01,0.0,0.0,0.0,0.32883625808154116,0.0,0.0,0.0,0.3357962791925056,0.0,0.3353674627259533,0.3333333333333333,0.0,0.0,0.0,0.0,0.0,0.0,0.3333333333333333,0.0,0.3333333333333333,0.023125620936822806,0.0,0.0,-0.0,0.0,0.0,0.0,0.019560143357226206,0.0,0.03008996499416569
1981-04,6.903885541030422,-0.015132660775776574,0.0003376581158919449,0.33765811589194494,"Other,Hlth,Enrgy",1980-03,1981-02,0.3322769077802635,0.0,0.0,0.0,0.0,0.0,0.0,0.3289522744220731,0.0,0.33877081779766344,0.0,0.0,0.0,0.3333333333333333,0.0,0.0,0.0,0.3333333333333333,0.0,0.3333333333333333,0.0,0.0,-0.0,-0.02599122088898681,0.0,0.0,0.0,0.010096589653029491,-0.0,0.001099628576072519
1981-05,7.020021182699005,0.016821779703382722,0.0006665555740709881,0.6665555740709881,"Other,Shops,Manuf",1980-04,1981-03,0.0,0.0,0.0,0.3119501962376505,0.0,0.0,0.0,0.3485925023683854,0.0,0.339457301393964,0.0,0.0,0.3333333333333333,0.0,0.0,0.0,0.3333333333333333,0.0,0.0,0.3333333333333333,0.0,0.0,-0.0013657557073821027,-0.0,0.0,0.0,0.009526978836860522,0.0,0.0,0.009327112147975337
1981-06,6.8214196462687555,-0.028290731788631507,0.0003333888981496917,0.3333888981496916,"Other,Shops,Hlth",1980-05,1981-04,0.0,0.0,0.3262571662571662,0.0,0.0,0.0,0.336969696969697,0.0,0.0,0.33677313677313675,0.0,0.0,0.0,0.0,0.0,0.0,0.3333333333333333,0.3333333333333333,0.0,0.3333333333333333,-0.0,-0.0,-0.0,0.0,-0.0,-0.0,-0.00476507751291882,-0.018660443407234537,0.0,-0.004531821970328388
1981-07,6.59329345496977,-0.03344262677399823,9.614898780696562e-06,0.009614898780696563,"Hlth,Shops,Other",1980-06,1981-05,0.0,0.0,0.0,0.0,0.0,0.0,0.3380199581633003,0.32372003703576696,0.0,0.33826000480093277,0.0,0.0,0.0,0.0,0.0,0.0,0.3333333333333333,0.3333333333333333,0.0,0.3333333333333333,-0.0,-0.0,-0.0,0.0,-0.0,0.0,-0.011333224364480483,-0.01299987500631585,0.0,-0.009099912504421095
1981-08,6.178342454162614,-0.0629353150502322,2.114808870384215e-06,0.0021148088703842145,"Other,Shops,Hlth",1980-07,1981-06,0.0,0.0,0.0,0.0,0.0,0.0,0.3331379108183605,0.33141359450977687,0.0,0.3354484946718626,0.0,0.0,0.0,0.0,0.0,0.0,0.3333333333333333,0.3333333333333333,0.0,0.3333333333333333,-0.0,-0.0,-0.0,-0.0,-0.0,-0.0,-0.01869996045307412,-0.025833278700770845,-0.0,-0.01839996108751678
1981-09,5.968041936327034,-0.03403833947305579,5.182518088055494e-06,0.005182518088055492,"Other,Hlth,Shops",1980-08,1981-07,0.0,0.0,0.0,0.0,0.0,0.0,0.33576408651109846,0.3281516789982925,0.0,0.336084234490609,0.0,0.0,0.0,0.0,0.0,0.0,0.3333333333333333,0.3333333333333333,0.0,0.3333333333333333,-0.0,-0.0,-0.0,-0.0,-0.0,0.0,-0.012099937291531132,-0.004299977715172221,-0.0,-0.01763324194826438
1981-10,6.326161038204351,0.06000613026819934,0.0009995002498750624,0.9995002498750625,"Telcm,NoDur,Utils",1980-09,1981-08,0.0,0.0,0.0,0.0,0.0,0.0,0.3325511577349115,0.3406259705303841,0.0,0.3268228717347044,0.3333333333333333,0.0,0.0,0.0,0.0,0.3333333333333333,0.0,0.0,0.3333333333333333,0.0,0.024675312343828085,-0.0,0.0,0.0,0.0,0.020046610028319173,0.0,0.0,0.016283708145927035,0.0
1981-11,6.459596439129871,0.02109263424052754,0.0003335500043785112,0.3335500043785112,"Telcm,NoDur,Shops",1980-10,1981-09,0.3374277456647398,0.0,0.0,0.0,0.0,0.33306107062075896,0.0,0.0,0.3295111837145011,0.0,0.3333333333333333,0.0,0.0,0.0,0.0,0.3333333333333333,0.3333333333333333,0.0,0.0,0.0,0.008863709189961176,0.0,0.0,0.0,0.0,0.008996998049960592,0.0035654770049843828,0.0,0.0,0.0
1981-12,6.348038501535216,-0.017270109463631167,3.5032870542767026e-06,0.0035032870542767024,"Telcm,NoDur,Shops",1980-11,1981-10,0.3350194171588944,0.0,0.0,0.0,0.0,0.3351499526808733,0.32983063016023234,0.0,0.0,0.0,0.3333333333333333,0.0,0.0,0.0,0.0,0.3333333333333333,0.3333333333333333,0.0,0.0,0.0,-0.006033312196834772,0.0,-0.0,-0.0,-0.0,-0.004833316400779237,-0.006399977578962852,-0.0,-0.0,-0.0
1982-01,6.345493332347251,-0.0004009378940201813,9.382693278592221e-07,0.0009382693278592218,"Telcm,NoDur,Shops",1980-12,1981-11,0.33305067498812835,0.0,0.0,0.0,0.0,0.3342717590394138,0.33267756597245773,0.0,0.0,0.0,0.3333333333333333,0.0,0.0,0.0,0.0,0.3333333333333333,0.3333333333333333,0.0,0.0,0.0,-0.0030666637893073945,0.0,-0.0,-0.0,0.0,0.002233331237865168,0.00043333292674995795,0.0,-0.0,-0.0
1982-02,6.154264403802905,-0.03013617988841366,2.9349963022381808e-06,0.0029349963022381803,"Telcm,NoDur,Shops",1981-01,1981-12,0.3303988261971455,0.0,0.0,0.0,0.0,0.3357009470454848,0.3339002267573696,0.0,0.0,0.0,0.3333333333333333,0.0,0.0,0.0,0.0,0.3333333333333333,0.3333333333333333,0.0,0.0,0.0,-0.006466647687023912,-0.0,-0.0,-0.0,-0.0,-0.018966610999570137,-0.004699986205517379,-0.0,-0.0,-0.0
1982-03,6.334731206803066,0.029323862473091822,9.200965260317687e-06,0.009200965260317686,"Telcm,NoDur,Shops",1981-02,1982-01,0.337022271102557,0.0,0.0,0.0,0.0,0.3241339015672257,0.33884382733021723,0.0,0.0,0.0,0.3333333333333333,0.0,0.0,0.0,0.0,0.3333333333333333,0.3333333333333333,0.0,0.0,0.0,0.008233257578719356,0.0,-0.0,-0.0,-0.0,0.006833270460070719,0.014266535399562285,-0.0,0.0,-0.0
1982-04,6.526159334851545,0.030218824098313668,0.00033752553774926003,0.33752553774926003,"Telcm,Utils,NoDur",1981-03,1982-02,0.33183290155440415,0.0,0.0,0.0,0.0,0.3304727979274612,0.33769430051813476,0.0,0.0,0.0,0.3333333333333333,0.0,0.0,0.0,0.0,0.3333333333333333,0.0,0.0,0.3333333333333333,0.0,0.022259151098026113,0.0,0.0,0.0,0.0,-0.004531803217562203,0.0,0.0,0.012829001755598882,0.0
1982-05,6.447100689785614,-0.012114115057494157,1.4287941587099037e-05,0.014287941587099036,"Telcm,Utils,NoDur",1981-04,1982-03,0.3450528835268622,0.0,0.0,0.0,0.0,0.3190477730698321,0.0,0.0,0.3358993434033056,0.0,0.3333333333333333,0.0,0.0,0.0,0.0,0.3333333333333333,0.0,0.0,0.3333333333333333,0.0,-0.010966509975573926,-0.0,-0.0,0.0,-0.0,0.0006666571413722753,-0.0,-0.0,-0.0017999742817051431,-0.0
1982-06,6.382584880503055,-0.01000694922987233,7.019424113284358e-06,0.0070194241132843565,"Utils,NoDur,Telcm",1981-05,1982-04,0.32631507912406793,0.0,0.0,0.0,0.0,0.33809089988865276,0.0,0.0,0.3355940209872794,0.0,0.3333333333333333,0.0,0.0,0.0,0.0,0.3333333333333333,0.0,0.0,0.3333333333333333,0.0,0.005533294492519905,0.0,-0.0,-0.0,-0.0,-0.00816660934136974,0.0,-0.0,-0.007366614956909031,-0.0
1982-07,6.343381556083617,-0.0061422331474497716,8.954736500145577e-06,0.008954736500145576,"Utils,Telcm,NoDur",1981-06,1982-05,0.34228956228956225,0.0,0.0,0.0,0.0,0.32845117845117844,0.0,0.0,0.32925925925925925,0.0,0.3333333333333333,0.0,0.0,0.0,0.0,0.3333333333333333,0.0,0.0,0.3333333333333333,0.0,-0.0014999865678952497,-0.0,-0.0,-0.0,0.0,0.003999964181053999,0.0,0.0,-0.008633256024108214,-0.0
1982-08,7.056515626408689,0.11242175234455831,0.0003399062324242803,0.33990623242428025,"NoDur,Shops,Utils",1981-07,1982-06,0.3338811376442179,0.0,0.0,0.0,0.0,0.3394150791521331,0.0,0.0,0.326703783203649,0.0,0.3333333333333333,0.0,0.0,0.0,0.0,0.0,0.3333333333333333,0.0,0.3333333333333333,0.0,0.030522954863036644,0.0,0.0,0.0,0.0,0.0,0.041985723938238184,0.0,0.04025297977570772,0.0
1982-09,7.319118781339435,0.03721428093320833,0.00033962707629246074,0.33962707629246075,"Hlth,Shops,NoDur",1981-08,1982-07,0.3269829858614905,0.0,0.0,0.0,0.0,0.0,0.3372873232686317,0.0,0.3357296908698778,0.0,0.3333333333333333,0.0,0.0,0.0,0.0,0.0,0.3333333333333333,0.3333333333333333,0.0,0.0,0.017127514389426186,-0.0,-0.0,0.0,0.0,0.0,0.015894599929486945,0.0045317936905874745,0.0,0.0
1982-10,8.331438765471702,0.13831173046586454,0.00034097614308903357,0.3409761430890335,"Shops,Hlth,Durbl",1981-09,1982-08,0.33777749220933595,0.0,0.0,0.0,0.0,0.0,0.3365888135702123,0.3256336942204517,0.0,0.0,0.0,0.3333333333333333,0.0,0.0,0.0,0.0,0.3333333333333333,0.3333333333333333,0.0,0.0,0.0,0.05504789024705389,0.0,0.0,0.0,0.0,0.0562141591082203,0.027390657253679365,0.0,0.0
1982-11,9.013554725366577,0.08187252875479234,0.0003333888981496916,0.33338889814969164,"Durbl,Shops,NoDur",1981-10,1982-09,0.0,0.34109071748485115,0.0,0.0,0.0,0.0,0.34211527765580635,0.31679400485934256,0.0,0.0,0.3333333333333333,0.3333333333333333,0.0,0.0,0.0,0.0,0.3333333333333333,0.0,0.0,0.0,0.017427521253542258,0.027490831805300885,0.0,-0.0,0.0,0.0,0.037287564594099015,0.0,0.0,0.0
1982-12,9.071458277341371,0.006424052855843687,9.221154727520974e-06,0.009221154727520973,"Shops,Durbl,NoDur",1981-11,1982-10,0.3241137154649336,0.33341546801367544,0.0,0.0,0.0,0.0,0.34247081652139094,0.0,0.0,0.0,0.3333333333333333,0.3333333333333333,0.0,0.0,0.0,0.0,0.3333333333333333,0.0,0.0,0.0,0.0032333035182663806,0.010099906866337249,0.0,0.0,0.0,-0.0,-0.0068999363740323795,0.0,0.0,-0.0
1983-01,9.516027835699568,0.0490075073672156,0.00034226291996852136,0.3422629199685213,"Shops,Durbl,HiTec",1981-12,1982-11,0.33441526181565256,0.3412380353061968,0.0,0.0,0.0,0.0,0.32434670287815054,0.0,0.0,0.0,0.0,0.3333333333333333,0.0,0.0,0.3333333333333333,0.0,0.3333333333333333,0.0,0.0,0.0,-0.0,0.017227435002345873,0.0,0.0,0.027923772789102214,0.0,0.004198562495736131,0.0,0.0,0.0
1983-02,9.998212334345677,0.05067077429483602,0.0003449548430089431,0.34495484300894314,"Shops,Durbl,NoDur",1982-01,1982-12,0.0,0.33407452113973507,0.0,0.0,0.34427114767637623,0.0,0.32165433118388864,0.0,0.0,0.0,0.3333333333333333,0.3333333333333333,0.0,0.0,0.0,0.0,0.3333333333333333,0.0,0.0,0.0,0.012529009899300952,0.012129147881238157,0.0,-0.0,0.0,-0.0,0.026357571357305997,0.0,0.0,0.0
1983-03,10.262028981428461,0.026386381711111184,0.00033791794905092603,0.337917949050926,"Durbl,Shops,HiTec",1982-02,1983-01,0.3290729758015921,0.3286923979575656,0.0,0.0,0.0,0.0,0.3422346262408424,0.0,0.0,0.0,0.0,0.3333333333333333,0.0,0.0,0.3333333333333333,0.0,0.3333333333333333,0.0,0.0,0.0,0.0,-0.003832037981195305,0.0,0.0,0.002199256580512088,0.0,0.02835708106084525,0.0,0.0,0.0
1983-04,11.183689363319958,0.08981268553806054,1.8945828358520523e-05,0.01894582835852052,"Shops,HiTec,Durbl",1982-03,1983-02,0.0,0.320920719433803,0.0,0.0,0.3267969612362834,0.0,0.35228231932991366,0.0,0.0,0.0,0.0,0.3333333333333333,0.0,0.0,0.3333333333333333,0.0,0.3333333333333333,0.0,0.0,0.0,0.0,0.036265979564624864,0.0,0.0,0.024966193652485317,0.0,0.028599458149308945,0.0,0.0,0.0
1983-05,11.227986207035515,0.003960843535304237,5.8001242031869245e-06,0.005800124203186925,"Shops,HiTec,Durbl",1982-04,1983-03,0.0,0.33913442422388745,0.0,0.0,0.32876586634041904,0.0,0.3320997094356935,0.0,0.0,0.0,0.0,0.3333333333333333,0.0,0.0,0.3333333333333333,0.0,0.3333333333333333,0.0,0.0,0.0,-0.0,-0.006933293119138858,0.0,0.0,0.009333279198840768,-0.0,0.001566657579805415,-0.0,0.0,0.0
1983-06,12.072231483230574,0.07519115722337189,8.224308619981409e-06,0.008224308619981406,"Shops,HiTec,Durbl",1982-05,1983-04,0.0,0.3251103954314552,0.0,0.0,0.34131279258939534,0.0,0.33357681197914935,0.0,0.0,0.0,0.0,0.3333333333333333,0.0,0.0,0.3333333333333333,0.0,0.3333333333333333,0.0,0.0,0.0,0.0,0.034399717083783476,0.0,0.0,0.020433165283293867,0.0,0.02036649916491444,0.0,-0.0,0.0
1983-07,11.57411692440118,-0.04126118352860619,0.00034184296740518626,0.34184296740518616,"Shops,HiTec,Other",1982-06,1983-05,0.0,0.34201388888888884,0.0,0.0,0.32902405753968256,0.0,0.32896205357142855,0.0,0.0,0.0,0.0,0.0,0.0,0.0,0.3333333333333333,0.0,0.3333333333333333,0.0,0.0,0.3333333333333333,-0.0,-0.0,-0.0,-0.0,-0.017860559072315693,-0.0,-0.010929595850223035,-0.0,0.0,-0.01212918563866215
1983-08,11.2535705410532,-0.02769510498655725,0.0003376794817064759,0.3376794817064758,"Shops,HiTec,Durbl",1982-07,1983-06,0.0,0.0,0.0,0.0,0.328930905046573,0.0,0.3361601557069373,0.0,0.0,0.3349089392464896,0.0,0.3333333333333333,0.0,0.0,0.3333333333333333,0.0,0.3333333333333333,0.0,0.0,0.0,0.0,-0.007897332332094519,0.0,0.0,-0.003698750585917686,0.0,-0.015761342586838426,-0.0,0.0,-0.0
1983-09,11.581345432318344,0.029126301743025884,6.832535765225547e-06,0.006832535765225545,"Shops,HiTec,Durbl",1982-08,1983-07,0.0,0.3345899448233318,0.0,0.0,0.33890811885259947,0.0,0.32650193632406865,0.0,0.0,0.0,0.0,0.3333333333333333,0.0,0.0,0.3333333333333333,0.0,0.3333333333333333,0.0,0.0,0.0,0.0,0.014633233350559964,0.0,-0.0,0.00719995080574249,0.0,0.007299950122488913,0.0,0.0,0.0
1983-10,11.246204723924386,-0.0289379770556476,4.782083943017555e-06,0.004782083943017554,"HiTec,Shops,Durbl",1982-09,1983-08,0.0,0.3381162142903414,0.0,0.0,0.33089330828528857,0.0,0.33099047742437004,0.0,0.0,0.0,0.0,0.3333333333333333,0.0,0.0,0.3333333333333333,0.0,0.3333333333333333,0.0,0.0,0.0,-0.0,0.00013333269572214093,-0.0,-0.0,-0.02316655588172199,-0.0,-0.005899971785704736,-0.0,0.0,-0.0
1983-11,11.65840318978643,0.03665222855006034,1.3927443671844566e-05,0.013927443671844562,"HiTec,Durbl,Shops",1982-10,1983-09,0.0,0.34340244404778253,0.0,0.0,0.31940821090210075,0.0,0.3371893450501167,0.0,0.0,0.0,0.0,0.3333333333333333,0.0,0.0,0.3333333333333333,0.0,0.3333333333333333,0.0,0.0,0.0,0.0,0.014099803623044228,0.0,-0.0,0.007766558496854149,0.0,0.014799793873833655,-0.0,-0.0,0.0
1983-12,11.626554242908789,-0.0027318446925512774,0.0006665555740709881,0.6665555740709882,"Enrgy,Durbl,Utils",1982-11,1983-10,0.0,0.33514469453376206,0.0,0.0,0.32903536977491954,0.0,0.3358199356913183,0.0,0.0,0.0,0.0,0.3333333333333333,0.0,0.3333333333333333,0.0,0.0,0.0,0.0,0.3333333333333333,0.0,-0.0,0.0030646225629061825,-0.0,0.006995334110981504,0.0,-0.0,-0.0,-0.0,-0.01212524579236794,-0.0
1984-01,11.048708490984204,-0.04970051658056995,0.0006665555740709883,0.6665555740709882,"Shops,Durbl,Manuf",1982-12,1983-11,0.0,0.3370966664439843,0.0,0.3410381455007015,0.0,0.0,0.0,0.0,0.32186518805531433,0.0,0.0,0.3333333333333333,0.3333333333333333,0.0,0.0,0.0,0.3333333333333333,0.0,0.0,0.0,-0.0,-0.017921379770038326,-0.011625579070154973,0.0,-0.0,0.0,-0.019487002166305615,-0.0,0.0,-0.0
1984-02,10.448912235446288,-0.054286549059317846,0.0003381301497316401,0.33813014973164,"Durbl,NoDur,Shops",1983-01,1983-12,0.0,0.33167414469994394,0.33829921480650593,0.0,0.0,0.0,0.3300266404935502,0.0,0.0,0.0,0.3333333333333333,0.3333333333333333,0.0,0.0,0.0,0.0,0.3333333333333333,0.0,0.0,0.0,-0.018826965215513386,-0.020293135957960444,-0.0,0.0,-0.0,-0.0,-0.014828317736112314,-0.0,-0.0,-0.0
1984-03,10.524433000726859,0.007227619830548315,0.00033650064788260536,0.3365006478826053,"Enrgy,NoDur,Durbl",1983-02,1984-01,0.3324407173813467,0.33089038441210666,0.0,0.0,0.0,0.0,0.3366688982065466,0.0,0.0,0.0,0.3333333333333333,0.3333333333333333,0.0,0.3333333333333333,0.0,0.0,0.0,0.0,0.0,0.0,0.0054315050131465035,0.0012329183158676115,0.0,0.0008996971494169057,0.0,-0.0,0.0,-0.0,-0.0,0.0
1984-04,10.689230556549479,0.01565856857193526,0.0003360545551817997,0.33605455518179966,"Enrgy,Utils,Durbl",1983-03,1984-02,0.33622258245939063,0.33205412379660576,0.0,0.3317232937440037,0.0,0.0,0.0,0.0,0.0,0.0,0.0,0.3333333333333333,0.0,0.3333333333333333,0.0,0.0,0.0,0.0,0.3333333333333333,0.0,0.0,0.0043985213599572,-0.0,0.013262208342901254,-0.0,0.0,0.0,0.0,-0.0016661065757413638,-0.0
1984-05,10.38782254106414,-0.0281973537656236,0.0003401664027124088,0.3401664027124088,"Enrgy,Utils,NoDur",1983-04,1984-03,0.0,0.33241469816272967,0.0,0.34114173228346456,0.0,0.0,0.0,0.0,0.32644356955380577,0.0,0.3333333333333333,0.0,0.0,0.3333333333333333,0.0,0.0,0.0,0.0,0.3333333333333333,0.0,-0.008030600663231543,-0.0,-0.0,-0.017060861160060375,-0.0,-0.0,-0.0,-0.0,-0.0027657255396191624,-0.0
1984-06,10.606847093470861,0.021084741440364096,0.0003412771852979015,0.3412771852979014,"Enrgy,NoDur,Durbl",1983-05,1984-04,0.3346248799890276,0.0,0.0,0.3253326018378824,0.0,0.0,0.0,0.0,0.34004251817309017,0.0,0.3333333333333333,0.3333333333333333,0.0,0.3333333333333333,0.0,0.0,0.0,0.0,0.0,0.0,0.02105947709396306,0.00703093301713007,0.0,-0.006664391485431347,0.0,0.0,0.0,0.0,0.0,0.0
1984-07,10.282952978526527,-0.030536323573827184,0.0003467968383452587,0.3467968383452587,"Enrgy,Utils,NoDur",1983-06,1984-05,0.34696341741996534,0.3332245537316842,0.0,0.3198120288483503,0.0,0.0,0.0,0.0,0.0,0.0,0.3333333333333333,0.0,0.0,0.3333333333333333,0.0,0.0,0.0,0.0,0.3333333333333333,0.0,-0.005264840203318049,0.0,-0.0,-0.024891364758725203,-0.0,0.0,0.0,-0.0,-3.332177343872182e-05,-0.0
1984-08,11.287432062999901,0.09768391303266544,0.0003485704881316783,0.3485704881316783,"Enrgy,Telcm,NoDur",1983-07,1984-06,0.33828280745170825,0.0,0.0,0.31803808345363305,0.0,0.0,0.0,0.0,0.34367910909465865,0.0,0.3333333333333333,0.0,0.0,0.3333333333333333,0.0,0.3333333333333333,0.0,0.0,0.0,0.0,0.028956569741527112,0.0,0.0,0.04668372175820425,0.0,0.022392192021065845,0.0,0.0,0.0,0.0
1984-09,11.623537808255907,0.02977698943214535,0.0003459201732993014,0.3459201732993014,"Telcm,NoDur,Utils",1983-08,1984-07,0.32994353712585756,0.0,0.0,0.34609313338595105,0.0,0.32396332948819134,0.0,0.0,0.0,0.0,0.3333333333333333,0.0,0.0,0.0,0.0,0.3333333333333333,0.0,0.0,0.3333333333333333,0.0,0.004198547135272143,-0.0,-0.0,0.0,-0.0,0.009729966376979886,0.0,-0.0,0.01619439609319255,0.0
1984-10,11.473576222922599,-0.012901544074369053,0.0003391392577074134,0.33913925770741343,"Enrgy,Telcm,NoDur",1983-09,1984-08,0.3276598498576236,0.0,0.0,0.0,0.0,0.3330313228061092,0.0,0.0,0.33930882733626716,0.0,0.3333333333333333,0.0,0.0,0.3333333333333333,0.0,0.3333333333333333,0.0,0.0,0.0,0.0,0.004598439959414545,0.0,0.0,-0.01449508248076324,-0.0,-0.0026657622953127798,-0.0,0.0,0.0,0.0
1984-11,11.440948265563293,-0.002843747818933706,1.0444077152311177e-05,0.010444077152311177,"Telcm,Enrgy,NoDur",1983-10,1984-09,0.3422340748742531,0.0,0.0,0.32289099686054756,0.0,0.3348749282651994,0.0,0.0,0.0,0.0,0.3333333333333333,0.0,0.0,0.3333333333333333,0.0,0.3333333333333333,0.0,0.0,0.0,0.0,0.0012666534375022737,-0.0,-0.0,-0.003299965534545397,-0.0,-0.0007999916447382781,-0.0,-0.0,0.0,-0.0
1984-12,11.711598827298259,0.023656305006606093,0.00033563964198623874,0.3356396419862387,"Telcm,Enrgy,Utils",1983-11,1984-10,0.33555072706000333,0.0,0.0,0.33097108474009695,0.0,0.3334781881998997,0.0,0.0,0.0,0.0,0.0,0.0,0.0,0.3333333333333333,0.0,0.3333333333333333,0.0,0.0,0.3333333333333333,0.0,0.0,0.0,0.0,-0.001899362284680226,0.0,0.017060938416776767,0.0,0.0,0.008830368516495789,0.0
1985-01,12.289252203050994,0.04932318672035607,9.669580346724448e-06,0.009669580346724447,"Telcm,Utils,Enrgy",1983-12,1984-11,0.0,0.0,0.0,0.32366536458333334,0.0,0.3421875,0.0,0.0,0.3341471354166667,0.0,0.0,0.0,0.0,0.3333333333333333,0.0,0.3333333333333333,0.0,0.0,0.3333333333333333,0.0,0.0,0.0,0.0,0.021799789203148442,0.0,0.019533144454197227,0.0,0.0,0.007999922643357225,0.0
1985-02,12.658932840350767,0.030081621826264948,0.0003413238835458809,0.34132388354588084,"Telcm,Utils,NoDur",1984-01,1984-12,0.0,0.0,0.0,0.33843710292249046,0.0,0.336277001270648,0.0,0.0,0.3252858958068615,0.0,0.3333333333333333,0.0,0.0,0.0,0.0,0.3333333333333333,0.0,0.0,0.3333333333333333,0.0,0.016894231626368075,-0.0,0.0,0.0,-0.0,0.00896360612917754,0.0,0.0,0.0045651079542651405,0.0
1985-03,12.86097103332169,0.01596012835512628,0.0003344205892683981,0.33442058926839807,"Telcm,NoDur,Durbl",1984-02,1985-01,0.3398893669330055,0.0,0.0,0.0,0.0,0.3321903406333905,0.0,0.0,0.327920292433604,0.0,0.3333333333333333,0.3333333333333333,0.0,0.0,0.0,0.3333333333333333,0.0,0.0,0.0,0.0,0.01546149429488598,-0.017427503267727087,-0.0,0.0,-0.0,0.018260557917236027,-0.0,0.0,0.0,-0.0
1985-04,12.87253990446473,0.000899533255542373,0.00033338889814969166,0.33338889814969164,"Telcm,NoDur,Utils",1984-03,1985-02,0.3432057463347437,0.3108334153301191,0.0,0.0,0.0,0.3459608383351373,0.0,0.0,0.0,0.0,0.3333333333333333,0.0,0.0,0.0,0.0,0.3333333333333333,0.0,0.0,0.3333333333333333,0.0,-0.007097632938823136,-0.0,-0.0,0.0,-0.0,0.002998999833305551,0.0,-0.0,0.005331555259209868,0.0
1985-05,13.730177126972396,0.06662533026681094,7.503109336791037e-06,0.007503109336791035,"Telcm,Utils,NoDur",1984-04,1985-03,0.32583147451476513,0.0,0.0,0.0,0.0,0.3359190331923961,0.0,0.0,0.33824949229283885,0.0,0.3333333333333333,0.0,0.0,0.0,0.0,0.3333333333333333,0.0,0.0,0.3333333333333333,0.0,0.026599800417291642,0.0,0.0,0.0,0.0,0.022099834181283657,0.0,0.0,0.01793319877757256,0.0
1985-06,14.209759521710492,0.03492907559043612,4.114026247039571e-06,0.004114026247039571,"Telcm,Utils,NoDur",1984-05,1985-04,0.3374480452514141,0.0,0.0,0.0,0.0,0.3332291634113566,0.0,0.0,0.3293227913372293,0.0,0.3333333333333333,0.0,0.0,0.0,0.0,0.3333333333333333,0.0,0.0,0.3333333333333333,0.0,0.009199962150958526,0.0,0.0,-0.0,-0.0,0.013666610441641287,0.0,0.0,0.012066617024083287,0.0
1985-07,13.760878453220213,-0.03158963160526762,0.0003333888981496916,0.3333888981496916,"Utils,Telcm,Other",1984-06,1985-05,0.33097139912393714,0.0,0.0,0.0,0.0,0.33528729708837923,0.0,0.0,0.3337413037876836,0.0,0.0,0.0,0.0,0.0,0.0,0.3333333333333333,0.0,0.0,0.3333333333333333,0.3333333333333333,-0.0,0.0,0.0,-0.0,0.0,-0.015228254709118188,-0.0,-0.0,-0.01549483247207868,-0.0005331555259209868
1985-08,13.855687096975355,0.006889723216249699,1.020635986723521e-05,0.010206359867235209,"Utils,Other,Telcm",1984-07,1985-06,0.0,0.0,0.0,0.0,0.0,0.32836693964627345,0.0,0.0,0.32809166609318013,0.3435413942605464,0.0,0.0,0.0,0.0,0.0,0.3333333333333333,0.0,0.0,0.3333333333333333,0.3333333333333333,0.0,-0.0,-0.0,0.0,-0.0,0.001766648635430901,-0.0,-0.0,0.006399934679296849,-0.001266653738610835
1985-09,13.188712996933305,-0.048137208597013426,4.07122532578865e-06,0.004071225325788649,"Utils,Other,Telcm",1984-08,1985-07,0.0,0.0,0.0,0.0,0.0,0.33280365478200413,0.0,0.0,0.33740523719667626,0.3297911080213195,0.0,0.0,0.0,0.0,0.0,0.3333333333333333,0.0,0.0,0.3333333333333333,0.3333333333333333,-0.0,-0.0,-0.0,-0.0,-0.0,-0.01359994463133557,-0.0,-0.0,-0.017933260322692487,-0.016599932417659592
1985-10,13.869867929297245,0.05164680833697166,0.00033573351998884984,0.33573351998884987,"Hlth,Utils,Other",1984-09,1985-08,0.0,0.0,0.0,0.0,0.0,0.33590138674884434,0.0,0.0,0.3313489284213475,0.33274968482980805,0.0,0.0,0.0,0.0,0.0,0.0,0.0,0.3333333333333333,0.3333333333333333,0.3333333333333333,0.0,0.0,0.0,0.0,0.0,0.0,0.0,0.009563454815992106,0.02109291602272823,0.021326171018240234
1985-11,15.024807609372388,0.08326969557046549,0.0006737125733711093,0.6737125733711091,"NoDur,Telcm,Hlth",1984-10,1985-09,0.0,0.0,0.0,0.0,0.0,0.0,0.0,0.3259505703422053,0.33691381495564005,0.33713561470215464,0.3333333333333333,0.0,0.0,0.0,0.0,0.3333333333333333,0.0,0.3333333333333333,0.0,0.0,0.02741485115173718,0.0,0.0,0.0,0.0,0.02468335929943773,0.0,0.031845197692661906,0.0,0.0
1985-12,15.818798884084524,0.052845353854438004,0.0003367320030021889,0.33673200300218886,"NoDur,Other,Telcm",1984-11,1985-10,0.3328105781057811,0.0,0.0,0.0,0.0,0.3302890528905289,0.0,0.33690036900369,0.0,0.0,0.3333333333333333,0.0,0.0,0.0,0.0,0.3333333333333333,0.0,0.0,0.0,0.3333333333333333,0.018193871477545358,0.0,0.0,-0.0,0.0,0.020093231686739654,0.0,0.0,0.0,0.014894982693155265
1986-01,16.045378597145927,0.014323446092317837,0.0006665555740709883,0.6665555740709881,"NoDur,Hlth,Shops",1984-12,1985-11,0.3337764273958729,0.0,0.0,0.0,0.0,0.33558045322192687,0.0,0.0,0.0,0.33064311938220026,0.3333333333333333,0.0,0.0,0.0,0.0,0.0,0.3333333333333333,0.3333333333333333,0.0,0.0,0.005962689551741377,0.0,0.0,-0.0,-0.0,-0.0,0.00549633394434261,0.0035309781703049496,0.0,0.0
1986-02,17.33871381600109,0.0806048427604702,0.0003347225380334805,0.33472253803348045,"NoDur,Telcm,Hlth",1985-01,1985-12,0.3342857142857143,0.0,0.0,0.0,0.0,0.0,0.33382594417077177,0.331888341543514,0.0,0.0,0.3333333333333333,0.0,0.0,0.0,0.0,0.3333333333333333,0.0,0.3333333333333333,0.0,0.0,0.03608791651637699,0.0,0.0,0.0,0.0,0.024625088001479768,0.0,0.02022656078064712,0.0,0.0
1986-03,18.358699989226224,0.058827095484085934,0.0006665555740709881,0.6665555740709881,"NoDur,Utils,Other",1985-02,1986-01,0.3417620031453329,0.0,0.0,0.0,0.0,0.3311542138209627,0.0,0.3270837830337044,0.0,0.0,0.3333333333333333,0.0,0.0,0.0,0.0,0.0,0.0,0.0,0.3333333333333333,0.3333333333333333,0.027048625229128476,0.0,0.0,0.0,-0.0,0.0,0.0,0.0,0.013257823696050658,0.019187202132977834
1986-04,18.12316314931951,-0.012829712345914457,0.000333885919913115,0.333885919913115,"NoDur,Other,Manuf",1985-03,1986-02,0.3401497514629082,0.0,0.0,0.0,0.0,0.0,0.0,0.0,0.327125149436859,0.33272509910023285,0.3333333333333333,0.0,0.3333333333333333,0.0,0.0,0.0,0.0,0.0,0.0,0.3333333333333333,0.001432854763514791,-0.0,-0.0053648748122297986,0.0,0.0,0.0,0.0,0.0,-0.0,-0.008563806377286076
1986-05,19.268984963815367,0.06322416263955999,0.0006665555740709882,0.6665555740709882,"NoDur,Durbl,Hlth",1985-04,1986-03,0.3390042194092827,0.0,0.33211814345991564,0.0,0.0,0.0,0.0,0.0,0.0,0.3288776371308017,0.3333333333333333,0.3333333333333333,0.0,0.0,0.0,0.0,0.0,0.3333333333333333,0.0,0.0,0.029546958840193295,0.010193201133144475,0.0,0.0,0.0,0.0,0.0,0.02415055824029328,0.0,0.0
1986-06,19.964386787440706,0.036089177760593616,1.0445168812259287e-05,0.010445168812259285,"NoDur,Hlth,Durbl",1985-05,1986-04,0.3410928003007707,0.32288990538254275,0.0,0.0,0.0,0.0,0.0,0.3360172943166865,0.0,0.0,0.3333333333333333,0.3333333333333333,0.0,0.0,0.0,0.0,0.0,0.3333333333333333,0.0,0.0,0.021066446621777025,-0.0038999592638416314,-0.0,-0.0,-0.0,0.0,0.0,0.018933135571470486,0.0,0.0
1986-07,18.595283120946867,-0.06857729621603614,0.00033338889814969156,0.3333888981496916,"NoDur,Shops,Hlth",1985-06,1986-05,0.3420519254898176,0.31795515233407323,0.0,0.0,0.0,0.0,0.0,0.3399929221761091,0.0,0.0,0.3333333333333333,0.0,0.0,0.0,0.0,0.0,0.3333333333333333,0.3333333333333333,0.0,0.0,-0.01909363227204534,-0.0,-0.0,-0.0,-0.0,-0.0,-0.03128956492748792,-0.01786071011835306,0.0,-0.0
1986-08,19.10585832324453,0.027457242730685838,9.172011400869853e-06,0.009172011400869852,"NoDur,Shops,Hlth",1985-07,1986-06,0.33725672581568406,0.0,0.0,0.0,0.0,0.0,0.32416285060103034,0.33858042358328566,0.0,0.0,0.3333333333333333,0.0,0.0,0.0,0.0,0.0,0.3333333333333333,0.3333333333333333,0.0,0.0,0.008599921120701952,0.0,0.0,0.0,0.0,0.0,0.005533282581536915,0.013333211039847987,0.0,0.0
1986-09,17.073562448143196,-0.10637029965980671,4.065418113331971e-06,0.00406541811333197,"NoDur,Hlth,Shops",1985-08,1986-07,0.33279262912016616,0.0,0.0,0.0,0.0,0.0,0.32980794186348306,0.3373994290163509,0.0,0.0,0.3333333333333333,0.0,0.0,0.0,0.0,0.0,0.3333333333333333,0.3333333333333333,0.0,0.0,-0.0361665196340449,-0.0,-0.0,-0.0,-0.0,-0.0,-0.028199885355209203,-0.04199982925243924,-0.0,-0.0
1986-10,18.32221411405871,0.07313363392718952,0.00034128185636750054,0.34128185636750047,"NoDur,Utils,Hlth",1985-09,1986-08,0.3325375806632101,0.0,0.0,0.0,0.0,0.0,0.3414524972956843,0.3260099220411056,0.0,0.0,0.3333333333333333,0.0,0.0,0.0,0.0,0.0,0.0,0.3333333333333333,0.3333333333333333,0.0,0.02952325414250861,0.0,0.0,0.0,0.0,0.0,0.0,0.026590921902620628,0.017360739738427753,0.0
1986-11,18.48332675654322,0.008793295476275942,6.646038584446614e-06,0.0066460385844466134,"NoDur,Utils,Hlth",1985-10,1986-09,0.33802204626610777,0.0,0.0,0.0,0.0,0.0,0.0,0.33528955131190813,0.32668840242198416,0.0,0.3333333333333333,0.0,0.0,0.0,0.0,0.0,0.0,0.3333333333333333,0.3333333333333333,0.0,0.002399984049507397,0.0,0.0,0.0,0.0,0.0,0.0,0.004566636316423797,0.0018333211489292619,-0.0
1986-12,18.006427777091403,-0.025801577050137525,1.618815579375391e-06,0.001618815579375391,"NoDur,Utils,Hlth",1985-11,1986-10,0.33280465239228124,0.0,0.0,0.0,0.0,0.0,0.0,0.3349524187153053,0.3322429288924134,0.0,0.3333333333333333,0.0,0.0,0.0,0.0,0.0,0.0,0.3333333333333333,0.3333333333333333,0.0,-0.010733315958046113,-0.0,-0.0,-0.0,-0.0,-0.0,-0.0,-0.00406666008348331,-0.010999982193028626,-0.0
1987-01,20.221724523588605,0.12302810829117394,4.652615380499585e-06,0.004652615380499584,"NoDur,Utils,Hlth",1985-12,1986-11,0.33114350236091156,0.0,0.0,0.0,0.0,0.0,0.0,0.3379867241497297,0.3308697734893588,0.0,0.3333333333333333,0.0,0.0,0.0,0.0,0.0,0.0,0.3333333333333333,0.3333333333333333,0.0,0.04819977574393866,0.0,0.0,0.0,0.0,0.0,0.0,0.04383312939369249,0.030999855768923206,0.0
1987-02,21.344326532294982,0.05551465244207354,0.0003333888981496916,0.3333888981496916,"NoDur,Hlth,Telcm",1986-01,1986-12,0.33973464723516666,0.0,0.0,0.0,0.0,0.0,0.0,0.335846368466356,0.3244189842984773,0.0,0.3333333333333333,0.0,0.0,0.0,0.0,0.3333333333333333,0.0,0.3333333333333333,0.0,0.0,0.0186937656276046,0.0,0.0,-0.0,0.0,9.996666111018503e-05,0.0,0.03705430905150858,-0.0,0.0
1987-03,22.27035791308654,0.04338536422737094,0.0003333888981496917,0.3333888981496917,"Enrgy,Hlth,NoDur",1986-02,1987-01,0.3334069958328072,0.0,0.0,0.0,0.0,0.31579113524434904,0.0,0.3508018689228438,0.0,0.0,0.3333333333333333,0.0,0.0,0.3333333333333333,0.0,0.0,0.0,0.3333333333333333,0.0,0.0,0.00379873312218703,0.0,0.0,0.03942018669778296,0.0,0.0,0.0,0.000499833305550925,-0.0,-0.0
1987-04,21.822946444998745,-0.020089998994802127,2.3810117833367406e-05,0.0238101178333674,"Enrgy,Hlth,NoDur",1986-03,1987-02,0.32300715380684725,0.0,0.0,0.357147419519673,0.0,0.0,0.0,0.3198454266734798,0.0,0.0,0.3333333333333333,0.0,0.0,0.3333333333333333,0.0,0.0,0.0,0.3333333333333333,0.0,0.0,-0.012266374595887912,0.0,-0.0,0.0003666579362901278,0.0,-0.0,-0.0,-0.008166472217371028,-0.0,-0.0
1987-05,22.32471350011487,0.022992635590283417,7.1988364775678175e-06,0.007198836477567818,"Enrgy,Hlth,NoDur",1986-04,1987-03,0.327641336145316,0.0,0.0,0.3405333696169807,0.0,0.0,0.0,0.33182529423770324,0.0,0.0,0.3333333333333333,0.0,0.0,0.3333333333333333,0.0,0.0,0.0,0.3333333333333333,0.0,0.0,0.008766603556866879,-0.0,0.0,0.010066594198379459,0.0,0.0,-0.0,0.004166636671514677,-0.0,-0.0
1987-06,23.31328768589634,0.04428160682896931,0.00033669852678512525,0.33669852678512524,"Enrgy,Durbl,Hlth",1986-05,1987-04,0.33440860215053764,0.0,0.0,0.3356793743890518,0.0,0.0,0.0,0.32991202346041054,0.0,0.0,0.0,0.3333333333333333,0.0,0.3333333333333333,0.0,0.0,0.0,0.3333333333333333,0.0,0.0,0.0,0.00926354659365179,0.0,0.019426790158629473,-0.0,0.0,0.0,0.015927968603473223,0.0,0.0
1987-07,24.166138517936588,0.03658217766326399,0.00033864826096423865,0.3386482609642386,"Enrgy,Durbl,HiTec",1986-06,1987-05,0.0,0.3279619643256007,0.0,0.33769424678515586,0.0,0.0,0.0,0.33434378888924343,0.0,0.0,0.0,0.3333333333333333,0.0,0.3333333333333333,0.3333333333333333,0.0,0.0,0.0,0.0,0.0,0.0,0.023092177225171727,0.0,0.010629732373491746,0.003198916325564914,0.0,0.0,0.0,-0.0,0.0
1987-08,24.998745365449338,0.034453450098979266,0.00033489553635535904,0.334895536355359,"Enrgy,Durbl,Manuf",1986-07,1987-06,0.0,0.3437379452230938,0.0,0.3317153143885817,0.32454674038832454,0.0,0.0,0.0,0.0,0.0,0.0,0.3333333333333333,0.3333333333333333,0.3333333333333333,0.0,0.0,0.0,0.0,0.0,0.0,0.0,0.018860348304214094,0.009496818492404623,0.006431178838716111,0.0,0.0,0.0,0.0,0.0,0.0
1987-09,24.38193845669883,-0.024673514599776403,7.021120755096397e-06,0.0070211207550963965,"Enrgy,Durbl,Manuf",1986-08,1987-07,0.0,0.34035562427522226,0.331303955675815,0.32834042004896274,0.0,0.0,0.0,0.0,0.0,0.0,0.0,0.3333333333333333,0.3333333333333333,0.3333333333333333,0.0,0.0,0.0,0.0,0.0,0.0,-0.0,-0.01276657703035836,0.00096665987958327,-0.012866576328246282,-0.0,0.0,-0.0,-0.0,-0.0,-0.0
1987-10,18.344458258197058,-0.24762100885555316,0.0003379363863142882,0.33793638631428824,"Durbl,Hlth,Manuf",1986-09,1987-08,0.0,0.32867395762132606,0.3427546138072454,0.32857142857142857,0.0,0.0,0.0,0.0,0.0,0.0,0.0,0.3333333333333333,0.3333333333333333,0.0,0.0,0.0,0.0,0.3333333333333333,0.0,0.0,-0.0,-0.08857005883617253,-0.09106921399520675,-0.0,-0.0,-0.0,-0.0,-0.06764379963785938,-0.0,-0.0
1987-11,16.910068354942744,-0.07819200126083681,0.0003528064569513374,0.3528064569513374,"Durbl,HiTec,Manuf",1986-10,1987-09,0.0,0.32516940519952164,0.3218477346206652,0.0,0.0,0.0,0.0,0.35298286017981306,0.0,0.0,0.0,0.3333333333333333,0.3333333333333333,0.0,0.3333333333333333,0.0,0.0,0.0,0.0,0.0,-0.0,-0.02775687040737865,-0.017193931728940435,-0.0,-0.032888392667566296,-0.0,-0.0,-0.0,-0.0,-0.0
1987-12,17.79469873561564,0.05231382642012328,0.0009995002498750629,0.9995002498750625,"Telcm,Enrgy,Hlth",1986-11,1987-10,0.0,0.33136928860613074,0.3428282244071718,0.0,0.3258024869866975,0.0,0.0,0.0,0.0,0.0,0.0,0.0,0.0,0.3333333333333333,0.0,0.3333333333333333,0.0,0.3333333333333333,0.0,0.0,0.0,0.0,0.0,0.02247751124437781,0.0,0.013020306513409961,0.0,0.01781550891221056,0.0,0.0
1988-01,19.063543796287902,0.071304666604594,0.0003377916597879763,0.3377916597879763,"Telcm,Enrgy,NoDur",1986-12,1987-11,0.0,0.0,0.0,0.3378057656403278,0.0,0.3288187082687256,0.0,0.33337552609094645,0.0,0.0,0.3333333333333333,0.0,0.0,0.3333333333333333,0.0,0.3333333333333333,0.0,0.0,0.0,0.0,0.010129910377847481,0.0,0.0,0.028090508054359958,-0.0,0.03342203983217442,0.0,0.0,0.0,0.0
1988-02,20.012333898586316,0.04976987030518254,0.0003461113142625529,0.3461113142625529,"Telcm,Manuf,NoDur",1987-01,1987-12,0.32049766718506995,0.0,0.0,0.33726283048211503,0.0,0.3422395023328149,0.0,0.0,0.0,0.0,0.3333333333333333,0.0,0.3333333333333333,0.0,0.0,0.3333333333333333,0.0,0.0,0.0,0.0,0.020126364958872846,0.0,0.02585771392067108,0.0,0.0,0.004131902739901048,0.0,0.0,-0.0,0.0
1988-03,19.697444793690384,-0.01573475170320726,0.0006783048293019564,0.6783048293019563,"Telcm,Enrgy,Utils",1987-02,1988-01,0.3365921787709497,0.0,0.3420518029456577,0.0,0.0,0.32135601828339255,0.0,0.0,0.0,0.0,0.0,0.0,0.0,0.3333333333333333,0.0,0.3333333333333333,0.0,0.0,0.3333333333333333,0.0,-0.0,-0.0,-0.0,0.00872740947115743,-0.0,-0.013191046376253212,-0.0,-0.0,-0.010592809968809399,-0.0
1988-04,20.031365951118502,0.01695251140061993,0.00034157927787271226,0.3415792778727123,"Telcm,NoDur,Enrgy",1987-03,1988-02,0.0,0.0,0.0,0.34729930959794236,0.0,0.32503045891430893,0.0,0.0,0.3276702314877487,0.0,0.3333333333333333,0.0,0.0,0.3333333333333333,0.0,0.3333333333333333,0.0,0.0,0.0,0.0,-0.0005664731050758722,0.0,0.0,0.01539473967912076,0.0,0.002465824104447914,0.0,-0.0,-0.0,-0.0
1988-05,20.142683176869866,0.0055571460290329,9.467932807751637e-06,0.009467932807751635,"Telcm,Enrgy,NoDur",1987-04,1988-03,0.3271077033978833,0.0,0.0,0.3428028441298863,0.0,0.3300894524722304,0.0,0.0,0.0,0.0,0.3333333333333333,0.0,0.0,0.3333333333333333,0.0,0.3333333333333333,0.0,0.0,0.0,0.0,-0.0008666584611248997,0.0,-0.0,-0.0013666537271584958,-0.0,0.007799926150124098,-0.0,-0.0,0.0,0.0
1988-06,20.40841145540812,0.013192297977629552,0.000336481637542349,0.336481637542349,"Telcm,Enrgy,Utils",1987-05,1988-04,0.33062618092617757,0.0,0.0,0.3301289488513939,0.0,0.33924487022242844,0.0,0.0,0.0,0.0,0.0,0.0,0.0,0.3333333333333333,0.0,0.3333333333333333,0.0,0.0,0.3333333333333333,0.0,0.0,0.0,0.0,-0.006931000393979707,0.0,0.00969673612811584,0.0,0.0,0.010763043881035795,0.0
1988-07,20.647636962822297,0.011721907309487412,1.1293513289948778e-05,0.011293513289948778,"Telcm,Utils,Enrgy",1987-06,1988-05,0.0,0.0,0.0,0.32204170229559953,0.0,0.33845293692034467,0.0,0.0,0.3395053607840558,0.0,0.0,0.0,0.0,0.3333333333333333,0.0,0.3333333333333333,0.0,0.0,0.3333333333333333,0.0,0.0,0.0,-0.0,0.01196653152095763,-0.0,0.000499994353243355,-0.0,0.0,-0.0007333250514235873,-0.0
1988-08,20.130082859430136,-0.02506602108144662,0.0003411249040740568,0.34112490407405677,"Utils,Telcm,Manuf",1987-07,1988-06,0.0,0.0,0.0,0.3412954665260938,0.0,0.32996178176067475,0.0,0.0,0.3287427517132314,0.0,0.0,0.0,0.3333333333333333,0.0,0.0,0.3333333333333333,0.0,0.0,0.3333333333333333,0.0,-0.0,-0.0,-0.014661663501406913,-0.0,-0.0,-0.009663369125927282,-0.0,-0.0,-0.0003998635500383703,-0.0
1988-09,20.61100031680027,0.02389048573363639,0.000334735834637536,0.334735834637536,"Utils,Telcm,Enrgy",1987-08,1988-07,0.0,0.0,0.32674823979766215,0.0,0.0,0.3318750427233577,0.0,0.0,0.3413767174789801,0.0,0.0,0.0,0.0,0.3333333333333333,0.0,0.3333333333333333,0.0,0.0,0.3333333333333333,0.0,0.0,0.0,0.0,-0.00823057734162815,0.0,0.023558778058830374,0.0,0.0,0.008897020851071724,0.0
1988-10,21.117007537463046,0.024550347527301897,1.592784529839383e-05,0.015927845298393827,"Utils,Enrgy,Telcm",1987-09,1988-08,0.0,0.0,0.0,0.31740814267582257,0.0,0.3484557555244573,0.0,0.0,0.33413610179972014,0.0,0.0,0.0,0.0,0.3333333333333333,0.0,0.3333333333333333,0.0,0.0,0.3333333333333333,0.0,0.0,0.0,0.0,0.0062998996545746205,-0.0,0.009899842314331546,0.0,0.0,0.008366533403694336,0.0
1988-11,20.66624789775919,-0.02134581042811934,0.0009995002498750627,0.9995002498750625,"Shops,NoDur,Manuf",1987-10,1988-09,0.0,0.0,0.0,0.33148973549793415,0.0,0.3350034160783421,0.0,0.0,0.3335068484237239,0.0,0.3333333333333333,0.0,0.3333333333333333,0.0,0.0,0.0,0.3333333333333333,0.0,0.0,0.0,-0.004062602032317174,-0.0,-0.007292703648175912,-0.0,-0.0,0.0,-0.008991004497751125,-0.0,-0.0,-0.0
1988-12,21.020851647813892,0.017158593655171916,0.0003355344912316241,0.33553449123162404,"Shops,NoDur,Durbl",1987-11,1988-10,0.3361121508047229,0.0,0.3328115961754398,0.0,0.0,0.0,0.3310762530198374,0.0,0.0,0.0,0.3333333333333333,0.3333333333333333,0.0,0.0,0.0,0.0,0.3333333333333333,0.0,0.0,0.0,0.010896342674045576,0.001299563805161399,0.0,0.0,0.0,0.0,0.005298221667196473,0.0,0.0,0.0
1989-01,22.42456362792187,0.06677712224157006,0.00033380186021412486,0.33380186021412483,"NoDur,Shops,Telcm",1987-12,1988-11,0.3383128583128583,0.3288779688779689,0.0,0.0,0.0,0.0,0.33280917280917277,0.0,0.0,0.0,0.3333333333333333,0.0,0.0,0.0,0.0,0.3333333333333333,0.3333333333333333,0.0,0.0,0.0,0.018660435698609333,0.0,0.0,0.0,0.0,0.02785736472149536,0.020593123681679586,0.0,0.0,0.0
1989-02,21.973121074941858,-0.020131609268770778,0.0003383077624678634,0.33830776246786337,"NoDur,Shops,Durbl",1988-01,1988-12,0.3298556881364403,0.0,0.0,0.0,0.0,0.33847691634909727,0.33166739551446245,0.0,0.0,0.0,0.3333333333333333,0.3333333333333333,0.0,0.0,0.0,0.0,0.3333333333333333,0.0,0.0,0.0,-0.004231901163805553,-0.009330175794216966,-0.0,-0.0,-0.0,-0.0,-0.006231224548280618,-0.0,-0.0,-0.0
1989-03,22.9630425951242,0.045051475245874384,0.00033338889814969156,0.3333888981496915,"NoDur,Telcm,Shops",1988-02,1989-01,0.3357478065700877,0.3305447867782085,0.0,0.0,0.0,0.0,0.3337074066517037,0.0,0.0,0.0,0.3333333333333333,0.0,0.0,0.0,0.0,0.3333333333333333,0.3333333333333333,0.0,0.0,0.0,0.018993665610935156,-0.0,0.0,0.0,-0.0,0.01762745457576263,0.008763743957326221,0.0,0.0,0.0
1989-04,24.546577580704593,0.06896015538971434,6.091188018614017e-06,0.006091188018614017,"NoDur,Telcm,Shops",1988-03,1989-02,0.3370320770359033,0.0,0.0,0.0,0.0,0.3357247624513743,0.3272431605127224,0.0,0.0,0.0,0.3333333333333333,0.0,0.0,0.0,0.0,0.3333333333333333,0.3333333333333333,0.0,0.0,0.0,0.01933321557036497,0.0,0.0,0.0,0.0,0.03179980630022101,0.017833224707147002,0.0,0.0,0.0
1989-05,25.77258995849118,0.04994636721782042,0.0003366969267634145,0.33669692676341445,"NoDur,Telcm,Other",1988-04,1989-03,0.32991362374879174,0.0,0.0,0.0,0.0,0.341575976800025,0.32851039945118343,0.0,0.0,0.0,0.3333333333333333,0.0,0.0,0.0,0.0,0.3333333333333333,0.0,0.0,0.0,0.3333333333333333,0.01642780028050352,0.0,0.0,0.0,0.0,0.019726689180645202,0.0,0.0,0.0,0.014128574683435076
1989-06,25.720193561676304,-0.0020330279921135785,0.0003335951037897885,0.33359510378978846,"NoDur,Telcm,Shops",1988-05,1989-04,0.33301596369291314,0.0,0.0,0.0,0.0,0.3361579231330731,0.0,0.0,0.0,0.3308261131740137,0.3333333333333333,0.0,0.0,0.0,0.0,0.3333333333333333,0.3333333333333333,0.0,0.0,0.0,0.004798398743501808,0.0,-0.0,-0.0,-0.0,0.000599799842937726,-0.007097631474763091,-0.0,0.0,0.0
1989-07,28.677882482709354,0.11499481580263371,0.0003333888981496917,0.33338889814969164,"NoDur,Telcm,Hlth",1988-06,1989-05,0.33870913886941134,0.0,0.0,0.0,0.0,0.3345019867107416,0.3267888744198471,0.0,0.0,0.0,0.3333333333333333,0.0,0.0,0.0,0.0,0.3333333333333333,0.0,0.3333333333333333,0.0,0.0,0.03968676446074346,0.0,0.0,0.0,0.0,0.03042318719786631,0.0,0.045218253042173695,0.0,0.0
1989-08,28.863061757701672,0.0064572157691198395,0.0003404690413984728,0.3404690413984727,"NoDur,Telcm,Other",1988-07,1989-06,0.33444906009981773,0.0,0.0,0.0,0.0,0.3261408804279609,0.0,0.3394100594722214,0.0,0.0,0.3333333333333333,0.0,0.0,0.0,0.0,0.3333333333333333,0.0,0.0,0.0,0.3333333333333333,-0.006597752904326769,0.0,0.0,0.0,0.0,0.0026657587492229374,0.0,0.0,-0.0,0.010729678965622323
1989-09,29.411016497105358,0.018984636626690143,0.0003420831000421927,0.34208310004219267,"NoDur,Telcm,Hlth",1988-08,1989-07,0.32452655277446696,0.0,0.0,0.0,0.0,0.33373063170441003,0.0,0.0,0.0,0.34174281552112307,0.3333333333333333,0.0,0.0,0.0,0.0,0.3333333333333333,0.0,0.3333333333333333,0.0,0.0,-0.0018993500421099192,-0.0,-0.0,0.0,-0.0,0.013428738017022768,-0.0,0.007797331751819669,0.0,0.0
1989-10,29.014710580477757,-0.013474743950675938,8.18754292054999e-06,0.00818754292054999,"NoDur,Telcm,Hlth",1988-09,1989-08,0.3251471550032701,0.0,0.0,0.0,0.0,0.3401896664486593,0.0,0.33466317854807065,0.0,0.0,0.3333333333333333,0.0,0.0,0.0,0.0,0.3333333333333333,0.0,0.3333333333333333,0.0,0.0,-0.008166599801732816,-0.0,-0.0,0.0,-0.0,-0.006533279841386252,-0.0,0.0012333232353637313,0.0,-0.0
1989-11,29.823080892664983,0.027860705690827325,5.7993668172482596e-06,0.005799366817248259,"Telcm,NoDur,Hlth",1988-10,1989-09,0.3296053520746047,0.0,0.0,0.0,0.0,0.3312609812136775,0.0,0.3391336667117178,0.0,0.0,0.3333333333333333,0.0,0.0,0.0,0.0,0.3333333333333333,0.0,0.3333333333333333,0.0,0.0,0.005633300663566929,-0.0,0.0,0.0,-0.0,0.007033292544453384,0.0,0.015199911849624376,0.0,-0.0
1989-12,30.64602171286196,0.02759409140721547,5.74989566425221e-06,0.005749895664252209,"Telcm,Hlth,NoDur",1988-11,1989-10,0.32977688416136985,0.0,0.0,0.0,0.0,0.3311389285251006,0.0,0.33908418731352963,0.0,0.0,0.3333333333333333,0.0,0.0,0.0,0.0,0.3333333333333333,0.0,0.3333333333333333,0.0,0.0,0.004633306692150088,-0.0,0.0,0.0,-0.0,0.019499887877034543,0.0,0.00346664673369503,0.0,-0.0
1990-01,27.600552081846672,-0.09937569253033329,1.002168511035109e-05,0.010021685110351087,"Telcm,Hlth,NoDur",1988-12,1989-11,0.32888932139613336,0.0,0.0,0.0,0.0,0.3433566887245361,0.0,0.32775398987933047,0.0,0.0,0.3333333333333333,0.0,0.0,0.0,0.0,0.3333333333333333,0.0,0.3333333333333333,0.0,0.0,-0.03156635031547335,-0.0,-0.0,-0.0,-0.0,-0.043466231057420535,-0.0,-0.02433308947232898,-0.0,-0.0
1990-02,27.661853464471086,0.0022210201608514613,0.0003447616176632021,0.3447616176632021,"Telcm,Hlth,Enrgy",1989-01,1989-12,0.3350605129723528,0.0,0.0,0.0,0.0,0.32184758873385394,0.0,0.3430918982937932,0.0,0.0,0.0,0.0,0.0,0.3333333333333333,0.0,0.3333333333333333,0.0,0.3333333333333333,0.0,0.0,-0.0,0.0,0.0,0.010363092637896889,0.0,-0.0008663678732646918,0.0,-0.006930942986117535,0.0,0.0
1990-03,28.346676492703246,0.02475694656946059,9.485180892455478e-06,0.009485180892455477,"Telcm,Hlth,Enrgy",1989-02,1990-01,0.0,0.0,0.0,0.34282009508927086,0.0,0.33161552016491,0.0,0.325564384745819,0.0,0.0,0.0,0.0,0.0,0.3333333333333333,0.0,0.3333333333333333,0.0,0.3333333333333333,0.0,0.0,0.0,0.0,0.0,-0.0019666480124775777,0.0,0.014066533241788776,0.0,0.012666546521042028,-0.0,-0.0
1990-04,27.166630570511863,-0.0416290750167887,0.00034325129528363694,0.34325129528363685,"Enrgy,Utils,Telcm",1989-03,1990-02,0.0,0.0,0.0,0.32335816283381585,0.0,0.3390040009107764,0.0,0.3376378362554077,0.0,0.0,0.0,0.0,0.0,0.3333333333333333,0.0,0.3333333333333333,0.0,0.0,0.3333333333333333,0.0,-0.0,-0.0,-0.0,-0.011929237201209614,-0.0,-0.010962902344128389,-0.0,0.0,-0.01839368417616678,-0.0
1990-05,29.35629308151054,0.08060118111870129,0.0003381099151671238,0.33810991516712374,"Enrgy,Utils,Hlth",1989-04,1990-03,0.0,0.0,0.0,0.3352456451444665,0.0,0.3362539550085185,0.0,0.0,0.32850039984701507,0.0,0.0,0.0,0.0,0.3333333333333333,0.0,0.0,0.0,0.3333333333333333,0.3333333333333333,0.0,0.0,0.0,0.0,0.020159848116710795,0.0,0.0,0.0,0.042685562706622354,0.01809388021053547,0.0
1990-06,29.115466288766207,-0.008203583200224074,0.0003395879588335697,0.3395879588335697,"Hlth,Enrgy,Telcm",1989-05,1990-04,0.0,0.0,0.0,0.32702210983995805,0.0,0.0,0.0,0.34786764932622033,0.3251102408338216,0.0,0.0,0.0,0.0,0.3333333333333333,0.0,0.3333333333333333,0.0,0.3333333333333333,0.0,0.0,0.0,-0.0,-0.0,-0.006797690801879932,-0.0,-0.01579463451025043,0.0,0.01472833007073985,0.0,-0.0
1990-07,29.768278576441407,0.022421495201231822,0.00033748798888757537,0.3374879888875753,"Hlth,Enrgy,Shops",1989-06,1990-05,0.0,0.0,0.0,0.32912242978094336,0.0,0.32005106840478426,0.0,0.3508265018142722,0.0,0.0,0.0,0.0,0.0,0.3333333333333333,0.0,0.0,0.3333333333333333,0.3333333333333333,0.0,0.0,-0.0,-0.0,0.0,0.027657329498974106,-0.0,-0.0,-0.01379534266575335,0.0088969963568989,0.0,-0.0
1990-08,27.78413779487118,-0.06665285587391923,2.0916260761273557e-05,0.020916260761273554,"Hlth,Enrgy,Shops",1989-07,1990-06,0.0,0.0,0.0,0.3529641821203924,0.0,0.0,0.31242055861552004,0.33461525926408764,0.0,0.0,0.0,0.0,0.0,0.3333333333333333,0.0,0.0,0.3333333333333333,0.3333333333333333,0.0,0.0,-0.0,-0.0,-0.0,-0.004333242696203368,-0.0,-0.0,-0.040132493894068116,-0.02216620302288646,-0.0,-0.0
1990-09,27.26937214911921,-0.018527321220203397,0.00033338889814969177,0.3333888981496917,"Hlth,Enrgy,Utils",1989-08,1990-07,0.0,0.0,0.0,0.352487411163887,0.0,0.0,0.31413163815578016,0.33338095068033285,0.0,0.0,0.0,0.0,0.0,0.3333333333333333,0.0,0.0,0.0,0.3333333333333333,0.3333333333333333,0.0,-0.0,-0.0,-0.0,-0.005398199699949991,-0.0,0.0,-0.0,-0.014395199199866643,0.0015994665777629602,-0.0
1990-10,27.697266161501922,0.015691377492772052,8.489226373744424e-06,0.008489226373744423,"Enrgy,Hlth,Utils",1989-09,1990-08,0.0,0.0,0.0,0.3340123582535479,0.0,0.0,0.0,0.3248455218306512,0.34114211991580085,0.0,0.0,0.0,0.0,0.3333333333333333,0.0,0.0,0.0,0.3333333333333333,0.3333333333333333,0.0,0.0,-0.0,-0.0,-0.013233220992570988,-0.0,0.0,-0.0,0.0048666253524316475,0.02406646235928527,-0.0
1990-11,28.953262024770865,0.04534728647749087,1.8539130616821304e-05,0.018539130616821303,"Enrgy,Hlth,Utils",1989-10,1990-09,0.0,0.0,0.0,0.31515211184404845,0.0,0.0,0.0,0.3329723343506942,0.3518755538052575,0.0,0.0,0.0,0.0,0.3333333333333333,0.0,0.0,0.0,0.3333333333333333,0.3333333333333333,0.0,0.0,0.0,0.0,0.00539989988869467,0.0,0.0,0.0,0.032266068470718764,0.00769985724869425,0.0
1990-12,29.109132309656687,0.0053835137730755545,1.639767945523957e-05,0.016397679455239574,"Enrgy,Hlth,Utils",1989-11,1990-10,0.0,0.0,0.0,0.3240330346608845,0.0,0.0,0.0,0.34973374573514876,0.32623321960396673,0.0,0.0,0.0,0.0,0.3333333333333333,0.0,0.0,0.0,0.3333333333333333,0.3333333333333333,0.0,0.0,-0.0,0.0,-0.006799888495779706,0.0,0.0,0.0,0.009566509795533211,0.002633290152777435,0.0
1991-01,29.860610523814124,0.025815891939456437,0.0003418301710672384,0.34183017106723834,"Hlth,Enrgy,NoDur",1989-12,1990-11,0.0,0.0,0.0,0.3247795239042504,0.0,0.0,0.0,0.3410582852595982,0.33416219083615145,0.0,0.3333333333333333,0.0,0.0,0.3333333333333333,0.0,0.0,0.0,0.3333333333333333,0.0,0.0,0.016994188887091855,0.0,0.0,-0.006764353615842443,0.0,0.0,0.0,0.01592788683927433,-0.0,0.0
1991-02,32.36905561559334,0.08400515085847648,0.00033338889814969156,0.3333888981496916,"Hlth,NoDur,Utils",1990-01,1990-12,0.34140003248335227,0.0,0.0,0.318239402306318,0.0,0.0,0.0,0.34036056521032965,0.0,0.0,0.3333333333333333,0.0,0.0,0.0,0.0,0.0,0.0,0.3333333333333333,0.3333333333333333,0.0,0.034355209201533586,0.0,0.0,0.0,0.0,0.0,0.0,0.03385537589598266,0.01612795465910985,0.0
1991-03,33.581406515989826,0.03745400900150009,0.0003333888981496916,0.3333888981496916,"Hlth,NoDur,HiTec",1990-02,1991-01,0.3390919430696874,0.0,0.0,0.0,0.0,0.0,0.0,0.3386308444253174,0.3222772125049952,0.0,0.3333333333333333,0.0,0.0,0.0,0.3333333333333333,0.0,0.0,0.3333333333333333,0.0,0.0,0.016061310218369727,0.0,0.0,0.0,0.000933022170361727,0.0,0.0,0.020793065510918484,0.0,0.0
1991-04,33.03141943299463,-0.01637772624959344,1.1243603233030665e-05,0.011243603233030666,"Hlth,NoDur,HiTec",1990-03,1991-02,0.33667373289651187,0.0,0.0,0.0,0.3220916040341749,0.0,0.0,0.3412346630693133,0.0,0.0,0.3333333333333333,0.0,0.0,0.0,0.3333333333333333,0.0,0.0,0.3333333333333333,0.0,0.0,-0.003299962896109331,-0.0,0.0,0.0,-0.009033231766117462,0.0,0.0,-0.004033287984133627,-0.0,0.0
1991-05,34.759481899687394,0.052315719286547546,0.0003333888981496916,0.33338889814969164,"Hlth,NoDur,Shops",1990-04,1991-03,0.33552475515944286,0.0,0.0,0.0,0.32969602494154326,0.0,0.0,0.3347792198990138,0.0,0.0,0.3333333333333333,0.0,0.0,0.0,0.0,0.0,0.3333333333333333,0.3333333333333333,0.0,0.0,0.012029321553592263,0.0,0.0,-0.0,0.0,-0.0,0.02572475412568761,0.014895032505417566,0.0,0.0
1991-06,33.199681936721014,-0.04487408550759808,7.767335378661297e-06,0.007767335378661294,"Hlth,NoDur,Shops",1990-05,1991-04,0.32808739708676377,0.0,0.0,0.0,0.0,0.0,0.34110196326789105,0.33081063964534513,0.0,0.0,0.3333333333333333,0.0,0.0,0.0,0.0,0.0,0.3333333333333333,0.3333333333333333,0.0,0.0,-0.016533204913388406,-0.0,-0.0,-0.0,-0.0,-0.0,-0.014366555075948391,-0.013966558182882545,-0.0,-0.0
1991-07,35.36756273393491,0.06529823994536765,1.6521680581160204e-06,0.0016521680581160203,"Hlth,NoDur,Shops",1990-06,1991-05,0.3316814406365603,0.0,0.0,0.0,0.0,0.0,0.3339498848328331,0.33436867453060654,0.0,0.0,0.3333333333333333,0.0,0.0,0.0,0.0,0.0,0.3333333333333333,0.3333333333333333,0.0,0.0,0.019233301556634348,-0.0,0.0,0.0,0.0,0.0,0.01769997075662537,0.028366619800166082,0.0,0.0
1991-08,36.78557413339133,0.04009355719883545,6.194405503898239e-06,0.006194405503898239,"Hlth,Shops,NoDur",1990-07,1991-06,0.3309552864607778,0.0,0.0,0.0,0.0,0.0,0.32951594230107323,0.33952877123814884,0.0,0.0,0.3333333333333333,0.0,0.0,0.0,0.0,0.0,0.3333333333333333,0.3333333333333333,0.0,0.0,0.01826655351552613,-0.0,0.0,0.0,0.0,0.0,0.011999925667133956,0.009833272421679213,0.0,0.0
1991-09,35.960181702941995,-0.022437937966016452,4.710300422480294e-06,0.0047103004224802935,"Hlth,Shops,NoDur",1990-08,1991-07,0.33804441880588404,0.0,0.0,0.0,0.0,0.0,0.3320193571130981,0.32993622408101786,0.0,0.0,0.3333333333333333,0.0,0.0,0.0,0.0,0.0,0.3333333333333333,0.3333333333333333,0.0,0.0,-0.01079994912875544,-0.0,-0.0,-0.0,-0.0,0.0,-0.010533283718168885,-0.0010999948186695353,0.0,-0.0
1991-10,36.44540641921932,0.01349338889012408,6.523048718190499e-06,0.006523048718190498,"Shops,Hlth,NoDur",1990-09,1991-08,0.3299348723019743,0.0,0.0,0.0,0.0,0.0,0.3302076584717155,0.33985746922631027,0.0,0.0,0.3333333333333333,0.0,0.0,0.0,0.0,0.0,0.3333333333333333,0.3333333333333333,0.0,0.0,-0.001799988258512307,-0.0,0.0,0.0,0.0,0.0,-0.006466624484284956,0.021766524681639567,0.0,0.0
1991-11,35.32287770540522,-0.030800279763710803,0.0003440965726235235,0.34409657262352344,"Shops,Other,Hlth",1990-10,1991-09,0.3271172504522282,0.0,0.0,0.0,0.0,0.0,0.32251274461437257,0.3503700049333991,0.0,0.0,0.0,0.0,0.0,0.0,0.0,0.0,0.3333333333333333,0.3333333333333333,0.0,0.3333333333333333,-0.0,-0.0,-0.0,-0.0,-0.0,-0.0,-0.003998623613709506,-0.008430431452237541,0.0,-0.018027128125140356
1991-12,40.31485012572863,0.14132405807807458,8.126683930005193e-06,0.008126683930005192,"Hlth,Shops,Other",1990-11,1991-10,0.0,0.0,0.0,0.0,0.0,0.0,0.3396823213917349,0.33510967475761533,0.0,0.3252080038506498,0.0,0.0,0.0,0.0,0.0,0.0,0.3333333333333333,0.3333333333333333,0.0,0.3333333333333333,0.0,0.0,0.0,0.0,0.0,0.0,0.04346631342680518,0.05533288365682255,0.0,0.04253298767837684
1992-01,39.888569229308246,-0.010573793405927567,7.20284936934188e-06,0.007202849369341879,"Hlth,Shops,Other",1990-12,1991-11,0.0,0.0,0.0,0.0,0.0,0.0,0.3301401869158878,0.3405373831775701,0.0,0.32932242990654204,0.0,0.0,0.0,0.0,0.0,0.0,0.3333333333333333,0.3333333333333333,0.0,0.3333333333333333,-0.0,0.0,0.0,-0.0,0.0,-0.0,0.0009333266106739221,-0.01813320272166477,-0.0,0.006633285554432517
1992-02,40.000956152863495,0.0028175220552326685,0.000348042476923702,0.34804247692370194,"Hlth,Shops,NoDur",1991-01,1991-12,0.0,0.0,0.0,0.0,0.0,0.0,0.3378364720547114,0.31856618266347736,0.0,0.34359734528181113,0.3333333333333333,0.0,0.0,0.0,0.0,0.0,0.3333333333333333,0.3333333333333333,0.0,0.0,0.003498781851330767,0.0,0.0,-0.0,0.0,-0.0,0.008796937226203071,-0.009130154545377429,-0.0,0.0
1992-03,38.77693869805117,-0.030599704920421078,0.00034343282045338905,0.343432820453389,"Hlth,Shops,Other",1991-02,1992-01,0.33577006147200533,0.0,0.0,0.0,0.0,0.0,0.34105333111812597,0.32317660740986875,0.0,0.0,0.0,0.0,0.0,0.0,0.0,0.0,0.3333333333333333,0.3333333333333333,0.0,0.3333333333333333,-0.0,0.0,-0.0,-0.0,-0.0,-0.0,-0.004531776437880611,-0.018427002721676307,-0.0,-0.007297492940410689
1992-04,38.10576970530308,-0.017308457430700086,8.606320036794272e-06,0.00860632003679427,"Shops,Other,Hlth",1991-03,1992-02,0.0,0.0,0.0,0.0,0.0,0.0,0.33906228516430637,0.32472844768321185,0.0,0.3362092671524818,0.0,0.0,0.0,0.0,0.0,0.0,0.3333333333333333,0.3333333333333333,0.0,0.3333333333333333,0.0,0.0,0.0,0.0,-0.0,0.0,-0.01169989930605557,-0.007666600684879718,0.0,0.002066648880271924
1992-05,38.064905113286436,-0.001072399070604746,0.00033931456795462686,0.33931456795462683,"Durbl,Shops,Other",1991-04,1992-03,0.0,0.0,0.0,0.0,0.0,0.0,0.32729554628404733,0.33139988467148335,0.0,0.3413045690444693,0.0,0.3333333333333333,0.0,0.0,0.0,0.0,0.3333333333333333,0.0,0.0,0.3333333333333333,0.0,-0.006431150409612825,-0.0,0.0,0.0,-0.0,0.0007997285483456362,0.0,0.0,0.004898337358617022
1992-06,38.38937746403289,0.008524186511979392,0.0003394701857071457,0.33947018570714566,"Durbl,Other,Utils",1991-05,1992-04,0.0,0.3271399025952365,0.0,0.0,0.0,0.0,0.3343785442657949,0.0,0.0,0.3384815531389686,0.0,0.3333333333333333,0.0,0.0,0.0,0.0,0.0,0.0,0.3333333333333333,0.3333333333333333,-0.0,0.00726419984998386,-0.0,-0.0,-0.0,0.0,-0.0,-0.0,0.001799388953665727,-0.00019993210596285855
1992-07,39.41134836990956,0.026621189854775906,0.00033640508801739065,0.3364050880173906,"Other,Durbl,NoDur",1991-06,1992-05,0.0,0.33760655521046723,0.0,0.0,0.0,0.0,0.0,0.0,0.3321879336549263,0.3302055111346065,0.3333333333333333,0.3333333333333333,0.0,0.0,0.0,0.0,0.0,0.0,0.0,0.3333333333333333,0.015561429960796529,0.0009996635949119828,0.0,0.0,0.0,0.0,0.0,0.0,0.0,0.01039650138708462
1992-08,37.619748043582916,-0.04545899596001968,0.000341055602897045,0.34105560289704495,"Durbl,Other,Utils",1991-07,1992-06,0.3397383881333377,0.3255542211691389,0.0,0.0,0.0,0.0,0.0,0.0,0.0,0.3347073906975234,0.0,0.3333333333333333,0.0,0.0,0.0,0.0,0.0,0.0,0.3333333333333333,0.3333333333333333,0.0,-0.032022408185520525,-0.0,0.0,-0.0,-0.0,-0.0,-0.0,-0.0015661323462221278,-0.01152939982537992
1992-09,38.16706318369817,0.014548612592545362,1.7794862293893674e-05,0.01779486229389367,"Durbl,Utils,Other",1991-08,1992-07,0.0,0.31554143684982194,0.0,0.0,0.0,0.0,0.0,0.0,0.34744816030161274,0.3370104028485652,0.0,0.3333333333333333,0.0,0.0,0.0,0.0,0.0,0.0,0.3333333333333333,0.3333333333333333,0.0,0.00033332740171256866,0.0,0.0,0.0,0.0,0.0,-0.0,0.00276661743421432,0.011466462618912363
1992-10,37.99385139353079,-0.004538253030727302,0.00033967968540617166,0.33967968540617166,"Durbl,NoDur,Utils",1991-09,1992-08,0.0,0.328876039031442,0.0,0.0,0.0,0.0,0.0,0.0,0.3312744357196833,0.3398495252488747,0.3333333333333333,0.3333333333333333,0.0,0.0,0.0,0.0,0.0,0.0,0.3333333333333333,0.0,-0.002732404875526556,-6.664402135430626e-05,0.0,-0.0,0.0,-0.0,0.0,0.0,-0.0013995244484404314,0.0
1992-11,40.42205916011848,0.06391054545739316,0.00033461652086572304,0.334616520865723,"Durbl,NoDur,Shops",1991-10,1992-09,0.3319943763807993,0.3346722902858673,0.0,0.0,0.0,0.0,0.0,0.0,0.3333333333333333,0.0,0.3333333333333333,0.3333333333333333,0.0,0.0,0.0,0.0,0.3333333333333333,0.0,0.0,0.0,0.012062628960648221,0.028590429967503238,0.0,-0.0,0.0,0.0,0.023592103050107567,0.0,-0.0,0.0
1992-12,41.453818238554774,0.025524654109018163,0.0003333888981496917,0.3333888981496917,"Durbl,Other,Shops",1991-11,1992-10,0.3245427211225257,0.34007767476822853,0.0,0.0,0.0,0.0,0.33537960410924583,0.0,0.0,0.0,0.0,0.3333333333333333,0.0,0.0,0.0,0.0,0.3333333333333333,0.0,0.0,0.3333333333333333,0.0,0.011162943823970662,0.0,0.0,0.0,0.0,0.002032655442573762,-0.0,0.0,0.012662443740623437
1993-01,43.25401788605333,0.04342663050093298,6.423824298244305e-06,0.006423824298244303,"Durbl,Other,Shops",1991-12,1992-11,0.0,0.33581362100337925,0.0,0.0,0.0,0.0,0.326910579672472,0.0,0.0,0.33727579932414864,0.0,0.3333333333333333,0.0,0.0,0.0,0.0,0.3333333333333333,0.0,0.0,0.3333333333333333,-0.0,0.03193312819921074,0.0,0.0,0.0,0.0,0.0002999980728527105,-0.0,0.0,0.011199928053167859
1993-02,44.05380971423059,0.018490578847130346,0.000336418602522044,0.336418602522044,"Durbl,Other,Telcm",1992-01,1992-12,0.0,0.35006229434878444,0.0,0.0,0.0,0.0,0.31974571127367984,0.0,0.0,0.3301919943775357,0.0,0.3333333333333333,0.0,0.0,0.0,0.3333333333333333,0.0,0.0,0.0,0.3333333333333333,-0.0,-0.000999663581397478,0.0,0.0,-0.0,0.018660386852752918,-0.0,-0.0,0.0,0.0011662741782970574
1993-03,45.896169415010746,0.04182066687832964,1.2157851547344207e-05,0.012157851547344204,"Telcm,Durbl,Other",1992-02,1993-01,0.0,0.32619008670047445,0.0,0.0,0.0,0.3454932111892688,0.0,0.0,0.0,0.3283167021102569,0.0,0.3333333333333333,0.0,0.0,0.0,0.3333333333333333,0.0,0.0,0.0,0.3333333333333333,0.0,0.017999781158672148,0.0,0.0,0.0,0.011166530903991055,0.0,0.0,0.0,0.012666512667213733
1993-04,44.91567571444725,-0.021363301405341706,0.00033705751507544896,0.33705751507544895,"Telcm,Utils,Other",1992-03,1993-02,0.0,0.3372260438329867,0.0,0.0,0.0,0.3306670932650776,0.0,0.0,0.0,0.3321068629019357,0.0,0.0,0.0,0.0,0.0,0.3333333333333333,0.0,0.0,0.3333333333333333,0.3333333333333333,-0.0,0.0,0.0,0.0,-0.0,-0.009596764247855275,-0.0,0.0,-0.0004998314712424623,-0.010929648171168507
1993-05,45.77775226886794,0.01919322242642796,6.649895577064252e-06,0.006649895577064251,"Other,Telcm,Utils",1992-04,1993-03,0.0,0.0,0.0,0.0,0.0,0.3306888215465286,0.0,0.0,0.3399843372263271,0.32932684122714423,0.0,0.0,0.0,0.0,0.0,0.3333333333333333,0.0,0.0,0.3333333333333333,0.3333333333333333,0.0,0.0,0.0,0.0,0.0,0.013866574454781332,0.0,0.0,-0.00013333244668058974,0.005466630313904179
1993-06,47.347359958166464,0.034287565717069146,0.00033419338535152564,0.33419338535152565,"Telcm,Durbl,Other",1992-05,1993-04,0.0,0.0,0.0,0.0,0.0,0.3406593406593406,0.0,0.0,0.3269230769230769,0.3324175824175824,0.0,0.3333333333333333,0.0,0.0,0.0,0.3333333333333333,0.0,0.0,0.0,0.3333333333333333,-0.0,0.011496156776068458,-0.0,-0.0,-0.0,0.015461497808973228,-0.0,-0.0,0.0,0.007664104517378972
1993-07,47.38820039101232,0.0008625704343798724,0.0003370251354576529,0.3370251354576529,"Telcm,Other,HiTec",1992-06,1993-05,0.0,0.3332903766229582,0.0,0.0,0.0,0.3371242630239376,0.0,0.0,0.0,0.32958536035310415,0.0,0.0,0.0,0.0,0.3333333333333333,0.3333333333333333,0.0,0.0,0.0,0.3333333333333333,-0.0,0.0,-0.0,0.0,-0.012829008177428294,0.007130929220700403,0.0,-0.0,0.0,0.006897674526565343
1993-08,48.82357626290264,0.030289731621936822,0.0003333888981496917,0.33338889814969164,"Telcm,Durbl,Other",1992-07,1993-06,0.0,0.0,0.0,0.0,0.3201158609668398,0.3400585963510454,0.0,0.0,0.0,0.3398255426821148,0.0,0.3333333333333333,0.0,0.0,0.0,0.3333333333333333,0.0,0.0,0.0,0.3333333333333333,0.0,0.0015661443573928983,0.0,0.0,0.0,0.017494165694282377,0.0,0.0,0.0,0.0115628104684114
1993-09,49.19747763114215,0.0076582134464329155,8.388905293200315e-06,0.008388905293200315,"Durbl,Telcm,Other",1992-08,1993-07,0.0,0.32494582619101525,0.0,0.0,0.0,0.3404055758595039,0.0,0.0,0.0,0.33464859794948093,0.0,0.3333333333333333,0.0,0.0,0.0,0.3333333333333333,0.0,0.0,0.0,0.3333333333333333,-0.0,0.0033333053703156895,-0.0,0.0,0.0,-0.001599986577751531,-0.0,0.0,-0.0,0.005933283559161927
1993-10,50.47968367071284,0.026062434525282452,4.124626129936617e-06,0.004124626129936616,"Durbl,Telcm,Other",1992-09,1993-08,0.0,0.33410519351637447,0.0,0.0,0.0,0.329209394641085,0.0,0.0,0.0,0.33668541184254047,0.0,0.3333333333333333,0.0,0.0,0.0,0.3333333333333333,0.0,0.0,0.0,0.3333333333333333,0.0,0.025766560388800056,0.0,-0.0,0.0,0.008066633394682552,0.0,0.0,-0.0,-0.007766634632070391
1993-11,49.112549596326645,-0.027082857398715743,1.6641152578570372e-05,0.01664115257857037,"Durbl,Telcm,Other",1992-10,1993-09,0.0,0.34997725943733343,0.0,0.0,0.0,0.3327269183288935,0.0,0.0,0.0,0.317295822233773,0.0,0.3333333333333333,0.0,0.0,0.0,0.3333333333333333,0.0,0.0,0.0,0.3333333333333333,0.0,0.002233296168092574,0.0,-0.0,-0.0,-0.019866336062435437,0.0,0.0,-0.0,-0.009433176351794009
1993-12,49.833705184085424,0.014683733458886072,0.0003444220627702702,0.3444220627702701,"Durbl,Telcm,Enrgy",1992-11,1993-10,0.0,0.34490201452651775,0.0,0.0,0.0,0.3221872002192682,0.0,0.0,0.0,0.33291078525421414,0.0,0.3333333333333333,0.0,0.3333333333333333,0.0,0.3333333333333333,0.0,0.0,0.0,0.0,0.0,0.014794902553470999,0.0,0.001999311155874459,0.0,-0.0017660581876891056,-0.0,0.0,0.0,0.0
1994-01,52.134904098671164,0.04617756006873508,0.0003399540686056118,0.3399540686056117,"Durbl,Telcm,HiTec",1992-12,1993-11,0.0,0.34297724212669534,0.0,0.33036681882368396,0.0,0.32665593904962065,0.0,0.0,0.0,0.0,0.0,0.3333333333333333,0.0,0.0,0.3333333333333333,0.3333333333333333,0.0,0.0,0.0,0.0,-0.0,0.02389187509776032,0.0,0.0,0.015394764707343469,0.007230874332237085,0.0,0.0,-0.0,0.0
1994-02,50.2756449440473,-0.035662464269714755,0.0003411861814596706,0.34118618145967056,"Durbl,Telcm,Manuf",1993-01,1993-12,0.0,0.34134921646069566,0.0,0.0,0.3332271626958848,0.3254236208434195,0.0,0.0,0.0,0.0,0.0,0.3333333333333333,0.3333333333333333,0.0,0.0,0.3333333333333333,0.0,0.0,0.0,0.0,-0.0,-0.014761628484053779,-0.002232571350861407,-0.0,0.0,-0.018327078253339908,0.0,-0.0,-0.0,-0.0
1994-03,47.79773079450065,-0.049286571108224764,0.00033637563515963195,0.33637563515963187,"Durbl,HiTec,Manuf",1993-02,1994-01,0.0,0.3302349689011749,0.34322736696613687,0.0,0.0,0.3265376641326883,0.0,0.0,0.0,0.0,0.0,0.3333333333333333,0.3333333333333333,0.0,0.3333333333333333,0.0,0.0,0.0,0.0,0.0,-0.0,-0.021592734286280554,-0.01469505527816315,-0.0,-0.012662405908621308,-0.0,-0.0,-0.0,-0.0,-0.0
1994-04,47.466069735086435,-0.006938845294563123,5.550444310437871e-06,0.005550444310437871,"Durbl,HiTec,Manuf",1993-03,1994-02,0.0,0.3277838140969472,0.33503908029862256,0.0,0.3371771056044302,0.0,0.0,0.0,0.0,0.0,0.0,0.3333333333333333,0.3333333333333333,0.0,0.3333333333333333,0.0,0.0,0.0,0.0,0.0,0.0,-0.001966655750792856,0.00013333259327409197,0.0,-0.005099971692734017,0.0,0.0,0.0,0.0,0.0
1994-05,47.701683895220185,0.004963843887828556,2.8088283242337548e-06,0.002808828324233755,"HiTec,Durbl,Manuf",1993-04,1994-03,0.0,0.3336801825993555,0.3357948442534908,0.0,0.33052497314715357,0.0,0.0,0.0,0.0,0.0,0.0,0.3333333333333333,0.3333333333333333,0.0,0.3333333333333333,0.0,0.0,0.0,0.0,0.0,-0.0,-0.008799975282310746,0.006799980899967396,0.0,0.006966647098496008,0.0,-0.0,0.0,-0.0,0.0
1994-06,45.92352327448184,-0.03727668450120525,1.0405617206502994e-05,0.010405617206502994,"Durbl,Manuf,HiTec",1993-05,1994-04,0.0,0.3229294503963647,0.3384523533118843,0.0,0.33861819629175094,0.0,0.0,0.0,0.0,0.0,0.0,0.3333333333333333,0.3333333333333333,0.0,0.3333333333333333,0.0,0.0,0.0,0.0,0.0,-0.0,-0.011399881375963846,-0.008699909471130304,-0.0,-0.017166488036904622,0.0,-0.0,-0.0,-0.0,-0.0
1994-07,47.73726714950644,0.039494876387945466,4.928919725431706e-06,0.0049289197254317055,"Manuf,HiTec,Durbl",1993-06,1994-05,0.0,0.3343951249913441,0.3371996399141334,0.0,0.3284052350945226,0.0,0.0,0.0,0.0,0.0,0.0,0.3333333333333333,0.3333333333333333,0.0,0.3333333333333333,0.0,0.0,0.0,0.0,0.0,0.0,0.011599942824531185,0.015299924587528201,0.0,0.012599937895611459,0.0,0.0,0.0,0.0,0.0
1994-08,51.664704041258574,0.08227192561006791,0.0003338228300734551,0.33382283007345503,"HiTec,Manuf,Hlth",1993-07,1994-06,0.0,0.33182619849286515,0.3353856020522687,0.0,0.3327881994548661,0.0,0.0,0.0,0.0,0.0,0.0,0.0,0.3333333333333333,0.0,0.3333333333333333,0.0,0.0,0.3333333333333333,0.0,0.0,0.0,-0.0,0.015761403393379177,-0.0,0.030623107227305418,0.0,0.0,0.036221237819457006,0.0,0.0
1994-09,50.42461286532908,-0.02400267646823595,0.00034415479846619166,0.34415479846619157,"Manuf,HiTec,Durbl",1993-08,1994-07,0.0,0.0,0.3224545090673974,0.0,0.3361864589427015,0.0,0.0,0.3413590319899012,0.0,0.0,0.0,0.3333333333333333,0.3333333333333333,0.0,0.3333333333333333,0.0,0.0,0.0,0.0,0.0,-0.0,-0.0168608619223992,-0.005498107148608436,-0.0,-0.0012995525987619938,-0.0,-0.0,0.0,-0.0,-0.0
1994-10,51.84442421219367,0.02815710951825312,0.00033338889814969156,0.3333888981496916,"Manuf,HiTec,Hlth",1993-09,1994-08,0.0,0.32413793103448274,0.33578012973711163,0.0,0.34008193922840557,0.0,0.0,0.0,0.0,0.0,0.0,0.0,0.3333333333333333,0.0,0.3333333333333333,0.0,0.0,0.3333333333333333,0.0,0.0,0.0,-0.0,0.0018993665610935154,0.0,0.023558809801633607,-0.0,0.0,0.0030323220536756126,0.0,0.0
1994-11,50.634028571191976,-0.02334668885602198,1.3674596609526371e-05,0.01367459660952637,"HiTec,Manuf,Hlth",1993-10,1994-09,0.0,0.0,0.3259439312915248,0.0,0.34701020904229457,0.0,0.0,0.3270458596661805,0.0,0.0,0.0,0.0,0.3333333333333333,0.0,0.3333333333333333,0.0,0.0,0.3333333333333333,0.0,0.0,-0.0,-0.0,-0.017799756592180346,-0.0,-0.006966571400310285,-0.0,-0.0,0.0014333137330781926,0.0,-0.0
1994-12,51.53954382914094,0.017883531757221238,0.00034353773802204754,0.34353773802204746,"HiTec,Manuf,Enrgy",1993-11,1994-10,0.0,0.0,0.32307167235494877,0.0,0.33416382252559723,0.0,0.0,0.3427645051194539,0.0,0.0,0.0,0.0,0.3333333333333333,0.3333333333333333,0.3333333333333333,0.0,0.0,0.0,0.0,0.0,0.0,0.0,0.013328752830159706,-0.003298866325464527,0.008197182990548219,0.0,-0.0,0.0,0.0,0.0
1995-01,52.48878642950456,0.018417753240316914,0.0003424861038017218,0.3424861038017218,"HiTec,Hlth,Enrgy",1993-12,1994-11,0.0,0.0,0.34045896487380106,0.32412348184764456,0.3354175532785543,0.0,0.0,0.0,0.0,0.0,0.0,0.0,0.0,0.3333333333333333,0.3333333333333333,0.0,0.0,0.3333333333333333,0.0,0.0,0.0,-0.0,-0.0,0.0012329109338053111,-0.0026657533703898623,0.0,0.0,0.0201930817807032,0.0,0.0
1995-02,54.555674586280745,0.03937770898079607,0.00034203419389965996,0.34203419389965994,"HiTec,Hlth,NoDur",1994-01,1994-12,0.0,0.0,0.0,0.32840362529856354,0.3245754670680234,0.0,0.0,0.3470209076334129,0.0,0.0,0.3333333333333333,0.0,0.0,0.0,0.3333333333333333,0.0,0.0,0.3333333333333333,0.0,0.0,0.009796648064899783,0.0,0.0,0.0,0.02219240684089543,0.0,0.0,0.007730688268900509,0.0,0.0
1995-03,56.38644113220226,0.03355776571007518,8.611884340555505e-06,0.008611884340555504,"Hlth,HiTec,NoDur",1994-02,1995-01,0.3300205180815594,0.0,0.0,0.0,0.34194665298794563,0.0,0.0,0.32803282893049507,0.0,0.0,0.3333333333333333,0.0,0.0,0.0,0.3333333333333333,0.0,0.0,0.3333333333333333,0.0,0.0,0.009199920770664068,0.0,0.0,0.0,0.015133203006816982,0.0,0.0,0.00923325381693459,-0.0,0.0
1995-04,58.85406313506122,0.04376268395931282,3.815706595207574e-06,0.0038157065952075736,"Hlth,HiTec,NoDur",1994-03,1995-02,0.33140903666913923,0.0,0.0,0.0,0.33714967587964007,0.0,0.0,0.33144128745122065,0.0,0.0,0.3333333333333333,0.0,0.0,0.0,0.3333333333333333,0.0,0.0,0.3333333333333333,0.0,0.0,0.006333309167191563,0.0,0.0,0.0,0.027433228655782405,0.0,-0.0,0.009999961842934047,0.0,0.0
1995-05,60.67779251518846,0.030987314774547636,1.2303807422253698e-05,0.012303807422253697,"Hlth,HiTec,NoDur",1994-04,1995-03,0.3254239453262223,0.0,0.0,0.0,0.3456391913901574,0.0,0.0,0.3289368632836202,0.0,0.0,0.3333333333333333,0.0,0.0,0.0,0.3333333333333333,0.0,0.0,0.3333333333333333,0.0,0.0,0.015833138523049146,0.0,0.0,0.0,0.009733213576274422,0.0,0.0,0.005433266482646338,0.0,0.0
1995-06,63.88528439699587,0.052861050952117905,5.333737619869689e-06,0.0053337376198696876,"HiTec,Hlth,NoDur",1994-05,1995-04,0.33866795990947296,0.0,0.0,0.0,0.3327513740704817,0.0,0.0,0.3285806660200452,0.0,0.0,0.3333333333333333,0.0,0.0,0.0,0.3333333333333333,0.0,0.0,0.3333333333333333,0.0,0.0,0.005599970131069328,0.0,0.0,-0.0,0.032333160875816946,0.0,0.0,0.014933253682851543,-0.0,0.0
1995-07,66.935936366456,0.047752029254542805,1.397010669394649e-05,0.013970106693946488,"HiTec,Hlth,NoDur",1994-06,1995-05,0.32191477236750454,0.0,0.0,0.0,0.3473057683783955,0.0,0.0,0.3307794592540999,0.0,0.0,0.3333333333333333,0.0,0.0,0.0,0.3333333333333333,0.0,0.0,0.3333333333333333,0.0,0.0,0.0038332797812576725,0.0,0.0,0.0,0.025699640968257963,0.0,0.0,0.018233078611721278,-0.0,0.0
1995-08,67.3189255530298,0.005721727480990646,1.1539691444878463e-05,0.011539691444878462,"HiTec,Hlth,NoDur",1994-07,1995-06,0.32179556517036234,0.0,0.0,0.0,0.3426653517004422,0.0,0.0,0.33553908312919545,0.0,0.0,0.3333333333333333,0.0,0.0,0.0,0.3333333333333333,0.0,0.0,0.3333333333333333,0.0,0.0,0.0021333087153249178,0.0,-0.0,-0.0,0.0001666647433847592,0.0,-0.0,0.0034332937137260392,0.0,0.0
1995-09,70.7700196984427,0.051264842940702104,1.7347891094227322e-06,0.0017347891094227322,"HiTec,Hlth,NoDur",1994-08,1995-07,0.3335542887445314,0.0,0.0,0.0,0.33159883335542895,0.0,0.0,0.33484687790003986,0.0,0.0,0.3333333333333333,0.0,0.0,0.0,0.3333333333333333,0.0,0.0,0.3333333333333333,0.0,0.0,0.022433294416230976,-0.0,0.0,0.0,0.0042333259893927696,0.0,0.0,0.02459995732418791,0.0,0.0
1995-10,70.86583581260473,0.001353908259038361,0.000345504383509591,0.34550438350959095,"HiTec,Hlth,Other",1994-09,1995-08,0.3384171475680132,0.0,0.0,0.0,0.3211046990931575,0.0,0.0,0.34047815333882936,0.0,0.0,0.0,0.0,0.0,0.0,0.3333333333333333,0.0,0.0,0.3333333333333333,0.0,0.3333333333333333,0.0,-0.0,-0.0,-0.0,0.004898307028520803,0.0,-0.0,0.003432147101616617,0.0,-0.006631041487589386
1995-11,73.36923455764314,0.03532589034380851,7.188978935842405e-06,0.007188978935842404,"HiTec,Hlth,Other",1994-10,1995-09,0.0,0.0,0.0,0.0,0.3376593125020798,0.0,0.0,0.33619513493727327,0.0,0.3261455525606469,0.0,0.0,0.0,0.0,0.3333333333333333,0.0,0.0,0.3333333333333333,0.0,0.3333333333333333,0.0,0.0,0.0,0.0,-0.001466656122830894,0.0,0.0,0.016433215194446155,0.0,0.02036652025112901
1995-12,74.06284902982789,0.009453750967509444,1.2794577160155563e-05,0.012794577160155564,"HiTec,Hlth,Other",1994-11,1995-10,0.0,0.0,0.0,0.0,0.3205408886027044,0.0,0.0,0.33783000643915,0.0,0.3416291049581455,0.0,0.0,0.0,0.0,0.3333333333333333,0.0,0.0,0.3333333333333333,0.0,0.3333333333333333,0.0,0.0,0.0,0.0,-0.013666491807445476,0.0,-0.0,0.01963308213313509,0.0,0.00349995521897994
1996-01,76.91051804817033,0.03844935829022167,1.666724315805817e-05,0.01666724315805817,"HiTec,Hlth,Other",1994-12,1995-11,0.0,0.0,0.0,0.0,0.31666886804913486,0.0,0.0,0.34965658433496233,0.0,0.33367454761590276,0.0,0.0,0.0,0.0,0.3333333333333333,0.0,0.0,0.3333333333333333,0.0,0.3333333333333333,0.0,0.0,0.0,-0.0,0.006699888329470839,0.0,-0.0,0.020166330543929644,0.0,0.011599806659979365
1996-02,78.80195956265418,0.02459275483360024,7.071214522387524e-06,0.007071214522387523,"Hlth,HiTec,Other",1995-01,1995-12,0.0,0.0,0.0,0.0,0.32743788919560896,0.0,0.0,0.34040572639147465,0.0,0.3321563844129165,0.0,0.0,0.0,0.0,0.3333333333333333,0.0,0.0,0.3333333333333333,0.0,0.3333333333333333,0.0,0.0,0.0,0.0,0.021199850090252124,-0.0,0.0,-0.0037333069341324502,-0.0,0.007133282892003075
1996-03,78.4568623747052,-0.004379297036066654,1.268576390238555e-05,0.01268576390238555,"Hlth,HiTec,Other",1995-02,1996-01,0.0,0.0,0.0,0.0,0.34602121152970267,0.0,0.0,0.32168651180948665,0.0,0.33229227666081074,0.0,0.0,0.0,0.0,0.3333333333333333,0.0,0.0,0.3333333333333333,0.0,0.3333333333333333,-0.0,0.0,0.0,0.0,-0.011099859188020684,-0.0,0.0,0.0006999911199652683,-0.0,0.006033256795891122
1996-04,80.88562622308307,0.030956678292565876,9.688357949510623e-06,0.009688357949510621,"Hlth,HiTec,Other",1995-03,1996-02,0.0,0.0,0.0,0.0,0.3236465901101476,0.0,0.0,0.3354983427634002,0.0,0.3408550671264522,0.0,0.0,0.0,0.0,0.3333333333333333,0.0,0.0,0.3333333333333333,0.0,0.3333333333333333,0.0,0.0,0.0,0.0,0.03226635405565016,0.0,0.0,-0.0020333136336721687,-0.0,0.0007333262285375038
1996-05,84.08045435937362,0.03949809484665656,0.00035444142198679836,0.35444142198679834,"Hlth,Other,NoDur",1995-04,1996-03,0.0,0.0,0.0,0.0,0.3546186426977917,0.0,0.0,0.321348895858256,0.0,0.32403246144395226,0.3333333333333333,0.0,0.0,0.0,0.0,0.0,0.0,0.3333333333333333,0.0,0.3333333333333333,0.021825594695619954,0.0,0.0,0.0,0.0,-0.0,0.0,0.01302871378013344,0.0,0.004998227792890065
1996-06,82.58364709741758,-0.01780208341356526,0.0003413795089889342,0.3413795089889342,"Hlth,HiTec,Other",1995-05,1996-04,0.3415501987434286,0.0,0.0,0.0,0.0,0.0,0.0,0.3330875753301705,0.0,0.3253622259264008,0.0,0.0,0.0,0.0,0.3333333333333333,0.0,0.0,0.3333333333333333,0.0,0.3333333333333333,0.0,-0.0,-0.0,0.0,-0.015827928157774344,0.0,-0.0,-0.000833048850409176,0.0,-0.0007997268963928088
1996-07,78.54939119644318,-0.048850541756959465,0.0003333888981496916,0.3333888981496916,"Hlth,Other,NoDur",1995-06,1996-05,0.0,0.0,0.0,0.0,0.3231442529515538,0.0,0.0,0.3384109105713123,0.0,0.33844483647713397,0.3333333333333333,0.0,0.0,0.0,0.0,0.0,0.0,0.3333333333333333,0.0,0.3333333333333333,-0.013495499249874981,-0.0,-0.0,-0.0,-0.0,-0.0,-0.0,-0.02085970995165861,-0.0,-0.014161943657276214
1996-08,80.48916443514382,0.024694949370765773,4.928885755996708e-06,0.004928885755996708,"NoDur,Hlth,Other",1995-07,1996-06,0.33614770179372194,0.0,0.0,0.0,0.0,0.0,0.0,0.3284052690582959,0.0,0.3354470291479821,0.3333333333333333,0.0,0.0,0.0,0.0,0.0,0.0,0.3333333333333333,0.0,0.3333333333333333,-0.0026999866920084594,0.0,0.0,0.0,0.0,-0.0,0.0,0.014366595855007972,0.0,0.013033269093522315
1996-09,84.5167391436767,0.05003871933318682,0.00034394579856546794,0.3439457985654679,"NoDur,Hlth,Enrgy",1995-08,1996-07,0.3226635438014378,0.0,0.0,0.0,0.0,0.0,0.0,0.33931882502195765,0.0,0.33801763117660455,0.3333333333333333,0.0,0.0,0.3333333333333333,0.0,0.0,0.0,0.3333333333333333,0.0,0.0,0.01249570067751793,0.0,0.0,0.01336206925782584,0.0,0.0,0.0,0.024524895196408526,0.0,0.0
1996-10,86.39237480958047,0.022192475536890077,7.361047847699416e-06,0.007361047847699415,"Enrgy,Hlth,NoDur",1995-09,1996-08,0.32923965473470423,0.0,0.0,0.3300647372429551,0.0,0.0,0.0,0.3406956080223407,0.0,0.0,0.3333333333333333,0.0,0.0,0.3333333333333333,0.0,0.0,0.0,0.3333333333333333,0.0,0.0,0.00516662863458612,0.0,0.0,0.01986652042718276,-0.0,-0.0,-0.0,-0.0028333124770310984,0.0,0.0
1996-11,90.8808652893428,0.05195470653116674,0.0006763395840721783,0.6763395840721784,"Manuf,Hlth,Shops",1995-10,1996-09,0.331148503228331,0.0,0.0,0.34552925063588336,0.0,0.0,0.0,0.32332224613578553,0.0,0.0,0.0,0.0,0.3333333333333333,0.0,0.0,0.0,0.3333333333333333,0.3333333333333333,0.0,0.0,0.0,0.0,0.020252959517762802,0.0,0.0,0.0,0.010359655279645118,0.022018431317830947,0.0,0.0
1996-12,90.40251481655454,-0.005263489418430356,0.0006665555740709882,0.6665555740709881,"Enrgy,Manuf,Other",1995-11,1996-10,0.0,0.0,0.3359088030398986,0.0,0.0,0.0,0.326504116529449,0.33758708043065233,0.0,0.0,0.0,0.0,0.3333333333333333,0.3333333333333333,0.0,0.0,0.0,0.0,0.0,0.3333333333333333,0.0,-0.0,-0.0011992001333111146,0.002631578070321613,-0.0,0.0,-0.0,-0.0,0.0,-0.006029311781369772
1997-01,96.2913415396162,0.06514007641282227,0.0003377978293551437,0.33779782935514363,"HiTec,Other,Enrgy",1995-12,1996-11,0.0,0.0,0.3336682070859286,0.33751925524077425,0.0,0.0,0.0,0.0,0.0,0.32881253767329716,0.0,0.0,0.0,0.3333333333333333,0.3333333333333333,0.0,0.0,0.0,0.0,0.3333333333333333,0.0,0.0,0.0,0.014495101931474349,0.030989528267289995,0.0,0.0,0.0,0.0,0.019993244043412895
1997-02,92.2510213116986,-0.04195933054121315,0.00034015916790342557,0.3401591679034255,"Enrgy,HiTec,Manuf",1996-01,1996-12,0.0,0.0,0.0,0.3264508055685906,0.34193649303926166,0.0,0.0,0.0,0.0,0.33161270139214766,0.0,0.0,0.3333333333333333,0.3333333333333333,0.3333333333333333,0.0,0.0,0.0,0.0,0.0,0.0,0.0,0.0022325736445250157,-0.019126824954587448,-0.02472492006324719,0.0,0.0,0.0,-0.0,0.0
1997-03,90.99795291766475,-0.013583246843413943,1.680820810411692e-05,0.016808208104116918,"Enrgy,HiTec,Manuf",1996-02,1997-01,0.0,0.0,0.35014434280546763,0.32784946610552684,0.32200619108900563,0.0,0.0,0.0,0.0,0.0,0.0,0.0,0.3333333333333333,0.3333333333333333,0.3333333333333333,0.0,0.0,0.0,0.0,0.0,-0.0,-0.0,-0.012133129393741672,0.01743304031023872,-0.018866349551807104,-0.0,-0.0,-0.0,-0.0,-0.0
1997-04,96.41943584533144,0.05957807570212115,0.0006808679598969819,0.6808679598969818,"NoDur,Other,HiTec",1996-03,1997-02,0.0,0.0,0.3256175446896225,0.35559084918730777,0.3187916061230696,0.0,0.0,0.0,0.0,0.0,0.3333333333333333,0.0,0.0,0.0,0.3333333333333333,0.0,0.0,0.0,0.0,0.3333333333333333,0.01768794863710982,0.0,0.0,0.0,0.025582569780226636,0.0,0.0,0.0,-0.0,0.01698842524468175
1997-05,102.58127132777489,0.06390657058321514,0.0003383513688155766,0.3383513688155765,"NoDur,Enrgy,Other",1996-04,1997-03,0.33106982300606747,0.0,0.0,0.0,0.3385205444999843,0.0,0.0,0.0,0.0,0.3304096324939482,0.3333333333333333,0.0,0.0,0.3333333333333333,0.0,0.0,0.0,0.0,0.0,0.3333333333333333,0.019759978587943077,0.0,0.0,0.024391744226600898,0.0,0.0,0.0,0.0,0.0,0.020093199137486806
1997-06,106.02086669920385,0.03353044202814104,2.7974958320443697e-06,0.0027974958320443697,"Other,Enrgy,NoDur",1996-05,1997-04,0.33177774993735903,0.0,0.0,0.33613129541468306,0.0,0.0,0.0,0.0,0.0,0.3320909546479579,0.3333333333333333,0.0,0.0,0.3333333333333333,0.0,0.0,0.0,0.0,0.0,0.3333333333333333,0.011933299949883071,0.0,0.0,0.0042666547306844495,0.0,0.0,0.0,0.0,0.0,0.01733328484340558
1997-07,117.39635094595103,0.10729476753874345,0.0006665555740709883,0.6665555740709881,"Other,Manuf,HiTec",1996-06,1997-05,0.334064374637167,0.0,0.0,0.3266464555247371,0.0,0.0,0.0,0.0,0.0,0.3392891698380958,0.0,0.0,0.3333333333333333,0.0,0.3333333333333333,0.0,0.0,0.0,0.0,0.3333333333333333,0.0,0.0,0.0239173804365939,0.0,0.053297783702716206,0.0,0.0,0.0,0.0,0.030746158973504415
1997-08,111.00647665264728,-0.05442992258120216,0.0003487922414653808,0.3487922414653808,"Hlth,Other,Manuf",1996-07,1997-06,0.0,0.0,0.32243313979723837,0.0,0.34896663758611357,0.0,0.0,0.0,0.0,0.3286002226166481,0.0,0.0,0.3333333333333333,0.0,0.0,0.0,0.0,0.3333333333333333,0.0,0.3333333333333333,-0.0,0.0,-0.01802704344657891,0.0,-0.0,-0.0,-0.0,-0.020326241224423534,-0.0,-0.015727845668734277
1997-09,116.45136006099858,0.04905014169028177,0.00033338889814969156,0.3333888981496915,"HiTec,Other,Manuf",1996-08,1997-07,0.0,0.0,0.3333333333333333,0.0,0.0,0.0,0.0,0.3309017866582091,0.0,0.33576488000845756,0.0,0.0,0.3333333333333333,0.0,0.3333333333333333,0.0,0.0,0.0,0.0,0.3333333333333333,0.0,0.0,0.011296232705450908,0.0,0.011429521586931158,0.0,0.0,0.0,0.0,0.026657776296049342
1997-10,111.32866735108564,-0.04398997750846034,0.00033807337935895125,0.3380733793589512,"HiTec,Other,Enrgy",1996-09,1997-08,0.0,0.0,0.3284098850136586,0.0,0.3285369417444889,0.0,0.0,0.0,0.0,0.34305317324185247,0.0,0.0,0.0,0.3333333333333333,0.3333333333333333,0.0,0.0,0.0,0.0,0.3333333333333333,-0.0,-0.0,-0.0,-0.006731056972578983,-0.02759066917472969,0.0,-0.0,0.0,0.0,-0.00933017798179265
1997-11,111.6574191089588,0.0029529838602704306,1.3642334138296897e-05,0.013642334138296896,"HiTec,Other,Enrgy",1996-10,1997-09,0.0,0.0,0.0,0.34151272220285817,0.3196932729173928,0.0,0.0,0.0,0.0,0.33879400487974903,0.0,0.0,0.0,0.3333333333333333,0.3333333333333333,0.0,0.0,0.0,0.0,0.3333333333333333,0.0,-0.0,0.0,-0.011599841748923995,0.004799934516796136,0.0,0.0,0.0,0.0,0.009766533426536583
1997-12,114.55437948924242,0.025945077392991456,0.0003458273477623782,0.34582734776237817,"Other,Enrgy,Telcm",1996-11,1997-10,0.0,0.0,0.0,0.3207816810129948,0.33713317159094686,0.0,0.0,0.0,0.0,0.3420851473960584,0.0,0.0,0.0,0.3333333333333333,0.0,0.3333333333333333,0.0,0.0,0.0,0.3333333333333333,0.0,0.0,-0.0,-0.00486498364024089,-0.0,0.013861871194111025,-0.0,0.0,0.0,0.01729401718688371
1998-01,117.87151264898125,0.02895684280713451,0.0003333888981496916,0.33338889814969164,"Telcm,Other,Hlth",1996-12,1997-11,0.0,0.0,0.0,0.32004936828087954,0.0,0.3383026405534444,0.0,0.0,0.0,0.34164799116567607,0.0,0.0,0.0,0.0,0.0,0.3333333333333333,0.0,0.3333333333333333,0.0,0.3333333333333333,-0.0,0.0,0.0,-0.0,0.0,0.016961010168361393,0.0,0.01886037672945491,-0.0,-0.006531155192532089
1998-02,126.07456007777446,0.06959312936978845,0.0003491111531931116,0.34911115319311153,"Telcm,Other,Shops",1997-01,1997-12,0.0,0.0,0.0,0.0,0.0,0.34032837850966674,0.0,0.34217429320897697,0.0,0.3174973282813563,0.0,0.0,0.0,0.0,0.0,0.3333333333333333,0.3333333333333333,0.0,0.0,0.3333333333333333,0.0,0.0,0.0,0.0,0.0,0.00803052880706935,0.03458792075409952,0.0,0.0,0.02732379096181272
1998-03,134.62603757067203,0.06782873156663971,0.0003475645322599821,0.3475645322599821,"Telcm,Hlth,Shops",1997-02,1998-01,0.0,0.0,0.0,0.0,0.0,0.3190442069846413,0.3438736409233933,0.0,0.0,0.3370821520919655,0.0,0.0,0.0,0.0,0.0,0.3333333333333333,0.3333333333333333,0.3333333333333333,0.0,0.0,0.0,0.0,0.0,0.0,0.0,0.03362164357956499,0.02262546678941985,0.01192918572991503,0.0,0.0
1998-04,136.3203743247232,0.012585505631937721,0.00034338656844342335,0.3433865684434233,"Telcm,Hlth,HiTec",1997-03,1998-02,0.0,0.0,0.0,0.0,0.0,0.34353741496598644,0.3332397179055108,0.3232228671285028,0.0,0.0,0.0,0.0,0.0,0.0,0.3333333333333333,0.3333333333333333,0.0,0.3333333333333333,0.0,0.0,-0.0,0.0,0.0,0.0,0.017260737525251542,-0.010696325763717653,-0.0,0.006364480438847576,-0.0,0.0
1998-05,139.15641199637662,0.02080420983071707,0.0006811455401692336,0.6811455401692335,"Telcm,Shops,Durbl",1997-04,1998-03,0.0,0.0,0.0,0.0,0.34612346979070685,0.3185138870606819,0.0,0.33536264314861136,0.0,0.0,0.0,0.3333333333333333,0.0,0.0,0.0,0.3333333333333333,0.3333333333333333,0.0,0.0,0.0,0.0,0.02048603651642653,-0.0,-0.0,-0.0,-0.006062534383722973,0.007061853238182803,-0.0,-0.0,-0.0
1998-06,142.42828161079234,0.023512172867039105,0.00034623043328640865,0.34623043328640857,"Telcm,Other,Durbl",1997-05,1998-04,0.0,0.34638603361070325,0.0,0.0,0.0,0.3203785283080437,0.3332354380812531,0.0,0.0,0.0,0.0,0.3333333333333333,0.0,0.0,0.0,0.3333333333333333,0.0,0.0,0.0,0.3333333333333333,0.0,0.003732040739715731,-0.0,-0.0,0.0,0.009763285149434902,0.0,0.0,0.0,0.01036307741117493
1998-07,142.32327408982073,-0.0007372659403317439,0.00033740090069200824,0.33740090069200823,"Durbl,Telcm,Shops",1997-06,1998-05,0.0,0.32920953249120977,0.0,0.0,0.0,0.3351022268524547,0.0,0.0,0.0,0.33568824065633546,0.0,0.3333333333333333,0.0,0.0,0.0,0.3333333333333333,0.3333333333333333,0.0,0.0,0.0,-0.0,-0.003465497010210934,-0.0,-0.0,0.0,0.012795681268471141,-0.009730049297899931,-0.0,-0.0,-0.0
1998-08,120.72652752011723,-0.15174430681009854,1.2936352678048364e-05,0.012936352678048364,"Telcm,Durbl,Shops",1997-07,1998-06,0.0,0.3299986661331199,0.0,0.0,0.0,0.3462718420701614,0.32372949179671867,0.0,0.0,0.0,0.0,0.3333333333333333,0.0,0.0,0.0,0.3333333333333333,0.3333333333333333,0.0,0.0,0.0,-0.0,-0.06319918242251074,-0.0,-0.0,-0.0,-0.041199467022269655,-0.0473327210126399,-0.0,0.0,-0.0
1998-09,130.00133902310745,0.07682496708475872,0.00034815532421218076,0.34815532421218076,"Telcm,Hlth,Durbl",1997-08,1998-07,0.0,0.31845331656711723,0.0,0.0,0.0,0.3443885570575291,0.3371581263753537,0.0,0.0,0.0,0.0,0.3333333333333333,0.0,0.0,0.0,0.3333333333333333,0.0,0.3333333333333333,0.0,0.0,0.0,0.0026657382524687676,0.0,0.0,0.0,0.0342214148160678,0.0,0.04028596934043425,0.0,0.0
1998-10,133.7700992951839,0.028990165027504622,0.00033338889814969166,0.3333888981496916,"Telcm,Utils,Hlth",1997-09,1998-08,0.0,0.3119197920534719,0.0,0.0,0.0,0.3412241614061146,0.0,0.3468560465404134,0.0,0.0,0.0,0.0,0.0,0.0,0.0,0.3333333333333333,0.0,0.3333333333333333,0.3333333333333333,0.0,0.0,0.0,0.0,0.0,0.0,0.022459176529421566,0.0,0.01276241040173362,-0.005898033005500916,0.0
1998-11,138.75315126161465,0.03725086542273459,1.523354065055745e-05,0.015233540650557447,"Telcm,Hlth,Utils",1997-10,1998-09,0.0,0.0,0.0,0.0,0.0,0.345660621761658,0.0,0.3362370466321243,0.31810233160621754,0.0,0.0,0.0,0.0,0.0,0.0,0.3333333333333333,0.0,0.3333333333333333,0.3333333333333333,0.0,0.0,0.0,0.0,0.0,0.0,0.012199814150804063,0.0,0.020633019014611245,0.004433265797969783,0.0
1998-12,149.37343713049535,0.07654086247638792,0.00033349198961087523,0.33349198961087523,"Telcm,Hlth,Durbl",1997-11,1998-10,0.0,0.0,0.0,0.0,0.0,0.33311909505752296,0.0,0.34124943762452603,0.325631467317951,0.0,0.0,0.3333333333333333,0.0,0.0,0.0,0.3333333333333333,0.0,0.3333333333333333,0.0,0.0,0.0,0.012462509133196185,0.0,-0.0,0.0,0.047950670167565,0.0,0.01646117516523774,0.0,0.0
1999-01,157.99513132714654,0.05771905877160166,0.0006748413331638573,0.6748413331638572,"HiTec,Hlth,Shops",1997-12,1998-11,0.0,0.3211068808617328,0.0,0.0,0.0,0.3540718729687065,0.0,0.3248212461695608,0.0,0.0,0.0,0.0,0.0,0.0,0.3333333333333333,0.0,0.3333333333333333,0.3333333333333333,0.0,0.0,-0.0,0.0,0.0,-0.0,0.0501994338036974,0.0,0.007261762819645676,0.0009327034814223805,-0.0,0.0
1999-02,149.62244487598076,-0.05299331935633633,0.0003448128321635767,0.3448128321635767,"HiTec,Shops,Telcm",1998-01,1998-12,0.0,0.0,0.0,0.0,0.3623909551853368,0.0,0.32179636569772935,0.31581267911693384,0.0,0.0,0.0,0.0,0.0,0.0,0.3333333333333333,0.3333333333333333,0.3333333333333333,0.0,0.0,0.0,-0.0,-0.0,-0.0,-0.0,-0.03855336838510622,-0.00963001163638349,-0.004465126502683003,0.0,-0.0,0.0
1999-03,154.8508079135068,0.03494370809045222,2.2182913666469676e-05,0.022182913666469673,"HiTec,Telcm,Shops",1998-02,1999-01,0.0,0.0,0.0,0.0,0.31115411681914146,0.3416959887403237,0.34714989444053485,0.0,0.0,0.0,0.0,0.0,0.0,0.0,0.3333333333333333,0.3333333333333333,0.3333333333333333,0.0,0.0,0.0,-0.0,-0.0,0.0,0.0,0.02823270703573748,-0.0022666163853956893,0.008999800353777001,0.0,-0.0,0.0
1999-04,160.21124173305114,0.03461676365639921,1.6015023294049996e-05,0.016015023294049996,"HiTec,Telcm,Shops",1998-03,1999-02,0.0,0.0,0.0,0.0,0.3493510257979323,0.319881477664337,0.3307674965377307,0.0,0.0,0.0,0.0,0.0,0.0,0.0,0.3333333333333333,0.3333333333333333,0.3333333333333333,0.0,0.0,0.0,0.0,0.0,0.0,0.0,0.0075332126868245175,0.02583291961189824,0.0012666463809704943,-0.0,0.0,0.0
1999-05,158.5268346815474,-0.010513663294054898,1.380828100543332e-05,0.013808281005433319,"HiTec,Telcm,Shops",1998-04,1999-03,0.0,0.0,0.0,0.0,0.3294564902219788,0.34714391571893427,0.32339959405908697,0.0,0.0,0.0,0.0,0.0,0.0,0.0,0.3333333333333333,0.3333333333333333,0.3333333333333333,0.0,0.0,0.0,0.0,-0.0,-0.0,-0.0,-0.002766628463755885,0.002199969621781788,-0.009933196171075347,-0.0,0.0,-0.0
1999-06,172.0057813508006,0.08502627770452897,6.502683915400764e-06,0.0065026839154007626,"HiTec,Telcm,Shops",1998-05,1999-04,0.0,0.0,0.0,0.0,0.3340744483746,0.3390938184268149,0.32683173319858516,0.0,0.0,0.0,0.0,0.0,0.0,0.0,0.3333333333333333,0.3333333333333333,0.3333333333333333,0.0,0.0,0.0,0.0,0.0,0.0,-0.0,0.03853308276324646,0.01959987254739526,0.026899825077802676,0.0,-0.0,0.0
1999-07,170.90965566862644,-0.006372609534203044,0.00034133559227640637,0.3413355922764063,"HiTec,Telcm,Enrgy",1998-06,1999-05,0.0,0.0,0.0,0.0,0.3427237258455962,0.325274185124881,0.33200208902952294,0.0,0.0,0.0,0.0,0.0,0.0,0.3333333333333333,0.3333333333333333,0.3333333333333333,0.0,0.0,0.0,0.0,-0.0,-0.0,-0.0,0.005464800698762221,-0.005764698298084539,-0.0057313763426042824,-0.0,-0.0,-0.0,-0.0
1999-08,165.8682624321919,-0.029497416144873667,0.0003406861578097902,0.34068615780979017,"HiTec,Telcm,Shops",1998-07,1999-06,0.0,0.0,0.0,0.3408565008886951,0.32955498172306247,0.3295885173882424,0.0,0.0,0.0,0.0,0.0,0.0,0.0,0.0,0.3333333333333333,0.3333333333333333,0.3333333333333333,0.0,0.0,0.0,-0.0,0.0,-0.0,0.0,0.01819379951192786,-0.027490631130660227,-0.01985989836833151,0.0,0.0,-0.0
1999-09,169.08124443348686,0.01937068583333379,2.8756294551766404e-05,0.028756294551766405,"HiTec,Telcm,Shops",1998-08,1999-07,0.0,0.0,0.0,0.0,0.36209442060085834,0.31502145922746777,0.3228841201716738,0.0,0.0,0.0,0.0,0.0,0.0,0.0,0.3333333333333333,0.3333333333333333,0.3333333333333333,0.0,0.0,0.0,-0.0,-0.0,-0.0,-0.0,-0.00033332374790181606,0.015499554277434447,0.004233211598353064,-0.0,-0.0,-0.0
1999-10,178.61304736893865,0.05637409972577667,0.0003399472659991238,0.3399472659991237,"HiTec,Telcm,Manuf",1998-09,1999-08,0.0,0.0,0.0,0.0,0.32666274278987634,0.3421947550846903,0.3311425021254332,0.0,0.0,0.0,0.0,0.0,0.3333333333333333,0.0,0.3333333333333333,0.3333333333333333,0.0,0.0,0.0,0.0,0.0,0.0,0.019026863003703817,-0.0,0.010029922529097807,0.027657261458974028,0.0,0.0,0.0,0.0
1999-11,191.35419908637724,0.07133382418094447,0.0003416775394751307,0.3416775394751307,"HiTec,Telcm,Shops",1998-10,1999-09,0.0,0.0,0.33344899375433723,0.0,0.3249321809349568,0.3416188253107059,0.0,0.0,0.0,0.0,0.0,0.0,0.0,0.0,0.3333333333333333,0.3333333333333333,0.3333333333333333,0.0,0.0,0.0,-0.0,-0.0,-0.0,0.0,0.04248547870457231,0.015361416221810066,0.013828606794037262,0.0,-0.0,-0.0
1999-12,213.96301272778118,0.11815164626305541,0.0003412388874816158,0.34123888748161574,"HiTec,Telcm,Manuf",1998-11,1999-10,0.0,0.0,0.0,0.0,0.35068893658051076,0.32537090603713725,0.32394015738235205,0.0,0.0,0.0,0.0,0.0,0.3333333333333333,0.0,0.3333333333333333,0.3333333333333333,0.0,0.0,0.0,0.0,-0.0,0.0,0.034254973547455624,0.0,0.06914306431028251,0.015094847292799028,0.0,-0.0,-0.0,0.0
2000-01,208.34023104243838,-0.0262792228136014,0.00035509836452139764,0.35509836452139765,"HiTec,Telcm,Enrgy",1998-12,1999-11,0.0,0.0,0.32864465371319584,0.0,0.3598462272022887,0.31150911908451545,0.0,0.0,0.0,0.0,0.0,0.0,0.0,0.3333333333333333,0.3333333333333333,0.3333333333333333,0.0,0.0,0.0,0.0,-0.0,-0.0,-0.0,0.004265151580311375,-0.017360499791736147,-0.012828776237655309,-0.0,0.0,0.0,-0.0
2000-02,214.30872959966007,0.028647844573072012,0.00034223073559558104,0.34223073559558104,"HiTec,Enrgy,Manuf",1999-01,1999-12,0.0,0.0,0.0,0.3465881869824105,0.32437889261515296,0.3290329204024365,0.0,0.0,0.0,0.0,0.0,0.0,0.3333333333333333,0.3333333333333333,0.3333333333333333,0.0,0.0,0.0,0.0,0.0,-0.0,-0.0,-0.012462400190162906,-0.01866027835960221,0.060112753858432844,-0.0,-0.0,-0.0,-0.0,-0.0
2000-03,231.56986702568062,0.08054332391529395,0.0003608080221161714,0.3608080221161714,"HiTec,Enrgy,Telcm",1999-02,2000-01,0.0,0.0,0.31182377712989956,0.3057985098801425,0.3823777129899579,0.0,0.0,0.0,0.0,0.0,0.0,0.0,0.0,0.3333333333333333,0.3333333333333333,0.3333333333333333,0.0,0.0,0.0,0.0,0.0,0.0,0.0,0.03971899722792124,0.013628414317298481,0.027556720392190332,0.0,-0.0,0.0,0.0
2000-04,215.21065810263676,-0.07064480855460209,1.234735619457814e-05,0.012347356194578137,"HiTec,Telcm,Enrgy",1999-03,2000-02,0.0,0.0,0.0,0.3451338349574442,0.3209880350314543,0.3338781300111015,0.0,0.0,0.0,0.0,0.0,0.0,0.0,0.3333333333333333,0.3333333333333333,0.3333333333333333,0.0,0.0,0.0,0.0,-0.0,0.0,0.0,-0.007699904925357301,-0.035166232451307164,-0.027766323821742996,-0.0,0.0,0.0,-0.0
2000-05,198.17545783362004,-0.07915593223497508,0.00035020687712167736,0.35020687712167736,"HiTec,Telcm,Shops",1999-04,2000-03,0.0,0.0,0.0,0.35038198056023817,0.32082780388077903,0.3287902155589828,0.0,0.0,0.0,0.0,0.0,0.0,0.0,0.0,0.3333333333333333,0.3333333333333333,0.3333333333333333,0.0,0.0,0.0,0.0,-0.0,-0.0,0.0,-0.036154000851277436,-0.03322169479145033,-0.009430029715125821,0.0,0.0,0.0
2000-06,212.78875452275867,0.0737391847047344,0.0006770633138288827,0.6770633138288825,"HiTec,Hlth,Manuf",1999-05,2000-04,0.0,0.0,0.0,0.0,0.322598154514203,0.3257825221639225,0.3516193233218744,0.0,0.0,0.0,0.0,0.0,0.3333333333333333,0.0,0.3333333333333333,0.0,0.0,0.3333333333333333,0.0,0.0,0.0,-0.0,-0.004263777863194329,-0.0,0.042071495634487796,0.0,-0.0,0.036608530247270066,-0.0,-0.0
2000-07,202.53572045994275,-0.04818409734955853,0.0003333888981496917,0.3333888981496917,"HiTec,Enrgy,Hlth",1999-06,2000-05,0.0,0.0,0.30626047031085196,0.0,0.3494136625922939,0.0,0.0,0.3443258670968543,0.0,0.0,0.0,0.0,0.0,0.3333333333333333,0.3333333333333333,0.0,0.0,0.3333333333333333,0.0,0.0,0.0,0.0,-0.0,-0.008930355059176527,-0.017227587931321883,-0.0,-0.0,-0.021692765460910146,0.0,0.0
2000-08,219.36482121724103,0.08309201319688553,7.3740218949177586e-06,0.007374021894917758,"HiTec,Hlth,Enrgy",1999-07,2000-06,0.0,0.0,0.0,0.3407085842319003,0.33199131774261315,0.0,0.0,0.32730009802548665,0.0,0.0,0.0,0.0,0.0,0.3333333333333333,0.3333333333333333,0.0,0.0,0.3333333333333333,0.0,0.0,-0.0,0.0,0.0,0.02916645159102806,0.04226635499134123,-0.0,-0.0,0.011666580636411227,0.0,0.0
2000-09,211.38677068057774,-0.03636886941303352,0.0003480785086275976,0.34807850862759754,"HiTec,Hlth,Other",1999-08,2000-07,0.0,0.0,0.0,0.3346874711476318,0.34678238389807037,0.0,0.0,0.3185301449542979,0.0,0.0,0.0,0.0,0.0,0.0,0.3333333333333333,0.0,0.0,0.3333333333333333,0.0,0.3333333333333333,0.0,-0.0,-0.0,0.0,-0.04908290934522638,-0.0,0.0,0.01222907517291112,0.0,0.0008330432679094769
2000-10,206.65784661841855,-0.022370955603957743,3.8481695149336795e-05,0.038481695149336796,"HiTec,Hlth,Other",1999-09,2000-08,0.0,0.0,0.0,0.0,0.2948580517998548,0.0,0.0,0.35848404163352815,0.0,0.3466579065666171,0.0,0.0,0.0,0.0,0.3333333333333333,0.0,0.0,0.3333333333333333,0.0,0.3333333333333333,0.0,0.0,0.0,-0.0,-0.02489904180579078,-0.0,-0.0,0.006866402425693308,-0.0,-0.004299834528710858
2000-11,190.84874058000707,-0.07649893917457706,0.0006841788788524251,0.6841788788524251,"HiTec,Utils,Enrgy",1999-10,2000-09,0.0,0.0,0.0,0.0,0.31547903170814867,0.0,0.0,0.3479713603818616,0.0,0.33654960790998983,0.0,0.0,0.0,0.3333333333333333,0.3333333333333333,0.0,0.0,0.0,0.3333333333333333,0.0,0.0,-0.0,-0.0,-0.00839425289741764,-0.0772804235000354,-0.0,-0.0,0.0,0.009859916101728655,-0.0
2000-12,201.88880734768057,0.057847207867978145,0.0003333888981496917,0.33338889814969164,"Utils,Hlth,Enrgy",1999-11,2000-10,0.0,0.0,0.0,0.3516087144712163,0.27701630356369933,0.0,0.0,0.0,0.3713749819650844,0.0,0.0,0.0,0.0,0.3333333333333333,0.0,0.0,0.0,0.3333333333333333,0.3333333333333333,0.0,0.0,0.0,0.0,0.024991665277546257,-0.0,-0.0,0.0,0.011629454909151524,0.0215594765794299,0.0
2001-01,187.74645659854747,-0.07005019711062044,0.0003406160713276193,0.3406160713276194,"Utils,Hlth,NoDur",1999-12,2000-11,0.0,0.0,0.0,0.33862533862533856,0.0,0.0,0.0,0.325993825993826,0.33538083538083535,0.0,0.3333333333333333,0.0,0.0,0.0,0.0,0.0,0.0,0.3333333333333333,0.3333333333333333,0.0,-0.00726419152321502,0.0,-0.0,-0.0,0.0,0.0,0.0,-0.028357004524110004,-0.03408838499196772,0.0
2001-02,191.36041877963714,0.019249163188295393,1.7172619240255123e-05,0.01717261924025512,"Utils,NoDur,Hlth",2000-01,2000-12,0.3505088146767952,0.0,0.0,0.0,0.0,0.0,0.0,0.3278271463379676,0.3216640389852372,0.0,0.3333333333333333,0.0,0.0,0.0,0.0,0.0,0.0,0.3333333333333333,0.3333333333333333,0.0,0.0004666586527776879,-0.0,-0.0,-0.0,-0.0,-0.0,-0.0,-0.0017999690892853673,0.020599646244043646,-0.0
2001-03,186.04765078025872,-0.027763149941140042,0.0003391197941599309,0.33911979415993077,"Utils,NoDur,Other",2000-02,2001-01,0.3274903525410426,0.0,0.0,0.0,0.0,0.0,0.0,0.3252665314932304,0.34724311596572704,0.0,0.3333333333333333,0.0,0.0,0.0,0.0,0.0,0.0,0.0,0.3333333333333333,0.3333333333333333,-0.015927930024613055,-0.0,-0.0,-0.0,-0.0,-0.0,-0.0,-0.0,0.0034988130807204402,-0.0149949132030876
2001-04,192.54339472579093,0.03491440992826278,0.0003402570079245055,0.34025700792450553,"Utils,NoDur,Hlth",2000-03,2001-02,0.32635294924084035,0.0,0.0,0.0,0.0,0.0,0.0,0.0,0.34633444151215,0.3273126092470096,0.3333333333333333,0.0,0.0,0.0,0.0,0.0,0.0,0.3333333333333333,0.3333333333333333,0.0,0.003065623211842365,0.0,0.0,0.0,0.0,0.0,0.0,0.014161846359054403,0.018027197365290428,0.0
2001-05,195.0247289145462,0.012887142621999637,0.00034166928775871384,0.34166928775871375,"Utils,NoDur,Enrgy",2000-04,2001-03,0.3249404340266598,0.0,0.0,0.0,0.0,0.0,0.0,0.3356623092278962,0.339397256745444,0.0,0.3333333333333333,0.0,0.0,0.3333333333333333,0.0,0.0,0.0,0.0,0.3333333333333333,0.0,0.0113294610814054,-0.0,0.0,0.0003332194435707471,-0.0,-0.0,0.0,0.0,0.001566131384782511,0.0
2001-06,185.18771678700477,-0.05043981951566612,6.830676097085634e-06,0.006830676097085632,"Utils,NoDur,Enrgy",2000-05,2001-04,0.34016514787643526,0.0,0.0,0.32930881336974044,0.0,0.0,0.0,0.0,0.33052603875382447,0.0,0.3333333333333333,0.0,0.0,0.3333333333333333,0.0,0.0,0.0,0.0,0.3333333333333333,0.0,-0.005066632057907774,0.0,-0.0,-0.02486649681052105,0.0,-0.0,-0.0,-0.0,-0.02049985997114001,-0.0
2001-07,181.10517449167602,-0.022045427019462216,1.2366153715607712e-05,0.012366153715607711,"Utils,Enrgy,NoDur",2000-06,2001-05,0.3457015480745604,0.0,0.0,0.3248499315477235,0.0,0.0,0.0,0.0,0.3294485203777162,0.0,0.3333333333333333,0.0,0.0,0.3333333333333333,0.0,0.0,0.0,0.0,0.3333333333333333,0.0,-0.001799977740923312,0.0,0.0,-0.007433241411590713,-0.0,-0.0,0.0,0.0,-0.012799841713232438,-0.0
2001-08,180.5125410292814,-0.0032723165644383823,5.6684145925461256e-06,0.005668414592546124,"Utils,Enrgy,NoDur",2000-07,2001-06,0.3390026926616449,0.0,0.0,0.3332424418010157,0.0,0.0,0.0,0.0,0.32775486553733935,0.0,0.3333333333333333,0.0,0.0,0.3333333333333333,0.0,0.0,0.0,0.0,0.3333333333333333,0.0,0.006633295732849869,-0.0,-0.0,-0.011666600535163087,-0.0,-0.0,-0.0,-0.0,0.001766656652467553,-0.0
2001-09,162.1726052305929,-0.10159923346108979,0.0006665555740709882,0.6665555740709882,"NoDur,Shops,Durbl",2000-08,2001-07,0.3410808641562437,0.0,0.0,0.3227208882349007,0.0,0.0,0.0,0.0,0.3361982476088556,0.0,0.3333333333333333,0.3333333333333333,0.0,0.0,0.0,0.0,0.3333333333333333,0.0,0.0,0.0,-0.011725512414597567,-0.05752829528411931,-0.0,-0.0,-0.0,-0.0,-0.031678870188301955,-0.0,-0.0,-0.0
2001-10,164.28729216820219,0.013039729704054759,2.6589526137188964e-05,0.026589526137188957,"NoDur,Shops,Durbl",2000-09,2001-08,0.35773081201334817,0.3067482387838339,0.0,0.0,0.0,0.0,0.33552094920281794,0.0,0.0,0.0,0.3333333333333333,0.3333333333333333,0.0,0.0,0.0,0.0,0.3333333333333333,0.0,0.0,0.0,0.004266553218021815,0.0035665718306901115,0.0,0.0,0.0,-0.0,0.005233194181479882,0.0,0.0,-0.0
2001-11,170.2324820284642,0.03618776462743778,0.0003333888981496916,0.3333888981496916,"NoDur,Utils,Shops",2000-10,2001-09,0.3332455909449855,0.3325546196367465,0.0,0.0,0.0,0.0,0.33419978941826795,0.0,0.0,0.0,0.3333333333333333,0.0,0.0,0.0,0.0,0.0,0.3333333333333333,0.0,0.3333333333333333,0.0,0.008597132855475913,0.0,0.0,-0.0,0.0,0.0,0.03268909818303051,0.0,-0.00476507751291882,0.0
2001-12,177.09561633394148,0.04031624413682522,0.00033672888838053613,0.33672888838053616,"NoDur,Enrgy,Shops",2000-11,2001-10,0.3298816568047337,0.0,0.0,0.0,0.0,0.0,0.35313223565731927,0.0,0.316986107537947,0.0,0.3333333333333333,0.0,0.0,0.3333333333333333,0.0,0.0,0.3333333333333333,0.0,0.0,0.0,0.006297878608003202,-0.0,0.0,0.019893299095121223,-0.0,0.0,0.014461795322081427,-0.0,0.0,0.0
2002-01,180.77080588081466,0.020752572101745637,0.000340248651703469,0.340248651703469,"Durbl,Shops,NoDur",2000-12,2001-11,0.3263613068545804,0.0,0.0,0.3394298526585522,0.0,0.0,0.3342088404868674,0.0,0.0,0.0,0.3333333333333333,0.3333333333333333,0.0,0.0,0.0,0.0,0.3333333333333333,0.0,0.0,0.0,0.0028990132789100597,0.009496767637808818,0.0,-0.0,-0.0,-0.0,0.008697039836730178,-0.0,-0.0,-0.0
2002-02,182.95665288266017,0.012091814224066022,0.0003373250346696535,0.33732503466965347,"NoDur,Utils,Shops",2001-01,2001-12,0.3292854111579016,0.33574902882512325,0.0,0.0,0.0,0.0,0.3349655600169752,0.0,0.0,0.0,0.3333333333333333,0.0,0.0,0.0,0.0,0.0,0.3333333333333333,0.0,0.3333333333333333,0.0,0.014128565806176671,0.0,0.0,0.0,-0.0,-0.0,-0.0004998313374826652,-0.0,-0.0011995952099583965,-0.0
2002-03,189.49124550673753,0.03571661659261083,0.00033786443027063174,0.33786443027063173,"Shops,NoDur,Manuf",2001-02,2002-01,0.3431995522338919,0.0,0.0,0.0,0.0,0.0,0.3287459256576565,0.0,0.3280545221084516,0.0,0.3333333333333333,0.0,0.3333333333333333,0.0,0.0,0.0,0.3333333333333333,0.0,0.0,0.0,0.012662387050549905,0.0,0.016427781094529217,0.0,0.0,0.0,0.006964312877802447,0.0,0.0,0.0
2002-04,188.85236997117403,-0.003371530615332796,4.880379276047564e-06,0.004880379276047564,"NoDur,Manuf,Shops",2001-03,2002-02,0.33395534392896215,0.0,0.3375908886172061,0.0,0.0,0.0,0.3284537674538318,0.0,0.0,0.0,0.3333333333333333,0.0,0.3333333333333333,0.0,0.0,0.0,0.3333333333333333,0.0,0.0,0.0,0.0070666321786531155,0.0,-0.005033308768757643,-0.0,-0.0,-0.0,-0.005399973645951909,-0.0,-0.0,-0.0
2002-05,188.58013234136405,-0.001441536740320104,8.215182081178617e-06,0.008215182081178617,"NoDur,Manuf,Shops",2001-04,2002-03,0.3415498846115255,0.0,0.3294090103347938,0.0,0.0,0.0,0.3290411050536807,0.0,0.0,0.0,0.3333333333333333,0.0,0.3333333333333333,0.0,0.0,0.0,0.3333333333333333,0.0,0.0,0.0,0.004233298555729189,-0.0,-0.0008666595468421963,-0.0,-0.0,0.0,-0.004799960567126011,-0.0,-0.0,-0.0
2002-06,177.71517324711044,-0.05761454804043764,0.00033366716923485465,0.33366716923485457,"NoDur,Durbl,Manuf",2001-05,2002-04,0.3380512067296458,0.0,0.3329438862369396,0.0,0.0,0.0,0.32900490703341456,0.0,0.0,0.0,0.3333333333333333,0.3333333333333333,0.3333333333333333,0.0,0.0,0.0,0.0,0.0,0.0,0.0,-0.020159937712087097,-0.027190924252996816,-0.009930018906118934,0.0,-0.0,-0.0,-0.0,-0.0,-0.0,-0.0
2002-07,161.91544478624562,-0.0889047804539207,0.0003344091001982326,0.33440910019823256,"NoDur,Manuf,Shops",2001-06,2002-05,0.332201831618401,0.3247409921855663,0.34305717619603265,0.0,0.0,0.0,0.0,0.0,0.0,0.0,0.3333333333333333,0.0,0.3333333333333333,0.0,0.0,0.0,0.3333333333333333,0.0,0.0,0.0,-0.022092609558885618,-0.0,-0.028390502781554368,-0.0,-0.0,-0.0,-0.03808725901328245,-0.0,-0.0,-0.0
2002-08,162.71932973357985,0.0049648441406902055,0.0003333888981496916,0.3333888981496916,"NoDur,Manuf,Enrgy",2001-07,2002-06,0.34148928388559724,0.0,0.33457684148928385,0.0,0.0,0.0,0.32393387462511886,0.0,0.0,0.0,0.3333333333333333,0.0,0.3333333333333333,0.3333333333333333,0.0,0.0,0.0,0.0,0.0,0.0,0.007497499583263877,0.0,-0.004298566427737956,0.002099299883313886,-0.0,0.0,0.0,0.0,0.0,0.0
2002-09,149.7442713608797,-0.07973888777654259,6.035688795707113e-06,0.006035688795707111,"NoDur,Manuf,Enrgy",2001-08,2002-07,0.33903644020027185,0.0,0.3272986504857588,0.33366490931396925,0.0,0.0,0.0,0.0,0.0,0.0,0.3333333333333333,0.0,0.3333333333333333,0.3333333333333333,0.0,0.0,0.0,0.0,0.0,0.0,-0.025766511147085364,-0.0,-0.02779983220785148,-0.026166508732809846,-0.0,-0.0,-0.0,-0.0,-0.0,-0.0
2002-10,152.75291687015945,0.020091890540700375,0.0003346056831733492,0.3346056831733492,"Manuf,Durbl,NoDur",2001-09,2002-08,0.334214720370907,0.0,0.33200521587945525,0.3337800637496378,0.0,0.0,0.0,0.0,0.0,0.0,0.3333333333333333,0.3333333333333333,0.3333333333333333,0.0,0.0,0.0,0.0,0.0,0.0,0.0,0.016861022984143808,-0.009030310728662,0.012595783968392015,0.0,0.0,0.0,0.0,0.0,-0.0,0.0
2002-11,161.48278412327284,0.05715024912115951,1.5529760845440172e-05,0.015529760845440168,"Manuf,NoDur,Durbl",2001-10,2002-09,0.3431875347074772,0.3178061607813674,0.3390063045111554,0.0,0.0,0.0,0.0,0.0,0.0,0.0,0.3333333333333333,0.3333333333333333,0.3333333333333333,0.0,0.0,0.0,0.0,0.0,0.0,0.0,-0.003633276908535595,0.039966045993891544,0.020833009796649052,0.0,0.0,0.0,0.0,0.0,0.0,0.0
2002-12,159.70362833214654,-0.011017619003695911,0.00035473618971960187,0.35473618971960186,"NoDur,Enrgy,Manuf",2001-11,2002-10,0.3118713542487782,0.3531136686110673,0.3350149771401545,0.0,0.0,0.0,0.0,0.0,0.0,0.0,0.3333333333333333,0.0,0.3333333333333333,0.3333333333333333,0.0,0.0,0.0,0.0,0.0,0.0,-0.0007663947022545483,-0.0,-0.012695494850390562,0.002799006738668785,-0.0,-0.0,-0.0,-0.0,0.0,-0.0
2003-01,153.58226754290655,-0.03832950355084597,0.0003425192836234392,0.3425192836234392,"NoDur,Manuf,Durbl",2001-12,2002-11,0.3361522911051213,0.0,0.3240902964959569,0.3397574123989218,0.0,0.0,0.0,0.0,0.0,0.0,0.3333333333333333,0.3333333333333333,0.3333333333333333,0.0,0.0,0.0,0.0,0.0,0.0,0.0,-0.013095512997384533,-0.011329451448118933,-0.01356201982171884,-0.0,-0.0,-0.0,-0.0,-0.0,-0.0,-0.0
2003-02,151.8932234921445,-0.010997650170063933,0.0003345520586899898,0.3345520586899897,"NoDur,Enrgy,Manuf",2002-01,2002-12,0.3328828828828829,0.33471933471933474,0.33239778239778245,0.0,0.0,0.0,0.0,0.0,0.0,0.0,0.3333333333333333,0.0,0.3333333333333333,0.3333333333333333,0.0,0.0,0.0,0.0,0.0,0.0,-0.009596788300236575,-0.0,-0.007564135222755914,0.006497825411618515,0.0,-0.0,-0.0,-0.0,-0.0,-0.0
2003-03,151.80118188768296,-0.00060596254622447,0.000339386382593018,0.3393863825930179,"NoDur,Enrgy,Other",2002-02,2003-01,0.3272237196765499,0.0,0.32927897574123993,0.34349730458221023,0.0,0.0,0.0,0.0,0.0,0.0,0.3333333333333333,0.0,0.0,0.3333333333333333,0.0,0.0,0.0,0.0,0.0,0.3333333333333333,-0.008730369358925355,-0.0,0.0,0.004998303068087035,-0.0,-0.0,0.0,0.0,0.0,0.0034654901272070104
2003-04,156.9138113037436,0.03367977345422424,0.0003419230963951105,0.3419230963951104,"NoDur,Enrgy,Manuf",2002-03,2003-02,0.3246865830888237,0.0,0.0,0.3384235796212324,0.0,0.0,0.0,0.0,0.0,0.336889837289944,0.3333333333333333,0.0,0.3333333333333333,0.3333333333333333,0.0,0.0,0.0,0.0,0.0,0.0,0.01459500792279263,0.0,0.0209928196149757,-0.0015661309871489806,0.0,0.0,0.0,0.0,0.0,0.0
2003-05,166.1268764003554,0.058714175763519894,0.0006788134252399282,0.6788134252399283,"Enrgy,Hlth,Other",2002-04,2003-03,0.3364817381773637,0.0,0.3426710937751845,0.3208471680474517,0.0,0.0,0.0,0.0,0.0,0.0,0.0,0.0,0.0,0.3333333333333333,0.0,0.0,0.0,0.3333333333333333,0.0,0.3333333333333333,0.0,0.0,0.0,0.028847071585791403,0.0,0.0,0.0,0.013124418250348513,0.0,0.017421499352619985
2003-06,168.40137541603667,0.013691336796099574,8.54612202856643e-06,0.00854612202856643,"Hlth,Other,Enrgy",2002-05,2003-04,0.0,0.0,0.0,0.34188087971557124,0.0,0.0,0.0,0.32703017336311874,0.0,0.3310889469213102,0.0,0.0,0.0,0.3333333333333333,0.0,0.0,0.0,0.3333333333333333,0.0,0.3333333333333333,0.0,0.0,0.0,-0.0031999726524095085,0.0,0.0,0.0,0.013866548160441205,0.0,0.003033307410096514
2003-07,170.74053815051286,0.013890401599733204,0.0006665555740709882,0.6665555740709882,"HiTec,Hlth,Telcm",2002-06,2003-05,0.0,0.0,0.0,0.3256716319752721,0.0,0.0,0.0,0.3425076452599389,0.0,0.3318207227647891,0.0,0.0,0.0,0.0,0.3333333333333333,0.3333333333333333,0.0,0.3333333333333333,0.0,0.0,-0.0,0.0,0.0,-0.0,0.01865422429595067,-0.005696200633227795,0.0,0.001598933511081486,-0.0,0.0
2003-08,173.2992874921695,0.014986185292452436,1.3610549307918616e-05,0.013610549307918616,"Telcm,HiTec,Hlth",2002-07,2003-06,0.0,0.0,0.0,0.0,0.34694615106613663,0.32292932943456976,0.0,0.3301245194992936,0.0,0.0,0.0,0.0,0.0,0.0,0.3333333333333333,0.3333333333333333,0.0,0.3333333333333333,0.0,0.0,0.0,0.0,0.0,0.0,0.020199725066903977,0.004199942835692907,0.0,-0.009399872060836506,0.0,0.0
2003-09,169.7441105033498,-0.02051466593006246,1.4972873979131564e-05,0.014972873979131563,"HiTec,Telcm,Hlth",2002-08,2003-07,0.0,0.0,0.0,0.0,0.3483087027914614,0.3325451559934319,0.0,0.3191461412151067,0.0,0.0,0.0,0.0,0.0,0.0,0.3333333333333333,0.3333333333333333,0.0,0.3333333333333333,0.0,0.0,0.0,-0.0,-0.0,-0.0,-0.003099953584090665,-0.018399724499118787,-0.0,0.000999985027126021,0.0,0.0
2003-10,182.36670003724223,0.07436245944829611,0.0003450845651979562,0.34508456519795616,"HiTec,Telcm,Durbl",2002-09,2003-08,0.0,0.0,0.0,0.0,0.3371448017696103,0.3215245873745108,0.0,0.34133061085587885,0.0,0.0,0.0,0.3333333333333333,0.0,0.0,0.3333333333333333,0.3333333333333333,0.0,0.0,0.0,0.0,0.0,0.024358258106094675,0.0,0.0,0.027590475666000536,0.022758810241398992,0.0,0.0,0.0,0.0
2003-11,185.87902314447535,0.019259673539718802,0.0003337842882315967,0.33378428823159667,"HiTec,Durbl,Utils",2002-10,2003-09,0.0,0.33282674772036475,0.0,0.0,0.3358352459524843,0.33133800632715094,0.0,0.0,0.0,0.0,0.0,0.3333333333333333,0.0,0.0,0.3333333333333333,0.0,0.0,0.0,0.3333333333333333,0.0,0.0,0.010229917607450428,0.0,0.0,0.006197930537412964,-0.0,0.0,0.0,0.0031656096830872662,0.0
2003-12,189.45842207668275,0.01925660503081783,0.0003367938104963472,0.33679381049634716,"HiTec,Shops,Utils",2002-11,2003-10,0.0,0.33696220740159544,0.0,0.0,0.33300640774159807,0.0,0.0,0.0,0.3300313848568066,0.0,0.0,0.0,0.0,0.0,0.3333333333333333,0.0,0.3333333333333333,0.0,0.3333333333333333,0.0,0.0,0.0,0.0,0.0,0.007164252977691441,0.0,-0.007097608763945475,0.0,0.019526754627568307,0.0
2004-01,192.04424537483953,0.013648500129016083,0.00034664681556604703,0.346646815566047,"HiTec,Durbl,Shops",2002-12,2003-11,0.0,0.0,0.0,0.0,0.33395449195763044,0.0,0.3199620766313587,0.0,0.34608343141101083,0.0,0.0,0.3333333333333333,0.0,0.0,0.3333333333333333,0.0,0.3333333333333333,0.0,0.0,0.0,0.0,-0.002532455161400566,-0.0,0.0,0.015028122076205989,0.0,0.001499480029776651,0.0,0.0,0.0
2004-02,191.3773440757851,-0.003472644013637338,0.0003403771955167235,0.3403771955167235,"Durbl,HiTec,Manuf",2003-01,2003-12,0.0,0.326232741617357,0.0,0.0,0.34355687047994743,0.0,0.3302103879026956,0.0,0.0,0.0,0.0,0.3333333333333333,0.3333333333333333,0.0,0.3333333333333333,0.0,0.0,0.0,0.0,0.0,0.0,0.0,0.006564431523082773,0.0,-0.009696698341203487,-0.0,0.0,0.0,0.0,0.0
2004-03,188.4230911482689,-0.01543679551925603,0.0003419591016914377,0.3419591016914377,"Durbl,HiTec,Other",2003-02,2004-01,0.0,0.3343810606567244,0.3409683675516619,0.0,0.32465057179161366,0.0,0.0,0.0,0.0,0.0,0.0,0.3333333333333333,0.0,0.0,0.3333333333333333,0.0,0.0,0.0,0.0,0.3333333333333333,-0.0,-0.004531783118738999,-0.0,0.0,-0.00836380560884918,-0.0,0.0,-0.0,0.0,-0.0021992476899762785
2004-04,184.57235453913924,-0.020436649168968035,3.385002519541994e-06,0.0033850025195419943,"Durbl,HiTec,Other",2003-03,2004-02,0.0,0.3338409990862017,0.0,0.0,0.3299488949808779,0.0,0.0,0.0,0.0,0.33621010593292044,0.0,0.3333333333333333,0.0,0.0,0.3333333333333333,0.0,0.0,0.0,0.0,0.3333333333333333,0.0,0.00819997224297934,-0.0,0.0,-0.016299944824458932,-0.0,-0.0,0.0,-0.0,-0.012333291584968929
2004-05,186.80926591285873,0.01211942806551325,0.0003429629958056412,0.34296299580564116,"Durbl,HiTec,Enrgy",2003-04,2004-03,0.0,0.3486575696736652,0.0,0.0,0.32364651036172454,0.0,0.0,0.0,0.0,0.32769591996461017,0.0,0.3333333333333333,0.0,0.3333333333333333,0.3333333333333333,0.0,0.0,0.0,0.0,0.0,-0.0,-0.005464791802289595,0.0,0.0018327045678410232,0.016094478295767527,-0.0,0.0,-0.0,0.0,0.0
2004-06,196.76679676936342,0.053303195683824356,0.00034495822477909657,0.3449582247790965,"Durbl,Manuf,Enrgy",2003-05,2004-04,0.0,0.32382959109764936,0.0,0.3310397050108646,0.34513070389148615,0.0,0.0,0.0,0.0,0.0,0.0,0.3333333333333333,0.3333333333333333,0.3333333333333333,0.0,0.0,0.0,0.0,0.0,0.0,0.0,0.017793859743598928,0.017660572404695565,0.01819372176030902,0.0,0.0,0.0,-0.0,0.0,0.0
2004-07,193.23805516698198,-0.017933623255134812,2.952160087628914e-07,0.0002952160087628914,"Durbl,Manuf,Enrgy",2003-06,2004-05,0.0,0.33324897184435304,0.3331224296108826,0.33362859854476434,0.0,0.0,0.0,0.0,0.0,0.0,0.0,0.3333333333333333,0.3333333333333333,0.3333333333333333,0.0,0.0,0.0,0.0,0.0,0.0,-0.0,-0.015466662100659065,-0.01353332933807668,0.011066663399609503,-0.0,-0.0,-0.0,-0.0,0.0,-0.0
2004-08,191.77255936804727,-0.00758388816151323,1.7352797682182073e-05,0.01735279768218207,"Enrgy,Durbl,Manuf",2003-07,2004-06,0.0,0.323671169642251,0.3256398072092865,0.3506890231484624,0.0,0.0,0.0,0.0,0.0,0.0,0.0,0.3333333333333333,0.3333333333333333,0.3333333333333333,0.0,0.0,0.0,0.0,0.0,0.0,0.0,-0.007433204344203895,0.004466589157503686,-0.004599920177130661,-0.0,0.0,-0.0,0.0,0.0,0.0
2004-09,199.46603802544956,0.040117724260211096,0.00033537105765570833,0.33537105765570824,"Enrgy,Utils,Manuf",2003-08,2004-07,0.0,0.32838477815470396,0.3403755080106136,0.3312397138346824,0.0,0.0,0.0,0.0,0.0,0.0,0.0,0.0,0.3333333333333333,0.3333333333333333,0.0,0.0,0.0,0.0,0.3333333333333333,0.0,-0.0,0.0,0.006464497933827159,0.02939014009090492,0.0,0.0,0.0,-0.0,0.004598457293134783,0.0
2004-10,196.86585710885765,-0.013035707443390221,0.0003400257706776557,0.34002577067765566,"Enrgy,Manuf,Durbl",2003-09,2004-08,0.0,0.0,0.32658422502723133,0.3486256167104504,0.0,0.0,0.0,0.0,0.32479015826231816,0.0,0.0,0.3333333333333333,0.3333333333333333,0.3333333333333333,0.0,0.0,0.0,0.0,0.0,0.0,0.0,-0.009996599742293222,-0.004831689875441724,0.002132607945022554,0.0,0.0,0.0,-0.0,0.0,0.0
2004-11,209.06733435612819,0.06197863573937901,0.0003338854037848752,0.33388540378487513,"Enrgy,Utils,Manuf",2003-10,2004-09,0.0,0.32749248793004493,0.3327256153144941,0.33978189675546105,0.0,0.0,0.0,0.0,0.0,0.0,0.0,0.0,0.3333333333333333,0.3333333333333333,0.0,0.0,0.0,0.0,0.3333333333333333,0.0,0.0,0.0,0.02409195336176878,0.021926010113476977,0.0,0.0,0.0,0.0,0.0162945576679183,0.0
2004-12,210.94108217707145,0.00896241312261381,4.215742891569677e-06,0.004215742891569677,"Enrgy,Utils,Manuf",2003-11,2004-10,0.0,0.0,0.33646062127392534,0.3344210856604957,0.0,0.0,0.0,0.0,0.32911829306557894,0.0,0.0,0.0,0.3333333333333333,0.3333333333333333,0.0,0.0,0.0,0.0,0.3333333333333333,0.0,0.0,0.0,0.00839996458775971,-0.007699967538779735,0.0,0.0,0.0,0.0,0.008266631816525429,0.0
2005-01,213.06932947235146,0.010089297320914792,1.0595662890085643e-05,0.01059566289008564,"Enrgy,Utils,Manuf",2003-12,2004-11,0.0,0.0,0.3386963560077967,0.32273943638706265,0.0,0.0,0.0,0.0,0.3385642076051405,0.0,0.0,0.0,0.3333333333333333,0.3333333333333333,0.0,0.0,0.0,0.0,0.3333333333333333,0.0,0.0,-0.0,-0.005866604505444378,0.010099892983804808,-0.0,-0.0,-0.0,-0.0,0.005866604505444378,-0.0
2005-02,231.44799425458572,0.08625673543793244,9.142532896491896e-06,0.009142532896491893,"Enrgy,Utils,Manuf",2004-01,2004-12,0.0,0.0,0.32419232419232413,0.33999933999933996,0.0,0.0,0.0,0.0,0.3358083358083358,0.0,0.0,0.0,0.3333333333333333,0.3333333333333333,0.0,0.0,0.0,0.0,0.3333333333333333,0.0,0.0,-0.0,0.01356654263297037,0.06483274059245055,0.0,-0.0,0.0,0.0,0.00786659474540788,0.0
2005-03,228.18471486446475,-0.014099406653450886,3.320709999092456e-05,0.03320709999092456,"Enrgy,Utils,Manuf",2004-02,2005-01,0.0,0.0,0.31935068123235544,0.366545967840923,0.0,0.0,0.0,0.0,0.3141033509267215,0.0,0.0,0.0,0.3333333333333333,0.3333333333333333,0.0,0.0,0.0,0.0,0.3333333333333333,0.0,-0.0,-0.0,-0.004633179473770042,-0.011466285891920103,-0.0,-0.0,0.0,-0.0,0.0020332658122300183,-0.0
2005-04,221.97656438210487,-0.02720668860772446,6.8756247167256745e-06,0.006875624716725674,"Enrgy,Utils,Manuf",2004-03,2005-02,0.0,0.0,0.33338968152004866,0.32645885455406043,0.0,0.0,0.0,0.0,0.3401514639258908,0.0,0.0,0.0,0.3333333333333333,0.3333333333333333,0.0,0.0,0.0,0.0,0.3333333333333333,0.0,-0.0,-0.0,-0.015599892740254414,-0.018699871425817798,-0.0,-0.0,-0.0,0.0,0.00709995118306451,-0.0
2005-05,226.90807297983605,0.022216347980060558,1.6615925854462862e-05,0.01661592585446286,"Enrgy,Utils,Manuf",2004-04,2005-03,0.0,0.0,0.3266173245614035,0.32343064692982454,0.0,0.0,0.0,0.0,0.3499520285087719,0.0,0.0,0.0,0.3333333333333333,0.3333333333333333,0.0,0.0,0.0,0.0,0.3333333333333333,0.0,0.0,0.0,0.009699838825519213,0.006999883688519019,0.0,0.0,0.0,0.0,0.005533241391876938,0.0
2005-06,234.59216786102232,0.033864352115268836,2.2387329745104557e-06,0.002238732974510456,"Enrgy,Utils,Manuf",2004-05,2005-04,0.0,0.0,0.3355724394300062,0.3329311637916979,0.0,0.0,0.0,0.0,0.3314963967782959,0.0,0.0,0.0,0.3333333333333333,0.3333333333333333,0.0,0.0,0.0,0.0,0.3333333333333333,0.0,-0.0,0.0,-0.0038666580102324987,0.019199957016326888,-0.0,0.0,0.0,-0.0,0.018533291842148875,0.0
2005-07,246.00514135106116,0.048650275045841074,0.0003333888981496916,0.33338889814969164,"Enrgy,Utils,Shops",2004-06,2005-05,0.0,0.0,0.318674232654114,0.3409852979107557,0.0,0.0,0.0,0.0,0.34034046943513024,0.0,0.0,0.0,0.0,0.3333333333333333,0.0,0.0,0.3333333333333333,0.0,0.3333333333333333,0.0,0.0,0.0,0.0,0.019626787797966328,0.0,0.0,0.019426854475745957,0.0,0.00993002167027838,0.0
2005-08,247.20085792723984,0.004860534904318703,6.102065628669258e-06,0.0061020656286692575,"Enrgy,Utils,Shops",2004-07,2005-06,0.0,0.0,0.0,0.33647918652685094,0.0,0.0,0.3362885287575469,0.0,0.3272322847156022,0.0,0.0,0.0,0.0,0.3333333333333333,0.0,0.0,0.3333333333333333,0.0,0.3333333333333333,0.0,0.0,-0.0,-0.0,0.01936654848999566,-0.0,-0.0,-0.018666552761441597,-0.0,0.004166641241393214,-0.0
2005-09,255.30389035803677,0.032779143643514086,2.0193993499016065e-05,0.02019399349901606,"Enrgy,Utils,Shops",2004-08,2005-07,0.0,0.0,0.0,0.3509918397133948,0.0,0.0,0.3131427054999005,0.0,0.3358654547867047,0.0,0.0,0.0,0.0,0.3333333333333333,0.0,0.0,0.3333333333333333,0.0,0.3333333333333333,0.0,0.0,-0.0,0.0,0.024199511305357323,0.0,-0.0,-0.005999878836039006,-0.0,0.014599705167694913,0.0
2005-10,239.47177646552868,-0.06201281880313392,0.0003333888981496917,0.33338889814969164,"Enrgy,Utils,NoDur",2004-09,2005-08,0.0,0.0,0.0,0.3461786728634134,0.0,0.0,0.3169377743351407,0.0,0.33688355280144594,0.0,0.3333333333333333,0.0,0.0,0.3333333333333333,0.0,0.0,0.0,0.0,0.3333333333333333,0.0,-0.0049983330555092515,-0.0,-0.0,-0.03385537589598266,-0.0,-0.0,0.0,-0.0,-0.022825720953492244,0.0
2005-11,244.25557794933047,0.019976473029131414,0.00034974874635935083,0.3497487463593507,"Enrgy,Utils,Manuf",2004-10,2005-09,0.34992362073253047,0.0,0.0,0.3191587623006146,0.0,0.0,0.0,0.0,0.33091761696685495,0.0,0.0,0.0,0.3333333333333333,0.3333333333333333,0.0,0.0,0.0,0.0,0.3333333333333333,0.0,0.0,0.0,0.017693809447189436,0.00336548917922059,0.0,0.0,0.0,0.0,-0.0007330768509193364,0.0
2005-12,247.4923203498377,0.013251457459770632,0.00034386596313081615,0.3438659631308162,"Enrgy,Utils,Hlth",2004-11,2005-10,0.0,0.0,0.3440378961123816,0.3299901992812806,0.0,0.0,0.0,0.0,0.32597190460633774,0.0,0.0,0.0,0.0,0.3333333333333333,0.0,0.0,0.0,0.3333333333333333,0.3333333333333333,0.0,-0.0,-0.0,0.0,0.0014661623299207416,-0.0,-0.0,-0.0,0.007997249072294954,0.004131912020685726,0.0
2006-01,261.90718655996716,0.05824369091434267,0.0003365851933280926,0.3365851933280925,"Enrgy,Utils,Shops",2004-12,2005-11,0.0,0.0,0.0,0.3303078137332281,0.0,0.0,0.0,0.3367534859247566,0.3329387003420153,0.0,0.0,0.0,0.0,0.3333333333333333,0.0,0.0,0.3333333333333333,0.0,0.3333333333333333,0.0,0.0,0.0,0.0,0.04178593073891887,0.0,0.0,0.0066977448792047,0.0,0.010096600489547384,0.0
2006-02,255.7783067054333,-0.023400960985583974,0.00034218744259293266,0.3421874425929326,"Enrgy,Utils,Other",2005-01,2005-12,0.0,0.0,0.0,0.3543674034888847,0.0,0.0,0.32121040367781345,0.0,0.32442219283330187,0.0,0.0,0.0,0.0,0.3333333333333333,0.0,0.0,0.0,0.0,0.3333333333333333,0.3333333333333333,0.0,-0.0,0.0,-0.027124048647390972,-0.0,0.0,0.0,0.0,0.0007664043229606786,0.0032988707814394424
2006-03,258.4408785876914,0.010409686093216797,0.0003531780233979929,0.35317802339799287,"Enrgy,Utils,HiTec",2005-02,2006-01,0.0,0.0,0.0,0.3134297802647742,0.0,0.0,0.0,0.0,0.34198853555343256,0.3445816841817934,0.0,0.0,0.0,0.3333333333333333,0.3333333333333333,0.0,0.0,0.0,0.3333333333333333,0.0,0.0,0.0,0.0,0.013328624293021358,0.009596609490975377,0.0,0.0,-0.0,-0.01216236966738199,0.0
2006-04,265.662043472476,0.02794126426224186,0.00034886291720125377,0.34886291720125373,"Utils,Enrgy,Other",2005-03,2006-02,0.0,0.0,0.0,0.342973980147083,0.33928041420703753,0.0,0.0,0.0,0.31774560564587934,0.0,0.0,0.0,0.0,0.3333333333333333,0.0,0.0,0.0,0.0,0.3333333333333333,0.3333333333333333,0.0,0.0,0.0,0.015061410465380832,-0.0,0.0,-0.0,-0.0,0.006064550231635646,0.007164166482426723
2006-05,253.3523020580646,-0.046336093984336024,0.0006665555740709883,0.6665555740709882,"Enrgy,HiTec,Manuf",2005-04,2006-03,0.0,0.0,0.0,0.3388116308470291,0.0,0.0,0.0,0.0,0.3300593212097637,0.3311290479432073,0.0,0.0,0.3333333333333333,0.3333333333333333,0.3333333333333333,0.0,0.0,0.0,0.0,0.0,0.0,0.0,-0.011159223462756206,-0.011525645725712378,-0.022984669221796362,0.0,-0.0,-0.0,0.0,-0.0
2006-06,254.85498232644068,0.005931188531421716,0.0003333888981496916,0.3333888981496916,"Enrgy,Manuf,Other",2005-05,2006-04,0.0,0.0,0.33759474658562993,0.3372105208005868,0.3251947326137832,0.0,0.0,0.0,0.0,0.0,0.0,0.0,0.3333333333333333,0.3333333333333333,0.0,0.0,0.0,0.0,0.0,0.3333333333333333,0.0,0.0,-0.0016661110185030837,0.009096966161026837,-0.0,0.0,0.0,-0.0,0.0,-0.0011662777129521583
2006-07,255.28645738517872,0.0016930218699251487,6.966287386358726e-06,0.006966287386358725,"Manuf,Enrgy,Other",2005-06,2006-05,0.0,0.0,0.32960116602623557,0.34030078176758977,0.0,0.0,0.0,0.0,0.0,0.3300980522061746,0.0,0.0,0.3333333333333333,0.3333333333333333,0.0,0.0,0.0,0.0,0.0,0.3333333333333333,0.0,-0.0,-0.012166581910170133,0.016899882269743174,-0.0,0.0,-0.0,0.0,0.0,-0.0030333122022615953
2006-08,255.74180360830786,0.0017836677581455351,1.630289664045042e-05,0.016302896640450423,"Enrgy,Manuf,Other",2005-07,2006-06,0.0,0.0,0.32062160992978606,0.34963894712322385,0.0,0.0,0.0,0.0,0.0,0.32973944294699015,0.0,0.0,0.3333333333333333,0.3333333333333333,0.0,0.0,0.0,0.0,0.0,0.3333333333333333,0.0,0.0,0.006833221930206289,-0.010799823928716283,0.0,0.0,0.0,0.0,0.0,0.005766572653296039
2006-09,257.1364520454498,0.005453345591000636,0.0003446554076350289,0.34465540763502883,"Enrgy,Telcm,Manuf",2005-08,2006-07,0.0,0.0,0.3395554668263792,0.32195381646369864,0.0,0.0,0.0,0.0,0.0,0.33849071670992215,0.0,0.0,0.3333333333333333,0.3333333333333333,0.0,0.3333333333333333,0.0,0.0,0.0,0.0,-0.0,0.0,0.006297828670931899,-0.012695622876323037,0.0,0.012195795204026852,0.0,0.0,-0.0,0.0
2006-10,267.70119400467945,0.04108613102183689,0.0003333888981496916,0.33338889814969164,"Telcm,Manuf,NoDur",2005-09,2006-08,0.0,0.0,0.337674819380924,0.3187843839066746,0.0,0.3435407967124014,0.0,0.0,0.0,0.0,0.3333333333333333,0.0,0.3333333333333333,0.0,0.0,0.3333333333333333,0.0,0.0,0.0,0.0,0.009363543923987331,0.0,0.014728421403567261,0.0,0.0,0.017327554592432074,0.0,0.0,0.0,0.0
2006-11,272.93742311200856,0.0195599766627772,0.00033338889814969156,0.33338889814969164,"Telcm,Manuf,Durbl",2005-10,2006-09,0.3290657107192011,0.0,0.33421886502576575,0.0,0.0,0.33671542425503315,0.0,0.0,0.0,0.0,0.0,0.3333333333333333,0.3333333333333333,0.0,0.0,0.3333333333333333,0.0,0.0,0.0,0.0,0.0,0.005997999666611103,0.011796066011001832,0.0,0.0,0.0020992998833138854,-0.0,0.0,0.0,0.0
2006-12,276.7104131561927,0.013823644999519935,0.00033823007442580636,0.3382300744258063,"Telcm,Durbl,Utils",2005-11,2006-10,0.0,0.33271235742066213,0.3383991894630192,0.0,0.0,0.3288884531163186,0.0,0.0,0.0,0.0,0.0,0.3333333333333333,0.0,0.0,0.0,0.3333333333333333,0.0,0.0,0.3333333333333333,0.0,0.0,-0.0026990867787990507,0.0,-0.0,-0.0,0.014428451545925787,0.0,0.0,0.0024325103068188973,0.0
2007-01,280.59021920756345,0.014021178339901352,0.0003405951103465774,0.34059511034657736,"Telcm,Enrgy,Durbl",2005-12,2006-11,0.0,0.32601479046836485,0.0,0.0,0.0,0.3429087921117502,0.0,0.0,0.33107641741988497,0.0,0.0,0.3333333333333333,0.0,0.3333333333333333,0.0,0.3333333333333333,0.0,0.0,0.0,0.0,0.0,0.009696696227429637,0.0,-0.004431823361677464,0.0,0.009096900584495844,0.0,0.0,0.0,0.0
2007-02,280.3003757298354,-0.0010329778370272713,0.0006665555740709882,0.6665555740709882,"Telcm,NoDur,Utils",2006-01,2006-12,0.0,0.3381748874502974,0.0,0.3242417271860932,0.0,0.3375833853636095,0.0,0.0,0.0,0.0,0.3333333333333333,0.0,0.0,0.0,0.0,0.3333333333333333,0.0,0.0,0.3333333333333333,0.0,-0.004963356107315448,-0.0,0.0,-0.0,-0.0,-0.00926048991834694,-0.0,-0.0,0.013857423762706215,-0.0
2007-03,283.8083478758802,0.012515046178268152,0.00034715377647466246,0.3471537764746624,"Telcm,Durbl,NoDur",2006-02,2007-01,0.3284871119410451,0.0,0.0,0.0,0.0,0.3241855346960552,0.0,0.0,0.3473273533628997,0.0,0.3333333333333333,0.3333333333333333,0.0,0.0,0.0,0.3333333333333333,0.0,0.0,0.0,0.0,0.008830266808307806,-0.0036653937694862597,0.0,0.0,0.0,0.0076973269159211445,0.0,-0.0,0.0,-0.0
2007-04,292.489940683903,0.03058963160526762,0.00033338889814969166,0.33338889814969164,"Utils,Telcm,NoDur",2006-03,2007-02,0.33782004870664123,0.32547883893898505,0.0,0.0,0.0,0.3367011123543737,0.0,0.0,0.0,0.0,0.3333333333333333,0.0,0.0,0.0,0.0,0.3333333333333333,0.0,0.0,0.3333333333333333,0.0,0.012062643773962328,0.0,0.0,0.0,0.0,0.005798066344390731,0.0,0.0,0.013062310385064177,0.0
2007-05,303.58373046540277,0.037928790834858006,4.376483854396517e-06,0.004376483854396517,"Utils,Telcm,NoDur",2006-04,2007-03,0.3350362131401966,0.0,0.0,0.0,0.0,0.32895757889291255,0.0,0.0,0.33600620796689085,0.0,0.3333333333333333,0.0,0.0,0.0,0.0,0.3333333333333333,0.0,0.0,0.3333333333333333,0.0,0.009599957985754996,0.0,0.0,0.0,0.0,0.02436656002634341,0.0,0.0,0.003966649306614044,0.0
2007-06,297.6531987344493,-0.0195350775941181,0.0003416370249979427,0.3416370249979426,"Utils,Telcm,Enrgy",2006-05,2007-04,0.33040015415248253,0.0,0.0,0.0,0.0,0.3446271436829597,0.0,0.0,0.32497270216455776,0.0,0.0,0.0,0.0,0.3333333333333333,0.0,0.3333333333333333,0.0,0.0,0.3333333333333333,0.0,-0.0,0.0,-0.0,0.002865687307195006,0.0,-0.0059979501778500135,-0.0,-0.0,-0.016061177698465035,-0.0
2007-07,289.77245426872935,-0.026476263313234938,9.857542869434228e-06,0.009857542869434226,"Telcm,Utils,Enrgy",2006-06,2007-05,0.0,0.0,0.0,0.3427814029363785,0.0,0.33374116367591083,0.0,0.0,0.32347743338771073,0.0,0.0,0.0,0.0,0.3333333333333333,0.0,0.3333333333333333,0.0,0.0,0.3333333333333333,0.0,-0.0,-0.0,-0.0,-0.003666630522342812,-0.0,-0.010366564476805586,-0.0,-0.0,-0.012433210771216988,-0.0
2007-08,292.1947725181649,0.008359380658001125,0.0006679191391087995,0.6679191391087994,"HiTec,Manuf,Telcm",2006-07,2007-06,0.0,0.0,0.0,0.3386290488255838,0.0,0.33174690132164625,0.0,0.0,0.32962404985277,0.0,0.0,0.0,0.3333333333333333,0.0,0.3333333333333333,0.3333333333333333,0.0,0.0,0.0,0.0,0.0,-0.0,0.00226515271661802,0.0,0.009626899045626585,-0.0028647519651345543,0.0,0.0,0.0,0.0
2007-09,307.0118500897905,0.05070959156432031,0.00033972640715419105,0.33972640715419106,"Manuf,Enrgy,Telcm",2006-08,2007-07,0.0,0.0,0.3325955535000496,0.0,0.33989627035776815,0.3275081761421823,0.0,0.0,0.0,0.0,0.0,0.0,0.3333333333333333,0.3333333333333333,0.0,0.3333333333333333,0.0,0.0,0.0,0.0,0.0,0.0,0.018093850952030508,0.02612445514989304,0.0,0.006831011869551113,-0.0,0.0,0.0,0.0
2007-10,317.7024796811527,0.03482155359226535,0.0003333888981496917,0.3333888981496917,"Enrgy,Manuf,HiTec",2006-09,2007-08,0.0,0.0,0.3343587466700495,0.34200177597361414,0.0,0.32363947735633647,0.0,0.0,0.0,0.0,0.0,0.0,0.3333333333333333,0.3333333333333333,0.3333333333333333,0.0,0.0,0.0,0.0,0.0,0.0,0.0,0.003232255375895983,0.009296899483247207,0.02262578763127188,-0.0,0.0,0.0,0.0,0.0
2007-11,302.333083521268,-0.048376695628279176,1.0538682558971333e-05,0.010538682558971335,"Enrgy,Manuf,HiTec",2006-10,2007-09,0.0,0.0,0.3251328288520367,0.3309933988085655,0.34387377233939787,0.0,0.0,0.0,0.0,0.0,0.0,0.0,0.3333333333333333,0.3333333333333333,0.3333333333333333,0.0,0.0,0.0,0.0,0.0,0.0,-0.0,-0.00886657322368131,-0.01446651420705898,-0.02503306951497994,-0.0,-0.0,0.0,-0.0,-0.0
2007-12,312.5691698647212,0.033856983907396554,9.36557835006664e-06,0.00936557835006664,"Enrgy,Manuf,HiTec",2006-11,2007-10,0.0,0.0,0.3409576517566289,0.33507303233037933,0.32396931591299166,0.0,0.0,0.0,0.0,0.0,0.0,0.0,0.3333333333333333,0.3333333333333333,0.3333333333333333,0.0,0.0,0.0,0.0,0.0,-0.0,-0.0,0.0033333021147388332,0.025666426283489013,0.004866621087518697,-0.0,-0.0,-0.0,0.0,-0.0
2008-01,288.0176025303456,-0.07854762945750993,0.00034097145789948084,0.3409714578994808,"Enrgy,Manuf,Utils",2006-12,2007-11,0.0,0.0,0.3256383801908692,0.34724013412432286,0.3271214856848078,0.0,0.0,0.0,0.0,0.0,0.0,0.0,0.3333333333333333,0.3333333333333333,0.0,0.0,0.0,0.0,0.3333333333333333,0.0,-0.0,-0.0,-0.024758221940226015,-0.03035631250006178,-0.0,-0.0,-0.0,-0.0,-0.023092123559322518,-0.0
2008-02,292.4805142535524,0.015495274191571706,4.65367644327131e-06,0.004653676443271309,"Enrgy,Utils,Manuf",2007-01,2007-12,0.0,0.0,0.33475572270639714,0.32868043250280254,0.0,0.0,0.0,0.0,0.3365638447908002,0.0,0.0,0.0,0.3333333333333333,0.3333333333333333,0.0,0.0,0.0,0.0,0.3333333333333333,0.0,-0.0,-0.0,0.002466655187598106,0.023133225678284942,-0.0,-0.0,-0.0,-0.0,-0.01009995299786792,-0.0
2008-03,290.56948947190847,-0.006533853328729022,0.00033593613275187764,0.3359361327518776,"Enrgy,Manuf,NoDur",2007-02,2008-01,0.0,0.0,0.3306745445593304,0.3510257672739209,0.0,0.0,0.0,0.0,0.3182996881667487,0.0,0.3333333333333333,0.0,0.3333333333333333,0.3333333333333333,0.0,0.0,0.0,0.0,0.0,0.0,0.003932011984544508,-0.0,-0.0004998320319336239,-0.009630097148587822,0.0,-0.0,0.0,-0.0,0.0,-0.0
2008-04,304.65978966610885,0.0484920155237516,7.615141867577031e-06,0.007615141867577032,"Enrgy,Manuf,NoDur",2007-03,2008-02,0.3393707654122225,0.0,0.33490977393170995,0.3257194606560676,0.0,0.0,0.0,0.0,0.0,0.0,0.3333333333333333,0.0,0.3333333333333333,0.3333333333333333,0.0,0.0,0.0,0.0,0.0,0.0,-0.0038333041419561734,0.0,0.016899871304102435,0.03543306350347315,0.0,0.0,0.0,0.0,0.0,0.0
2008-05,315.784002657776,0.03651355830009173,1.9078048535032465e-05,0.019078048535032466,"Enrgy,Manuf,NoDur",2007-04,2008-03,0.3142584644730567,0.0,0.33403274519154347,0.35170879033539976,0.0,0.0,0.0,0.0,0.0,0.0,0.3333333333333333,0.0,0.3333333333333333,0.3333333333333333,0.0,0.0,0.0,0.0,0.0,0.0,0.01126645172065317,0.0,0.010999790141466114,0.014266394486507565,0.0,0.0,0.0,0.0,0.0,-0.0
2008-06,308.5440682668269,-0.02292685611055223,0.0003344138638757874,0.3344138638757874,"Enrgy,Manuf,Utils",2007-05,2008-04,0.3324543349626961,0.0,0.3321970671468999,0.3353485978904039,0.0,0.0,0.0,0.0,0.0,0.0,0.0,0.0,0.3333333333333333,0.3333333333333333,0.0,0.0,0.0,0.0,0.3333333333333333,0.0,-0.0,-0.0,-0.030623089121969937,0.009396856509679568,-0.0,-0.0,-0.0,-0.0,-0.001366209634386036,-0.0
2008-07,284.88228880606977,-0.07668849248560039,2.3638071047445924e-05,0.023638071047445922,"Enrgy,Utils,Manuf",2007-06,2008-05,0.0,0.0,0.3096992019643953,0.35065820885342064,0.0,0.0,0.0,0.0,0.33964258918218404,0.0,0.0,0.0,0.3333333333333333,0.3333333333333333,0.0,0.0,0.0,0.0,0.3333333333333333,0.0,0.0,-0.0,-0.000799981089543162,-0.05219876609269132,-0.0,-0.0,0.0,0.0,-0.023666107232318545,0.0
2008-08,285.937226218985,0.0037030642281641324,0.0003621297774077365,0.3621297774077365,"Enrgy,Utils,NoDur",2007-07,2008-06,0.0,0.0,0.36014440433212996,0.3044765342960289,0.0,0.0,0.0,0.0,0.3353790613718412,0.0,0.3333333333333333,0.0,0.0,0.3333333333333333,0.0,0.0,0.0,0.0,0.3333333333333333,0.0,0.0057312571226095285,0.0,0.0,-0.0001332850493630123,0.0,0.0,0.0,0.0,-0.0015327780676746413,0.0
2008-09,257.34239604396413,-0.10000387341353567,0.00033752461794466285,0.3375246179446628,"Enrgy,Utils,Hlth",2007-08,2008-07,0.3376933802536352,0.0,0.0,0.33185047473607326,0.0,0.0,0.0,0.0,0.3304561450102915,0.0,0.0,0.0,0.0,0.3333333333333333,0.0,0.0,0.0,0.3333333333333333,0.3333333333333333,0.0,-0.0,-0.0,-0.0,-0.04038636400543503,-0.0,-0.0,-0.0,-0.01982663909507743,-0.03945334569507845,-0.0
2008-10,223.9445984479822,-0.12977961699818896,1.4881447338472558e-05,0.014881447338472556,"Enrgy,Utils,Hlth",2007-09,2008-08,0.0,0.0,0.0,0.32537302380687916,0.0,0.0,0.0,0.34821726091302896,0.32640971528009183,0.0,0.0,0.0,0.0,0.3333333333333333,0.0,0.0,0.0,0.3333333333333333,0.3333333333333333,0.0,-0.0,-0.0,-0.0,-0.05593250096437886,-0.0,-0.0,-0.0,-0.03676611952545285,-0.03706611506101865,-0.0
2008-11,209.3381488080804,-0.06522349608398603,0.0006665555740709882,0.6665555740709882,"NoDur,Hlth,Shops",2007-10,2008-09,0.0,0.0,0.0,0.3187650821618723,0.0,0.0,0.0,0.3407898264833186,0.34044509135480905,0.0,0.3333333333333333,0.0,0.0,0.0,0.0,0.0,0.3333333333333333,0.3333333333333333,0.0,0.0,-0.014556957173804366,-0.0,-0.0,0.0,-0.0,-0.0,-0.025582936177303783,-0.024417047158806868,0.0,-0.0
2008-12,218.05894787546256,0.04165890984054377,7.4465530778723736e-06,0.007446553077872374,"Hlth,NoDur,Shops",2007-11,2008-10,0.3407811275033854,0.0,0.0,0.0,0.0,0.0,0.32898581711923597,0.3302330553773787,0.0,0.0,0.3333333333333333,0.0,0.0,0.0,0.0,0.0,0.3333333333333333,0.3333333333333333,0.0,0.0,0.0028999784049960732,0.0,0.0,-0.0,0.0,0.0,0.01629987862118483,0.022466499367440846,-0.0,0.0
2009-01,207.25557452835523,-0.04954336179443253,1.0551091848641454e-05,0.010551091848641454,"Hlth,NoDur,Shops",2007-12,2008-11,0.322784,0.0,0.0,0.0,0.0,0.0,0.335648,0.341568,0.0,0.0,0.3333333333333333,0.0,0.0,0.0,0.0,0.0,0.3333333333333333,0.3333333333333333,0.0,0.0,-0.016833155723287214,-0.0,-0.0,-0.0,-0.0,-0.0,-0.02536639902063677,-0.007333255958659777,-0.0,-0.0
2009-02,192.37967545534508,-0.07177562826410211,9.654466300460067e-06,0.009654466300460064,"Hlth,NoDur,Shops",2008-01,2008-12,0.3329943185803465,0.0,0.0,0.0,0.0,0.0,0.32401627270814337,0.3429894087115101,0.0,0.0,0.3333333333333333,0.0,0.0,0.0,0.0,0.0,0.3333333333333333,0.3333333333333333,0.0,0.0,-0.025533086822627126,-0.0,-0.0,-0.0,-0.0,-0.0,-0.010166568512925946,-0.03606631846224877,-0.0,-0.0
2009-03,202.9989089267516,0.05519935225107209,0.0003479784150012114,0.34797841500121135,"Hlth,Utils,NoDur",2008-02,2009-01,0.3315976586346823,0.0,0.0,0.0,0.0,0.0,0.34815240420871185,0.32024993715660566,0.0,0.0,0.3333333333333333,0.0,0.0,0.0,0.0,0.0,0.0,0.3333333333333333,0.3333333333333333,0.0,0.02145919673002464,0.0,0.0,0.0,0.0,0.0,0.0,0.02469140493314947,0.00939672900289899,0.0
2009-04,212.11048737531394,0.04488486414402404,0.0003333888981496916,0.3333888981496915,"Hlth,Shops,NoDur",2008-03,2009-02,0.336122777654972,0.0,0.0,0.0,0.0,0.0,0.0,0.33918590330628096,0.32469131903874693,0.0,0.3333333333333333,0.0,0.0,0.0,0.0,0.0,0.3333333333333333,0.3333333333333333,0.0,0.0,0.01656114352392065,0.0,0.0,0.0,0.0,0.0,0.031789398233038835,-0.003132288714785797,0.0,0.0
2009-05,220.9021527626807,0.041448518157475966,1.7425914598569554e-05,0.017425914598569556,"Hlth,Shops,NoDur",2008-04,2009-03,0.33475778932933636,0.0,0.0,0.0,0.0,0.0,0.3493318876168001,0.3159103230538635,0.0,0.0,0.3333333333333333,0.0,0.0,0.0,0.0,0.0,0.3333333333333333,0.3333333333333333,0.0,0.0,0.023866250768171577,-0.0,0.0,0.0,0.0,0.0,-0.003099945979664745,0.02069963928356781,0.0,0.0
2009-06,223.82178716110332,0.013216867114732134,1.625116156324356e-05,0.01625116156324356,"Shops,Hlth,NoDur",2008-05,2009-04,0.3429778517475356,0.0,0.0,0.0,0.0,0.0,0.31708488029701704,0.3399372679554475,0.0,0.0,0.3333333333333333,0.0,0.0,0.0,0.0,0.0,0.3333333333333333,0.3333333333333333,0.0,0.0,0.002166631455816613,0.0,-0.0,-0.0,0.0,0.0,-0.0009666509572104888,0.012033137777689188,0.0,-0.0
2009-07,238.41317446522913,0.06519198818488192,7.521418623757268e-06,0.007521418623757268,"Hlth,NoDur,Shops",2008-06,2009-05,0.3311182024541895,0.0,0.0,0.0,0.0,0.0,0.3280257920189492,0.3408560055268612,0.0,0.0,0.3333333333333333,0.0,0.0,0.0,0.0,0.0,0.3333333333333333,0.3333333333333333,0.0,0.0,0.0243664833947662,0.0,0.0,0.0,0.0,0.0,0.022566496933319722,0.018266529275419805,0.0,0.0
2009-08,243.69720659131048,0.022163339496374945,3.2550174058925844e-06,0.0032550174058925837,"NoDur,Shops,Hlth",2008-07,2009-06,0.3358054825384904,0.0,0.0,0.0,0.0,0.0,0.33411565903116786,0.33007885843034174,0.0,0.0,0.3333333333333333,0.0,0.0,0.0,0.0,0.0,0.3333333333333333,0.3333333333333333,0.0,0.0,0.0024666586376237325,0.0,0.0,0.0,0.0,0.0,0.012366626412951415,0.007333309463205691,0.0,0.0
2009-09,250.85255981320407,0.02936165466144791,4.869018378995638e-06,0.004869018378995637,"NoDur,Hlth,Shops",2008-08,2009-07,0.3285178542312082,0.0,0.0,0.0,0.0,0.0,0.3382031632153922,0.33327898255339966,0.0,0.0,0.3333333333333333,0.0,0.0,0.0,0.0,0.0,0.3333333333333333,0.3333333333333333,0.0,0.0,0.014099931346840856,0.0,0.0,0.0,0.0,0.0,0.007999961047852968,0.007266631285133112,0.0,0.0
2009-10,246.64698095672594,-0.01676514227963144,0.00033735277693234595,0.33735277693234594,"HiTec,Shops,Hlth",2008-09,2009-08,0.3375214533208121,0.0,0.0,0.0,0.0,0.0,0.3315954794210032,0.3308830672581846,0.0,0.0,0.0,0.0,0.0,0.0,0.3333333333333333,0.0,0.3333333333333333,0.3333333333333333,0.0,0.0,-0.0,-0.0,-0.0,0.0,-0.004998313236115337,-0.0,0.00013328835296307567,-0.011562764619546815,-0.0,-0.0
2009-11,265.223468977435,0.07531609731711364,0.0006665555740709882,0.6665555740709882,"Durbl,HiTec,Manuf",2008-10,2009-09,0.0,0.0,0.0,0.0,0.3338190937743586,0.0,0.3390381943267699,0.32714271189887145,0.0,0.0,0.0,0.3333333333333333,0.3333333333333333,0.0,0.3333333333333333,0.0,0.0,0.0,0.0,0.0,0.0,0.03454362606232294,0.025349758373604397,0.0,0.016089268455257457,0.0,0.0,0.0,0.0,0.0
2009-12,277.13447564644866,0.044909323880486074,0.0003418675803756488,0.3418675803756487,"Durbl,HiTec,Shops",2008-11,2009-10,0.0,0.34190390632260464,0.33335398531644,0.0,0.32474210836095535,0.0,0.0,0.0,0.0,0.0,0.0,0.3333333333333333,0.0,0.0,0.3333333333333333,0.0,0.3333333333333333,0.0,0.0,0.0,0.0,0.018826894827236255,0.0,-0.0,0.019926518772897847,0.0,0.0064977778607275575,0.0,0.0,0.0
2010-01,266.403666136757,-0.038720586764460774,0.0003333888981496917,0.33338889814969164,"Durbl,HiTec,Manuf",2008-12,2009-11,0.0,0.3369156196185981,0.0,0.0,0.3379679826519548,0.0,0.325116397729447,0.0,0.0,0.0,0.0,0.3333333333333333,0.3333333333333333,0.0,0.3333333333333333,0.0,0.0,0.0,0.0,0.0,-0.0,-0.001332888814802467,-0.011029654942490414,-0.0,-0.026024654109018167,-0.0,-0.0,-0.0,-0.0,-0.0
2010-02,281.8423192968794,0.057952104728907994,1.3764079925689243e-05,0.013764079925689243,"Durbl,HiTec,Manuf",2009-01,2009-12,0.0,0.3452579034941764,0.33517054908485855,0.0,0.31957154742096505,0.0,0.0,0.0,0.0,0.0,0.0,0.3333333333333333,0.3333333333333333,0.0,0.3333333333333333,0.0,0.0,0.0,0.0,0.0,0.0,0.024632994278164493,0.01736642763047862,0.0,0.015966446900190518,0.0,0.0,0.0,-0.0,0.0
2010-03,304.26891277925336,0.0795714197155426,0.00033512588844128026,0.3351258884412802,"Durbl,Other,Manuf",2009-02,2010-01,0.0,0.3383534452881313,0.3314849239106462,0.0,0.3301616308012224,0.0,0.0,0.0,0.0,0.0,0.0,0.3333333333333333,0.3333333333333333,0.0,0.0,0.0,0.0,0.0,0.0,0.3333333333333333,0.0,0.031256188397221406,0.02165940560575044,0.0,0.0,0.0,0.0,0.0,0.0,0.02699095160101209
2010-04,316.70190897861136,0.040861868160610104,4.610106376043648e-06,0.004610106376043648,"Durbl,Manuf,Other",2009-03,2010-02,0.0,0.33761343292795853,0.3287239953083524,0.0,0.0,0.0,0.0,0.0,0.0,0.33366257176368913,0.0,0.3333333333333333,0.3333333333333333,0.0,0.0,0.0,0.0,0.0,0.0,0.3333333333333333,-0.0,0.02423322161508882,0.010599951132872414,0.0,0.0,0.0,0.0,-0.0,0.0,0.006033305519024865
2010-05,288.98754632149416,-0.08750930092748166,1.0192797240085063e-05,0.010192797240085061,"Durbl,Manuf,Other",2009-04,2010-03,0.0,0.34352782937295845,0.33042977006340873,0.0,0.0,0.0,0.0,0.0,0.0,0.3260424005636329,0.0,0.3333333333333333,0.3333333333333333,0.0,0.0,0.0,0.0,0.0,0.0,0.3333333333333333,-0.0,-0.030233025171096776,-0.028099713582397552,-0.0,-0.0,-0.0,-0.0,-0.0,-0.0,-0.029166369376747162
2010-06,267.0988922235571,-0.07574255145786213,0.0003344465420146871,0.33444654201468704,"Durbl,Manuf,HiTec",2009-05,2010-04,0.0,0.33216438356164385,0.33450228310502284,0.0,0.0,0.0,0.0,0.0,0.0,0.33333333333333337,0.0,0.3333333333333333,0.3333333333333333,0.0,0.3333333333333333,0.0,0.0,0.0,0.0,0.0,-0.0,-0.035588093703104264,-0.019326867366854378,-0.0,-0.020493143845888698,-0.0,-0.0,-0.0,-0.0,-0.0
2010-07,293.52953492341265,0.0989545201023656,0.0003445845036090385,0.3445845036090384,"Durbl,Manuf,Shops",2009-06,2010-05,0.0,0.32202473230702666,0.3396185600461477,0.0,0.3383567076468255,0.0,0.0,0.0,0.0,0.0,0.0,0.3333333333333333,0.3333333333333333,0.0,0.0,0.0,0.3333333333333333,0.0,0.0,0.0,0.0,0.05124900096778164,0.03268873208673198,0.0,0.0,0.0,0.015361371551461209,0.0,0.0,0.0
2010-08,276.66687298227646,-0.057447922388920714,0.00033365168873714096,0.33365168873714096,"Durbl,Manuf,Telcm",2009-07,2010-06,0.0,0.3498483929654336,0.33295936931473624,0.0,0.0,0.0,0.31719223771983024,0.0,0.0,0.0,0.0,0.3333333333333333,0.3333333333333333,0.0,0.0,0.3333333333333333,0.0,0.0,0.0,0.0,-0.0,-0.03192267872273966,-0.018560471866979112,-0.0,-0.0,-0.00663112011046471,-0.0,-0.0,0.0,-0.0
2010-09,305.3622749163132,0.10371824289883458,1.3672174285994613e-05,0.013672174285994612,"Durbl,Telcm,Manuf",2009-08,2010-07,0.0,0.3196634377430531,0.33384006222159374,0.0,0.0,0.3464965000353532,0.0,0.0,0.0,0.0,0.0,0.3333333333333333,0.3333333333333333,0.0,0.0,0.3333333333333333,0.0,0.0,0.0,0.0,0.0,0.043599403893201126,0.033866203635697506,0.0,0.0,0.026266307544222083,0.0,0.0,0.0,0.0
2010-10,323.06493411031624,0.05797264642089339,0.00034080653143941263,0.3408065314394126,"Durbl,Telcm,NoDur",2009-09,2010-08,0.0,0.3415076105339454,0.3326890553273738,0.0,0.0,0.3258033341386809,0.0,0.0,0.0,0.0,0.3333333333333333,0.3333333333333333,0.0,0.0,0.0,0.3333333333333333,0.0,0.0,0.0,0.0,0.014661668170872225,0.028456965040738358,0.0,0.0,0.0,0.015194819740722119,0.0,0.0,0.0,0.0
2010-11,330.3947207784561,0.022688276857794065,0.0003372876174180944,0.3372876174180943,"Durbl,Telcm,Manuf",2009-10,2010-09,0.32881889763779526,0.34185826771653544,0.0,0.0,0.0,0.32932283464566925,0.0,0.0,0.0,0.0,0.0,0.3333333333333333,0.3333333333333333,0.0,0.0,0.3333333333333333,0.0,0.0,0.0,0.0,-0.0,0.024391770182134998,0.004931669381087404,0.0,-0.0,-0.006297875088010265,0.0,-0.0,-0.0,0.0
2010-12,355.1464942674533,0.07491576569588831,1.6343001840553198e-05,0.016343001840553196,"Durbl,Telcm,Manuf",2009-11,2010-10,0.0,0.34967905900752666,0.3306506793522531,0.0,0.0,0.3196702616402203,0.0,0.0,0.0,0.0,0.0,0.3333333333333333,0.3333333333333333,0.0,0.0,0.3333333333333333,0.0,0.0,0.0,0.0,0.0,0.029666181824278732,0.023299619208057114,0.0,0.0,0.0219663076653929,0.0,0.0,0.0,0.0
2011-01,357.2879198463485,0.006029696515271077,0.00033483834725139453,0.33483834725139455,"Durbl,Manuf,Shops",2009-12,2010-11,0.0,0.3376953609526172,0.33177251302406346,0.0,0.0,0.3305321260233193,0.0,0.0,0.0,0.0,0.0,0.3333333333333333,0.3333333333333333,0.0,0.0,0.0,0.3333333333333333,0.0,0.0,0.0,-0.0,-0.0007997321293221987,0.010029973788582575,0.0,0.0,0.0,-0.002865706796737879,-0.0,0.0,0.0
2011-02,367.5018616216511,0.028587425457023752,0.00033618103826898543,0.3361810382689854,"Durbl,Telcm,Manuf",2010-01,2010-12,0.0,0.33042959822463647,0.34119439568083204,0.0,0.0,0.0,0.3283760060945315,0.0,0.0,0.0,0.0,0.3333333333333333,0.3333333333333333,0.0,0.0,0.3333333333333333,0.0,0.0,0.0,0.0,0.0,-0.007164257369225739,0.011429489663462461,0.0,0.0,0.02465837420105604,0.0,0.0,0.0,0.0
2011-03,374.3044890928134,0.018510457174678807,0.0003496134515354521,0.34961345153545204,"Durbl,Enrgy,Telcm",2010-02,2011-01,0.0,0.31699494622262536,0.335071919139562,0.0,0.0,0.3479331346378126,0.0,0.0,0.0,0.0,0.0,0.3333333333333333,0.0,0.3333333333333333,0.0,0.3333333333333333,0.0,0.0,0.0,0.0,0.0,0.006231154076152095,0.0,0.007030874385390865,-0.0,0.0055980421646714,0.0,0.0,0.0,-0.0
2011-04,383.81154272680965,0.025399250906763315,7.305375819989037e-07,0.0007305375819989036,"Enrgy,Telcm,Durbl",2010-03,2011-02,0.0,0.33327880651704506,0.0,0.33406399267159587,0.0,0.33265720081135897,0.0,0.0,0.0,0.0,0.0,0.3333333333333333,0.0,0.3333333333333333,0.0,0.3333333333333333,0.0,0.0,0.0,0.0,0.0,0.009266659897018406,0.0,0.0052666628191687355,0.0,0.010866658728158275,0.0,0.0,0.0,0.0
2011-05,376.1238854342776,-0.020029770959764992,0.00033639800037228045,0.33639800037228046,"Enrgy,Telcm,Manuf",2010-04,2011-03,0.0,0.334113516676419,0.0,0.33021259996099084,0.0,0.33567388336259024,0.0,0.0,0.0,0.0,0.0,0.0,0.3333333333333333,0.3333333333333333,0.0,0.3333333333333333,0.0,0.0,0.0,0.0,0.0,-0.0,-0.0072309000544639734,-0.01502827615006107,-0.0,0.0025658032451323777,0.0,0.0,0.0,-0.0
2011-06,370.7418602601318,-0.014309182114110253,9.315323232451824e-06,0.009315323232451824,"Enrgy,Telcm,Manuf",2010-05,2011-04,0.0,0.0,0.3326532694073243,0.3246965214730185,0.0,0.34265020911965727,0.0,0.0,0.0,0.0,0.0,0.0,0.3333333333333333,0.3333333333333333,0.0,0.3333333333333333,0.0,0.0,0.0,0.0,-0.0,-0.0,-0.001999981369353535,-0.007699928272011109,-0.0,-0.00459995714951313,-0.0,-0.0,-0.0,-0.0
2011-07,353.91471544675306,-0.04538776603637884,0.00033625317967616805,0.3362531796761681,"Enrgy,Durbl,Telcm",2010-06,2011-05,0.0,0.0,0.3361401372966758,0.3303574447938859,0.0,0.3335024179094383,0.0,0.0,0.0,0.0,0.0,0.3333333333333333,0.0,0.3333333333333333,0.0,0.3333333333333333,0.0,0.0,0.0,0.0,-0.0,-0.03008987877929174,-0.0,0.0016327841198065286,-0.0,-0.016594418197217374,-0.0,-0.0,-0.0,-0.0
2011-08,328.9007210923034,-0.0706780285269406,0.00033492975037530977,0.33492975037530975,"Enrgy,Telcm,Manuf",2010-07,2011-06,0.0,0.31754398212789725,0.0,0.35077492320580844,0.0,0.33168109466629436,0.0,0.0,0.0,0.0,0.0,0.0,0.3333333333333333,0.3333333333333333,0.0,0.3333333333333333,0.0,0.0,0.0,0.0,-0.0,-0.0,-0.020526456109125627,-0.03302226948724594,-0.0,-0.016794373180193695,-0.0,-0.0,0.0,-0.0
2011-09,299.04338890360145,-0.09077916305426015,0.00034357881799481846,0.34357881799481843,"Enrgy,Shops,Manuf",2010-08,2011-07,0.0,0.0,0.3364767471045932,0.3230305855355157,0.0,0.340492667359891,0.0,0.0,0.0,0.0,0.0,0.0,0.3333333333333333,0.3333333333333333,0.0,0.0,0.3333333333333333,0.0,0.0,0.0,-0.0,-0.0,-0.036720712538085655,-0.040752660103519744,-0.0,-0.0,-0.012962211594660001,-0.0,-0.0,-0.0
2011-10,327.9776015397475,0.0967559013500654,0.0006779942140635318,0.6779942140635318,"Enrgy,NoDur,Utils",2010-09,2011-08,0.0,0.0,0.32610129736861393,0.32166678882943633,0.0,0.0,0.3522319138019497,0.0,0.0,0.0,0.3333333333333333,0.0,0.0,0.3333333333333333,0.0,0.0,0.0,0.0,0.3333333333333333,0.0,0.020985762121504666,0.0,0.0,0.05412994198007156,0.0,0.0,0.0,0.0,0.02231819146255258,0.0
2011-11,331.70877113847433,0.011376293933519133,0.0003528987214820836,0.35289872148208357,"Utils,NoDur,Shops",2010-10,2011-09,0.32285497342444947,0.0,0.0,0.3530751708428246,0.0,0.0,0.0,0.0,0.3240698557327259,0.0,0.3333333333333333,0.0,0.0,0.0,0.0,0.0,0.3333333333333333,0.0,0.3333333333333333,0.0,0.004798306086136885,-0.0,0.0,0.0,-0.0,0.0,0.0035654079945600476,0.0,0.0033654785743043435,-0.0
2011-12,336.51674578272394,0.014494565904145107,0.0003338158277433465,0.33381582774334656,"Utils,NoDur,Enrgy",2010-11,2011-10,0.3342119135477069,0.0,0.0,0.0,0.0,0.0,0.33299288350026357,0.0,0.3327952029520295,0.0,0.3333333333333333,0.0,0.0,0.3333333333333333,0.0,0.0,0.0,0.0,0.3333333333333333,0.0,0.006297896960285217,-0.0,-0.0,-0.0011662772148676324,-0.0,0.0,0.0,0.0,0.00969676198647089,0.0
2012-01,338.3557012536852,0.0054646774462410175,0.00033338889814969166,0.3333888981496916,"Utils,NoDur,Shops",2010-12,2011-11,0.3346690753818361,0.0,0.0,0.32731154540975527,0.0,0.0,0.0,0.0,0.3380193792084086,0.0,0.3333333333333333,0.0,0.0,0.0,0.0,0.0,0.3333333333333333,0.0,0.3333333333333333,0.0,0.0012995665944324055,0.0,0.0,0.0,0.0,0.0,0.013528821470245037,0.0,-0.009030321720286713,0.0
2012-02,347.76925803363247,0.02782148119587724,1.1531186109400667e-05,0.011531186109400666,"Utils,NoDur,Shops",2011-01,2011-12,0.33270365215085834,0.0,0.0,0.0,0.0,0.0,0.34486644130708555,0.0,0.32242990654205606,0.0,0.3333333333333333,0.0,0.0,0.0,0.0,0.0,0.3333333333333333,0.0,0.3333333333333333,0.0,0.013099848941461966,0.0,0.0,0.0,0.0,0.0,0.010399880075664463,0.0,0.0043332833648601935,0.0
2012-03,359.40620663082507,0.03346169429405754,4.81135267315103e-06,0.004811352673151029,"Shops,NoDur,Utils",2011-02,2012-01,0.33705205124047344,0.0,0.0,0.0,0.0,0.0,0.334425166207232,0.0,0.32852278255229445,0.0,0.3333333333333333,0.0,0.0,0.0,0.0,0.0,0.3333333333333333,0.0,0.3333333333333333,0.0,0.012999937452415249,0.0,0.0,-0.0,0.0,0.0,0.015533258596988479,0.0,0.0049333095973268124,0.0
2012-04,363.5491690050725,0.011527242150559225,6.021732130171196e-06,0.006021732130171197,"Shops,NoDur,Utils",2011-03,2012-02,0.3351180492839633,0.0,0.0,0.0,0.0,0.0,0.3375693458908528,0.0,0.3273126048251838,0.0,0.3333333333333333,0.0,0.0,0.0,0.0,0.0,0.3333333333333333,0.0,0.3333333333333333,0.0,0.0026999837413232484,-0.0,-0.0,-0.0,-0.0,0.0,0.003166647597848254,0.0,0.005666632543517929,-0.0
2012-05,347.07315928669954,-0.04531989376695034,0.00033496729523592515,0.3349672952359251,"Shops,NoDur,HiTec",2011-04,2012-03,0.33220193765240885,0.0,0.0,0.0,0.0,0.0,0.332663283464048,0.0,0.3351347788835431,0.0,0.3333333333333333,0.0,0.0,0.0,0.3333333333333333,0.0,0.3333333333333333,0.0,0.0,0.0,-0.008897018791072398,-0.0,-0.0,-0.0,-0.025991290850323864,-0.0,-0.010096616830318116,-0.0,-0.0,-0.0
2012-06,357.40086816189887,0.029756576096015896,0.00033338889814969166,0.33338889814969164,"Shops,NoDur,Utils",2011-05,2012-04,0.3397207678883072,0.0,0.0,0.0,0.3218150087260035,0.0,0.3384642233856894,0.0,0.0,0.0,0.3333333333333333,0.0,0.0,0.0,0.0,0.0,0.3333333333333333,0.0,0.3333333333333333,0.0,0.011462843807301216,-0.0,0.0,0.0,0.0,0.0,0.007230921820303383,0.0,0.011396199366561093,0.0
2012-07,364.690854408091,0.02039722590402282,2.7186358066764466e-06,0.002718635806676446,"Shops,NoDur,Utils",2011-06,2012-05,0.3347247840015532,0.0,0.0,0.0,0.0,0.0,0.33061515063262464,0.0,0.3346600653658221,0.0,0.3333333333333333,0.0,0.0,0.0,0.0,0.0,0.3333333333333333,0.0,0.3333333333333333,0.0,0.004666653979699568,-0.0,0.0,0.0,-0.0,0.0,0.004066655610881052,0.0,0.011666634949248923,-0.0
2012-08,370.1565399353983,0.014987174647355328,0.0006690108493381691,0.669010849338169,"Telcm,Shops,Hlth",2011-07,2012-06,0.3312426499411995,0.0,0.0,0.0,0.0,0.0,0.33065464523716187,0.0,0.33810270482163857,0.0,0.0,0.0,0.0,0.0,0.0,0.3333333333333333,0.3333333333333333,0.3333333333333333,0.0,0.0,0.0,0.0,0.0,0.0,0.0,0.0032311701982538064,0.009193845100186088,0.0032311701982538064,-0.0,0.0
2012-09,384.2950149449563,0.038195934649771335,3.915767894936213e-06,0.003915767894936213,"Telcm,Shops,Hlth",2011-08,2012-07,0.0,0.0,0.0,0.0,0.0,0.331375123071874,0.33724975385625205,0.331375123071874,0.0,0.0,0.0,0.0,0.0,0.0,0.0,0.3333333333333333,0.3333333333333333,0.3333333333333333,0.0,0.0,0.0,0.0,0.0,0.0,0.0,0.0161999365645601,0.006399974939085472,0.015599938914020835,0.0,0.0
2012-10,377.40102168565323,-0.01793932523504238,6.101318690853552e-06,0.006101318690853551,"Telcm,Shops,Hlth",2011-09,2012-08,0.0,0.0,0.0,0.0,0.0,0.33667244589995504,0.3272330315289283,0.3360945225711167,0.0,0.0,0.0,0.0,0.0,0.0,0.0,0.3333333333333333,0.3333333333333333,0.3333333333333333,0.0,0.0,-0.0,0.0,-0.0,-0.0,-0.0,-0.008099950579318603,-0.0034333123854724946,-0.006399960951560378,0.0,0.0
2012-11,381.2243644834889,0.01013071660685716,2.5904763163101154e-06,0.002590476316310115,"Telcm,Hlth,Shops",2011-10,2012-09,0.0,0.0,0.0,0.0,0.0,0.33117235761319663,0.33592424139569615,0.33290340099110716,0.0,0.0,0.0,0.0,0.0,0.0,0.0,0.3333333333333333,0.3333333333333333,0.3333333333333333,0.0,0.0,0.0,0.0,0.0,-0.0,0.0,0.00019999948190473673,0.00489998730666605,0.005033320294602541,-0.0,-0.0
2012-12,386.53308297199504,0.013925443867415899,0.0003364231621375319,0.3364231621375318,"Telcm,Hlth,Other",2011-11,2012-10,0.0,0.0,0.0,0.0,0.0,0.3301874340021119,0.33484028511087643,0.3349722808870116,0.0,0.0,0.0,0.0,0.0,0.0,0.0,0.3333333333333333,0.0,0.3333333333333333,0.0,0.3333333333333333,-0.0,0.0,0.0,0.0,0.0,0.003832043711211806,-0.0,-0.0017660723190802237,0.0,0.012195895637421923
2013-01,410.19091771105127,0.06120520023061071,0.00034050281287645914,0.3405028128764591,"Telcm,Hlth,Shops",2011-12,2012-11,0.0,0.0,0.0,0.0,0.0,0.3324240830813724,0.0,0.32690285263573027,0.0,0.34067306428289734,0.0,0.0,0.0,0.0,0.0,0.3333333333333333,0.3333333333333333,0.3333333333333333,0.0,0.0,0.0,0.0,0.0,0.0,0.0,0.016161161871191827,0.01846037871472221,0.02692416245757319,0.0,0.0
2013-02,416.9140731035793,0.01639030778654149,0.0003373800538900774,0.33738005389007736,"Telcm,Hlth,Other",2012-01,2012-12,0.0,0.0,0.0,0.0,0.0,0.3292303827676076,0.3313969918673658,0.3393726253650265,0.0,0.0,0.0,0.0,0.0,0.0,0.0,0.3333333333333333,0.0,0.3333333333333333,0.0,0.3333333333333333,0.0,-0.0,0.0,0.0,0.0,0.007630757998921972,0.0,0.004431837615094421,0.0,0.004665092226415179
2013-03,439.63500141281247,0.0544978684458759,2.0213884532675656e-06,0.0020213884532675652,"Telcm,Hlth,Other",2012-02,2013-01,0.0,0.0,0.0,0.0,0.0,0.3353550586846764,0.0,0.3322077240836666,0.0,0.3324372172316569,0.0,0.0,0.0,0.0,0.0,0.3333333333333333,0.0,0.3333333333333333,0.0,0.3333333333333333,0.0,0.0,0.0,0.0,0.0,0.018799961997897074,0.0,0.021733289401824278,0.0,0.013966638434607936
2013-04,450.97578793755935,0.025795913629037992,3.983594231091635e-06,0.003983594231091635,"Telcm,Hlth,Other",2012-03,2013-02,0.0,0.0,0.0,0.0,0.0,0.33393393393393395,0.0,0.3367156630314525,0.0,0.32935040303461355,0.0,0.0,0.0,0.0,0.0,0.3333333333333333,0.0,0.3333333333333333,0.0,0.3333333333333333,0.0,0.0,0.0,-0.0,0.0,0.014399942636243074,0.0,0.008633298941636471,0.0,0.002766655645389294
2013-05,459.6770061863423,0.0192942026634646,5.687566501871342e-06,0.005687566501871342,"Telcm,Hlth,Other",2012-04,2013-03,0.0,0.0,0.0,0.0,0.0,0.33898745694417365,0.0,0.333365828296614,0.0,0.3276467147592123,0.0,0.0,0.0,0.0,0.0,0.3333333333333333,0.0,0.3333333333333333,0.0,0.3333333333333333,-0.0,0.0,0.0,0.0,0.0,-0.005866633299609856,0.0,0.005366636143393106,-0.0,0.01979988738618326
2013-06,459.74759101195946,0.0001535530919911654,0.0003462737711232026,0.3462737711232025,"Telcm,Hlth,Durbl",2012-05,2013-04,0.0,0.0,0.0,0.0,0.0,0.3212662284574381,0.0,0.3322868635337976,0.0,0.34644690800876415,0.0,0.3333333333333333,0.0,0.0,0.0,0.3333333333333333,0.0,0.3333333333333333,0.0,0.0,0.0,-0.0014994805893433153,-0.0,-0.0,-0.0,0.006597714593110586,-0.0,-0.004598407140652833,0.0,-0.0
2013-07,494.413176876258,0.07540134313264235,0.00033959365478013946,0.3395936547801394,"Durbl,Other,Hlth",2012-06,2013-05,0.0,0.3316674995835415,0.0,0.0,0.0,0.3397634516075295,0.0,0.3285690488089289,0.0,0.0,0.0,0.3333333333333333,0.0,0.0,0.0,0.0,0.0,0.3333333333333333,0.0,0.3333333333333333,0.0,0.030023134203901434,0.0,0.0,0.0,0.0,0.0,0.026890864930686414,0.0,0.018826937652834972
2013-08,480.5996991733837,-0.027939137444007667,5.9708977513873235e-06,0.005970897751387324,"Durbl,Other,Hlth",2012-07,2013-06,0.0,0.33777461035540546,0.0,0.0,0.0,0.0,0.0,0.3348619589130233,0.0,0.3273634307315713,0.0,0.3333333333333333,0.0,0.0,0.0,0.0,0.0,0.3333333333333333,0.0,0.3333333333333333,-0.0,-0.0034333128332510532,-0.0,-0.0,-0.0,-0.0,-0.0,-0.012233260289350838,-0.0,-0.012266593423654248
2013-09,503.7455391837756,0.0481603297925528,6.045674142437941e-06,0.006045674142437941,"Durbl,Other,Hlth",2012-08,2013-07,0.0,0.3393800150881284,0.0,0.0,0.0,0.0,0.0,0.33032713805637476,0.0,0.33029284685549687,0.0,0.3333333333333333,0.0,0.0,0.0,0.0,0.0,0.3333333333333333,0.0,0.3333333333333333,0.0,0.021499870018005934,0.0,0.0,0.0,0.0,0.0,0.01389991596512942,0.0,0.012766589483560114
2013-10,517.4111476823346,0.027127999030426286,5.193388953645768e-06,0.0051933889536457676,"Durbl,Other,Hlth",2012-09,2013-08,0.0,0.3385275878518047,0.0,0.0,0.0,0.0,0.0,0.33127683256479573,0.0,0.3301955795833996,0.0,0.3333333333333333,0.0,0.0,0.0,0.0,0.0,0.3333333333333333,0.0,0.3333333333333333,0.0,0.0025333201767479842,0.0,0.0,0.0,0.0,0.0,0.011833271878230715,0.0,0.012766600364401026
2013-11,533.3559307913853,0.030816466132345566,0.0003396158406216173,0.33961584062161726,"Durbl,Hlth,Manuf",2012-10,2013-09,0.0,0.3269942234049458,0.0,0.0,0.0,0.0,0.0,0.3360485493606802,0.0,0.336957227234374,0.0,0.3333333333333333,0.3333333333333333,0.0,0.0,0.0,0.0,0.3333333333333333,0.0,0.0,0.0,0.00626453840739877,0.009896637803177845,0.0,0.0,0.0,0.0,0.014994905762390674,-0.0,0.0
2013-12,542.0267656218294,0.01625712648883182,0.000337274750313017,0.3372747503130169,"Durbl,Other,Hlth",2012-11,2013-10,0.0,0.32933570389526423,0.33285922094714726,0.0,0.0,0.0,0.0,0.3378050751575885,0.0,0.0,0.0,0.3333333333333333,0.0,0.0,0.0,0.0,0.0,0.3333333333333333,0.0,0.3333333333333333,0.0,0.004131939264365373,0.0,0.0,0.0,0.0,0.0,0.0019660033596577177,0.0,0.010496458615121714
2014-01,530.8945560667407,-0.020538117785230625,4.884752141283547e-06,0.004884752141283547,"Durbl,Hlth,Other",2012-12,2013-11,0.0,0.331956193848777,0.0,0.0,0.0,0.0,0.0,0.32982490655124924,0.0,0.33821889959997375,0.0,0.3333333333333333,0.0,0.0,0.0,0.0,0.0,0.3333333333333333,0.0,0.3333333333333333,-0.0,-0.012066607723990829,-0.0,-0.0,-0.0,-0.0,-0.0,0.0059666375209788906,0.0,-0.014433262830077427
2014-02,562.4046412684778,0.059352812798057375,1.3077500968279466e-05,0.013077500968279464,"Durbl,Other,Hlth",2013-01,2013-12,0.0,0.32800163354206374,0.0,0.0,0.0,0.0,0.0,0.34641301388510753,0.0,0.3255853525728288,0.0,0.3333333333333333,0.0,0.0,0.0,0.0,0.0,0.3333333333333333,0.0,0.3333333333333333,0.0,0.026699650830724144,0.0,0.0,0.0,0.0,0.0,0.021166389859562835,0.0,0.011499849608738864
2014-03,554.3273612481503,-0.014362043673945446,0.0003333888981496916,0.33338889814969164,"Durbl,Hlth,HiTec",2013-02,2014-01,0.0,0.3398571473521915,0.0,0.0,0.0,0.0,0.0,0.3346339007583147,0.0,0.3255089518894937,0.0,0.3333333333333333,0.0,0.0,0.3333333333333333,0.0,0.0,0.3333333333333333,0.0,0.0,0.0,-0.0037654109018169695,0.0,0.0,-0.0020326554425737623,0.0,-0.0,-0.008230588431405235,0.0,0.0
2014-04,552.3852231539247,-0.003503594139485644,3.6067631565604433e-06,0.0036067631565604424,"Durbl,Hlth,HiTec",2013-03,2014-02,0.0,0.33425741235335876,0.0,0.0,0.3360154163426755,0.0,0.0,0.32972717130396556,0.0,0.0,0.0,0.3333333333333333,0.0,0.0,0.3333333333333333,0.0,0.0,0.3333333333333333,0.0,0.0,0.0,0.0010999960325605278,0.0,0.0,-0.003499987376328952,0.0,-0.0,-0.0010999960325605278,0.0,-0.0
2014-05,563.0413555914148,0.019291125089565764,0.00033561892552947157,0.3356189255294715,"Durbl,HiTec,Other",2013-04,2014-03,0.0,0.33560796119752473,0.0,0.0,0.330991804649607,0.0,0.0,0.3334002341528684,0.0,0.0,0.0,0.3333333333333333,0.0,0.0,0.3333333333333333,0.0,0.0,0.0,0.0,0.3333333333333333,0.0,0.0022992280764712815,0.0,0.0,0.011396173944248963,0.0,0.0,0.0,0.0,0.005931341994375191
2014-06,579.0373573983672,0.02840999448459769,0.0006704941360435543,0.6704941360435542,"Durbl,Hlth,Manuf",2013-05,2014-04,0.0,0.329170616888424,0.0,0.0,0.33809539376900194,0.0,0.0,0.0,0.0,0.3327339893425741,0.0,0.3333333333333333,0.3333333333333333,0.0,0.0,0.0,0.0,0.3333333333333333,0.0,0.0,0.0,0.014823387670315354,0.004696848677560595,0.0,0.0,0.0,0.0,0.009560252272765182,0.0,0.0
2014-07,570.5062361214127,-0.014733283039431444,0.00033815243448790294,0.3381524344879029,"HiTec,Hlth,Manuf",2013-06,2014-05,0.0,0.3383215107051469,0.3284747190101383,0.0,0.0,0.0,0.0,0.33320377028471476,0.0,0.0,0.0,0.0,0.3333333333333333,0.0,0.3333333333333333,0.0,0.0,0.3333333333333333,0.0,0.0,-0.0,-0.0,-0.013762011434818547,-0.0,0.000499830923782756,0.0,-0.0,-0.0011329500939075803,-0.0,-0.0
2014-08,593.3187824482286,0.03998649774962493,0.00033338889814969166,0.3333888981496916,"HiTec,Enrgy,Hlth",2013-07,2014-06,0.0,0.0,0.3242356601731602,0.0,0.3387107683982684,0.0,0.0,0.3370535714285714,0.0,0.0,0.0,0.0,0.0,0.3333333333333333,0.3333333333333333,0.0,0.0,0.3333333333333333,0.0,0.0,0.0,0.0,0.0,0.0077307551258543085,0.014128621436906153,0.0,0.0,0.018460510085014172,0.0,0.0
2014-09,587.0513718930366,-0.010563310551758631,0.0003333888981496917,0.33338889814969164,"HiTec,Hlth,Telcm",2013-08,2014-07,0.0,0.0,0.0,0.32784363985901954,0.3339955142582506,0.0,0.0,0.3381608458827299,0.0,0.0,0.0,0.0,0.0,0.0,0.3333333333333333,0.3333333333333333,0.0,0.3333333333333333,0.0,0.0,-0.0,-0.0,-0.0,-0.0,-0.004665110851808634,-0.004831721953658942,-0.0,-0.0007330888481413569,-0.0,-0.0
2014-10,614.6523401751303,0.04701627421990384,0.00033454611256457546,0.3345461125645754,"HiTec,Hlth,Utils",2013-09,2014-08,0.0,0.0,0.0,0.0,0.33206479641666387,0.3318964065604688,0.0,0.3360387970228673,0.0,0.0,0.0,0.0,0.0,0.0,0.3333333333333333,0.0,0.0,0.3333333333333333,0.3333333333333333,0.0,0.0,0.0,0.0,-0.0,0.00526490472380716,0.0,0.0,0.019726731623378728,0.022359183985282305,0.0
2014-11,629.1108371897807,0.023523048835266236,1.0048034325698035e-05,0.010048034325698035,"Hlth,HiTec,Utils",2013-10,2014-09,0.0,0.0,0.0,0.0,0.32328697368002285,0.0,0.0,0.3370993921262849,0.33961363419369206,0.0,0.0,0.0,0.0,0.0,0.3333333333333333,0.0,0.0,0.3333333333333333,0.3333333333333333,0.0,0.0,0.0,0.0,-0.0,0.014266523314710287,0.0,0.0,0.008399915596511664,0.0008666579583702511,0.0
2014-12,628.6242325906708,-0.0007734799185522556,6.818479386374218e-06,0.006818479386374216,"Hlth,Utils,HiTec",2013-11,2014-10,0.0,0.0,0.0,0.0,0.33960789422262755,0.0,0.0,0.3338761154171823,0.3265159903601902,0.0,0.0,0.0,0.0,0.0,0.3333333333333333,0.0,0.0,0.3333333333333333,0.3333333333333333,0.0,-0.0,0.0,-0.0,0.0,-0.004199971362386577,-0.0,0.0,-0.002766647802207031,0.006199957725427805,0.0
2015-01,627.2791156681532,-0.002139778985251861,6.459432040151495e-06,0.006459432040151494,"Hlth,Utils,HiTec",2013-12,2014-11,0.0,0.0,0.0,0.0,0.3293858624945792,0.0,0.0,0.3308202955599293,0.33979384194549156,0.0,0.0,0.0,0.0,0.0,0.3333333333333333,0.0,0.0,0.3333333333333333,0.3333333333333333,0.0,-0.0,-0.0,-0.0,-0.0,-0.011533258834550468,-0.0,-0.0,0.005266632646991256,0.0041333066343475664,-0.0
2015-02,638.1691265585648,0.01736071011835305,0.0003333888981496917,0.33338889814969164,"Hlth,Shops,Utils",2014-01,2014-12,0.0,0.0,0.0,0.0,0.32248797434526993,0.0,0.0,0.3393238909673971,0.33818813468733294,0.0,0.0,0.0,0.0,0.0,0.0,0.0,0.3333333333333333,0.3333333333333333,0.3333333333333333,0.0,0.0,0.0,0.0,0.0,0.0,0.0,0.01889369894982497,0.013328888148024671,-0.014528488081346888,0.0
2015-03,633.9671126883841,-0.0065844831648952384,0.00035335239482293224,0.3533523948229322,"Utils,Hlth,NoDur",2014-02,2015-01,0.0,0.0,0.0,0.0,0.0,0.0,0.3461072352690708,0.34063738495299856,0.3132553797779306,0.0,0.3333333333333333,0.0,0.0,0.0,0.0,0.0,0.0,0.3333333333333333,0.3333333333333333,0.0,-0.008063816290681761,-0.0,-0.0,-0.0,-0.0,-0.0,0.0,0.002865653723134841,-0.0010329682025253496,-0.0
2015-04,628.8985450942225,-0.007995000833194488,0.0006665555740709881,0.6665555740709882,"Hlth,Shops,HiTec",2014-03,2015-02,0.32730687954918997,0.0,0.0,0.0,0.0,0.0,0.0,0.3383087914668098,0.3343843289840003,0.0,0.0,0.0,0.0,0.0,0.3333333333333333,0.0,0.3333333333333333,0.3333333333333333,0.0,0.0,0.0,-0.0,-0.0,0.0,0.0047968005332444585,0.0,-0.006962022996167304,-0.005163222796200633,0.0,0.0
2015-05,645.6434985471128,0.026625842249931697,7.296746714141772e-06,0.0072967467141417715,"Hlth,Shops,HiTec",2014-04,2015-03,0.0,0.0,0.0,0.0,0.34063129617192744,0.0,0.32877770315648086,0.33059100067159164,0.0,0.0,0.0,0.0,0.0,0.0,0.3333333333333333,0.0,0.3333333333333333,0.3333333333333333,0.0,0.0,0.0,0.0,0.0,-0.0,0.006433286390929472,0.0,0.0035666406416033866,0.016633211964112986,-0.0,0.0
2015-06,637.3959688644585,-0.012774123337745524,7.553098975641245e-06,0.007553098975641244,"Hlth,Shops,HiTec",2014-05,2015-04,0.0,0.0,0.0,0.0,0.33095230364622225,0.0,0.32816000519497385,0.3408876911588038,0.0,0.0,0.0,0.0,0.0,0.0,0.3333333333333333,0.0,0.3333333333333333,0.3333333333333333,0.0,0.0,-0.0,-0.0,-0.0,-0.0,-0.011966576281248923,-0.0,-0.002033317975365416,0.0012333240178445967,-0.0,0.0
2015-07,660.44329689494,0.03615857199652672,7.812131387915276e-06,0.007812131387915276,"Hlth,Shops,HiTec",2014-06,2015-05,0.0,0.0,0.0,0.0,0.3255225039673161,0.0,0.33558429280480806,0.3388932032278759,0.0,0.0,0.0,0.0,0.0,0.0,0.3333333333333333,0.0,0.3333333333333333,0.3333333333333333,0.0,0.0,0.0,-0.0,-0.0,-0.0,0.0073666091172987745,0.0,0.01713319948548222,0.011666575525133808,0.0,0.0
2015-08,621.093725190482,-0.059580545202682966,0.00033365303948993324,0.33365303948993325,"Hlth,Shops,NoDur",2014-07,2015-06,0.0,0.0,0.0,0.0,0.32880810680392475,0.0,0.3382338748592569,0.33295801833681843,0.0,0.0,0.3333333333333333,0.0,0.0,0.0,0.0,0.0,0.3333333333333333,0.3333333333333333,0.0,0.0,-0.013662106741793635,-0.0,-0.0,-0.0,-0.0,-0.0,-0.017660772129635675,-0.027924013291763587,-0.0,-0.0
2015-09,601.3377163947408,-0.031808417948003376,8.694430906320354e-06,0.008694430906320353,"Hlth,Shops,NoDur",2014-08,2015-07,0.3398058252427185,0.0,0.0,0.0,0.0,0.0,0.3355538232584509,0.32464035149883075,0.0,0.0,0.3333333333333333,0.0,0.0,0.0,0.0,0.0,0.3333333333333333,0.3333333333333333,0.0,0.0,-0.0018666504370623087,-0.0,-0.0,-0.0,-0.0,-0.0,-0.006866606964907777,-0.023066466115127096,-0.0,-0.0
2015-10,639.6747800970618,0.0637529671881667,1.2878273900845346e-05,0.012878273900845345,"Shops,Hlth,NoDur",2014-09,2015-08,0.34235350822832744,0.0,0.0,0.0,0.0,0.0,0.33718928596020104,0.32045720581147147,0.0,0.0,0.3333333333333333,0.0,0.0,0.0,0.0,0.0,0.3333333333333333,0.3333333333333333,0.0,0.0,0.022666374759124915,0.0,0.0,0.0,0.0,0.0,0.01606645975573266,0.025033010947210013,0.0,0.0
2015-11,642.2934035421807,0.004093679361130365,0.0003381548191711621,0.33815481917116214,"Shops,NoDur,HiTec",2014-10,2015-09,0.3346598564848181,0.0,0.0,0.0,0.0,0.0,0.3284554883589759,0.3368846551562059,0.0,0.0,0.3333333333333333,0.0,0.0,0.0,0.3333333333333333,0.0,0.3333333333333333,0.0,0.0,0.0,-0.0030656296585545415,0.0,0.0,0.0,0.0038320370731931767,-0.0,0.003665426765663039,0.0,-0.0,0.0
2015-12,638.6508509241859,-0.005671166164725627,4.525140521794196e-06,0.004525140521794196,"Shops,NoDur,HiTec",2014-11,2015-10,0.32880894700162616,0.0,0.0,0.0,0.335678492018717,0.0,0.33551256097965687,0.0,0.0,0.0,0.3333333333333333,0.0,0.0,0.0,0.3333333333333333,0.0,0.3333333333333333,0.0,0.0,0.0,0.0025999882346346434,-0.0,-0.0,-0.0,-0.008399961988819617,-0.0,0.00013333272998126378,0.0,-0.0,-0.0
2016-01,616.6772228161153,-0.03440632401299193,6.549309229491104e-06,0.006549309229491103,"NoDur,Shops,HiTec",2014-12,2015-11,0.3378478042239356,0.0,0.0,0.0,0.3267851156553805,0.0,0.3353670801206839,0.0,0.0,0.0,0.3333333333333333,0.0,0.0,0.0,0.3333333333333333,0.0,0.3333333333333333,0.0,0.0,0.0,0.0005666629553914366,-0.0,-0.0,-0.0,-0.019866536553723307,0.0,-0.015099901105430635,-0.0,0.0,-0.0
2016-02,616.2995373250735,-0.000612452474435643,1.2459950405945886e-05,0.012459950405945885,"NoDur,HiTec,Shops",2015-01,2015-12,0.34579536039768016,0.0,0.0,0.0,0.3246340789837061,0.0,0.3295705606186136,0.0,0.0,0.0,0.3333333333333333,0.0,0.0,0.0,0.3333333333333333,0.0,0.3333333333333333,0.0,0.0,0.0,0.001966642162097535,0.0,0.0,-0.0,-0.002933296784145476,0.0,0.0003666620980181845,-0.0,0.0,-0.0
2016-03,650.348900187912,0.05524807467911308,0.00033338889814969166,0.3333888981496916,"NoDur,Shops,Telcm",2015-02,2016-01,0.33550130078046825,0.0,0.0,0.0,0.33059835901540924,0.0,0.33390034020412246,0.0,0.0,0.0,0.3333333333333333,0.0,0.0,0.0,0.0,0.3333333333333333,0.3333333333333333,0.0,0.0,0.0,0.01652782130355059,0.0,0.0,0.0,0.0,0.02052648774795799,0.01852715452575429,0.0,0.0,0.0
2016-04,651.2364762736922,0.001364769103974428,1.8949728958868718e-06,0.0018949728958868716,"NoDur,Telcm,Shops",2015-03,2016-02,0.33143867626626244,0.0,0.0,0.0,0.0,0.3352279904004042,0.3333333333333333,0.0,0.0,0.0,0.3333333333333333,0.0,0.0,0.0,0.0,0.3333333333333333,0.3333333333333333,0.0,0.0,0.0,0.0008999982945243936,0.0,0.0,0.0,-0.0,0.0022999956415623393,-0.0018333298592163576,0.0,-0.0,0.0
2016-05,665.8611544493077,0.02245678598854961,0.0003355631711481838,0.33556317114818374,"NoDur,Shops,HiTec",2015-04,2016-03,0.33377717119936084,0.0,0.0,0.0,0.0,0.33517526047734764,0.3310475683232915,0.0,0.0,0.0,0.3333333333333333,0.0,0.0,0.0,0.3333333333333333,0.0,0.3333333333333333,0.0,0.0,0.0,0.0024658389441778346,-0.0,-0.0,-0.0,0.01712758401766766,0.0,0.0031989261978523256,0.0,0.0,0.0
2016-06,694.2553320435865,0.04264279032430096,0.00034248291054577004,0.34248291054577,"NoDur,Shops,Utils",2015-05,2016-04,0.3283144309737974,0.0,0.0,0.0,0.3426541520010429,0.0,0.3290314170251597,0.0,0.0,0.0,0.3333333333333333,0.0,0.0,0.0,0.0,0.0,0.3333333333333333,0.0,0.3333333333333333,0.0,0.015794588770013378,-0.0,0.0,0.0,-0.0,0.0,0.0024324999582510053,-0.0,0.024758184506582147,-0.0
2016-07,710.703582153131,0.023691931988664816,0.00033338889814969156,0.3333888981496916,"NoDur,Utils,HiTec",2015-06,2016-05,0.3347395333972515,0.0,0.0,0.0,0.0,0.0,0.321923937360179,0.0,0.34333652924256947,0.0,0.3333333333333333,0.0,0.0,0.0,0.3333333333333333,0.0,0.0,0.0,0.3333333333333333,0.0,-0.00019993332222037003,0.0,0.0,-0.0,0.025091631938656447,0.0,0.0,0.0,-0.0008663777296216036,0.0
2016-08,703.8713960220053,-0.009613270993269918,0.00034984623504790037,0.34984623504790036,"Utils,NoDur,Enrgy",2015-07,2016-06,0.3253149311545848,0.0,0.0,0.0,0.3500211581654243,0.0,0.0,0.0,0.3246639106799909,0.0,0.3333333333333333,0.0,0.0,0.3333333333333333,0.0,0.0,0.0,0.0,0.3333333333333333,0.0,-0.002032621979322069,0.0,0.0,0.0053647891585385755,0.0,-0.0,-0.0,-0.0,-0.012595591937438396,0.0
2016-09,703.207877197735,-0.0009426705333108742,0.0003428762590663932,0.3428762590663932,"Utils,NoDur,Telcm",2015-08,2016-07,0.3343987618599018,0.0,0.0,0.3418679765830025,0.0,0.0,0.0,0.0,0.32373326155709575,0.0,0.3333333333333333,0.0,0.0,0.0,0.0,0.3333333333333333,0.0,0.0,0.3333333333333333,0.0,-0.00826383222292505,-0.0,-0.0,0.0,0.0,0.0015661294938607957,-0.0,0.0,0.006097908454819695,-0.0
2016-10,693.715218160834,-0.01349907949656226,0.0006744009757512012,0.6744009757512013,"Manuf,HiTec,NoDur",2015-09,2016-08,0.3252618237609232,0.0,0.0,0.0,0.0,0.33510106063638184,0.0,0.0,0.33963711560269494,0.0,0.3333333333333333,0.0,0.3333333333333333,0.0,0.3333333333333333,0.0,0.0,0.0,0.0,0.0,-0.0005995953594145493,-0.0,-0.008494267591706114,-0.0,-0.0037308155696905293,-0.0,-0.0,-0.0,-0.0,0.0
2016-11,703.6058750395648,0.014257517522756391,0.00033755418612627536,0.33755418612627536,"Utils,HiTec,Manuf",2015-10,2016-09,0.33705892284315375,0.0,0.32905622150937025,0.0,0.3338848556474759,0.0,0.0,0.0,0.0,0.0,0.0,0.0,0.3333333333333333,0.0,0.3333333333333333,0.0,0.0,0.0,0.3333333333333333,0.0,-0.0,0.0,0.02095958928056422,0.0,0.002465834033007555,0.0,0.0,0.0,-0.008830351604689217,0.0
2016-12,722.0931267482565,0.026275010434857693,0.00034902714225382874,0.3490271422538288,"Utils,NoDur,HiTec",2015-11,2016-10,0.0,0.0,0.3492016558249556,0.0,0.33096786911097964,0.0,0.0,0.0,0.3198304750640646,0.0,0.3333333333333333,0.0,0.0,0.0,0.3333333333333333,0.0,0.0,0.0,0.3333333333333333,0.0,0.01152930788695934,0.0,0.0,0.0,0.003065596316763755,0.0,-0.0,0.0,0.012029133373388214,0.0
2017-01,721.9485637283472,-0.0002001999666724208,0.0006665555740709881,0.6665555740709881,"Enrgy,Utils,Manuf",2015-12,2016-11,0.33591999740251305,0.0,0.0,0.0,0.3276729763953375,0.0,0.0,0.0,0.33640702620214935,0.0,0.0,0.0,0.3333333333333333,0.3333333333333333,0.0,0.0,0.0,0.0,0.3333333333333333,0.0,0.0,0.0,0.011125912347942008,-0.014290468255290784,0.0,0.0,0.0,0.0,0.003630911514747542,0.0
2017-02,726.2186958507782,0.005914731792496131,0.000680775091896978,0.6807750918969782,"Enrgy,Other,Durbl",2016-01,2016-12,0.0,0.0,0.3443059905377491,0.3188845205570734,0.0,0.0,0.0,0.0,0.33680948890517765,0.0,0.0,0.3333333333333333,0.0,0.3333333333333333,0.0,0.0,0.0,0.0,0.0,0.3333333333333333,0.0,0.002398366139779447,0.0,-0.008194417644246443,0.0,-0.0,0.0,0.0,0.0,0.012391558388860479
2017-03,724.2510343723314,-0.0027094613367694143,0.00034360787540774467,0.3436078754077446,"Other,Enrgy,HiTec",2016-02,2017-01,0.0,0.3335320219882112,0.0,0.32300152327968745,0.0,0.0,0.0,0.0,0.0,0.3434664547321015,0.0,0.0,0.0,0.3333333333333333,0.3333333333333333,0.0,0.0,0.0,0.0,0.3333333333333333,0.0,0.0,0.0,-0.003998625568498369,0.0070309166246096295,0.0,0.0,0.0,0.0,-0.005398144517472799
2017-04,735.6145451373657,0.015690016618177705,0.00033789906678489203,0.337899066784892,"Other,HiTec,Manuf",2016-03,2017-02,0.0,0.0,0.0,0.3301146045641351,0.341174112065221,0.0,0.0,0.0,0.0,0.3287112833706438,0.0,0.0,0.3333333333333333,0.0,0.3333333333333333,0.0,0.0,0.0,0.0,0.3333333333333333,0.0,0.0,0.006231227095817042,-0.0,0.008497127857932328,0.0,0.0,0.0,0.0,0.0012995607312131798
2017-05,747.8227692789525,0.016595952625307442,3.981285355680169e-06,0.003981285355680169,"HiTec,Other,Manuf",2016-04,2017-03,0.0,0.0,0.33420819526918405,0.0,0.3364390932056035,0.0,0.0,0.0,0.0,0.32935271152521245,0.0,0.0,0.3333333333333333,0.0,0.3333333333333333,0.0,0.0,0.0,0.0,0.3333333333333333,0.0,-0.0,0.004233316479225328,-0.0,0.01369994545639063,-0.0,0.0,-0.0,0.0,-0.0013333280249528592
2017-06,756.7407094877367,0.0119252055101009,8.031974997412554e-06,0.008031974997412551,"HiTec,Other,Manuf",2016-05,2017-04,0.0,0.0,0.3320545609548167,0.0,0.3413666469932455,0.0,0.0,0.0,0.0,0.32657879205193785,0.0,0.0,0.3333333333333333,0.0,0.3333333333333333,0.0,0.0,0.0,0.0,0.3333333333333333,-0.0,0.0,0.004066634003301676,-0.0,-0.0067666123169691835,-0.0,-0.0,0.0,-0.0,0.01463321579876587
2017-07,774.9447062761349,0.024055791581136354,1.0619509338914044e-05,0.010619509338914044,"HiTec,Other,Manuf",2016-06,2017-05,0.0,0.0,0.33342117399038146,0.0,0.32271559391264254,0.0,0.0,0.0,0.0,0.3438632320969761,0.0,0.0,0.3333333333333333,0.0,0.3333333333333333,0.0,0.0,0.0,0.0,0.3333333333333333,-0.0,-0.0,0.007233256518882448,0.0,0.01203320554523762,0.0,0.0,0.0,0.0,0.004799949026355173
2017-08,782.0711348203829,0.009196047778031735,3.916192992637617e-06,0.003916192992637615,"Other,HiTec,Manuf",2016-07,2017-06,0.0,0.0,0.3325629841807174,0.0,0.33725017902480303,0.0,0.0,0.0,0.0,0.3301868367944795,0.0,0.0,0.3333333333333333,0.0,0.3333333333333333,0.0,0.0,0.0,0.0,0.3333333333333333,-0.0,0.0,0.0010999956921877079,-0.0,0.009999960838070072,-0.0,-0.0,0.0,0.0,-0.0018999925592333134
2017-09,805.814493116759,0.030359589095215966,6.868983323759649e-06,0.00686898332375965,"Other,HiTec,Manuf",2016-08,2017-07,0.0,0.0,0.3313845950587925,0.0,0.34020346148764696,0.0,0.0,0.0,0.0,0.3284119434535606,0.0,0.0,0.3333333333333333,0.0,0.3333333333333333,0.0,0.0,0.0,0.0,0.3333333333333333,-0.0,0.0,0.01313324312068568,0.0,0.0019999862620333525,-0.0,0.0,0.0,-0.0,0.015233228695820703
2017-10,837.6912820165087,0.03955847055623862,7.884160478387148e-06,0.007884160478387147,"HiTec,Other,Manuf",2016-09,2017-08,0.0,0.0,0.33625570185370907,0.0,0.3254504868816926,0.0,0.0,0.0,0.0,0.33829381126459834,0.0,0.0,0.3333333333333333,0.0,0.3333333333333333,0.0,0.0,0.0,0.0,0.3333333333333333,0.0,0.0,0.009199927465723599,0.0,0.022966485593781016,-0.0,0.0,-0.0,0.0,0.00739994165721246
2017-11,861.2781535381171,0.028156997724543054,9.404061070036701e-06,0.009404061070036702,"Other,Manuf,HiTec",2016-10,2017-09,0.0,0.0,0.3294962644691698,0.0,0.3427389617468817,0.0,0.0,0.0,0.0,0.3277647737839484,0.0,0.0,0.3333333333333333,0.0,0.3333333333333333,0.0,0.0,0.0,0.0,0.3333333333333333,0.0,-0.0,0.011566557893026954,0.0,0.0035333001056508857,0.0,0.0,0.0,0.0,0.01306654378693535
2017-12,866.5539151650555,0.006125502667478244,0.00033897198038182924,0.3389719803818292,"HiTec,Manuf,Hlth",2016-11,2017-10,0.0,0.0,0.33545145080239913,0.0,0.32763819095477387,0.0,0.0,0.0,0.0,0.33691035824282706,0.0,0.0,0.3333333333333333,0.0,0.3333333333333333,0.0,0.0,0.3333333333333333,0.0,0.0,0.0,-0.0,0.007597423812949096,0.0,-0.0005997966168117708,0.0,0.0,-0.0005331525482771296,-0.0,0.0
2018-01,919.177651490038,0.06072759629152347,5.408561821798751e-06,0.00540856182179875,"HiTec,Manuf,Hlth",2016-12,2017-11,0.0,0.0,0.33874279658210243,0.0,0.33059548254620125,0.0,0.0,0.3306617208716964,0.0,0.0,0.0,0.0,0.3333333333333333,0.0,0.3333333333333333,0.0,0.0,0.3333333333333333,0.0,0.0,0.0,0.0,0.013633259596607161,0.0,0.025799860459104994,0.0,0.0,0.02129988479763319,-0.0,0.0
2018-02,892.769799566295,-0.02872986726878579,0.000339509333867438,0.3395093338674379,"HiTec,Manuf,Shops",2017-01,2017-12,0.0,0.0,0.3271007479102508,0.0,0.33857080007541956,0.0,0.0,0.3343284520143297,0.0,0.0,0.0,0.0,0.3333333333333333,0.0,0.3333333333333333,0.0,0.3333333333333333,0.0,0.0,0.0,-0.0,-0.0,-0.013428772591281713,-0.0,-3.3322016355537744e-05,-0.0,-0.014928263327280911,-0.0,-0.0,-0.0
2018-03,869.1029630196879,-0.026509450205533858,9.707453039424142e-06,0.009707453039424142,"HiTec,Shops,Manuf",2017-02,2018-01,0.0,0.0,0.3292507204610951,0.0,0.3430424042815974,0.0,0.3277068752573075,0.0,0.0,0.0,0.0,0.0,0.3333333333333333,0.0,0.3333333333333333,0.0,0.3333333333333333,0.0,0.0,0.0,-0.0,-0.0,-0.007466594184350641,0.0,-0.010433232052239956,-0.0,-0.00859991651590386,-0.0,0.0,-0.0
2018-04,881.0042088735423,0.013693712207013764,0.0003349210673413702,0.3349210673413701,"HiTec,Shops,Other",2017-03,2018-02,0.0,0.0,0.3347372025338127,0.0,0.33168977914740627,0.0,0.333573018318781,0.0,0.0,0.0,0.0,0.0,0.0,0.0,0.3333333333333333,0.0,0.3333333333333333,0.0,0.0,0.3333333333333333,-0.0,-0.0,-0.0,0.0,-0.0005331547087640846,-0.0,0.012595779994551498,-0.0,0.0,0.001966007988567562
2018-05,907.7209126883961,0.030325285107336564,7.811283723622091e-06,0.00781128372362209,"HiTec,Other,Shops",2017-04,2018-03,0.0,0.0,0.0,0.0,0.3281943394365734,0.0,0.341145918937576,0.0,0.0,0.33065974162585055,0.0,0.0,0.0,0.0,0.3333333333333333,0.0,0.3333333333333333,0.0,0.0,0.3333333333333333,-0.0,0.0,0.0,0.0,0.022666489610902264,-0.0,0.002833311201362783,0.0,0.0,0.004833295578795335
2018-06,914.9389160844497,0.007951787047272063,0.00034534657614576734,0.34534657614576725,"Enrgy,Other,Shops",2017-05,2018-04,0.0,0.0,0.0,0.0,0.3455192494338402,0.0,0.32626981559365903,0.0,0.0,0.3282109349725008,0.0,0.0,0.0,0.3333333333333333,0.0,0.0,0.3333333333333333,0.0,0.0,0.3333333333333333,0.0,0.0,-0.0,0.001666091089039757,-0.0,0.0,0.009763293781772977,0.0,0.0,-0.0031322512473947427
2018-07,935.1817437779883,0.02212478596950418,0.00033436855039681236,0.3343685503968123,"HiTec,Enrgy,Shops",2017-06,2018-05,0.0,0.0,0.0,0.3322423881781216,0.0,0.0,0.34027571159377173,0.0,0.0,0.3274819002281067,0.0,0.0,0.0,0.3333333333333333,0.3333333333333333,0.0,0.3333333333333333,0.0,0.0,0.0,0.0,-0.0,0.0,0.003698762836363532,0.008497157867321626,0.0,0.010263233816215925,0.0,0.0,0.0
2018-08,973.5205871456071,0.0409961417902962,3.7062533177624465e-06,0.003706253317762446,"Shops,HiTec,Enrgy",2017-07,2018-06,0.0,0.0,0.0,0.32962769772445716,0.33432222729347333,0.0,0.3360500749820695,0.0,0.0,0.0,0.0,0.0,0.0,0.3333333333333333,0.3333333333333333,0.0,0.3333333333333333,0.0,0.0,0.0,-0.0,-0.0,-0.0,-0.009466631580801924,0.023833245000962594,0.0,0.0266332346234533,0.0,0.0,0.0
2018-09,986.0570862003051,0.012877487359004292,2.222592654331281e-05,0.022225926543312808,"Enrgy,Shops,HiTec",2017-08,2018-07,0.0,0.0,0.0,0.3111111111111111,0.3430995837335895,0.0,0.34578930515529943,0.0,0.0,0.0,0.0,0.0,0.0,0.3333333333333333,0.3333333333333333,0.0,0.3333333333333333,0.0,0.0,0.0,0.0,-0.0,0.0,0.01123308366209183,-0.00016666296234557612,0.0,0.0018332925858013374,0.0,-0.0,-0.0
2018-10,905.6154920921745,-0.08157904368205104,0.0003400083615677271,0.340008361567727,"Shops,HiTec,Other",2017-09,2018-08,0.0,0.0,0.0,0.34017836574851085,0.32892355283509395,0.0,0.33089808141639515,0.0,0.0,0.0,0.0,0.0,0.0,0.0,0.3333333333333333,0.0,0.3333333333333333,0.0,0.0,0.3333333333333333,-0.0,-0.0,-0.0,-0.0,-0.02939000375416991,-0.0,-0.029323359754727347,-0.0,-0.0,-0.022525671811586004
2018-11,927.8514839986926,0.024553457952831703,0.00033812278970448735,0.33812278970448734,"Shops,HiTec,Hlth",2017-10,2018-09,0.0,0.0,0.0,0.0,0.3308177926130179,0.0,0.3308903562876424,0.0,0.0,0.3382918510993396,0.0,0.0,0.0,0.0,0.3333333333333333,0.0,0.3333333333333333,0.3333333333333333,0.0,0.0,0.0,0.0,0.0,-0.0,-0.00526488588664089,0.0,0.0087970245194506,0.021359442109726647,0.0,0.0
2018-12,847.3604645038811,-0.08674989573538794,0.0003465126450044126,0.34651264500441264,"Shops,HiTec,Telcm",2017-11,2018-10,0.0,0.0,0.0,0.0,0.32009626955475334,0.0,0.3338211858067454,0.34608254463850135,0.0,0.0,0.0,0.0,0.0,0.0,0.3333333333333333,0.3333333333333333,0.3333333333333333,0.0,0.0,0.0,-0.0,-0.0,-0.0,-0.0,-0.02739050555352688,-0.028989951133294868,-0.0300229264035617,-0.0,-0.0,-0.0
2019-01,911.8218375634248,0.07607314213943761,0.00033461542182127536,0.3346154218212753,"Shops,Hlth,HiTec",2017-12,2018-11,0.0,0.0,0.0,0.0,0.3348779508884592,0.33312657350311964,0.3319954756084212,0.0,0.0,0.0,0.0,0.0,0.0,0.0,0.3333333333333333,0.0,0.3333333333333333,0.3333333333333333,0.0,0.0,0.0,0.0,0.0,0.0,0.030989626921923547,0.0,0.02772405333230149,0.017694077307033762,0.0,0.0
2019-02,934.7549000092164,0.025150815105584146,0.00034050209109287024,0.34050209109287016,"Utils,Hlth,Shops",2018-01,2018-12,0.0,0.0,0.0,0.0,0.3384634440900504,0.0,0.3354287306846685,0.32610782522528103,0.0,0.0,0.0,0.0,0.0,0.0,0.0,0.0,0.3333333333333333,0.3333333333333333,0.3333333333333333,0.0,0.0,0.0,0.0,0.0,0.0,0.0,0.0026657586610904184,0.010996254476997976,0.011829304058588732,0.0
2019-03,957.2770468988311,0.024094173659204854,5.689230343851385e-06,0.005689230343851384,"Utils,Shops,Hlth",2018-02,2019-01,0.0,0.0,0.0,0.0,0.0,0.0,0.32764505119453924,0.3357711685356737,0.3365837802697871,0.0,0.0,0.0,0.0,0.0,0.0,0.0,0.3333333333333333,0.3333333333333333,0.3333333333333333,0.0,0.0,-0.0,-0.0,0.0,0.0,0.0,0.011299935711697113,0.0016999903283084156,0.011099936849543184,-0.0
2019-04,965.1207490631174,0.008193763957567546,6.18532278570857e-06,0.006185322785708569,"Utils,Hlth,Shops",2018-03,2019-02,0.0,0.0,0.0,0.0,0.0,0.0,0.3365231259968102,0.3271490414347557,0.33632783256843407,0.0,0.0,0.0,0.0,0.0,0.0,0.0,0.3333333333333333,0.3333333333333333,0.3333333333333333,0.0,0.0,0.0,0.0,0.0,0.0,0.0,0.015399904746029099,-0.010533268181266658,0.0033333127155907145,0.0
2019-05,922.3940767093557,-0.04427080486585566,0.0006665555740709881,0.6665555740709882,"Utils,HiTec,Telcm",2018-04,2019-03,0.0,0.0,0.0,0.0,0.0,0.0,0.34589697811280834,0.3201745685379885,0.33392845334920324,0.0,0.0,0.0,0.0,0.0,0.3333333333333333,0.3333333333333333,0.0,0.0,0.3333333333333333,0.0,-0.0,-0.0,-0.0,-0.0,-0.028447692051324774,-0.00999333444425929,-0.0,-0.0,-0.005163222796200633,-0.0
2019-06,971.1415657971311,0.052848874812468694,0.0003333888981496916,0.3333888981496915,"Telcm,Utils,Shops",2018-05,2019-04,0.0,0.0,0.0,0.0,0.31877592276323585,0.33808511379875217,0.0,0.0,0.34313896343801187,0.0,0.0,0.0,0.0,0.0,0.0,0.3333333333333333,0.3333333333333333,0.0,0.3333333333333333,0.0,0.0,0.0,0.0,0.0,0.0,0.017160943490581764,0.023892032005334223,0.0,0.01212928821470245,0.0
2019-07,977.8043469239522,0.00686077227201376,5.854195841394425e-06,0.005854195841394426,"Telcm,Utils,Shops",2018-06,2019-05,0.0,0.0,0.0,0.0,0.0,0.33279529054310675,0.3391885048740347,0.0,0.32801620458285863,0.0,0.0,0.0,0.0,0.0,0.0,0.3333333333333333,0.3333333333333333,0.0,0.3333333333333333,0.0,0.0,0.0,0.0,-0.0,0.0,0.00683329332966175,0.0033999800957341397,-0.0,-0.0033666469575406675,0.0
2019-08,981.2199547950839,0.0034931404036777636,0.00033889383661508314,0.33889383661508304,"Telcm,Utils,HiTec",2018-07,2019-06,0.0,0.0,0.0,0.0,0.0,0.3378467854068728,0.3344368668476461,0.0,0.32771634774548103,0.0,0.0,0.0,0.0,0.0,0.3333333333333333,0.3333333333333333,0.0,0.0,0.3333333333333333,0.0,-0.0,-0.0,-0.0,-0.0,-0.008630407549877222,0.0009663390692912719,0.0,-0.0,0.011496102720878927,-0.0
2019-09,1002.4368067464866,0.021622931584013294,1.018148975834812e-05,0.010181489758348119,"Telcm,Utils,HiTec",2018-08,2019-07,0.0,0.0,0.0,0.0,0.32346006973269137,0.3330234102606675,0.0,0.0,0.34351652000664123,0.0,0.0,0.0,0.0,0.0,0.3333333333333333,0.3333333333333333,0.0,0.0,0.3333333333333333,0.0,0.0,0.0,0.0,0.0,0.004299956219594039,0.004199957237743014,0.0,-0.0,0.013133199616434506,0.0
2019-10,1016.0640583274496,0.013594125324659423,5.795851756661485e-06,0.005795851756661484,"Utils,Telcm,HiTec",2018-09,2019-08,0.0,0.0,0.0,0.0,0.3304838657052432,0.33038598322946916,0.0,0.0,0.3391301510652876,0.0,0.0,0.0,0.0,0.0,0.3333333333333333,0.3333333333333333,0.0,0.0,0.3333333333333333,0.0,0.0,0.0,0.0,-0.0,0.010933269965354125,0.007299957690282175,0.0,0.0,-0.004633306479220193,0.0
2019-11,1037.3509952247025,0.02095038863228127,0.00034231995272558495,0.34231995272558485,"Utils,Manuf,HiTec",2018-10,2019-09,0.0,0.0,0.0,0.0,0.3396474611944225,0.33606287818995,0.0,0.0,0.3242896606156275,0.0,0.0,0.0,0.3333333333333333,0.0,0.3333333333333333,0.0,0.0,0.0,0.3333333333333333,0.0,0.0,0.0,0.010862946789847047,0.0,0.017560653246163783,0.0,0.0,0.0,-0.007130891451003891,0.0
2019-12,1068.1005389987895,0.029642371690621783,0.0003472119508526053,0.3472119508526052,"HiTec,Utils,Telcm",2018-11,2019-10,0.0,0.0,0.337021443258592,0.0,0.343581709585822,0.0,0.0,0.0,0.31939684715558603,0.0,0.0,0.0,0.0,0.0,0.3333333333333333,0.3333333333333333,0.0,0.0,0.3333333333333333,0.0,0.0,0.0,0.0,0.0,0.012795555687029083,0.003465462998570377,0.0,0.0,0.013728564955874956,0.0
2020-01,1067.4174695998638,-0.0006395178861776651,0.0003396197721091792,0.3396197721091792,"HiTec,Telcm,Other",2018-12,2019-11,0.0,0.0,0.0,0.0,0.3360517799352751,0.3269902912621359,0.0,0.0,0.33695792880258896,0.0,0.0,0.0,0.0,0.0,0.3333333333333333,0.3333333333333333,0.0,0.0,0.0,0.3333333333333333,-0.0,0.0,-0.0,-0.0,0.01122951827122664,-0.007064266686943761,0.0,-0.0,0.0,-0.004465149698351246
2020-02,985.2863174108263,-0.07694379615112112,1.1334845212770607e-05,0.011334845212770605,"HiTec,Telcm,Other",2019-01,2019-12,0.0,0.0,0.0,0.0,0.3446700676869728,0.32636457603947855,0.0,0.0,0.0,0.3289653562735487,0.0,0.0,0.0,0.0,0.3333333333333333,0.3333333333333333,0.0,0.0,0.0,0.3333333333333333,-0.0,-0.0,-0.0,-0.0,-0.023299735898106542,-0.02073309832420925,-0.0,-0.0,-0.0,-0.0328996270835925
2020-03,835.3269056287528,-0.15219881686385606,0.0006665555740709883,0.6665555740709882,"HiTec,Durbl,Utils",2019-02,2020-01,0.0,0.0,0.0,0.0,0.3358731763686263,0.3386537628195869,0.0,0.0,0.0,0.32547306081178684,0.0,0.3333333333333333,0.0,0.0,0.3333333333333333,0.0,0.0,0.0,0.3333333333333333,0.0,-0.0,-0.07551629728378603,-0.0,-0.0,-0.03254495917347108,-0.0,-0.0,-0.0,-0.043471004832527915,-0.0
2020-04,973.1368253373357,0.16497723080624715,0.0003627674564553178,0.36276745645531777,"Durbl,HiTec,Telcm",2019-03,2020-02,0.0,0.30383874896860635,0.0,0.0,0.3545243801815253,0.0,0.0,0.0,0.3416368708498684,0.0,0.0,0.3333333333333333,0.0,0.0,0.3333333333333333,0.3333333333333333,0.0,0.0,0.0,0.0,0.0,0.08493584352511649,0.0,0.0,0.049715291698498955,0.030688863039086824,0.0,0.0,0.0,0.0
2020-05,1025.2249274805056,0.053525979889943676,0.0006709647864701023,0.6709647864701023,"Hlth,HiTec,Shops",2019-04,2020-03,0.0,0.358932555345804,0.0,0.0,0.3286997311366626,0.3123677135175333,0.0,0.0,0.0,0.0,0.0,0.0,0.0,0.0,0.3333333333333333,0.0,0.3333333333333333,0.3333333333333333,0.0,0.0,0.0,0.0,0.0,0.0,0.025416268462264108,0.0,0.01492331359252205,0.013857362621627614,0.0,0.0
2020-06,1087.8067279315285,0.06104201992514757,0.00033727159869282653,0.33727159869282647,"Durbl,HiTec,Hlth",2019-05,2020-04,0.0,0.0,0.0,0.0,0.34031049419799536,0.0,0.3303506497612799,0.3293388560407247,0.0,0.0,0.0,0.3333333333333333,0.0,0.0,0.3333333333333333,0.0,0.0,0.3333333333333333,0.0,0.0,-0.0,0.047084114507701565,0.0,-0.0,0.019093558112464964,-0.0,0.0,-0.004798381096326274,-0.0,0.0
2020-07,1196.3398242980188,0.09977240770781659,2.508846352377613e-05,0.02508846352377613,"HiTec,Durbl,Hlth",2019-06,2020-05,0.0,0.35842597826769673,0.0,0.0,0.3320457257709942,0.0,0.0,0.30952829596130893,0.0,0.0,0.0,0.3333333333333333,0.0,0.0,0.3333333333333333,0.0,0.0,0.3333333333333333,0.0,0.0,0.0,0.06226510449167125,0.0,-0.0,0.022899425474185303,0.0,0.0,0.014632966205483764,0.0,0.0
2020-08,1433.840144757587,0.19852245627527054,0.0003427021725390437,0.3427021725390436,"Durbl,HiTec,Shops",2019-07,2020-06,0.0,0.3597017639570831,0.0,0.0,0.32390737709886647,0.0,0.0,0.3163908589440504,0.0,0.0,0.0,0.3333333333333333,0.0,0.0,0.3333333333333333,0.0,0.3333333333333333,0.0,0.0,0.0,0.0,0.13658650879315876,0.0,-0.0,0.03538786834309211,0.0,0.0268907813115587,0.0,-0.0,0.0
2020-09,1347.0616086680484,-0.06052176486117977,5.8644214694941136e-05,0.058644214694941126,"Durbl,HiTec,Shops",2019-08,2020-07,0.0,0.39198732206405695,0.0,0.0,0.30755115658362986,0.0,0.3004615213523132,0.0,0.0,0.0,0.0,0.3333333333333333,0.0,0.0,0.3333333333333333,0.0,0.3333333333333333,0.0,0.0,0.0,-0.0,-0.03013156618766385,-0.0,-0.0,-0.01746564234771666,-0.0,-0.012865912111104256,-0.0,-0.0,-0.0
2020-10,1312.3832833823344,-0.025743681701390964,1.0621699799135144e-05,0.010621699799135142,"Durbl,HiTec,Shops",2019-09,2020-08,0.0,0.322713403817498,0.0,0.0,0.3361952742496275,0.0,0.34109132193287445,0.0,0.0,0.0,0.0,0.3333333333333333,0.0,0.0,0.3333333333333333,0.0,0.3333333333333333,0.0,0.0,0.0,-0.0,-0.010833218264918842,-0.0,-0.0,-0.005933270311247857,-0.0,-0.008966571425425134,-0.0,0.0,-0.0
2020-11,1543.8835047069133,0.17639680743871256,2.7138399245396974e-06,0.002713839924539697,"Durbl,HiTec,Shops",2019-10,2020-09,0.0,0.3310182017243739,0.0,0.0,0.33604762556452716,0.0,0.332934172711099,0.0,0.0,0.0,0.0,0.3333333333333333,0.0,0.0,0.3333333333333333,0.0,0.3333333333333333,0.0,0.0,0.0,0.0,0.11299969333608852,0.0,0.0,0.03573323635878669,0.0,0.027666591583762085,0.0,0.0,0.0
2020-12,1656.2533876621972,0.07278391317265598,4.6065086851386685e-05,0.04606508685138668,"Durbl,HiTec,Shops",2019-11,2020-10,0.0,0.3794060976991953,0.0,0.0,0.3137254901960785,0.0,0.3068684121047263,0.0,0.0,0.0,0.0,0.3333333333333333,0.0,0.0,0.3333333333333333,0.0,0.3333333333333333,0.0,0.0,0.0,0.0,0.05129763686104452,0.0,0.0,0.016932553297862647,0.0,0.004599788100600483,0.0,0.0,0.0
2021-01,1722.3497303556371,0.03990714415185881,2.518351959205596e-05,0.02518351959205596,"Durbl,HiTec,Shops",2019-12,2020-11,0.0,0.35852105017865465,0.0,0.0,0.3264874941743048,0.0,0.31499145564704056,0.0,0.0,0.0,0.0,0.3333333333333333,0.0,0.0,0.3333333333333333,0.0,0.3333333333333333,0.0,0.0,0.0,-0.0,0.03826570297731694,-0.0,0.0,0.001866619657430095,-0.0,-0.00019999496329608157,0.0,-0.0,-0.0
2021-02,1674.198590765251,-0.027956656387343348,2.3993265904279764e-05,0.023993265904279762,"Durbl,HiTec,Shops",2020-01,2020-12,0.0,0.3573305981152638,0.0,0.0,0.3223283543816911,0.0,0.3203410475030451,0.0,0.0,0.0,0.0,0.3333333333333333,0.0,0.0,0.3333333333333333,0.0,0.3333333333333333,0.0,0.0,0.0,0.0,-0.026932687114704975,0.0,0.0,0.004533224563861234,0.0,-0.00553320057059533,-0.0,-0.0,0.0
2021-03,1715.8550238510975,0.0248814168854401,1.813163680355982e-05,0.018131636803559822,"Durbl,HiTec,Shops",2020-02,2021-01,0.0,0.3152047184692408,0.0,0.0,0.34757561209793564,0.0,0.33721966943282355,0.0,0.0,0.0,0.0,0.3333333333333333,0.0,0.0,0.3333333333333333,0.0,0.3333333333333333,0.0,0.0,0.0,0.0,0.002899947418253269,0.0,0.0,0.002899947418253269,0.0,0.01909965368573705,-0.0,0.0,0.0
2021-04,1781.4173505596195,0.038209712240940163,0.0003436990972104282,0.3436990972104282,"Durbl,Enrgy,HiTec",2020-03,2021-02,0.0,0.3280645266204833,0.0,0.0,0.3280645266204833,0.0,0.3438709467590334,0.0,0.0,0.0,0.0,0.3333333333333333,0.0,0.3333333333333333,0.3333333333333333,0.0,0.0,0.0,0.0,0.0,0.0,0.014661625746574246,0.0,0.0024991407522569732,0.02139264483931969,0.0,0.0,0.0,0.0,0.0
2021-05,1781.4760978506838,3.2977837027159396e-05,0.0006665555740709881,0.6665555740709882,"Durbl,Manuf,Other",2020-04,2021-03,0.0,0.33507718971659667,0.0,0.3233623262830183,0.3415604840003852,0.0,0.0,0.0,0.0,0.0,0.0,0.3333333333333333,0.3333333333333333,0.0,0.0,0.0,0.0,0.0,0.0,0.3333333333333333,0.0,-0.01775482419596734,0.009227178803532743,0.0,-0.0,-0.0,-0.0,-0.0,-0.0,0.009227178803532743
2021-06,1796.4675598448287,0.008415191207017392,1.7990407215032807e-05,0.017990407215032804,"Durbl,Other,Manuf",2020-05,2021-04,0.0,0.315345924519503,0.3423270377402484,0.0,0.0,0.0,0.0,0.0,0.0,0.3423270377402484,0.0,0.3333333333333333,0.3333333333333333,0.0,0.0,0.0,0.0,0.0,0.0,0.3333333333333333,-0.0,0.01853299991111961,-0.0033666060989623755,0.0,0.0,-0.0,0.0,0.0,-0.0,-0.006733212197924751
2021-07,1795.2419298820541,-0.000682244416860156,1.5588142288540783e-05,0.01558814228854078,"Durbl,Other,Manuf",2020-06,2021-05,0.0,0.3489240736455888,0.32720721911876505,0.0,0.0,0.0,0.0,0.0,0.0,0.32386870723564604,0.0,0.3333333333333333,0.3333333333333333,0.0,0.0,0.0,0.0,0.0,0.0,0.3333333333333333,0.0,-0.0031999501179446766,0.004433264225902522,-0.0,0.0,0.0,0.0,0.0,0.0,-0.0018999703825296516
2021-08,1814.4960880949684,0.010725105008091651,0.00033782308312154796,0.3378230831215479,"Durbl,Enrgy,Other",2020-07,2021-06,0.0,0.33035356904603064,0.3379919946631087,0.0,0.0,0.0,0.0,0.0,0.0,0.33165443629086055,0.0,0.3333333333333333,0.0,0.3333333333333333,0.0,0.0,0.0,0.0,0.0,0.3333333333333333,-0.0,0.0059313289163734784,0.0,-0.0038653604174119296,0.0,0.0,0.0,0.0,0.0,0.008996959592251906
2021-09,1883.6143106213672,0.03809224113509435,7.4741016333176836e-06,0.007474101633317683,"Enrgy,Durbl,Other",2020-08,2021-07,0.0,0.3355532111301596,0.0,0.3258604773836213,0.0,0.0,0.0,0.0,0.0,0.3385863114862192,0.0,0.3333333333333333,0.0,0.3333333333333333,0.0,0.0,0.0,0.0,0.0,0.3333333333333333,-0.0,0.00933326357505142,-0.0,0.03693305728984633,-0.0,-0.0,-0.0,-0.0,-0.0,-0.008166605628169994
2021-10,2183.2463891946604,0.15907294656008997,2.3340039608400375e-05,0.023340039608400368,"Enrgy,Durbl,Other",2020-09,2021-08,0.0,0.3300902289439039,0.0,0.3566772629483351,0.0,0.0,0.0,0.0,0.0,0.313232508107761,0.0,0.3333333333333333,0.0,0.3333333333333333,0.0,0.0,0.0,0.0,0.0,0.3333333333333333,0.0,0.10259760531193618,0.0,0.0342325343259774,0.0,-0.0,0.0,0.0,0.0,0.022266146961784722
2021-11,2118.895571232839,-0.029474830820885423,4.275593730668448e-05,0.04275593730668447,"Enrgy,Durbl,Other",2020-10,2021-09,0.0,0.37609639662956895,0.0,0.3171138527018089,0.0,0.0,0.0,0.0,0.0,0.3067897506686222,0.0,0.3333333333333333,0.0,0.3333333333333333,0.0,0.0,0.0,0.0,0.0,0.3333333333333333,-0.0,0.006833041167761736,-0.0,-0.01799923039312848,0.0,-0.0,0.0,-0.0,-0.0,-0.018265885658211863
2021-12,2142.3785774816247,0.01108266333065333,1.714634491806057e-05,0.017146344918060566,"Enrgy,Durbl,Other",2020-11,2021-10,0.0,0.35048253597554696,0.0,0.3248961088024178,0.0,0.0,0.0,0.0,0.0,0.3246213552220353,0.0,0.3333333333333333,0.0,0.3333333333333333,0.0,0.0,0.0,0.0,0.0,0.3333333333333333,0.0,-0.015533066993442273,0.0,0.010166492345493331,0.0,0.0,0.0,0.0,0.0,0.01646638432352035
2022-01,2132.2006795281072,-0.004750746698317765,0.00035229680425629133,0.35229680425629123,"Enrgy,Durbl,HiTec",2020-12,2021-11,0.0,0.3143111462763327,0.0,0.3397290080110771,0.0,0.0,0.0,0.0,0.0,0.34595984571259025,0.0,0.3333333333333333,0.0,0.3333333333333333,0.3333333333333333,0.0,0.0,0.0,0.0,0.0,-0.0,-0.03435455939982706,-0.0,0.05804620996556619,-0.028090100459800395,-0.0,-0.0,-0.0,-0.0,-0.0
2022-02,2146.495162110759,0.0067040981272996625,0.00036002436717223177,0.3600243671722317,"Enrgy,HiTec,Other",2021-01,2021-12,0.0,0.30028793357439404,0.0,0.39312977099236646,0.3065822954332396,0.0,0.0,0.0,0.0,0.0,0.0,0.0,0.0,0.3333333333333333,0.3333333333333333,0.0,0.0,0.0,0.0,0.3333333333333333,-0.0,-0.0,-0.0,0.0278566339876348,-0.015061242299534604,0.0,-0.0,-0.0,-0.0,-0.005731269193628212
2022-03,2391.8183123790404,0.11429010164972508,0.0006665555740709881,0.6665555740709881,"Enrgy,Durbl,Utils",2021-02,2022-01,0.0,0.0,0.0,0.3586654309545875,0.31603336422613526,0.0,0.0,0.0,0.0,0.3253012048192771,0.0,0.3333333333333333,0.0,0.3333333333333333,0.0,0.0,0.0,0.0,0.3333333333333333,0.0,0.0,0.05006660556573904,0.0,0.03261158140309948,0.0,-0.0,0.0,0.0,0.03227847025495751,0.0
2022-04,2145.6914082227795,-0.10290367913081533,0.00033839885314820357,0.33839885314820356,"Enrgy,Durbl,HiTec",2021-03,2022-02,0.0,0.34387611730591017,0.0,0.3282114137096051,0.0,0.0,0.0,0.0,0.3279124689844848,0.0,0.0,0.3333333333333333,0.0,0.3333333333333333,0.3333333333333333,0.0,0.0,0.0,0.0,0.0,0.0,-0.05631427019793931,-0.0,-0.004265222831559901,-0.04198578724816777,-0.0,-0.0,-0.0,-0.0,-0.0
2022-05,2225.9299912575293,0.03739521103885557,0.0003579375207764756,0.3579375207764756,"Enrgy,Durbl,Utils",2021-04,2022-03,0.0,0.30866948963672836,0.0,0.36668895327241663,0.32464155709085507,0.0,0.0,0.0,0.0,0.0,0.0,0.3333333333333333,0.0,0.3333333333333333,0.0,0.0,0.0,0.0,0.3333333333333333,0.0,-0.0,-0.03012254748270726,-0.0,0.051881423042671695,-0.0,0.0,-0.0,0.0,0.015994272999667575,0.0
2022-06,1966.6765626911638,-0.1164697135959345,4.1174326707531053e-05,0.04117432670753105,"Enrgy,Utils,Durbl",2021-05,2022-04,0.0,0.2921658690135869,0.0,0.3712138245591494,0.0,0.0,0.0,0.0,0.3366203064272637,0.0,0.0,0.3333333333333333,0.0,0.3333333333333333,0.0,0.0,0.0,0.0,0.3333333333333333,0.0,-0.0,-0.039465041653239274,-0.0,-0.05516439521630997,-0.0,-0.0,-0.0,-0.0,-0.021799102399677774,-0.0
2022-07,2102.882783263013,0.06925705179781438,0.00035178553602693965,0.35178553602693957,"Enrgy,Utils,NoDur",2021-06,2022-05,0.0,0.33259139095333307,0.0,0.31482249971705584,0.0,0.0,0.0,0.0,0.35258610932961104,0.0,0.3333333333333333,0.0,0.0,0.3333333333333333,0.0,0.0,0.0,0.0,0.3333333333333333,0.0,0.013761823752454027,0.0,0.0,0.03495436589909026,0.0,-0.0,0.0,0.0,0.02089264768229703,0.0
2022-08,2114.35530876648,0.0054556181613056864,1.0988435248326596e-05,0.010988435248326597,"Enrgy,Utils,NoDur",2021-07,2022-06,0.32450372401757616,0.0,0.0,0.3443235999875347,0.0,0.0,0.0,0.0,0.33117267599488925,0.0,0.3333333333333333,0.0,0.0,0.3333333333333333,0.0,0.0,0.0,0.0,0.3333333333333333,0.0,-0.006066600003492827,-0.0,-0.0,0.011166543962473062,-0.0,-0.0,-0.0,-0.0,0.0003666626375737423,-0.0
2022-09,1920.5306468243691,-0.09167080912961056,0.00033472518758255845,0.3347251875825584,"Enrgy,Utils,Durbl",2021-08,2022-07,0.32548733589709583,0.0,0.0,0.34262697255005964,0.0,0.0,0.0,0.0,0.3318856915528444,0.0,0.0,0.3333333333333333,0.0,0.3333333333333333,0.0,0.0,0.0,0.0,0.3333333333333333,0.0,-0.0,-0.021826025166737782,-0.0,-0.030823012640049538,-0.0,-0.0,-0.0,-0.0,-0.03868704613524055,-0.0
2022-10,2155.8249140621847,0.12251523693562438,0.0003426512284046538,0.3426512284046538,"Enrgy,Utils,NoDur",2021-09,2022-08,0.0,0.34282255401885614,0.0,0.3329175685094831,0.0,0.0,0.0,0.0,0.32425987747166074,0.0,0.3333333333333333,0.0,0.0,0.3333333333333333,0.0,0.0,0.0,0.0,0.3333333333333333,0.0,0.033188623979216965,-0.0,0.0,0.07817320467393876,0.0,0.0,0.0,0.0,0.011496059510873348,0.0
2022-11,2250.606594198162,0.04396538861654675,3.315266614290201e-05,0.03315266614290201,"Enrgy,Utils,NoDur",2021-10,2022-09,0.32641671861548965,0.0,0.0,0.3664915249205925,0.0,0.0,0.0,0.0,0.30709175646391784,0.0,0.3333333333333333,0.0,0.0,0.3333333333333333,0.0,0.0,0.0,0.0,0.3333333333333333,0.0,0.017699413197809266,-0.0,0.0,0.003466551737424037,0.0,0.0,0.0,0.0,0.022832576347456397,0.0
2022-12,2190.641933263454,-0.026643777321763262,1.0729757641599273e-05,0.01072975764159927,"Enrgy,NoDur,Utils",2021-11,2022-10,0.3362388250319285,0.0,0.0,0.3226053639846744,0.0,0.0,0.0,0.0,0.3411558109833972,0.0,0.3333333333333333,0.0,0.0,0.3333333333333333,0.0,0.0,0.0,0.0,0.3333333333333333,0.0,-0.008766572602458007,-0.0,-0.0,-0.014133181686091997,-0.0,-0.0,-0.0,-0.0,-0.0037332932755714714,-0.0
2023-01,2199.1005396298647,0.0038612455271545,5.400258512544274e-06,0.005400258512544274,"Enrgy,Utils,NoDur",2021-12,2022-11,0.33344748467518237,0.0,0.0,0.32793397486387454,0.0,0.0,0.0,0.0,0.33861854046094314,0.0,0.3333333333333333,0.0,0.0,0.3333333333333333,0.0,0.0,0.0,0.0,0.3333333333333333,0.0,-0.0012333266730145012,0.0,0.0,0.009166617164296967,0.0,0.0,0.0,-0.0,-0.0040666447056153816,0.0
2023-02,2077.3730452523746,-0.05535331022108625,0.00033861182519962966,0.3386118251996297,"Enrgy,Utils,Hlth",2022-01,2022-12,0.33082082613892944,0.0,0.0,0.34118076769823347,0.0,0.0,0.0,0.0,0.327998406162837,0.0,0.0,0.0,0.0,0.3333333333333333,0.0,0.0,0.0,0.3333333333333333,0.3333333333333333,0.0,-0.0,0.0,-0.0,-0.02299221192802041,-0.0,-0.0,-0.0,-0.014295157850899645,-0.01772732861696646,-0.0
2023-03,2118.9793105848466,0.02002830711005843,4.927508847744921e-06,0.004927508847744921,"Enrgy,Utils,Hlth",2022-02,2023-01,0.0,0.0,0.0,0.328406645737063,0.0,0.0,0.0,0.33761331969381636,0.3339800345691206,0.0,0.0,0.0,0.0,0.3333333333333333,0.0,0.0,0.0,0.3333333333333333,0.3333333333333333,0.0,0.0,-0.0,0.0,-0.0014333262705706518,0.0,-0.0,0.0,0.008299959101676566,0.013166601787800172,-0.0
2023-04,2153.9723913696776,0.01651412102517069,0.0006742813358524489,0.6742813358524488,"Enrgy,NoDur,Manuf",2022-03,2023-02,0.0,0.0,0.0,0.3253815234796248,0.0,0.0,0.0,0.334923695304075,0.3396947812163001,0.0,0.3333333333333333,0.0,0.3333333333333333,0.3333333333333333,0.0,0.0,0.0,0.0,0.0,0.0,0.010559541760551157,-0.0,-0.00196534058003949,0.008594201180511667,0.0,0.0,0.0,0.0,0.0,0.0
2023-05,2106.584723076885,-0.02200012798801909,0.00034084632506195875,0.3408463250619588,"Enrgy,Manuf,HiTec",2022-04,2023-03,0.33808493904836806,0.0,0.3257635338838642,0.33615152706776774,0.0,0.0,0.0,0.0,0.0,0.0,0.0,0.0,0.3333333333333333,0.3333333333333333,0.3333333333333333,0.0,0.0,0.0,0.0,0.0,-0.0,0.0,-0.018460372371197187,-0.031689195171495536,0.028490285879735733,-0.0,0.0,-0.0,-0.0,-0.0
2023-06,2199.352311330791,0.044036960506582234,0.0006665555740709882,0.6665555740709882,"Hlth,HiTec,NoDur",2022-05,2023-04,0.0,0.0,0.321839863713799,0.308313458262351,0.36984667802385013,0.0,0.0,0.0,0.0,0.0,0.3333333333333333,0.0,0.0,0.0,0.3333333333333333,0.0,0.0,0.3333333333333333,0.0,0.0,0.009493667722046325,0.0,0.0,0.0,0.0196868688551908,0.0,0.0,0.015522979503416096,0.0,0.0
2023-07,2300.0147718276253,0.045769138476920546,0.0006665555740709882,0.6665555740709882,"HiTec,Shops,Enrgy",2022-06,2023-05,0.32815391487460915,0.0,0.0,0.0,0.33791717184608516,0.0,0.0,0.33392891327930574,0.0,0.0,0.0,0.0,0.0,0.3333333333333333,0.3333333333333333,0.0,0.3333333333333333,0.0,0.0,0.0,0.0,0.0,0.0,0.024850091651391435,0.0140572904515914,0.0,0.007528311948008665,-0.0,0.0,0.0
2023-08,2265.4292325210704,-0.015037094426603503,0.0003421236441726898,0.34212364417268976,"HiTec,Manuf,Shops",2022-07,2023-06,0.0,0.0,0.0,0.34229470599477607,0.33197426259794865,0.0,0.3257310314072753,0.0,0.0,0.0,0.0,0.0,0.3333333333333333,0.0,0.3333333333333333,0.0,0.3333333333333333,0.0,0.0,0.0,-0.0,-0.0,-0.007930619152422895,0.0,-0.005464796390745188,0.0,-0.0012995552392625754,-0.0,-0.0,-0.0
2023-09,2140.1095530867346,-0.05531829360870144,0.0003368186335466524,0.33681863354665237,"HiTec,Manuf,Other",2022-08,2023-07,0.0,0.0,0.33025474474779254,0.0,0.3327582123887818,0.0,0.33698704286342573,0.0,0.0,0.0,0.0,0.0,0.3333333333333333,0.0,0.3333333333333333,0.0,0.0,0.0,0.0,0.3333333333333333,-0.0,-0.0,-0.02355872897420275,0.0,-0.020059907839420164,-0.0,-0.0,-0.0,-0.0,-0.011362838161532019
2023-10,2063.9319419479134,-0.035595192325060365,0.0003405351997722479,0.3405351997722479,"HiTec,Manuf,Enrgy",2022-09,2023-08,0.0,0.0,0.3277954144620811,0.0,0.3314991181657848,0.0,0.0,0.0,0.0,0.34070546737213403,0.0,0.0,0.3333333333333333,0.3333333333333333,0.3333333333333333,0.0,0.0,0.0,0.0,0.0,-0.0,-0.0,-0.008996935183202052,-0.020359731099764636,-0.005897990842321343,-0.0,0.0,-0.0,0.0,-0.0
2023-11,2255.2630775874572,0.0927022503750623,0.00033338889814969166,0.3333888981496917,"HiTec,Shops,Manuf",2022-10,2023-09,0.0,0.0,0.33618962062055147,0.3244074355607767,0.3394029438186718,0.0,0.0,0.0,0.0,0.0,0.0,0.0,0.3333333333333333,0.0,0.3333333333333333,0.0,0.3333333333333333,0.0,0.0,0.0,0.0,0.0,0.028957009501583593,-0.0,0.04018659776629437,0.0,0.02389203200533422,0.0,0.0,0.0
2023-12,2383.0030711631534,0.056640839308354396,0.0003397925181128836,0.33979251811288347,"HiTec,Shops,Durbl",2022-11,2023-10,0.0,0.0,0.3314527933642352,0.0,0.34172969016833377,0.0,0.32681751646743107,0.0,0.0,0.0,0.0,0.3333333333333333,0.0,0.0,0.3333333333333333,0.0,0.3333333333333333,0.0,0.0,0.0,0.0,0.02195920255768545,0.0,0.0,0.01539476719522106,0.0,0.019626662073561046,0.0,0.0,0.0
2024-01,2275.124715387956,-0.04526991890217824,3.406433396420733e-06,0.003406433396420732,"Durbl,HiTec,Shops",2022-12,2023-11,0.0,0.3361400189214759,0.0,0.0,0.32992746767581205,0.0,0.3339325134027121,0.0,0.0,0.0,0.0,0.3333333333333333,0.0,0.0,0.3333333333333333,0.0,0.3333333333333333,0.0,0.0,0.0,-0.0,-0.05976646307549732,-0.0,-0.0,0.010366631353307123,0.0,0.004133319253408627,0.0,-0.0,0.0
2024-02,2448.7537896076283,0.07631628852929273,4.6803880995039154e-05,0.046803880995039154,"HiTec,Durbl,Shops",2023-01,2023-12,0.0,0.2865372529851268,0.0,0.0,0.35999581034843936,0.0,0.353466936666434,0.0,0.0,0.0,0.0,0.3333333333333333,0.0,0.0,0.3333333333333333,0.0,0.3333333333333333,0.0,0.0,0.0,0.0,0.02403220848006008,0.0,0.0,0.020732362932867367,-0.0,0.03159852099736055,0.0,0.0,0.0
2024-03,2525.607814353134,0.03138495387803775,0.0003376642433078327,0.3376642433078326,"HiTec,Shops,Other",2023-02,2024-01,0.0,0.33201201573193767,0.0,0.0,0.32894614598494937,0.0,0.33904183828311296,0.0,0.0,0.0,0.0,0.0,0.0,0.0,0.3333333333333333,0.0,0.3333333333333333,0.0,0.0,0.3333333333333333,0.0,-0.0,0.0,0.0,0.007864010374619312,0.0,0.00889699478823456,0.0,0.0,0.014961612958491827
2024-04,2410.2614728216026,-0.045670725627317665,4.253189644579336e-06,0.004253189644579336,"HiTec,Shops,Other",2023-03,2024-02,0.0,0.0,0.0,0.0,0.3307056086844146,0.0,0.331707159472732,0.0,0.0,0.3375872318428535,0.0,0.0,0.0,0.0,0.3333333333333333,0.0,0.3333333333333333,0.0,0.0,0.3333333333333333,-0.0,-0.0,-0.0,-0.0,-0.014699937478112221,-0.0,-0.015733266416482924,-0.0,0.0,-0.015233268543077747
2024-05,2521.373147223332,0.04609942765738828,5.471203629293707e-07,0.0005471203629293707,"HiTec,Shops,Other",2023-04,2024-03,0.0,0.0,0.0,0.0,0.3338805448829899,0.0,0.3327977645826057,0.0,0.0,0.33332169053440447,0.0,0.0,0.0,0.0,0.3333333333333333,0.0,0.3333333333333333,0.0,0.0,0.3333333333333333,0.0,-0.0,0.0,-0.0,0.026999985227750198,0.0,0.008233328828709013,0.0,0.0,0.010866660721292054
2024-06,2531.0071886967335,0.0038209502960762087,0.0003442818628285831,0.3442818628285831,"Shops,Other,Enrgy",2023-05,2024-04,0.0,0.0,0.0,0.0,0.3444540037599974,0.0,0.32651435490552205,0.0,0.0,0.32903164133448043,0.0,0.0,0.0,0.3333333333333333,0.0,0.0,0.3333333333333333,0.0,0.0,0.3333333333333333,-0.0,0.0,-0.0,-0.007164199313316393,0.0,-0.0,0.011762615616747381,0.0,-0.0,-0.00043318414452610753
2024-07,2572.2440472324097,0.016292667488198687,0.00033509214577653385,0.3350921457765338,"HiTec,Other,Shops",2023-06,2024-05,0.0,0.0,0.0,0.3248132780082988,0.0,0.0,0.3436680497925311,0.0,0.0,0.33151867219917014,0.0,0.0,0.0,0.0,0.3333333333333333,0.0,0.3333333333333333,0.0,0.0,0.3333333333333333,0.0,0.0,0.0,0.0,-0.005831378629149638,0.0,0.0017660746705424613,0.0,0.0,0.020693063592582425
2024-08,2621.592057243014,0.019184808713504475,1.4905108413928761e-05,0.014905108413928756,"HiTec,Shops,Other",2023-07,2024-06,0.0,0.0,0.0,0.0,0.32214170956424804,0.0,0.3296173645037543,0.0,0.0,0.3482409259319978,0.0,0.0,0.0,0.0,0.3333333333333333,0.0,0.3333333333333333,0.0,0.0,0.3333333333333333,0.0,-0.0,0.0,-0.0,0.004499932927012138,0.0,0.004533265763508524,0.0,0.0,0.010166515131397791
2024-09,2685.461593970283,0.024362881536358127,3.695093203984562e-06,0.0036950932039845614,"HiTec,Other,Shops",2023-08,2024-07,0.0,0.0,0.0,0.0,0.33146912611198326,0.0,0.3315018315018315,0.0,0.0,0.33702904238618525,0.0,0.0,0.0,0.0,0.3333333333333333,0.0,0.3333333333333333,0.0,0.0,0.3333333333333333,0.0,0.0,0.0,-0.0,0.009899963418577278,0.0,0.012199954919862909,-0.0,0.0,0.002266658291122071
2024-10,2698.6003925045256,0.004892566165810575,0.00033899310361379305,0.33899310361379303,"HiTec,Other,Utils",2023-09,2024-08,0.0,0.0,0.0,0.0,0.33506882301259316,0.0,0.33731411278513557,0.0,0.0,0.3276170642022713,0.0,0.0,0.0,0.0,0.3333333333333333,0.0,0.0,0.0,0.3333333333333333,0.3333333333333333,-0.0,-0.0,-0.0,-0.0,-0.0007330847383906832,0.0,-0.0,-0.0,0.002299220315861688,0.003665423691953416
2024-11,2890.5537076898117,0.07113069267997019,2.4652891298000702e-06,0.0024652891298000703,"HiTec,Other,Utils",2023-10,2024-09,0.0,0.0,0.0,0.0,0.3308684550850549,0.0,0.0,0.0,0.3338859966177007,0.3352455482972444,0.0,0.0,0.0,0.0,0.3333333333333333,0.0,0.0,0.0,0.3333333333333333,0.3333333333333333,0.0,0.0,0.0,0.0,0.01649995932272936,0.0,0.0,-0.0,0.020699948968515014,0.033933249677855534
2024-12,2761.126907058197,-0.04477578129314719,9.541780172796842e-06,0.00954178017279684,"Utils,HiTec,Other",2023-11,2024-10,0.0,0.0,0.0,0.0,0.3266011078608328,0.0,0.0,0.0,0.3305221883363416,0.34287670380282564,0.0,0.0,0.0,0.0,0.3333333333333333,0.0,0.0,0.0,0.3333333333333333,0.3333333333333333,-0.0,0.0,-0.0,-0.0,0.004766621184181177,-0.0,-0.0,-0.0,-0.02593308588316752,-0.02359977481398792
2025-01,2848.5959244619085,0.031678738554217434,2.0608166892099478e-05,0.020608166892099475,"Utils,HiTec,Other",2023-12,2024-11,0.0,0.0,0.0,0.0,0.35394493491991486,0.0,0.0,0.0,0.3218061904595736,0.3242488746205116,0.0,0.0,0.0,0.0,0.3333333333333333,0.0,0.0,0.0,0.3333333333333333,0.3333333333333333,0.0,0.0,0.0,0.0,0.0008999814526497971,0.0,0.0,0.0,0.009733132747175582,0.02106623252128414
2025-02,2612.87925551461,-0.08274836979268108,0.0003433390409573734,0.3433390409573734,"Durbl,Utils,HiTec",2024-01,2024-12,0.0,0.0,0.0,0.0,0.3239636845336177,0.0,0.0,0.0,0.3325256049885303,0.3435107104778521,0.0,0.3333333333333333,0.0,0.0,0.3333333333333333,0.0,0.0,0.0,0.3333333333333333,0.0,0.0,-0.07597390623288723,-0.0,0.0,-0.013162146035960727,0.0,-0.0,0.0,0.00673102151712422,-0.0
2025-03,2467.5209264164578,-0.05563147581020689,0.00038615038833545427,0.38615038833545423,"Durbl,Utils,Shops",2024-02,2025-01,0.0,0.28045191993315655,0.0,0.0,0.348930141315799,0.0,0.0,0.0,0.37061793875104443,0.0,0.0,0.3333333333333333,0.0,0.0,0.0,0.0,0.3333333333333333,0.0,0.3333333333333333,0.0,0.0,-0.03328714119206843,-0.0,0.0,-0.0,-0.0,-0.02449053931548578,-0.0,0.0025323550856828836,-0.0
2025-04,2463.9463784776854,-0.0014486393612732629,0.000349023286888734,0.349023286888734,"Durbl,Utils,Telcm",2024-03,2025-02,0.0,0.31758520923011785,0.0,0.0,0.0,0.0,0.326900007056665,0.0,0.35551478371321715,0.0,0.0,0.3333333333333333,0.0,0.0,0.0,0.3333333333333333,0.0,0.0,0.3333333333333333,0.0,-0.0,0.019626480842800748,-0.0,-0.0,0.0,-0.016327632619647484,0.0,-0.0,-0.004398464297537689,-0.0
2025-05,2678.6667466682343,0.08714490301660338,2.001868777868621e-05,0.020018687778686206,"Telcm,Utils,Durbl",2024-04,2025-03,0.0,0.35335535755998265,0.0,0.0,0.0,0.31734908399239165,0.0,0.0,0.32929555844762576,0.0,0.0,0.3333333333333333,0.0,0.0,0.0,0.3333333333333333,0.0,0.0,0.3333333333333333,0.0,0.0,0.06286540815849498,0.0,0.0,0.0,0.012866409092883915,0.0,-0.0,0.011433104453003067,0.0
2025-06,2667.8691196395807,-0.004030970646902499,3.109502701054753e-05,0.031095027010547536,"Durbl,Telcm,Utils",2024-05,2025-04,0.0,0.36443354284838264,0.0,0.0,0.0,0.31844243446267056,0.0,0.0,0.3171240226889468,0.0,0.0,0.3333333333333333,0.0,0.0,0.0,0.3333333333333333,0.0,0.0,0.3333333333333333,0.0,-0.0,-0.01946606135014086,0.0,0.0,0.0,0.012099623750173172,0.0,0.0,0.0033665619800757308,0.0
2025-07,2657.593894493398,-0.0038514727242583424,1.8209192830665895e-05,0.018209192830665893,"Durbl,Utils,Telcm",2024-06,2025-05,0.0,0.3151271753681392,0.0,0.0,0.0,0.3468206157965194,0.0,0.0,0.3380522088353414,0.0,0.0,0.3333333333333333,0.0,0.0,0.0,0.3333333333333333,0.0,0.0,0.3333333333333333,0.0,-0.0,-0.0038665962577877208,0.0,0.0,0.0,-0.011199796057040294,0.0,-0.0,0.011233128783400534,-0.0
2025-08,2748.3605071802576,0.03415368046823497,1.2557162061300545e-05,0.012557162061300543,"Durbl,Telcm,Utils",2024-07,2025-06,0.0,0.3307344821816965,0.0,0.0,0.0,0.3233729295633261,0.0,0.0,0.34589258825497743,0.0,0.0,0.3333333333333333,0.0,0.0,0.0,0.3333333333333333,0.0,0.0,0.3333333333333333,0.0,0.0,0.02679966346805675,0.0,0.0,0.0,0.012666507609280557,0.0,0.0,-0.005299933447041076,0.0
2025-09,3031.8962940234787,0.10316542757126168,0.00033338889814969156,0.3333888981496916,"Durbl,HiTec,Telcm",2024-08,2025-07,0.0,0.34823529411764703,0.0,0.0,0.0,0.3345688960515713,0.0,0.0,0.3171958098307816,0.0,0.0,0.3333333333333333,0.0,0.0,0.3333333333333333,0.3333333333333333,0.0,0.0,0.0,0.0,-0.0,0.08367209534922486,0.0,-0.0,0.023592132022003665,-0.003765410901816969,-0.0,0.0,0.0,0.0
2025-10,3055.1057338451824,0.007655090270552556,4.456656688232139e-05,0.04456656688232139,"Durbl,HiTec,Telcm",2024-09,2025-08,0.0,0.37790732797680177,0.0,0.0,0.32344590104512777,0.29864677097807046,0.0,0.0,0.0,0.0,0.0,0.3333333333333333,0.0,0.0,0.3333333333333333,0.3333333333333333,0.0,0.0,0.0,0.0,-0.0,0.008532953031962604,0.0,-0.0,0.018665834757418193,-0.019499130951945793,0.0,0.0,0.0,-0.0
2025-11,3008.377690484699,-0.015295065844307398,0.00033338889814969166,0.3333888981496916,"Durbl,HiTec,Other",2024-10,2025-09,0.0,0.33925440772716753,0.0,0.0,0.34931031060831597,0.31143528166451656,0.0,0.0,0.0,0.0,0.0,0.3333333333333333,0.0,0.0,0.3333333333333333,0.0,0.0,0.0,0.0,0.3333333333333333,0.0,-0.012362543757292883,-0.0,0.0,-0.008397199533255543,-0.0,0.0,0.0,0.0,0.005798066344390731
2025-12,3029.6970443186337,0.007086661326257904,0.00034411409232272636,0.3441140923227263,"HiTec,Durbl,Hlth",2024-11,2025-10,0.0,0.32584345707421075,0.0,0.0,0.3298703935569017,0.0,0.0,0.0,0.0,0.3442861493688877,0.0,0.3333333333333333,0.0,0.0,0.3333333333333333,0.0,0.0,0.3333333333333333,0.0,0.0,-0.0,0.014628297797115677,0.0,-0.0,-0.0020992773604061226,0.0,-0.0,-0.005098245018129155,-0.0,0.0
