date,MOM12_1_0bps,MOM12_0_0bps,MOM1_0bps,BUFFER12_1_0bps,EW9_0bps,SPY_0bps,ACCOUNT_MOM20_0bps,ACCOUNT_EW20_0bps,ACCOUNT_BUFFER20_0bps,ACCOUNT_MOM10_0bps,MOM12_1_5bps,MOM12_0_5bps,MOM1_5bps,BUFFER12_1_5bps,EW9_5bps,SPY_5bps,ACCOUNT_MOM20_5bps,ACCOUNT_EW20_5bps,ACCOUNT_BUFFER20_5bps,ACCOUNT_MOM10_5bps,MOM12_1_10bps,MOM12_0_10bps,MOM1_10bps,BUFFER12_1_10bps,EW9_10bps,SPY_10bps,ACCOUNT_MOM20_10bps,ACCOUNT_EW20_10bps,ACCOUNT_BUFFER20_10bps,ACCOUNT_MOM10_10bps
2000-01-31,-0.039041039841216318,-0.082348041598565458,-0.095538069947993076,-0.039041039841216318,-0.031741442705898515,-0.040395737738983084,-0.040124798159429931,-0.038664878732366348,-0.040124798159429931,-0.040260267949206341,-0.039521279201615522,-0.082806638279425693,-0.095990074910537904,-0.039521279201615522,-0.032225330040878242,-0.040875300088938582,-0.040604495911474081,-0.039145306079326647,-0.040604495911474081,-0.040739898000206609,-0.040001038802413791,-0.08326477682174338,-0.096441628319673289,-0.040001038802413791,-0.032708733971926751,-0.041354383355627689,-0.04108371444498482,-0.039625253478887235,-0.04108371444498482,-0.041219048900306143
2000-02-29,-0.021265132823242494,0.0083381064744532107,-0.064837285909739695,0.0014281730210494725,-0.062918053515354622,-0.015225944714534867,-0.016435083748476575,-0.024789718487922885,-0.011873724325613066,-0.01583059567309808,-0.021602541747996806,0.0080019377441735706,-0.065771981276146807,0.001406894060451469,-0.06293750299374079,-0.015225944714534978,-0.016503178767081739,-0.024794307269741078,-0.011878417429443289,-0.015864681576006623,-0.021939838240586429,0.0076656569202859792,-0.066705742880948771,0.0013856221904759991,-0.062956954633420548,-0.015225944714534756,-0.016571323758680645,-0.024798892485280333,-0.011883113977408821,-0.015898797045655444
2000-03-31,0.11489012470698223,0.11614690134383587,0.12722676528938681,0.11614690134383543,0.11245057941548708,0.096914442365688469,0.1005056404343263,0.10002233777591396,0.10076483334682806,0.098709795231816999,0.11451843271674833,0.11611536492658447,0.12647540600574159,0.1161153649265847,0.11242274150847886,0.096914442365688469,0.10043201831804982,0.10001094120005938,0.10075696930852462,0.098673029074060503,0.11414661678787086,0.11608383901796993,0.12572429709173338,0.1160838390179697,0.11239491287768133,0.096914442365688691,0.10035845015176204,0.099999536767817476,0.1007491120798194,0.098636294752715958
2000-04-30,-0.030761556968658565,-0.030761556968658232,-0.031733100649039114,-0.030761556968658343,-0.0029734920594807202,-0.035120898847584958,-0.034244853326284019,-0.02870502163742028,-0.03424485332628413,-0.034682611532501184,-0.030782220495247481,-0.030782220495247814,-0.032378504347990278,-0.030782220495248147,-0.0029954783285252029,-0.035120898847585513,-0.034249217785206731,-0.028711365066257932,-0.034249217785206731,-0.034684808202201323,-0.030802890911976188,-0.030802890911975966,-0.033023692984062158,-0.030802890911975855,-0.003017462154922268,-0.03512089884758518,-0.034253579045871785,-0.028717703565151909,-0.034253579045871674,-0.034687002969768899
2000-05-31,0.0021167016470948763,-0.04076684092851901,0.020366251453028505,0.0031347543369766306,-0.00099899370891898265,-0.01572229464662056,-0.012152213856643002,-0.012779864828901144,-0.011949307179919599,-0.013937109471824027,0.0017692593453022543,-0.041096655249807545,0.019686120640528548,0.0031211656863272541,-0.0010153085294822839,-0.01572229464662056,-0.012222414341889309,-0.01278465729176026,-0.011953680861127802,-0.013972290616504623,0.0014221641387164308,-0.041426359669622159,0.019006216462754244,0.0031075815637182647,-0.0010316215374891469,-0.015722294646621116,-0.012292554039397663,-0.012789446242722158,-0.011958051337320308,-0.014007438956068263
2000-06-30,0.012594360084955625,0.0007716031840119264,-0.018097306076223063,-0.0011778494855446686,-0.018202551694069036,0.019681605491678411,0.018246974653836512,0.012041829110721602,0.015486030124609362,0.018963202981238325,0.012223945464566288,0.00042661890273687497,-0.018751798790053509,-0.0012083994706588719,-0.018228174128212982,0.019681605491678411,0.018172228428970705,0.012035624381002918,0.015479236177828204,0.018925787901695745,0.011853900888752156,8.1749577903522663e-05,-0.019406073412342684,-0.001238939275837847,-0.018253793715736211,0.019681605491678633,0.018097556875658283,0.012029424748759343,0.015472448114036474,0.018888410199854988
2000-07-31,-0.033089790964650145,-0.030377950258205444,-0.028703671773138595,-0.02537017213748971,-0.00035190284500685731,-0.01570198910533982,-0.019194745774606448,-0.012622605580929425,-0.017627069632798698,-0.017449319310280154,-0.033413359503598583,-0.030712568413800989,-0.029351094754792695,-0.025391234521778161,-0.00037118996680518546,-0.01570198910533982,-0.019260701892002574,-0.012629592850326055,-0.017633421432421303,-0.01748237554687937,-0.033736820222307062,-0.03104707506717852,-0.029998302000698973,-0.025412289887611239,-0.00039047494582822306,-0.015701989105339487,-0.019326706412713723,-0.012636584936493112,-0.017639777893448505,-0.01751546045706831
2000-08-31,0.082457255803889185,0.10514462033763983,0.029071875764305144,0.082114730004318126,0.050996428457120713,0.065340592257175922,0.068767302815567755,0.062501903464069031,0.068699320578991196,0.06705415675287596,0.082443494195287625,0.10476225482681167,0.02804331816733896,0.081738659393602475,0.050982791295083096,0.065340592257175922,0.068763931507385134,0.062496764192363052,0.068624548099919469,0.067052399152975228,0.082429727997952673,0.10438001672868347,0.02701578810044003,0.081362714097985567,0.05096915564811777,0.065340592257176144,0.068760557725094928,0.062491628458607895,0.068549730730426361,0.067050640028500252
2000-09-30,-0.05575999464678183,-0.046851165934001182,-0.040915126413733627,-0.066663088183739228,-0.014382678301366525,-0.054862180598286292,-0.055034960116301268,-0.046774066802735215,-0.057211676809152179,-0.054948139995581124,-0.056090614715341935,-0.046857200970699564,-0.041554409782229795,-0.066678835386070112,-0.014406492280455985,-0.054862180598286181,-0.055103083266495045,-0.046780104322020066,-0.057216818050441653,-0.054982328556300697,-0.056421124613935891,-0.046863238019747788,-0.042193480127277305,-0.066694587839218222,-0.014430303613842232,-0.05486218059828607,-0.055171147427748313,-0.046786146540808371,-0.057221955524250134,-0.055016485237451063
2000-10-31,-0.032645143851214309,-0.030004702545241013,0.044197452189652209,-0.022244033272626584,0.017302453889389557,-0.0046776452843303451,-0.01024249494766738,-0.00028611499012431985,-0.008176779053444716,-0.0074582846337580833,-0.033013214330002039,-0.030055281604214001,0.04350143655746419,-0.022287578945569653,0.017265793944339469,-0.0046776452843303451,-0.010318095018092777,-0.00029724929838192971,-0.0081859226188095713,-0.0074962086639337455,-0.033381162159512812,-0.030105877528494696,0.042805652853178167,-0.022331139138576539,0.017229138072164973,-0.0046776452843304561,-0.010393629625192302,-0.00030837544746331602,-0.0081950741154718232,-0.00753409733135324
2000-11-30,-0.038439711121443176,-0.038439711121443287,0.0040801498751295018,-0.034782822844686478,-0.050259255500241018,-0.074653322942450862,-0.067472759886797018,-0.06977343049581386,-0.066766787004145067,-0.071066807866007609,-0.038760284646656928,-0.03876028464665715,0.0037454007003088208,-0.035426193734308553,-0.050278090436287615,-0.074653322942450528,-0.067535727259742218,-0.069779638611846551,-0.066891457901233853,-0.071098344440206351,-0.039080965065343864,-0.03908096506534342,0.0034105399052228869,-0.036069350238428943,-0.050296923279795958,-0.074653322942450417,-0.067598732435793618,-0.069785842178597624,-0.067016203645768879,-0.071129906263864395
2000-12-31,0.056851125710812633,0.056851125710812633,0.041550091525237809,0.056851125710812411,0.04146732962318822,-0.0052262390908214273,0.0071943441155135623,0.004096534053787515,0.0071943441155135623,0.00098438125833499868,0.056840515196254549,0.056840515196254993,0.041195701269237217,0.056840515196254993,0.041443379286424609,-0.0052262390908214273,0.0071892897268546196,0.0040889332622577879,0.0071892897268543976,0.00098154708470210572,0.056829908217356895,0.056829908217357117,0.040841429103958493,0.056829908217356673,0.041419426288217043,-0.0052262390908212053,0.0071842383690103873,0.0040813377032244968,0.0071842383690103873,0.0009787151765952018
2001-01-31,-0.03860076511090027,-0.036069746985970652,-0.014785907697871803,-0.029907790586718885,0.023581553931215415,0.044459933200901469,0.027958680844986539,0.040233133983150537,0.029691035511263397,0.036216631161102963,-0.038937599090531183,-0.036391110630916046,-0.015770629429308403,-0.029924365559415134,0.023551475593411864,0.044459933200901691,0.027879085893793842,0.040223399755286771,0.029679923516316764,0.036175775340621552,-0.039274320829582487,-0.036712581432795544,-0.016754367422751604,-0.029940946058945483,0.023521393913198851,0.044459933200901469,0.027799549269459156,0.04021367222860861,0.029668819664195434,0.036134954897856453
2001-02-28,-0.013790442041826223,-0.020724895898999507,-0.1186321513844103,-0.019567973142193829,-0.048988657718028072,-0.095388221284911534,-0.079083937982437846,-0.086054168262899688,-0.080068781223274765,-0.087236961649499123,-0.013805876324706978,-0.021058882394761724,-0.11951307876933359,-0.019582626901190725,-0.049025319741262341,-0.095388221284911867,-0.079096402083708606,-0.086063038409665116,-0.08008094993441639,-0.087243853054420062,-0.013821305464541078,-0.021392757598788892,-0.12039312610691888,-0.019597275777228362,-0.049061969547894102,-0.095388221284911867,-0.079108873667929958,-0.086071915065978444,-0.080093125951168354,-0.087250749976878761
2001-03-31,-0.038048827854469613,-0.031222557571147225,-0.03731960693091807,-0.024610115555548373,-0.05389275827358031,-0.056037009722331832,-0.052541358556544515,-0.055654803349372672,-0.049788771944737742,-0.05429606737135062,-0.038062076990686866,-0.031561289242556079,-0.03828180622434052,-0.024626088799358348,-0.053918061699760322,-0.056037009722331388,-0.052552808732174827,-0.055665486458569169,-0.049801556571837713,-0.054302544461734659,-0.038075330544756758,-0.031899908041031821,-0.039243044279707484,-0.024642067369359144,-0.05394336793774468,-0.056037009722331166,-0.052564252041819581,-0.05567616268752984,-0.049814333532760657,-0.054309016374588071
2001-04-30,0.034770623664682754,0.034770623664682754,0.070141234804490082,0.063115202090238798,0.079562945611761915,0.085440148393173265,0.075640688141659584,0.084340630012261775,0.081214950866028701,0.080561906263581173,0.034756432780143731,0.034756432780143509,0.069427926199387979,0.063104236031092054,0.079541870121068614,0.085440148393173265,0.075631728698300815,0.084333807571007169,0.08120517646155756,0.080556888573441787,0.034742237163732703,0.034742237163732925,0.068714855284590426,0.063093266315374041,0.079520792288392927,0.085440148393173043,0.0756227758203869,0.084326989826420728,0.081195407918212892,0.080551874894245534
2001-05-31,0.021911566162623908,0.0090172075135384055,0.0030018879762672146,0.013518921889209778,0.017682729043956957,-0.0056057769528299328,-0.00019345629521150265,-0.00099057927253320965,-0.001784662689099159,-0.0029049757340166016,0.021908879789371172,0.0086803302248676939,0.001999387338609715,0.013504331920493939,0.01766262302437549,-0.0056057769528297108,-0.00020306057829044821,-0.0009955206323446486,-0.0017914963485499147,-0.0029103318828627156,0.02190619431127705,0.0083435651912091569,0.00099788820009116819,0.01348974681348003,0.017642514770543682,-0.0056057769528298218,-0.00021267062739904752,-0.0010004658384281662,-0.0017983350230291739,-0.002915692320058727
2001-06-30,-0.028988077038635485,-0.029834149646561725,-0.028740643967685942,-0.049482513909059556,-0.032456641542467746,-0.023829046661191122,-0.024877764586532347,-0.025569249609922573,-0.029018305973797953,-0.024354482542562339,-0.029319376442660805,-0.030483965893856713,-0.029064451054211404,-0.049491483903790989,-0.032466410469835671,-0.0238290466611909,-0.024945937807805962,-0.025572392103430208,-0.029020542930358717,-0.024388690982898198,-0.029650565450350719,-0.031133132974071165,-0.029388366112422681,-0.049500450909520266,-0.032476182654597729,-0.023829046661191122,-0.025014051996782527,-0.025575532294131786,-0.029022777949903156,-0.024422867525127345
2001-07-31,-0.0070121344995587309,-0.007012134499559175,-0.0064057528656539242,-0.0097678848332704016,-0.0055574961721363003,-0.010195714409867551,-0.009554608878724058,-0.0092601167228657522,-0.010079810003766565,-0.0098748873321552466,-0.0070217647149246609,-0.0070217647149247719,-0.0070680386494456071,-0.009784684230522589,-0.0055705794783527107,-0.010195714409867773,-0.0095569456236037631,-0.0092634199927835725,-0.010085490285218657,-0.0098760812182684399,-0.0070313917212886379,-0.0070313917212884158,-0.0077301037448728183,-0.0098014892294410183,-0.0055836613310298322,-0.010195714409867884,-0.009559284083353381,-0.0092667258339117486,-0.010091174735266328,-0.0098772761399797959
2001-08-31,-0.035145474895616369,-0.040668501720959704,-0.031372357575347065,-0.034873342358501924,-0.04854178312900459,-0.059332982188315397,-0.054487687567279175,-0.057173055171288789,-0.054434612109837466,-0.056909844703090795,-0.035149189519282587,-0.040990089270234287,-0.032018001729605006,-0.035197370667666594,-0.048549268979485194,-0.059332982188315397,-0.054488650376932179,-0.057175007120728205,-0.054498722783906217,-0.056910339567118662,-0.035152902905153827,-0.04131156965938021,-0.032663430740857979,-0.035521291003386635,-0.048556752335513487,-0.05933298218831573,-0.054489612352872974,-0.057176957553164098,-0.054562777943503615,-0.05691083396970531
2001-09-30,-0.087808969284727367,-0.085022186299122615,-0.087364594534815931,-0.087808969284727589,-0.095942856453987591,-0.081630606402578798,-0.082812147385308843,-0.084469178299000913,-0.082812147385308732,-0.082217907942351509,-0.088113083647359813,-0.085035642194395411,-0.087671028137308427,-0.088113083647359591,-0.095959574861705699,-0.081630606402578576,-0.082878661095730388,-0.084474419172376858,-0.082878661095730277,-0.082251532402818683,-0.088417299415247674,-0.085049102576462365,-0.087977359629302976,-0.088417299415248007,-0.095976298844084873,-0.081630606402578798,-0.082945126065174346,-0.084479656205261655,-0.082945126065174568,-0.082285127747319886
2001-10-31,0.024823745393311558,-0.013404857905967349,-0.027662086982755185,0.0094271232132936422,0.020576809390613127,0.013022344136530473,0.015363785311530931,0.014544056452419074,0.012297817845224213,0.014191903349625168,0.024454333447527565,-0.013744259957049421,-0.028310204238557235,0.0093995595643820984,0.020547481041904625,0.013022344136530029,0.015289507476436093,0.014535885909829238,0.012291270634259943,0.014154740533929511,0.024085290544646254,-0.014083548911813959,-0.0289581055272633,0.0093720051002919025,0.020518162466054646,0.013022344136530029,0.015215185047882773,0.014527709371111142,0.012284718618482904,0.014117547964178412
2001-11-30,0.1013827679216095,0.097946843723531574,0.06806880788889158,0.082366112078615883,0.074047756170833923,0.077977437142024986,0.082673353659711291,0.077183936447955848,0.078889052238360957,0.080326328708566264,0.10137070040185714,0.09758080043507511,0.067001272848522975,0.082339619521662133,0.074027307779094942,0.07797743714202543,0.082670767068139694,0.077179474937159709,0.078882818743897909,0.080325024850827376,0.1013586288582573,0.097214635091505075,0.065934804276726044,0.08231311813091069,0.07400685711506072,0.077977437142025208,0.082668182372011678,0.077175016893730186,0.07887657984238694,0.080323722122119579
2001-12-31,-0.0016227374827202379,0.012409443906532314,0.0094410222922336473,-0.0011067743277629605,0.016323851954742397,0.0056390797956915595,0.0041556541187659501,0.0077779105151150052,0.0042755414624404686,0.0048953800080722143,-0.0016365140242020626,0.012071917837552126,0.0091044858620643598,-0.0014397942396394692,0.016301480628852172,0.0056390797956917815,0.0041508762323123616,0.0077733714565020318,0.0042076506339752129,0.0048928617926886631,-0.0016502951593954096,0.011734279222366473,0.0087678372156800854,-0.0017729251951669189,0.016279106816982969,0.0056390797956913374,0.0041461018470727584,0.0077688359255245754,0.0041398095556344217,0.0048903457578683973
2002-01-31,0.012278625246322949,0.016250154855489418,-0.0091857037927531859,0.016508823680419171,-0.01280666870026903,-0.0097994102991264542,-0.0053437939204636908,-0.010409110920689191,-0.004492110149295403,-0.0075691008868780107,0.011937014000529267,0.016239798295751395,-0.0098461365847593019,0.016492168290552778,-0.012816337751678342,-0.0097994102991257881,-0.0054113817748312476,-0.01041170599273622,-0.0044962030343623782,-0.0076028474112921351,0.011595516587206589,0.016229445187050606,-0.010506349305858587,0.016475518450632221,-0.012826010027178869,-0.0097994102991263432,-0.0054790192299982721,-0.010414299163124086,-0.0045002989230810142,-0.0076366232080629093
2002-02-28,0.02546238563169223,0.025462385631691564,0.026874993323313001,0.026377665819753426,0.0036738194781007483,-0.017935650920776758,-0.0092540082142287261,-0.013612106377494437,-0.0090729588017415264,-0.013594698837258834,0.025120507856852381,0.025120507856852381,0.026190524072638999,0.026373706863911384,0.0036621529271210207,-0.017935650920776425,-0.0093247410141360509,-0.01361461987955026,-0.0090784850450730259,-0.013630208692658852,0.02477851608475512,0.024778516084754898,0.02550628290235557,0.026369746587977527,0.0036504850797132171,-0.017935650920776758,-0.0093954219813339179,-0.013617131539721439,-0.0090840079746468128,-0.013665687799499726
2002-03-31,0.038346013842646798,0.019885755999795807,0.057463852464678888,0.019885755999796029,0.044325855677158632,0.033270749179320713,0.034241047556637039,0.035477337187277858,0.030523321409098525,0.03375298807685323,0.03799308457061068,0.019876902394908136,0.056758994039440402,0.019876902394908358,0.04431065243856902,0.033270749179320491,0.034166202041652882,0.035472149199141212,0.03051742091713594,0.033715203625174439,0.0376402729024643,0.019868051740238535,0.056054370488718197,0.019868051740238979,0.04429544751054304,0.033270749179320935,0.034091411373159186,0.035466964782491894,0.030511523963346221,0.033677451891665156
2002-04-30,-0.03722076029331034,-0.024678105669286743,-0.023441486445630377,-0.037362412048428606,-0.047574566103639859,-0.058155565561540667,-0.053944680906954368,-0.056038723707566684,-0.053947761754280954,-0.05604860956349822,-0.03755257329562911,-0.025007109727035015,-0.023770406632137142,-0.037366771150418865,-0.047584769217601464,-0.058155565561540778,-0.054010132338370154,-0.056041437015089013,-0.05394996322823209,-0.056081277628606485,-0.037884054816427648,-0.0253360041533085,-0.024099217215116431,-0.037371128799860043,-0.047594971198009706,-0.058155565561540778,-0.054075518383740806,-0.056044148093502444,-0.053952166317781769,-0.05611391305828517
2002-05-31,0.011246585191822644,0.019695018355087468,0.002213596445499677,0.011246585191822422,-0.0018637803845240608,-0.0059338906869262908,-0.0025050521719738317,-0.0051245144048416291,-0.0025050521719733876,-0.004219937779126659,0.011240166257000306,0.019683767932646479,0.0018775196304570141,0.011240166257000306,-0.0018791372093703851,-0.0059338906869258468,-0.0025092082142218475,-0.0051285930911108002,-0.0025092082142216254,-0.0042222773948294989,0.011233745181819632,0.019672513758814292,0.0015415548036898929,0.011233745181819188,-0.0018944957407205365,-0.0059338906869261798,-0.0025133617643396944,-0.0051326689695525562,-0.0025133617643395834,-0.0042246151403364518
2002-06-30,-0.057154423173404023,-0.04700413707216633,-0.047654975992152293,-0.057154423173404467,-0.064918875050363867,-0.073807499090223438,-0.070469442613363187,-0.07202918268479086,-0.070469442613362965,-0.072137996361765322,-0.057170191744781329,-0.047017111395126543,-0.048289766876343343,-0.057170191744781218,-0.06492746975504593,-0.073807499090223327,-0.070474116263835485,-0.072031742683233868,-0.070474116263835374,-0.072140506754365674,-0.057185955061719307,-0.047030081394753842,-0.048924346234082261,-0.057185955061719196,-0.06493606159578158,-0.073807499090223438,-0.070478786489475476,-0.07203430080572093,-0.070478786489475365,-0.072143014973176101
2002-07-31,-0.092367321865949981,-0.086264430804456671,-0.12141677263239037,-0.092367321865949981,-0.091201294936493316,-0.078819328537414468,-0.081470048293664221,-0.081298024551366144,-0.081470048293664332,-0.080140966295681793,-0.092379260101547067,-0.086279037991511154,-0.12200239717987771,-0.092379260101546956,-0.091215746634360384,-0.078819328537414468,-0.081474072732047431,-0.081301541057504312,-0.081474072732047098,-0.080143129643287403,-0.092391194359058071,-0.086293640311125297,-0.12258782658423006,-0.092391194359057738,-0.091230199938150291,-0.078819328537414468,-0.081478094221338004,-0.081305054986760994,-0.081478094221338226,-0.080145291117615258
2002-08-31,0.018180798099771023,-0.0032908559938431559,-0.0092895058207802528,0.018180798099771245,0.010562695641775699,0.0068008077925501009,0.0090316917361408233,0.0075540844325900913,0.0090316917361403792,0.0079134938320231107,0.017827598298460146,-0.0036342487393262735,-0.010279721207266279,0.017827598298460146,0.010541671038503342,0.0068008077925498789,0.0089601162993215855,0.0075487793455617513,0.0089601162993213634,0.0078776488745049278,0.01747475134410359,-0.0039775270587026901,-0.011268947367591986,0.017474751344103368,0.010520644098904297,0.0068008077925496568,0.0088884978914580692,0.0075434701291436923,0.0088884978914582913,0.0078417752180608424
2002-09-30,-0.093531830999814769,-0.089206126698736732,-0.10407173928782132,-0.093531830999814769,-0.10483095260184916,-0.10485219091331088,-0.10259172940768468,-0.10484665712540109,-0.10259172940768435,-0.10372218587717985,-0.093540156616057191,-0.089514535984732357,-0.10496721980827339,-0.093540156616057413,-0.10483955460726357,-0.10485219091331077,-0.10259354777630014,-0.10484865513294017,-0.10259354777630025,-0.10372311142413926,-0.09354847945801914,-0.089822842501888989,-0.10586180574279092,-0.093548479458018807,-0.10484815374629819,-0.10485219091331099,-0.10259536481242237,-0.10485065141037231,-0.10259536481242248,-0.10372403616965342
2002-10-31,0.060750487369147121,0.060750487369147121,0.036601975593534508,0.060750487369147121,0.066643086000109708,0.082283635987022707,0.077947071816466984,0.079150649375471671,0.077947071816466762,0.080113466131332078,0.060738978256501541,0.060738978256502207,0.035565891659907312,0.060738978256501985,0.066630158811594509,0.082283635987022929,0.077944605444683512,0.079147032251918992,0.07794460544468329,0.080112222485885454,0.060727472978949537,0.060727472978949537,0.034530842775165826,0.060727472978949537,0.066617230186565957,0.082283635987022263,0.077942141208570792,0.079143412473861918,0.077942141208571902,0.080110980000092091
2002-11-30,0.065618989481954326,0.065618989481954326,0.076800187875014858,0.065618989481953882,0.054301537226198571,0.061681393489898761,0.062483768124220518,0.060205650267638688,0.062483768124220518,0.062083499066931003,0.065612385041883936,0.065612385041884158,0.075723925818168336,0.065612385041884158,0.054279259232952182,0.061681393489898317,0.062480659529654092,0.060200356831451973,0.06248065952965387,0.062081831072097193,0.065605778399600023,0.065605778399600023,0.074648738948191573,0.065605778399599579,0.054256988663229144,0.061681393489898761,0.062477548653778747,0.060195059510563809,0.062477548653778747,0.062080161630412745
2002-12-31,-0.064890316932170844,-0.05612451480860392,-0.066184834273236182,-0.064890316932170955,-0.039584921077964519,-0.05656962300224877,-0.058244479906699453,-0.05315215988529054,-0.058244479906699564,-0.057407726187342134,-0.065212147258704278,-0.056134897532924666,-0.066807273977102843,-0.065212147258704389,-0.039600863739615799,-0.056569623002249214,-0.058309422952866896,-0.053156086579140394,-0.058309422952866341,-0.057440234042920313,-0.065533656076419255,-0.056145276797489929,-0.067429506270205941,-0.065533656076420033,-0.039616804630056679,-0.05656962300224877,-0.058374404988255413,-0.05316001615467858,-0.058374404988255302,-0.057472767925604629
2003-01-31,-0.018507907148232694,-0.021017732343570739,-0.014730349427137024,-0.016518427865665708,-0.029242074877661062,-0.024594601931071214,-0.023378333499222359,-0.02553403458558734,-0.02298087181900399,-0.023986534613640642,-0.018835125715610856,-0.021344114163092565,-0.015715126689078818,-0.016528829989818195,-0.029258930672955707,-0.024594601931071658,-0.023443606881751067,-0.025539396979200601,-0.022983065614215148,-0.024019160632294145,-0.019162453392215451,-0.02167060481283134,-0.016698920157552699,-0.016539235582501477,-0.029275788341324716,-0.024594601931071547,-0.023508832432209359,-0.025544755681262687,-0.022985257801821146,-0.024051758399548762
2003-02-28,-0.0084173195844043924,-0.0065873599491497181,-0.031218665272002566,-0.026286334763605645,-0.016672363872144769,-0.013479601480006709,-0.012466583247293328,-0.014117164204906385,-0.016045158548650074,-0.012973057094034401,-0.0087552735155597139,-0.006595702529266001,-0.031864411870721532,-0.026610960089572089,-0.016679108394435094,-0.013479601480006376,-0.012534210442673777,-0.014118530382774219,-0.01611158782515909,-0.01300687291818825,-0.0090931148329420619,-0.006604047891170195,-0.032509943292299948,-0.02693569366006221,-0.016685853666200012,-0.013479601480006376,-0.012601779078569408,-0.014119897684868099,-0.016177968422563693,-0.013040657210336981
2003-03-31,0.015794951130013279,0.011679211911359344,0.0098647628441008717,0.010809974718146709,0.011438375994156313,0.002140339804872049,0.0048728586388999684,0.0039937084817556201,0.0038659992588843117,0.0035066996265349371,0.015444429318357766,0.011337662295554773,0.0088554027612983699,0.010806335508757758,0.011431025087378588,0.0021403398048724931,0.0048026843251920415,0.003992091543618459,0.0038643861729297235,0.0034715995507299535,0.015094257678341716,0.010996226491684968,0.0078470510302268703,0.01080269508589371,0.011423674997277811,0.002140339804872271,0.0047325801156936631,0.0039904733468849596,0.0038627719031774088,0.0034365322044487279
2003-04-30,0.040942731363318607,0.043633449366986987,0.082286840995816846,0.08280727223194706,0.074758063347939663,0.08461151035457215,0.075891331741116286,0.082634779907774458,0.084253221704282177,0.080252273928530737,0.040591182642946144,0.043279955862291164,0.081565436669207347,0.082800131698739676,0.07475024512348627,0.084611510354572594,0.075817838918594838,0.082633007840870798,0.084251362336382751,0.080215326625945993,0.040239751066432738,0.04292658014950046,0.080844272730577371,0.082792993544917204,0.074742429504240038,0.084611510354572372,0.07574440973469998,0.082631237151170156,0.084249504578540302,0.080178413775354951
2003-05-31,0.052291838053687867,0.035840633246591036,0.045182054921828474,0.034116570493556209,0.058169566041096132,0.054836039639079237,0.054325915368923283,0.05550959861045901,0.050688443181716947,0.054580900291604006,0.052275587053357553,0.0354947923549922,0.044485382997201839,0.034103198980901972,0.058153717676679539,0.054836039639078349,0.054318040588998473,0.055505889203832259,0.050685467736277579,0.054576683929232539,0.052259341468221532,0.035149066705276732,0.043788943219166931,0.034089823009590736,0.05813786402771326,0.054836039639078571,0.054310160029997334,0.055502176744739451,0.050682489709881873,0.054572463909510427
2003-06-30,0.020163675573356077,0.023834998084047543,0.0091994412758946709,0.019449674061052358,0.012372131356892968,0.010651836246817536,0.012557735052686203,0.010995907135184613,0.012413249508195223,0.011605005816268221,0.019469374845319409,0.023483982333598385,0.0081907461821664196,0.019439918472952344,0.012360479381106293,0.010651836246817759,0.012419582522144479,0.010993105309793805,0.012409876195411673,0.01153597411848839,0.018775767724404258,0.023133083549410127,0.0071830587758432429,0.019430159631905308,0.01234882869983922,0.010651836246817536,0.012281347050319802,0.010990305661906508,0.01240650040705038,0.011466887151134753
2003-07-31,0.01431829230755266,0.019735152341179507,0.012597831023440254,0.014266765794596292,0.0095321116503541692,0.018027251658156329,0.017278335400341183,0.016324221533182914,0.017269250477779163,0.017652343839645201,0.013975081242273424,0.019726086215429373,0.01158573923830919,0.013924217446922516,0.0095241617600649864,0.018027251658156551,0.01720876832823337,0.016322207340136341,0.017200026328917373,0.017617501943857361,0.013631984542560982,0.01971702311071355,0.010574658533882619,0.01358178324398307,0.0095162127529988538,0.018027251658156551,0.017139261495381142,0.016320191668931061,0.017130862122367363,0.017582692536850075
2003-08-31,0.029363544809013931,0.023979850186390816,0.022961840561271929,0.014077861013096271,0.02396256197479274,0.020625337607189875,0.022382165021946232,0.021292461109913896,0.019314027522324473,0.021504325715031802,0.028677416800476196,0.023638466672409875,0.022279979644384218,0.013729330176751153,0.023945781805210675,0.020625337607190319,0.022245797398481537,0.021288960858944606,0.019243716072012695,0.02143619590373258,0.027991517425062895,0.02329696932597991,0.021598345938731445,0.013380915478639066,0.023928999770959081,0.020625337607190097,0.022109329698703606,0.02128545772762247,0.01917335302213119,0.021368006995379663
2003-09-30,-0.031723728647940819,-0.031958805225641651,-0.025018959406704178,-0.032765981881804351,-0.010307395777441553,-0.010905785986239591,-0.015041786374592081,-0.010785520561356621,-0.015264975088143728,-0.012972041621177599,-0.032046541207151447,-0.032281539412931437,-0.025993453200400918,-0.03308844696535751,-0.010316891657387472,-0.010905785986239591,-0.015110203224971808,-0.010787775693942514,-0.015330836026288153,-0.013006496328060169,-0.032369461406428379,-0.032604381214154099,-0.026966973473823486,-0.033411019573113432,-0.010326388592549196,-0.010905785986239369,-0.015178569939760966,-0.010790029073898921,-0.015396648701803906,-0.013040921200053734
2003-10-31,0.086544976573278865,0.080154680031087278,0.034028056946780127,0.086544976573279087,0.050779297642425059,0.053526636512832626,0.060122805589962525,0.052977763089739227,0.060122805589962747,0.056824263136686204,0.086537782406890917,0.07979012372063421,0.032994545645484541,0.086537782406891139,0.050769403602108465,0.053526636512832626,0.060118594931049651,0.05297543833355034,0.060118594931049429,0.056821907619958312,0.086530590637759364,0.079425688888458579,0.031962066823010726,0.086530590637759364,0.050759510661008145,0.053526636512832182,0.060114381744224232,0.052973111767810943,0.06011438174422401,0.056819550217307224
2003-11-30,0.01393134950372743,0.01495079971202351,0.0086733005195636093,0.013931349503727652,0.011887924729417465,0.010920940813903712,0.011545565268286095,0.011114401527888784,0.011545565268285207,0.011234700551068899,0.013593316048316817,0.01461242638323168,0.0076651313036519841,0.013593316048317039,0.011873595264301651,0.01092094081390349,0.011472522220248749,0.011111527108905284,0.011472522220248971,0.011197829793005765,0.013255169877516293,0.01427394022572015,0.0066579692497945597,0.013255169877515849,0.011859264206846687,0.010920940813903712,0.01139953269786198,0.011108654923843719,0.011399532697861314,0.011160990961929906
2003-12-31,0.057062055919715471,0.068110539987610075,0.070193776028995014,0.068110539987610075,0.061462923283370108,0.050313296918951922,0.051660506404276552,0.052542275430974561,0.053864044198610683,0.05098674296817518,0.056351709380897841,0.067748507158651661,0.069480432402246439,0.067748507158651217,0.0614540318380985,0.050313296918952144,0.051518927589112362,0.052540352828098102,0.053792386451130936,0.050915984177555718,0.055642072478983229,0.06738659496709043,0.068767326477473523,0.067386594967089986,0.061445141380654933,0.0503132969189517,0.051377490211326426,0.05253843180472928,0.053720790753255088,0.050845296075038293
2004-01-31,-0.0038549038922098822,-0.0049907378482763054,-0.0030628737530459249,-0.0049907378482765274,0.011769092225629718,0.01977036069463356,0.015031689051632213,0.01816471296923261,0.01479211606531794,0.017400171466568581,-0.0045239130368244229,-0.0053305996842705206,-0.0033955937731585673,-0.0053305996842705206,0.011758019245140527,0.01977036069463356,0.01489519794373706,0.018161834827266965,0.014721883459882346,0.017331757111661572,-0.0051922538406348195,-0.005670348270736203,-0.0037282029235539138,-0.0056703482707358699,0.011746947494845728,0.01977036069463356,0.014758624892010186,0.018158958922115609,0.014651711669997125,0.01726328798145027
2004-02-29,0.016274466182888858,-0.0045641744635874781,-0.001878025508384451,0.016274466182889302,0.023261721925581291,0.013570033746431953,0.014142817750780745,0.015516527565466287,0.014142817750781411,0.013858384255433176,0.01626023914512098,-0.004896041716641597,-0.0028756486712945284,0.016260239145121202,0.023252450031334249,0.013570033746431953,0.014137336507408227,0.015513965688017439,0.014137336507408671,0.013855474174369942,0.016246007363425186,-0.0052280196290003245,-0.0038722752076684186,0.01624600736342563,0.023243175045425168,0.013570033746431731,0.014131851241507842,0.015511401816446835,0.014131851241507842,0.013852561569049016
2004-03-31,-0.02019776566746101,-0.015602210600176414,-0.018712231810917745,-0.018507022482585067,-0.013171272739538442,-0.013245436840900959,-0.014631062016405183,-0.013231274595533971,-0.014293368194984724,-0.013937944311055883,-0.020538337996176881,-0.016258366433803961,-0.019693029180422039,-0.018521077378323647,-0.013183098552795647,-0.013245436840900737,-0.01470074345156136,-0.013234846656698829,-0.014297388466609329,-0.013972884068325975,-0.020878796838611158,-0.01691430362170232,-0.02067284673237435,-0.018535136960589615,-0.013194920425428691,-0.013245436840900626,-0.014770364548433501,-0.013238416100270545,-0.014301405792195743,-0.014007791245563506
2004-04-30,-0.044233420561580528,-0.044585695337510001,-0.017453096305724225,-0.03194023482215369,-0.01335221656603347,-0.018921463453361209,-0.023978680399462382,-0.017804738328851433,-0.021523648829668063,-0.021449751061473732,-0.044555810290828224,-0.044909236989269408,-0.018108018421167937,-0.031945075648736942,-0.013358705729376918,-0.018921463453360987,-0.024045301037572631,-0.017806167146696916,-0.021525218985862016,-0.021483196090581802,-0.044877877952414602,-0.045232670829747912,-0.018762722301984613,-0.031949914862249185,-0.013365195613818548,-0.018921463453360765,-0.024111961672064197,-0.017807597076710646,-0.021526790294349007,-0.021516667897134467
2004-05-31,0.016132558919061735,0.0093557494841087774,-0.011818694425038134,0.01558013988572382,0.0130416292851534,0.017123423746900235,0.016953804456333543,0.016304387953735011,0.016833421320864073,0.017040354409610492,0.015792664323646344,0.0086819504315458484,-0.012477372182461477,0.015233425355198449,0.013024603901254261,0.017123423746900013,0.0168824359064077,0.016300430893202877,0.016761734201599543,0.017004446120895578,0.015452882988675753,0.008008824504909251,-0.01313583045379485,0.014887057192835673,0.013007580408854524,0.017123423746900013,0.016811024509644446,0.016296476907992519,0.016690004044239926,0.016968509082549543
2004-06-30,0.055434456193956816,0.057955604636582336,0.056222320804310888,0.055434456193956816,0.025192694191025433,0.018501384773418561,0.025875681838692266,0.019837667851427154,0.025875681838692266,0.022187760361960462,0.055074270802903724,0.057948634590679449,0.055166626330742874,0.055074270802903724,0.025186874335883624,0.018501384773418561,0.025804894324935379,0.019836436619776743,0.025804894324935601,0.022152445720206249,0.054714205433640251,0.057941662220653223,0.054111986497009212,0.054714205433640251,0.025181055127320828,0.018501384773418783,0.025734168107233613,0.019835204429756059,0.025734168107233391,0.022117164008050416
2004-07-31,-0.0068044216591029993,-0.0068044216591027773,-0.013328319639096531,-0.0068044216591028883,-0.025414573159965093,-0.032218649382441233,-0.027130277813249171,-0.030857466392631316,-0.02713027781324906,-0.029674107820621853,-0.0068073324320235828,-0.0068073324320234718,-0.01365726502344744,-0.0068073324320239159,-0.025424182632783898,-0.032218649382440678,-0.027135997998940953,-0.030859928605080356,-0.027135997998940731,-0.029677328530049785,-0.0068102441755254484,-0.0068102441755251153,-0.013986320092821858,-0.0068102441755251153,-0.02543379103800214,-0.032218649382440789,-0.027141714754579271,-0.030862388794707152,-0.027141714754578938,-0.02968054666497022
2004-08-31,0.00062366125122959026,0.0080761594412253057,0.018183471194838985,0.00062366125122936822,0.0069724482611368543,0.0024363084463356888,0.0020780894344609724,0.0033443103683510333,0.0020780894344607503,0.0022574738666225613,0.00061661448373317995,0.0077350318556652642,0.017504795326687361,0.00061661448373295791,0.0069613668744417101,0.0024363084463352447,0.0020742749614064415,0.0033415103616554198,0.0020742749614062195,0.0022553229371344852,0.00060957006437623029,0.007394017941410036,0.016826345608441873,0.00060957006437623029,0.0069502842563444744,0.0024363084463352447,0.002070462775663362,0.0033387125310506693,0.00207046277566314,0.0022531737270143903
2004-09-30,0.0440279774260115,0.046352548916863245,-0.0041112535072491685,0.052872533536056032,0.018723492729254332,0.010036496067808098,0.016807801921334908,0.011772777064509299,0.018569122158858642,0.013420466430692501,0.043676667378192535,0.046001533494439917,-0.0044432717591220694,0.052869028292857445,0.01871590556524616,0.01003649606780832,0.016739207130461509,0.011770953168353859,0.01856828368738439,0.013386267321743084,0.043325708289462694,0.045650635038168685,-0.0047754007206488591,0.052865524217684534,0.018708317558125742,0.010036496067808098,0.016670671736928933,0.011769130608742628,0.018567445830339313,0.013352100102197895
2004-10-31,0.0031420166052111842,0.00030892835270934782,0.010103728385296051,0.0022757906145742801,0.014370667659095337,0.012885182918578542,0.010911758064311439,0.013181125539795557,0.010726262802511322,0.011896881923654901,0.0028033636415480956,-2.7486020876654749e-05,0.0090941294563755548,0.0022640715870640982,0.014358187802060884,0.01288518291857832,0.010840633204764138,0.013178333380543528,0.010721263910029366,0.011861047360013144,0.0024648235245905425,-0.00036378829370520283,0.0080855391177931946,0.0022523564645944294,0.014345706558221316,0.01288518291857832,0.010769560465226036,0.013175543391283906,0.010716268015084962,0.011825243826101062
2004-11-30,0.062811330422936962,0.055914304949670424,0.040063921524115642,0.070541574592801748,0.047277567331406534,0.044517270717313151,0.04819040193348445,0.045069008647196096,0.049740558211332164,0.046354727254042327,0.062454086029135158,0.055560756407755596,0.039370661119833894,0.070538399619541448,0.047266086627642201,0.044517270717313595,0.048118955450078049,0.04506649425086362,0.049739009668298806,0.046319005774118072,0.062097198522839347,0.055207325676084773,0.038677631725350103,0.070535225704252857,0.047254609749504128,0.044517270717313595,0.048047466073045442,0.045063982031787742,0.049737459988834054,0.046283255694129499
2004-12-31,0.0045207187769715773,0.0057248071612450158,0.011799588465720046,0.0031858908498083593,0.026638480606252513,0.030121013234068572,0.024917242856149935,0.02942235321129405,0.024657118576722814,0.027513797915678762,0.004174965216362736,0.0053813262253907812,0.010788294524224806,0.0031785013241314442,0.026631340806867909,0.03012101323406835,0.024846602086986413,0.029420833046025052,0.024653700595850037,0.027478382655265365,0.003829557063905753,0.005038188427334056,0.009778010866387854,0.0031711093344568564,0.026624203386623746,0.03012101323406835,0.024776031888022132,0.02941931412964216,0.024650285119659499,0.027443002774732994
2005-01-31,0.009578437284286645,0.0090881258346962035,-0.042822530840264994,-0.0076114815292576132,-0.015655923288764084,-0.022420838791517128,-0.015901352986630646,-0.021054775091350231,-0.019361126515109794,-0.019153659344826268,0.0095667923303626168,0.0087407457691059953,-0.043779229959864829,-0.0076199266658014686,-0.015664427973295814,-0.022420838791516795,-0.015905328724797774,-0.021056930923556871,-0.019365747781944997,-0.019155768857679112,0.0095551434934941781,0.0083934814582851125,-0.044734973336088446,-0.0076283746183294365,-0.015672933602898342,-0.02242083879151735,-0.015909307380645665,-0.0210590885297951,-0.01937037182320489,-0.019157880200363353
2005-02-28,0.087392407609563572,0.087392407609563127,0.061197359841400401,0.085963660189116275,0.03301628147766178,0.02090380191476604,0.034195059367941871,0.02332651750518977,0.033899187467517855,0.027549009417888515,0.087029883052933688,0.08702988305293391,0.060136692815072612,0.085938528464610364,0.033000516663397539,0.02090380191476604,0.034117864428290678,0.023322581772174944,0.033892481918354367,0.027510125538078301,0.08666723761449191,0.08666723761449191,0.059077085396163298,0.085913405114554697,0.03298475710231985,0.020903801914766262,0.034040726056778325,0.023318649272548564,0.033885782175635093,0.027471275328450728
2005-03-31,-0.0039776771414040679,-0.011975609547466015,-0.017191884900789045,-0.015802121771675726,-0.013511274598001721,-0.018292641674737764,-0.015489768816490224,-0.017337354254227888,-0.017870461889393563,-0.016895171837290834,-0.0043263839071038257,-0.011992327027938288,-0.017846981128151085,-0.015819852643171206,-0.013525962525934077,-0.018292641674738097,-0.015564123286973652,-0.017340795482372995,-0.017879240639165017,-0.01693264962609542,-0.0046749744759476686,-0.012009038937773941,-0.018501859062867165,-0.015837589426927701,-0.013540642298436989,-0.018292641674737653,-0.015638413372715765,-0.017344233730703706,-0.017888012955903809,-0.016970092468248432
2005-04-30,-0.033388217388841457,-0.031214796146942225,0.019228404950676126,-0.053634972117026281,-0.0223227195010961,-0.018735432933851603,-0.021580591999916909,-0.019451287733027844,-0.025637907655040038,-0.020152553567249765,-0.033710475025985009,-0.031225350476335789,0.018544876516105147,-0.053644915699712081,-0.022332203580782251,-0.018735432933851492,-0.02165145143225311,-0.019453662905723035,-0.025641791520782276,-0.020188398137636288,-0.034032840118158769,-0.031235908325012551,0.017862030927122907,-0.053654855968974902,-0.022341684500161718,-0.018735432933851714,-0.021722258939084083,-0.019456036127102339,-0.02564567254044392,-0.020224211669629399
2005-05-31,0.006627885032003844,0.006627885032003844,0.014818706406765303,0.017631371111773486,0.027619479984350104,0.032224570044653511,0.027107092251531295,0.031303551342152014,0.029285856353294504,0.0296659446831542,0.006606969411777408,0.006606969411777408,0.014480377116415033,0.017622184281768316,0.027601415517815919,0.032224570044653289,0.027100498392435224,0.031299523674327201,0.029279336564270508,0.02966249659895448,0.0065860607611012423,0.0065860607611012423,0.014141935012029316,0.01761300051301995,0.027583353058221904,0.032224570044653067,0.02709389969429421,0.031295492871433073,0.029272812861024455,0.029659045523823035
2005-06-30,0.036433255580592849,0.038030437919002402,-0.012699240335826367,0.0075770187124073463,0.0058219352015946857,0.0015153432281702628,0.0084348869776607049,0.002375956822042502,0.0027144399662946128,0.0049712153623844291,0.036427836206766262,0.037683354590238638,-0.013686047691812697,0.0075706529925969601,0.005812832791608713,0.0015153432281702628,0.0084313971556435607,0.002373715306268176,0.0027120228093331367,0.0049692631054554237,0.036422418638795584,0.03733638691736596,-0.014671869226264178,0.0075642851501727115,0.0058037334147484909,0.0015153432281704848,0.008427905238476141,0.0023714721455085908,0.0027096042012071386,0.0049673092854705114
2005-07-31,0.042654626574398335,0.037235187463497077,0.027950827100378994,0.05516197330867878,0.041322394462953271,0.038261135559638726,0.03917856916157425,0.038874262677690563,0.041633336413827271,0.038722333236261175,0.04230701709729412,0.03688938476722603,0.026923389991833524,0.055137634917565848,0.041307432525692578,0.038261135559638504,0.039103478619521681,0.038870949269189881,0.041628065213212606,0.038684430732211617,0.041959291711727964,0.03654346676495468,0.025896979293984934,0.055113304636546845,0.041292475574082221,0.038261135559638504,0.039028443103514388,0.03886763872982435,0.041622798577015674,0.038646561048554684
2005-08-31,0.020429213286520476,0.012413322240964364,0.0025031518932299157,0.023053547782305062,-0.0083319605938770858,-0.0093746200233627563,-0.0034128005848484966,-0.0091660873833594447,-0.002896427607973151,-0.0063936447028394294,0.020078958801452274,0.012067879613473886,0.0018349278293114946,0.02237162573745799,-0.008340110941740142,-0.0093746200233627563,-0.0034814333117384466,-0.0091677849790692267,-0.0030313642008105157,-0.0064278720147719071,0.019728821028974997,0.011722552095156269,0.0011669264325258055,0.021689930924215117,-0.0083482603841090741,-0.0093746200233629784,-0.0035501164062308188,-0.0091694811801250609,-0.0031661839498653421,-0.0064621290161056555
2005-09-30,0.036882479799285051,0.033692581649738207,0.023987303573122842,0.036882479799285273,0.013539400921951827,0.0080258270763047257,0.013837861329228041,0.0091285016320996615,0.013837861329228041,0.01093445732498588,0.036536794691834018,0.0333479600189166,0.023304759128147889,0.036536794691834018,0.013525374560459102,0.0080258270763047257,0.013762941753734603,0.009125499525531211,0.013762941753734159,0.01089663015585618,0.036190994317591763,0.03300322347591389,0.022622442122175679,0.036190994317591763,0.013511355987063212,0.0080258270763047257,0.013688077079002436,0.0091225000185350957,0.013688077079002436,0.010858835741885731
2005-10-31,-0.05905138398542864,-0.059051383985428862,-0.053886427708604301,-0.059051383985428418,-0.023736596256541231,-0.023650891821625719,-0.030678907733958649,-0.023666374851415428,-0.030678907733959093,-0.027161605427534319,-0.059057935445554266,-0.059057935445553933,-0.054201851469994899,-0.059057935445554377,-0.023743443462925673,-0.02365089182162583,-0.030682286175482298,-0.023668016083772891,-0.030682286175482076,-0.027163430182002068,-0.059064489090228101,-0.059064489090228101,-0.054517380407698157,-0.05906448909022799,-0.023750289908594513,-0.02365089182162583,-0.030685662141296866,-0.023669655967780923,-0.030685662141296755,-0.027165253356385199
2005-11-30,0.0088982893359503823,0.0088982893359503823,0.040640936228698132,0.0088982893359506043,0.035570603306506854,0.043952260227118956,0.036963945786635088,0.042276572688350056,0.036963945786635088,0.04045945461307987,0.0085467844330950893,0.0085467844330950893,0.039600815352907048,0.0085467844330950893,0.035554976753973344,0.043952260227118733,0.036886189304618844,0.042272857175274403,0.036886189304618844,0.04042011549151292,0.0081956306839887638,0.0081956306839887638,0.038561733558910571,0.0081956306839889859,0.035539344990852095,0.043952260227118733,0.036808386140704252,0.042269138604707601,0.036808386140704252,0.040380744873451668
2005-12-31,0.020481182377784846,0.010539079996975786,-0.0036921727452784436,0.02048118237778529,0.0063238058415602261,-0.0019136690865884098,0.002531455310453623,-0.00026936205542416047,0.002531455310453401,0.00030682669251991257,0.020477478055435094,0.01019995984955524,-0.0043562672810252279,0.020477478055435094,0.0063133739099032748,-0.0019136690865882988,0.0025280912029632674,-0.00027146518848752965,0.0025280912029639335,0.00030494234300992851,0.020473774967447733,0.0098609527045163681,-0.005020140525690997,0.020473774967447733,0.0063029431372219058,-0.0019136690865880768,0.0025247250757971518,-0.00027356659372945735,0.0025247250757969297,0.00030305648481343539
2006-01-31,0.057335570623314513,0.061873845381468229,0.056848498288334381,0.060204424885367036,0.032541084894124106,0.024014274521899637,0.030669668513941595,0.025719550972182148,0.031239603877923683,0.027341408749177898,0.056980687851875045,0.061519828430182555,0.056144050030851655,0.060201920965347711,0.03253201348808088,0.024014274521899415,0.030596708039156484,0.025717204002333682,0.031235326880820535,0.027304776241447559,0.056625923335274164,0.061165693433897994,0.055439836511208762,0.060199416210409806,0.032522941073992229,0.024014274521899637,0.030523801029512354,0.025714858856487943,0.031231052448376539,0.02726817545439908
2006-02-28,-0.025787095849485686,-0.03335949515715142,-0.0379057617427494,-0.023596937815183239,-0.002515750793493865,0.0057253618907793236,-0.00067259151990706201,0.004067005380866906,-0.00022550845961855082,0.0025202908848527272,-0.026116514882432607,-0.033687922867676412,-0.038228070546823978,-0.023609805555668828,-0.0025235973517171439,0.0057253618907793236,-0.00074111499737594677,0.0040653295136894307,-0.00022891453285212027,0.002485860197189993,-0.026445824145624575,-0.034016241138776993,-0.038550271950431036,-0.023622669008336539,-0.0025314412952917031,0.0057253618907795456,-0.00080957913925561176,0.0040636550976724806,-0.00023231765671105631,0.0024514616148707535
2006-03-31,-0.0022858926141363645,0.0025813298204073742,0.014060916228506803,-0.0022858926141364755,0.012417470292318544,0.016504147665580948,0.012747870218636104,0.015686654740939332,0.012747870218636104,0.014626115447369248,-0.0026321565175342343,0.0022350410307661051,0.013047362089348313,-0.0026321565175343453,0.012409237897932357,0.016504147665580948,0.012676441476191513,0.015684891942717716,0.012676441476191513,0.014590265190096652,-0.0029783050380918219,0.0018888676322570408,0.012034820491786169,-0.0029783050380918219,0.012401000927451777,0.016504147665580726,0.012604960314228197,0.015683127615411685,0.012604960314228641,0.014554383835649887
2006-04-30,0.036557552246692326,0.025380507750407455,0.030716199604529315,0.036557552246692104,0.01617007805037618,0.012631826487732534,0.017396849911390344,0.013337649110213956,0.017396849911390122,0.015013096943153226,0.036544277487503996,0.025038657272744347,0.030029169976398373,0.036544277487504218,0.016159695690745934,0.012631826487732756,0.01739331344824202,0.013335512770598967,0.017393313448242242,0.015011260950599681,0.036530998301920858,0.02469669280692588,0.029342369281831315,0.036530998301921302,0.016149312177391684,0.012631826487732534,0.017389774389784618,0.013333378091289871,0.01738977438978373,0.015009423365473173
2006-05-31,-0.051710309363278251,-0.03976356044667706,-0.029234420522643689,-0.040146320541378122,-0.022855317073652737,-0.030121191582207496,-0.0343989699295284,-0.028670062022638887,-0.032096166288765882,-0.032257533073867251,-0.052342397142406294,-0.040083692615223043,-0.02956036623412639,-0.040467879246424032,-0.022865659368355939,-0.030121191582207607,-0.034531581206849404,-0.028672574802336759,-0.032164599410260952,-0.032324234720570111,-0.052974274295816248,-0.040403931530074044,-0.029886203333242212,-0.040789330800951928,-0.022876002812330598,-0.030121191582207496,-0.034664077653915992,-0.028675085629168651,-0.032232982384242437,-0.032390874170452832
2006-06-30,0.010505473376343222,0.0087249973766208022,0.011335211174640314,0.0087249973766212463,0.0066754936375008622,0.0026086316455855574,0.0041844528391414837,0.0034217791866364422,0.0038360813508402369,0.00339632605989304,0.010168144461811579,0.008718644551612531,0.010324381378363778,0.008718644551612531,0.0066653551910289544,0.0026086316455855574,0.0041146974335561914,0.0034194646603249446,0.0038330259169054859,0.0033612951907950883,0.0098309279527828419,0.008712293843506913,0.0093145614020633261,0.008712293843506469,0.0066552156179373601,0.0026086316455855574,0.00404490014960035,0.0034171518300889492,0.0038299682406750524,0.0033262362745642982
2006-07-31,-0.017650589354949897,-0.017650589354950119,0.029266109890589975,0.00632918646638303,0.0023553782952319136,0.0044780326300546403,9.5063669204753509e-05,0.0040576959330407281,0.0048631660311810876,0.0022892377635919114,-0.017979806709441104,-0.017979806709440882,0.028922963996310447,0.0063219352344425772,0.0023476184201911554,0.0044780326300548623,2.6083980112723282e-05,0.0040557059566168618,0.0048605168618780503,0.0022545266299835998,-0.018308914361381379,-0.018308914361381379,0.02857970368192686,0.0063146864187737517,0.0023398594072621126,0.0044780326300548623,-4.2845160942772686e-05,0.0040537176150512444,0.0048578696338761329,0.0022198455533082306
2006-08-31,-0.002841982060681314,-0.0037758537077040577,0.00013381704858628218,-0.0027232670849016705,0.021131660456505719,0.021822526303749257,0.016889136613308375,0.021683562316044513,0.016919149110178999,0.019355801759684654,-0.0028614291412293325,-0.0041159266050190269,-0.00020024444406208097,-0.0027393965515325469,0.021111091935357651,0.021822526303749035,0.016882151572186643,0.021679183870721097,0.01691566722866078,0.019352116387216567,-0.0028808697415778628,-0.0044558861824751661,-0.00053419461998505113,-0.0027555313964452433,0.021090521128564355,0.021822526303749035,0.016875161404942718,0.021674801822380685,0.016912182326894509,0.019348427817987846
2006-09-30,0.0031574187272502829,0.016334080322679689,0.013061399882885238,0.0012696157244527218,0.016221031707273958,0.027001002150824016,0.022235026682527748,0.024845719013383283,0.021855962210720392,0.024618181908354408,0.0028064913699388239,0.015995245823489102,0.012048844760563115,0.001253940236506379,0.016209471827704602,0.027001002150823572,0.022162432718782821,0.024843262311719405,0.021850786810334144,0.024581734165653568,0.0024556809494342691,0.015656298341804264,0.01103730118181967,0.0012382595216551273,0.016197910663561688,0.027001002150824016,0.022089785480396307,0.024840803588438876,0.021845607611868045,0.024545254807509798
2006-10-31,0.032180978220564205,0.033846533793101541,0.040789369816943033,0.032180978220564205,0.036982777573335346,0.031517791716202614,0.031650780101435627,0.032606681314674146,0.031650780101435183,0.031584307294986624,0.031836860541543999,0.033497108827790667,0.040095625861057416,0.031836860541543999,0.036968417560771627,0.031517791716202614,0.031580563234070658,0.032602985899913506,0.031580563234070214,0.031549103576095971,0.031492628118383159,0.033147800298656716,0.039402113076100642,0.031492628118383159,0.036954059143587514,0.031517791716202392,0.031510294836546882,0.032599287608703564,0.03151029483654666,0.031513869320850763
2006-11-30,0.024078951753029987,0.022036371941406285,0.024524824529111644,0.014022052365438853,0.024340907005986789,0.01988473682778169,0.020723893290976347,0.020776050539726532,0.018711718790042964,0.020304334664393853,0.023734584720464635,0.02169232282425626,0.02384192179654776,0.014015084344109141,0.02433260460174913,0.01988473682778169,0.020655220899970184,0.020773957043090041,0.018710306789672781,0.020270011043209468,0.023390332438660844,0.021348388351930092,0.02315924662237534,0.014008118644679657,0.024324301274919913,0.019884736827781468,0.020586498112253659,0.020771865173463411,0.018708896011975895,0.020235657649083638
2006-12-31,-0.00919518350098536,-0.0077566663854569118,-0.0079754258306380388,0.016593706184586887,0.0090747723188771001,0.013371091373036492,0.0088419239060679722,0.012510653189850895,0.014022440042178452,0.011105508985841617,-0.0098556099742391767,-0.008418051710312624,-0.0086366653401659388,0.016252162507887302,0.0090648546027816135,0.013371091373036714,0.0087073623102955633,0.012508587526615544,0.013953797281257119,0.011038072729531168,-0.010515816378691478,-0.0090792166468557367,-0.009297684509970372,0.015910732641143621,0.0090549423934687123,0.013371091373036714,0.0085727019636021584,0.012506523743716524,0.013885104145369587,0.010970577977769569
2007-01-31,0.009685632786119891,-0.0052359486321205129,0.0013934851991486141,0.022997386126573094,0.01776475382845355,0.015040409952910894,0.014011495458989831,0.015584896472297105,0.016632166717268637,0.014528537616099069,0.0096684990735973475,-0.00589901415544547,0.00039259216046882983,0.022647870068325249,0.017755255976017237,0.01504040995291045,0.014006553501563879,0.015582792884166752,0.016562205889340875,0.014525877584398161,0.0096513596479335106,-0.0065618587305781295,-0.00060730098506556196,0.022298703176968582,0.017745754956574711,0.01504040995291045,0.014001607917376147,0.015580687658639514,0.016492314952349263,0.014523215245336285
2007-02-28,-0.00059468681668939372,-0.002536950996898546,-0.012231451666637305,-0.00059468681668928269,-0.0086800208870477791,-0.019617255820854052,-0.015816559333929114,-0.01742935062505413,-0.015816559333928892,-0.017717147378113807,-0.001269899710323763,-0.0025416591382352305,-0.012889854298421155,-0.001269899710323763,-0.0086862319284244371,-0.019617255820853829,-0.015950372913305699,-0.017430717671865437,-0.01595037291330581,-0.017783976963009152,-0.0019444380656036264,-0.0025463657107148707,-0.013548037535792146,-0.0019444380656036264,-0.0086924422797626244,-0.019617255820853607,-0.016084052812783245,-0.017432083595584125,-0.016084052812782912,-0.017850739785081782
2007-03-31,0.0073343294126169134,0.019430979032525997,0.018588899547627991,0.0088927780101206721,0.017101727826741131,0.011589244406438048,0.010745219408396567,0.012693207877195967,0.011056450104907078,0.011167673527734401,0.00697934203400008,0.019081227223154196,0.017909953438947301,0.0088733644899132713,0.017091456529196414,0.01158924440643827,0.010672894523468868,0.012690320951596057,0.011051472696195441,0.011131426835369052,0.0066247092881297487,0.018731591958870197,0.017231233570223159,0.0088539574387240805,0.017081190934759904,0.011589244406438048,0.01060064189117349,0.01268743626963742,0.011046499597502368,0.011095216353486315
2007-04-30,0.017959674910856815,0.031064560976350908,0.035717515597097904,0.026372548146311958,0.041515662409785659,0.044295593821956247,0.03901997082446651,0.043746048815149985,0.040726060003706932,0.041657257743884735,0.017619735513496604,0.030720223756520948,0.03537083576389155,0.026026478081601745,0.041505425080260894,0.044295593821956469,0.038950031760043968,0.043743463310952135,0.040655832416045534,0.041622165568335756,0.017279909391510362,0.03037600127751694,0.035024271452122946,0.025680523335139815,0.041495191162042477,0.044295593821956913,0.038880041369334872,0.04374087993086806,0.040585632978783037,0.041587042953188824
2007-05-31,0.028180056773807971,0.024944013445804769,0.031057637713167496,0.0313749641301444,0.036527078116615153,0.033919257653225232,0.032772147977331745,0.034440892890108987,0.033411263325746177,0.033345747559056838,0.027833594994805422,0.024598832557313655,0.030713894543401565,0.031371158873250815,0.036519521640553831,0.033919257653225898,0.03270074838905046,0.034438923233792273,0.033407539793438801,0.033309872400059559,0.027487248664579855,0.02425376669077739,0.030370036754372887,0.031367352347515531,0.036511964324790203,0.033919257653225676,0.032629305935297337,0.034436951956647643,0.033403814025670719,0.033273968517956831
2007-06-30,-0.027470819421176018,-0.017487975424174351,-0.0044763428310208297,-0.027130804859747282,-0.016809919046961719,-0.014620288755391897,-0.017190828142086501,-0.01505874797721074,-0.017122428903411646,-0.015905585398057087,-0.027807388198108129,-0.01782735336132435,-0.0051399146738263513,-0.027468565759107721,-0.016820764914979414,-0.014620288755392452,-0.017259175511041058,-0.015061042782689937,-0.017190824198481836,-0.015939823849653534,-0.028143844822832387,-0.01816661821019161,-0.0058032653997230899,-0.02780621410901829,-0.016831609578034756,-0.014620288755391564,-0.017327573038182886,-0.01506333570288021,-0.017259269686909717,-0.015974092000313744
2007-07-31,-0.023721953865092349,-0.022830846662545423,0.0050502262662455166,-0.038054550959808697,-0.031657163901293472,-0.031310323674671681,-0.029800772048042212,-0.031379667554997326,-0.032660447614511035,-0.030556049709419497,-0.024050040058906097,-0.022837515680639631,0.0047140199816559925,-0.038060111701252342,-0.03166507173587163,-0.031310323674672014,-0.029866515739608634,-0.031381269081960039,-0.03266256377372212,-0.030588929124264586,-0.024378016927096846,-0.022844186922480914,0.0043779257284843887,-0.038065670589732759,-0.031672978691898779,-0.031310323674672125,-0.029932307678596559,-0.031382871855524352,-0.032664681485922054,-0.030621837059320645
2007-08-31,0.0091814445140718792,0.0091814445140721013,0.010541880764578071,0.0082493586451486411,0.013189604960943235,0.012833309291998551,0.012123211552119928,0.012905626596829478,0.011918038564817213,0.012479533132889298,0.0088405162188704978,0.0088405162188702757,0.010536415886512884,0.0075773044150904134,0.013177823540023947,0.012833309291998551,0.012053475506198952,0.012903074905038725,0.011783038423914372,0.012444567380488269,0.0084997015285654953,0.0084997015285657174,0.010530949186213556,0.0069054741284608756,0.013166040809912127,0.012833309291998773,0.01198379984585074,0.012900525196355428,0.011647957234296902,0.012409634232358746
2007-09-30,0.06628905749773728,0.06628905749773728,0.03762242693454132,0.055257789326141449,0.041138443029244298,0.038714213779757811,0.044221661920723632,0.03919828110978707,0.042017589738311711,0.041467472592644716,0.06592782836397526,0.065927828363975483,0.036585323059544317,0.055251872116441447,0.041133252787897145,0.038714213779757811,0.044149740308407237,0.039197078342019243,0.042015308467042711,0.041431534207926779,0.065566960098478511,0.065566960098478289,0.035549255252353973,0.055245956878487767,0.041128061969792018,0.038714213779757811,0.044077775517216367,0.039195874584495582,0.042013025521614011,0.041395567049480775
2007-10-31,0.017990679680545796,0.017990679680545796,0.011994416514231832,0.02728502453939563,0.020685062489794293,0.013566173921533586,0.014472178903181199,0.014988811580413763,0.016311840298300906,0.014020525337111511,0.017985764391251102,0.017985764391251324,0.010982927842053902,0.0272761842971323,0.020675796712454231,0.013566173921533364,0.014467268056625793,0.014986795688028076,0.016308306219210422,0.014017756110963786,0.017980847462980343,0.017980847462980565,0.0099724496480697589,0.027267347000635045,0.020666534022677929,0.013566173921533364,0.014462360154811504,0.014984781541236725,0.016304774729878568,0.014014989098426911
2007-11-30,-0.040445415339127377,-0.057829359360453192,-0.044591877475144481,-0.051207516647786777,-0.031579926934475755,-0.038732543310598611,-0.039073508978211713,-0.037301381250871013,-0.041217060394372895,-0.03890292565900122,-0.040450819135542271,-0.058143468592205427,-0.045228710084726176,-0.051219845539809961,-0.031593303468587353,-0.038732543310598944,-0.039074818629446062,-0.037304389585701925,-0.041220614599741023,-0.038903596354112446,-0.040456224733823265,-0.058457682561947055,-0.045865330487506628,-0.05123217032357219,-0.031606681489145472,-0.038732543310599166,-0.039076129416695915,-0.037307395582535263,-0.041224166200601986,-0.038904267630996969
2007-12-31,0.036287520490712044,0.025233745239849892,-0.012914708592982604,0.032832980916721821,-0.0037847579305071433,-0.0112607534477005,-0.0017702709149050033,-0.0097633242518530006,-0.0024369079479865663,-0.0065167126663157049,0.035940797232547617,0.024891943691178753,-0.013572655796053379,0.032476971417284339,-0.0037998757651545034,-0.0112607534477005,-0.0018375731449616906,-0.0097671948328807989,-0.0025065436275217845,-0.0065502501445033889,0.035594189510291363,0.02455002817066676,-0.014230383756471232,0.032121080548136893,-0.0038149919202289384,-0.011260753447700611,-0.0019048260562173347,-0.0097710622340456688,-0.0025762304106977663,-0.006583758582045296
2008-01-31,-0.083577918223079362,-0.079127088806891788,-0.098265339001703977,-0.083577918223079473,-0.057359155020108799,-0.060460748023348221,-0.065088092730538949,-0.059839242312319629,-0.065088092730538838,-0.062774674680696307,-0.083890642666237913,-0.079144336666096993,-0.099166623020692901,-0.083890642666238135,-0.05737339880795822,-0.060460748023347999,-0.065157030057381493,-0.059842147873964024,-0.065157030057381493,-0.062809658538797497,-0.084203262902651566,-0.07916157877793073,-0.10006700665604606,-0.084203262902651455,-0.057387641013340374,-0.060460748023347777,-0.065225916867230116,-0.059845051048553755,-0.065225916867230449,-0.062844612103808428
2008-02-29,0.024890825312436471,0.024890825312436249,-0.038433581083062607,0.024890825312436471,-0.019579383703830611,-0.025842650958026625,-0.01578941461789507,-0.024589697031327185,-0.015789414617895181,-0.020821746252208451,0.024872580351068541,0.024872580351068319,-0.039074518539431002,0.024872580351068097,-0.0195971190798504,-0.025842650958026292,-0.01579397127876736,-0.024593964888753206,-0.015793971278767582,-0.020824111261864675,0.024854329306019274,0.024854329306019052,-0.039715242421172303,0.02485432930601883,-0.019614852485491663,-0.025842650958026958,-0.015798531283643391,-0.024598229618709944,-0.015798531283643391,-0.020826478322974129
2008-03-31,-0.00025832450283047592,2.9912486618988154e-05,-0.013518654732141866,-0.00025832450283069797,-0.0034689687476758824,-0.0089425306097822288,-0.0070682210658108424,-0.0078367625502416827,-0.0070682210658111755,-0.0079964545493297345,-0.00059162727845907259,-0.00030348638402188932,-0.014176199371547127,-0.00059162727845896157,-0.0034901394248630924,-0.0089425306097818957,-0.0071439109741494589,-0.0078422044042911754,-0.0071439109741493478,-0.0080348881824899854,-0.0009250411920587176,-0.00063699642467618389,-0.014833524902442385,-0.00092504119205860658,-0.0035113077500140699,-0.0089425306097818957,-0.0072195454172293561,-0.0078476420290769511,-0.0072195454172296891,-0.0080732885353447248
2008-04-30,0.053371517214531261,0.058490099378318616,0.024775197089378365,0.06226346474227995,0.044089937070260765,0.047662799934353295,0.04884665888157258,0.046951846259182251,0.050639969134422147,0.048257342110455514,0.053008309567543765,0.058127396772990281,0.024092127469588887,0.062251097854241655,0.044077731255600661,0.047662799934353295,0.048772228920120009,0.046948974288371526,0.050635475297207355,0.048220018845378076,0.05264546476535803,0.057765056507926626,0.023409285463800833,0.062238735087124741,0.044065521370978633,0.047662799934353739,0.04869775427387979,0.046946099954219722,0.050630978162094165,0.048182665697782845
2008-05-31,0.044542002131849445,0.037578246916917468,0.011198029561632739,0.03757824691691769,0.024877740454301467,0.015116166740986703,0.021155124496534894,0.017074898867345478,0.019730480992204757,0.018145395522508156,0.044529782669592066,0.037567830569915417,0.010187336878412445,0.037567830569915195,0.02486808038505095,0.015116166740986259,0.021151781376938406,0.017072841829719687,0.01972799342592535,0.018143669883005975,0.044517567279131365,0.037557417693871775,0.0091776538781929151,0.037557417693871553,0.024858419242340224,0.015116166740985815,0.021148435803921561,0.017070783099360165,0.01972550403409179,0.018141942746652706
2008-06-30,-0.027979535306382419,-0.027876328742731937,-0.042298476521089423,-0.049163313453270852,-0.07084315350207071,-0.083575894275430107,-0.072455047766376124,-0.081029010543427593,-0.076671254899444596,-0.078015367773831334,-0.027992650246960404,-0.028200423982357892,-0.042617763576757506,-0.04917808496485232,-0.070860213856044796,-0.083575894275430107,-0.072464165473761999,-0.08103383095644856,-0.076680000844079887,-0.078020496750144996,-0.028005769560643157,-0.028524627289752691,-0.042937157096933798,-0.049192861401911703,-0.070877276105824283,-0.083575894275429663,-0.072473277713803741,-0.081038648051026563,-0.076688740379722731,-0.078025621626557573
2008-07-31,-0.055085874252444822,-0.086473944595850338,-0.068701384353616946,-0.055008508136565437,-0.014663170371366996,-0.008985659862484674,-0.018321080466645712,-0.010132246850486748,-0.018276226663336947,-0.013660925063223917,-0.055105090174642712,-0.086790626211951438,-0.069322146637000759,-0.055329355037108008,-0.014688621930683987,-0.0089856598624845629,-0.018328452764518222,-0.010137826123737481,-0.018345191834819419,-0.013664938431776297,-0.055124299693668055,-0.08710720230269009,-0.069942702068573781,-0.055650095024321278,-0.014714070662364076,-0.008985659862484785,-0.018335819660000197,-0.010143401060926038,-0.018414097288241615,-0.013668948325087915
2008-08-31,0.0010343760850810568,-0.0047412308155025951,0.0033559591165877034,0.0046000207279042193,0.014471612044138826,0.015453543637908629,0.012576941202960157,0.015258229640043419,0.013291037135271466,0.014015678501574369,0.00066335741149270433,-0.0050971302095603743,0.0026871666092609381,0.0045624788604468058,0.014444195792036707,0.015453543637908851,0.012499423653579811,0.015252538988455466,0.013281037259326389,0.013976606382876122,0.00029246236958480054,-0.0054529110100183242,0.0020185969584851637,0.0045249244748615247,0.014416776493345829,0.015453543637908407,0.012421859565746818,0.015246843654037612,0.013271030044757159,0.013937502981456351
2008-09-30,-0.11342664619501808,-0.10616337702152323,-0.074296585538076498,-0.10616337702152301,-0.098979223159835095,-0.094173426913101599,-0.097966874383962566,-0.095134156144412785,-0.096541304563361741,-0.096066616275732208,-0.11373081211157998,-0.10617892090642689,-0.074913618308922514,-0.10617892090642655,-0.098992360756424591,-0.09417342691310171,-0.098032306957562043,-0.095137016865094015,-0.096546855116082519,-0.096099617964647055,-0.1140348766732876,-0.10619445961176199,-0.075530445470714636,-0.10619445961176166,-0.099005499812909847,-0.09417342691310171,-0.098097778814275727,-0.095139875362499571,-0.096552409742195477,-0.096132646076049988
2008-10-31,-0.15123228276874157,-0.13345302547572357,-0.17139164066215973,-0.17921841193963939,-0.16856688702833345,-0.1651865989829947,-0.16237033054306993,-0.16586161544690614,-0.16800642938689236,-0.16377687201199775,-0.15152200511966962,-0.13403062719178716,-0.17194395418279795,-0.17924147739054508,-0.16858355057172569,-0.16518659898299504,-0.16242777186691382,-0.16586563152400402,-0.16801155010256641,-0.16380556044014272,-0.15181163092866168,-0.1346080364381016,-0.17249608366027736,-0.17926453515552909,-0.16860020856245395,-0.16518659898299504,-0.16248525534530922,-0.1658696505483862,-0.16801667457618796,-0.16383427375315929
2008-11-30,-0.02715481037598233,-0.0078610673184539293,-0.0091801336647140408,-0.032186561234068045,-0.067697868140057293,-0.069607067406908696,-0.061101756124883999,-0.069212628256424935,-0.062042560020280968,-0.065353461723316242,-0.027499730082242491,-0.0078620933373524382,-0.0095104620082167024,-0.032517777365172584,-0.067720413179145567,-0.069607067406909251,-0.061170509254604877,-0.069217871542369469,-0.06210764691143833,-0.065387820597597068,-0.027844534853579406,-0.0078631190143594321,-0.0098409004978821102,-0.03284888312768941,-0.06774295571350808,-0.069607067406909029,-0.061239202849876828,-0.069223118909599424,-0.062172781568010538,-0.065422147433498057
2008-12-31,0.0079386636605078831,0.015551189215614158,-0.0036713894279781778,0.0079386636605078831,0.013730864461549253,0.0097967411468056209,0.0096325017651437417,0.010590897929142695,0.0096325017651441858,0.0097281621834968135,0.0079296277057741005,0.015535678905929551,-0.0040035543256518036,0.0079296277057741005,0.013698589721158339,0.0097967411468051768,0.0096214468751236737,0.01058309552232628,0.0096214468751238957,0.0097219009796334355,0.0079205947620213379,0.015520163424417976,-0.0043358299818778701,0.00792059476202156,0.013666318566451174,0.0097967411468051768,0.0096103986140603226,0.01057529883308117,0.0096103986140605446,0.0097156447807287272
2009-01-31,-0.020425514471952066,-0.028705950917007006,-0.084543357410349129,-0.034076328244374565,-0.079438285844736223,-0.082114259566792303,-0.069749498795177334,-0.081579401269999408,-0.072484164229413839,-0.075930221399053477,-0.020764407686921449,-0.028721879782413695,-0.085458356553367532,-0.034088582009163315,-0.079454467371854576,-0.082114259566792192,-0.069814954445919009,-0.08158264673339688,-0.072488350759652209,-0.075962798177208302,-0.021103187975128224,-0.028737803339968115,-0.086372441611327622,-0.03410083985990231,-0.079470647101225977,-0.082114259566791969,-0.069880458132697942,-0.081585889530493949,-0.07249254036226549,-0.075995403213061752
2009-02-28,-0.10963614000587307,-0.10963614000587329,-0.12983500983573704,-0.10910998414086437,-0.11210610721925018,-0.10744902944683987,-0.10783961155849731,-0.10838172022315595,-0.1078027905588137,-0.10764121141456073,-0.10965078448524135,-0.10965078448524135,-0.13041502316029241,-0.1091228426442471,-0.1121362648360873,-0.10744902944683976,-0.10785002679577571,-0.10838781478261561,-0.10781006326414022,-0.10764711378132819,-0.10966543384773042,-0.10966543384773009,-0.13099484321149757,-0.10913569686289004,-0.11216642580414282,-0.10744902944683987,-0.10786043578766036,-0.10839390460554565,-0.10781733160846052,-0.10765301142997663
2009-03-31,0.040974453159988489,0.040974453159988267,0.089312584023708119,0.026152729572175959,0.091291973486589795,0.083310457196756671,0.07496114566224632,0.084910627485030199,0.071881251123643963,0.079143124480159255,0.040955216591127552,0.040955216591127552,0.088223815823784246,0.025801531141479872,0.091265382541832141,0.083310457196756893,0.074956702027905386,0.084904839804107901,0.071807756596355521,0.079140864286421531,0.040935986432319327,0.040935986432319549,0.087136135304380247,0.025450449737918213,0.091238794551294911,0.083310457196756671,0.074952262241379408,0.08489904761815259,0.071734325709168711,0.079138606200231942
2009-04-30,0.017546094006733348,0.039795495085430899,0.18576208626871726,0.017546094006732904,0.1082781594484219,0.099346305196310825,0.082964673923017651,0.10113275771830565,0.082964673923017873,0.09115420494880766,0.017538012290642557,0.03944877079390352,0.18497170994059275,0.017538012290643001,0.10824925501554428,0.09934630519631038,0.082953311252688122,0.10112622122547554,0.0829533112526879,0.091147806415619481,0.017529933267559805,0.039102066945994052,0.18418159698345393,0.017529933267559583,0.1082203473707064,0.099346305196310825,0.082941941760663163,0.10111968981263297,0.082941941760663829,0.091141402759507884
2009-05-31,0.052105310360665014,0.043664805807631213,0.052471009915030953,0.051876702316651091,0.058748702094181482,0.058453544993506856,0.057146109540606727,0.058517825778848342,0.057100542207905836,0.057797599859309656,0.051746806466794526,0.043300353635923772,0.052120127764700763,0.051868840840283204,0.058722173022599966,0.058453544993506634,0.057067973613566414,0.058511461893803185,0.057090458187009752,0.057758108557989685,0.051388422034401415,0.04293626555229979,0.05176912861465377,0.051860976742549303,0.058695646898365927,0.058453544993507078,0.056989790776823757,0.058505102672187448,0.057080368112069069,0.05771858563833443
2009-06-30,0.0031504629468666057,0.0093218644021160202,-0.0039522327877069552,0.0043558923720981024,-0.0031292257930380929,-0.00065551400241381508,0.00012491394568403535,-0.0011474735586359808,0.0003623376281771673,-0.00026410897165918268,0.0028160237193466386,0.009316177666423453,-0.004616153978982962,0.0040210512677900656,-0.0031437805622640536,-0.00065551400241348201,5.7757713888273443e-05,-0.0011504876421022381,0.000295152583732472,-0.00029772958272500372,0.002481472974911858,0.0093104890345196978,-0.005279853936939749,0.0036860985125635182,-0.0031583304815170354,-0.00065551400241370406,-9.4478019521115897e-06,-0.0011534991156244567,0.00022791823409806788,-0.00033137935692828524
2009-07-31,0.073566543193438028,0.07356654319343825,0.051851772569063259,0.07356654319343825,0.077813619982051829,0.074606253467743855,0.074410150083454862,0.075246338623662368,0.074410150083455084,0.07450894825736154,0.073555358737668497,0.073555358737668497,0.051150654906960913,0.073555358737668497,0.077792938457254213,0.074606253467743855,0.074406240005156388,0.075241689408390489,0.074406240005156388,0.074506887272640654,0.073544170552503729,0.073544170552503729,0.050449770872869504,0.073544170552503729,0.077772259230148189,0.074606253467743411,0.074402332792147696,0.075237036574246963,0.074402332792147696,0.074504828072560203
2009-08-31,0.020933787448475183,0.018801179687709002,0.045320818907018889,0.02491854553245032,0.034947755764858091,0.036939816007086179,0.033735035442028494,0.03654269649879005,0.03453645484482526,0.035337203392252992,0.020582308590775034,0.018453941134646712,0.044276020487321599,0.024907159821793146,0.034933087136370222,0.036939816007085957,0.033662457288406111,0.036539430002001438,0.034532809974707313,0.035300771234165307,0.020231180860805109,0.018106818289198356,0.043232265822289895,0.024895777905107774,0.034918416877853797,0.036939816007085957,0.033589835561748105,0.036536166043847684,0.034529162429723259,0.035264309907016234
2009-09-30,0.028579585793472972,0.02791845293984041,0.038580035440130001,0.030931190819842191,0.036630958007845216,0.03545675639355883,0.034087035777988328,0.035691133809700792,0.03456117961635008,0.034772250431575724,0.028574769812550249,0.027571984012467965,0.0382327431127234,0.030929626387655063,0.036621933838308918,0.035456756393558608,0.034085977186431471,0.035689118672334486,0.03456052611708027,0.034771715148140148,0.028569952225765638,0.027225630536254597,0.037885566510850843,0.030928061433816545,0.036612908665975219,0.03545675639355883,0.034084917676632687,0.035687101966419332,0.034559873096692062,0.034771179364640803
2009-10-31,-0.014790381706068056,-0.014790381706068167,-0.017259269335234806,-0.010139583482281833,-0.022537576114740498,-0.01922494444763212,-0.018350305433300296,-0.019887931085115107,-0.017425681702400109,-0.018788382705139495,-0.015124479466481655,-0.015124479466481544,-0.017586904184598073,-0.010146711479825266,-0.022543184209401823,-0.01922494444763212,-0.018417249004502811,-0.019889102513123147,-0.01742721267699876,-0.018821862279455592,-0.015458465898084417,-0.015458465898084417,-0.017914648281993961,-0.010153841854160461,-0.022548794174051423,-0.019224944447631787,-0.018484241703684678,-0.019890274905097538,-0.017428744979592237,-0.018855370894571455
2009-11-30,0.075059895631239382,0.075059895631239826,0.042059718521163081,0.073216757871321425,0.063083046978992918,0.061606983046712749,0.06429957984679513,0.061902429340944032,0.063927887052510179,0.062953407039074705,0.07470094021502649,0.074700940215026046,0.041365127807267976,0.072851898041231378,0.063072486866821542,0.061606983046713193,0.064228277361396469,0.061900025626173916,0.063855477528405036,0.062917786563122968,0.074342104410747956,0.074342104410748178,0.040670768546460012,0.072487402706476356,0.063061930273515143,0.061606983046712971,0.064156922549135631,0.061897620147387089,0.063783024532503507,0.062882135189313182
2009-12-31,0.041589887130797587,0.041589887130797809,0.015177868719210119,0.040761564467983069,0.023002095142326873,0.019101081790458219,0.023595883584388577,0.019881363491158099,0.023428713801630252,0.021348295501958159,0.041579347787960241,0.041579347787960463,0.014163198185757508,0.040753510336188015,0.022990594127652031,0.019101081790458441,0.023592623346542885,0.019878726631746835,0.023426102011999017,0.021346542798819534,0.041568811957066742,0.04156881195706652,0.013149541309181556,0.040745458888208796,0.022979094390725985,0.019101081790458441,0.023589365497786119,0.019876091821632302,0.023423492136276813,0.021344791613375103
2010-01-31,-0.066907651417575598,-0.066907651417575598,-0.040659746236259231,-0.071044042333249902,-0.036224230260040846,-0.036342399705425632,-0.0424491930652523,-0.036318805987562874,-0.043310329577118445,-0.039395399240023332,-0.066911954880707669,-0.06691195488070778,-0.04161860705961129,-0.071353745936405977,-0.036231122006298633,-0.036342399705425743,-0.042451962507776608,-0.03632029641416501,-0.043376136531948273,-0.039396964693972802,-0.066916256909830163,-0.06691625690982983,-0.04257650998004292,-0.071663552808519215,-0.036238014518391259,-0.036342399705425743,-0.04245473028963187,-0.036321785682448038,-0.043441895263707897,-0.03939852889656037
2010-02-28,0.036800117773149843,0.043347451869583997,0.030335280181840396,0.045077287869183857,0.030477493060914407,0.031194298281693733,0.032286166515694825,0.031051134321796736,0.033934408713263142,0.031738455164843637,0.036439962920624236,0.042994205143768616,0.029305459811843626,0.045062437819254786,0.030464721849789544,0.031194298281693289,0.03221143707688956,0.031048482880649875,0.033928509206679669,0.03170092648759204,0.036080167863155266,0.042641076127625466,0.028276668233425006,0.045047592717692986,0.030451949219483465,0.031194298281693511,0.032136662773502023,0.031045833500131792,0.03392260537061631,0.031663367763361094
2010-03-31,0.084428119423605175,0.085474508621311118,0.076301826140526829,0.08577729930781075,0.057897233709954143,0.060879620310975158,0.065589734616865458,0.060283407988342974,0.065851189105550212,0.063234703369405176,0.083703751956138106,0.085108361220431084,0.075584411158930331,0.085409136003787411,0.057888464330739131,0.060879620310975158,0.065447258375518125,0.060281588061971592,0.065777528632442239,0.063163615234383297,0.082980108132494346,0.084742335828014381,0.074867235235974494,0.085041095379971843,0.057879695925791674,0.060879620310975158,0.065304696597103806,0.060279766719000039,0.065703931943131177,0.063092470183321092
2010-04-30,0.038693314333731355,0.038693314333731355,0.018960903676260354,0.025261605500335849,0.016504898602080154,0.015470277002783916,0.020114873015041113,0.015676363321055486,0.017437232803564795,0.017792574278700179,0.038688907211897217,0.038688907211897217,0.018621193423326909,0.02525744621850623,0.016493951707775123,0.015470277002783916,0.020111191179819521,0.01567404621977353,0.017433469630673937,0.017790503495038745,0.038684501558614359,0.038684501558614581,0.018281369895882582,0.025253288322641954,0.016483006029656577,0.015470277002783694,0.020107511552373891,0.015671727314899186,0.017429708714332248,0.017788434366679873
2010-05-31,-0.084373690593457673,-0.084373690593458006,-0.095750109686671525,-0.090347977332836948,-0.078064766128680518,-0.079454937880528931,-0.080404779766563017,-0.079176447017882845,-0.081633187474186353,-0.079927696691393213,-0.084381643201005385,-0.084381643201005052,-0.096352842491412516,-0.090652120690522864,-0.078077384141907458,-0.07945493788052882,-0.080409276583954026,-0.079179060684465008,-0.081695239255342611,-0.079930132243831609,-0.084389598460306248,-0.084389598460306137,-0.096955374452167287,-0.090956162700871368,-0.078090006362541931,-0.079454937880528709,-0.080413770106095628,-0.079181676618189423,-0.081757245565205472,-0.079932565687286683
2010-06-30,-0.076853346726514116,-0.076853346726514005,-0.032528546668174063,-0.074321600079264916,-0.050867731510993441,-0.051740629622198608,-0.056768060161542455,-0.051564956616444002,-0.056260608667181189,-0.054254647042331405,-0.077164236949764264,-0.077164236949764264,-0.033495534627526524,-0.07432760257815807,-0.050881464313597413,-0.051740629622198497,-0.056832356316692256,-0.051567775385652159,-0.056263297912245158,-0.054286928165345638,-0.077475023577471602,-0.077475023577471602,-0.034461556564940987,-0.074333603076884858,-0.050895198642237349,-0.051740629622198608,-0.056896699656957872,-0.051570596474422525,-0.056265989130868554,-0.054319237289600752
2010-07-31,0.084817506183638924,0.084817506183639146,0.0485210531893423,0.082779600239637485,0.07559606285478071,0.068300447768538719,0.07157524410905225,0.069759331567838645,0.071180185223814085,0.069936095945570154,0.084449205401747385,0.084449205401746941,0.048513907572765191,0.0827725515172546,0.075584104349318837,0.068300447768537831,0.071500864111126106,0.069756511165868451,0.071177041300240163,0.069898825260291009,0.084081027345874082,0.084081027345873638,0.04850676433726675,0.082765500444514695,0.075572147172431992,0.068300447768538275,0.071426439458407653,0.069753693080989665,0.071173895489178962,0.069861524734590841
2010-08-31,-0.062420614366582194,-0.062420614366582305,-0.058954834323186378,-0.062420614366582305,-0.037977788955029901,-0.044980187526455051,-0.048470437370797592,-0.043579629233363004,-0.04847043737079737,-0.046725449013664266,-0.062426556803088507,-0.062426556803088618,-0.059895409201423888,-0.062426556803088507,-0.037988519524967068,-0.044980187526455162,-0.048472324800499123,-0.043582242366386414,-0.048472324800498789,-0.046726459196291148,-0.062432497259442665,-0.062432497259442443,-0.060835044444418673,-0.062432497259442665,-0.037999246519238805,-0.044980187526455273,-0.048474210847099575,-0.043584853584516692,-0.048474210847099797,-0.046727468504183856
2010-09-30,0.10241352427527106,0.090365906183278,0.075271387681044466,0.10241352427527128,0.084222278916771254,0.089554501960066313,0.092097790818684411,0.088487383115557927,0.092097790818684855,0.090824392717678615,0.10204501028811341,0.090001419465091104,0.074196653660373979,0.10204501028811386,0.084210892007518634,0.089554501960066535,0.092024124162805032,0.088484382255731742,0.092024124162805032,0.090787561880528722,0.10167661909801939,0.089637054201991084,0.073122993300063888,0.10167661909801962,0.084199503832913303,0.089554501960066535,0.091950403445065998,0.088481383728094221,0.091950403445065998,0.090750699095631937
2010-10-31,0.030444975151164178,0.039880207466722828,0.048864614507693638,0.038684952544194351,0.037723439699072214,0.038201844332592438,0.036646152048886771,0.038105671062391711,0.038297954444384885,0.037423727213045765,0.030101436236295021,0.039533522950147892,0.047816274063407826,0.038678367469013208,0.037713956962866613,0.03820184433259266,0.036576813740012204,0.03810354041761177,0.038296467476039764,0.037389018464468737,0.029757782770269969,0.039186722833534082,0.046768980912273328,0.038671780198074934,0.037704471064694767,0.03820184433259266,0.036507526241969401,0.03810140801952655,0.038294981597338795,0.037354339770758971
2010-11-30,0.013549615130494574,0.015388236426435498,0.016896997899767729,0.015388236426435498,0.0011419517916368971,-6.6613381477509392e-16,0.0027249940884686019,0.00022976062651958173,0.0030831754051163784,0.00136343508169956,0.01321170894108592,0.01504740847834185,0.01621917953756169,0.01504740847834185,0.001133497013344531,0,0.0026578232459515405,0.00022778065418349591,0.0030157509814889849,0.0013298638123195872,0.012873690078723188,0.014706694101707551,0.015541587039521465,0.014706694101707551,0.0011250431743674572,-2.2204460492503131e-16,0.0025906031086671,0.00022579914066978013,0.0029483849417635266,0.0012962634226012515
2010-12-31,0.059117342609241064,0.068731885565902262,0.070207243707778977,0.059117342609241286,0.065922630550947048,0.06685252516776985,0.065322052909276396,0.066666698840759375,0.06532205290927684,0.066088340879447927,0.058763276621945026,0.068374605409120548,0.069493891104074779,0.058763276621945026,0.065908802108110676,0.066852525167770294,0.065247442860760341,0.066663676049295573,0.065247442860759897,0.066050781123544233,0.058409328617317069,0.068017444306039954,0.068780776205336291,0.058409328617317069,0.065894975201597372,0.066852525167770072,0.065172887486184106,0.066660655741196395,0.065172887486184328,0.066013253891242352
2011-01-31,0.036265571416420617,0.035007606910636646,0.0298675149460641,0.036265571416420395,0.018828076952961403,0.023300014371130162,0.025894445066307448,0.022405241960980815,0.025894445066307226,0.024597311383949272,0.035916032529815123,0.035000779880467237,0.029181051013422055,0.035916032529814901,0.018817211325142358,0.023300014371130606,0.02582460539064213,0.022402869602630826,0.02582460539064213,0.024562396620003035,0.035566610117347075,0.034993950573861898,0.028494815825842457,0.035566610117347075,0.018806346904481241,0.023300014371130384,0.025754714461628581,0.022400495397676412,0.025754714461628581,0.024527451570347303
2011-02-28,0.032507296858264256,0.03552148441919134,0.044459682582327797,0.051691199965931078,0.03376217689928418,0.034737112196211894,0.034287056873301358,0.034542218934247249,0.038129549194032775,0.034511825776839311,0.03214778274602681,0.035176253052490614,0.043763492159010209,0.051675506195587806,0.033752024191091134,0.034737112196211894,0.034213797445504568,0.03453983635223179,0.03812519596835684,0.034475110284587274,0.031788388431894132,0.034830906570295861,0.043067533721838025,0.051659807192243168,0.033741872610851598,0.03473711219621145,0.034140601454233144,0.034537452021707438,0.038120845932706704,0.034438429028173845
2011-03-31,0.019495859182095954,0.0099251843197143419,0.005742790299291034,0.011805522372791977,0.0050698871213101793,0.00012055164796453965,0.0040155525721752294,0.001110401769460978,0.0024558424847407334,0.0020692979946865808,0.019145451609750008,0.0095840243023004312,0.0050724068363352526,0.011795213213861899,0.0050609496954421296,0.00012055164796453965,0.0039459191312838371,0.0011085587107915185,0.0024521590596173759,0.0020345104689094562,0.018795394094918594,0.0092429779669989109,0.0044022467600715043,0.011784900617399785,0.0050520132625113678,0.00012055164796453965,0.003876243885245545,0.0011067142175165134,0.0024484783336926608,0.0019996950908307554
2011-04-30,0.024058188987222673,0.020133700382712894,0.032962813372195532,0.024955635243677499,0.031111795686097343,0.028961136855970349,0.02798435489216522,0.029391811431592085,0.028165539874159817,0.028472989088057732,0.023714988891061717,0.019793599132377215,0.032618435038015425,0.024949638480773695,0.031104667027376909,0.028961136855970793,0.02791170723212022,0.02938989152716931,0.02816252358124105,0.028436385645165263,0.023371903156812479,0.019453384477156055,0.032273941872780876,0.024943639718281618,0.031097539160641174,0.028961136855970793,0.027839112807986233,0.029387973114845867,0.028159509498649316,0.028399813897787229
2011-05-31,-0.028818659596465901,-0.032290228222443429,0.018362632703873505,-0.024066716045662129,-0.0079850316497137586,-0.011214328332283308,-0.014738704896320454,-0.010568468082809646,-0.013786644298145467,-0.012976734915424504,-0.029149479782113463,-0.032294723596118291,0.017683837414619319,-0.02407390042777835,-0.0079947354677067928,-0.011214328332283863,-0.014806520409798796,-0.010570509168352449,-0.013788758195669493,-0.013010756708186522,-0.029480189731111883,-0.032299220468750001,0.017005268315064548,-0.024081087205487517,-0.008004438207617981,-0.011214328332283641,-0.014874376637013409,-0.010572548667618253,-0.013790873644522805,-0.013044805740174303
2011-06-30,-0.0095334267195407163,-0.0095334267195410494,-0.013096749510572603,-0.0089002757218274997,-0.013362603312339405,-0.016869542226564338,-0.015369230714885163,-0.016168137095392998,-0.015261023635000148,-0.016117347612492838,-0.0095349150893664358,-0.0095349150893666579,-0.013099284379264442,-0.008906347960193739,-0.013374992525378437,-0.016869542226563894,-0.015372790898832478,-0.016170934073027832,-0.015263779148247836,-0.016119344383541345,-0.0095364039554812763,-0.0095364039554813873,-0.013101820093194494,-0.0089124181751552012,-0.013387380361990942,-0.016869542226563783,-0.015376353220172612,-0.016173728876926141,-0.015266536683688492,-0.016121342753285473
2011-07-31,-0.011938059130530254,-0.011938059130530032,-0.022294088812660595,-0.022533029006883809,-0.021696896810734945,-0.020004743271380132,-0.018392880640414444,-0.02034379528578778,-0.020507668567130044,-0.019198905295129021,-0.012273273365187909,-0.012273273365187798,-0.022945784137564762,-0.022539312718311555,-0.021703260993336304,-0.020004743271379799,-0.018460726409036843,-0.020345210699731497,-0.020510326954486402,-0.019232878637900241,-0.012608375899001101,-0.01260837589900099,-0.023597262303080457,-0.022545598525008481,-0.021709624468884581,-0.020004743271379799,-0.018528513428908489,-0.020346625013653585,-0.020512983393787598,-0.019266820301784837
2011-08-31,-0.074895839264322528,-0.074895839264322195,-0.04664830231319772,-0.075754963238344963,-0.048473523072100066,-0.05497528555682496,-0.05895496176488868,-0.053675019652849709,-0.05913130953658019,-0.056964843814060417,-0.074905604948661719,-0.074905604948661386,-0.047283764201341061,-0.076063096272770858,-0.048485118822405138,-0.054975285556824738,-0.058957551993576218,-0.053677365590926618,-0.059194061308378676,-0.056966179848246701,-0.074915367378857178,-0.074915367378857289,-0.047919014339437904,-0.076371332052457386,-0.048496715861271023,-0.054975285556824738,-0.058960139979343018,-0.05367971335504218,-0.059256867512220812,-0.056967514636629635
2011-09-30,-0.12602169887056158,-0.088200366018822529,-0.027953065386917442,-0.12602169887056136,-0.076792300631801091,-0.069421076311445451,-0.08074530913284883,-0.070896323162618624,-0.080745309132849052,-0.075083444406180644,-0.126029799292111,-0.088512696733104024,-0.028600988689442608,-0.12602979929211089,-0.076810538291165242,-0.069421076311445451,-0.080749055723488894,-0.070900338073877078,-0.080749055723488894,-0.075085465190923295,-0.12603790241470159,-0.08882492337183967,-0.029248696089501092,-0.12603790241470147,-0.076828769873335423,-0.069421076311445118,-0.08075280506364535,-0.07090434968669812,-0.080752805063644795,-0.075087487728532021
2011-10-31,0.11440912498747524,0.038159684580618469,0.058428122999916843,0.11440912498747569,0.11321646976595856,0.10914742693759338,0.11022492642732429,0.10996099980999663,0.11022492642732384,0.10968766353729253,0.11402733857011604,0.037467693456085582,0.05807504142186537,0.11402733857011649,0.11318779021152969,0.10914742693759338,0.11014519395611932,0.10995473242165965,0.11014519395611932,0.10964760042554333,0.11364567937248982,0.036775932918398091,0.05772207749845526,0.11364567937249004,0.11315910747012969,0.10914742693759361,0.11006540297152645,0.10994845987589597,0.11006540297152623,0.10960750256231244
2011-11-30,0.010709856777719073,0.012630232743629177,0.01886347374480124,0.0059949686968012728,0.00038595663839835481,-0.0040641963836114403,-0.0011118947916634037,-0.0031741977031484181,-0.0020519477311022882,-0.0025882033686119854,0.01001288104573117,0.011951650270009662,0.017845119448204994,0.0056362888799930122,0.00036535429749395831,-0.0040641963836112183,-0.0012508442635366102,-0.0031786789883812006,-0.0021242746352621023,-0.0026576500783109802,0.0093166015931960278,0.011273745700959292,0.016827782488567866,0.0052777285832839027,0.00034474966718645028,-0.0040641963836112183,-0.001389654924748962,-0.0031831567908784386,-0.0021965389103840716,-0.0027270274106769854
2011-12-31,0.015464156163470966,0.014254667083839268,0.0016386157157519676,0.029973408840821891,0.0091003240799651941,0.010448655311760646,0.011451078237021628,0.010177995833077214,0.014356051747005827,0.01094982403199829,0.015122695068964465,0.01391639874705719,0.0013046805213143831,0.029629954168473693,0.0090939446180002825,0.01044865531176109,0.011382048235168973,0.010176526559638743,0.014287624963753798,0.010915226033433978,0.014781575094432009,0.013578243128814504,0.00097063397802910067,0.029286530942295164,0.0090875644471273276,0.010448655311761756,0.011313068818222582,0.010175058428080419,0.014219248323370737,0.010880657993837195
2012-01-31,0.0028882815448454391,-0.0017775687823816666,0.01159529264053627,-0.0063258753222793507,0.042823543154813182,0.046374330782323225,0.037621494266726563,0.045663657293337101,0.035676463235831291,0.041994417748226764,0.0025520635317421991,-0.0021108057153351734,0.010921008159522794,-0.0063298167533938354,0.042817448685296799,0.046374330782323225,0.037551732789253611,0.045662227265917066,0.03567542829041459,0.041959378162402805,0.0022159575539648646,-0.0024439316063255001,0.010246948365107311,-0.0063337568711352432,0.042811354892867914,0.046374330782322781,0.037481920115819634,0.045660796125387204,0.03567439410340123,0.041924308182596404
2012-02-29,0.01808173977393257,0.018081739773932792,0.018624300146273587,0.018081739773932792,0.033609417338593461,0.043405309684624305,0.038344079455176816,0.041445516571275487,0.038344079455176816,0.040874905748882195,0.018072834633622747,0.018072834633622525,0.017606184903748323,0.018072834633622747,0.033593373329103837,0.043405309684624749,0.038338192366226265,0.041442200110263894,0.038338192366226265,0.040871597577121666,0.018063932460703702,0.018063932460703702,0.016589086759367877,0.018063932460703702,0.033577327536748802,0.043405309684624971,0.038332301742902031,0.041438880920140031,0.038332301742902031,0.040868286756704952
2012-03-31,0.029750417692354647,0.029750417692354425,0.026659287015915023,0.029750417692354647,0.025703170509002726,0.03216350235995602,0.031692770574215157,0.030871156482959128,0.031692770574215601,0.03192886426949082,0.029745249170099131,0.029745249170098909,0.025974961545482955,0.029745249170098909,0.025691965430692854,0.032163502359956242,0.031688548745407275,0.030868186598391967,0.031688548745406608,0.03192649476809839,0.0297400823701095,0.029740082370109944,0.025290864107530453,0.029740082370110388,0.02568076159725341,0.032163502359956242,0.031684324381980655,0.030865214402116203,0.031684324381980433,0.031924123369585278
2012-04-30,0.00077445310471491169,-0.00044717237396330045,-0.0053682881919514536,0.00077445310471424555,-0.0034965526624710641,-0.0066754164043313358,-0.0051829964457195121,-0.0060398956077936106,-0.0051829964457195121,-0.0059290534424178976,0.0004353976809399196,-0.0011134298827958355,-0.0056998873624158897,0.0004353976809399196,-0.0035084521575157179,-0.0066754164043311137,-0.0052504943061522091,-0.006042759023365929,-0.0052504943061518761,-0.0059627827115444898,9.6455237979853337e-05,-0.001779465379795897,-0.0060315971027934401,9.6455237979409247e-05,-0.0035203529748738527,-0.0066754164043312247,-0.0053180417013412029,-0.0060456247952399567,-0.005318041701341536,-0.005996541238060149
2012-05-31,-0.043825115953275318,-0.038360899990647512,-0.018397130141093565,-0.023161017136032247,-0.055531838957361801,-0.060055451045164632,-0.05680540933061462,-0.059150693687549882,-0.052664261789587608,-0.058430179688662265,-0.044149624590624437,-0.038686733039502652,-0.019051423005522317,-0.023167090552880021,-0.055537114473367066,-0.060055451045164743,-0.056870038975290194,-0.059151990917037933,-0.05266604695296162,-0.058462480846801834,-0.044473809043520496,-0.039012457513533216,-0.019705497845003861,-0.02317316194593011,-0.05554239057560606,-0.060055451045164854,-0.056934612656109107,-0.05915328713835355,-0.052667830808174942,-0.058494751885306395
2012-06-30,0.026241108724682549,0.029979279134244363,0.040350013815269037,0.037022129861520758,0.041179331935917496,0.040580876848612446,0.037712605168165991,0.040703066265151966,0.039954123179384515,0.039146720775762978,0.025884844806040253,0.029625384483132011,0.040003172670473042,0.037004584746207492,0.041159710499203861,0.040580876848611558,0.037639420516331512,0.04069872251448392,0.039944788250923624,0.039110005557000838,0.025528936795408796,0.029271607757594298,0.039656215873411949,0.036987033780571776,0.041140095600790128,0.040580876848612446,0.037566308976037632,0.040694382525140238,0.039935460163061709,0.039073327016777348
2012-07-31,0.021829634532111619,0.021890913121886735,0.0031426568038139813,0.02277242607760166,0.012743935149807761,0.011829574796741404,0.013822898376032899,0.012013173060607452,0.014008659911523003,0.012825823733815245,0.021487150747243611,0.021548880122749692,0.0024740064743331569,0.022769838608618587,0.012738729380318281,0.011829574796741404,0.013754148924930432,0.012011824121001435,0.014007043512571649,0.01279139990896816,0.021144781085595366,0.021206961096621679,0.0018055789540254441,0.022767250276857887,0.012733525345507424,0.011829574796741404,0.013685358199392761,0.012010474191447518,0.014005426143198774,0.012756948523012346
2012-08-31,-0.012848527870533144,-0.0014383252548302305,-0.0052216196238589196,-0.0014383252548304526,0.017052577444011341,0.025052553794352228,0.017442375639406205,0.023449965405748729,0.019732671733138973,0.021245578683516841,-0.01317763638132341,-0.0014391030253669834,-0.0062159008636152313,-0.0014391030253674275,0.017046282470162932,0.02505255379435245,0.017374014196142262,0.02344869245988157,0.019732113629288728,0.021211237444287434,-0.013506848292093476,-0.0014398805367336065,-0.0072091888154195427,-0.0014398805367334955,0.017039988195678424,0.025052553794352894,0.017305702847867144,0.023447420559798759,0.019731555860099892,0.021176925941693847
2012-09-30,0.024086728790023715,0.031487838476211616,0.027702980841269209,0.023335362196669651,0.025125046919862504,0.025351050438293443,0.025076864630655837,0.025307650816736027,0.024937466558609067,0.025212664183927869,0.023404118072616331,0.030800294507888903,0.026675791455121223,0.022993979463352687,0.025116067183852175,0.025351050438293221,0.024939269831128819,0.025305059506176342,0.024868093126881874,0.025143756337880463,0.022721734816295136,0.030112979644520976,0.025649628232195854,0.02265271048636186,0.02510709044008963,0.025351050438292999,0.02480159242515656,0.025302466293928072,0.024798668783970745,0.025074793321420596
2012-10-31,-0.019162805151175522,-0.019265839685136066,-0.0051137776616146935,-0.019162805151175633,-0.011305206464571227,-0.018197962404356671,-0.018389398319605843,-0.016819278519592751,-0.018389398319606176,-0.018293585095752962,-0.019492328076839094,-0.019597856753353349,-0.0057769246186810674,-0.019492328076839094,-0.011311609511181708,-0.018197962404356449,-0.018455782459791514,-0.016820655144512142,-0.018455782459791958,-0.01832680698195277,-0.019821741198129073,-0.019929763186092964,-0.0064398506004194056,-0.019821741198128739,-0.01131801326932047,-0.01819796240435656,-0.018522215317406721,-0.016822030699555124,-0.018522215317407165,-0.018360057685429254
2012-11-30,0.016719886603702383,0.012003968545021948,-0.0048562128147251471,0.016719886603702383,0.0039197243981297092,0.0056593698334648224,0.0078679395036760358,0.0053095284831234935,0.0078679395036755917,0.0067634337136617262,0.0163677256383572,0.011666577657025723,-0.005519531453075599,0.016367725638357644,0.0039118711789041249,0.0056593698334648224,0.0077977665139818964,0.0053073606118112515,0.0077977665139821184,0.0067283635038082323,0.016015682020884991,0.011329074267899308,-0.0061826290588906652,0.016015682020884769,0.003904017087001499,0.0056593698334648224,0.0077276542882167565,0.0053051943291055892,0.0077276542882167565,0.006693325995629662
2012-12-31,0.016615354418988204,0.01579692141707989,0.0076925601268154065,-0.0010104169056293077,0.010395246173854122,0.0089343285231884284,0.010471300490949131,0.009227238301248164,0.0069516472048978262,0.0097028627793533939,0.016274678757362437,0.015790202640049378,0.0066853711611716271,-0.0010151774754401099,0.01038845884529449,0.0089343285231882064,0.010402339745546385,0.0092257463715175181,0.0069499747192531824,0.0096683088007634144,0.015934116616450167,0.015783486101865085,0.0056791883783100516,-0.0010199364589228432,0.010381670762503514,0.0089343285231877623,0.010333429534298277,0.0092242532804935884,0.0069483034591995008,0.0096337847430245649
2013-01-31,0.064490374156266572,0.064490374156267016,0.050174067512367859,0.050736557023881357,0.055203954964568869,0.051190625133143319,0.053853916161411108,0.051993769717253002,0.051101832007678594,0.052522480533980564,0.064477546286241694,0.064477546286242138,0.049474068133922522,0.050733748089708985,0.055192865399091628,0.051190625133142875,0.053851175000879437,0.05199146470917948,0.051099681361266969,0.052521099089235523,0.064464722690749099,0.064464722690748877,0.048774302010851533,0.050730938218912058,0.055181779528904462,0.051190625133143319,0.053848436213963069,0.051989161697049147,0.051097529423692167,0.052519718932637183
2013-02-28,0.013542268832620552,0.013542268832620108,0.011285396695992711,0.012834019309448497,0.013099635305973578,0.012758984114092264,0.012912946327143127,0.012826359391792996,0.01277449221231719,0.012835794553008428,0.013537771202197124,0.013537771202196902,0.010611318777848489,0.012496351691742236,0.013092721193872281,0.012758984114092486,0.012910761864407982,0.012824591477829328,0.012706944642222773,0.012834564350461708,0.013533275070484851,0.013533275070484629,0.0099374654774708748,0.012158571480632041,0.013085806313451576,0.012758984114092931,0.012908578711563923,0.01282282485938735,0.012639338480121109,0.012833335131291035
2013-03-31,0.048186026557249351,0.048186026557248907,0.045037805224827698,0.048186026557248907,0.038273153581029451,0.037970882546577878,0.040012826205011676,0.038031278257228074,0.040012826205011898,0.038991786427193365,0.048183562210773134,0.048183562210773134,0.043993289677376479,0.048183562210773134,0.038266949616787338,0.037970882546577878,0.040011998426964457,0.038029980822597453,0.040011998426964679,0.038991351747937664,0.04818109704257445,0.04818109704257445,0.042949817602000451,0.048181097042574228,0.038260744963139137,0.037970882546578544,0.040011171255510014,0.038028684396298029,0.040011171255509792,0.0389909174450771
2013-04-30,0.028463640378385335,0.028463640378385557,0.034623101616154228,0.02915188341738828,0.020321529621920797,0.019212198454385376,0.021062542617321878,0.019434111974599988,0.021200114912489854,0.020137374049791656,0.028118609004751605,0.028118609004751605,0.034278169760305843,0.029146432136893496,0.020314917956626655,0.019212198454384488,0.020992936738605028,0.0194327401395884,0.021198438500791061,0.020102506719005264,0.027773692603251243,0.027773692603251909,0.033933122888833989,0.029140982672886562,0.020308307025879602,0.019212198454385154,0.020923381866793322,0.019431369370730867,0.021196763317560263,0.020067669580405845
2013-05-31,0.020759897590573839,0.020759897590574061,-0.014105703888113941,0.035067516385132835,0.01328553299350288,0.023610011422088073,0.023047445048101745,0.021542505591082506,0.025901614511905979,0.023329197769970555,0.020416535991718776,0.02041653599171922,-0.014439316246375511,0.035064315445441308,0.013276860685710323,0.023610011422087851,0.022977370392133656,0.021540730846138834,0.025900174770292939,0.023294036145746766,0.020073288808591716,0.020073288808591938,-0.014772817437573971,0.035061115572373902,0.013268185486184469,0.023610011422088073,0.022907356414946234,0.021538957401720182,0.025898735892005309,0.023258904968542771
2013-06-30,-0.0024699549827816858,-0.0024699549827814637,-0.019000583296743923,-0.0045149584291158673,-0.012839752533473692,-0.013344602640762981,-0.011170047323395327,-0.0132434529204285,-0.011578847174166906,-0.012257348245173216,-0.0028025204253609992,-0.0028025204253609992,-0.019981092458866145,-0.0045231415247470874,-0.012855545664108625,-0.013344602640762981,-0.011236264283092878,-0.013246971526594264,-0.011580985015700485,-0.012290441592064938,-0.0031351967600519171,-0.003135196760051806,-0.020960622091356074,-0.0045313218935886246,-0.012871347573582548,-0.013344602640762981,-0.011302529837530439,-0.013250493184864931,-0.011583121006043418,-0.012323563644735303
2013-07-31,0.059281309862024179,0.059281309862024401,0.052988380338500729,0.059281309862024401,0.052077242364506393,0.051677086375453873,0.053197385113141316,0.051757661748221828,0.05319738511314176,0.052437201288072055,0.059276162092692264,0.059276162092692264,0.051935918189236929,0.059276162092692486,0.052071144833454541,0.051677086375453651,0.053195649087061092,0.051756361242107696,0.053195649087061092,0.052436268192570745,0.05927101603871221,0.059271016038712654,0.05088450745071138,0.059271016038712432,0.052065045269214849,0.051677086375453651,0.053193914333133918,0.051755059665808734,0.053193914333133918,0.052435335905053559
2013-08-31,-0.038338446961060257,-0.038338446961060368,-0.019961781227602504,-0.038338446961060813,-0.028562488173753509,-0.029992561304787224,-0.031658842988543601,-0.029706514652853455,-0.031658842988543712,-0.030825519743482799,-0.038340651671492476,-0.038340651671492587,-0.020941329672152675,-0.038340651671492476,-0.028566190138302305,-0.029992561304787224,-0.031660366799528661,-0.029707515059018808,-0.031660366799528439,-0.030826378383780773,-0.038342855647266472,-0.038342855647266583,-0.021919899546828159,-0.038342855647266139,-0.028569893337250907,-0.029992561304787335,-0.031661889696775192,-0.029708514732090352,-0.031661889696775192,-0.030827236337715003
2013-09-30,0.03816758231573969,0.038167582315740134,0.031803924607657574,0.038167582315740134,0.032133726809087548,0.031646235063870432,0.032944536798617197,0.031743796125503598,0.032944536798617419,0.032295016177221747,0.038162077510409453,0.038162077510409675,0.031116169950361927,0.038162077510409453,0.032125226011490593,0.031646235063870432,0.032943066525411346,0.031742082120685966,0.032943066525411124,0.032294258227699713,0.038156570869532613,0.038156570869532613,0.030428644468226906,0.038156570869532391,0.032116722379349927,0.031646235063870654,0.03294159497686322,0.031740369371884958,0.032941594976863664,0.032293499570096973
2013-10-31,0.040693084977214911,0.044411481973359646,0.045389449347069455,0.040693084977214689,0.045074499349091468,0.046307088710228372,0.045186559136551008,0.046060274953330316,0.04518655913655123,0.045746966328126915,0.040688069766266155,0.044058981243638273,0.04469263918253219,0.040688069766266155,0.045068714677764632,0.046307088710228594,0.045185125028263107,0.046059069699137645,0.045185125028263329,0.045746214437688781,0.040683056226498371,0.043706597975006645,0.043996061210652471,0.040683056226498149,0.045062930649107491,0.046307088710228816,0.045183691970884121,0.046057865435118472,0.045183691970883899,0.045745463198323844
2013-11-30,0.037797878871778545,0.038004656692024907,0.026344829812855908,0.041982328093029153,0.022593180722740192,0.029637705464341524,0.03126666178976456,0.028229123224167596,0.03210260384496566,0.030451992387371174,0.037451888580439796,0.037658597463255949,0.025660713945624858,0.041980095543527218,0.022589763290571829,0.029637705464341968,0.031197714801752374,0.028228430315910824,0.032101701810452354,0.030417523631163013,0.037105782920547226,0.037312422842946891,0.024976826041029243,0.0419778622495941,0.022586346238075983,0.02963770546434219,0.031128717215509916,0.028227737976911138,0.032100799113961243,0.030383027277872232
2013-12-31,0.024176174178565546,0.016333854323004271,0.021178844163199928,0.017590044226499568,0.024895977597563013,0.025925811724645031,0.02557557448291492,0.02571984838665764,0.024261876294528806,0.025750673632319865,0.024172952185345098,0.015993912768758944,0.020498171712499458,0.017587049155112444,0.024887550378121626,0.025925811724644809,0.025574489627990138,0.025717649876925153,0.024259985492518288,0.025750088034625085,0.024169731265763605,0.015654084490606124,0.019817726077010933,0.017584053085035301,0.024879122222218442,0.025925811724645031,0.025573405568043217,0.025715449558041392,0.024258095824307713,0.025749502944008906
2014-01-31,-0.031155655438802166,-0.028340638572017407,-0.036400478934672131,-0.029060078938319189,-0.031376538494112816,-0.035247832247327526,-0.034430361959735145,-0.034473284819122929,-0.034017835311187627,-0.03483915734092391,-0.031161157595644862,-0.028668460457626166,-0.037042771566610178,-0.029064066717384152,-0.031382568800079724,-0.035247832247327304,-0.034431458860476383,-0.034474602082751438,-0.034018899132130187,-0.034839705570887003,-0.031166661587151201,-0.028996173105685252,-0.037684850172346351,-0.02906805582615235,-0.03138859843608699,-0.035247832247327415,-0.034432556165379102,-0.03447592037171654,-0.034019963733780467,-0.034840254005276905
2014-02-28,0.055672669438757039,0.055672669438756817,0.038614977337953826,0.052276406312289581,0.048512188031189174,0.045515922318266178,0.047550309325680384,0.046115922972493451,0.046869075972130414,0.046533306142265918,0.055657073540398283,0.055657073540398061,0.037922682735495927,0.052260915134523689,0.048497281088640376,0.045515922318265956,0.047547172133816762,0.046112608636627028,0.046865942993283616,0.046531736445056815,0.055641482838939771,0.055641482838939327,0.037230618821008532,0.052245429118762621,0.048482379113416796,0.045515922318265734,0.047544037658499017,0.046109297170697783,0.046862812727332726,0.046530168211532219
2014-03-31,-0.01058565519384036,-0.010585655193840138,-0.013955919111919513,-0.0026654297952497519,0.010094385355608804,0.0082955220700922094,0.0045153096766761269,0.0086553302411966904,0.0060999808780786147,0.0064051646875085133,-0.010588894017277362,-0.010588894017277473,-0.014613172290315446,-0.0026716970490689995,0.010087983714913262,0.0082955220700917653,0.0045134801309709704,0.0086539574466835134,0.0060980256761355989,0.0064041741362217408,-0.010592133920682589,-0.010592133920682811,-0.015270206457322022,-0.0026779663926692621,0.010081582785432142,0.0082955220700922094,0.0045116519259493781,0.0086525857190702382,0.0060960719069571567,0.0064031844426704065
2014-04-30,-0.0021830635156881995,0.00062864667692408283,0.02865892781863999,-0.0040017683519748548,0.012195764691059985,0.0069515175925420891,0.0051220820585562432,0.0080018484018724578,0.0047610299562321767,0.0060366449108204545,-0.0021887790218584335,0.00029343206182352866,0.027630782963248945,-0.0043435807937700632,0.012189628308362455,0.0069515175925425332,0.0051192730394671315,0.0080006009709343573,0.0046910486858875444,0.0060351368215068035,-0.0021944926234953588,-4.1670852305553119e-05,0.026603665225595874,-0.0046850517645938838,0.01218348987952167,0.0069515175925425332,0.0051164619589194604,0.007999354454108154,0.0046210254015728314,0.0060336274240482268
2014-05-31,0.029322914251164622,0.028620339730112354,0.0094073129412552969,0.029322914251165066,0.020333336816091396,0.02320644590112142,0.024426813809504289,0.022631869236097613,0.024426813809504067,0.023816448883473562,0.028979724374567306,0.028276654597724216,0.0090707877494093925,0.028979724374567306,0.020321695603291223,0.023206445901121642,0.024357897488755498,0.0226290925122552,0.024357897488755498,0.023781973783699284,0.028636470160299909,0.027933083988873175,0.0087341503450957259,0.028636470160300576,0.020310058269601639,0.023206445901121642,0.02428893059228332,0.022626318069621565,0.024288930592282876,0.023747468779587333
2014-06-30,0.014046265114348033,0.014046265114348033,0.014758884305431819,0.014046265114348255,0.022403800629801074,0.020644756705541445,0.019329607979089669,0.020996567446310399,0.019329607979089447,0.019987467940397297,0.014043344098146671,0.014043344098147337,0.013744632547005864,0.014043344098146893,0.022398186631562345,0.020644756705541445,0.019328472934759366,0.020995242062236352,0.019328472934758922,0.019986828684745328,0.014040424055294043,0.014040424055293821,0.012731394027099219,0.014040424055293599,0.022392572009476419,0.020644756705541667,0.019327338571046404,0.020993915587505407,0.019327338571046626,0.019986189940089494
2014-07-31,-0.019970546510190146,-0.016001541066048119,-0.030688441543620604,-0.019970546510190257,-0.023034035962137156,-0.013437657596139019,-0.014744327634535259,-0.015360119057195587,-0.01474432763453537,-0.014090998337023097,-0.019975301087628905,-0.016330605180642555,-0.031657268688504714,-0.019975301087628683,-0.023039784321169821,-0.013437657596139019,-0.014746135890205458,-0.015361301240447767,-0.01474613589020568,-0.014091956007554307,-0.019980054080736886,-0.016659559643749433,-0.032625127974103107,-0.019980054080736442,-0.023045534596962014,-0.013437657596139019,-0.014747945472903035,-0.015362484449147673,-0.014747945472902813,-0.014092914508786247
2014-08-31,0.035698366253394287,0.039065702240870026,0.040252828019585296,0.037314529993637269,0.040647045189232012,0.039463400148334271,0.038710339267233884,0.039698293589420119,0.03903271924500018,0.039086866347724847,0.035008015734312004,0.038719289271294421,0.039213095058046266,0.036961229649114191,0.040639981484110521,0.039463400148334271,0.038571793755310724,0.039696293067726929,0.038961702489946459,0.039017563858889881,0.034317895255389086,0.038372760792226179,0.038174400790775165,0.036608047032129942,0.040632915423634897,0.039463400148334493,0.038433146568784382,0.039694291077907451,0.038890633617720383,0.038948201255798898
2014-09-30,-0.0089923203304447252,-0.0049611979455844724,0.00070947162209411552,-0.031357493346733989,-0.016538318735629942,-0.013796117628790072,-0.012822943633587269,-0.014344782228677966,-0.017313539482418983,-0.013308759546789783,-0.0093227112888274455,-0.0049634502596694885,4.2443145758630507e-05,-0.031685198425896122,-0.016542278322575932,-0.013796117628789628,-0.012889183536199167,-0.014345717905966282,-0.017380903797115432,-0.013341942789033889,-0.0096532124142524323,-0.0049657018232334149,-0.00062436306184110446,-0.032012794306431225,-0.016546237469617142,-0.013796117628789961,-0.012955463206613671,-0.014346654311569673,-0.017448308554667502,-0.013375152599126916
2014-10-31,0.014766492986037605,0.014766492986037383,0.045163879754039016,-0.014453887674953259,0.023672920933029529,0.023550777201827522,0.02178644943746133,0.023575091875438048,0.015932278736086269,0.022668142331383478,0.014761486454402561,0.014761486454402339,0.044814796638871002,-0.01446705016752714,0.023662948903286019,0.023550777201827522,0.021784759777253582,0.023573048908360761,0.015928258589971378,0.022667251067524319,0.014756481591054582,0.014756481591054582,0.044465829845967475,-0.014480217049061772,0.023652975765416917,0.023550777201827966,0.021783071355221839,0.023571004260128481,0.01592423549358557,0.022666360575424704
2014-11-30,0.032912260673455762,0.0269607130874574,0.026556535941888004,0.027140669247293969,0.020809611269705819,0.027471877047019921,0.028561927567173795,0.026138711075945897,0.027446256700019989,0.028017025046660482,0.032899320184507364,0.026618335786878333,0.025872278960756612,0.026796003005725488,0.020797280415798758,0.027471877047019921,0.028558973976559932,0.02613611364349766,0.027375217619214354,0.028015504589035789,0.032886375380624111,0.026275844322477537,0.025188249989282818,0.02645145161462148,0.02078494819164467,0.027471877047020143,0.0285560182183906,0.02613351407362452,0.027304126404851248,0.028013982812538529
2014-12-31,-0.0042578116063696214,-0.00020839819850793084,-0.0022872209685909084,-0.0042578116063698435,0.0009861351917621608,-0.0025365587996344363,-0.0028820238148460353,-0.0018328255932409387,-0.0028820238148460353,-0.00270936764125429,-0.0045897809973993731,-0.00021371646911216846,-0.0032844351405365568,-0.0045897809973994841,0.0009756206784781174,-0.0025365587996348804,-0.0029493028217942863,-0.0018352706501756355,-0.0029493028217945083,-0.0027430627780209438,-0.0049218610817907127,-0.00021903651306465211,-0.0042806530945278531,-0.0049218610817908237,0.00096510499678426065,-0.0025365587996345473,-0.0030165325269589927,-0.0018377177191442051,-0.0030165325269593257,-0.0027767287376228023
2015-01-31,0.00038579919853387601,0.00038579919853409805,-0.028572408364650026,0.00038579919853343192,-0.023067502262384521,-0.029629099053928187,-0.023638184793891681,-0.028317102948672512,-0.023638184793891903,-0.026634395584726578,0.00037503442389064112,0.00037503442389086317,-0.029219918840660886,0.00037503442389086317,-0.023073807099028953,-0.029629099053927965,-0.023640396663904828,-0.028318644795150671,-0.023640396663904606,-0.02663550502911971,0.00036427323631049724,0.00036427323631071928,-0.029867213551768246,0.00036427323631027519,-0.023080111235213474,-0.029629099053928187,-0.023642606618623274,-0.028320185443346801,-0.023642606618623052,-0.026636613438996926
2015-02-28,0.0061097903329379033,0.0061097903329376813,0.0090464772318308295,0.019445684435813959,0.046849284623544207,0.056204527306828123,0.046119270759880537,0.054333180076982179,0.04879844337439132,0.051157649987947362,0.0057743644985208675,0.0057743644985208675,0.0083738916779356742,0.019436157252177289,0.046840239538220141,0.056204527306828345,0.046045827698751873,0.054330859385148589,0.048793957946212441,0.051120515287494506,0.0054388268182110622,0.0054388268182110622,0.0077015302445175848,0.019426626891753562,0.046831195457794239,0.056204527306827679,0.045972438456400422,0.054328540496894728,0.048789475804937421,0.051083412742580325
2015-03-31,-0.0070022879685744943,-0.024090287211313788,-0.040100847668213757,-0.011725599788864227,-0.016707360288156781,-0.015705548416452553,-0.013884430688632654,-0.015901105479940947,-0.014869687632864448,-0.014790151554891495,-0.007029876332602214,-0.024415644675153891,-0.041060267110824111,-0.01175766241928855,-0.016724222712778514,-0.01570554841645222,-0.013892878932229347,-0.015905082373982249,-0.014877777317143792,-0.014794682279582805,-0.0070574738958181227,-0.024741110627644836,-0.042018728092452773,-0.011789735740819984,-0.0167410907600829,-0.015705548416452553,-0.013901333375751723,-0.015909062540605312,-0.014885874018564893,-0.014799216934308967
2015-04-30,0.0079921357184262742,-0.0054055726675145133,0.00052821680857562114,0.0070897180684308392,0.011229304187580169,0.0098339045492605859,0.0094684260913835416,0.010113439632044363,0.0092850413767238127,0.0096513478524713481,0.0073187158653056361,-0.0057371594077484378,-0.00013869085135376213,0.0067444929992459546,0.011221221469033482,0.0098339045492605859,0.0093309290712026982,0.010111464115801327,0.009214728961250529,0.0095824011199781012,0.006645968759290799,-0.0060688567137513472,-0.00080537628280519247,0.0063993829667385871,0.011213136055349349,0.0098339045492603638,0.0091935511119203284,0.010109490047208958,0.0091444774304367815,0.0095135186777641767
2015-05-31,0.025570616183827388,0.024538759466429916,-0.0083230499027973082,0.025570616183827832,0.0072972193565534749,0.012856125028566145,0.015394185486817147,0.011744032266374216,0.015394185486817147,0.014124853633265211,0.025564749831045619,0.024197189618299753,-0.0093142312622149781,0.025564749831045619,0.0072878374074563101,0.012856125028566368,0.015392979899649273,0.011742098019375424,0.015392979899649273,0.014124248848581988,0.025558885433063061,0.023855505875588268,-0.010304422430464255,0.025558885433062839,0.0072784585846332739,0.012856125028565923,0.015391773427735567,0.011740162352888328,0.015391773427735123,0.014123643539297293
2015-06-30,-0.01316499566055418,-0.013164995660554069,-0.01877434452445248,-0.013164995660554069,-0.024774063964742576,-0.020311991916417971,-0.018881828193704209,-0.021204339434479302,-0.018881828193704209,-0.019596861836502222,-0.013171383651082391,-0.013171383651082058,-0.019428385954531557,-0.013171383651081947,-0.024781529770154465,-0.02031199191641786,-0.018883882534680541,-0.021206228105237646,-0.018883882534680652,-0.019597963883210778,-0.013177769512989546,-0.013177769512989657,-0.020082209443446963,-0.013177769512989546,-0.024788998064997458,-0.02031199191641786,-0.018885935370244189,-0.021208118162037826,-0.018885935370243967,-0.019599064975639569
2015-07-31,0.035693473174053247,0.035693473174053247,0.035993192991750078,0.035693473174053247,0.014807340729927176,0.0225892285445779,0.025208720893005188,0.021032401770092468,0.025208720893004966,0.023898889467378392,0.035682875213519649,0.035682875213520093,0.035647804362647806,0.035682875213519871,0.01479589141239801,0.022589228544578122,0.025205764442804091,0.021029624027883109,0.025205764442804535,0.023897359212725178,0.035672273719154823,0.035672273719154823,0.035302300565613676,0.035672273719155045,0.014784443366873123,0.022589228544577677,0.025202810159078437,0.021026844123526178,0.025202810159078437,0.023895830283143571
2015-08-31,-0.070313592068317998,-0.070313592068317998,-0.055992576076126954,-0.07031359206831822,-0.057271080354504456,-0.060950270687977648,-0.062822337775836568,-0.060213465596835714,-0.062822337775836345,-0.061886266533410672,-0.070624854637333367,-0.070624854637333701,-0.056621809486507635,-0.070624854637333923,-0.057288442907142079,-0.060950270687977648,-0.062886489637616338,-0.060217260770624614,-0.062886489637616227,-0.06191847955926133,-0.070936013486732841,-0.07093601348673273,-0.05725083322231006,-0.07093601348673273,-0.057305811249226957,-0.060950270687977648,-0.06295059448917173,-0.060221059236417074,-0.062950594489171396,-0.061950664691330704
2015-09-30,-0.019695563054159759,-0.019695563054159648,-0.016402456385323005,-0.019695563054159426,-0.026745580683558701,-0.025515784471333069,-0.024361243656500609,-0.025760143006558489,-0.024361243656500386,-0.024939102596036045,-0.019700359171105797,-0.019700359171105797,-0.017058078810661792,-0.019700359171105797,-0.026751152408485801,-0.025515784471333069,-0.024362414383756748,-0.025761878605971678,-0.024362414383756525,-0.024939701062311137,-0.019705156887290576,-0.019705156887290465,-0.01771348276801521,-0.019705156887290243,-0.026756724752562189,-0.025515784471332958,-0.02436358612652334,-0.025763612933544455,-0.024363586126523673,-0.02494030008767667
2015-10-31,0.074724127348918534,0.060075536490467485,0.04954882240501246,0.074724127348918756,0.081542673528052667,0.085059819167126571,0.082999543238421625,0.084356424024353727,0.082999543238421847,0.084030110089385435,0.074712768496000503,0.05972211907540137,0.0488492397871787,0.074712768496000725,0.081530185420058077,0.085059819167126349,0.082996891751476065,0.084353621213302921,0.082996891751475621,0.084028760374009526,0.07470140585553553,0.059368583815248899,0.048149890285845931,0.074701405855535974,0.081517695924341771,0.085059819167126349,0.082994242207528712,0.084350816220589486,0.082994242207528712,0.084027411827373832
2015-11-30,-0.0048989389252237503,-0.004035944432814742,-0.003105797365490659,-0.0048989389252236393,0.0011327650349786111,0.0036551033938940769,0.001945320629844538,0.0031507840481104221,0.001945320629844316,0.0028002753886964271,-0.0049040235158117618,-0.0043679877918969545,-0.0041021933701231861,-0.0049040235158117618,0.0011209371776510491,0.0036551033938938549,0.0019430993036997357,0.0031481123316055015,0.0019430993036995137,0.0027990264315225222,-0.0049091098018281265,-0.0047001418690048036,-0.0050975939741507714,-0.0049091098018283486,0.0011091106343843471,0.0036551033938938549,0.0019408766439585889,0.0031454385354816594,0.001940876643958811,0.0027977764743836175
2015-12-31,-0.010865688506325966,-0.013452934468552002,-0.030581679871110823,0.005973754225092609,-0.019995852617566534,-0.017282573483057173,-0.016003388168365218,-0.01782527451336291,-0.012641707926891566,-0.016643241076436333,-0.011196628991905766,-0.013781838307702521,-0.031227851055999234,0.0059714026814265964,-0.02000046911247666,-0.017282573483056951,-0.01606953142304246,-0.017826326232499023,-0.012642699423278558,-0.016676309807146295,-0.011527459200748713,-0.014110851818023185,-0.031873806922265713,0.0059690519213480009,-0.020005086120387761,-0.017282573483056729,-0.016135723218369091,-0.017827378817092843,-0.012643691647296285,-0.016709407222282424
2016-01-31,-0.055420014324841782,-0.041441602524857735,-0.012950931569524538,-0.041259056947469563,-0.044553880103491483,-0.049786611010111392,-0.050915910170624579,-0.048741553000540283,-0.048084180359461826,-0.050351424866866501,-0.055426724182168652,-0.041766580400262043,-0.013937487360059397,-0.041269888475052419,-0.044567619375790124,-0.049786611010111725,-0.050917363995984344,-0.048744383570294203,-0.04808831478542519,-0.050352158816961201,-0.055433431803622257,-0.042091449985803719,-0.014923057580374377,-0.041280723614348869,-0.044581354069857415,-0.049786611010111503,-0.050918816562453784,-0.048747216217322475,-0.048092446181698056,-0.050352892082674794
2016-02-29,-0.00024241395869317728,-0.00034399436118692783,0.0042704841791316728,-0.00034399436118659477,0.0090040922205356644,-0.00082610197507648753,-0.0007095352694105328,0.001139152356356643,-0.00072039773956289466,-0.00076782926698859555,-0.00057572203872036098,-0.00067962089397477499,0.0039356715489666794,-0.00067962089397499703,0.0089855194930354987,-0.00082610197507682059,-0.00077618351463171198,0.0011350978066497763,-0.00078938600014066829,-0.00080115255688140152,-0.00090914125848740035,-0.0010151355885313906,0.0036007472773782467,-0.0010151355885313906,0.0089669488289429999,-0.00082610197507693162,-0.00084288957176970047,0.0011310465879441622,-0.0008583237064008209,-0.00083450697756759507
2016-03-31,0.077118005939561529,0.077118005939561751,0.071860382074589113,0.067441647993383258,0.069834947970512928,0.067265895175662394,0.069240093763599742,0.067778010135467914,0.067302426323788467,0.068253229748570954,0.076756053190405016,0.076756053190404794,0.071144496615069164,0.067438700477604252,0.069822454304158565,0.067265895175662394,0.069167907783749927,0.067775260509988611,0.067301364950721254,0.068217149853695869,0.076394221051960809,0.076394221051960809,0.070429326325838204,0.067435751978993208,0.069809967574876453,0.067265895175662171,0.069095668828666357,0.067772513265454304,0.067300302798742218,0.068181038662455284
2016-04-30,-0.030749818937776285,-0.030749818937776285,0.012742461081671541,-0.021084628521593762,0.014813410231063084,0.0039412725533176651,-0.0030016699899100274,0.0061176323939271526,-0.0010610781560020932,0.00046950315167149093,-0.031076545911597808,-0.031076545911597475,0.012067411949139073,-0.021088508501676206,0.014807099335689466,0.0039412725533178872,-0.0030699485237832835,0.00611606906464357,-0.0010619968537030067,0.00043517779661716993,-0.031403164012718476,-0.031403164012718365,0.011392587758004113,-0.02109238718886286,0.01480078773902771,0.0039412725533178872,-0.0031381679341681012,0.0061145069503376615,-0.001062914755889155,0.00040088444868802142
2016-05-31,0.0053166851109920366,0.0053166851109920366,0.0026650273461368279,0.01888916374449634,0.010491665857694343,0.017011391320004066,0.014668858158253917,0.015704471109377449,0.017374832840234999,0.015839907120440921,0.0049815236890513592,0.0049815236890513592,0.0019966953832333267,0.018877779390852556,0.010475879381521835,0.017011391320004066,0.014599132046310137,0.015700238091983731,0.0173704214359367,0.015804779918014988,0.0046462505093842754,0.0046462505093842754,0.0013285861234164642,0.018866391241158631,0.010460094659207053,0.017011391320004288,0.014529364073583073,0.015696008176528498,0.017366006794234723,0.015769624591328579
2016-06-30,0.039428912697448748,0.039428912697448304,-0.012199932472066854,0.037581597883974194,0.011931606786755866,0.0034760386200898274,0.010651403499188028,0.0051672927562893545,0.010295674236117325,0.0070627811554169195,0.039423925680138971,0.039423925680139416,-0.012858356113145009,0.037226149720182233,0.011925081740981724,0.0034760386200896054,0.010649656533342267,0.0051655093197200408,0.01022630025223048,0.0070618288487438452,0.039418936999936482,0.039418936999936705,-0.013516560352810347,0.036871056649460998,0.011918555970122924,0.0034760386200896054,0.010647908285447816,0.0051637245743374471,0.010156884618963469,0.007060875779616449
2016-07-31,0.021233366957955635,0.021233366957956079,-0.0081905291524025925,0.021233366957955413,0.028788694522886793,0.036471416747427376,0.033421334563929372,0.034934601887359751,0.033421334563929594,0.0349462164688088,0.020892899090992456,0.02089289909099179,-0.0091818429663432788,0.020892899090991568,0.028776484313804751,0.036471416747427376,0.033346982303803063,0.03493142087611445,0.033346982303803285,0.03490863453016213,0.020552317696896694,0.020552317696896694,-0.010172166456793641,0.020552317696896694,0.028764278173436075,0.036471416747427376,0.033272684528712126,0.03492824233706715,0.033272684528711682,0.034871085134325686
2016-08-31,-0.016212086658541014,-0.01655453819088315,-0.01891386985949095,-0.016554538190882706,-0.0032818822773078571,0.0011973785539964865,-0.0022828637282795716,0.00030356868714620511,-0.0023512414916703195,-0.00054264075314780502,-0.016555898289283832,-0.016570584160269686,-0.019894465691715157,-0.016570584160269242,-0.0032958448207844881,0.0011973785539964865,-0.0023539434220711808,0.00030026768582080976,-0.0023557867409818023,-0.00057832589810313806,-0.016899366451863851,-0.016586624782782056,-0.020874081907723663,-0.016586624782781945,-0.0033098120199945846,0.0011973785539962645,-0.0024250657892834759,0.00029696382114585695,-0.0023603353259221693,-0.00061403961403105889
2016-09-30,0.0023474133204366421,0.0031509492011612128,0.012861193585245401,0.0031509492011614348,7.6567813596328804e-05,5.7827076553884638e-05,0.00052037326596754419,6.1780578117565099e-05,0.00067815382272562452,0.00028938441860915098,0.0019989936229911631,0.0031364283161976481,0.01218606531090094,0.0031364283161976481,6.332450231050224e-05,5.7827076553662593e-05,0.00044942379374379726,5.8954678775480218e-05,0.00067391325485410825,0.00025378076614757106,0.0016506900267445612,0.0031219025893249874,0.011511162004325559,0.0031219025893247654,5.0079719381646015e-05,5.7827076553884638e-05,0.00037843172627960442,5.6126454004434834e-05,0.00066966957495084856,0.0002181486079597672
2016-10-31,-0.022750317883428406,-0.022750317883428184,-0.0056237605341307173,-0.01628255579854665,-0.015773950922397528,-0.017336959377010741,-0.018422733346598275,-0.017024033128184568,-0.01712355866957771,-0.017880040872753411,-0.023401709106302571,-0.023401709106302349,-0.0059552745329525258,-0.016616281403998401,-0.015781017423089017,-0.017336959377010741,-0.018553658321309174,-0.017025495130047141,-0.017190379015095236,-0.017945543921349172,-0.024052883271121317,-0.024052883271120873,-0.0062868990732873886,-0.016949895804649562,-0.015788081569065526,-0.017336959377010741,-0.018684679378128677,-0.017026958204831577,-0.017257248398160896,-0.018011103788497351
2016-11-30,0.016831283047260337,-0.02887279187775138,0.030152478021196361,-0.027495673622313754,0.039607447596808676,0.036838723729452738,0.032835913048131049,0.037392481689695112,0.023983276481362559,0.034837235737324557,0.016490091776966365,-0.029520102131457171,0.029808704195638303,-0.027819895768130598,0.03959728269195173,0.036838723729452738,0.032766534945568804,0.037390234190420424,0.023913807003846932,0.034802475347214701,0.016149014199198453,-0.030167196686978204,0.029465044923170591,-0.028144226024032992,0.03958711891640343,0.036838723729452738,0.03269710592839381,0.037387988537571193,0.02384438843328307,0.034767684805301124
2016-12-31,0.038847375016426211,0.012461902471656572,0.0076235238857564891,0.03369487540918259,0.019334621788834383,0.02027159158976044,0.024008239695077149,0.020086486033813467,0.023070664184350553,0.022141235989041608,0.0384706754035955,0.011783306043255504,0.0069518868093454422,0.033686849317249967,0.019306188163087823,0.020271591589760662,0.023931602015925035,0.020080340563321641,0.023058929595662914,0.022102841654192629,0.038094352114053764,0.011105387533363986,0.0062804735373580556,0.03367882589979021,0.019277751377698715,0.020271591589760662,0.023854918326559948,0.020074199868925779,0.023047187961995563,0.022064416579283819
2017-01-31,-0.0096419998690302489,-0.0082120277778854334,0.01617673649803919,-0.0096419998690302489,0.018313093750421894,0.017894508484489036,0.012356410565815379,0.01797869496538107,0.012356410565814713,0.015123497556075227,-0.010631862937626968,-0.0085512551510450452,0.015499398230085504,-0.010631862937627412,0.018305479649262324,0.017894508484489702,0.012151272947016345,0.017976814648533512,0.012151272947016123,0.015020472278133745,-0.011620737132029157,-0.0088903694860925642,0.014822285666319379,-0.011620737132029157,0.01829786470199779,0.017894508484488814,0.011946340260903465,0.017974932868079163,0.011946340260903243,0.014917549922548234
2017-02-28,0.010225702306714046,0.028338930137526974,0.011211330011610787,0.023645068992095064,0.033862100466451217,0.039291837892810877,0.033477517572302995,0.038204523778902821,0.036167775502872646,0.03638461081707578,0.0098771986743662055,0.027996093354683893,0.010200624034587324,0.023633090171195192,0.033851473815186051,0.039291837892810655,0.0334039387819558,0.038202331768126596,0.036163103448389577,0.036347541791398097,0.0095288111711862022,0.027653142254807417,0.0091909277538448908,0.023621107356023519,0.033840845983051038,0.039291837892811099,0.03333031581782997,0.03820013795354793,0.036158427965218731,0.036310443086757571
2017-03-31,-0.012562541572875841,-0.0064706916140686577,-0.0065659476947432793,-0.013474918624897692,-0.0013889648448306424,0.0012496404729673838,-0.001516717079833696,0.00072230038243947803,-0.001682640317152595,-0.00013377782702117536,-0.01257699444321303,-0.0071329341125759838,-0.0075588852782568772,-0.013817024442730474,-0.0013982675123522803,0.0012496404729678279,-0.0015213795827888621,0.00072018991291522561,-0.0017521455246153339,-0.00013621961766530077,-0.012591442497532079,-0.0077949559371418564,-0.0085508309161325124,-0.014159016263290192,-0.001407573281797192,0.0012496404729680499,-0.0015260455074228574,0.0007180777066881916,-0.0018217017399685398,-0.00013866352636437984
2017-04-30,0.0095987158512407245,0.010596171476802363,0.021377600815604358,0.0080837339581736334,0.0080450055114298369,0.0099262787558054288,0.0098638044260306312,0.009550023477761016,0.0095606078397900696,0.0098952276644443948,0.0089185060920744519,0.010249172021026709,0.020356733648372316,0.0077402904643664172,0.0080365224075784614,0.0099262787558047627,0.0097263959478519624,0.009548222790846328,0.0094905601830119757,0.0098264396255214326,0.0082389758631373766,0.0099022881931942752,0.019336886328460201,0.0073969614135758199,0.0080280383610553674,0.0099262787558054288,0.0095889049750892408,0.0095464206221482772,0.0094204611202546307,0.0097575965121075026
2017-05-31,0.01513600050378372,0.015136000503783498,0.023967372094052086,0.0020401021919942419,0.010789136063913851,0.014112835979445348,0.014317569529540997,0.013448388372197639,0.011696322696830075,0.014215209047637289,0.015130723387603684,0.015130723387603684,0.023625992740128332,0.0020361584133468114,0.010782426556923408,0.014112835979445126,0.014316343145777122,0.013446752292697095,0.011695405689359895,0.01421458517161045,0.015125444511798314,0.015125444511798314,0.02328449955514289,0.0020322133196688519,0.010775716304349592,0.014112835979445348,0.014315117660701926,0.013445114866869057,0.011694487886460214,0.014213961835807698
2017-06-30,0.016617096173750845,0.016617096173750401,-0.025779826029173614,0.019886153107673277,0.0056169652652422464,0.0063751707131403101,0.0084253183607643223,0.0062235337678189229,0.0090694838957157131,0.0074003546892607019,0.016608959927971734,0.016608959927971512,-0.026429197916506553,0.019540564002458627,0.0056081950749307108,0.0063751707131400881,0.0084236487048092723,0.0062217239134849667,0.0090006146062067138,0.0073995172456000624,0.01660082096920612,0.016600820969205898,-0.02707835341867193,0.019195090055225794,0.0055994239100449761,0.0063751707131405322,0.0084219776005629576,0.0062199126503907909,0.0089316947754882747,0.0073986790195947894
2017-07-31,0.022007360576258073,0.022007360576258295,0.00097276980717642125,0.022007360576257851,0.018553802059299018,0.020554078814655208,0.02085146562669471,0.020155440915252676,0.02085146562669471,0.020703197095515158,0.021989620307252489,0.021989620307252267,-2.7702726364653429e-05,0.021989620307252489,0.018538434055538344,0.020554078814654542,0.020846391638263295,0.020152229885866513,0.020846391638263739,0.020700559235486748,0.021971885949699566,0.021971885949699343,-0.0010271757868443032,0.021971885949699566,0.018523064344032392,0.020554078814654986,0.020841321368030741,0.020149021352006802,0.020841321368030741,0.020697923659624307
2017-08-31,0.0053576214031549885,0.0053576214031547664,0.00069728713281591581,0.0053576214031547664,-0.0011211717374746133,0.0029177722427360386,0.0034052586012049968,0.0021101005539869711,0.0034052586012049968,0.0031614852528998316,0.005345469363582378,0.0053454693635826001,-0.00030291005572291585,0.005345469363582156,-0.0011284513433129639,0.0029177722427364827,0.0034027423779869892,0.0021080936276105522,0.0034027423779872112,0.0031602217907416019,0.005333321373339972,0.005333321373339972,-0.0013021080462705115,0.005333321373339972,-0.001135728523424695,0.0029177722427362607,0.0034002243081847627,0.0021060852284082721,0.0034002243081843186,0.0031589572326338189
2017-09-30,0.033730801739453753,0.033730801739453975,-0.00018271881744935659,0.033730801739454197,0.024587780577869589,0.020149295816114243,0.02286657772113343,0.02103568449287363,0.022866577721133652,0.021507998147080931,0.033722929373723121,0.033722929373722899,-0.00051604679917383045,0.033722929373723343,0.024577972330137809,0.020149295816114465,0.022864907783378685,0.021033575859795706,0.022864907783378907,0.021507157293480628,0.033715054382995602,0.033715054382995602,-0.00084948592727396299,0.03371505438299538,0.024568162992479436,0.020149295816114687,0.022863239069347507,0.021031465491526236,0.022863239069347507,0.02150631716798812
2017-10-31,0.033860144171353079,0.033860144171352857,0.0086644674551481504,0.033860144171352857,0.018672798474945518,0.023564159150457398,0.025624481839463975,0.022585976931932761,0.025624481839463975,0.024594391723426368,0.033850824963121973,0.033850824963121973,0.0076563070678867806,0.033850824963121529,0.018658213346477437,0.023564159150457176,0.025620956820802121,0.022582811065237074,0.025620956820802343,0.024592524972835816,0.033841502647452337,0.033841502647452559,0.0066491538338593337,0.033841502647452559,0.018643629838399622,0.023564159150457176,0.025617434385259763,0.022579647799449098,0.025617434385259541,0.024590659838694462
2017-11-30,0.030132884286524275,0.017564926474162634,0.021189216156840551,0.030132884286524275,0.031068860144391364,0.030566051074111478,0.030478140269142084,0.030666146404363825,0.030478140269142084,0.0305220152066632,0.030121098106326905,0.017223513933029677,0.020168537280121912,0.030121098106327127,0.03105893507600066,0.030566051074111478,0.030475343752056183,0.030663855897653081,0.030475343752056183,0.030520582775403593,0.030109315853547036,0.016882215158155578,0.019148878062620778,0.030109315853547258,0.031049008904701969,0.030566051074112144,0.030472549656519021,0.030661563608050724,0.030472549656519687,0.030519151584509796
2017-12-31,-0.010768806253603103,-0.013674354775928932,0.020571322604919784,-0.015105300831314561,0.011135583345446509,0.012127826614485748,0.0075385041778313067,0.011929380855019822,0.0066690731733183295,0.009832540356562891,-0.011433024467829234,-0.014004600040448234,0.019551261312960921,-0.015438584183909088,0.011128597540059237,0.01212782661448597,0.0074029595336995158,0.011927975834844506,0.0066007723503753724,0.0097645985393173262,-0.012096579127396034,-0.014334735259894704,0.018532219063251976,-0.015771756479071475,0.011121610958385153,0.01212782661448597,0.0072673335139561424,0.011926569658480712,0.00653242140340482,0.0096966023251010558
2018-01-31,0.051903790591623755,0.044815005451956713,0.044467375063845793,0.046910092411527771,0.045429528262539209,0.056359214365972798,0.055470909037117044,0.05417282720016825,0.054489568719681802,0.055915232342418797,0.051553097545918636,0.044118578186199908,0.044113295886122783,0.046212268653879507,0.045417185354819756,0.056359214365973687,0.055400513805247353,0.054170242597893603,0.054348918538786206,0.0558800187349906,0.051202287563553162,0.043422382985509822,0.043759334695463004,0.045514677426641059,0.04540484107551368,0.056359214365973465,0.055330057511255859,0.054167655868752718,0.05420816513873028,0.05584477223082529
2018-02-28,-0.03068482462247335,-0.027025589973061037,-0.024220147746960352,-0.03299732872206651,-0.047313633066178529,-0.036360651528582033,-0.035220043556278724,-0.038551172907389963,-0.03568363033657429,-0.035790008367190707,-0.031330927055652769,-0.027674131489492937,-0.024870559246545798,-0.033319716677151834,-0.047325897916124626,-0.036360651528582255,-0.03534872806812539,-0.038554425831238359,-0.035747945964657468,-0.03585431690033003,-0.031976814193119707,-0.028322456897455495,-0.02552075401454168,-0.033642212130721605,-0.047338164128982951,-0.036360651528582255,-0.035477507017868448,-0.038557681431913626,-0.035812317381301639,-0.035918681215876824
2018-03-31,-0.031492941888981774,-0.034258796539894609,-0.034258796539894165,-0.031043941059810787,-0.017347589651452222,-0.027410375932548137,-0.028231898133946332,-0.025407932069344552,-0.028140334609930151,-0.027821452585021778,-0.031819680222899716,-0.034264829649520046,-0.034264829649519601,-0.031370216233980397,-0.017358045141616874,-0.027410375932548137,-0.028298020602508744,-0.025410496344412392,-0.028206138452906981,-0.027854562637651625,-0.032146309680332497,-0.034270864770851839,-0.03427086477085195,-0.031696382685999391,-0.017368499470189813,-0.027410375932547915,-0.028364085814554074,-0.025413062615469051,-0.028271885315269363,-0.027887641816381703
2018-04-30,-0.012572430385931477,0.0067103383687967533,0.016961113753029666,-0.0010694739858252422,0.0087332709218566063,0.0051682560250374543,0.0016140054554616423,0.0058814559186530779,0.0039195676300991522,0.0033907489641209487,-0.012903788820952555,0.0067093421497634864,0.01594466086572055,-0.001072904194191926,0.0087235917873320634,0.0051682560250370102,0.0015465558747351782,0.0058791147747188077,0.0039184964532632538,0.0033569502445187638,-0.013235036839967407,0.006708346262692011,0.014929223415861115,-0.0010763332595369324,0.0087139158781097681,0.0051682560250367882,0.0014790567946836308,0.005876775554142899,0.0039174244903217303,0.003323122207284479
2018-05-31,0.029564509822157747,0.025794758653001404,0.0095612278915020443,0.039474707611442561,0.014851075534246139,0.024308944737690075,0.025356679643555813,0.022412925783454885,0.027338245484963775,0.024832603912623652,0.029555450362850122,0.02578862915038993,0.0092210481067409589,0.039461572796259059,0.014838043194192352,0.024308944737690519,0.025353613905654271,0.02241027784761096,0.027335535649540832,0.024830978489801758,0.029546387882716241,0.025782497603930254,0.0088809816774566563,0.039448433601343424,0.01482501230201505,0.024308944737690075,0.025350545917895317,0.022407632087169782,0.027332823463556588,0.024829351657058574
2018-06-30,-0.0026452261940023147,-0.0038256933147047256,-0.021814853108757526,0.0054791686060009503,0.0093122515323775801,0.0057510837487078081,0.004079918967922147,0.0064688657347329315,0.0057017954249451996,0.0049160092765065944,-0.0029901921800724596,-0.0041680993143780043,-0.022466867870891027,0.0051368793562409643,0.009300407682500289,0.0057510837487075861,0.0040096849339417151,0.0064657656170468147,0.0056316714034787552,0.0048808141902432212,-0.0033350432157979171,-0.0045103912167506754,-0.023118665367192426,0.0047947041648785937,0.0092885625164931263,0.0057510837487078081,0.0039395117167497773,0.0064626630862807399,0.0055616081035390064,0.0048456519220965166
2018-07-31,0.019301899855406646,0.019301899855406646,0.022347599337364965,0.029961920819442156,0.036560904130569449,0.037046389585907225,0.033496194647972377,0.036947736833672584,0.035632995307320448,0.03527121189793947,0.018962075918131926,0.018962075918132149,0.021325762656368319,0.029951145821669911,0.036547156167807682,0.037046389585907447,0.033426237702020911,0.036944661741536988,0.035630796950239851,0.035236073284528935,0.018622138668440424,0.018622138668440869,0.0203049467912364,0.029940374414366255,0.036533409732427691,0.037046389585907447,0.033356238756701906,0.036941589175733425,0.03562860049675276,0.035200906537721011
2018-08-31,0.027083767243677004,0.027083767243677004,0.017471523176029846,0.031894230824023762,0.016567135744696815,0.031920112973289561,0.030956030763771514,0.028841707836999353,0.031911631158622944,0.031438268432975036,0.027082171959381007,0.027082171959381007,0.016454560134374407,0.031543794656047952,0.016558462453092337,0.031920112973289783,0.030953344197347077,0.028839750582512202,0.031840757224956606,0.03143675883915531,0.027080576143146295,0.027080576143146073,0.015438613039813864,0.031193708574154488,0.016549790125079067,0.031920112973289561,0.030950656018014833,0.028837791804532165,0.031769840741399991,0.031435248036693952
2018-09-30,0.0098830050422316074,0.0098830050422320515,0.013609938016314604,0.0098830050422313853,0.0049507076624311086,0.0059451537576091784,0.0067323277553126282,0.0057455945658286822,0.0067323277553124061,0.0063387160577537127,0.0098658613807014461,0.0098658613807018902,0.012934310662195747,0.0098658613807016682,0.0049412544201332675,0.0059451537576087343,0.0067287734581229497,0.0057426303718113303,0.0067287734581231717,0.0063369311085881286,0.009848712002711979,0.0098487120027124231,0.012258908442151162,0.009848712002712201,0.0049318022280784302,0.0059451537576082902,0.0067252160778707992,0.0057396640024562906,0.0067252160778705772,0.0063351444919139688
2018-10-31,-0.080200201959805595,-0.080200201959805373,-0.10273071100059294,-0.097972031623440148,-0.063087421703413638,-0.069104222144446226,-0.071318868493341681,-0.06790180446597649,-0.074868196486120309,-0.07021126006277012,-0.080513985127547039,-0.080513985127546928,-0.10332879084661839,-0.097979228728966139,-0.063096010754783882,-0.069104222144446337,-0.071382500519343473,-0.0679035639405281,-0.07486994080175291,-0.07024313096197643,-0.080827454825590173,-0.080827454825590395,-0.10392667139912604,-0.09798642343625652,-0.063104596944091096,-0.069104222144446226,-0.0714460689768881,-0.067905324706308279,-0.074871683606953066,-0.070274970022122685
2018-11-30,0.02863112949329305,0.028631129493293273,0.038965082339346813,-0.0035253583656058574,0.025339387373353617,0.01854924956231585,0.020552392675794451,0.019907236032120412,0.014130418867392081,0.019550004254843545,0.028627161182386951,0.028627161182386951,0.037926636479937326,-0.0035353921928537035,0.025318909203073448,0.018549249562315628,0.020550569218391379,0.019902783024993376,0.014125531866617358,0.019549029250787164,0.028623194193810209,0.028623194193810209,0.036889228028978538,-0.003545429365826136,0.025298437856575928,0.018549249562315628,0.020548744422805187,0.019898333676219959,0.014120641931882227,0.019548053400994858
2018-12-31,-0.085977054700940858,-0.085977054700940747,-0.091753083828380766,-0.077436278971358852,-0.088685700032361536,-0.088048212268354797,-0.087634405599076648,-0.088176961116187114,-0.085957708430241642,-0.08784133562244123,-0.085988044679145892,-0.085988044679145781,-0.092660876848042251,-0.077747829243017264,-0.088692960974878554,-0.088048212268354353,-0.087636864451879681,-0.088178767551506665,-0.086020298853817234,-0.087842589445345176,-0.085999030995245196,-0.085999030995245418,-0.093567762981570435,-0.07805927569918969,-0.088700222724256927,-0.08804821226835402,-0.087639321502844925,-0.088180572663078216,-0.086082935210720857,-0.087843842182543264
2019-01-31,0.066652145093249793,0.066652145093249793,0.062842766292377616,0.071910707141474628,0.074451889768667234,0.080065542710487714,0.077375243529920201,0.078942433223751607,0.078429812695247625,0.078719915192012824,0.066294902835611458,0.066294902835611014,0.06213432252214357,0.071907180411636018,0.074443628111675375,0.080065542710487714,0.077303030749471091,0.078940717152732542,0.078429070329809836,0.078683760854185492,0.06593777961904479,0.065937779619045012,0.061426114821144351,0.071903654856982913,0.074435367372543082,0.080065542710487492,0.07723084496821464,0.078939002491546173,0.078428328607198061,0.078647620215324343
2019-02-28,0.021629597950490131,0.021629597950490353,0.026487362764535005,0.030852771647208455,0.032589469039602692,0.032415674207255218,0.030263769331424051,0.032449883325807782,0.032106172684891465,0.031340050958096777,0.021625117184724818,0.021625117184724818,0.02580315189117055,0.030850721818327376,0.032581027346142655,0.032415674207255218,0.030261219055790489,0.032447753958546821,0.032104957250209232,0.031338617003595193,0.021620634924872872,0.021620634924872428,0.025119169012099318,0.030848671305941933,0.032572588465642704,0.03241567420725544,0.030258667249073667,0.032445623028604098,0.03210374108582692,0.031337181901011091
2019-03-31,0.023096396485792425,0.023096396485792647,0.027129131370988935,0.024685930883747931,0.01686181168464862,0.018100350164878209,0.019097459956094687,0.017852628241668222,0.019416685268045075,0.01859877432307111,0.023092523790900987,0.023092523790901209,0.026444492723182833,0.02433588445589363,0.016854379072200665,0.018100350164878209,0.019096473681379011,0.017851036852129631,0.019346755798628879,0.018598266084281612,0.023088649804680728,0.02308864980468095,0.025760082212213931,0.02398618772477068,0.016846948936464434,0.018100350164878654,0.019095486682863649,0.017849444294715688,0.019276896188823223,0.018597757404635651
2019-04-30,0.012183932838354172,0.014236840893153913,0.050901723785722774,0.012183932838354172,0.03236574556355154,0.040852309798510733,0.035084243221460643,0.039153203720641905,0.035084243221459976,0.037966121058047086,0.01217578162966837,0.013890653264477804,0.050201239383932617,0.012175781629668592,0.032357103879347093,0.040852309798510955,0.035081960584545158,0.03915119525495081,0.035081960584545158,0.037964930286428888,0.012167627703007167,0.013544580993225752,0.04950098839913708,0.012167627703007389,0.032348463155223328,0.040852309798510955,0.035079676272468108,0.039149185225903604,0.035079676272468996,0.037963738481913367
2019-05-31,-0.043329090572957862,-0.040131151793457942,-0.079351859732218033,-0.042020114939941289,-0.063368761966783205,-0.063770982336569748,-0.059678504931848009,-0.063686812427258821,-0.059416567814480126,-0.061724491569923989,-0.043966764900187916,-0.040451533999000144,-0.079659185173805325,-0.042349702035049064,-0.063379430694522676,-0.063770982336570081,-0.059804612500003018,-0.063689662221399046,-0.059482915379991286,-0.061787471888696266,-0.044604226740137976,-0.040771809446060847,-0.079966408207714501,-0.042679179304400239,-0.063390100607808031,-0.063770982336569748,-0.059930795778125323,-0.063692514233772091,-0.059549302777941238,-0.061850502632063376
2019-06-30,0.051612837988731286,0.043631782175585165,0.034754724962527739,0.055187911703458381,0.07496918419870835,0.069586532696197523,0.066026986113333352,0.070673732293592639,0.066715137442048267,0.067809003415958413,0.051262241943393905,0.04328384692565157,0.033720487356367901,0.054812537480454004,0.07495192657937455,0.069586532696197301,0.065951308763759542,0.070669345255754745,0.066636312562099453,0.067770806747865064,0.050911528993740074,0.04293579565862915,0.032687282954610541,0.054437288340496215,0.074934670877341514,0.069586532696197079,0.065875686870239702,0.070664961822073602,0.066557555937892143,0.067732643154886141
2019-07-31,0.0033494211046669609,0.015327591739475066,8.6506026379717937e-05,0.01922689905290742,0.0071252977514912885,0.015119464131618576,0.012776931313159823,0.013520098317939544,0.015948974580197062,0.013948901111667578,0.0030014762885686164,0.014981019032614284,-0.00091308068628970229,0.019206846193220661,0.0071153645901591567,0.015119464131618354,0.012703852631491097,0.013517499945665978,0.015943179227852378,0.01391214598226842,0.0026538790696903902,0.014634561811493807,-0.0019116688108350433,0.019186800015593697,0.0071054325323893774,0.015119464131618132,0.012630730076289121,0.013514899550863602,0.015937379622463999,0.013875361425221833
2019-08-31,0.021109896605128631,0.018908272873324972,-0.014336516781177755,0.018908272873325416,-0.01613726170221419,-0.016742996277371636,-0.0092329670811994724,-0.016621570209692127,-0.0096423908649124757,-0.012991742811990448,0.020769469901809945,0.0189077752084581,-0.014993516270075391,0.018907775208458322,-0.016144191271531327,-0.016742996277372191,-0.0092997180974190297,-0.016623505794389204,-0.0096448753557384359,-0.013025034750782427,0.020428929685085251,0.018907277377647969,-0.015650296832119159,0.018907277377647969,-0.016151118531761877,-0.016742996277372191,-0.0093664201987647688,-0.01662544279955791,-0.0096473583567633359,-0.013058297861544998
2019-09-30,0.025541774395605676,0.025541774395605454,0.0080906974338432747,0.025541774395605454,0.026260790667278489,0.019457372693914898,0.020723629958831591,0.020816807120157765,0.020723629958831591,0.020093661431387799,0.025526759153928769,0.025526759153928325,0.0074187489602990375,0.025526759153928547,0.026246636757534691,0.019457372693914676,0.020716565628690065,0.020813814855085377,0.020716565628690065,0.020089868613089257,0.025511738905501957,0.025511738905501957,0.0067470243949439013,0.025511738905501957,0.026232487564188611,0.019457372693915342,0.020709506475260708,0.020810825048297676,0.020709506475260708,0.020086079079052688
2019-10-31,0.0091279840525286815,0.0091279840525291256,0.0097372793696479665,0.0091279840525289035,0.010491121184954988,0.022104566181296637,0.019527985228968259,0.019777269876622539,0.019527985228968259,0.020817442538094033,0.0091254935707900664,0.0091254935707896223,0.0090642333577368728,0.0091254935707894003,0.010487222178269917,0.02210456618129597,0.019527125545843127,0.019776212333811438,0.019527125545843349,0.020816989794046226,0.0091230022586132886,0.0091230022586128445,0.0083914116197383315,0.0091230022586132886,0.01048332273831365,0.022104566181296414,0.019526266492690292,0.019775155565963098,0.019526266492690514,0.020816537442037708
2019-11-30,0.013809575641975824,0.01380957564197538,0.053970378944200093,0.016258847832419931,0.02839646659122641,0.036198315164828854,0.031724563013327822,0.034637807501664675,0.032216774988372832,0.033961684370370948,0.013463393879536101,0.013463393879536323,0.053267849113209698,0.016244184249526672,0.028384501691913089,0.036198315164828632,0.031652683283624805,0.034634700855408207,0.032211020401164303,0.033925579587224419,0.01311732747256511,0.013117327472565332,0.052565553380795826,0.016229525552865276,0.028372535463018878,0.03619831516482841,0.031580750803436253,0.034631591790989624,0.032205261590827705,0.03388944348612366
2019-12-31,0.034531364510704821,0.027437012762766555,0.034731946686401338,0.033441097129036645,0.030574786698677858,0.02905553287774576,0.030155401886322597,0.029357482698058712,0.029926902800188726,0.029605757128404964,0.034522517796150787,0.027086622199260058,0.034728281763095836,0.033431082813450308,0.030566627185001805,0.02905553287774576,0.030151788291364445,0.0293552125093266,0.029924310965163237,0.029603837325553828,0.034513674029518215,0.026736348393688436,0.034724618061025003,0.033421065158645291,0.030558468577837505,0.029055532877745982,0.030148172044491828,0.029352940654568282,0.029921716881932792,0.029601915857430106
2020-01-31,-0.006689504687511949,-0.0044686767246824299,-0.032122040019896936,-0.013124404895381581,-0.013104695132108768,-0.00040366163123706222,-0.0016658061229559706,-0.0029501439922170469,-0.0029556577215817947,-0.0010350467167314914,-0.0073516013349460563,-0.0048043860971705987,-0.03244834952582587,-0.013782212324212728,-0.013111977691728782,-0.00040366163123706222,-0.0017993967617528916,-0.0029521250493785844,-0.0030886457294886371,-0.0011019156999748647,-0.008013477357038723,-0.0051399836038235058,-0.032774550298164451,-0.014439800556966476,-0.013119259442265885,-0.0004036616312369512,-0.0019328717222507619,-0.0029541075603821687,-0.0032217313335047848,-0.0011687223303629146
2020-02-29,-0.083451346739355614,-0.083451346739355614,-0.086158879804575261,-0.095704764085365657,-0.093842306146498355,-0.079165903388371595,-0.080023082552252989,-0.082103038388753768,-0.08247515754990431,-0.079594498610475295,-0.084062277353094017,-0.084062277353094017,-0.086768005697057227,-0.096013177818537465,-0.093859905971853896,-0.079165903388371595,-0.08014579113439313,-0.082107403359738873,-0.082537957357259217,-0.079655885578254204,-0.08467300439115244,-0.08467300439115244,-0.087376928615232163,-0.096321488781388576,-0.093877503841889975,-0.079165903388371817,-0.08026858976886464,-0.082111771534051914,-0.082600803251603905,-0.079717325794219862
2020-03-31,-0.080320938572456591,-0.080320938572456368,-0.082451860544479061,-0.1321639038086212,-0.14575181238366464,-0.12487136019010825,-0.11603598812523253,-0.12904124246448379,-0.12632478567637773,-0.12045832707621307,-0.080324320268588378,-0.0803243202685886,-0.0830634573713116,-0.13217065623428081,-0.14576057364793737,-0.12487136019010803,-0.11603747392802988,-0.12904372416614707,-0.12632645945817955,-0.12045911861468772,-0.080327703092328617,-0.080327703092328173,-0.083674850400467959,-0.13217741091149937,-0.14576933588579244,-0.12487136019010814,-0.11603895864203717,-0.12904620768906017,-0.12632813446832214,-0.12045990946775664
2020-04-30,0.08085812316036689,0.10353202996844102,0.10102091531090407,0.088567409826907584,0.13394592845525777,0.12698388656906845,0.11781841174801744,0.1283747811192959,0.11929519633144148,0.12240500473397575,0.080837806164687498,0.10315919331172219,0.10065059485618155,0.088534476938068485,0.13390018223808697,0.12698388656906823,0.1178101890388159,0.12836361159400034,0.11928669889661458,0.12240054835099334,0.080817495939083273,0.10278648089247699,0.10028039780047737,0.088501533067939508,0.13385442076709242,0.12698388656906867,0.11780197235518219,0.12835243337453361,0.11927819409095619,0.12239609582686661
2020-05-31,0.051750996103271385,0.040370048937212299,0.071903613258596621,0.044375120812864211,0.043669171944714202,0.047645018702215935,0.048425662968362371,0.046846416457666518,0.046996387573976284,0.04803290902113555,0.051390776223638746,0.040353904968760679,0.070832245329302435,0.044012155012759679,0.043646033926367345,0.047645018702215491,0.048351643535006872,0.046841556957171182,0.046922268255920052,0.047995780261775645,0.051030676377288087,0.040337755617191773,0.069761947697640547,0.043649310160938981,0.043622898478625771,0.047645018702215491,0.048277569780898588,0.046836701448983664,0.046848094543808116,0.047958619296245786
2020-06-30,0.015959702185618596,0.024220236188685407,0.046906876784782447,0.015959702185618374,0.0059226447449287623,0.017734463074893236,0.01738135954169806,0.015376826941243316,0.017381359541697838,0.017558026679530325,0.015610865898996185,0.023873335481827018,0.046556003164124782,0.015610865898996407,0.0059126694361046894,0.017734463074893458,0.017311191525162473,0.015374673464227273,0.017311191525161806,0.017522917694047679,0.015262145852390274,0.02352655037000595,0.046205246462367899,0.01526214585238983,0.005902693018790206,0.017734463074893236,0.017240972014318734,0.015372521565270914,0.01724097201431829,0.017487778254383635
2020-07-31,0.058071715544354419,0.061283304462369514,0.066871841288249856,0.060182079093878071,0.048280534126648567,0.058892199892697894,0.058728836651857685,0.056780010130902392,0.059152143000782198,0.058810564193706671,0.057710144816261355,0.061269725302021349,0.066861043599592884,0.060163758596210704,0.04826532588612098,0.058892199892697894,0.058656331037447496,0.056775036364967502,0.059148264645011217,0.058774299433844712,0.057348694571582204,0.06125615066655099,0.066850249508966009,0.060145444203341336,0.04825011933520984,0.058892199892697672,0.058583772213232521,0.056770058948927282,0.059144383443025639,0.058738003217262191
2020-08-31,0.080056673873608153,0.080056673873608375,0.049828248884623783,0.063274869516856791,0.046576385960464428,0.069796927975543044,0.071847023140974686,0.065142940902491286,0.068501829383198265,0.070821859382414365,0.080051591904799713,0.080051591904799935,0.04947415700513691,0.063270501519913536,0.046567608520882597,0.069796927975542822,0.071845619516052173,0.065140621259828668,0.06850013578246994,0.070821126430895553,0.08004651162941645,0.08004651162941645,0.04912041886379126,0.063266134978483546,0.046558826202235393,0.069796927975542822,0.071844217106550534,0.065138299708334957,0.068498443422805533,0.070820394114050833
2020-09-30,-0.030637090260701938,-0.03063709026070216,-0.02979204690031001,-0.033689062489754118,-0.029858781471243101,-0.037443805665321239,-0.036081270486550521,-0.035908176061986707,-0.0366773419436075,-0.036762463192723027,-0.030658067816505152,-0.030658067816505152,-0.030438744419456487,-0.034026366564421262,-0.029878875750899425,-0.037443805665321017,-0.036085808026429911,-0.035913944765303629,-0.03674536728900557,-0.036764753250668858,-0.030679052367158732,-0.030679052367158621,-0.03108522644459466,-0.034363558241862879,-0.029898972263501689,-0.037443805665321239,-0.036090342241217876,-0.035919717958881381,-0.036813442556266507,-0.036767041325616034
2020-10-31,-0.037904625970067607,-0.037904625970067607,0.018710671329916995,-0.037904625970067385,-0.017687245370231586,-0.024933470893676701,-0.02752700474324854,-0.023481243735153146,-0.02752700474324854,-0.026230193883686304,-0.037914577940166616,-0.03791457794016706,0.018031644053575713,-0.037914577940167282,-0.01770496948543876,-0.024933470893676479,-0.027530007308757209,-0.023485357986529065,-0.027530007308756765,-0.026231759659291365,-0.037924533228696045,-0.037924533228695712,0.017352843044239119,-0.037924533228695934,-0.01772270345285043,-0.02493347089367659,-0.027533007673997689,-0.02348946940559471,-0.027533007673997911,-0.026233324079065756
2020-11-30,0.097965727604328423,0.10707526882051055,0.10270526808391667,0.097965727604328645,0.12307500287645756,0.1087767797819772,0.1066164706592081,0.11165279093624081,0.10661647065920876,0.10769674260718953,0.09795729439023404,0.10669780487644021,0.10233763838960619,0.097957294390234262,0.12305807863048757,0.1087767797819772,0.10661315050348374,0.11164705804230679,0.10661315050348374,0.10769496963072434,0.097948858364130587,0.10632046671175766,0.10196988611120328,0.097948858364130587,0.12304115250383774,0.10877677978197697,0.10660982791119178,0.11164132934941406,0.106609827911192,0.10769319511634712
2020-12-31,0.033959125166804993,0.034830401363745045,0.044891439038294623,0.039232540067056787,0.031389093494885278,0.037048335386989484,0.036431895995848951,0.035913319927180165,0.037487723788089955,0.036740202736040839,0.033614414673333481,0.034825132855884844,0.044194960825304719,0.039223394871071404,0.031366315775563702,0.03704833538698904,0.036362390797742616,0.035908648132359833,0.037485015454412851,0.036705405789720258,0.033269589238050568,0.034819866103608099,0.043498714694358176,0.039214246625670635,0.031343540586819207,0.037048335386989262,0.036292834591751921,0.03590398017563734,0.037482305133166527,0.03667057865988621
2021-01-31,-0.0083383482223626793,-0.0083383482223630123,0.0010328015965757054,-0.0065856186017495544,-0.010304359165921428,-0.010190465598828635,-0.0098204994284352143,-0.010213493227215875,-0.0094671504168304388,-0.010005511053298388,-0.0083424889108862921,-0.0083424889108864031,0.00069906837383970633,-0.0069203571997628055,-0.010313277443146585,-0.010190465598828635,-0.0098213548440096998,-0.01021538645069564,-0.0095346727437132239,-0.010005940463397645,-0.0083466282196406061,-0.0083466282196406061,0.0003652238696023602,-0.0072549842554240351,-0.010322194729561973,-0.010190465598828524,-0.0098222095188654768,-0.010217281147828938,-0.0096021366019184429,-0.010006369473087529
2021-02-28,0.016751177178631504,0.016751177178631727,0.06938633218337964,0.016751177178631727,0.040637002178333326,0.027805486239884436,0.025605001363237179,0.03038777496601508,0.025605001363237179,0.026705892186320135,0.01674208964539825,0.01674208964539825,0.068673526762827564,0.016742089645398472,0.040626067162000457,0.027805486239884658,0.025602726429957201,0.030385138431775482,0.025602726429957423,0.026704725786110606,0.01673299908197734,0.016732999081976896,0.067960958864907939,0.016732999081977118,0.040615130930530929,0.02780548623988488,0.025600453163738823,0.030382499727935386,0.025600453163738823,0.026703560395905601
2021-03-31,0.046365324331871127,0.046365324331870905,0.05278324903061371,0.046365324331871127,0.061193320163148712,0.045399303901305199,0.045586555168243059,0.04855788006882622,0.045586555168243281,0.045492562509271028,0.046354266577221193,0.046354266577220749,0.052081510487683502,0.046354266577221193,0.061158397489898597,0.045399303901305643,0.045582985177624602,0.048549636107742211,0.045582985177624824,0.045490693570506391,0.046343212507260922,0.046343212507260922,0.05138000577965629,0.046343212507261367,0.0611234786965138,0.045399303901305199,0.045579412567092081,0.048541398919456968,0.045579412567091637,0.045488823010589208
2021-04-30,0.039994031517607276,0.039994031517607498,0.046706888342778141,0.056673248135142407,0.041751324230241194,0.052910627674070287,0.05033003342880793,0.050665928993471443,0.053662242006200511,0.051620500594411256,0.039646610866448162,0.039646610866448828,0.046009200031934538,0.056663932891974245,0.041740712400807345,0.052910627674070509,0.050259799405299788,0.050662723477657101,0.053660339847880323,0.051585336722796082,0.039299305983584443,0.039299305983583777,0.045311744206366411,0.056654620752852658,0.041730101750334203,0.052910627674070509,0.050189513839043132,0.050659520453084861,0.05365843629362077,0.051550142349391148
2021-05-31,0.045496082376899505,0.045496082376899283,0.022359976545908822,0.019036070257575366,0.017106677004757653,0.0065659903514552198,0.01428404831625385,0.008663319417163029,0.0090595252787246672,0.010420823914171873,0.044799201135521827,0.044799201135521605,0.021338127493888859,0.018690522935917775,0.017100526484242318,0.0065659903514556639,0.014148760837736418,0.0086619573986350673,0.0089908383429238015,0.010353433323321726,0.04410255211048586,0.044102552110485638,0.020317299270092626,0.018345090758319138,0.017094373912870608,0.0065659903514549978,0.014013374075592999,0.0086605943199347113,0.0089222108842541559,0.010285984276631188
2021-06-30,-0.035187402742315355,-0.035187402742315244,-0.02673422766707434,-0.038577323466838176,0.0043611866398354238,0.02242747467090167,0.011038900958873166,0.018833481379337824,0.0102933559522842,0.016741801776293475,-0.035192465055182032,-0.035192465055182254,-0.027058703670519546,-0.038897851113623427,0.0043457667249786613,0.022427474670902114,0.011032881550571805,0.018829636992043097,0.010223212375746638,0.016738384380640348,-0.035197529056049004,-0.035197529056048893,-0.027383287868696926,-0.039218485638584433,0.0043303485232564221,0.022427474670901892,0.011026865751750048,0.018825795592503969,0.010153120200138144,0.016734969716718284
2021-07-31,0.008531615408893245,-0.029766167614259653,-0.0087515690845101357,0.0085316154088936891,0.011926019160196422,0.024412406703685496,0.021225877656354974,0.021913288886176607,0.021225877656355419,0.022818531970308253,0.0085231361343589551,-0.030089632802586364,-0.0094122912514265078,0.008523136134358511,0.011908399539314107,0.02441240670368483,0.021215375699291439,0.021907825009771731,0.021215375699290551,0.022812652591929661,0.0085146540324569919,-0.03041320584859486,-0.01007279325100896,0.0085146540324567699,0.011890781875950607,0.024412406703684608,0.021204867437269348,0.021902357123583016,0.021204867437269348,0.022806768506282715
2021-08-31,0.012466133374595012,0.01417727080791864,0.028037757703989863,0.027071445056274346,0.020893162411982358,0.02975986398869046,0.026304008811649293,0.027986753524193997,0.029234991205453031,0.028032114350185156,0.012126148997980035,0.014154422332232519,0.027352513406237122,0.027068851751567147,0.020878407695800405,0.029759863988690904,0.026232756934631007,0.027982673515594803,0.02923152942788465,0.027996284022618445,0.011786277911726595,0.014131566237848503,0.026667497447137034,0.027066259311005814,0.020863648059739726,0.02975986398869046,0.026161462280820169,0.027978590331185327,0.029228065572002748,0.02796042500784135
2021-09-30,-0.00028911833159628308,-0.00028911833159595002,-0.043828542301689311,-0.050349700740833114,-0.032904513766192078,-0.046605445425557668,-0.03725079540370857,-0.043860238291364428,-0.047354960820387704,-0.041922473903696189,-0.00063478808608063986,-0.00063478808608063986,-0.044147319250413486,-0.050354550173187351,-0.032911682281007493,-0.046605445425557335,-0.037318453302148336,-0.043862505769651117,-0.047356235170306182,-0.041956204679844511,-0.00098034265570878798,-0.00098034265570878798,-0.044466202493552043,-0.050359397989601651,-0.032918849999409194,-0.046605445425558334,-0.037386160852791339,-0.04386477491197549,-0.04735751045543457,-0.041989964714689743
2021-10-31,0.082664693372526354,0.086814114743486215,0.089945032655913248,0.075057270333262149,0.073320344362052481,0.070163424136346464,0.072764759587085281,0.070795293406027193,0.071141932123488516,0.071470734983352546,0.082294420949773128,0.086442423214417419,0.089218523718965326,0.074694361741008519,0.07329680781301473,0.07016342413634713,0.072681630111107953,0.070789629447748137,0.071069159494590473,0.071428452047933133,0.081924271910033264,0.086070855541239499,0.088492256870967179,0.074331574077975748,0.07327327910687953,0.070163424136346464,0.072598561552074559,0.070783970393982099,0.070996449880690315,0.071386205725992413
2021-11-30,-0.01921310010015187,-0.020615826740152055,0.0047026095266511359,-0.047518714634698256,-0.016349850065053295,-0.0080347626931526195,-0.01025620038876196,-0.0096904666196230282,-0.015894144523053599,-0.0091445913005618884,-0.019543103048343058,-0.020621086588637372,0.0043660080130116796,-0.047524603138901944,-0.016358801385028432,-0.0080347626931522864,-0.010323447743585845,-0.0096925774939597975,-0.015895694512671588,-0.0091782932590257493,-0.019872996032206602,-0.02062634468442448,0.0040295186624894619,-0.047530489680923993,-0.016367747734809424,-0.0080347626931528415,-0.010390636867835701,-0.0096946866341145466,-0.015897243160128416,-0.0092119637916593389
2021-12-31,0.031912090635709323,0.031912090635709323,0.036278599145272761,0.031897388245450298,0.057480973867636065,0.046247675565654678,0.043380993585079075,0.048487667996788275,0.043381802336709629,0.044814361362965238,0.031887361568771366,0.031887361568771588,0.035933115364927382,0.031548582530634306,0.057468106845405265,0.046247675565655566,0.04337415027254421,0.048484415024513172,0.043306137752584073,0.044810821394115852,0.031862640742109205,0.031862640742108761,0.035587516384921747,0.031200125273074919,0.057455238393345986,0.046247675565655344,0.043367301937897063,0.048481159375371341,0.043230427742452449,0.044807278354631608
2022-01-31,0.038922322102949103,0.038922322102949103,-0.024438883048361282,0.038922322102949103,-0.023786454346997554,-0.052741056109483098,-0.034581020544058538,-0.046944054819270109,-0.034581020544058538,-0.043671702446166916,0.038918899901226212,0.038918899901226212,-0.025413956628522305,0.038918899901226434,-0.023792777280568611,-0.052741056109483098,-0.03458179917441806,-0.046945891538175744,-0.034581799174417505,-0.043672096919170289,0.03891547883985691,0.038915478839857354,-0.026388056109203251,0.038915478839857132,-0.023799100916765958,-0.052741056109482654,-0.03458257837619183,-0.046947726829632441,-0.034582578376192163,-0.043672491734347063
2022-02-28,0.0034815708622939479,0.0034815708622941699,-0.0061141862081993681,0.0034815708622939479,-0.010274013226781009,-0.029517066320027707,-0.022805237963738012,-0.025663349943292002,-0.022805237963738567,-0.026153620123159471,0.0034323428357747598,0.0034323428357745378,-0.0067766663373721725,0.0034323428357745378,-0.01030049537208666,-0.029517066320028373,-0.022822877451270651,-0.025671219283373237,-0.02282287745127054,-0.026163116046970969,0.0033831312131293867,0.0033831312131291646,-0.0074389257134199749,0.0033831312131289426,-0.010326968692951799,-0.029517066320027818,-0.022840504012657581,-0.025679082856833957,-0.022840504012657692,-0.026172603748107259
2022-03-31,0.037780068679836409,0.031999776569052729,0.054142130320702808,0.042080488433543062,0.049470960850038992,0.037590271152839971,0.037628960446083326,0.03996934980352318,0.038488906615711915,0.037609662309481262,0.037419762229376374,0.031643983122406238,0.05343948600787507,0.042054024595624684,0.049456398629009746,0.037590271152839527,0.037554439820040919,0.039964712861467966,0.038482320443857798,0.037572245282119665,0.037059575841046133,0.031288308234056483,0.052737075831771785,0.042027569576045698,0.049441838025826357,0.037590271152839527,0.037479983722615628,0.039960079523120084,0.038475739975077028,0.037534863144752517
2022-04-30,-0.07181356644892456,-0.057958408865097399,-0.039437341037028006,-0.075603503602960309,-0.058577489314685094,-0.087769018880276772,-0.08458282345805046,-0.081935411057438956,-0.085332834282097703,-0.086176227105644432,-0.072125104442568921,-0.058586331938675018,-0.0400776094316041,-0.075612902448379038,-0.058588950882112356,-0.087769018880276994,-0.084644470591610066,-0.081938422581111392,-0.085334805292993754,-0.086207009315523275,-0.072436538624819691,-0.059214045774307777,-0.040717664474499315,-0.075622298161893586,-0.058600411176173761,-0.087769018880276661,-0.084706064343918031,-0.081941431764308126,-0.085336774597159049,-0.086237762822128916
2022-05-31,0.069313505831236411,0.063288617802591762,0.044053907592733754,0.069313505831235966,0.016857707832433233,0.0022573109472578956,0.015634394936137941,0.005169285393749945,0.015634394936138163,0.0089436889774436867,0.068946701828747958,0.062930682973818985,0.04370331961026297,0.068946701828747736,0.016842561300191017,0.0022573109472576736,0.015562557895195006,0.0051637519336567017,0.015562557895194784,0.0089078706580103528,0.068580020053518265,0.062572867416898381,0.043352848451511328,0.068580020053518265,0.016827419815109934,0.0022573109472578956,0.015490783059110669,0.0051582225284612093,0.015490783059110447,0.0088720857378363771
2022-06-30,-0.076628096176846294,-0.079877988801450139,-0.10969493562217347,-0.076628096176846516,-0.087230820964688149,-0.082460535201408391,-0.081169494795114483,-0.083406911009015428,-0.081169494795114261,-0.081806798370033795,-0.076938895075708946,-0.0801861564180959,-0.11028837342545805,-0.076938895075708724,-0.087250558413602186,-0.082460535201407947,-0.081241648032831182,-0.083412516445216189,-0.08124164803283096,-0.081843575517163036,-0.077249590409460112,-0.080494221346431472,-0.11088161348205738,-0.077249590409460112,-0.0872702892855588,-0.082460535201407947,-0.081313748396947827,-0.083418117525021707,-0.081313748396947605,-0.081880320818365049
2022-07-31,0.061177047317865219,0.059990880203664165,0.04085131629366523,0.061177047317865219,0.084879529117633856,0.092087326653830681,0.085943258038826187,0.090646418541452167,0.085943258038825965,0.089017653383722806,0.061136318511246346,0.059597436166680895,0.040157531047010142,0.06113631851124568,0.084853840545268788,0.092087326653830015,0.085934778659289002,0.090640791821557043,0.08593477865928878,0.089013392691652093,0.061095576123830764,0.059204123234009032,0.039463976985043336,0.06109557612383143,0.084828154826872781,0.092087326653830237,0.085926305493406741,0.090635160721918684,0.085926305493407185,0.089009135688985053
2022-08-31,0.0045058929088672706,0.0045058929088668265,-0.018539337650308907,0.0045058929088670485,-0.025859818303871629,-0.040801726995220555,-0.031743284792293269,-0.03781322265079079,-0.031743284792293047,-0.036272692337237733,0.0044998921322572105,0.0044998921322574326,-0.019520307827569749,0.0044998921322572105,-0.025878188351481257,-0.040801726995220222,-0.031748781417142657,-0.037817739398952388,-0.031748781417142324,-0.036275759155350973,0.0044938933552396421,0.0044938933552398641,-0.020500298014643925,0.0044938933552400862,-0.025896552277782869,-0.040801726995220888,-0.031754281341946577,-0.037822259461826935,-0.0317542813419468,-0.036278828428883303
2022-09-30,-0.096641771044378766,-0.096641771044379099,-0.1015584073856266,-0.096641771044378988,-0.088039485906270087,-0.092445906295318903,-0.093319027329020199,-0.091567618645906568,-0.093319027329020199,-0.092884677863105503,-0.09665090056661263,-0.096650900566612519,-0.10215726863716079,-0.096650900566612741,-0.08804981492857844,-0.092445906295318903,-0.093325020852479179,-0.091570570803743645,-0.093325020852478846,-0.0928880644940141,-0.096660033133035173,-0.096660033133035617,-0.10275593033479635,-0.096660033133035284,-0.088060140509025886,-0.092445906295318903,-0.093331010781980361,-0.09157352066724278,-0.093331010781980583,-0.092891448417783518
2022-10-31,0.11894199412898376,0.11894199412898376,0.11572114366954556,0.11894199412898399,0.098405787919290999,0.081275425201426499,0.088772755086392596,0.084700411511424267,0.088772755086393262,0.085021840238159063,0.11892477498854492,0.11892477498854537,0.11497488684532975,0.11892477498854492,0.098391754894632033,0.081275425201426499,0.088768897062120322,0.084696989584630344,0.088768897062120322,0.08501988606130606,0.11890756158590721,0.11890756158590743,0.11422937553242707,0.11890756158590721,0.098377723429024178,0.081275425201426721,0.088765042378573966,0.084693570469108748,0.088765042378573744,0.085017933706651228
2022-11-30,0.048199839667016464,0.048199839667016242,0.049371031520077047,0.048199839667016242,0.059377126830606919,0.055591402261263356,0.054169631735809798,0.056359583046948547,0.05416963173581002,0.054884135562559777,0.048164863016753712,0.048164863016753934,0.048671567409748429,0.048164863016753934,0.05935621964459159,0.055591402261263356,0.0541596502230004,0.056353461870293886,0.054159650223000622,0.054878879211986531,0.048129898021489703,0.048129898021489481,0.047972336376431501,0.048129898021489925,0.059335314781339354,0.055591402261263578,0.05414967602460341,0.056347345179213804,0.054149676024603188,0.05487362741297197
2022-12-31,-0.020908144102976367,-0.020908144102976367,-0.033024497778712303,-0.020908144102976145,-0.046055213760798019,-0.057628098686819618,-0.050265882114830518,-0.055313077842658931,-0.050265882114830185,-0.053945866657653885,-0.02092117800221005,-0.020921178002209939,-0.033669040689707885,-0.02092117800221005,-0.046065348806843764,-0.057628098686819951,-0.050269244929570633,-0.055315126372376788,-0.050269244929570633,-0.053947592702124458,-0.020934216247525339,-0.020934216247525561,-0.03431336882465863,-0.020934216247525228,-0.046075487232364654,-0.057628098686819729,-0.050272610661278749,-0.05531717667902758,-0.050272610661278083,-0.053949320359074737
2023-01-31,-0.00020462184347314061,-0.00020462184347325163,-0.013839794060109822,-0.00020462184347325163,0.046642926985415833,0.062887354787054983,0.050134045536128768,0.059631219063280838,0.050134045536128991,0.056501956662825981,-0.00021519400122715915,-0.00021519400122749222,-0.014497124642306125,-0.00021519400122715915,0.046627358992856083,0.062887354787054761,0.050128188708686183,0.059626981863841966,0.050128188708685739,0.05649877540254189,-0.00022576968420884302,-0.00022576968420895405,-0.015154236187320369,-0.00022576968420850996,0.046611789270327497,0.062887354787054983,0.050122336173102466,0.059622747769405793,0.050122336173102466,0.05649559689696293
2023-02-28,-0.05766956862533168,-0.042712741546162447,-0.028024980080562756,-0.051042247469955782,-0.03100207007714717,-0.025142669311109533,-0.031577086318319791,-0.026305547686928499,-0.030236185470373989,-0.028355647818602447,-0.057992129131698489,-0.043350826704272261,-0.028996469355844545,-0.05105338393938208,-0.03102610873549061,-0.025142669311109422,-0.031647933475068002,-0.026312089834522379,-0.030246346009373593,-0.02839159380144074,-0.058314582153725314,-0.043988699238203699,-0.029966988112369863,-0.051064516697889251,-0.031050144723168804,-0.025142669311109755,-0.031718823165631016,-0.026318636783211224,-0.030256512648356604,-0.028427568564089234
2023-03-31,0.024277393656982671,-0.0043679256535673616,0.049971687687028199,0.022280296534536781,0.017331604163430825,0.037077884081471169,0.034515769657683437,0.033134904751409566,0.034120095389887473,0.035796703057297874,0.024269200139140912,-0.0046998583337961586,0.049616334074458202,0.021929741174746997,0.017323997148662951,0.037077884081471613,0.034512545233187586,0.033133295820648723,0.034048593133019223,0.035794986869310819,0.024261003889215704,-0.0050319016951455575,0.049261098873621956,0.021579302627805941,0.017316387597378302,0.037077884081471391,0.034509318442377923,0.033131688068904763,0.033977038402682291,0.035793269192670785
2023-04-30,0.016167390063072773,0.018006433545931566,0.016116776109486031,0.016167390063072329,0.013261374153249905,0.015974958278720752,0.016003541812909639,0.015427165323284475,0.016003541812909416,0.015988640446538804,0.015485479569414817,0.017666521874998065,0.015439477808462998,0.015485479569414817,0.013242311851763056,0.015974958278720974,0.015866808276175259,0.01542174251466677,0.015866808276175703,0.015920251394444529,0.014804250305021416,0.017326723470199257,0.014762405198310624,0.014804250305021638,0.013223243194056433,0.01597495827872053,0.015729992650065805,0.015416315726404006,0.015729992650066027,0.015851807587304423
2023-05-31,-0.014376798440462135,-0.014376798440461913,-0.048956240235126236,-0.014376798440461802,-0.032340663070890452,0.0046160919892559438,0.00081682628187085271,-0.0027759956462404256,0.00081682628187040862,0.0027164166102036091,-0.014716118211309581,-0.01471611821130947,-0.049590163754383187,-0.014716118211309914,-0.032349926391084693,0.0046160919892559438,0.00074656811766704578,-0.0027783160956141861,0.00074656811766704578,0.0026811372575366033,-0.015055099001367922,-0.015055099001367367,-0.050223876036212478,-0.015055099001367811,-0.032359188682135276,0.0046160919892557217,0.00067626777325657805,-0.0027806383511871369,0.0006762677732568001,0.002645829658790122
2023-06-30,0.071423342101008647,0.071423342101008425,0.091849432326867264,0.071423342101008647,0.069623193779540848,0.064799981875858892,0.066116307718705691,0.065776901624365669,0.066116307718705247,0.065457631754234136,0.071057971619364446,0.071057971619364446,0.090758128546430283,0.071057971619364224,0.069599499346191696,0.064799981875858892,0.066042658024791256,0.06576720759365795,0.066042658024791034,0.065420771878738737,0.070692722887297776,0.070692722887297554,0.089667914979560948,0.070692722887297776,0.069575818069108397,0.064799981875858226,0.065968954281464764,0.065757506880237626,0.065968954281464764,0.065383880030307484
2023-07-31,0.024484656902368007,0.024484656902368229,0.026958988895176894,0.024484656902368229,0.032829930268509999,0.032733083995172274,0.031084960032696562,0.03275530063948584,0.031084960032696785,0.031909119958080101,0.024138906520407177,0.024138906520406955,0.026616612169424458,0.024138906520406955,0.032816301028024908,0.032733083995172718,0.031014856104834232,0.03275201710467357,0.031014856104834454,0.031874008047702684,0.023793271350170064,0.02379327135016962,0.026274121280041696,0.023793271350169398,0.032802676329105829,0.032733083995172496,0.030944812881099404,0.032748736121735789,0.030944812881099182,0.031838928877883088
2023-08-31,-0.024854556145907702,-0.0082387249942843521,-0.015622207346472128,-0.024854556145908258,-0.022598283269351538,-0.016251998125417999,-0.017972432363164259,-0.017521930366446781,-0.017972432363164592,-0.017112210446887155,-0.025179658810970285,-0.0085693671929855109,-0.016278349851156948,-0.025179658810969952,-0.022606164757745351,-0.016251998125418332,-0.018037929249657858,-0.017523790249451054,-0.018037929249657858,-0.017144988669708816,-0.025504869879722114,-0.008900119642503701,-0.016934273714554249,-0.025504869879722003,-0.022614047121957692,-0.016251998125417777,-0.018103482949357264,-0.017525651580157509,-0.01810348294935693,-0.017177797514119297
2023-09-30,-0.057378433071937684,-0.033520667970527884,-0.018879131286601125,-0.057378433071937684,-0.040891300138174325,-0.047434504255935872,-0.04941935339804604,-0.046128628397062554,-0.049419353398045818,-0.048426684878470017,-0.057379283723584251,-0.033533037381822117,-0.019533102870479269,-0.05737928372358414,-0.040899563210371359,-0.047434504255935761,-0.049420091200753524,-0.046130577676214313,-0.049420091200753635,-0.048427100166048564,-0.057380134091774559,-0.033545402671352198,-0.020186856536469122,-0.057380134091774337,-0.040907825364551842,-0.047434504255935983,-0.049420829446408798,-0.046132528385886107,-0.049420829446408687,-0.048427515786122588
2023-10-31,-0.026945009623052907,-0.029415650783251146,-0.032376656584965358,-0.020414893850213223,-0.025467416309814972,-0.02170860654584883,-0.022748056882338608,-0.02245824839352617,-0.021438110038584646,-0.022227848938098038,-0.027271464913491861,-0.029426787341830019,-0.03269925146524999,-0.020418287251761535,-0.025476548529207999,-0.021708606545848941,-0.022814940855642396,-0.022460432816366227,-0.021441045595825381,-0.022261432468931419,-0.027597811421761764,-0.029437920189460454,-0.033021953913017543,-0.020421679522552805,-0.025485681763404489,-0.021708606545849052,-0.022881864983422373,-0.02246261903676483,-0.021443982915457571,-0.02229504288810058
2023-11-30,0.10366390985530094,0.10366390985530072,0.065401616354557879,0.10021058057616128,0.073216640977722847,0.091343833626494009,0.09381891197996417,0.087703155168332714,0.093120203378955102,0.092582063233862533,0.10329578121554972,0.10329578121554972,0.064336747172794251,0.10020401959741587,0.073204214680694824,0.091343833626493565,0.093745588716212414,0.087700520978318597,0.093118771826293134,0.09254542102146579,0.10292777524445551,0.10292777524445573,0.063272941796407078,0.10019746080493341,0.073191792524385679,0.091343833626493565,0.093672211642606529,0.087697888952414038,0.093117341513235363,0.092508747024938387
2023-12-31,0.057852692547166518,0.057852692547166296,0.050110227665221885,0.057050050301497457,0.040159750152533258,0.045655336749744313,0.048100998529775785,0.044554458942714925,0.047936842396754775,0.046878559812898901,0.057850857793525057,0.057850857793525057,0.049410270839582715,0.056697605735164691,0.040143787919859397,0.045655336749743869,0.048097694487433396,0.044550580006413876,0.04786451182134277,0.046876699976856839,0.057849022428094754,0.057849022428094976,0.048710547255138348,0.056345115289625713,0.040127823913405969,0.045655336749744091,0.048094392426328403,0.04454669787814014,0.047792234249483867,0.04687484162749378
2024-01-31,-0.0086131178409911691,-0.0086131178409913911,-0.013096031203006397,-0.0086131178409913911,-0.0030769593350221669,0.015926351762632462,0.010984574399213187,0.012144810075129797,0.010984574399212743,0.01345333195404419,-0.0086191184089812189,-0.00861911840898133,-0.013425054029743588,-0.008619118408981663,-0.0030832941753535792,0.015926351762632684,0.010983210805999066,0.012143442930200976,0.010983210805999288,0.013452639754530704,-0.0086251209778281934,-0.0086251209778275273,-0.013754186567325966,-0.0086251209778278604,-0.0030896297196342237,0.015926351762632462,0.010981846029979758,0.012142074660250746,0.010981846029979758,0.013451946908361601
2024-02-29,0.065802089424449539,0.065802089424449983,0.043339403202608207,0.065802089424449761,0.044342483376562214,0.052187002255376314,0.05489735939310747,0.050617814102325909,0.05489735939310747,0.05354140003291441,0.065786467040371166,0.065786467040370944,0.04264395950775568,0.065786467040371166,0.044329276590957978,0.052187002255376536,0.054892976316174069,0.050612695795998475,0.054892976316174291,0.053539131553082875,0.065770849862018643,0.065770849862018421,0.041948747550222487,0.065770849862018421,0.044316068337770131,0.052187002255376314,0.054888590022625694,0.050607574189078797,0.054888590022625472,0.053536861105529132
2024-03-31,0.017165423955550096,0.017165423955550096,0.041320617748816124,0.017165423955550096,0.043686727363535738,0.03270203007828032,0.029591425798723758,0.034914859153094557,0.029591425798723314,0.031146520929431709,0.017163854603571504,0.017163854603572393,0.040279817531176709,0.017163854603571949,0.043676364453107075,0.03270203007828032,0.029589942987560791,0.034911972071104858,0.029589942987560569,0.031145684919120731,0.017162284728302168,0.017162284728302168,0.039240057073993695,0.017162284728302168,0.043665998087223157,0.032702030078280098,0.029588461065551908,0.034909082741859665,0.02958846106555213,0.031144849577083855
2024-04-30,-0.048854349093445326,-0.045521047708185436,-0.018214743130660627,-0.045945944862078036,-0.030997090920590775,-0.040319857821747185,-0.042023820671101775,-0.038456315550648879,-0.041440992567031265,-0.04117165813653223,-0.049179890661688264,-0.045842873125580108,-0.018869157566167805,-0.045954625671590588,-0.031010584621330106,-0.040319857821746963,-0.042091132999873992,-0.038460073353241309,-0.041444422966300687,-0.041205451380860847,-0.049505107013578797,-0.046164591303581415,-0.019523353936218291,-0.045963303588464344,-0.031024076822935953,-0.040319857821747074,-0.042158485740290352,-0.038463828402131361,-0.041447855883042228,-0.041239271681429601
2024-05-31,0.038448607540328306,0.039785351850187833,0.040656491129963612,0.029840981470192984,0.032022662549492598,0.050580154040123393,0.048152764008574822,0.046872642777925799,0.046425495749398582,0.049366391871378701,0.038095306385542926,0.039776510625003425,0.040302551458627489,0.029833080744011253,0.032012710169181169,0.050580154040122949,0.048080930153227008,0.046869657151541899,0.046423477271881231,0.049330401449997563,0.03774212295856616,0.039767666451761885,0.039948729727868226,0.029825177383375756,0.032002763314899596,0.050580154040122949,0.048009043581060062,0.046866673713012341,0.046421457313060799,0.049294379809861066
2024-06-30,-0.0011374364588552233,0.019846749856857082,-0.010492879992613058,0.00075587296571377749,0.0015067997134894373,0.035279878264634412,0.027976558993784373,0.028516728969150584,0.028366494547054311,0.031626988057312788,-0.001484902288160117,0.019831758469504468,-0.011152441479037045,8.0475827126447186e-05,0.001496480028831737,0.035279878264635078,0.027903340904120499,0.028511498105951327,0.02822646245507543,0.031590143742514565,-0.0018320209987543468,0.019816772077615896,-0.01181178318489251,-0.00059424658904450034,0.0014861614906780396,0.035279878264634856,0.027830078857228324,0.028506263636784768,0.028086346293400233,0.031553269928664918
2024-07-31,0.01182404246009261,0.01437864349815321,0.0010768328020609452,0.045284179497517174,0.032065017875797519,0.012109145625789353,0.012078117350125872,0.016145783177805573,0.018795662238149102,0.012095212929203125,0.011486226342451777,0.014032198346139113,0.00040955945908360825,0.045280161223304471,0.032050302005206532,0.012109145625789797,0.01200757410762332,0.016139186664997585,0.018790087520240695,0.012059712393066802,0.011148522792660875,0.013685868637361542,-0.00025749153356358079,0.045276144288070252,0.03203558776953086,0.012109145625789353,0.01193698851376479,0.016132585604793137,0.018784509455493481,0.012024183433763103
2024-08-31,0.024523494283000602,0.024523494283000824,0.028496637587569262,0.030782811112517239,0.026970543479700293,0.023365762880894314,0.023613325076234704,0.024107647092920903,0.024826740565256467,0.023490548985273696,0.024159781791291968,0.024159781791291968,0.027468654941304127,0.030439159566888918,0.026952835482676241,0.023365762880894314,0.02354024008544453,0.0241007499234136,0.024753249411817224,0.023453985565350388,0.023796190496681469,0.023796190496681913,0.02644169925073081,0.030095393432548745,0.026935121581018517,0.023365762880894758,0.023467101459661688,0.024093857808123564,0.024679812112397226,0.023417390429641749
2024-09-30,0.018717272197447565,0.022145767317682585,0.0084598017645372003,0.018717272197447343,0.020840554717274751,0.021004261167285154,0.020538981823085001,0.020976168126386696,0.020538981823084335,0.02077112319141694,0.018708063574333078,0.021796098063563862,0.0077855461529905412,0.018708063574333078,0.020830148776609159,0.021004261167285376,0.02053627671142455,0.020973658870043543,0.020536276711424994,0.020769713355311081,0.018698858019737141,0.021446545327024058,0.0071119641234735909,0.018698858019737141,0.020819741679599657,0.021004261167285598,0.020533573582059761,0.020971151563826895,0.020533573582059539,0.020768304740005794
2024-10-31,-0.0028237393654195753,-0.00021465925533104002,-0.014807819495475383,-0.00075488995534001013,-0.014874309722070489,-0.0089236059491291098,-0.0077029369318276641,-0.01010529577523589,-0.0072888592216583392,-0.0083132278665180026,-0.0031682985818811682,-0.00022882977682425754,-0.015464504834921677,-0.00076714191583515667,-0.014889437466581668,-0.0089236059491284436,-0.0077716480977455538,-0.010108448369205658,-0.007291447155837294,-0.0083475708563420792,-0.0035127429835416502,-0.00024300502339946739,-0.01612097135219559,-0.00077939796167869613,-0.014904566892140481,-0.0089236059491285546,-0.0078402997655508955,-0.010111598513062869,-0.0072940331935883451,-0.008381881822597248
2024-11-30,0.075062430432137228,0.075062430432137228,0.080822187642222154,0.077449432277077568,0.059392367076831043,0.059633595726279021,0.062739516131291806,0.059596194397889102,0.063196900436122139,0.061187823553060294,0.074688399759325286,0.074688399759325286,0.080093136222908257,0.077440769621412775,0.059381144745831893,0.059633595726278799,0.062665489910971317,0.059592089650029045,0.063194152480090748,0.061150859643960498,0.074314493721859165,0.074314493721859165,0.079364813126690414,0.077432104077233666,0.059369923661619861,0.059633595726278799,0.062591409364916251,0.059587981889811514,0.063191406537751238,0.061113863671684365
2024-12-31,-0.071495664805131365,-0.071495664805131254,-0.056276721746146396,-0.046506536693259437,-0.05811659342531772,-0.024060121701718451,-0.033676736940595364,-0.030900619687396991,-0.028574549274717254,-0.02887668682908362,-0.071503327650415005,-0.071503327650414894,-0.056591348610041781,-0.046512410858413733,-0.058129643404719711,-0.024060121701718451,-0.033679114040500058,-0.030903485336594483,-0.028576813506813847,-0.028877930710485944,-0.071510993050832083,-0.071510993050832083,-0.05690608038452849,-0.046518283066165678,-0.058142691934285229,-0.024060121701718118,-0.033681489398477038,-0.030906353216365146,-0.028579076079690346,-0.028879173514790302
2025-01-31,0.048068898004990368,0.0463850011799678,0.015412777442243009,0.04457501535117081,0.035802726833979559,0.026856562043195975,0.031072920000690951,0.02864203125269027,0.030402109718458359,0.028963160011969302,0.048062259328057522,0.046036148037383429,0.014735948395456333,0.044215594006303371,0.035789920395934427,0.026856562043195309,0.031067679707846851,0.028636280057420249,0.030329099811602589,0.028960227397013538,0.048055618437494285,0.045687178571644393,0.014059344883173397,0.043856531723718062,0.03577711253479321,0.026856562043195975,0.03106243626893912,0.028630524897484966,0.030256046072502762,0.028957292434086845
2025-02-28,-0.012146100006561134,-0.013234676334138329,0.001191563857686484,0.0053386223962632595,0.0029015820429703076,-0.012694924005529185,-0.012572710060940073,-0.0095778542442718217,-0.0090863221316775933,-0.012633026677892234,-0.012480929769154825,-0.013241531777443916,0.00019087263943773358,0.0053325637743066867,0.0028903302263185715,-0.012694924005529518,-0.012641895975140871,-0.0095812289970002018,-0.0090897202546604827,-0.012667825015179712,-0.012815647959018017,-0.013248384936362934,-0.00080881888728390194,0.0053265071712182976,0.0028790796597299995,-0.012694924005529185,-0.012711021980137516,-0.009584601276724336,-0.0090931158875121598,-0.012702593220023206
2025-03-31,-0.040899384646403858,-0.040899384646403525,0.010667138909334684,-0.025096733096255153,-0.028721310081995632,-0.05571920548668341,-0.052768697669790421,-0.050328736510065197,-0.049606166362972992,-0.054244790152289002,-0.040918038930205514,-0.04091803893020618,0.0096569768514545018,-0.025103261877305716,-0.028734820757161716,-0.055719205486683077,-0.052773020124928238,-0.050332802399963628,-0.04961000653741543,-0.054246988007816577,-0.040936699434176327,-0.040936699434175994,0.0086478239464791162,-0.025109792835342093,-0.028748332933681064,-0.055719205486683299,-0.052777339412588664,-0.050336865310394496,-0.049613843897793997,-0.054249183960184966
2025-04-30,-0.0072510409369073159,-0.0032971653333244699,-0.045136362447598444,-0.008725321635111416,-0.022467114926052023,-0.00867017721253871,-0.0083854285032380904,-0.011434716109899767,-0.0086828107410698019,-0.0085277449453109444,-0.0072622018618261341,-0.0036313166117342144,-0.045153943359409809,-0.0090621028300297279,-0.022480570764746965,-0.00867017721253871,-0.0083880516349197354,-0.011439398432978365,-0.0087523896789136746,-0.0085290982538187565,-0.0072733590676757887,-0.0039653565434998317,-0.045171518412870149,-0.0093987718019570288,-0.022494022119656565,-0.008670177212538821,-0.0083906724951905431,-0.011444077117081286,-0.0088219083672286258,-0.008530450390475397
2025-05-31,0.055727925272299084,0.050717221885259178,0.060761112717035548,0.05572792527229864,0.038974555916101217,0.06284467765338575,0.061419257094768032,0.058068259988100834,0.06141925709476781,0.062131837944371604,0.055723743290886363,0.050363151351568325,0.060054056484595719,0.055723743290886363,0.038957464232053818,0.062844677653385528,0.061418153619373861,0.05806339135455385,0.061418153619373195,0.062131258529169342,0.055719559915013983,0.050009198802059451,0.059347235859031455,0.055719559915014205,0.038940366848879027,0.062844677653385528,0.061417049334170137,0.058058518714613871,0.061417049334169693,0.062130678611371115
2025-06-30,0.017883997892316872,0.030170804442668286,0.050408545093689971,0.01788399789231665,0.029309813687679043,0.051386356458574145,0.044669987277659695,0.046969683451170807,0.044669987277659029,0.048027180426821969,0.0178757933248328,0.029824491176781764,0.050058350546233976,0.017875793324832356,0.029296207162609944,0.051386356458574367,0.044667636364375651,0.04696512577534695,0.044667636364375873,0.048025959584610867,0.017867591491292911,0.029478293310184478,0.049708039228339107,0.017867591491293133,0.029282602149208525,0.051386356458573923,0.044665283725823679,0.046960564754774614,0.044665283725823901,0.048024737683419527
2025-07-31,0.026870885738771833,0.026821874865907036,0.030835679816689776,0.022685384356649019,0.012997591822211829,0.023031466832427183,0.023777976318794414,0.02102246289757348,0.022944060522435139,0.023403419832870531,0.026523159414330921,0.026479543852449883,0.030490137027768371,0.022679911854330603,0.012989026982793694,0.023031466832427183,0.023707084575652848,0.021019767275133328,0.022940160597660908,0.023367824296536277,0.026175548960041928,0.026137098690604654,0.03014470938139624,0.02267443752723608,0.012980459287477597,0.023031466832426739,0.023636150271928669,0.021017069794427412,0.022936258331526904,0.023332200260972824
2025-08-31,0.035019355104389582,0.0073445795859319318,-0.012219382437285264,0.031848120532718127,0.023893046924655659,0.020519642635701496,0.023410616984155252,0.021180664687674433,0.022779032032953062,0.021964569801850242,0.03466228409805594,0.0069970560918213298,-0.01254885330496136,0.031489729978436021,0.023880847150727691,0.020519642635701052,0.02333946788049257,0.0211770998987868,0.022707696006845079,0.021929011924781694,0.034305332075729389,0.0066496484002747103,-0.012878214385609654,0.031131697456674878,0.023868648732179532,0.020519642635701496,0.023268380385991216,0.021173532493802716,0.02263631715342429,0.021893487204119433
2025-09-30,0.044326659543364011,0.038866814355317691,0.0065759759253420924,0.018613116501655202,0.015516897211139913,0.035620362126825622,0.037361735421184372,0.031607761391086342,0.032216099669625464,0.036491055939388506,0.043967865494243918,0.038520467692755078,0.0055699029858862215,0.018602634356820857,0.015503864836598824,0.035620362126826066,0.03728963967689336,0.031605084614411139,0.032213145945727995,0.036454987062578548,0.043609191003287195,0.038174005542809253,0.0045648351143019461,0.01859214871677195,0.015490831013855066,0.035620362126825844,0.037217606361476196,0.031602409918055185,0.032210194386307345,0.036418951818663059
2025-10-31,0.015344711838541247,0.013403459454285338,0.030379849062168951,-0.0070280521887493563,0.0021561983771778426,0.0238374098634071,0.022142253020547953,0.01950114977042916,0.017656381617790151,0.02299004459942533,0.015003951665596649,0.013387559753215816,0.029693043630366178,-0.0070363278189382594,0.0021395504718682012,0.023837409863407544,0.022072462532906956,0.019495894999418173,0.017652486537821588,0.02295501715530146,0.014663305041525909,0.013371654750478079,0.029006467057420826,-0.0070446062085897099,0.0021229007165866065,0.023837409863407766,0.022002723187452666,0.019490636138181694,0.017648588599365134,0.022920020042008993
2025-11-30,-0.014565757551510128,-0.023669460258585406,0.023399738859149144,-0.0015560662062027442,0.018773350404161837,0.0019499627157142374,-0.0013514908299925299,0.0053316399813336801,0.0012546153558061768,0.00029934070479065156,-0.014580917219599865,-0.023997940674773344,0.023054221089733984,-0.001562162083473706,0.018762000441653326,0.0019499627157137933,-0.0013554147339913669,0.0053267922221287289,0.0012503162335799622,0.00029732257296699593,-0.014596071836151414,-0.024326311633974362,0.022708818454530766,-0.0015682599933828367,0.018750649217897486,0.0019499627157140154,-0.0013593415176313961,0.0053219413367968649,0.001246014530331685,0.00029530269057964631
2025-12-31,-0.00027645072200122023,-0.011270788784561114,-0.0093879162166791152,0.0078164286928732452,6.8523031506284582e-05,0.00079749726328670612,0.00057788674461511924,0.00064715219804045709,0.0022068949441258479,0.0006873955116435404,-0.00095327637139619448,-0.011936511038789233,-0.01004821422286728,0.0074726824664330671,5.1628000247605499e-05,0.00079749726328648407,0.00044148335040050668,0.00064214281721142186,0.0021379585707852478,0.00061912935103380917,-0.0016294258712907794,-0.012601568235819927,-0.010708292203061576,0.0071292796428159555,3.4731091554496274e-05,0.00079749726328626203,0.00030499806501538274,0.00063713732953973867,0.0020689808107885455,0.00055080853376976435
