date,identity_remap_path0,overlap_matched_path0
1999-12-31,1,1
2000-01-03,0.999500249875,0.999500249875
2000-01-04,0.976220160363,0.978709813591
2000-01-05,0.994030603113,0.985445583977
2000-01-06,1.0059113609,0.99892580498
2000-01-07,1.02376138652,1.0178836693
2000-01-10,1.0219684178,1.04845866834
2000-01-11,1.0122554573,1.03272639128
2000-01-12,1.00192981723,1.01997160642
2000-01-13,1.00202707164,1.03341223881
2000-01-14,1.00141205742,1.02705003163
2000-01-18,0.989965176552,1.01040114555
2000-01-19,0.983048694269,1.01154259137
2000-01-20,0.971452984421,0.995680786878
2000-01-21,0.976735655966,0.989657391104
2000-01-24,0.951841851073,0.958833137443
2000-01-25,0.940154932445,0.957326188224
2000-01-26,0.940884264073,0.958026220833
2000-01-27,0.939537959759,0.956703967082
2000-01-28,0.920350473685,0.932349969043
2000-01-31,0.935583009157,0.93124554335
2000-02-01,0.949089168728,0.951517816105
2000-02-02,0.945726824475,0.954001151306
2000-02-03,0.937856420555,0.956233043625
2000-02-04,0.932620706003,0.953637143728
2000-02-07,0.922486142187,0.938388126439
2000-02-08,0.925785030264,0.952415062902
2000-02-09,0.912501180475,0.934024562265
2000-02-10,0.8971853436,0.920113785261
2000-02-11,0.885135417684,0.916521836904
2000-02-14,0.892840915056,0.91481959321
2000-02-15,0.905242829539,0.913512931842
2000-02-16,0.890723003874,0.886585065283
2000-02-17,0.884672963535,0.874350104286
2000-02-18,0.854292210498,0.851584721363
2000-02-22,0.864927613209,0.852740430225
2000-02-23,0.854586094246,0.855342615651
2000-02-24,0.828847160097,0.838330313278
2000-02-25,0.821121038082,0.828576021855
2000-02-28,0.838441283808,0.852221975596
2000-02-29,0.840468163249,0.863372610577
2000-03-01,0.85335041652,0.866024931686
2000-03-02,0.85415903546,0.86506347172
2000-03-03,0.871030383213,0.872813911194
2000-03-06,0.849112064828,0.853284476095
2000-03-07,0.828913553746,0.824956333311
2000-03-08,0.839947325114,0.835110703829
2000-03-09,0.847400563941,0.854635336309
2000-03-10,0.845903903464,0.845014306547
2000-03-13,0.848785906395,0.836200339312
2000-03-14,0.842459154861,0.835974964989
2000-03-15,0.877537001614,0.871767083014
2000-03-16,0.927802576751,0.920845237546
2000-03-17,0.920585110938,0.920710664644
2000-03-20,0.920013916579,0.920736074767
2000-03-21,0.925225238484,0.931768498536
2000-03-22,0.908993937385,0.935685226473
2000-03-23,0.924043050606,0.935398293552
2000-03-24,0.92076678289,0.933825881192
2000-03-27,0.922665964761,0.926926427327
2000-03-28,0.91651213319,0.931651264354
2000-03-29,0.934348475989,0.940413482462
2000-03-30,0.949199431042,0.947266639266
2000-03-31,0.947244082332,0.947712487348
2000-04-03,0.969288081638,0.971302659237
2000-04-04,0.966801530333,0.972764392349
2000-04-05,0.969073675023,0.966562380861
2000-04-06,0.97257821993,0.970097154087
2000-04-07,0.966548772802,0.966817810743
2000-04-10,0.980972464919,0.980205490917
2000-04-11,0.999585652574,0.991061137233
2000-04-12,1.01040341098,0.988324903711
2000-04-13,0.99524704522,0.971748979709
2000-04-14,0.939061772758,0.910672425998
2000-04-17,0.93475502251,0.922603536063
2000-04-18,0.93633012627,0.939119746092
2000-04-19,0.937858513948,0.953266563043
2000-04-20,0.950429127711,0.958386749275
2000-04-24,0.963421526452,0.966408181279
2000-04-25,0.979672271203,0.978274637352
2000-04-26,0.973283274268,0.977363444563
2000-04-27,0.957642624198,0.968669466904
2000-04-28,0.951748739384,0.954006995984
2000-05-01,0.960365904132,0.968172145173
2000-05-02,0.95274961002,0.955160034937
2000-05-03,0.934777901276,0.941025327505
2000-05-04,0.935471087069,0.935542215016
2000-05-05,0.944108794529,0.947584881516
2000-05-08,0.933567403537,0.955764275853
2000-05-09,0.932888763877,0.959335741662
2000-05-10,0.920734810461,0.963126149897
2000-05-11,0.937548459756,0.970192148439
2000-05-12,0.937256444228,0.965040390607
2000-05-15,0.954627803201,0.980507434756
2000-05-16,0.958413632804,0.979921471478
2000-05-17,0.950092013564,0.968565870055
2000-05-18,0.942495861753,0.976699902863
2000-05-19,0.926126224689,0.965107463205
2000-05-22,0.92517971659,0.961506870464
2000-05-23,0.901213341708,0.952515762815
2000-05-24,0.915534211682,0.959717515675
2000-05-25,0.8938682765,0.950783132014
2000-05-26,0.895965260033,0.951946371307
2000-05-30,0.919195322012,0.95446158513
2000-05-31,0.912694071757,0.95971896034
2000-06-01,0.928285918553,0.964786650353
2000-06-02,0.949851530578,0.987200234544
2000-06-05,0.941925914445,0.978962978664
2000-06-06,0.934423850391,0.971165929172
2000-06-07,0.941614393965,0.97863920902
2000-06-08,0.938960597692,0.975881063965
2000-06-09,0.938640317146,0.975548189805
2000-06-12,0.923094853121,0.959391469267
2000-06-13,0.942274856993,0.979325641832
2000-06-14,0.935977214617,0.972780372565
2000-06-15,0.939964129494,0.976924055209
2000-06-16,0.934207258866,0.970940821145
2000-06-19,0.949284656634,0.986611070793
2000-06-20,0.940435156598,0.977413603367
2000-06-21,0.94250915077,0.979569148174
2000-06-22,0.928711011241,0.965228457928
2000-06-23,0.924464850531,0.960815335757
2000-06-26,0.925602932393,0.961998167647
2000-06-27,0.922060415861,0.958316357344
2000-06-28,0.926740617158,0.963180586826
2000-06-29,0.910455475042,0.946255103633
2000-06-30,0.912884199043,0.948779326447
2000-07-03,0.927576298528,0.964049127664
2000-07-05,0.921849287398,0.943283712044
2000-07-06,0.918661403437,0.95155169154
2000-07-07,0.925454900108,0.961584875583
2000-07-10,0.926398060777,0.959568035633
2000-07-11,0.937265495592,0.965132847843
2000-07-12,0.944759367092,0.970386365319
2000-07-13,0.955746818542,0.973141544447
2000-07-14,0.950825451374,0.974413204168
2000-07-17,0.945873872027,0.97037853685
2000-07-18,0.933330523652,0.965112189167
2000-07-19,0.929345675245,0.960148445388
2000-07-20,0.928512079565,0.958644734919
2000-07-21,0.926140369904,0.948767000854
2000-07-24,0.917971541439,0.936654877093
2000-07-25,0.921860262357,0.941880259793
2000-07-26,0.912946226949,0.937072343278
2000-07-27,0.906237199026,0.936978203489
2000-07-28,0.890971238963,0.921296646014
2000-07-31,0.899111365012,0.926291043001
2000-08-01,0.902686854261,0.935515379393
2000-08-02,0.90827319946,0.945238162065
2000-08-03,0.917838771077,0.947286856509
2000-08-04,0.913331128303,0.946875236379
2000-08-07,0.931546996036,0.963706738603
2000-08-08,0.931544851998,0.956496579961
2000-08-09,0.92807350432,0.958388180258
2000-08-10,0.916656906841,0.954420910284
2000-08-11,0.927496211043,0.958691828092
2000-08-14,0.93562819548,0.971707649287
2000-08-15,0.940261415448,0.973232641498
2000-08-16,0.936310023301,0.973725803544
2000-08-17,0.938964312804,0.983605051415
2000-08-18,0.935306745715,0.981779329662
2000-08-21,0.937125062456,0.986694745563
2000-08-22,0.930385165733,0.981921571992
2000-08-23,0.934441912137,0.996448856272
2000-08-24,0.937310042452,0.991391820162
2000-08-25,0.934205355526,0.990877665972
2000-08-28,0.941738948533,1.00048767445
2000-08-29,0.935181739133,0.998442770749
2000-08-30,0.936660928125,0.996288835568
2000-08-31,0.948796493878,1.00411472666
2000-09-01,0.949233294679,1.01120113473
2000-09-05,0.937019413996,0.996922676584
2000-09-06,0.931748295777,0.994551919408
2000-09-07,0.934181381616,0.995533387972
2000-09-08,0.934751961287,0.981253690356
2000-09-11,0.935855672347,0.985073394633
2000-09-12,0.930646418296,0.979946288104
2000-09-13,0.934346608891,0.980624598969
2000-09-14,0.928219716229,0.977837990283
2000-09-15,0.925019613944,0.980052346626
2000-09-18,0.916090360889,0.973377380589
2000-09-19,0.919476577681,0.973444517914
2000-09-20,0.908791722058,0.961474996903
2000-09-21,0.908036994992,0.955527691589
2000-09-22,0.905594174783,0.942061481435
2000-09-25,0.906655008783,0.935622132941
2000-09-26,0.905771318914,0.937333473448
2000-09-27,0.897477507558,0.936266435431
2000-09-28,0.926231614975,0.95392207501
2000-09-29,0.918663790599,0.940707928319
2000-10-02,0.922427899108,0.949451145035
2000-10-03,0.936775143775,0.948459808937
2000-10-04,0.942200509245,0.961540143185
2000-10-05,0.944390396918,0.960210870943
2000-10-06,0.932860377788,0.937378639857
2000-10-09,0.931713664875,0.935605205925
2000-10-10,0.933072215494,0.92277462694
2000-10-11,0.912005317648,0.899867252042
2000-10-12,0.892222982182,0.872707527825
2000-10-13,0.895010495494,0.910773734229
2000-10-16,0.893740447935,0.907441119786
2000-10-17,0.880667347082,0.87642329318
2000-10-18,0.88624008108,0.871056606673
2000-10-19,0.88748310127,0.904678567597
2000-10-20,0.88767103592,0.916979730793
2000-10-23,0.900442229167,0.923010002492
2000-10-24,0.91194334787,0.92257019253
2000-10-25,0.902631714716,0.889931557659
2000-10-26,0.911089388885,0.90253372777
2000-10-27,0.919572699657,0.907529045485
2000-10-30,0.962171163827,0.912866381046
2000-10-31,0.973977279187,0.944686426759
2000-11-01,0.971131374771,0.941063097331
2000-11-02,0.96924084977,0.95352584978
2000-11-03,0.96685895184,0.953915401314
2000-11-06,0.97539539262,0.955311401883
2000-11-07,0.977404655561,0.957890115612
2000-11-08,0.985682777286,0.932680457579
2000-11-09,0.96643430405,0.915927226467
2000-11-10,0.962304983107,0.894771351017
2000-11-13,0.947098178886,0.880058502147
2000-11-14,0.960979866729,0.904184885429
2000-11-15,0.96507597048,0.905330626545
2000-11-16,0.952286267728,0.891070347339
2000-11-17,0.949984881407,0.888979252457
2000-11-20,0.943723450875,0.866536502012
2000-11-21,0.93948828496,0.861662673723
2000-11-22,0.935198690374,0.841548519861
2000-11-24,0.937276152393,0.855669135377
2000-11-27,0.945782876947,0.859822106072
2000-11-28,0.946153175011,0.847956473051
2000-11-29,0.957468149256,0.854550772813
2000-11-30,0.945515138513,0.83636510741
2000-12-01,0.95318261152,0.839925772231
2000-12-04,0.976341014105,0.837182093831
2000-12-05,0.984556885816,0.882429558999
2000-12-06,0.974371199056,0.875767917804
2000-12-07,0.963436339959,0.861735068702
2000-12-08,0.974633919264,0.88957485973
2000-12-11,0.973752894631,0.906381011564
2000-12-12,0.974267602319,0.897143148464
2000-12-13,0.98570957198,0.886000755515
2000-12-14,0.977405371784,0.870387143595
2000-12-15,0.963017505562,0.850302358571
2000-12-18,0.96778606652,0.85168329877
2000-12-19,0.981497385717,0.84081718689
2000-12-20,0.954977662269,0.805466489034
2000-12-21,0.96760278481,0.814955426558
2000-12-22,0.988800971794,0.838859246284
2000-12-26,0.994728202571,0.840337858164
2000-12-27,1.00365499147,0.845737862665
2000-12-28,1.01743483875,0.852432469846
2000-12-29,1.00575074079,0.837266520168
2001-01-02,0.981050123379,0.80249900858
2001-01-03,1.00600951072,0.859142479753
2001-01-04,1.00678036574,0.86675016637
2001-01-05,0.989076052148,0.843271696222
2001-01-08,0.983249692046,0.832581649378
2001-01-09,0.991839698445,0.82928973542
2001-01-10,0.995844119088,0.83770170662
2001-01-11,1.00198263563,0.847294007598
2001-01-12,1.00548022446,0.846025783679
2001-01-16,1.01681030948,0.860432588896
2001-01-17,1.01558916685,0.859181870062
2001-01-18,1.01899771249,0.85003276252
2001-01-19,1.00386016377,0.829497184151
2001-01-22,1.00244763984,0.842227294849
2001-01-23,1.01729592466,0.854999113625
2001-01-24,1.01080756909,0.85405149957
2001-01-25,1.01639459966,0.860467583454
2001-01-26,1.00395182521,0.855341149574
2001-01-29,1.00877477995,0.866064150855
2001-01-30,1.01698050294,0.868713435022
2001-01-31,1.01630744132,0.872738810267
2001-02-01,1.01933400186,0.876666753984
2001-02-02,1.01638261419,0.868474653031
2001-02-05,1.01754480337,0.868621805511
2001-02-06,1.02106187057,0.863473712851
2001-02-07,1.02194776329,0.866157638962
2001-02-08,1.02255656002,0.858741788918
2001-02-09,1.01183558734,0.851609638591
2001-02-12,1.02135665501,0.865725765474
2001-02-13,1.02050595426,0.868125832698
2001-02-14,1.01014173566,0.85883084732
2001-02-15,1.01417229119,0.859912594308
2001-02-16,1.00383846288,0.855143824738
2001-02-20,1.00635542112,0.847925266393
2001-02-21,0.999556255819,0.826026191513
2001-02-22,0.987627367277,0.818282446662
2001-02-23,0.983726122674,0.820608345811
2001-02-26,0.995103150501,0.836334722725
2001-02-27,1.00044141737,0.842908738205
2001-02-28,0.991408930752,0.826775420326
2001-03-01,0.98476905978,0.821673769078
2001-03-02,0.990359227516,0.824650795055
2001-03-05,0.991424345835,0.818782847676
2001-03-06,0.990677711949,0.827465093261
2001-03-07,0.994093363764,0.841418857881
2001-03-08,1.00079875681,0.848666426948
2001-03-09,0.992628347249,0.836852543907
2001-03-12,0.94761923687,0.798979430753
2001-03-13,0.946565596097,0.804793086478
2001-03-14,0.926150545636,0.781465816171
2001-03-15,0.934146252462,0.799759560795
2001-03-16,0.918126621598,0.787286955468
2001-03-19,0.92769053517,0.793441524184
2001-03-20,0.907482044099,0.781305328559
2001-03-21,0.884079874102,0.765508569909
2001-03-22,0.866550724754,0.745229131666
2001-03-23,0.88569849111,0.763840542944
2001-03-26,0.900147654595,0.776783678508
2001-03-27,0.920685316232,0.797353662804
2001-03-28,0.909612265915,0.786060770887
2001-03-29,0.914154046008,0.791254811206
2001-03-30,0.915645345653,0.796993040306
2001-04-02,0.905593815269,0.79512185156
2001-04-03,0.880723244736,0.771335311884
2001-04-04,0.887755583075,0.769414802289
2001-04-05,0.9151793759,0.790852757185
2001-04-06,0.906647160981,0.783073479647
2001-04-09,0.918380792005,0.783838650064
2001-04-10,0.933082454892,0.799138468211
2001-04-11,0.919960072321,0.795078926551
2001-04-12,0.929867387522,0.792398939513
2001-04-16,0.931460720428,0.793629723488
2001-04-17,0.947502084634,0.804073716966
2001-04-18,0.971015994409,0.842358267641
2001-04-19,0.971263573838,0.844962217082
2001-04-20,0.967918707676,0.838045703759
2001-04-23,0.95662381684,0.826134606815
2001-04-24,0.948649661834,0.820770152129
2001-04-25,0.967992157501,0.827158074373
2001-04-26,0.979629354091,0.83855575383
2001-04-27,0.980687071284,0.848220514163
2001-04-30,0.978875045577,0.838770984034
2001-05-01,0.990541072089,0.848596385316
2001-05-02,0.989723099287,0.853965556432
2001-05-03,0.976745532669,0.845275997873
2001-05-04,0.98558149856,0.852176467676
2001-05-07,0.987457127269,0.84886545777
2001-05-08,0.981424512337,0.841060186559
2001-05-09,0.983263814608,0.838190422575
2001-05-10,0.987368180222,0.848123812829
2001-05-11,0.985477507312,0.848055130428
2001-05-14,0.98840725505,0.848427002645
2001-05-15,0.989255821857,0.850393103187
2001-05-16,1.01908634461,0.869264786304
2001-05-17,1.02944835735,0.874656314269
2001-05-18,1.02964138313,0.873592467126
2001-05-21,1.03799807428,0.885400800792
2001-05-22,1.03397628327,0.889770923321
2001-05-23,1.0198276756,0.878285429453
2001-05-24,1.02498800031,0.881960813525
2001-05-25,1.01459347719,0.874420329232
2001-05-29,1.01383469011,0.870145302704
2001-05-30,1.00756322646,0.861503098627
2001-05-31,1.00975619775,0.868466155348
2001-06-01,1.01181223151,0.865768455041
2001-06-04,1.01549229957,0.867098394745
2001-06-05,1.02370458342,0.876322736909
2001-06-06,1.01293289366,0.867618912582
2001-06-07,1.01496354602,0.872753505212
2001-06-08,1.00920028622,0.868678025562
2001-06-11,0.999639436793,0.857904260724
2001-06-12,1.00381162676,0.861277891521
2001-06-13,0.996918128637,0.855782578169
2001-06-14,0.984668356843,0.84557765179
2001-06-15,0.98350538078,0.840551707023
2001-06-18,0.980396556146,0.838925790026
2001-06-19,0.985299549984,0.837722492737
2001-06-20,0.995916679697,0.849102602839
2001-06-21,1.01587171924,0.858712473325
2001-06-22,0.997680386557,0.849681715119
2001-06-25,0.994058655963,0.842956437207
2001-06-26,0.984713083893,0.835507548923
2001-06-27,0.987669838739,0.838145629884
2001-06-28,0.996619602213,0.8456815816
2001-06-29,0.98735872406,0.845086014253
2001-07-02,1.00117340141,0.853860927045
2001-07-03,0.998257490487,0.855098939644
2001-07-05,0.990230817784,0.843712513602
2001-07-06,0.973438733413,0.826588741741
2001-07-09,0.977654200393,0.827867790233
2001-07-10,0.967077131,0.82237393385
2001-07-11,0.964527915247,0.822322075215
2001-07-12,0.971226682059,0.843519373425
2001-07-13,0.979715755727,0.852350764525
2001-07-16,0.971087205538,0.847070260477
2001-07-17,0.984777163407,0.856242994962
2001-07-18,0.989060872246,0.854547098766
2001-07-19,0.98172872849,0.854181982204
2001-07-20,0.985567029786,0.856612982796
2001-07-23,0.969628789694,0.842650171329
2001-07-24,0.961442639663,0.829755277857
2001-07-25,0.968089839137,0.838732820694
2001-07-26,0.980085350997,0.849694392812
2001-07-27,0.982391107344,0.851883139269
2001-07-30,0.985506317414,0.853236484194
2001-07-31,0.987420754479,0.851329731353
2001-08-01,0.988470836742,0.852280412257
2001-08-02,0.989448085908,0.857389626262
2001-08-03,0.990481913141,0.854534483382
2001-08-06,0.981825716933,0.841379943078
2001-08-07,0.986893816994,0.847371750527
2001-08-08,0.976652480515,0.839318274337
2001-08-09,0.977740247437,0.837155480474
2001-08-10,0.979726682088,0.84264172182
2001-08-13,0.984776127575,0.839008158863
2001-08-14,0.980152692418,0.836357850205
2001-08-15,0.973770243402,0.829578590584
2001-08-16,0.977720098753,0.832922033353
2001-08-17,0.969538883667,0.819265454718
2001-08-20,0.974685132688,0.824477372595
2001-08-21,0.975567185494,0.818965197188
2001-08-22,0.977160915181,0.818083979406
2001-08-23,0.977933519609,0.819061083499
2001-08-24,0.988635854966,0.834182117034
2001-08-27,0.980729053205,0.830253746294
2001-08-28,0.967080892039,0.818674616941
2001-08-29,0.956304273195,0.809438109689
2001-08-30,0.94916016548,0.793432664087
2001-08-31,0.950555116765,0.80227264388
2001-09-04,0.94797301539,0.799652333729
2001-09-05,0.958419154612,0.809467179121
2001-09-06,0.938953298928,0.783561714916
2001-09-07,0.927679475277,0.764915743265
2001-09-10,0.936164007331,0.765310822737
2001-09-17,0.916175290253,0.721336531107
2001-09-18,0.893684755323,0.715176943841
2001-09-19,0.877012780598,0.702963630128
2001-09-20,0.850320032438,0.681661325926
2001-09-21,0.837213246484,0.67570556074
2001-09-24,0.847813251329,0.697424890818
2001-09-25,0.850843004293,0.697744212872
2001-09-26,0.85692174816,0.704846813108
2001-09-27,0.878137313539,0.713955013475
2001-09-28,0.898577050848,0.726519709775
2001-10-01,0.896093381851,0.724001488288
2001-10-02,0.912646824564,0.731477005011
2001-10-03,0.929109827613,0.741193139029
2001-10-04,0.934338115978,0.737147755537
2001-10-05,0.928055188807,0.737495980528
2001-10-08,0.918274334291,0.737424475795
2001-10-09,0.920142183948,0.732654048481
2001-10-10,0.944552629135,0.741442510894
2001-10-11,0.958463291511,0.742090391304
2001-10-12,0.948444901351,0.737961417026
2001-10-15,0.945843602807,0.739545042385
2001-10-16,0.953806315224,0.742519030038
2001-10-17,0.941617564338,0.73252359028
2001-10-18,0.92672288891,0.725699654868
2001-10-19,0.921258772696,0.731816821719
2001-10-22,0.938784740726,0.736531531702
2001-10-23,0.936684480152,0.728898215122
2001-10-24,0.932661509511,0.722294623396
2001-10-25,0.949610313667,0.727605663446
2001-10-26,0.965332668741,0.729679852037
2001-10-29,0.939263010104,0.72125431701
2001-10-30,0.920869830885,0.711787525367
2001-10-31,0.917141068324,0.711689906616
2001-11-01,0.933160996783,0.722551358077
2001-11-02,0.931162603646,0.724428371861
2001-11-05,0.940810205157,0.730948197939
2001-11-06,0.947438002535,0.735472080565
2001-11-07,0.949191673181,0.731159407237
2001-11-08,0.959430420293,0.734276890198
2001-11-09,0.962084860614,0.734886850147
2001-11-12,0.955982273367,0.735006754531
2001-11-13,0.975139500795,0.742074857758
2001-11-14,0.960870962323,0.741277698534
2001-11-15,0.945446257119,0.745281635505
2001-11-16,0.951714487227,0.750041020451
2001-11-19,0.960732406331,0.754624638431
2001-11-20,0.96489963284,0.754857994204
2001-11-21,0.95876109662,0.753553520987
2001-11-23,0.97057773046,0.75515727563
2001-11-26,0.969078430299,0.759024123706
2001-11-27,0.967784028515,0.752103345521
2001-11-28,0.945565028394,0.741861363705
2001-11-29,0.955889091413,0.74701020406
2001-11-30,0.950377805289,0.746704398635
2001-12-03,0.94679587176,0.74722557604
2001-12-04,0.959384373695,0.753347701124
2001-12-05,0.97731015446,0.761645028454
2001-12-06,0.975773394105,0.75965251459
2001-12-07,0.972033594511,0.759564636117
2001-12-10,0.957378993188,0.747098294214
2001-12-11,0.952632557893,0.742307952009
2001-12-12,0.95369608428,0.744379040573
2001-12-13,0.941313880142,0.736234654852
2001-12-14,0.939411264657,0.733078373571
2001-12-17,0.947802959474,0.742566619223
2001-12-18,0.962508737462,0.747177961028
2001-12-19,0.979054419002,0.754186246994
2001-12-20,0.97429956323,0.750182001561
2001-12-21,0.977899142387,0.750490938078
2001-12-24,0.983313631037,0.753543869289
2001-12-26,0.991675345872,0.755833885821
2001-12-27,0.992417279329,0.760519896547
2001-12-28,0.999292855189,0.761100115482
2001-12-31,0.988287437217,0.755776705128
2002-01-02,0.985116287621,0.760494611964
2002-01-03,0.99980011264,0.764688247987
2002-01-04,1.00779773991,0.769890940812
2002-01-07,1.00306137128,0.769762693491
2002-01-08,0.99812253174,0.764470379084
2002-01-09,0.997574726928,0.76219333163
2002-01-10,0.991043116414,0.763936114284
2002-01-11,0.979769024797,0.758402443295
2002-01-14,0.968221665771,0.756925524011
2002-01-15,0.982562713446,0.765686071638
2002-01-16,0.963727458376,0.755089435861
2002-01-17,0.974737863809,0.756590905973
2002-01-18,0.959806721247,0.753221527657
2002-01-22,0.944971586597,0.74635010497
2002-01-23,0.9598169844,0.750141883769
2002-01-24,0.969201445766,0.751948557964
2002-01-25,0.973594529146,0.75235290971
2002-01-28,0.967532058534,0.750213809053
2002-01-29,0.933137050126,0.731239119784
2002-01-30,0.943620084184,0.733033625949
2002-01-31,0.960968154585,0.741306203551
2002-02-01,0.952511821663,0.738036213579
2002-02-04,0.91849531368,0.722460779572
2002-02-05,0.912218156272,0.718937821869
2002-02-06,0.912195309776,0.70883498938
2002-02-07,0.915057891873,0.711538930727
2002-02-08,0.928377909542,0.721141190342
2002-02-11,0.94180347207,0.732035812524
2002-02-12,0.934033544277,0.72715399305
2002-02-13,0.94550806059,0.737111035433
2002-02-14,0.948574520686,0.738102634848
2002-02-15,0.941655120216,0.730955946203
2002-02-19,0.929440336316,0.717306242458
2002-02-20,0.938708402041,0.729506461222
2002-02-21,0.93756935731,0.719557737129
2002-02-22,0.947504430551,0.721727829482
2002-02-25,0.96833835841,0.734611077606
2002-02-26,0.967607336611,0.736839430093
2002-02-27,0.974522466406,0.740544789404
2002-02-28,0.970460705808,0.739662026429
2002-03-01,0.986754761004,0.750387471552
2002-03-04,1.00846121378,0.768717582933
2002-03-05,1.00837526205,0.76172298849
2002-03-06,1.0251589084,0.775654913966
2002-03-07,1.02213014852,0.770084779476
2002-03-08,1.02553217603,0.769449300528
2002-03-11,1.02960221657,0.771491011999
2002-03-12,1.03162011846,0.769381930718
2002-03-13,1.02497756936,0.763763548633
2002-03-14,1.02805241319,0.766949485827
2002-03-15,1.04398417334,0.776960929242
2002-03-18,1.04890835517,0.778533809072
2002-03-19,1.05271186583,0.781984426262
2002-03-20,1.04356024314,0.775083248541
2002-03-21,1.0434494065,0.773746412548
2002-03-22,1.03316682191,0.768593309371
2002-03-25,1.01943222292,0.761577778689
2002-03-26,1.02448535202,0.768010627299
2002-03-27,1.04197226171,0.777293433997
2002-03-28,1.04047001358,0.775071699571
2002-04-01,1.03881296133,0.77027901029
2002-04-02,1.04106950909,0.773315106295
2002-04-03,1.02363474114,0.760282848777
2002-04-04,1.0231824864,0.754809424423
2002-04-05,1.02256036761,0.75659220332
2002-04-08,1.0313712449,0.762234498999
2002-04-09,1.02840887552,0.760008591415
2002-04-10,1.04150714786,0.769224910247
2002-04-11,1.01804896332,0.757282621408
2002-04-12,1.01093304301,0.751076722079
2002-04-15,1.00920940466,0.751785544668
2002-04-16,1.02840333723,0.76605039698
2002-04-17,1.03104820466,0.771000990964
2002-04-18,1.03017125486,0.76940540873
2002-04-19,1.02917222008,0.770514534503
2002-04-22,1.01577045096,0.758113070032
2002-04-23,1.01264060556,0.753214868766
2002-04-24,1.00160013128,0.745578305336
2002-04-25,0.996844227248,0.744430575888
2002-04-26,0.988570061739,0.741508909929
2002-04-29,0.976494253207,0.733603310867
2002-04-30,0.992094790639,0.742490504668
2002-05-01,0.997426830742,0.746019570202
2002-05-02,1.00433948989,0.755697069372
2002-05-03,1.0040345932,0.757020058629
2002-05-06,0.975377450498,0.741084736186
2002-05-07,0.972598426188,0.740789785449
2002-05-08,1.00243263653,0.755784201168
2002-05-09,0.989722499518,0.75079867474
2002-05-10,0.980275470568,0.746567789812
2002-05-13,0.994521222197,0.757527690035
2002-05-14,1.00790600653,0.766022444955
2002-05-15,1.00201343977,0.761297366928
2002-05-16,1.01189571066,0.766245257496
2002-05-17,1.01366967787,0.766533215479
2002-05-20,1.00280501156,0.759140550719
2002-05-21,0.994694813144,0.756544667308
2002-05-22,1.00221474479,0.761973334685
2002-05-23,1.01495445531,0.771097617612
2002-05-24,1.00523988385,0.76303833018
2002-05-28,0.995344796564,0.756933100624
2002-05-29,0.988344852277,0.752773314136
2002-05-30,0.97924557038,0.744734062793
2002-05-31,0.986742614263,0.749717850272
2002-06-03,0.957497162816,0.733151671291
2002-06-04,0.952794761865,0.730288599908
2002-06-05,0.960014628733,0.733613599967
2002-06-06,0.94204827365,0.721970174041
2002-06-07,0.946287652182,0.725320903023
2002-06-10,0.944588056918,0.722648781691
2002-06-11,0.930560490147,0.712077084893
2002-06-12,0.936494251239,0.718709310253
2002-06-13,0.928069353984,0.708564118751
2002-06-14,0.928984035402,0.710565567163
2002-06-17,0.959601695653,0.731203182068
2002-06-18,0.961648165589,0.731523861756
2002-06-19,0.952956854756,0.726239872622
2002-06-20,0.94346270916,0.721074102046
2002-06-21,0.930053478475,0.713914498959
2002-06-24,0.93801603572,0.716923514083
2002-06-25,0.927050384939,0.715203163426
2002-06-26,0.921214539108,0.708729928805
2002-06-27,0.934065822429,0.716766073568
2002-06-28,0.940437576937,0.725738323056
2002-07-01,0.924037226607,0.717004509384
2002-07-02,0.90897519453,0.704236984135
2002-07-03,0.907892687346,0.700808258352
2002-07-05,0.939071821808,0.72117563674
2002-07-08,0.928364003903,0.717588672882
2002-07-09,0.908641057804,0.705842857736
2002-07-10,0.878673273357,0.681381759489
2002-07-11,0.877494713605,0.676738056708
2002-07-12,0.867087525441,0.667098653345
2002-07-15,0.858670049465,0.657228777911
2002-07-16,0.842559959919,0.645502533854
2002-07-17,0.847209906516,0.648001336665
2002-07-18,0.827092939942,0.635736435788
2002-07-19,0.79587839044,0.60884430043
2002-07-22,0.762479151557,0.5802567044
2002-07-23,0.738330916731,0.5648866847
2002-07-24,0.782510884112,0.599916192589
2002-07-25,0.779830408604,0.603230332389
2002-07-26,0.795393972077,0.61285793781
2002-07-29,0.845061011125,0.648443734799
2002-07-30,0.844966589091,0.637410710758
2002-07-31,0.853446053099,0.644815014898
2002-08-01,0.823627424231,0.625462869082
2002-08-02,0.807748012184,0.609914194856
2002-08-05,0.775531661726,0.586587542825
2002-08-06,0.804223651567,0.61014093283
2002-08-07,0.816334017517,0.62174122728
2002-08-08,0.852038785203,0.642373971676
2002-08-09,0.858648707515,0.647987965942
2002-08-12,0.852220094476,0.644496750957
2002-08-13,0.834691141402,0.632816540733
2002-08-14,0.87397392404,0.656954418431
2002-08-15,0.889928110375,0.666278192933
2002-08-16,0.889959445061,0.664102890348
2002-08-19,0.910772626469,0.678629916375
2002-08-20,0.890292247683,0.662668002725
2002-08-21,0.900974788105,0.672867759464
2002-08-22,0.916405658304,0.684132248135
2002-08-23,0.893835023635,0.66876242637
2002-08-26,0.904121517304,0.67567512865
2002-08-27,0.89107803924,0.668728758862
2002-08-28,0.870854192119,0.651171100118
2002-08-29,0.872524225657,0.651641411792
2002-08-30,0.867653474534,0.649826250955
2002-09-03,0.827799999281,0.624102316326
2002-09-04,0.840947873603,0.630940362239
2002-09-05,0.8276414424,0.618416527611
2002-09-06,0.845555957568,0.632842489293
2002-09-09,0.852693865869,0.637909385968
2002-09-10,0.861889911591,0.647299768217
2002-09-11,0.860413527152,0.648655412666
2002-09-12,0.834648461714,0.631105448988
2002-09-13,0.840985577174,0.633041793957
2002-09-16,0.837673441541,0.6293337491
2002-09-17,0.819110976007,0.615933110227
2002-09-18,0.814778294936,0.612666486077
2002-09-19,0.785470434648,0.593155960359
2002-09-20,0.787638218507,0.599514344207
2002-09-23,0.778073250588,0.588519374183
2002-09-24,0.761323320073,0.571414241002
2002-09-25,0.7829612264,0.588619992112
2002-09-26,0.798573296519,0.597511606969
2002-09-27,0.778867086154,0.583248535669
2002-09-30,0.76543873974,0.569985309008
2002-10-01,0.797890801838,0.59780657145
2002-10-02,0.778381209148,0.582021192733
2002-10-03,0.76920329185,0.581122985427
2002-10-04,0.75236237006,0.571257776633
2002-10-07,0.737065353717,0.559922655719
2002-10-08,0.74314930518,0.560686589236
2002-10-09,0.725687839092,0.548080886385
2002-10-10,0.756640910331,0.570269833085
2002-10-11,0.790039720329,0.593192853667
2002-10-14,0.799505668707,0.598579792942
2002-10-15,0.843424943063,0.627782759448
2002-10-16,0.818227975364,0.607618612333
2002-10-17,0.843706819568,0.626318390542
2002-10-18,0.847055709448,0.627739948409
2002-10-21,0.858933805781,0.640111376603
2002-10-22,0.847265103916,0.628432290464
2002-10-23,0.859879399299,0.637472755481
2002-10-24,0.845405799564,0.623738582342
2002-10-25,0.856279742993,0.632434166292
2002-10-28,0.854411902447,0.628514024412
2002-10-29,0.838532145406,0.617973517415
2002-10-30,0.860597199143,0.632087598772
2002-10-31,0.855786436493,0.630890290925
2002-11-01,0.876032924532,0.647339457494
2002-11-04,0.884907774384,0.651427871546
2002-11-05,0.889948215513,0.656205573645
2002-11-06,0.898029419623,0.667354279804
2002-11-07,0.869661123808,0.649681788464
2002-11-08,0.864300108288,0.64357579888
2002-11-11,0.847490881828,0.627204555473
2002-11-12,0.857378828912,0.635166518235
2002-11-13,0.850983014895,0.63125164754
2002-11-14,0.880229602482,0.652984059409
2002-11-15,0.885730268018,0.655633184912
2002-11-18,0.87743143888,0.650787762281
2002-11-19,0.87275643355,0.647238772134
2002-11-20,0.898002598302,0.66289125876
2002-11-21,0.923211650666,0.685144110734
2002-11-22,0.913680477918,0.676898788969
2002-11-25,0.920349093558,0.684350301449
2002-11-26,0.897223017002,0.671150536927
2002-11-27,0.924304362526,0.691922567673
2002-11-29,0.923394968556,0.698333605464
2002-12-02,0.924960105962,0.695076509198
2002-12-03,0.915164064545,0.690637095589
2002-12-04,0.910739395003,0.688706174239
2002-12-05,0.904524156342,0.683049896633
2002-12-06,0.911582303081,0.689210144622
2002-12-09,0.891091951126,0.67412456867
2002-12-10,0.90150402209,0.684259109776
2002-12-11,0.901568237887,0.683243136576
2002-12-12,0.899903169953,0.682837032564
2002-12-13,0.891103729888,0.677607925507
2002-12-16,0.908827741853,0.689815652212
2002-12-17,0.900057097005,0.683810809954
2002-12-18,0.888825547134,0.675695670085
2002-12-19,0.881675028868,0.669479788483
2002-12-20,0.893438148784,0.680313582393
2002-12-23,0.900157306309,0.684626818197
2002-12-24,0.897450285829,0.681321326557
2002-12-26,0.887240688399,0.677430170663
2002-12-27,0.871679699344,0.666823674924
2002-12-30,0.873196998334,0.667339264471
2002-12-31,0.873659142742,0.665729863686
2003-01-02,0.90235113067,0.685664366072
2003-01-03,0.90633235677,0.679796359335
2003-01-06,0.933103357101,0.687486495023
2003-01-07,0.928538979367,0.676704642265
2003-01-08,0.912644707068,0.671153195612
2003-01-09,0.93086367345,0.682404590011
2003-01-10,0.932356916676,0.681846576193
2003-01-13,0.931765481644,0.682750854629
2003-01-14,0.938354382135,0.684613964705
2003-01-15,0.92395485466,0.680302077585
2003-01-16,0.913289984316,0.685023983622
2003-01-17,0.8971067553,0.679682572023
2003-01-21,0.887959610694,0.666397024838
2003-01-22,0.880510023015,0.65995103121
2003-01-23,0.890891131809,0.664029028438
2003-01-24,0.86133752359,0.649075731863
2003-01-27,0.847502010322,0.636003572195
2003-01-28,0.860300635708,0.643332153821
2003-01-29,0.867634980145,0.649693176496
2003-01-30,0.846105457219,0.636152987914
2003-01-31,0.856995750366,0.647785632589
2003-02-03,0.858657421884,0.650819273447
2003-02-04,0.845701574001,0.642760658993
2003-02-05,0.841333566856,0.639865089569
2003-02-06,0.833144295304,0.636216972189
2003-02-07,0.82680011371,0.630732488517
2003-02-10,0.832948096952,0.634519990447
2003-02-11,0.824973686833,0.630509929819
2003-02-12,0.817219608181,0.625941081635
2003-02-13,0.820734128677,0.624148118628
2003-02-14,0.835570745992,0.638961858872
2003-02-18,0.855345133942,0.653219946688
2003-02-19,0.850150173023,0.647048849756
2003-02-20,0.840128121305,0.639462265146
2003-02-21,0.852280860198,0.646568221321
2003-02-24,0.833044185721,0.633931183893
2003-02-25,0.835853032205,0.640355313431
2003-02-26,0.826449628604,0.630675826632
2003-02-27,0.833444994793,0.635886320597
2003-02-28,0.839684658912,0.640777671676
2003-03-03,0.830412668638,0.631873913274
2003-03-04,0.82030911417,0.619785858983
2003-03-05,0.829461638686,0.626103176884
2003-03-06,0.822651921378,0.619498314459
2003-03-07,0.826375722784,0.622314516487
2003-03-10,0.806047503695,0.607836033179
2003-03-11,0.79664611822,0.601322330433
2003-03-12,0.801396627993,0.605910134592
2003-03-13,0.830790298099,0.633352575413
2003-03-14,0.830698276131,0.637783418522
2003-03-17,0.859813555305,0.663822240188
2003-03-18,0.865777741103,0.666279814172
2003-03-19,0.872543478738,0.671392067133
2003-03-20,0.872231710326,0.672717730452
2003-03-21,0.891460216868,0.690886571374
2003-03-24,0.860653256415,0.662815946407
2003-03-25,0.87257857566,0.669633150064
2003-03-26,0.868008900722,0.669184068012
2003-03-27,0.864053610895,0.66525454272
2003-03-28,0.86053214462,0.657703364549
2003-03-31,0.842753072019,0.643744681419
2003-04-01,0.857093599119,0.651621690445
2003-04-02,0.882685780448,0.670385890358
2003-04-03,0.877633816678,0.668038242177
2003-04-04,0.878918114126,0.666979603351
2003-04-07,0.88308696365,0.668070727501
2003-04-08,0.87828027478,0.667513294076
2003-04-09,0.862731809585,0.658287201556
2003-04-10,0.867998269519,0.660675023289
2003-04-11,0.864682433476,0.659525766904
2003-04-14,0.883181116087,0.672423607086
2003-04-15,0.89394242992,0.675581460496
2003-04-16,0.887960157553,0.667672389849
2003-04-17,0.903595478725,0.679858881825
2003-04-21,0.900876865748,0.675318570281
2003-04-22,0.922927610451,0.691028782213
2003-04-23,0.932646969778,0.696348187989
2003-04-24,0.921621908598,0.690502650928
2003-04-25,0.907931488797,0.680971472432
2003-04-28,0.924840221913,0.693047954439
2003-04-29,0.93101557065,0.698109957357
2003-04-30,0.929669702186,0.696082009133
2003-05-01,0.930340321351,0.6945415913
2003-05-02,0.945797478559,0.704392367981
2003-05-05,0.942903892759,0.701581604016
2003-05-06,0.953025497655,0.707712659794
2003-05-07,0.944917034208,0.705051353989
2003-05-08,0.93309999246,0.697944518118
2003-05-09,0.949515114204,0.710831675594
2003-05-12,0.962538070683,0.718321797244
2003-05-13,0.958836844264,0.71602154823
2003-05-14,0.955653368613,0.712553429608
2003-05-15,0.96405451023,0.719394436783
2003-05-16,0.96049725372,0.714759920629
2003-05-19,0.934139853026,0.697492244155
2003-05-20,0.934060838551,0.700705474569
2003-05-21,0.937143884055,0.701499426802
2003-05-22,0.944067459591,0.708905562728
2003-05-23,0.946123263528,0.708865691797
2003-05-27,0.965706353201,0.723049362736
2003-05-28,0.970785944061,0.725241582517
2003-05-29,0.965471966208,0.721980747795
2003-05-30,0.9815304572,0.733543317156
2003-06-02,0.985139632761,0.733663267112
2003-06-03,0.993047548837,0.737337953906
2003-06-04,1.00795085514,0.750215948399
2003-06-05,1.00938865514,0.752381022343
2003-06-06,1.0084647786,0.749248816046
2003-06-09,0.999537562782,0.73617154466
2003-06-10,1.00879839112,0.743483701264
2003-06-11,1.0244250477,0.751174235862
2003-06-12,1.02361930439,0.753951579299
2003-06-13,1.00849860503,0.744268784902
2003-06-16,1.02673537243,0.761520853032
2003-06-17,1.03214042236,0.763520354828
2003-06-18,1.03250995064,0.760939630306
2003-06-19,1.0239586487,0.751861752296
2003-06-20,1.02488034072,0.751134224162
2003-06-23,1.01123363674,0.737592890176
2003-06-24,1.00983783122,0.7385552167
2003-06-25,1.00517791667,0.732852442913
2003-06-26,1.0148843536,0.743230732002
2003-06-27,1.00572545906,0.737140976703
2003-06-30,1.00050215231,0.735405478471
2003-07-01,1.00645782243,0.740922299296
2003-07-02,1.01906367866,0.751447923344
2003-07-03,1.01096085183,0.746386194424
2003-07-07,1.02558916609,0.763316147999
2003-07-08,1.02582028409,0.768518796533
2003-07-09,1.02094153401,0.764199320693
2003-07-10,1.00320587509,0.750618292719
2003-07-11,1.01390424992,0.759484165379
2003-07-14,1.01465560648,0.762951342495
2003-07-15,1.00757230595,0.760034772394
2003-07-16,0.999130586549,0.757372901767
2003-07-17,0.98554621535,0.7461241261
2003-07-18,0.994279363495,0.753833133038
2003-07-21,0.976906387315,0.744480738037
2003-07-22,0.988853367563,0.75672262205
2003-07-23,0.991195248171,0.757650178946
2003-07-24,0.983580823841,0.756794777526
2003-07-25,0.995964494544,0.771334620085
2003-07-28,0.993458834084,0.773041766
2003-07-29,0.987310889359,0.768254857331
2003-07-30,0.983865923108,0.764874791328
2003-07-31,0.984943190957,0.770240122998
2003-08-01,0.97615664457,0.765421405317
2003-08-04,0.974087990616,0.763781968292
2003-08-05,0.963696721686,0.751478793936
2003-08-06,0.973180482195,0.757255104581
2003-08-07,0.98711978056,0.762961974285
2003-08-08,0.991647039075,0.767829471079
2003-08-11,0.992703956464,0.768432780551
2003-08-12,1.002140128,0.778381409752
2003-08-13,0.997549199,0.773042581827
2003-08-14,1.00187718957,0.777677099143
2003-08-15,1.00351186959,0.778829020543
2003-08-18,1.00337330357,0.7799941961
2003-08-19,1.00034714213,0.780215523645
2003-08-20,1.0039178562,0.783662823522
2003-08-21,1.00956167347,0.786692814621
2003-08-22,0.996687577851,0.774504978113
2003-08-25,1.00023028663,0.775827429161
2003-08-26,1.0019511558,0.77883924186
2003-08-27,1.00577182915,0.779062718983
2003-08-28,1.01316790799,0.782652471601
2003-08-29,1.01454446718,0.786991560685
2003-09-02,1.02637991146,0.799835599613
2003-09-03,1.02829855827,0.800906045386
2003-09-04,1.0264468997,0.801872373036
2003-09-05,1.0227000721,0.795167197531
2003-09-08,1.03325552051,0.798617105785
2003-09-09,1.0270127444,0.789140908178
2003-09-10,1.01737725026,0.781402355514
2003-09-11,1.01719137085,0.786042767219
2003-09-12,1.02068873691,0.786193783939
2003-09-15,1.01657039875,0.786843093783
2003-09-16,1.02413598721,0.79388446211
2003-09-17,1.01930213852,0.795495708431
2003-09-18,1.03274033907,0.805307314372
2003-09-19,1.0358158141,0.802685634928
2003-09-22,1.02687442114,0.792541193587
2003-09-23,1.03282484392,0.798324975828
2003-09-24,1.02429364234,0.786233308909
2003-09-25,1.02029043292,0.783727900553
2003-09-26,1.01859672939,0.778810912556
2003-09-29,1.02756483464,0.781255838012
2003-09-30,1.02465176004,0.777325752697
2003-10-01,1.03851320018,0.795656966703
2003-10-02,1.04476258258,0.797569982016
2003-10-03,1.05019567558,0.804651822776
2003-10-06,1.05344504885,0.80873630422
2003-10-07,1.05616845106,0.812898221611
2003-10-08,1.05196199526,0.809756586205
2003-10-09,1.05238901442,0.814316368453
2003-10-10,1.05383765273,0.814749734019
2003-10-13,1.06304777332,0.822858934091
2003-10-14,1.06470224104,0.827395142798
2003-10-15,1.05424485201,0.825175205554
2003-10-16,1.05991071484,0.82708167315
2003-10-17,1.0520993238,0.819041153253
2003-10-20,1.05382718304,0.818990541041
2003-10-21,1.05435533664,0.819346287648
2003-10-22,1.04446609224,0.810358557035
2003-10-23,1.04692217534,0.812191403482
2003-10-24,1.04527640798,0.811910025016
2003-10-27,1.04527843788,0.814776630458
2003-10-28,1.04984286733,0.827363273196
2003-10-29,1.04934904007,0.82849101979
2003-10-30,1.04804033915,0.829449485143
2003-10-31,1.05358835734,0.830487597091
2003-11-03,1.05669545761,0.837748818305
2003-11-04,1.05101444719,0.835454035298
2003-11-05,1.04959298685,0.834342661116
2003-11-06,1.05196669861,0.839151954615
2003-11-07,1.04602170249,0.835928265524
2003-11-10,1.04462527579,0.830333040173
2003-11-11,1.0441174623,0.827945921035
2003-11-12,1.05023574371,0.837339735657
2003-11-13,1.0454492294,0.835298780521
2003-11-14,1.03851033539,0.826565224129
2003-11-17,1.03507991577,0.822579920222
2003-11-18,1.0235899935,0.814579070558
2003-11-19,1.03225459197,0.820834842614
2003-11-20,1.02604422754,0.816197031542
2003-11-21,1.02815472831,0.819144837461
2003-11-24,1.04137326271,0.830492092067
2003-11-25,1.04602678992,0.836936034586
2003-11-26,1.05012887905,0.838470843604
2003-11-28,1.05172533359,0.838308874287
2003-12-01,1.05529441362,0.84772100391
2003-12-02,1.05483958705,0.844055323583
2003-12-03,1.05385894152,0.846027993931
2003-12-04,1.064478133,0.849843862998
2003-12-05,1.06322846365,0.844070146316
2003-12-08,1.07069587665,0.852022110538
2003-12-09,1.06821585934,0.848042288142
2003-12-10,1.06640752308,0.84339116957
2003-12-11,1.07245115422,0.849264471935
2003-12-12,1.0799632707,0.854403076635
2003-12-15,1.07236639647,0.851499820676
2003-12-16,1.082691106,0.856743005396
2003-12-17,1.08664680389,0.857130818254
2003-12-18,1.10121706052,0.863525917161
2003-12-19,1.09865916652,0.863499507185
2003-12-22,1.10094255998,0.869578958642
2003-12-23,1.09863471643,0.870804271691
2003-12-24,1.10272023436,0.8687492357
2003-12-26,1.10559355628,0.871280220064
2003-12-29,1.11538871911,0.881818864947
2003-12-30,1.11771209063,0.881032324215
2003-12-31,1.11871645426,0.881461189491
2004-01-02,1.11439805186,0.875547344121
2004-01-05,1.12522688296,0.885586798093
2004-01-06,1.12389167978,0.887068379915
2004-01-07,1.12216056627,0.884083639995
2004-01-08,1.12440226988,0.883589664074
2004-01-09,1.12369126298,0.881688148243
2004-01-12,1.1261976819,0.883237938499
2004-01-13,1.12272507521,0.882469679354
2004-01-14,1.12915979202,0.885149399817
2004-01-15,1.12471700124,0.881281496292
2004-01-16,1.12877551419,0.883901245662
2004-01-20,1.14040243459,0.888219743518
2004-01-21,1.15492685885,0.894887847226
2004-01-22,1.1544748575,0.89479186761
2004-01-23,1.15264328311,0.898947253612
2004-01-26,1.15799113867,0.904157812461
2004-01-27,1.15326008235,0.89997360199
2004-01-28,1.14228967673,0.885540446879
2004-01-29,1.14822689026,0.89126668889
2004-01-30,1.14421091782,0.886591294743
2004-02-02,1.14637812385,0.888661520107
2004-02-03,1.14867678728,0.88738814803
2004-02-04,1.13654454412,0.886678211917
2004-02-05,1.13078140097,0.88823758696
2004-02-06,1.14298112933,0.895657913521
2004-02-09,1.14825794818,0.899998849764
2004-02-10,1.15778959128,0.907753144156
2004-02-11,1.16861180344,0.914460771276
2004-02-12,1.16804167704,0.914425552317
2004-02-13,1.16582897704,0.908761195842
2004-02-17,1.17498393034,0.917974318873
2004-02-18,1.17000147679,0.912523831475
2004-02-19,1.16688301325,0.913984719943
2004-02-20,1.16198895968,0.914040887227
2004-02-23,1.16654397158,0.916024357078
2004-02-24,1.16355064772,0.915220349573
2004-02-25,1.17101334591,0.919245324581
2004-02-26,1.17533773102,0.922188296037
2004-02-27,1.18233901696,0.925345485578
2004-03-01,1.19430353226,0.936405824816
2004-03-02,1.18940959819,0.930461326108
2004-03-03,1.1919993267,0.933653392808
2004-03-04,1.1974410478,0.935635256267
2004-03-05,1.20682773084,0.939589936341
2004-03-08,1.19800266037,0.934794096378
2004-03-09,1.19047349008,0.929179201725
2004-03-10,1.17472740632,0.91982156005
2004-03-11,1.15548904366,0.902433187002
2004-03-12,1.17099341086,0.90797990085
2004-03-15,1.15649380827,0.89633425433
2004-03-16,1.16716099781,0.901576265324
2004-03-17,1.18330585684,0.909164385222
2004-03-18,1.18065247842,0.907956574879
2004-03-19,1.17177764764,0.900848584441
2004-03-22,1.15617382541,0.888463869677
2004-03-23,1.15513329843,0.888339703472
2004-03-24,1.15489014887,0.889009239035
2004-03-25,1.16622316164,0.900018276263
2004-03-26,1.16690268148,0.899173513503
2004-03-29,1.17788072248,0.90960871167
2004-03-30,1.18499240144,0.913125336233
2004-03-31,1.18428275463,0.914430950698
2004-04-01,1.19088944007,0.916361244174
2004-04-02,1.19220794784,0.924156859614
2004-04-05,1.19902569617,0.932444475611
2004-04-06,1.19760409001,0.930760480634
2004-04-07,1.19062271965,0.927042951614
2004-04-08,1.18686361392,0.925737705958
2004-04-12,1.18637633723,0.93675583831
2004-04-13,1.16740412179,0.925533980855
2004-04-14,1.16729884045,0.928828685348
2004-04-15,1.17451859045,0.938429682784
2004-04-16,1.1829924458,0.946162089303
2004-04-19,1.17817041151,0.944298931597
2004-04-20,1.16000850243,0.930582927988
2004-04-21,1.16754600126,0.933561063305
2004-04-22,1.18161709829,0.948439093147
2004-04-23,1.17859061582,0.943754118434
2004-04-26,1.17668916828,0.941331455467
2004-04-27,1.1798561074,0.951290546289
2004-04-28,1.17101544739,0.940178468421
2004-04-29,1.16128856982,0.928552635731
2004-04-30,1.1610620848,0.927716625608
2004-05-03,1.17106151497,0.940256970103
2004-05-04,1.17754856548,0.941164350617
2004-05-05,1.17306523087,0.941856205733
2004-05-06,1.16621948494,0.94018318979
2004-05-07,1.13222592316,0.920987187445
2004-05-10,1.12310079864,0.903869257535
2004-05-11,1.12871644548,0.908500810475
2004-05-12,1.1320332426,0.911184104158
2004-05-13,1.13718794908,0.911165192491
2004-05-14,1.13805663846,0.915761103926
2004-05-17,1.12191383278,0.911649717204
2004-05-18,1.13498187466,0.909573120192
2004-05-19,1.13337382266,0.903091195392
2004-05-20,1.13764576928,0.90385333157
2004-05-21,1.14354978146,0.902616391557
2004-05-24,1.1530112045,0.91203303915
2004-05-25,1.17300537143,0.925555520265
2004-05-26,1.17660946873,0.924727216318
2004-05-27,1.1853186196,0.926733083214
2004-05-28,1.18673958873,0.928841022788
2004-06-01,1.18338967021,0.933938665622
2004-06-02,1.18759994354,0.938109447359
2004-06-03,1.17450755255,0.932215221635
2004-06-04,1.18300514452,0.932997419917
2004-06-07,1.20220653089,0.947204759605
2004-06-08,1.20333613347,0.946956059866
2004-06-09,1.19155262593,0.937991523154
2004-06-10,1.19696809356,0.944201095243
2004-06-14,1.18074969127,0.937885951454
2004-06-15,1.18865971996,0.945604306802
2004-06-16,1.18988104772,0.952600748251
2004-06-17,1.19270135352,0.955708501968
2004-06-18,1.19852910466,0.958259592355
2004-06-21,1.19434939407,0.954145254072
2004-06-22,1.19594085988,0.958007740749
2004-06-23,1.20500563977,0.969930372443
2004-06-24,1.20565557122,0.967370224226
2004-06-25,1.20497389375,0.962317805843
2004-06-28,1.20254920013,0.953718066372
2004-06-29,1.2034572746,0.959632450759
2004-06-30,1.2088245912,0.965305783803
2004-07-01,1.1962114658,0.956405406733
2004-07-02,1.19275366819,0.954697236786
2004-07-06,1.18437495693,0.952501035761
2004-07-07,1.18693915703,0.954246578884
2004-07-08,1.17532641424,0.950080756695
2004-07-09,1.1789983709,0.953758119099
2004-07-12,1.18214293011,0.951013732302
2004-07-13,1.18545070319,0.953421495911
2004-07-14,1.18197528637,0.957864221364
2004-07-15,1.17717803563,0.958077815494
2004-07-16,1.17391632608,0.958029119042
2004-07-19,1.17113704581,0.954079822794
2004-07-20,1.17681002402,0.956257757302
2004-07-21,1.16187072642,0.942721514198
2004-07-22,1.1612590583,0.943294638208
2004-07-23,1.15503793625,0.938708195055
2004-07-26,1.14854541522,0.931791398516
2004-07-27,1.16476437488,0.939459678671
2004-07-28,1.16786729738,0.94286384157
2004-07-29,1.17661053794,0.946904580287
2004-07-30,1.17567110806,0.948830405567
2004-08-02,1.18276165327,0.949565000936
2004-08-03,1.17249426993,0.951349181251
2004-08-04,1.17201301747,0.943269441944
2004-08-05,1.15035660933,0.926329162446
2004-08-06,1.13456805021,0.909570736555
2004-08-09,1.13602870172,0.91370807099
2004-08-10,1.15302988834,0.922117022
2004-08-11,1.15009833584,0.925364557199
2004-08-12,1.13564235039,0.915181857013
2004-08-13,1.13561680905,0.915917239487
2004-08-16,1.16086975606,0.927590288374
2004-08-17,1.17010208653,0.92077061491
2004-08-18,1.18165846515,0.933703091452
2004-08-19,1.17877265615,0.929852246561
2004-08-20,1.18945812251,0.938660132236
2004-08-23,1.18270194566,0.934080996005
2004-08-24,1.18548085233,0.933745002337
2004-08-25,1.19628834286,0.942158305357
2004-08-26,1.19923643632,0.943981850437
2004-08-27,1.2001061892,0.948122752876
2004-08-30,1.19118929128,0.941005455852
2004-08-31,1.19423097275,0.949306936319
2004-09-01,1.1952207714,0.955884070759
2004-09-02,1.2116503997,0.965215119998
2004-09-03,1.21214709737,0.96514266727
2004-09-07,1.21847111697,0.970786376215
2004-09-08,1.20826127928,0.967888219944
2004-09-09,1.20530969336,0.970866841443
2004-09-10,1.20604703714,0.970221134854
2004-09-13,1.20726403643,0.971913200147
2004-09-14,1.20882540973,0.976310008727
2004-09-15,1.20090866988,0.97271755364
2004-09-16,1.202892665,0.975251222451
2004-09-17,1.20387881884,0.982512159616
2004-09-20,1.19455926449,0.975696467428
2004-09-21,1.19806698464,0.988258602746
2004-09-22,1.18607680342,0.976185317287
2004-09-23,1.18550504526,0.967533314748
2004-09-24,1.18977051733,0.973462105843
2004-09-27,1.18482849553,0.969865237664
2004-09-28,1.19627431197,0.979278442379
2004-09-29,1.20073631406,0.977174632728
2004-09-30,1.20917614808,0.972396881222
2004-10-01,1.22006357956,0.985243534743
2004-10-04,1.22536917759,0.985999944126
2004-10-05,1.22201819057,0.987136192846
2004-10-06,1.23376456581,0.996337886116
2004-10-07,1.22439388879,0.982517978489
2004-10-08,1.21742096568,0.975856924466
2004-10-11,1.22009043079,0.975472749079
2004-10-12,1.21437460682,0.970993059303
2004-10-13,1.2013145943,0.956977702997
2004-10-14,1.18726724036,0.956056739834
2004-10-15,1.19433225404,0.960181357694
2004-10-18,1.19782338273,0.959675952454
2004-10-19,1.17924733495,0.950697714887
2004-10-20,1.17773398245,0.956716626479
2004-10-21,1.18384700046,0.957229495257
2004-10-22,1.17576707644,0.951467683004
2004-10-25,1.17905784657,0.950050440876
2004-10-26,1.19814179629,0.964221851741
2004-10-27,1.21554726796,0.97117634369
2004-10-28,1.21483380716,0.964179530824
2004-10-29,1.2206069463,0.971016337138
2004-11-01,1.22356642046,0.966828903145
2004-11-02,1.22595645106,0.958409724003
2004-11-03,1.23753133118,0.978164609833
2004-11-04,1.26541152498,0.990687259782
2004-11-05,1.26822572117,0.994011934141
2004-11-08,1.26705632732,0.997956914532
2004-11-09,1.27077206739,0.999426951454
2004-11-10,1.27232223243,0.999389072585
2004-11-11,1.28277330933,1.00857417802
2004-11-12,1.29026965437,1.01428490087
2004-11-15,1.2901743904,1.01409032363
2004-11-16,1.28127053671,1.00962296972
2004-11-17,1.28592476953,1.00917313319
2004-11-18,1.28608624081,1.01015397175
2004-11-19,1.27301265036,1.00074658735
2004-11-22,1.28331690214,1.00734191622
2004-11-23,1.28128400026,1.00781071788
2004-11-24,1.28698165372,1.01140563214
2004-11-26,1.29159530246,1.0147085109
2004-11-29,1.28409856994,1.0087453167
2004-11-30,1.27869282065,1.00703405647
2004-12-01,1.29615210302,1.01502862446
2004-12-02,1.29529478145,1.01065564954
2004-12-03,1.29285798802,1.01562285733
2004-12-06,1.28807973711,1.01829854926
2004-12-07,1.27492116442,1.00837304009
2004-12-08,1.27936872603,1.00718906073
2004-12-09,1.29035727199,1.00923027759
2004-12-10,1.29047208057,1.00993765549
2004-12-13,1.2990291297,1.02257719554
2004-12-14,1.30486557261,1.02510856223
2004-12-15,1.31105885177,1.0271623436
2004-12-16,1.30582218371,1.02389836699
2004-12-17,1.29999667368,1.02278582465
2004-12-20,1.30143480716,1.0229550267
2004-12-21,1.31229740969,1.03216961865
2004-12-22,1.31719606184,1.03466548304
2004-12-23,1.31650239626,1.03578442818
2004-12-27,1.31535031714,1.02945315069
2004-12-28,1.32568615793,1.03397104824
2004-12-29,1.32525305,1.034097582
2004-12-30,1.32542946482,1.03460374029
2004-12-31,1.32138085589,1.03099392401
2005-01-03,1.3140925225,1.02110541983
2005-01-04,1.29956351306,1.00821437328
2005-01-05,1.28970791589,0.999439030459
2005-01-06,1.29237470649,1.00129941222
2005-01-07,1.29508160462,1.00040282641
2005-01-10,1.30129784104,1.00334947966
2005-01-11,1.29218652291,0.997560691657
2005-01-12,1.29884132955,1.00078054638
2005-01-13,1.29123398391,0.995930579412
2005-01-14,1.30171760161,1.00196029444
2005-01-18,1.31153320187,1.0098312632
2005-01-19,1.30342421228,0.998702643797
2005-01-20,1.29291725986,0.992329660967
2005-01-21,1.2858360224,0.986592872825
2005-01-24,1.2740516963,0.985963685012
2005-01-25,1.27911668197,0.987567858996
2005-01-26,1.28173032256,0.996428834392
2005-01-27,1.28555519235,0.99871823084
2005-01-28,1.28329985015,0.998757448921
2005-01-31,1.29414546928,1.00930083325
2005-02-01,1.29784926362,1.01424532802
2005-02-02,1.30583394462,1.01571310169
2005-02-03,1.30055662757,1.01289705912
2005-02-04,1.31303553864,1.02597056132
2005-02-07,1.3123900065,1.0245857622
2005-02-08,1.31122638565,1.02693672275
2005-02-09,1.30008747642,1.01812914963
2005-02-10,1.30699783541,1.02016568974
2005-02-11,1.31734663007,1.02629483505
2005-02-14,1.31726184618,1.02947996622
2005-02-15,1.32138798326,1.0313602866
2005-02-16,1.32514698279,1.02877272947
2005-02-17,1.31686213911,1.01947296309
2005-02-18,1.31678295631,1.0115542899
2005-02-22,1.29714797763,0.996623109021
2005-02-23,1.30897616903,1.00040568803
2005-02-24,1.31649931884,1.00631949513
2005-02-25,1.32942530315,1.0184851116
2005-02-28,1.31987761139,1.01186379139
2005-03-01,1.32769734659,1.0197599874
2005-03-02,1.32554897522,1.01938695145
2005-03-03,1.32761343831,1.02134640244
2005-03-04,1.34743940699,1.0357943276
2005-03-07,1.34153685544,1.03990834684
2005-03-08,1.33598433418,1.03678543924
2005-03-09,1.32883014526,1.02263220469
2005-03-10,1.32486619453,1.02755471757
2005-03-11,1.3236577731,1.02220034602
2005-03-14,1.32548446993,1.03115234761
2005-03-15,1.32123787947,1.02548071615
2005-03-16,1.30797831577,1.01493386943
2005-03-17,1.31499280661,1.01589913794
2005-03-18,1.31103270975,1.01362197593
2005-03-21,1.3039207241,1.0116517457
2005-03-22,1.29638487528,0.996777716089
2005-03-23,1.29350579316,0.993701434008
2005-03-24,1.29396897098,0.997301167925
2005-03-28,1.29492199412,0.999836276605
2005-03-29,1.27894068083,0.988898484446
2005-03-30,1.29865681207,1.00464283686
2005-03-31,1.29789487297,1.00521967574
2005-04-01,1.28863049055,0.998373089094
2005-04-04,1.29157648405,1.00132923754
2005-04-05,1.29686340489,1.0059593754
2005-04-06,1.30079086856,1.00691184343
2005-04-07,1.31020622631,1.01249663336
2005-04-08,1.29786036808,1.00335388702
2005-04-11,1.29848225418,1.00290856088
2005-04-12,1.30573225525,1.01332968702
2005-04-13,1.28536063879,0.997428142093
2005-04-14,1.2679387364,0.984104652346
2005-04-15,1.24919275487,0.967559867237
2005-04-18,1.25618040529,0.971894301897
2005-04-19,1.26278113934,0.974209757
2005-04-20,1.24523415449,0.961477198725
2005-04-21,1.2622760952,0.979669600379
2005-04-22,1.25282396224,0.970117992243
2005-04-25,1.26671462138,0.980974634285
2005-04-26,1.25334314494,0.97265180394
2005-04-27,1.25697657489,0.97813332216
2005-04-28,1.2481364021,0.966262795336
2005-04-29,1.26557689498,0.975835208103
2005-05-02,1.27311774705,0.98004036364
2005-05-03,1.27811825982,0.979312769908
2005-05-04,1.29569090611,0.996395748518
2005-05-05,1.29046187006,0.991255275085
2005-05-06,1.2867237213,0.99017853609
2005-05-09,1.29243266945,0.997143883832
2005-05-10,1.27791045942,0.984828960062
2005-05-11,1.28177575939,0.98854079912
2005-05-12,1.2641516914,0.980226385406
2005-05-13,1.24861720993,0.975489999737
2005-05-16,1.26193152635,0.989844865929
2005-05-17,1.27254020081,0.996949985392
2005-05-18,1.29218808635,1.01242667242
2005-05-19,1.29311977905,1.01593523114
2005-05-20,1.28941349179,1.01453865873
2005-05-23,1.29405421268,1.01952221565
2005-05-24,1.29047374067,1.01686168157
2005-05-25,1.28314783038,1.01178781838
2005-05-26,1.28950196248,1.01818253911
2005-05-27,1.29030424904,1.01853372174
2005-05-31,1.28507521102,1.0158182034
2005-06-01,1.29776043473,1.02113197987
2005-06-02,1.29631595878,1.02195702599
2005-06-03,1.28969629486,1.01618990604
2005-06-06,1.28968131467,1.01773535351
2005-06-07,1.29365026893,1.01947595876
2005-06-08,1.28992806384,1.01613751365
2005-06-09,1.2895942433,1.01862404491
2005-06-10,1.29173443197,1.0171374107
2005-06-13,1.29596520556,1.01821190643
2005-06-14,1.29716655443,1.02194815114
2005-06-15,1.30251143218,1.0230918584
2005-06-16,1.3080139743,1.02587796424
2005-06-17,1.31161690606,1.03186120727
2005-06-20,1.30578320714,1.03001831057
2005-06-21,1.30417123484,1.03138823606
2005-06-22,1.30348992212,1.02913521469
2005-06-23,1.28382808727,1.01307261684
2005-06-24,1.27406107196,1.00737124522
2005-06-27,1.27246626226,1.0052617354
2005-06-28,1.28769730209,1.018281724
2005-06-29,1.28680413972,1.01571178034
2005-06-30,1.27352766759,1.00962151937
2005-07-01,1.27470879581,1.01157372364
2005-07-05,1.28223381824,1.02543854045
2005-07-06,1.27285006965,1.01291570921
2005-07-07,1.27433881807,1.01878056668
2005-07-08,1.29482103498,1.02574275413
2005-07-11,1.30552168873,1.03032352609
2005-07-12,1.30764173173,1.03161010941
2005-07-13,1.30674299987,1.03212182067
2005-07-14,1.31211661796,1.02861378366
2005-07-15,1.31295751583,1.02728959805
2005-07-18,1.31035817323,1.02153598788
2005-07-19,1.31937914326,1.03147893754
2005-07-20,1.32962937315,1.03711059569
2005-07-21,1.32472609798,1.03011248757
2005-07-22,1.33104712921,1.04514074197
2005-07-25,1.32230679072,1.04451739553
2005-07-26,1.32189413172,1.04587422523
2005-07-27,1.32887461551,1.04948474768
2005-07-28,1.34213619086,1.05349679463
2005-07-29,1.33363801202,1.04418422273
2005-08-01,1.32888905499,1.0473093647
2005-08-02,1.34150664929,1.0591630905
2005-08-03,1.34726422154,1.06020828897
2005-08-04,1.33444746748,1.05516956467
2005-08-05,1.32821971736,1.0476893381
2005-08-08,1.32388567894,1.04855211421
2005-08-09,1.33080679463,1.05262209229
2005-08-10,1.32639902862,1.0540999415
2005-08-11,1.33463252923,1.06151936623
2005-08-12,1.32396230593,1.05529135417
2005-08-15,1.32805103283,1.05519157976
2005-08-16,1.31077903625,1.04163228338
2005-08-17,1.31390938824,1.03730364216
2005-08-18,1.31216454365,1.03402366073
2005-08-19,1.3129488482,1.04081757601
2005-08-22,1.31527316927,1.04328477805
2005-08-23,1.30677524416,1.04024964084
2005-08-24,1.29601794919,1.03746774585
2005-08-25,1.2971078174,1.03843936208
2005-08-26,1.29232213058,1.02967133415
2005-08-29,1.30094249288,1.03750526369
2005-08-30,1.2946261483,1.04100454322
2005-08-31,1.30249794242,1.05654792591
2005-09-01,1.30168066528,1.06575018281
2005-09-02,1.30225014938,1.05901748659
2005-09-06,1.31403086815,1.06977002236
2005-09-07,1.31735130057,1.07175429591
2005-09-08,1.30947705078,1.07105064675
2005-09-09,1.3210619068,1.08258985421
2005-09-12,1.32271286855,1.07833605966
2005-09-13,1.31002542418,1.07411199436
2005-09-14,1.31035528231,1.07197529842
2005-09-15,1.3148661492,1.07064238567
2005-09-16,1.32312871546,1.07884663156
2005-09-19,1.31598335828,1.08059532556
2005-09-20,1.30495289683,1.07332750965
2005-09-21,1.28705303936,1.07299777474
2005-09-22,1.29042193128,1.07306424922
2005-09-23,1.29255606015,1.06943537797
2005-09-26,1.29414413434,1.07502421897
2005-09-27,1.29881902836,1.07602668164
2005-09-28,1.30516067756,1.08138422989
2005-09-29,1.31585516303,1.08936571667
2005-09-30,1.32181511703,1.08761210592
2005-10-03,1.32453029334,1.08396988038
2005-10-04,1.31012948453,1.06439878418
2005-10-05,1.28449344142,1.04155404095
2005-10-06,1.27418124369,1.03201751131
2005-10-07,1.28163053853,1.04337428072
2005-10-10,1.27044838321,1.03311596534
2005-10-11,1.27184149713,1.03648812041
2005-10-12,1.25914142581,1.02775745394
2005-10-13,1.24878173875,1.02072173229
2005-10-14,1.25724898686,1.0298305071
2005-10-17,1.26963797089,1.03425727288
2005-10-18,1.25514005171,1.01571164482
2005-10-19,1.26428319191,1.03182749721
2005-10-20,1.24743870804,1.01000331075
2005-10-21,1.2561254003,1.01284300021
2005-10-24,1.27989032939,1.03383757901
2005-10-25,1.27856861231,1.0376142084
2005-10-26,1.27584839969,1.03165752306
2005-10-27,1.26260946527,1.01546760148
2005-10-28,1.28468249482,1.0330614067
2005-10-31,1.29287897821,1.04137383787
2005-11-01,1.28337674388,1.04127464996
2005-11-02,1.29442382808,1.04870441279
2005-11-03,1.298691066,1.05563942108
2005-11-04,1.29977563719,1.05923881354
2005-11-07,1.30386451632,1.06189586995
2005-11-08,1.30060871724,1.05903932488
2005-11-09,1.30046704511,1.05986199624
2005-11-10,1.31529295621,1.07207680214
2005-11-11,1.3229331541,1.07374513791
2005-11-14,1.32601410297,1.07238320614
2005-11-15,1.32107925059,1.07290676241
2005-11-16,1.32464579545,1.07486990256
2005-11-17,1.33527780193,1.08435670839
2005-11-18,1.34014828315,1.09163665399
2005-11-21,1.343435022,1.09426155699
2005-11-22,1.35073676393,1.0955206053
2005-11-23,1.35415326434,1.09894937987
2005-11-25,1.35841428717,1.10054630336
2005-11-28,1.35345495229,1.09341296182
2005-11-29,1.35726097534,1.09457658056
2005-11-30,1.34885986952,1.09050777291
2005-12-01,1.36771245569,1.10376546556
2005-12-02,1.36514595896,1.10334655209
2005-12-05,1.36233333592,1.10025424013
2005-12-06,1.36588200747,1.10154848645
2005-12-07,1.36268644769,1.09668074758
2005-12-08,1.3578490555,1.09369312425
2005-12-09,1.35907267251,1.09746883254
2005-12-12,1.36128207627,1.09870416119
2005-12-13,1.36951989029,1.10190881023
2005-12-14,1.37145169898,1.10659849522
2005-12-15,1.36795362061,1.10673991779
2005-12-16,1.36516556984,1.10766313755
2005-12-19,1.35684620415,1.10301268499
2005-12-20,1.35078375537,1.10142549392
2005-12-21,1.36122136266,1.1048116085
2005-12-22,1.36840215321,1.11177959395
2005-12-23,1.36982393693,1.11362541879
2005-12-27,1.36007438312,1.10425296338
2005-12-28,1.36356631932,1.10399431566
2005-12-29,1.3591396541,1.10055422914
2005-12-30,1.34857600483,1.09373061047
2006-01-03,1.36930006299,1.10731775211
2006-01-04,1.37821133477,1.11291674287
2006-01-05,1.37399954853,1.11440076643
2006-01-06,1.38380323807,1.1247103891
2006-01-09,1.38792941987,1.13275970891
2006-01-10,1.38210320515,1.13147483799
2006-01-11,1.37781222802,1.13724687114
2006-01-12,1.36987024979,1.12901261305
2006-01-13,1.37003514374,1.12766745212
2006-01-17,1.36744606517,1.11997624403
2006-01-18,1.36567533152,1.11470935159
2006-01-19,1.37320534532,1.12254691031
2006-01-20,1.35009557238,1.09824701616
2006-01-23,1.35625311152,1.09687076618
2006-01-24,1.36069744228,1.10445778306
2006-01-25,1.36273275548,1.10421172654
2006-01-26,1.37144245803,1.11228720738
2006-01-27,1.38364912317,1.11893838996
2006-01-30,1.38109314506,1.1200731749
2006-01-31,1.37954706282,1.11351294737
2006-02-01,1.38441901468,1.11976966186
2006-02-02,1.37103683756,1.10773235423
2006-02-03,1.36083274545,1.10095182802
2006-02-06,1.36669061063,1.10837457312
2006-02-07,1.35121301204,1.08905994195
2006-02-08,1.36261773706,1.09793013839
2006-02-09,1.36332534265,1.09017080231
2006-02-10,1.36547375138,1.09429745929
2006-02-13,1.35613980862,1.0899392426
2006-02-14,1.37990840382,1.09547130967
2006-02-15,1.38338673629,1.09673305584
2006-02-16,1.39574827658,1.10905004853
2006-02-17,1.39079165884,1.11038163918
2006-02-21,1.38524833647,1.1116286429
2006-02-22,1.39321750882,1.11081406216
2006-02-23,1.38875890663,1.10723485351
2006-02-24,1.38790889027,1.11195151739
2006-02-27,1.39174062597,1.1116867648
2006-02-28,1.3743186194,1.10054256157
2006-03-01,1.39171494367,1.11651130282
2006-03-02,1.39110059081,1.11564478623
2006-03-03,1.39085738663,1.11310423891
2006-03-06,1.38053728267,1.10771061092
2006-03-07,1.37940961352,1.10569246654
2006-03-08,1.38485894555,1.10741742312
2006-03-09,1.38319307819,1.10351337591
2006-03-10,1.39731503256,1.11043544487
2006-03-13,1.39845242211,1.11132796128
2006-03-14,1.409084821,1.12169602063
2006-03-15,1.41447508485,1.13082781358
2006-03-16,1.41678178976,1.12869536173
2006-03-17,1.41698635311,1.1336790869
2006-03-20,1.41957404341,1.13435751586
2006-03-21,1.40660688529,1.1290622636
2006-03-22,1.42054938668,1.13586995573
2006-03-23,1.4157504421,1.13136431813
2006-03-24,1.41473957341,1.13162835765
2006-03-27,1.41283487407,1.1296066453
2006-03-28,1.40080076283,1.11921175733
2006-03-29,1.41342642014,1.12968502163
2006-03-30,1.41059022436,1.13017633443
2006-03-31,1.40165610369,1.12580486227
2006-04-03,1.40884700369,1.12912487981
2006-04-04,1.4097550862,1.13349983276
2006-04-05,1.41572990617,1.13575506731
2006-04-06,1.41142238715,1.13203648903
2006-04-07,1.39436133843,1.12128084922
2006-04-10,1.39393094256,1.11873573118
2006-04-11,1.38113054085,1.1106854853
2006-04-12,1.38895743109,1.11638669692
2006-04-13,1.38957320983,1.1145161477
2006-04-17,1.38850855972,1.10645408656
2006-04-18,1.41018195924,1.12629301809
2006-04-19,1.41142969307,1.12627645401
2006-04-20,1.41174902831,1.13135422463
2006-04-21,1.41559577359,1.12691774931
2006-04-24,1.41409506852,1.12632887973
2006-04-25,1.40786185779,1.11937291934
2006-04-26,1.41208127216,1.12283345943
2006-04-27,1.40042736916,1.12244125021
2006-04-28,1.40832338732,1.11737202108
2006-05-01,1.40637421427,1.11140759532
2006-05-02,1.42146108782,1.12625820702
2006-05-03,1.41966849741,1.12060666542
2006-05-04,1.42598132832,1.1271143755
2006-05-05,1.44677543437,1.13783384601
2006-05-08,1.44284237229,1.13728253897
2006-05-09,1.44280208122,1.14204200678
2006-05-10,1.44699862385,1.14587414232
2006-05-11,1.42794020782,1.13376260995
2006-05-12,1.40759696455,1.10694667064
2006-05-15,1.40772668417,1.09462911456
2006-05-16,1.40518963281,1.09590758723
2006-05-17,1.37603045883,1.06925740209
2006-05-18,1.36708568112,1.0583154948
2006-05-19,1.37520500335,1.06315367988
2006-05-22,1.36797740569,1.05273642755
2006-05-23,1.36005955979,1.05185736597
2006-05-24,1.3600553202,1.04514633882
2006-05-25,1.37601059471,1.06540427376
2006-05-26,1.39244108644,1.07451858613
2006-05-30,1.37003010538,1.05580086317
2006-05-31,1.38611620541,1.07074420181
2006-06-01,1.40065994528,1.07892475288
2006-06-02,1.40961736576,1.09207694792
2006-06-05,1.38062942804,1.06537689237
2006-06-06,1.37637970567,1.06273734182
2006-06-07,1.36971396644,1.0398682582
2006-06-08,1.36988329961,1.04477002691
2006-06-09,1.3626931704,1.04253334174
2006-06-12,1.34601026311,1.03103154172
2006-06-13,1.32857270878,1.01114624143
2006-06-14,1.33225063369,1.0211065621
2006-06-15,1.36211621374,1.05030888064
2006-06-16,1.35599212495,1.04710643528
2006-06-19,1.34054232017,1.02238653248
2006-06-20,1.34202572004,1.0231819134
2006-06-21,1.35856103809,1.03836396269
2006-06-22,1.35195335151,1.03676623923
2006-06-23,1.35318754908,1.04774419208
2006-06-26,1.35679102641,1.05403665619
2006-06-27,1.34202667795,1.0489867787
2006-06-28,1.34559819998,1.05692011989
2006-06-29,1.38067076023,1.08535730181
2006-06-30,1.38415050712,1.08961337802
2006-07-03,1.39549247647,1.10148813539
2006-07-05,1.38118738501,1.09112657594
2006-07-06,1.38245801146,1.08999813204
2006-07-07,1.37312490207,1.08818759793
2006-07-10,1.37795477482,1.09358505721
2006-07-11,1.37710677864,1.09605639927
2006-07-12,1.36203066942,1.08806657937
2006-07-13,1.33382639514,1.07093317649
2006-07-14,1.32699112562,1.07003970732
2006-07-17,1.3250327891,1.06709028169
2006-07-18,1.32524666637,1.06990782195
2006-07-19,1.35769587519,1.09422606598
2006-07-20,1.33754545315,1.08383194947
2006-07-21,1.32522377287,1.07818981977
2006-07-24,1.3470985941,1.09147608084
2006-07-25,1.35900133641,1.09926101843
2006-07-26,1.35228286996,1.09937012818
2006-07-27,1.33886928964,1.08651499312
2006-07-28,1.36041683347,1.10182725244
2006-07-31,1.36184597012,1.10104892693
2006-08-01,1.35265299723,1.1018030562
2006-08-02,1.36434768413,1.10802133697
2006-08-03,1.37187616145,1.11003421771
2006-08-04,1.37076705115,1.10912346208
2006-08-07,1.37103008848,1.10585342857
2006-08-08,1.35824192879,1.1026571242
2006-08-09,1.34714761958,1.09878052569
2006-08-10,1.35657450125,1.10098514708
2006-08-11,1.34991766542,1.0948199623
2006-08-14,1.35055658806,1.09677232047
2006-08-15,1.37398230248,1.11304426419
2006-08-16,1.38918669329,1.11820886024
2006-08-17,1.39056834636,1.1166086882
2006-08-18,1.39111107139,1.12123884829
2006-08-21,1.38425795883,1.12054169544
2006-08-22,1.3850223941,1.1227951326
2006-08-23,1.37883109005,1.11722316122
2006-08-24,1.37426016467,1.11695305621
2006-08-25,1.37327071262,1.11614709837
2006-08-28,1.38062198124,1.12124749904
2006-08-29,1.38400415717,1.12156763508
2006-08-30,1.38580035647,1.12087161203
2006-08-31,1.38996385791,1.12686654191
2006-09-01,1.39927494501,1.13167689148
2006-09-05,1.40157602191,1.12817664235
2006-09-06,1.392551544,1.12070684218
2006-09-07,1.38046731983,1.11440149793
2006-09-08,1.38852826853,1.11878241657
2006-09-11,1.37946094062,1.10992354184
2006-09-12,1.39603629668,1.11653871262
2006-09-13,1.40171242668,1.11907487275
2006-09-14,1.40081088719,1.11592782604
2006-09-15,1.40262503086,1.1163492463
2006-09-18,1.40746181606,1.11962066299
2006-09-19,1.40318106316,1.11624446985
2006-09-20,1.41218040732,1.12037336515
2006-09-21,1.40175995778,1.11411564872
2006-09-22,1.39918150515,1.11091423491
2006-09-25,1.40840247448,1.11954633694
2006-09-26,1.42052341544,1.12665233122
2006-09-27,1.41854188255,1.13199646604
2006-09-28,1.42068109351,1.13116657485
2006-09-29,1.41676205439,1.12541352838
2006-10-02,1.41334607143,1.12629462956
2006-10-03,1.42237006614,1.11518330957
2006-10-04,1.43928314945,1.12534683151
2006-10-05,1.44140517406,1.13117483142
2006-10-06,1.43692594315,1.12796761321
2006-10-09,1.43785462988,1.12122906372
2006-10-10,1.43656005907,1.12926931016
2006-10-11,1.43533074975,1.12406460909
2006-10-12,1.44486326134,1.13489829516
2006-10-13,1.44393852119,1.13927244617
2006-10-16,1.44530164249,1.15072850899
2006-10-17,1.44390959967,1.14913414645
2006-10-18,1.44914502219,1.15490969465
2006-10-19,1.44445222768,1.16406087466
2006-10-20,1.44550538171,1.16431564529
2006-10-23,1.45246306243,1.1664884781
2006-10-24,1.45103841063,1.17267098396
2006-10-25,1.45065178031,1.18138320434
2006-10-26,1.45577655281,1.18018401249
2006-10-27,1.44657305517,1.17389748828
2006-10-30,1.44554643429,1.16434057275
2006-10-31,1.44160263618,1.16723668809
2006-11-01,1.43229739209,1.16246933376
2006-11-02,1.43302391715,1.16036739007
2006-11-03,1.42694774293,1.15557677267
2006-11-06,1.44410303158,1.16313803773
2006-11-07,1.45023567056,1.16693656849
2006-11-08,1.44723235591,1.16506545709
2006-11-09,1.43116197813,1.1556453226
2006-11-10,1.43736788626,1.16015784936
2006-11-13,1.43833912676,1.16415716551
2006-11-14,1.45038712154,1.1711827447
2006-11-15,1.45383061123,1.17261797741
2006-11-16,1.46383069459,1.17718956801
2006-11-17,1.46070890409,1.17947263134
2006-11-20,1.46073218874,1.17724376264
2006-11-21,1.46061945845,1.17713345163
2006-11-22,1.46320679642,1.181877465
2006-11-24,1.45615826271,1.18089233739
2006-11-27,1.43827538046,1.16447960868
2006-11-28,1.43984104115,1.17013976194
2006-11-29,1.4495081179,1.18023036469
2006-11-30,1.45138685265,1.18543184509
2006-12-01,1.44649342937,1.18066987115
2006-12-04,1.46736026506,1.18397220558
2006-12-05,1.47439876596,1.18876793237
2006-12-06,1.47370085969,1.18667144915
2006-12-07,1.47458749653,1.18600239389
2006-12-08,1.47827727001,1.18727951466
2006-12-11,1.48013489888,1.18566276504
2006-12-12,1.47385488115,1.18215473474
2006-12-13,1.47712612455,1.18765967889
2006-12-14,1.48683940209,1.19832411426
2006-12-15,1.49258968131,1.19900636061
2006-12-18,1.48962177414,1.18427136042
2006-12-19,1.49323997249,1.19583710777
2006-12-20,1.49287712858,1.18879641154
2006-12-21,1.48497855015,1.18109346436
2006-12-22,1.47946632241,1.17354681932
2006-12-26,1.49009633942,1.17767737813
2006-12-27,1.50013969306,1.18796070745
2006-12-28,1.49691873684,1.18606722396
2006-12-29,1.48820515182,1.17841153836
2007-01-03,1.49065781174,1.1625481681
2007-01-04,1.48750194821,1.15809838287
2007-01-05,1.47670570104,1.15585915351
2007-01-08,1.47961489975,1.15632194931
2007-01-09,1.48008542435,1.15268380003
2007-01-10,1.48722502129,1.14873663529
2007-01-11,1.4994126545,1.15503597745
2007-01-12,1.50479402568,1.17070533845
2007-01-16,1.50780973597,1.16873450973
2007-01-17,1.50969917753,1.17656956956
2007-01-18,1.50390906113,1.17256691146
2007-01-19,1.51389812812,1.18907035736
2007-01-22,1.50761537562,1.17982777884
2007-01-23,1.51475157746,1.19278328687
2007-01-24,1.52706812866,1.20164623397
2007-01-25,1.51486453952,1.19076405781
2007-01-26,1.51419664657,1.18930117893
2007-01-29,1.5110871131,1.18523735869
2007-01-30,1.51402917676,1.19620033226
2007-01-31,1.52316028811,1.20293644581
2007-02-01,1.53356893135,1.21184267214
2007-02-02,1.53638951867,1.216452812
2007-02-05,1.53399716721,1.21546270322
2007-02-06,1.53018530574,1.21372343368
2007-02-07,1.52670449723,1.21005621514
2007-02-08,1.53048124114,1.21058766678
2007-02-09,1.52614380695,1.20675198194
2007-02-12,1.51569133931,1.20090613467
2007-02-13,1.52683331409,1.21133482835
2007-02-14,1.53262254061,1.21975876397
2007-02-15,1.5341722579,1.22002285703
2007-02-16,1.53296761189,1.21901513035
2007-02-20,1.53023752607,1.21729788562
2007-02-21,1.53054507893,1.22051863088
2007-02-22,1.53245908578,1.22126670653
2007-02-23,1.53195268069,1.22148748943
2007-02-26,1.5368874293,1.22140871816
2007-02-27,1.48920072752,1.18370047446
2007-02-28,1.49553601277,1.18648532683
2007-03-01,1.49239842416,1.18507445068
2007-03-02,1.476395364,1.17257532855
2007-03-05,1.46041684018,1.16185101362
2007-03-06,1.48492677935,1.18028529313
2007-03-07,1.48830550027,1.18317767913
2007-03-08,1.49875378564,1.19268487076
2007-03-09,1.49884616855,1.19378957561
2007-03-12,1.49814459219,1.19461694259
2007-03-13,1.4684158074,1.17527117003
2007-03-14,1.47715157967,1.18063891399
2007-03-15,1.48406816182,1.18184732049
2007-03-16,1.4773436223,1.17760538867
2007-03-19,1.49233108763,1.19241792914
2007-03-20,1.50291979136,1.19920424504
2007-03-21,1.52839815469,1.21820790414
2007-03-22,1.53750609639,1.22609449573
2007-03-23,1.53817297625,1.2307552085
2007-03-26,1.54010881007,1.22834820841
2007-03-27,1.53444537151,1.22471342995
2007-03-28,1.52467500912,1.21691839867
2007-03-29,1.53290325044,1.22081315827
2007-03-30,1.52675443082,1.2155349146
2007-04-02,1.52950466786,1.22126514667
2007-04-03,1.54247684989,1.22953429284
2007-04-04,1.54560419564,1.22722726334
2007-04-05,1.55057889286,1.23501196044
2007-04-09,1.54717241174,1.2361579733
2007-04-10,1.55975304362,1.24333122582
2007-04-11,1.5488030651,1.23658785346
2007-04-12,1.55646595974,1.24401936747
2007-04-13,1.5606006165,1.24443980929
2007-04-16,1.57741005528,1.25347806
2007-04-17,1.57902069899,1.25468017384
2007-04-18,1.58190816157,1.25589322732
2007-04-19,1.57419718147,1.24469793453
2007-04-20,1.59125978159,1.26043382352
2007-04-23,1.58925668574,1.26315323103
2007-04-24,1.58588582671,1.26339280588
2007-04-25,1.60566194868,1.27675345838
2007-04-26,1.60252894645,1.2745779312
2007-04-27,1.60057865286,1.26823245149
2007-04-30,1.58811610637,1.25621290017
2007-05-01,1.58883475985,1.26223884615
2007-05-02,1.59470981257,1.27442579281
2007-05-03,1.60547012748,1.2744844698
2007-05-04,1.6078927652,1.27848181738
2007-05-07,1.61099241774,1.28918026462
2007-05-08,1.60587966848,1.28577296299
2007-05-09,1.61092680525,1.29051973096
2007-05-10,1.59623610218,1.27315281448
2007-05-11,1.60741123818,1.28191402342
2007-05-14,1.60049437214,1.28307071271
2007-05-15,1.60411697689,1.28660097728
2007-05-16,1.6183810847,1.29064372448
2007-05-17,1.61529855813,1.29006920375
2007-05-18,1.61876984133,1.29789514478
2007-05-21,1.61837839941,1.29956665818
2007-05-22,1.61864499434,1.29570825318
2007-05-23,1.61935258683,1.29117956516
2007-05-24,1.60778090395,1.27360774737
2007-05-25,1.6153345675,1.28045895457
2007-05-29,1.6230977797,1.27991535199
2007-05-30,1.63173963529,1.29448486986
2007-05-31,1.63391616584,1.29885291138
2007-06-01,1.63971981257,1.30480925828
2007-06-04,1.6428781994,1.30342763353
2007-06-05,1.6343229757,1.29245922526
2007-06-06,1.61980424814,1.2765043039
2007-06-07,1.59621923788,1.24825078239
2007-06-08,1.61299357071,1.26148915826
2007-06-11,1.61944132724,1.26746698366
2007-06-12,1.60062368654,1.25138786293
2007-06-13,1.62161948562,1.27240171618
2007-06-14,1.62665463772,1.27734779198
2007-06-15,1.63291069817,1.28669124462
2007-06-18,1.63149932144,1.28010878354
2007-06-19,1.62965655669,1.28608989792
2007-06-20,1.61632695156,1.26669129631
2007-06-21,1.62154306446,1.2692564322
2007-06-22,1.60560864035,1.2531475777
2007-06-25,1.59713243061,1.25029346558
2007-06-26,1.58891881293,1.24125552594
2007-06-27,1.60619421811,1.25778765125
2007-06-28,1.60626117836,1.25612797001
2007-06-29,1.60204215647,1.25763058426
2007-07-02,1.61500052113,1.26903710184
2007-07-03,1.61952402573,1.27569560175
2007-07-05,1.61348296228,1.27289758183
2007-07-06,1.6164813347,1.2735907756
2007-07-09,1.61507295585,1.27494129917
2007-07-10,1.59381712273,1.25720182387
2007-07-11,1.59949440804,1.26210425579
2007-07-12,1.6204757657,1.28223165725
2007-07-13,1.63433668707,1.29115914277
2007-07-16,1.62233702304,1.28474682388
2007-07-17,1.62207708776,1.2880337151
2007-07-18,1.61936300157,1.28345234176
2007-07-19,1.62808436143,1.29251355905
2007-07-20,1.60959817766,1.27883105201
2007-07-23,1.6098393046,1.27967581358
2007-07-24,1.57640356089,1.2520813498
2007-07-25,1.57983677939,1.25527076608
2007-07-26,1.54777546103,1.22972910327
2007-07-27,1.51743063826,1.20229486092
2007-07-30,1.534881442,1.21655106487
2007-07-31,1.51366667438,1.2003443299
2007-08-01,1.53782050746,1.21738437609
2007-08-02,1.5532525769,1.22357993
2007-08-03,1.49776478342,1.18821530431
2007-08-06,1.54675489429,1.21153878269
2007-08-07,1.56272402378,1.22260511447
2007-08-08,1.58866578286,1.2452896834
2007-08-09,1.54511160171,1.21789279664
2007-08-10,1.5314848596,1.20021529196
2007-08-13,1.53226777912,1.2095483793
2007-08-14,1.50175820278,1.18424303602
2007-08-15,1.48517315593,1.16405721158
2007-08-16,1.50437201231,1.15924308632
2007-08-17,1.53298426039,1.17158087055
2007-08-20,1.53129556612,1.18225112532
2007-08-21,1.53778609996,1.18544596735
2007-08-22,1.55174954585,1.20997046646
2007-08-23,1.55216616544,1.20464877972
2007-08-24,1.56728124623,1.22202835554
2007-08-27,1.54073839389,1.2056970545
2007-08-28,1.50493314203,1.1829859231
2007-08-29,1.53648525619,1.20793054883
2007-08-30,1.53025112166,1.20790649274
2007-08-31,1.54427610271,1.21332658376
2007-09-04,1.55834398713,1.23266294297
2007-09-05,1.5392811373,1.21818613165
2007-09-06,1.5393339117,1.22326867227
2007-09-07,1.50971103829,1.19555260093
2007-09-10,1.50224332109,1.19019740741
2007-09-11,1.51955171967,1.2055309485
2007-09-12,1.5237780223,1.2069402478
2007-09-13,1.54084642249,1.21379661089
2007-09-14,1.54955601567,1.21721609498
2007-09-17,1.5378748953,1.2116870285
2007-09-18,1.60113308802,1.25430690154
2007-09-19,1.61161800032,1.26149681562
2007-09-20,1.59289950118,1.25343901565
2007-09-21,1.59673566347,1.25799159556
2007-09-24,1.58567917954,1.25399781965
2007-09-25,1.57606077452,1.25144562959
2007-09-26,1.59030933373,1.26524193943
2007-09-27,1.60039186927,1.26803759273
2007-09-28,1.59575604232,1.26451747179
2007-10-01,1.62281935473,1.28252901248
2007-10-02,1.62507912221,1.28099306239
2007-10-03,1.61995093318,1.27290016562
2007-10-04,1.62271457225,1.27361450198
2007-10-05,1.64985970905,1.29484785248
2007-10-08,1.63550318388,1.290276121
2007-10-09,1.65110092803,1.30207227267
2007-10-10,1.64240937899,1.29905957229
2007-10-11,1.63397933237,1.2900152842
2007-10-12,1.64470477776,1.29991421163
2007-10-15,1.62171619863,1.28741147325
2007-10-16,1.60033888709,1.27846314392
2007-10-17,1.60035708805,1.28232905589
2007-10-18,1.59293696968,1.28281947941
2007-10-19,1.55199656228,1.25380544666
2007-10-22,1.55891478154,1.25704881205
2007-10-23,1.5724858693,1.27027871236
2007-10-24,1.56788758252,1.26530966599
2007-10-25,1.56839502472,1.26968458731
2007-10-26,1.59694708401,1.28827202457
2007-10-29,1.60599573516,1.29545530056
2007-10-30,1.58337036869,1.28471532438
2007-10-31,1.60617399669,1.3024114227
2007-11-01,1.54674312788,1.27172995775
2007-11-02,1.54850380057,1.27620251341
2007-11-05,1.52630285928,1.26489628981
2007-11-06,1.55137230279,1.28075094696
2007-11-07,1.49806632908,1.24850372235
2007-11-08,1.50648826442,1.23653242773
2007-11-09,1.48078611024,1.21014687601
2007-11-12,1.4630658742,1.18778172541
2007-11-13,1.51242032025,1.22267919874
2007-11-14,1.50510548849,1.21599071813
2007-11-15,1.47661468771,1.19833446669
2007-11-16,1.47162982426,1.20299914137
2007-11-19,1.43480633116,1.17573809425
2007-11-20,1.43207284713,1.18542143501
2007-11-21,1.41070555477,1.16641981068
2007-11-23,1.43709647076,1.18288289642
2007-11-26,1.39864201986,1.15609872967
2007-11-27,1.41813926177,1.16959887733
2007-11-28,1.48699958908,1.21474880979
2007-11-29,1.48273460856,1.21678073623
2007-11-30,1.50678472573,1.22450666113
2007-12-03,1.49709788024,1.21744695555
2007-12-04,1.48842242283,1.21661907389
2007-12-05,1.51355129284,1.23052703409
2007-12-06,1.53467897812,1.23817452189
2007-12-07,1.535339905,1.24766908944
2007-12-10,1.55570991769,1.25575942639
2007-12-11,1.49587290922,1.21516154022
2007-12-12,1.49899973536,1.22203481512
2007-12-13,1.51021294498,1.22869536028
2007-12-14,1.48098683479,1.20845837979
2007-12-17,1.45338717865,1.18645585
2007-12-18,1.46352546061,1.19808599914
2007-12-19,1.46428943922,1.19293193682
2007-12-20,1.47211050311,1.20394715803
2007-12-21,1.4926810029,1.21436065254
2007-12-24,1.50854867545,1.22743904795
2007-12-26,1.50522005072,1.2262248232
2007-12-27,1.48124063898,1.20914229856
2007-12-28,1.48407160921,1.21059769662
2007-12-31,1.47399306916,1.20111233092
2008-01-02,1.45649223597,1.188544273
2008-01-03,1.45966209103,1.18879505807
2008-01-04,1.42898589544,1.15313281348
2008-01-07,1.42924422059,1.15009203224
2008-01-08,1.40124557191,1.12279268601
2008-01-09,1.41924230885,1.13488236806
2008-01-10,1.43432024758,1.15177926008
2008-01-11,1.42420054636,1.13999859082
2008-01-14,1.44440609921,1.16172951048
2008-01-15,1.40630499761,1.12793402859
2008-01-16,1.3965462519,1.1234579387
2008-01-17,1.34693161116,1.07960997868
2008-01-18,1.33989228656,1.07772514674
2008-01-22,1.34052327017,1.08928348922
2008-01-23,1.38536021538,1.13480104937
2008-01-24,1.39036178554,1.14451056758
2008-01-25,1.37377071434,1.12813777979
2008-01-28,1.40290199304,1.1552539735
2008-01-29,1.41398191849,1.16440976243
2008-01-30,1.3990406309,1.15240761459
2008-01-31,1.43362526122,1.19116597412
2008-02-01,1.45886803337,1.2115713901
2008-02-04,1.43416216947,1.18777821567
2008-02-05,1.39465718008,1.14922880574
2008-02-06,1.38425812003,1.13803211948
2008-02-07,1.39509344242,1.1502864808
2008-02-08,1.39210962673,1.15000707217
2008-02-11,1.3899617895,1.14727941806
2008-02-12,1.41685171688,1.16505560329
2008-02-13,1.41089111039,1.16705449393
2008-02-14,1.39010857516,1.14804440485
2008-02-15,1.40208565875,1.15831526564
2008-02-19,1.42110318291,1.16309446184
2008-02-20,1.41859004355,1.17508731926
2008-02-21,1.40584082331,1.15356853785
2008-02-22,1.42528953762,1.17378763634
2008-02-25,1.43728744045,1.18844671219
2008-02-26,1.44961489133,1.19761776387
2008-02-27,1.44473521425,1.19829170194
2008-02-28,1.42879659869,1.17473639848
2008-02-29,1.3891750426,1.13964676815
2008-03-03,1.39578747074,1.14032162048
2008-03-04,1.38128923879,1.12960007684
2008-03-05,1.39055108324,1.13979217835
2008-03-06,1.3592069827,1.11810674579
2008-03-07,1.33643026359,1.10302632549
2008-03-10,1.30910182244,1.08083656122
2008-03-11,1.37589091079,1.138768469
2008-03-12,1.35908447709,1.1231571879
2008-03-13,1.36952065628,1.1297733051
2008-03-14,1.34201346764,1.10784535957
2008-03-17,1.31683347452,1.09042242844
2008-03-18,1.3859017041,1.14944311955
2008-03-19,1.33620975509,1.10215869632
2008-03-20,1.38056154797,1.13177786731
2008-03-24,1.41760048461,1.16293764239
2008-03-25,1.42561888519,1.17299881606
2008-03-26,1.39698131892,1.14918216975
2008-03-27,1.38391058755,1.13906674268
2008-03-28,1.36065432273,1.12497037151
2008-03-31,1.36697466852,1.12730462899
2008-04-01,1.43364786128,1.17612618222
2008-04-02,1.4386407349,1.18351650457
2008-04-03,1.44743328923,1.19035657734
2008-04-04,1.44768704296,1.18862464583
2008-04-07,1.44490904005,1.19051787533
2008-04-08,1.44376022453,1.1925017048
2008-04-09,1.4259353458,1.18066362274
2008-04-10,1.42633002216,1.17652713962
2008-04-11,1.39257712217,1.16461246462
2008-04-14,1.37981395397,1.15333269525
2008-04-15,1.38907792709,1.16352156756
2008-04-16,1.43713819793,1.20085486109
2008-04-17,1.43700355662,1.20606005158
2008-04-18,1.46399564158,1.2180340134
2008-04-21,1.45627940876,1.20930907171
2008-04-22,1.43816075309,1.19948830664
2008-04-23,1.42740333721,1.19106265658
2008-04-24,1.43965420722,1.19825019032
2008-04-25,1.46931766022,1.21846249397
2008-04-28,1.47044085268,1.21320073548
2008-04-29,1.44341680055,1.19663465784
2008-04-30,1.44650694456,1.19378308177
2008-05-01,1.46250106513,1.20907616343
2008-05-02,1.47274422663,1.22267618053
2008-05-05,1.47412323245,1.21896338689
2008-05-06,1.48520872408,1.22646809038
2008-05-07,1.45443715801,1.20117605949
2008-05-08,1.45509430774,1.2013662073
2008-05-09,1.44569219083,1.19738774467
2008-05-12,1.46918565295,1.21436140363
2008-05-13,1.47110639479,1.21264565061
2008-05-14,1.47769956873,1.21917870119
2008-05-15,1.49111695968,1.22747932932
2008-05-16,1.49440909845,1.23423756994
2008-05-19,1.49412316341,1.23401934347
2008-05-20,1.47817670994,1.23018531563
2008-05-21,1.44269304972,1.20561746401
2008-05-22,1.44171980675,1.20814611411
2008-05-23,1.42116767986,1.1904829914
2008-05-27,1.42618199185,1.19256599951
2008-05-28,1.43962160691,1.20127169258
2008-05-29,1.44582174997,1.20923237087
2008-05-30,1.44375292418,1.20222926683
2008-06-02,1.42905679485,1.19051227883
2008-06-03,1.42642567577,1.18617664144
2008-06-04,1.41959176362,1.18677073358
2008-06-05,1.44839114402,1.21261884281
2008-06-06,1.38979996211,1.16871771353
2008-06-09,1.39547632003,1.17562698342
2008-06-10,1.38797507185,1.17125806271
2008-06-11,1.35771110521,1.15287180039
2008-06-12,1.37101708246,1.16097206055
2008-06-13,1.39489073969,1.18011295307
2008-06-16,1.39628217028,1.18372029503
2008-06-17,1.38440429277,1.17687510063
2008-06-18,1.36719161834,1.16644894209
2008-06-19,1.37855571444,1.17155660561
2008-06-20,1.35358465558,1.15242849981
2008-06-23,1.34369543397,1.14824191719
2008-06-24,1.33428550448,1.14154017868
2008-06-25,1.33147734041,1.14657170545
2008-06-26,1.29741688723,1.11221114465
2008-06-27,1.27805361468,1.10311865634
2008-06-30,1.27395623965,1.10595183176
2008-07-01,1.26652620962,1.10200049059
2008-07-02,1.22913069298,1.07971431335
2008-07-03,1.23586353658,1.07683006392
2008-07-07,1.22371575735,1.06310119686
2008-07-08,1.25492115863,1.08381686633
2008-07-09,1.21953493908,1.06760403718
2008-07-10,1.22450638326,1.06731618923
2008-07-11,1.20540145982,1.05450205526
2008-07-14,1.19185454837,1.03857948579
2008-07-15,1.16821032104,1.02262528529
2008-07-16,1.22581816999,1.05755103605
2008-07-17,1.25727429608,1.06941122923
2008-07-18,1.26363066388,1.07476083315
2008-07-21,1.27411705516,1.08966630423
2008-07-22,1.31610236251,1.12049160663
2008-07-23,1.31357655931,1.10684573479
2008-07-24,1.26098848016,1.06995251125
2008-07-25,1.2639193823,1.06491395711
2008-07-28,1.23323088222,1.04755752907
2008-07-29,1.29039125459,1.08401668431
2008-07-30,1.31202859723,1.10505676433
2008-07-31,1.29136728699,1.09506962229
2008-08-01,1.28302348584,1.07834891915
2008-08-04,1.26482115272,1.07325964832
2008-08-05,1.29862461171,1.10111974826
2008-08-06,1.30286696511,1.10444605036
2008-08-07,1.27122269248,1.0852237303
2008-08-08,1.2930003277,1.10558027225
2008-08-11,1.30476429811,1.11815304293
2008-08-12,1.28900078791,1.09591191852
2008-08-13,1.28146536907,1.08431102393
2008-08-14,1.29528974555,1.09476474977
2008-08-15,1.29993728329,1.09998453456
2008-08-18,1.27796476429,1.08196426668
2008-08-19,1.25741416257,1.06726838523
2008-08-20,1.27301201384,1.07625558322
2008-08-21,1.2645157156,1.07214116134
2008-08-22,1.28730229927,1.09143328618
2008-08-25,1.25639872973,1.07053550268
2008-08-26,1.26010758437,1.07571493922
2008-08-27,1.27373440348,1.08839775489
2008-08-28,1.29900063607,1.10505108803
2008-08-29,1.29230326015,1.09194184026
2008-09-02,1.29185144289,1.08997708805
2008-09-03,1.29319174447,1.08816380408
2008-09-04,1.24188796891,1.05494951317
2008-09-05,1.25727786783,1.07098322339
2008-09-08,1.28173630261,1.0985454509
2008-09-09,1.22753074164,1.06627093851
2008-09-10,1.22753238061,1.06286985771
2008-09-11,1.2533503828,1.07805342189
2008-09-12,1.25941529174,1.07540725851
2008-09-15,1.18427051255,1.01961319682
2008-09-16,1.21828876242,1.04979801645
2008-09-17,1.15799669755,0.984898252456
2008-09-18,1.19477622106,1.02527229793
2008-09-19,1.28278419886,1.07015499696
2008-09-22,1.22986208083,1.02861774039
2008-09-23,1.21009832996,1.02268604338
2008-09-24,1.19647409525,1.01896483948
2008-09-25,1.20963763096,1.04267769216
2008-09-26,1.21005924749,1.05263014201
2008-09-29,1.112070855,0.962622869141
2008-09-30,1.15000376785,1.01070066852
2008-10-01,1.15008265607,1.02317831244
2008-10-02,1.09476720844,0.986086427835
2008-10-03,1.08249540645,0.974871496848
2008-10-06,1.04490602736,0.930228993779
2008-10-07,1.00457678849,0.887829393759
2008-10-08,1.00009398009,0.882009417085
2008-10-09,0.939661930714,0.812382922572
2008-10-10,0.925240451051,0.802968512919
2008-10-13,1.01466570196,0.887881857656
2008-10-14,1.00530794536,0.878420588288
2008-10-15,0.921156110263,0.80558079011
2008-10-16,0.932431353877,0.831832649423
2008-10-17,0.936103037827,0.836689985166
2008-10-20,0.968948379956,0.879894802016
2008-10-21,0.949668160284,0.84870406178
2008-10-22,0.913450005168,0.803228549916
2008-10-23,0.909058909874,0.823397715473
2008-10-24,0.863279517648,0.77995839977
2008-10-27,0.824605512974,0.752183979727
2008-10-28,0.904655886622,0.840627505999
2008-10-29,0.911024250589,0.829410952554
2008-10-30,0.944477599569,0.86399834789
2008-10-31,0.956120083125,0.866176174863
2008-11-03,0.954002508254,0.861703647133
2008-11-04,0.996162329935,0.904824350694
2008-11-05,0.948303852796,0.860509633659
2008-11-06,0.898831206207,0.81393269606
2008-11-07,0.915248647567,0.837283432712
2008-11-10,0.91225341986,0.835447314587
2008-11-11,0.886747782833,0.815127084751
2008-11-12,0.839999634691,0.766873003487
2008-11-13,0.895102020978,0.826599218721
2008-11-14,0.850703130254,0.790924383943
2008-11-17,0.831106764435,0.772747615206
2008-11-18,0.832102000368,0.783984232623
2008-11-19,0.782117067743,0.739172099155
2008-11-20,0.753921306366,0.690087081508
2008-11-21,0.777583039643,0.73472935627
2008-11-24,0.818101951478,0.776924513615
2008-11-25,0.835518988024,0.788355187648
2008-11-26,0.865618628308,0.819925843527
2008-11-28,0.873529213687,0.821229044618
2008-12-01,0.803942872021,0.749341649355
2008-12-02,0.836164396701,0.778159013082
2008-12-03,0.848413780449,0.790214811607
2008-12-04,0.825611065769,0.756246402906
2008-12-05,0.84828770883,0.777671094507
2008-12-08,0.889865803027,0.807872089653
2008-12-09,0.87962999021,0.803835643322
2008-12-10,0.890948468118,0.819296371957
2008-12-11,0.85891158668,0.800415786323
2008-12-12,0.864217213636,0.801631625517
2008-12-15,0.860238517805,0.796956099067
2008-12-16,0.906929987215,0.832139071634
2008-12-17,0.901438548813,0.825005605734
2008-12-18,0.870857090791,0.791682172828
2008-12-19,0.870396814217,0.796547370468
2008-12-22,0.851308588479,0.781002765644
2008-12-23,0.845393335188,0.777002536066
2008-12-24,0.849339113152,0.779491830712
2008-12-26,0.854583338832,0.784511151638
2008-12-29,0.84429538908,0.78522681237
2008-12-30,0.867640028276,0.806205421196
2008-12-31,0.883266252285,0.818911438166
2009-01-02,0.915599265114,0.85244230134
2009-01-05,0.913517288681,0.855541038417
2009-01-06,0.922703150102,0.860301324166
2009-01-07,0.895925538967,0.83244546559
2009-01-08,0.897008162647,0.840336969335
2009-01-09,0.878748745292,0.821738981104
2009-01-12,0.867119915412,0.801325411064
2009-01-13,0.86264621077,0.805697990565
2009-01-14,0.837004028371,0.779128563214
2009-01-15,0.842687329514,0.786586916079
2009-01-16,0.848752021815,0.7923955295
2009-01-20,0.821009501906,0.759915655184
2009-01-21,0.842228003055,0.78855354936
2009-01-22,0.834606429586,0.781578932512
2009-01-23,0.82779645413,0.781624706664
2009-01-26,0.836139800221,0.78789442054
2009-01-27,0.844147164685,0.798458965277
2009-01-28,0.862921728128,0.817320765767
2009-01-29,0.841564294157,0.79411370436
2009-01-30,0.818494323179,0.782170754434
2009-02-02,0.814562969382,0.774181864522
2009-02-03,0.830949090737,0.790041057461
2009-02-04,0.821741716842,0.789918081271
2009-02-05,0.833180955412,0.8017251664
2009-02-06,0.854271963502,0.815312874819
2009-02-09,0.857672902188,0.820662256006
2009-02-10,0.821699327221,0.784376377618
2009-02-11,0.825886490315,0.786634126699
2009-02-12,0.826533399033,0.787164539095
2009-02-13,0.821054811724,0.783771561605
2009-02-17,0.791680645817,0.747911732362
2009-02-18,0.793627234415,0.746800878743
2009-02-19,0.784612784411,0.740858334822
2009-02-20,0.779172336376,0.728243422694
2009-02-23,0.750464009307,0.702965715438
2009-02-24,0.767405651962,0.722199453815
2009-02-25,0.761368157372,0.71008090333
2009-02-26,0.748769487826,0.694351457886
2009-02-27,0.739409223953,0.673628410737
2009-03-02,0.713273719944,0.632770214645
2009-03-03,0.706387852235,0.631757812812
2009-03-04,0.723669961399,0.65373385809
2009-03-05,0.701400842819,0.629869582584
2009-03-06,0.700793410909,0.63301910979
2009-03-09,0.68771982488,0.627626073548
2009-03-10,0.72237774354,0.661414834658
2009-03-11,0.729868701566,0.658653392412
2009-03-12,0.751049258876,0.682986409551
2009-03-13,0.755067324108,0.688761606321
2009-03-16,0.759460973761,0.69170811328
2009-03-17,0.780836858168,0.710011551331
2009-03-18,0.788209462119,0.717317698233
2009-03-19,0.783006629601,0.715147844232
2009-03-20,0.768389901802,0.698183167051
2009-03-23,0.813529593215,0.742962681421
2009-03-24,0.805569924918,0.732981226812
2009-03-25,0.811899125158,0.73530084985
2009-03-26,0.836905072231,0.753402148478
2009-03-27,0.822762569182,0.738398418088
2009-03-30,0.794215709534,0.715077065331
2009-03-31,0.800417762713,0.715409375379
2009-04-01,0.818502425931,0.725773043004
2009-04-02,0.845985059885,0.749673534419
2009-04-03,0.849038009598,0.750841507299
2009-04-06,0.847636640827,0.748593802786
2009-04-07,0.826482292032,0.731043077249
2009-04-08,0.835309513323,0.737950250199
2009-04-09,0.856304427376,0.758630264635
2009-04-13,0.856410387135,0.75851055683
2009-04-14,0.845194041061,0.752889186395
2009-04-15,0.851927016444,0.757062978213
2009-04-16,0.873931055788,0.768194733318
2009-04-17,0.874675027028,0.773822759673
2009-04-20,0.846566374097,0.744695852707
2009-04-21,0.861216001504,0.753487024392
2009-04-22,0.863522337162,0.752374433534
2009-04-23,0.868212401264,0.760103067435
2009-04-24,0.877517191212,0.772706445531
2009-04-27,0.871583771126,0.764929763253
2009-04-28,0.869064685927,0.763176972644
2009-04-29,0.887006634318,0.780039891563
2009-04-30,0.887870391284,0.776571183173
2009-05-01,0.896096875001,0.787226865931
2009-05-04,0.915844340698,0.82677353938
2009-05-05,0.914352173917,0.826463582718
2009-05-06,0.919147025449,0.851794995302
2009-05-07,0.902722384073,0.842754206317
2009-05-08,0.918040659895,0.87939499122
2009-05-11,0.908039883347,0.84753655016
2009-05-12,0.905246953343,0.842605375013
2009-05-13,0.877053232601,0.815830551609
2009-05-14,0.882076165942,0.827428052534
2009-05-15,0.875118573459,0.819459666917
2009-05-18,0.893841195844,0.850445255037
2009-05-19,0.898533469729,0.840192376873
2009-05-20,0.890325095387,0.833633392349
2009-05-21,0.872475804707,0.82351514033
2009-05-22,0.874779183349,0.820915918838
2009-05-26,0.901468185067,0.842202014868
2009-05-27,0.882572090177,0.821798315274
2009-05-28,0.895775054873,0.833847246446
2009-05-29,0.908356854733,0.850372573838
2009-06-01,0.940387188511,0.867532326258
2009-06-02,0.939410158833,0.867576185035
2009-06-03,0.917776029762,0.861693785356
2009-06-04,0.934475424256,0.868240528746
2009-06-05,0.937732678757,0.864751648155
2009-06-08,0.935930001658,0.864846929208
2009-06-09,0.939629488892,0.862931064881
2009-06-10,0.941244295123,0.854073822942
2009-06-11,0.948121577032,0.860642787656
2009-06-12,0.944748878487,0.865722912665
2009-06-15,0.923568482592,0.842459296307
2009-06-16,0.907507051096,0.834979058752
2009-06-17,0.902113461664,0.835950897353
2009-06-18,0.899886628804,0.853102281268
2009-06-19,0.90144805647,0.857532771122
2009-06-22,0.869251555955,0.834704789201
2009-06-23,0.868389262502,0.835137792101
2009-06-24,0.875721047085,0.840624499443
2009-06-25,0.894904545552,0.859260025592
2009-06-26,0.891295492732,0.859682232356
2009-06-29,0.900188140844,0.8667284595
2009-06-30,0.892969476115,0.859222705889
2009-07-01,0.895781110915,0.863170135801
2009-07-02,0.866944016962,0.840338975619
2009-07-06,0.86334494143,0.848546488863
2009-07-07,0.839011758106,0.839527410717
2009-07-08,0.838153692798,0.838773979431
2009-07-09,0.845378653663,0.836473482279
2009-07-10,0.844128236585,0.830177988286
2009-07-13,0.860914551708,0.857327357282
2009-07-14,0.869226855949,0.858286409866
2009-07-15,0.899358590491,0.877581102064
2009-07-16,0.912919918293,0.880435839041
2009-07-17,0.914076225016,0.877871800401
2009-07-20,0.928098563052,0.88180924382
2009-07-21,0.932699714642,0.883029782847
2009-07-22,0.932649450587,0.88230440603
2009-07-23,0.954045913576,0.900731918531
2009-07-24,0.955648291102,0.906979555183
2009-07-27,0.958464460632,0.910497473494
2009-07-28,0.954190007595,0.912212073616
2009-07-29,0.945108992988,0.913594015676
2009-07-30,0.956171956973,0.920684856255
2009-07-31,0.959290165736,0.920818198433
2009-08-03,0.978484936489,0.930719212765
2009-08-04,0.975112934393,0.939096065797
2009-08-05,0.967267858952,0.942954550231
2009-08-06,0.967277076103,0.938175433207
2009-08-07,0.981710371145,0.958212462903
2009-08-10,0.977701586063,0.956364287019
2009-08-11,0.968940462633,0.940227670864
2009-08-12,0.982620262294,0.950684747297
2009-08-13,0.984444781763,0.957939093264
2009-08-14,0.976529573208,0.951515425635
2009-08-17,0.954631609375,0.926480609788
2009-08-18,0.963914132647,0.936139240137
2009-08-19,0.9680099005,0.943349260183
2009-08-20,0.978291158005,0.956219852598
2009-08-21,0.997942814797,0.972316061734
2009-08-24,0.998189275571,0.969685090637
2009-08-25,0.998757404223,0.977119486401
2009-08-26,0.996416805388,0.978103933544
2009-08-27,1.0001443732,0.982083236272
2009-08-28,0.998635319245,0.980345056281
2009-08-31,0.987589171492,0.973215820089
2009-09-01,0.972707618653,0.944091371482
2009-09-02,0.969814566847,0.940454562632
2009-09-03,0.975297000288,0.948417491143
2009-09-04,0.989107147308,0.962264856577
2009-09-08,0.995269969068,0.964987081091
2009-09-09,1.00297022585,0.977082035046
2009-09-10,1.01049964983,0.986665610627
2009-09-11,1.01295929069,0.983638501776
2009-09-14,1.01979268642,0.990268862758
2009-09-15,1.02878487595,0.989634249646
2009-09-16,1.04116662287,1.01044799383
2009-09-17,1.03826679705,1.00872580227
2009-09-18,1.03983220828,1.00805219247
2009-09-21,1.03463717291,1.00666593791
2009-09-22,1.03979881366,1.01472346483
2009-09-23,1.03562190846,0.998170543414
2009-09-24,1.02556878616,0.987830398337
2009-09-25,1.01760523128,0.982911295178
2009-09-28,1.033226914,1.00377855225
2009-09-29,1.03128437147,1.00423679473
2009-09-30,1.02666920416,0.998447458092
2009-10-01,1.00164452941,0.971163566272
2009-10-02,0.996328839209,0.966833836346
2009-10-05,1.01007191278,0.974605061369
2009-10-06,1.02677321237,0.985130586063
2009-10-07,1.0290300021,0.98701191834
2009-10-08,1.04018496385,0.994581048745
2009-10-09,1.04425839292,0.998323283664
2009-10-12,1.05275498803,1.00302482639
2009-10-13,1.05221743876,0.99926537776
2009-10-14,1.06264250688,1.00967672815
2009-10-15,1.0723800675,1.01364137032
2009-10-16,1.06909026306,1.01460615343
2009-10-19,1.08266782397,1.02325002699
2009-10-20,1.07561048891,1.01616361196
2009-10-21,1.07521597774,1.00478712675
2009-10-22,1.07914571753,1.01181986852
2009-10-23,1.06513165171,1.00372199092
2009-10-26,1.0521712347,0.995556668017
2009-10-27,1.05280609351,0.991405019827
2009-10-28,1.03212910241,0.977787483973
2009-10-29,1.05114250942,0.994714821014
2009-10-30,1.02172264615,0.976082959219
2009-11-02,1.02500337687,0.983465016311
2009-11-03,1.0296691,0.98568985636
2009-11-04,1.02682995279,0.990838434997
2009-11-05,1.0471964628,1.00347249011
2009-11-06,1.04446628735,1.00497987772
2009-11-09,1.0697309354,1.02250980101
2009-11-10,1.0704589011,1.02494576375
2009-11-11,1.07431444357,1.02629840568
2009-11-12,1.05475439195,1.01476344495
2009-11-13,1.05937794432,1.01984645978
2009-11-16,1.07739657062,1.03406471624
2009-11-17,1.07581756091,1.03603957071
2009-11-18,1.07573016673,1.03640913349
2009-11-19,1.0563474762,1.02530685037
2009-11-20,1.05248788984,1.02512681783
2009-11-23,1.06649779797,1.03557800554
2009-11-24,1.06659689267,1.04106888094
2009-11-25,1.07273791305,1.04530305843
2009-11-27,1.05048763307,1.03212887498
2009-11-30,1.06143505982,1.02841342297
2009-12-01,1.07302862487,1.04375084246
2009-12-02,1.07550897384,1.04053161145
2009-12-03,1.06365828243,1.03060896763
2009-12-04,1.06545244335,1.02970218535
2009-12-07,1.06197825179,1.02808665423
2009-12-08,1.05137318181,1.01569835162
2009-12-09,1.05388987086,1.01923627554
2009-12-10,1.06222770861,1.02806536957
2009-12-11,1.0712221394,1.0301688095
2009-12-14,1.07848384319,1.03812683576
2009-12-15,1.07163492211,1.03791622569
2009-12-16,1.07441425254,1.03664298992
2009-12-17,1.06272597039,1.02641004666
2009-12-18,1.07296144297,1.02945265669
2009-12-21,1.08336012179,1.03858459468
2009-12-22,1.08267743893,1.04412221605
2009-12-23,1.08485585647,1.04599476508
2009-12-24,1.09246900337,1.0489289422
2009-12-28,1.09210886313,1.05197614314
2009-12-29,1.08802822929,1.04986600773
2009-12-30,1.08777854854,1.04784577173
2009-12-31,1.0787997078,1.03698140963
2010-01-04,1.09785011375,1.05654956025
2010-01-05,1.10320653511,1.05610220274
2010-01-06,1.11049104539,1.06365519388
2010-01-07,1.11625440771,1.06434185581
2010-01-08,1.11608604463,1.06604598772
2010-01-11,1.11960540696,1.06849667611
2010-01-12,1.10718016199,1.06270488236
2010-01-13,1.11678776351,1.07121090696
2010-01-14,1.11794084895,1.07440371948
2010-01-15,1.10487658038,1.06736129287
2010-01-19,1.11720860334,1.08139811634
2010-01-20,1.10653958139,1.07006806859
2010-01-21,1.08306230395,1.0499535305
2010-01-22,1.05469098126,1.03705746644
2010-01-25,1.06134089067,1.03993350495
2010-01-26,1.05428587834,1.03537597149
2010-01-27,1.05903185635,1.03730187087
2010-01-28,1.050908705,1.030616122
2010-01-29,1.0400752916,1.02085585739
2010-02-01,1.05913576351,1.03592815923
2010-02-02,1.07270859208,1.0510219214
2010-02-03,1.06147151195,1.04411098875
2010-02-04,1.02804856508,1.01132764217
2010-02-05,1.03081077108,1.014260981
2010-02-08,1.01835227995,1.00808189772
2010-02-09,1.02791803928,1.02057874053
2010-02-10,1.02693472014,1.0161051403
2010-02-11,1.032045294,1.02769766035
2010-02-12,1.03019791187,1.02770364376
2010-02-16,1.04626756115,1.04391414616
2010-02-17,1.04875951944,1.0470350917
2010-02-18,1.0545467939,1.05292452835
2010-02-19,1.06137583395,1.05329645253
2010-02-22,1.06311718674,1.04681196299
2010-02-23,1.05076408783,1.0333556226
2010-02-24,1.05982239234,1.04144749273
2010-02-25,1.05835476237,1.04087345017
2010-02-26,1.05793834467,1.04226928737
2010-03-01,1.06656176218,1.05260728003
2010-03-02,1.06890961855,1.05308219889
2010-03-03,1.070052311,1.05206861035
2010-03-04,1.07025946135,1.05484277824
2010-03-05,1.08855969434,1.06983850136
2010-03-08,1.08678150715,1.06864104502
2010-03-09,1.08598381333,1.06737903424
2010-03-10,1.09021098716,1.06851141755
2010-03-11,1.09502505215,1.07506863376
2010-03-12,1.09355393847,1.07117567737
2010-03-15,1.09168578684,1.0743529321
2010-03-16,1.09871018272,1.08221992231
2010-03-17,1.10467304873,1.08532862747
2010-03-18,1.10150403372,1.08598868868
2010-03-19,1.09585425986,1.0843488962
2010-03-22,1.10117961341,1.08814151066
2010-03-23,1.10585900382,1.09282977264
2010-03-24,1.0983488537,1.08375624648
2010-03-25,1.09302453844,1.08219191509
2010-03-26,1.09194352948,1.08183898777
2010-03-29,1.10320717207,1.09049299213
2010-03-30,1.10342930366,1.08919477877
2010-03-31,1.10107062005,1.08441288712
2010-04-01,1.1121525148,1.09391990275
2010-04-05,1.12218969375,1.09949748175
2010-04-06,1.12252069655,1.10285454301
2010-04-07,1.1158328493,1.09631354634
2010-04-08,1.11937305927,1.09630502511
2010-04-09,1.12777170976,1.10330944088
2010-04-12,1.12762562337,1.10326392488
2010-04-13,1.12865771394,1.10364676452
2010-04-14,1.13694673851,1.10861332112
2010-04-15,1.13753228232,1.10913016177
2010-04-16,1.12373640899,1.09766984326
2010-04-19,1.12789867413,1.10162919465
2010-04-20,1.14075581508,1.11165817887
2010-04-21,1.13574397538,1.10746623396
2010-04-22,1.13962598585,1.11156263435
2010-04-23,1.15276509162,1.11830248946
2010-04-26,1.15078748851,1.11633151005
2010-04-27,1.12296639715,1.0944956758
2010-04-28,1.12777895948,1.09918893416
2010-04-29,1.14167292572,1.11278298967
2010-04-30,1.12403855126,1.10156435866
2010-05-03,1.13788951931,1.11568310592
2010-05-04,1.11444246585,1.09624382355
2010-05-05,1.10461054276,1.08977875908
2010-05-06,1.06914915835,1.05715044089
2010-05-07,1.05115450556,1.0441443724
2010-05-10,1.0935842029,1.08217864856
2010-05-11,1.09036501354,1.08207853358
2010-05-12,1.10359895318,1.0932206208
2010-05-13,1.08902654857,1.07963547707
2010-05-14,1.07089851863,1.06584277464
2010-05-17,1.06993736952,1.06882225502
2010-05-18,1.05769118695,1.05595638903
2010-05-19,1.05075605998,1.04940454118
2010-05-20,1.01065888894,1.01445111251
2010-05-21,1.02308425034,1.02261663771
2010-05-24,1.01230468322,1.01621742851
2010-05-25,1.01500618179,1.01632014267
2010-05-26,1.01104939685,1.01299518011
2010-05-27,1.04408477189,1.03839615316
2010-05-28,1.03064887643,1.03184515397
2010-06-01,1.00537555217,1.01445920798
2010-06-02,1.03534886455,1.03647930896
2010-06-03,1.04479303728,1.04557579659
2010-06-04,1.00871395843,1.01383377714
2010-06-07,1.00145071856,1.01051483499
2010-06-08,1.01423536798,1.01642914863
2010-06-09,1.0091655214,1.01122749805
2010-06-10,1.04577066537,1.03409790545
2010-06-11,1.0478827042,1.04017884832
2010-06-14,1.04899980656,1.04218664994
2010-06-15,1.07437329801,1.0639647138
2010-06-16,1.07395704752,1.06850193436
2010-06-17,1.07408133508,1.07288621697
2010-06-18,1.07557801236,1.07130590191
2010-06-21,1.06950494232,1.06562274017
2010-06-22,1.04219687987,1.05015926561
2010-06-23,1.03611968397,1.04493422508
2010-06-24,1.01881944402,1.03352048917
2010-06-25,1.02233522235,1.03633283201
2010-06-28,1.01747004471,1.03868249191
2010-06-29,0.987468936119,1.01252729016
2010-06-30,0.978903855176,1.00253225977
2010-07-01,0.978325574676,0.996484143634
2010-07-02,0.97468751614,0.992463245523
2010-07-06,0.979482510621,1.00157192778
2010-07-07,1.00659713496,1.03731979377
2010-07-08,1.01709257225,1.04483179371
2010-07-09,1.02290766457,1.05384753584
2010-07-12,1.02184643886,1.05714850113
2010-07-13,1.03700142165,1.07213803721
2010-07-14,1.03438558196,1.07171007546
2010-07-15,1.03615025484,1.07448770974
2010-07-16,1.00863195433,1.04299503036
2010-07-19,1.0155421654,1.05161687101
2010-07-20,1.02722335523,1.06073580019
2010-07-21,1.0099031652,1.0453511428
2010-07-22,1.02974896961,1.07045528546
2010-07-23,1.03620977777,1.07616818778
2010-07-26,1.04930689097,1.0859108746
2010-07-27,1.04339140868,1.09317652575
2010-07-28,1.03560956752,1.0853064754
2010-07-29,1.03412663925,1.07758323364
2010-07-30,1.03701650085,1.07409814613
2010-08-02,1.0631249064,1.09804016777
2010-08-03,1.06051155705,1.09018060389
2010-08-04,1.07262602524,1.0961154109
2010-08-05,1.07499595951,1.09243358184
2010-08-06,1.06903725572,1.08900528954
2010-08-09,1.07489521023,1.09469912005
2010-08-10,1.06973157256,1.08990748706
2010-08-11,1.04059346245,1.06118001112
2010-08-12,1.0386952028,1.05313814617
2010-08-13,1.03292072586,1.0518305556
2010-08-16,1.03092067873,1.05151384653
2010-08-17,1.04696860296,1.06148733658
2010-08-18,1.04637504298,1.06289889917
2010-08-19,1.0275361359,1.04544217342
2010-08-20,1.02196397557,1.0445983286
2010-08-23,1.02058365822,1.04166781873
2010-08-24,1.00214558156,1.03193302896
2010-08-25,1.00795786071,1.0347937556
2010-08-26,1.00052350054,1.02703631815
2010-08-27,1.01785658585,1.0450120702
2010-08-30,1.00268110645,1.02784450853
2010-08-31,1.0008929991,1.03126519229
2010-09-01,1.03208047473,1.06009980177
2010-09-02,1.04566266973,1.07017590258
2010-09-03,1.06033241887,1.08459460966
2010-09-07,1.04607108835,1.0686327184
2010-09-08,1.05522293529,1.07306523067
2010-09-09,1.0559136981,1.08140189711
2010-09-10,1.0656849341,1.08293826712
2010-09-13,1.07635214652,1.09636610692
2010-09-14,1.07439567243,1.09299383843
2010-09-15,1.07434386057,1.09290695162
2010-09-16,1.07225510998,1.09066815705
2010-09-17,1.07479333448,1.08909555193
2010-09-20,1.09310439902,1.10793914712
2010-09-21,1.09252512366,1.10101413851
2010-09-22,1.08560290824,1.09497468272
2010-09-23,1.07608509849,1.08191968296
2010-09-24,1.10300231038,1.10679677248
2010-09-27,1.09684500833,1.10095528204
2010-09-28,1.10426177701,1.10488815413
2010-09-29,1.10533076317,1.09871625042
2010-09-30,1.10305070674,1.0960576873
2010-10-01,1.10835759506,1.10183591049
2010-10-04,1.10190897563,1.09675482115
2010-10-05,1.1216639725,1.11526099026
2010-10-06,1.12402761415,1.10954381456
2010-10-07,1.12258588283,1.11272186794
2010-10-08,1.13192778246,1.11869248829
2010-10-11,1.13347551834,1.11915959145
2010-10-12,1.13469992894,1.11936807988
2010-10-13,1.14304433547,1.12396398536
2010-10-14,1.14214943153,1.12222020268
2010-10-15,1.14687681834,1.12769518119
2010-10-18,1.14979224931,1.13173731395
2010-10-19,1.13053056793,1.11841153516
2010-10-20,1.14357496091,1.12976252731
2010-10-21,1.14691116909,1.13129254152
2010-10-22,1.15286907061,1.13105444533
2010-10-25,1.15726548644,1.13470306641
2010-10-26,1.15758626546,1.13433457566
2010-10-27,1.15154623068,1.12811683719
2010-10-28,1.15379104677,1.13297341086
2010-10-29,1.15526331511,1.13187930343
2010-11-01,1.15297337079,1.12711629106
2010-11-02,1.16260989232,1.13684476363
2010-11-03,1.16911364497,1.14166140145
2010-11-04,1.20054013858,1.16435073697
2010-11-05,1.21375348112,1.17518457021
2010-11-08,1.21116190463,1.16929440533
2010-11-09,1.19912525503,1.15697209988
2010-11-10,1.21229164542,1.16310103977
2010-11-11,1.21232197414,1.15845728302
2010-11-12,1.19548171598,1.14483924616
2010-11-15,1.19449139731,1.14721377568
2010-11-16,1.1749592372,1.13110578037
2010-11-17,1.17732550673,1.13171547118
2010-11-18,1.19480296823,1.14233912992
2010-11-19,1.20009377095,1.14271883021
2010-11-22,1.19484756545,1.13993328912
2010-11-23,1.17484348842,1.12416594401
2010-11-24,1.195990109,1.14001614137
2010-11-26,1.18224582807,1.12888265108
2010-11-29,1.18726090876,1.13040720672
2010-11-30,1.18285057732,1.12701049542
2010-12-01,1.21056328558,1.14663658745
2010-12-02,1.22297593654,1.1672674957
2010-12-03,1.22591419996,1.17204783637
2010-12-06,1.2265593004,1.17257805531
2010-12-07,1.22249257831,1.17383191965
2010-12-08,1.21803592816,1.17515155021
2010-12-09,1.22120579173,1.18270712705
2010-12-10,1.22586996501,1.19106411595
2010-12-13,1.2293469415,1.19105618119
2010-12-14,1.22833785705,1.18700748927
2010-12-15,1.22127538277,1.18028159482
2010-12-16,1.23016952554,1.18729605862
2010-12-17,1.23308610838,1.19328060511
2010-12-20,1.23872867603,1.19711078898
2010-12-21,1.24482517007,1.20984894456
2010-12-22,1.24865509645,1.21483744869
2010-12-23,1.24835156433,1.21111651519
2010-12-27,1.24589810389,1.21425164323
2010-12-28,1.24803092722,1.21427118382
2010-12-29,1.25211277348,1.21644589039
2010-12-30,1.25106379491,1.21441665806
2010-12-31,1.25094305542,1.21378400261
2011-01-03,1.26052542981,1.23036242317
2011-01-04,1.25176753697,1.22871556797
2011-01-05,1.25783559416,1.2368646372
2011-01-06,1.24913977351,1.23439361284
2011-01-07,1.25147802193,1.22851547561
2011-01-10,1.25003754529,1.22836061303
2011-01-11,1.26019552223,1.2325094885
2011-01-12,1.27112367845,1.24703144269
2011-01-13,1.26554569003,1.2418504073
2011-01-14,1.27371967586,1.25304874934
2011-01-18,1.27990855113,1.25323974319
2011-01-19,1.2606685645,1.23133825765
2011-01-20,1.25264144547,1.2253772768
2011-01-21,1.25492477889,1.22527962047
2011-01-24,1.26251924317,1.23480984436
2011-01-25,1.2620619756,1.23651682793
2011-01-26,1.28167498581,1.24715406104
2011-01-27,1.27896659247,1.24873628505
2011-01-28,1.2566849711,1.22526255504
2011-01-31,1.27687514402,1.23828564149
2011-02-01,1.29975975144,1.26440965983
2011-02-02,1.29477869822,1.26004926034
2011-02-03,1.3003383262,1.26234305918
2011-02-04,1.30196588547,1.26112031821
2011-02-07,1.31298723921,1.27184371588
2011-02-08,1.31993312298,1.27483554709
2011-02-09,1.31434408825,1.26264116531
2011-02-10,1.31929080093,1.26764060776
2011-02-11,1.32979147755,1.27572366001
2011-02-14,1.33770724308,1.28980869246
2011-02-15,1.33316126278,1.27991392693
2011-02-16,1.34500426232,1.29340246355
2011-02-17,1.34897253303,1.30099511723
2011-02-18,1.35429102494,1.29901088534
2011-02-22,1.32514704114,1.26763989779
2011-02-23,1.32580448726,1.27156853027
2011-02-24,1.32100725655,1.26218930112
2011-02-25,1.3386769315,1.28098353101
2011-02-28,1.34769891788,1.29088447221
2011-03-01,1.32072312184,1.26270154364
2011-03-02,1.32136281608,1.26321408396
2011-03-03,1.34721870547,1.28392203951
2011-03-04,1.33419268788,1.27331595316
2011-03-07,1.31915120099,1.26909320554
2011-03-08,1.33732520691,1.27955341806
2011-03-09,1.33114424987,1.2810279522
2011-03-10,1.30744935063,1.25221401991
2011-03-11,1.31940969448,1.26293874782
2011-03-14,1.30833793505,1.25565610436
2011-03-15,1.29962121202,1.2396169888
2011-03-16,1.27551757058,1.21891852946
2011-03-17,1.29007470039,1.23658561316
2011-03-18,1.2978544215,1.24236727481
2011-03-21,1.31408170388,1.26177651844
2011-03-22,1.30721216383,1.25921019511
2011-03-23,1.31633829068,1.25901524333
2011-03-24,1.32682901503,1.2643349721
2011-03-25,1.33110919839,1.26906061304
2011-03-28,1.32313495845,1.26526933277
2011-03-29,1.33264219214,1.27544239269
2011-03-30,1.34562522904,1.28659623754
2011-03-31,1.34414148262,1.28256665094
2011-04-01,1.35201402415,1.29036956062
2011-04-04,1.35624499056,1.29290168162
2011-04-05,1.36447308222,1.29907201268
2011-04-06,1.35512307849,1.29585831906
2011-04-07,1.35239074336,1.29291998333
2011-04-08,1.34807752449,1.28741751866
2011-04-11,1.33429790321,1.27415667846
2011-04-12,1.31403139836,1.25380045498
2011-04-13,1.31468861206,1.24988221079
2011-04-14,1.31793247813,1.25006018079
2011-04-15,1.32657790014,1.25649220055
2011-04-18,1.30991436077,1.23869456786
2011-04-19,1.32302616947,1.251524432
2011-04-20,1.34708504218,1.26786613278
2011-04-21,1.35646036473,1.27674777597
2011-04-25,1.35021395126,1.27070344603
2011-04-26,1.36045963757,1.2823180479
2011-04-27,1.36719717802,1.28609694985
2011-04-28,1.36886322922,1.28931874834
2011-04-29,1.37696249311,1.29659642691
2011-05-02,1.36882895495,1.285483741
2011-05-03,1.36404761656,1.2861287762
2011-05-04,1.35113866718,1.27443673322
2011-05-05,1.33874559714,1.26085631261
2011-05-06,1.34491830125,1.2687916152
2011-05-09,1.35076910875,1.27466387452
2011-05-10,1.36461925911,1.2883953762
2011-05-11,1.34206043507,1.26989621109
2011-05-12,1.34609613697,1.27386611992
2011-05-13,1.33056393804,1.26047701554
2011-05-16,1.3223748036,1.25899014386
2011-05-17,1.3211206753,1.26062067732
2011-05-18,1.33790658203,1.27001418267
2011-05-19,1.3392517752,1.27094193373
2011-05-20,1.32433900364,1.26052727681
2011-05-23,1.30942525275,1.24535606587
2011-05-24,1.30875962147,1.2464496115
2011-05-25,1.31522356578,1.25151016166
2011-05-26,1.3225102428,1.25443302329
2011-05-27,1.33143078437,1.26175760004
2011-05-31,1.34354460542,1.27341436688
2011-06-01,1.30445069746,1.24185663714
2011-06-02,1.30442187962,1.24153687319
2011-06-03,1.29043808912,1.23072583121
2011-06-06,1.27340018433,1.21694756237
2011-06-07,1.27456894268,1.218135504
2011-06-08,1.26288820091,1.2111455657
2011-06-09,1.27823790924,1.2227771852
2011-06-10,1.26216603402,1.21219678204
2011-06-13,1.26339208712,1.21573995122
2011-06-14,1.28116567074,1.22724816598
2011-06-15,1.25536590986,1.20380298448
2011-06-16,1.25258287995,1.20530697126
2011-06-17,1.25944182954,1.21165662311
2011-06-20,1.26609923844,1.21710634417
2011-06-21,1.29148337918,1.23332276389
2011-06-22,1.28378939992,1.22640686578
2011-06-23,1.2807188157,1.21851910946
2011-06-24,1.27123290443,1.21473038948
2011-06-27,1.28160628377,1.22265962613
2011-06-28,1.30006019132,1.23432095368
2011-06-29,1.31780952038,1.25207111385
2011-06-30,1.32850265015,1.25976088275
2011-07-01,1.34906071893,1.2758136355
2011-07-05,1.34837780552,1.27440580696
2011-07-06,1.34705924984,1.27238671908
2011-07-07,1.36784215152,1.29152059644
2011-07-08,1.35473621882,1.28016895696
2011-07-11,1.32272437268,1.25177732366
2011-07-12,1.3175316507,1.24635837485
2011-07-13,1.32497823425,1.25244668046
2011-07-14,1.3145564479,1.2421727335
2011-07-15,1.32953860342,1.24531016444
2011-07-18,1.31692732412,1.23079407464
2011-07-19,1.33706140044,1.24999003716
2011-07-20,1.340430303,1.25211725034
2011-07-21,1.36526633076,1.27192277471
2011-07-22,1.36433007486,1.27045954961
2011-07-25,1.35814160911,1.26359700541
2011-07-26,1.35045263521,1.25772462419
2011-07-27,1.32109907083,1.23093501661
2011-07-28,1.31858923834,1.22827720589
2011-07-29,1.30801900143,1.22061614115
2011-08-01,1.30444224134,1.21568344336
2011-08-02,1.26708859305,1.1768687586
2011-08-03,1.26894100132,1.18370113266
2011-08-04,1.18990382004,1.11779096336
2011-08-05,1.17756158453,1.10948407286
2011-08-08,1.07833350591,1.02431608988
2011-08-09,1.14659743234,1.08734190268
2011-08-10,1.09358413148,1.03431503702
2011-08-11,1.15079252874,1.08573431332
2011-08-12,1.15345558419,1.09013591498
2011-08-15,1.18472789402,1.11272927677
2011-08-16,1.16408480708,1.09754063793
2011-08-17,1.16912892975,1.10029442449
2011-08-18,1.10492982493,1.04299006833
2011-08-19,1.08509795084,1.02542149126
2011-08-22,1.07777140668,1.02232821907
2011-08-23,1.11835836919,1.05869379744
2011-08-24,1.13570253355,1.07926026627
2011-08-25,1.12235893658,1.06680559875
2011-08-26,1.14075677338,1.0849195021
2011-08-29,1.17913931079,1.12128688559
2011-08-30,1.18209330327,1.12366315554
2011-08-31,1.19104282367,1.13165957766
2011-09-01,1.17371863275,1.11354481591
2011-09-02,1.13666544443,1.07824183068
2011-09-06,1.12392963424,1.06898195846
2011-09-07,1.16624799289,1.10535537581
2011-09-08,1.14817257606,1.08751024533
2011-09-09,1.11077589145,1.05452509713
2011-09-12,1.11427482353,1.06035663576
2011-09-13,1.12376204176,1.07257735944
2011-09-14,1.13873647716,1.08837195496
2011-09-15,1.16234172614,1.10983034785
2011-09-16,1.16397588783,1.11637474499
2011-09-19,1.14159999997,1.10024191886
2011-09-20,1.13352196833,1.09281347239
2011-09-21,1.0820137953,1.04673598462
2011-09-22,1.03102613216,1.00684226772
2011-09-23,1.03037513707,1.01504497782
2011-09-26,1.06927322436,1.04867267324
2011-09-27,1.08354030712,1.05984925981
2011-09-28,1.04547467615,1.02846194892
2011-09-29,1.05900886186,1.03517319548
2011-09-30,1.02325443229,1.00059686825
2011-10-03,0.986162232894,0.966036763193
2011-10-04,1.01885518589,0.997971798472
2011-10-05,1.05213175617,1.02298257224
2011-10-06,1.07469406774,1.04737380662
2011-10-07,1.06393293266,1.02813895952
2011-10-10,1.1073480772,1.07080694855
2011-10-11,1.10960679886,1.0725085292
2011-10-12,1.11990087969,1.08679052625
2011-10-13,1.11429383233,1.08021617
2011-10-14,1.14568908223,1.10048595272
2011-10-17,1.11486810041,1.07076283318
2011-10-18,1.14706205665,1.09989869377
2011-10-19,1.12741572609,1.07694570626
2011-10-20,1.13702170266,1.08422034172
2011-10-21,1.16131878185,1.10781444874
2011-10-24,1.18283138495,1.13070553778
2011-10-25,1.15650307113,1.10374413187
2011-10-26,1.17462821334,1.11861753033
2011-10-27,1.23029348319,1.17254572147
2011-10-28,1.2360235352,1.17690902242
2011-10-31,1.1891899751,1.1372660958
2011-11-01,1.15303505677,1.09783008592
2011-11-02,1.16899025961,1.11759428363
2011-11-03,1.19265497538,1.13893928928
2011-11-04,1.18487198243,1.13297073578
2011-11-07,1.19152830665,1.14026765323
2011-11-08,1.2045008123,1.15286158662
2011-11-09,1.16554017269,1.1100885968
2011-11-10,1.1752799964,1.12267924116
2011-11-11,1.19663162381,1.14464931943
2011-11-14,1.18769955674,1.13500072383
2011-11-15,1.19728060164,1.13982268871
2011-11-16,1.18189583591,1.12186842375
2011-11-17,1.16603279231,1.10341326384
2011-11-18,1.16492417257,1.1073608571
2011-11-21,1.14292374247,1.0864503677
2011-11-22,1.1402034074,1.08171070349
2011-11-23,1.11830299594,1.0600100273
2011-11-25,1.11712045788,1.05901902415
2011-11-28,1.14762724978,1.08951232126
2011-11-29,1.15003956335,1.09434515081
2011-11-30,1.19324324631,1.14214303932
2011-12-01,1.19303234007,1.13752072203
2011-12-02,1.18787200893,1.13073172646
2011-12-05,1.19935880472,1.13770498551
2011-12-06,1.20341426708,1.1396336158
2011-12-07,1.20522400541,1.14326744162
2011-12-08,1.18175306485,1.12239356621
2011-12-09,1.19703395968,1.14032873605
2011-12-12,1.17892709159,1.12544676195
2011-12-13,1.167855456,1.11900391215
2011-12-14,1.15519930566,1.11249807205
2011-12-15,1.16081932966,1.12302427502
2011-12-16,1.16384163606,1.12290462876
2011-12-19,1.15171102304,1.11750110336
2011-12-20,1.18546439901,1.14571860744
2011-12-21,1.18381930458,1.15238835456
2011-12-22,1.19204240823,1.15869371313
2011-12-23,1.20255267752,1.16754473059
2011-12-27,1.20381203185,1.16905176461
2011-12-28,1.18830828655,1.15675726501
2011-12-29,1.19841615046,1.16635479519
2011-12-30,1.19505265693,1.1615055734
2012-01-03,1.21070677571,1.17417129954
2012-01-04,1.21280340805,1.17451722733
2012-01-05,1.21392240226,1.17867237529
2012-01-06,1.21064888887,1.17740499724
2012-01-09,1.2136873852,1.1780797058
2012-01-10,1.22231281411,1.18488806812
2012-01-11,1.22311003962,1.18413085397
2012-01-12,1.22864586075,1.18642912875
2012-01-13,1.22265125213,1.18378784316
2012-01-17,1.22812532873,1.18877917305
2012-01-18,1.2386821303,1.19831607932
2012-01-19,1.24684539063,1.20262021487
2012-01-20,1.24498131232,1.1993591887
2012-01-23,1.24554765363,1.19691691992
2012-01-24,1.24346511426,1.19605127753
2012-01-25,1.25602898275,1.20639257239
2012-01-26,1.25090347738,1.20246731538
2012-01-27,1.24781748103,1.1997389356
2012-01-30,1.24493627079,1.19545639217
2012-01-31,1.24467970266,1.19593227226
2012-02-01,1.25630663021,1.20398386213
2012-02-02,1.25916673666,1.2034383959
2012-02-03,1.27304004745,1.21524187703
2012-02-06,1.27190449009,1.21190155368
2012-02-07,1.272910258,1.21565396792
2012-02-08,1.27656271166,1.21674640039
2012-02-09,1.28418480288,1.21755399149
2012-02-10,1.27616572236,1.21279102238
2012-02-13,1.28589144774,1.22082149926
2012-02-14,1.28621008322,1.22299825755
2012-02-15,1.27817440408,1.22025740021
2012-02-16,1.29107859741,1.22683267962
2012-02-17,1.29306938393,1.22945513637
2012-02-21,1.29393113335,1.22275335768
2012-02-22,1.29077121789,1.22056880146
2012-02-23,1.29603804438,1.2250489732
2012-02-24,1.29995911289,1.22793202803
2012-02-27,1.3010692667,1.23112908978
2012-02-28,1.30514669535,1.23637503183
2012-02-29,1.3013005901,1.233130439
2012-03-01,1.304734335,1.23809352581
2012-03-02,1.30196911869,1.23750169349
2012-03-05,1.29717485193,1.23808037974
2012-03-06,1.27966072742,1.2228203788
2012-03-07,1.28775976609,1.22990152858
2012-03-08,1.30115879363,1.24147063281
2012-03-09,1.30547358075,1.24690985356
2012-03-12,1.30752769948,1.24726546157
2012-03-13,1.32843050997,1.26271940037
2012-03-14,1.3277149487,1.2607936303
2012-03-15,1.33493447378,1.26364240026
2012-03-16,1.33463390715,1.26196235473
2012-03-19,1.33819372114,1.2642845481
2012-03-20,1.33233477454,1.26253318657
2012-03-21,1.33260988734,1.26350052178
2012-03-22,1.32704425093,1.26146136349
2012-03-23,1.32880041459,1.26419176885
2012-03-26,1.34485589734,1.28111534418
2012-03-27,1.34303922882,1.28099816002
2012-03-28,1.3361262492,1.2753780147
2012-03-29,1.33532977801,1.27607061125
2012-03-30,1.33860461925,1.283666001
2012-04-02,1.34930443951,1.28923484021
2012-04-03,1.3433365459,1.28354875834
2012-04-04,1.3380334443,1.27681459402
2012-04-05,1.33292181902,1.27498889692
2012-04-09,1.31939839691,1.25891226157
2012-04-10,1.3008860084,1.24193234848
2012-04-11,1.30891061101,1.25010353853
2012-04-12,1.31977320463,1.26141798039
2012-04-13,1.31262773381,1.25184144041
2012-04-16,1.31974149426,1.2548480037
2012-04-17,1.33365778214,1.27209719221
2012-04-18,1.3309806204,1.26913270204
2012-04-19,1.32349427787,1.26376100744
2012-04-20,1.33559766248,1.27345425137
2012-04-23,1.32184565445,1.25884281649
2012-04-24,1.33077437292,1.26592582237
2012-04-25,1.3367896577,1.27391786547
2012-04-26,1.34603007761,1.28019255585
2012-04-27,1.34965445664,1.28241911088
2012-04-30,1.34493471617,1.27707181133
2012-05-01,1.3492691396,1.28062019781
2012-05-02,1.33941034433,1.27811740278
2012-05-03,1.32705059159,1.27229290923
2012-05-04,1.31129784213,1.25631559193
2012-05-07,1.30796299359,1.25819271522
2012-05-08,1.30625610726,1.25534222806
2012-05-09,1.29936440526,1.24668744337
2012-05-10,1.30591627055,1.25135192675
2012-05-11,1.30220699831,1.24862020303
2012-05-14,1.28976634765,1.23996115001
2012-05-15,1.27760152416,1.23095165108
2012-05-16,1.27544168753,1.22872042991
2012-05-17,1.26129259948,1.21331309301
2012-05-18,1.25586463666,1.20568968319
2012-05-21,1.27472482873,1.22238571077
2012-05-22,1.27844108369,1.21932021669
2012-05-23,1.27985266131,1.22101368641
2012-05-24,1.28081349987,1.23139811325
2012-05-25,1.27748192499,1.22838371991
2012-05-29,1.29134128162,1.23956123716
2012-05-30,1.26879713221,1.22651782784
2012-05-31,1.26612079269,1.22198524129
2012-06-01,1.24226815643,1.19827530285
2012-06-04,1.24469941101,1.20017823092
2012-06-05,1.24924506326,1.20535803383
2012-06-06,1.27354407518,1.22950308307
2012-06-07,1.27855659158,1.23143098863
2012-06-08,1.28317243195,1.23746353586
2012-06-11,1.27495305112,1.22627128525
2012-06-12,1.28342189063,1.23781708158
2012-06-13,1.27744005616,1.23148537167
2012-06-14,1.29288297911,1.24977163641
2012-06-15,1.30397336839,1.25998673065
2012-06-18,1.30278628298,1.26008857205
2012-06-19,1.30777725597,1.26965064479
2012-06-20,1.29955691903,1.26465465878
2012-06-21,1.27203860001,1.23652009242
2012-06-22,1.27623011728,1.244860685
2012-06-25,1.26324686604,1.22792561013
2012-06-26,1.26933151206,1.23447411531
2012-06-27,1.2853634176,1.24983335852
2012-06-28,1.29172185586,1.25257649408
2012-06-29,1.31523812089,1.28091834386
2012-07-02,1.32020079437,1.28446287876
2012-07-03,1.32575493584,1.30008295947
2012-07-05,1.32102003125,1.29275258647
2012-07-06,1.31359709371,1.28066716558
2012-07-09,1.31142594748,1.27735374985
2012-07-10,1.30554484484,1.26645931898
2012-07-11,1.30367729705,1.26959494778
2012-07-12,1.30302824229,1.26439401006
2012-07-13,1.32005170606,1.28206774874
2012-07-16,1.31456306884,1.28083794506
2012-07-17,1.31926344858,1.28972096748
2012-07-18,1.32889758673,1.30090973904
2012-07-19,1.33121148468,1.30535666772
2012-07-20,1.32391299376,1.29880408626
2012-07-23,1.31494188072,1.28672570436
2012-07-24,1.30480219606,1.27405255641
2012-07-25,1.30618468879,1.27286716583
2012-07-26,1.32681172612,1.298534873
2012-07-27,1.34663040951,1.32048716988
2012-07-30,1.34930635431,1.32412904952
2012-07-31,1.34238294555,1.31898332312
2012-08-01,1.33325597461,1.31704366796
2012-08-02,1.32447523794,1.30439432663
2012-08-03,1.35018005629,1.32827076939
2012-08-06,1.35312961232,1.33157421734
2012-08-07,1.35841858138,1.33668434751
2012-08-08,1.36108074371,1.33779466614
2012-08-09,1.36109915413,1.34237360627
2012-08-10,1.36416453549,1.34552623037
2012-08-13,1.3644112546,1.34472082799
2012-08-14,1.36462721411,1.34253528786
2012-08-15,1.36602999004,1.34052331676
2012-08-16,1.3780295848,1.34966047612
2012-08-17,1.38324568062,1.35086517583
2012-08-20,1.38270336055,1.35056516941
2012-08-21,1.37589768803,1.34296158643
2012-08-22,1.37303178027,1.3447080113
2012-08-23,1.36196318845,1.33149255513
2012-08-24,1.37086887264,1.33897086643
2012-08-27,1.37057873857,1.34054402912
2012-08-28,1.36801344493,1.33898719205
2012-08-29,1.36780024486,1.33617978174
2012-08-30,1.35698987007,1.3241936828
2012-08-31,1.36352191284,1.33179405717
2012-09-04,1.36049529833,1.32909078937
2012-09-05,1.35552150843,1.32810607959
2012-09-06,1.38034604002,1.35790502108
2012-09-07,1.390748286,1.36343318199
2012-09-10,1.38518155359,1.35500031276
2012-09-11,1.39156742466,1.35843038987
2012-09-12,1.39372305661,1.36498970325
2012-09-13,1.4130862106,1.38211432137
2012-09-14,1.41926753745,1.38897846752
2012-09-17,1.41043454521,1.38544293703
2012-09-18,1.40574322738,1.38361410919
2012-09-19,1.40271105227,1.38993586778
2012-09-20,1.40137911135,1.38404620677
2012-09-21,1.40078662774,1.3829341287
2012-09-24,1.40261844706,1.37874395671
2012-09-25,1.39019858344,1.36077245556
2012-09-26,1.38493532963,1.35269685012
2012-09-27,1.3937177898,1.36734506849
2012-09-28,1.39170377452,1.36031950092
2012-10-01,1.39362547093,1.36065760645
2012-10-02,1.39895274565,1.35658612862
2012-10-03,1.39944649566,1.3604347083
2012-10-04,1.40961251468,1.37297437174
2012-10-05,1.40823333037,1.37802705734
2012-10-08,1.40941273642,1.37518182837
2012-10-09,1.40338926419,1.35819618006
2012-10-10,1.39048051512,1.34626754494
2012-10-11,1.39473793009,1.34743279814
2012-10-12,1.38883609528,1.34586459876
2012-10-15,1.39976476,1.35722413232
2012-10-16,1.41392649728,1.37692824568
2012-10-17,1.42555188213,1.38607429626
2012-10-18,1.42778443197,1.38784786484
2012-10-19,1.40799181952,1.36211245495
2012-10-22,1.40472534321,1.36150983407
2012-10-23,1.38338537364,1.33958944003
2012-10-24,1.37726651499,1.33475547924
2012-10-25,1.38747543377,1.33517748866
2012-10-26,1.38620038742,1.33786330471
2012-10-31,1.38684059259,1.34043614909
2012-11-01,1.38711799347,1.36175067469
2012-11-02,1.37034812782,1.3458258023
2012-11-05,1.36885348389,1.35347689362
2012-11-06,1.37851507798,1.36783299615
2012-11-07,1.34535322972,1.34337110942
2012-11-08,1.32994069516,1.32196824021
2012-11-09,1.32920197916,1.31883461178
2012-11-12,1.32579484196,1.32010393747
2012-11-13,1.32337872858,1.31880665768
2012-11-14,1.31055133407,1.29949073972
2012-11-15,1.30607318566,1.29828070098
2012-11-16,1.31210405561,1.30388815735
2012-11-19,1.33463641711,1.33556040673
2012-11-20,1.33019335393,1.3364123437
2012-11-21,1.33214391224,1.34109996789
2012-11-23,1.34465280588,1.35910634899
2012-11-26,1.34766745248,1.35293640519
2012-11-27,1.34298290499,1.34540176238
2012-11-28,1.35153083582,1.35721808601
2012-11-29,1.35729359917,1.36257908841
2012-11-30,1.36112264772,1.36296252708
2012-12-03,1.35475844591,1.34921324561
2012-12-04,1.35333338102,1.34944090257
2012-12-05,1.35342462982,1.34864647219
2012-12-06,1.35730838722,1.35100974316
2012-12-07,1.35918962314,1.3589479197
2012-12-10,1.36167752134,1.36321535777
2012-12-11,1.37525172694,1.37432545994
2012-12-12,1.37546223065,1.3741841761
2012-12-13,1.36398408238,1.36475121592
2012-12-14,1.35611226721,1.36461154393
2012-12-17,1.36929882039,1.37695270316
2012-12-18,1.38800806798,1.39443128772
2012-12-19,1.37753542333,1.38432299011
2012-12-20,1.38211775213,1.39260820721
2012-12-21,1.36958053639,1.37988413701
2012-12-24,1.36299014837,1.37695790756
2012-12-26,1.35685341681,1.37623107872
2012-12-27,1.35487164716,1.37308669858
2012-12-28,1.3375012959,1.35484289877
2012-12-31,1.360112845,1.37881195974
2013-01-02,1.39417775296,1.40964055239
2013-01-03,1.39166001555,1.4066707803
2013-01-04,1.39700268156,1.41970341821
2013-01-07,1.39423584646,1.41655946084
2013-01-08,1.39110739952,1.41586285069
2013-01-09,1.39626487677,1.4233421681
2013-01-10,1.40611854437,1.43301670286
2013-01-11,1.40720098904,1.43274795744
2013-01-14,1.40475976906,1.43339656195
2013-01-15,1.40332693374,1.4354312831
2013-01-16,1.40595854989,1.43309665318
2013-01-17,1.41504898951,1.44405992589
2013-01-18,1.42073600013,1.45361514402
2013-01-22,1.42793840122,1.46427664412
2013-01-23,1.43054455141,1.45933898914
2013-01-24,1.42707943365,1.4653394229
2013-01-25,1.43590149165,1.47549616333
2013-01-28,1.43491908613,1.46828623001
2013-01-29,1.44869290563,1.48426877462
2013-01-30,1.44332159372,1.47757019557
2013-01-31,1.44107470506,1.47011426622
2013-02-01,1.45466636306,1.48452567574
2013-02-04,1.43832848575,1.46958349372
2013-02-05,1.45330427846,1.48171256563
2013-02-06,1.45333956028,1.482416487
2013-02-07,1.45030327239,1.4766866424
2013-02-08,1.46266526933,1.48785652021
2013-02-11,1.46021309197,1.48372853927
2013-02-12,1.45932553944,1.48473807298
2013-02-13,1.46056516024,1.48792356351
2013-02-14,1.46449277681,1.49163505291
2013-02-15,1.45963576447,1.48688558253
2013-02-19,1.47157700785,1.49361324991
2013-02-20,1.45144042077,1.46610737492
2013-02-21,1.44193022256,1.45601189761
2013-02-22,1.4549626615,1.46958350428
2013-02-25,1.43006060294,1.44013663851
2013-02-26,1.4387249315,1.45116031739
2013-02-27,1.45533838455,1.47234715809
2013-02-28,1.45291758403,1.47175221141
2013-03-01,1.45804900453,1.47640277985
2013-03-04,1.4611252086,1.47866441048
2013-03-05,1.47518126278,1.48942141592
2013-03-06,1.47641500799,1.49534751343
2013-03-07,1.47972771516,1.49894665231
2013-03-08,1.48397273891,1.50633987226
2013-03-11,1.48792178624,1.51198938171
2013-03-12,1.48890315533,1.51519044946
2013-03-13,1.4875622751,1.51288616675
2013-03-14,1.49835635599,1.52323542607
2013-03-15,1.49481865033,1.52218725152
2013-03-18,1.48773365153,1.51125369963
2013-03-19,1.48195026409,1.50388199194
2013-03-20,1.49130303598,1.51470485957
2013-03-21,1.48041517576,1.50061480653
2013-03-22,1.49122096603,1.50903482721
2013-03-25,1.48673796111,1.5018111609
2013-03-26,1.50086870199,1.51642092788
2013-03-27,1.50374938422,1.52054159608
2013-03-28,1.50775210775,1.52552074824
2013-04-01,1.50428422183,1.52098470198
2013-04-02,1.50185416248,1.52716502826
2013-04-03,1.48550038397,1.51323809748
2013-04-04,1.4872217067,1.51971709241
2013-04-05,1.48349099484,1.52015437288
2013-04-08,1.4918704533,1.52782413876
2013-04-09,1.50113361641,1.53214297194
2013-04-10,1.51931808403,1.54757625287
2013-04-11,1.52114165268,1.55598577529
2013-04-12,1.50820099823,1.55124286123
2013-04-15,1.46427965535,1.51376133851
2013-04-16,1.48296326965,1.53337588689
2013-04-17,1.45384272543,1.51733285027
2013-04-18,1.45047600419,1.51667476305
2013-04-19,1.45262367197,1.5307749451
2013-04-22,1.46213505697,1.53844077411
2013-04-23,1.47650817629,1.54861471522
2013-04-24,1.48890906481,1.54770364559
2013-04-25,1.49350957397,1.55030905487
2013-04-26,1.49106045249,1.55014609482
2013-04-29,1.50572509138,1.56121210961
2013-04-30,1.51331327539,1.56066568344
2013-05-01,1.49401924208,1.54150583707
2013-05-02,1.51211900037,1.55028871588
2013-05-03,1.52889569528,1.56192386676
2013-05-06,1.53133234684,1.5528369899
2013-05-07,1.53734882297,1.56439382885
2013-05-08,1.54620241933,1.56604956802
2013-05-09,1.54537270757,1.55840596925
2013-05-10,1.55342115722,1.56416122225
2013-05-13,1.55430043043,1.56208400594
2013-05-14,1.56759421201,1.57745532608
2013-05-15,1.57418188119,1.58811050299
2013-05-16,1.56885310644,1.57586788673
2013-05-17,1.58508485801,1.5895196123
2013-05-20,1.58305150334,1.58381247923
2013-05-21,1.58778710098,1.58996905561
2013-05-22,1.57733054623,1.57404428843
2013-05-23,1.57549374219,1.57070739376
2013-05-24,1.57137876257,1.56194870522
2013-05-28,1.58194271378,1.56669172868
2013-05-29,1.56929961047,1.54927407458
2013-05-30,1.57944903206,1.55608610277
2013-05-31,1.55795723975,1.53288997991
2013-06-03,1.56535682174,1.53887681947
2013-06-04,1.55571643974,1.53041324428
2013-06-05,1.53704715803,1.50332515542
2013-06-06,1.54948996087,1.52090927039
2013-06-07,1.56547583944,1.53904361149
2013-06-10,1.56590211515,1.54245090361
2013-06-11,1.55043728687,1.52471353049
2013-06-12,1.53856211067,1.51155981423
2013-06-13,1.56098606462,1.5382099652
2013-06-14,1.55118049281,1.52697330859
2013-06-17,1.56450508629,1.53735356662
2013-06-18,1.57598050497,1.54733906601
2013-06-19,1.5566838655,1.52816704833
2013-06-20,1.51667905898,1.49099684302
2013-06-21,1.5195005897,1.494674484
2013-06-24,1.50158587875,1.47368338
2013-06-25,1.51469275822,1.48825197173
2013-06-26,1.52812409016,1.50272035523
2013-06-27,1.53340576789,1.5107593529
2013-06-28,1.52512545918,1.50102567578
2013-07-01,1.53277678363,1.50676468914
2013-07-02,1.53363857611,1.50466455829
2013-07-03,1.53555635324,1.50251360738
2013-07-05,1.55218540639,1.52174801466
2013-07-08,1.55811165244,1.53131501343
2013-07-09,1.56691644926,1.54497735405
2013-07-10,1.56876349467,1.54512473909
2013-07-11,1.58852323479,1.56497776183
2013-07-12,1.59504667023,1.56991487162
2013-07-15,1.59662336218,1.57405980519
2013-07-16,1.5906129794,1.56504316875
2013-07-17,1.59483464715,1.57354547644
2013-07-18,1.60064050516,1.5822296228
2013-07-19,1.60618255082,1.59281655704
2013-07-22,1.6086040531,1.59957163521
2013-07-23,1.60542464752,1.5971810391
2013-07-24,1.60203285294,1.58752991752
2013-07-25,1.60860370528,1.59562277286
2013-07-26,1.6122702472,1.59662678597
2013-07-29,1.60536351421,1.59418200321
2013-07-30,1.60709292984,1.59272770978
2013-07-31,1.60722827132,1.59137233455
2013-08-01,1.62497525087,1.60713626068
2013-08-02,1.62515785836,1.61010882668
2013-08-05,1.62430835447,1.60690461369
2013-08-06,1.61560692109,1.59451952636
2013-08-07,1.6128023711,1.59159692926
2013-08-08,1.61740155657,1.60076549708
2013-08-09,1.61118322942,1.60023910527
2013-08-12,1.61025133972,1.59520104047
2013-08-13,1.61694161348,1.60172737411
2013-08-14,1.6097573612,1.59431275364
2013-08-15,1.58909688992,1.57378317509
2013-08-16,1.58402945834,1.56615021912
2013-08-19,1.57494774111,1.55619545815
2013-08-20,1.58043830837,1.56556703141
2013-08-21,1.57324530412,1.5547615396
2013-08-22,1.58668184348,1.57032450377
2013-08-23,1.59568845654,1.5765305965
2013-08-26,1.59298798569,1.57391598889
2013-08-27,1.57168616032,1.54365519197
2013-08-28,1.58296947316,1.54556716252
2013-08-29,1.58186163679,1.55012670142
2013-08-30,1.5771296365,1.54490859984
2013-09-03,1.58488689149,1.55550200568
2013-09-04,1.59883693737,1.57028039621
2013-09-05,1.60171966157,1.57322827745
2013-09-06,1.60220506201,1.57279985021
2013-09-09,1.61787731338,1.59003308647
2013-09-10,1.62484438652,1.6044489605
2013-09-11,1.63006362634,1.61185104993
2013-09-12,1.62650000821,1.60143611824
2013-09-13,1.6280913387,1.6078493582
2013-09-16,1.63202743945,1.62447540298
2013-09-17,1.63748022244,1.62590476943
2013-09-18,1.65434203013,1.64650980652
2013-09-19,1.65151533422,1.64070218553
2013-09-20,1.64212053345,1.63032991837
2013-09-23,1.63730654036,1.61474448365
2013-09-24,1.63267487427,1.60830353463
2013-09-25,1.62741787308,1.60843041211
2013-09-26,1.63234084095,1.6139095747
2013-09-27,1.62708999032,1.60551620742
2013-09-30,1.61839985526,1.59871961304
2013-10-01,1.63340013278,1.61146569539
2013-10-02,1.63353283995,1.61133999186
2013-10-03,1.61926998765,1.59801958364
2013-10-04,1.63289281698,1.61594438866
2013-10-07,1.61997412941,1.59718542723
2013-10-08,1.59781652672,1.57430290241
2013-10-09,1.59698955225,1.57599880597
2013-10-10,1.62816477509,1.61436844717
2013-10-11,1.64113655744,1.62301469555
2013-10-14,1.65064098282,1.63148301949
2013-10-15,1.64174191333,1.62069415453
2013-10-16,1.66641061848,1.64869812025
2013-10-17,1.67243011769,1.66526363756
2013-10-18,1.68576566653,1.66578875697
2013-10-21,1.68338332058,1.66175888717
2013-10-22,1.6915549301,1.67598937539
2013-10-23,1.6789220404,1.66669419532
2013-10-24,1.68294547392,1.67029851479
2013-10-25,1.68994624839,1.67509922633
2013-10-28,1.69416915351,1.67284589559
2013-10-29,1.70557568715,1.679268805
2013-10-30,1.6974645543,1.67064739017
2013-10-31,1.69142170477,1.66166020731
2013-11-01,1.69272009056,1.66484113044
2013-11-04,1.7038658188,1.66969015473
2013-11-05,1.69717883631,1.66391143227
2013-11-06,1.70316212928,1.67207548482
2013-11-07,1.67528496115,1.65254053501
2013-11-08,1.69742675689,1.67582422614
2013-11-11,1.70003395239,1.67758763478
2013-11-12,1.6953219691,1.67697898786
2013-11-13,1.71397684268,1.68794400658
2013-11-14,1.71987169804,1.69586330574
2013-11-15,1.72614413495,1.70394146676
2013-11-18,1.71504584274,1.69573262836
2013-11-19,1.71153214297,1.69260148708
2013-11-20,1.70538206368,1.6878849283
2013-11-21,1.72154271309,1.69953929045
2013-11-22,1.72664602311,1.70893438911
2013-11-25,1.72193474672,1.70767457394
2013-11-26,1.72587775949,1.7065838136
2013-11-27,1.72875530972,1.71120736283
2013-11-29,1.73045514304,1.71269397354
2013-12-02,1.72624410698,1.70968361826
2013-12-03,1.72350808096,1.69935351648
2013-12-04,1.72082293778,1.70059501829
2013-12-05,1.71768011816,1.69452972279
2013-12-06,1.72822908661,1.71353540074
2013-12-09,1.73041664197,1.71944586132
2013-12-10,1.72787516626,1.71769940175
2013-12-11,1.70914656376,1.69283934486
2013-12-12,1.70595156429,1.68386857451
2013-12-13,1.70366854954,1.68517396597
2013-12-16,1.71795052417,1.69412721818
2013-12-17,1.71302625487,1.69501874584
2013-12-18,1.73456122775,1.72013776625
2013-12-19,1.73687016325,1.72079147097
2013-12-20,1.74483089417,1.72996767736
2013-12-23,1.7556909582,1.74261198743
2013-12-24,1.76180994494,1.74958687444
2013-12-26,1.77179401954,1.75856263405
2013-12-27,1.77142312472,1.75936334383
2013-12-30,1.76869693137,1.75952464071
2013-12-31,1.78052402311,1.76509783969
2014-01-02,1.76350307401,1.75128217516
2014-01-03,1.75693240409,1.74845419744
2014-01-06,1.75312179968,1.7418456621
2014-01-07,1.76641771284,1.7522471145
2014-01-08,1.76071733357,1.76087287127
2014-01-09,1.75498929265,1.75923442358
2014-01-10,1.75839144308,1.76450185589
2014-01-13,1.72867098673,1.74546881236
2014-01-14,1.75089821852,1.7707403952
2014-01-15,1.75776999383,1.78086828158
2014-01-16,1.75531934758,1.7835867116
2014-01-17,1.7484912113,1.7782515346
2014-01-21,1.75573440825,1.78827956485
2014-01-22,1.75926720776,1.78242026071
2014-01-23,1.74736938509,1.76837221423
2014-01-24,1.71282395073,1.72739636874
2014-01-27,1.70311160437,1.71489586596
2014-01-28,1.70782362711,1.72245052814
2014-01-29,1.69115854952,1.71488833382
2014-01-30,1.70923334868,1.73518502427
2014-01-31,1.69526487315,1.72762357382
2014-02-03,1.65850639942,1.69080324571
2014-02-04,1.67306396498,1.70347985231
2014-02-05,1.66880436766,1.70144584829
2014-02-06,1.69504290618,1.71943093863
2014-02-07,1.71578977136,1.74495422012
2014-02-10,1.7137958193,1.75382301263
2014-02-11,1.73237534504,1.77565695523
2014-02-12,1.73383745374,1.77692265986
2014-02-13,1.74256206729,1.7905443633
2014-02-14,1.75471539769,1.79870724998
2014-02-18,1.75839587148,1.80497872628
2014-02-19,1.75240241506,1.79510340372
2014-02-20,1.76135956396,1.80882202413
2014-02-21,1.75560608819,1.80380523964
2014-02-24,1.76909263337,1.80854295464
2014-02-25,1.77135844055,1.80757675877
2014-02-26,1.77147569656,1.81265901093
2014-02-27,1.7792266321,1.82579441001
2014-02-28,1.78528597189,1.82855266404
2014-03-03,1.76947812152,1.81613228755
2014-03-04,1.79101568964,1.84507433433
2014-03-05,1.78877594732,1.84579413651
2014-03-06,1.79537775061,1.84515994883
2014-03-07,1.793833983,1.83906228968
2014-03-10,1.7921941503,1.84010166184
2014-03-11,1.78063538576,1.83120843107
2014-03-12,1.78079610547,1.83185816435
2014-03-13,1.75965116303,1.81091570978
2014-03-14,1.75605039124,1.80392849499
2014-03-17,1.76997429011,1.82174569131
2014-03-18,1.78521030349,1.83960181529
2014-03-19,1.77436055477,1.82981673674
2014-03-20,1.78277017396,1.84265016965
2014-03-21,1.77759737075,1.82589963658
2014-03-24,1.76998025546,1.81391236564
2014-03-25,1.77542803482,1.82624750486
2014-03-26,1.76074228225,1.81021506946
2014-03-27,1.76066278632,1.80499607459
2014-03-28,1.77474486672,1.80923881592
2014-03-31,1.7832894179,1.82860354276
2014-04-01,1.80200785332,1.8430390609
2014-04-02,1.80850811113,1.85060986922
2014-04-03,1.80652810126,1.84702195163
2014-04-04,1.78290607838,1.81721835124
2014-04-07,1.75667509572,1.79757078166
2014-04-08,1.77372679855,1.80033609994
2014-04-09,1.79063072531,1.83026234364
2014-04-10,1.75379422802,1.78370693239
2014-04-11,1.73762174878,1.76425658198
2014-04-14,1.75593562298,1.77811989795
2014-04-15,1.76765295769,1.79100708597
2014-04-16,1.78873242163,1.80869252058
2014-04-17,1.79428031725,1.80969159156
2014-04-21,1.80234651443,1.81925664958
2014-04-22,1.80882558787,1.83053479612
2014-04-23,1.80299492484,1.82112232414
2014-04-24,1.81097269425,1.82214608129
2014-04-25,1.78963702764,1.80558126562
2014-04-28,1.79479771322,1.81222466772
2014-04-29,1.80441787531,1.8242132399
2014-04-30,1.80814937019,1.83148321654
2014-05-01,1.80905659413,1.82902124788
2014-05-02,1.80863504595,1.82966731978
2014-05-05,1.80987278134,1.83480881631
2014-05-06,1.78594393911,1.82100718697
2014-05-07,1.79347063274,1.83189668323
2014-05-08,1.798461286,1.83194966691
2014-05-09,1.80214128085,1.83551497029
2014-05-12,1.82379653386,1.85210487827
2014-05-13,1.82188509608,1.85419462024
2014-05-14,1.80791544523,1.84817226779
2014-05-15,1.79309917077,1.83036541132
2014-05-16,1.80214499233,1.8401205122
2014-05-19,1.81185485722,1.84546357886
2014-05-20,1.79936389299,1.83640122926
2014-05-21,1.81457744988,1.84685765165
2014-05-22,1.82167427609,1.84847776747
2014-05-23,1.83351426693,1.859899446
2014-05-27,1.84720963423,1.86690140733
2014-05-28,1.84380178754,1.86466022611
2014-05-29,1.85134842135,1.87947046123
2014-05-30,1.85394453342,1.88483788206
2014-06-02,1.85666126894,1.8848834961
2014-06-03,1.85538170888,1.88024556769
2014-06-04,1.8611957416,1.88466746388
2014-06-05,1.87514642827,1.89427697258
2014-06-06,1.88574928768,1.90184354281
2014-06-09,1.89067302713,1.90120400121
2014-06-10,1.88950289937,1.90242919297
2014-06-11,1.88199572961,1.89568360032
2014-06-12,1.86472780847,1.88036304131
2014-06-13,1.86889227379,1.88630620136
2014-06-16,1.86725468657,1.8872808103
2014-06-17,1.87754061962,1.89005359481
2014-06-18,1.88911425036,1.90755014734
2014-06-19,1.88563291084,1.90874560778
2014-06-20,1.88441605386,1.90924050886
2014-06-23,1.88837115109,1.90845629194
2014-06-24,1.87939998536,1.89683976741
2014-06-25,1.88770224193,1.90335743292
2014-06-26,1.88529035182,1.9003077374
2014-06-27,1.89308727506,1.90335746599
2014-06-30,1.89241224581,1.90513861494
2014-07-01,1.90941443118,1.91459364292
2014-07-02,1.91045899652,1.91773494862
2014-07-03,1.92316572562,1.92820707649
2014-07-07,1.91707786094,1.92447831571
2014-07-08,1.89953579965,1.91576028602
2014-07-09,1.91197010368,1.92392519819
2014-07-10,1.90004564252,1.91829318392
2014-07-11,1.90651968417,1.92359808752
2014-07-14,1.91680777066,1.930108933
2014-07-15,1.91793821689,1.92196562604
2014-07-16,1.92434425285,1.93239921288
2014-07-17,1.90158049963,1.91730832032
2014-07-18,1.92238562413,1.93544917149
2014-07-21,1.91697024081,1.92983311227
2014-07-22,1.92698077239,1.93502513309
2014-07-23,1.9290493878,1.93801514226
2014-07-24,1.93136337111,1.93846450538
2014-07-25,1.91984804745,1.93622613994
2014-07-28,1.92250344311,1.93576436958
2014-07-29,1.9160576728,1.92697456994
2014-07-30,1.92298832954,1.91759146344
2014-07-31,1.88589070665,1.8820923106
2014-08-01,1.87363456414,1.88259633421
2014-08-04,1.88281590928,1.90673003416
2014-08-05,1.8622680942,1.88181493744
2014-08-06,1.86157298164,1.8869499435
2014-08-07,1.86018395286,1.87422956628
2014-08-08,1.88512618465,1.90086653727
2014-08-11,1.88278492263,1.90315535813
2014-08-12,1.88578982624,1.89894376997
2014-08-13,1.89492933191,1.90674768379
2014-08-14,1.9042939992,1.9081170253
2014-08-15,1.90553896582,1.91345601232
2014-08-18,1.91719243285,1.92740007064
2014-08-19,1.92823414481,1.93905354541
2014-08-20,1.93217589468,1.94438895605
2014-08-21,1.94037528599,1.94343743436
2014-08-22,1.93360074695,1.9378464487
2014-08-25,1.94603229829,1.94783733239
2014-08-26,1.94038742241,1.9518511445
2014-08-27,1.9459196559,1.95121062596
2014-08-28,1.94914077809,1.950997183
2014-08-29,1.95748192731,1.95553327325
2014-09-02,1.9512946426,1.94575238181
2014-09-03,1.949818109,1.94803623114
2014-09-04,1.94974674316,1.94723030736
2014-09-05,1.9626424912,1.95598673514
2014-09-08,1.95994583259,1.95078473234
2014-09-09,1.94102401634,1.93728633075
2014-09-10,1.94534637784,1.94411619447
2014-09-11,1.95392252965,1.94166810722
2014-09-12,1.9389463596,1.93204895088
2014-09-15,1.93676561757,1.92858924284
2014-09-16,1.95257212769,1.94368403993
2014-09-17,1.95542390782,1.94777337188
2014-09-18,1.96097664903,1.95985138341
2014-09-19,1.96367004982,1.96064233095
2014-09-22,1.94993983505,1.94775357944
2014-09-23,1.94218787849,1.93504089556
2014-09-24,1.94772893833,1.96036266207
2014-09-25,1.91877430474,1.93014506133
2014-09-26,1.9327916049,1.945036859
2014-09-29,1.93453221066,1.93758870094
2014-09-30,1.93628189474,1.92276433343
2014-10-01,1.92209626005,1.89238015333
2014-10-02,1.92254200759,1.89239608363
2014-10-03,1.94108468145,1.91533543907
2014-10-06,1.93928813123,1.90876130808
2014-10-07,1.91735156671,1.87802368636
2014-10-08,1.95598762179,1.91203365259
2014-10-09,1.92076077128,1.86881951083
2014-10-10,1.90243860812,1.8500852962
2014-10-13,1.88938426032,1.80716222611
2014-10-14,1.89878499332,1.80880745586
2014-10-15,1.87388101646,1.80277796565
2014-10-16,1.87089825204,1.80621920682
2014-10-17,1.88969597405,1.83045207525
2014-10-20,1.90682024168,1.85561495151
2014-10-21,1.93291700013,1.89734038681
2014-10-22,1.92818928321,1.88360340468
2014-10-23,1.94257221608,1.90238716459
2014-10-24,1.96078409578,1.91547891545
2014-10-27,1.96076288916,1.90426533686
2014-10-28,1.98126015696,1.92207811835
2014-10-29,1.97835221359,1.91277410846
2014-10-30,1.99894375114,1.9337514744
2014-10-31,2.01676567171,1.95436569276
2014-11-03,2.02658116059,1.95071009762
2014-11-04,2.02315568669,1.9362126691
2014-11-05,2.04469989634,1.9443382604
2014-11-06,2.03383707397,1.9590157412
2014-11-07,2.04203354364,1.95460882237
2014-11-10,2.05092346651,1.96255066397
2014-11-11,2.04648732941,1.97098095346
2014-11-12,2.03527857618,1.97469465327
2014-11-13,2.03318599911,1.97845237556
2014-11-14,2.03293524601,1.97765356584
2014-11-17,2.04031572412,1.97994037702
2014-11-18,2.04681553518,1.99968766347
2014-11-19,2.0403340287,1.99784112653
2014-11-20,2.04234270112,2.00142295758
2014-11-21,2.04938220695,2.01438902541
2014-11-24,2.0519410244,2.02086272934
2014-11-25,2.05170810559,2.02139683773
2014-11-26,2.06181281408,2.02589723666
2014-11-28,2.07278082511,2.02283666534
2014-12-01,2.06065070202,2.00608288698
2014-12-02,2.06781812291,2.01836083991
2014-12-03,2.06342504194,2.01577208643
2014-12-04,2.06226776717,2.01398229947
2014-12-05,2.05734714994,2.02211011791
2014-12-08,2.05442874904,2.01769132766
2014-12-09,2.05544940201,2.01139449798
2014-12-10,2.03005371137,1.9857671633
2014-12-11,2.04546147478,1.9985205163
2014-12-12,2.02023526328,1.97551526796
2014-12-15,2.00584807382,1.96112526202
2014-12-16,1.99389841395,1.94098539556
2014-12-17,2.02790920031,1.97487356881
2014-12-18,2.07333971344,2.01636579056
2014-12-19,2.07454698644,2.0191464671
2014-12-22,2.09120758094,2.02565683946
2014-12-23,2.09962246711,2.01864880923
2014-12-24,2.11133942941,2.02165929748
2014-12-26,2.12414887112,2.03118349564
2014-12-29,2.12699886087,2.03664019637
2014-12-30,2.10362434115,2.02750084426
2014-12-31,2.07450820257,2.00983978748
2015-01-02,2.07450175633,2.00540506336
2015-01-05,2.0506285562,1.98451070555
2015-01-06,2.04199797242,1.97490847806
2015-01-07,2.06612765507,2.01209510941
2015-01-08,2.09643406308,2.04380929305
2015-01-09,2.08416127507,2.02439691628
2015-01-12,2.07237034412,2.0190688608
2015-01-13,2.07361902373,2.01591142864
2015-01-14,2.07359647608,2.0048336747
2015-01-15,2.07156721154,1.99023541976
2015-01-16,2.0899468632,2.016781769
2015-01-20,2.1002538569,2.01581417488
2015-01-21,2.11170982492,2.02469544473
2015-01-22,2.12702599262,2.05201530265
2015-01-23,2.12089019909,2.03934662035
2015-01-26,2.1176044672,2.04640299932
2015-01-27,2.09053371359,2.02823571385
2015-01-28,2.0750864772,2.00183473839
2015-01-29,2.09650612023,2.02183861921
2015-01-30,2.0596540329,1.99177199406
2015-02-02,2.07702786736,2.0086610191
2015-02-03,2.10230655856,2.0302723371
2015-02-04,2.09859002027,2.0203716592
2015-02-05,2.11467982662,2.04193498944
2015-02-06,2.10768712965,2.03819358208
2015-02-09,2.09950914521,2.0217766788
2015-02-10,2.12198313593,2.04622202324
2015-02-11,2.12825893821,2.05006433424
2015-02-12,2.14795210565,2.06250970421
2015-02-13,2.15256260785,2.06145849857
2015-02-17,2.1540489438,2.06878996511
2015-02-18,2.16258347099,2.06898316742
2015-02-19,2.16185005319,2.06286348191
2015-02-20,2.17374942787,2.0771562399
2015-02-23,2.1731339771,2.08053864044
2015-02-24,2.1806644541,2.08545282328
2015-02-25,2.17210482493,2.08282181524
2015-02-26,2.17448914492,2.0839906003
2015-02-27,2.17138707764,2.08080494931
2015-03-02,2.18511730303,2.09344043866
2015-03-03,2.17284641162,2.08248384076
2015-03-04,2.1592579159,2.07669226408
2015-03-05,2.16139343909,2.08439413906
2015-03-06,2.12861009705,2.05207346709
2015-03-09,2.14254297039,2.06317527854
2015-03-10,2.10459381559,2.03097398883
2015-03-11,2.09393340452,2.0297045058
2015-03-12,2.11767709725,2.06324650526
2015-03-13,2.10176678514,2.05177725516
2015-03-16,2.13023764429,2.08375128718
2015-03-17,2.12242970952,2.07515891629
2015-03-18,2.14519814891,2.09283224114
2015-03-19,2.13509070349,2.08734207398
2015-03-20,2.15260067541,2.11045094219
2015-03-23,2.1477175369,2.10555849486
2015-03-24,2.13886830496,2.0896835983
2015-03-25,2.1066502482,2.06390571055
2015-03-26,2.10219175745,2.05875969597
2015-03-27,2.1097337244,2.06709958836
2015-03-30,2.13515790038,2.09106408275
2015-03-31,2.11412586685,2.06747514196
2015-04-01,2.10791518802,2.05936062062
2015-04-02,2.11045898068,2.06453827707
2015-04-06,2.13973046599,2.08213272629
2015-04-07,2.13043900466,2.07628175445
2015-04-08,2.12479411586,2.08152800841
2015-04-09,2.13507493108,2.08728653374
2015-04-10,2.14617659053,2.09317195059
2015-04-13,2.12993919807,2.08513908496
2015-04-14,2.14416245528,2.08747656419
2015-04-15,2.16966766973,2.09838014768
2015-04-16,2.16081728489,2.0968800711
2015-04-17,2.1430058109,2.0743336556
2015-04-20,2.16829773381,2.09355487076
2015-04-21,2.15375596428,2.08929688083
2015-04-22,2.1673720151,2.09825508371
2015-04-23,2.1792819454,2.10050845743
2015-04-24,2.18841702422,2.11268061796
2015-04-27,2.18110684644,2.11704731298
2015-04-28,2.19225434678,2.12105544726
2015-04-29,2.19148450896,2.11096093192
2015-04-30,2.17072530836,2.09426703627
2015-05-01,2.18520041749,2.12070906659
2015-05-04,2.18943572415,2.12044778234
2015-05-05,2.15276741441,2.09581003123
2015-05-06,2.1399398239,2.09221662652
2015-05-07,2.140065019,2.10207335364
2015-05-08,2.16705369213,2.12918848991
2015-05-11,2.1448859142,2.11937336063
2015-05-12,2.14343189245,2.10655956646
2015-05-13,2.13758461885,2.10839463913
2015-05-14,2.15717203203,2.13788393754
2015-05-15,2.16695489302,2.14135341167
2015-05-18,2.17390399122,2.1393079078
2015-05-19,2.16357474122,2.13217256058
2015-05-20,2.16654627714,2.13065780411
2015-05-21,2.17602226921,2.13784991458
2015-05-22,2.17181989993,2.13348904139
2015-05-26,2.14542394331,2.10868008178
2015-05-27,2.16083050723,2.13100666986
2015-05-28,2.15822265988,2.13030993844
2015-05-29,2.15087699098,2.11602026529
2015-06-01,2.15210010754,2.11825679981
2015-06-02,2.14607118549,2.11714490906
2015-06-03,2.13213746448,2.11886952647
2015-06-04,2.11484821201,2.09894288321
2015-06-05,2.10879971365,2.08347637096
2015-06-08,2.09282036219,2.07288329869
2015-06-09,2.08946907668,2.07500662244
2015-06-10,2.1124526769,2.09977585087
2015-06-11,2.1150452173,2.10148509379
2015-06-12,2.09467753151,2.08838196081
2015-06-15,2.08761030296,2.07477214703
2015-06-16,2.10095314878,2.09046917241
2015-06-17,2.10533568881,2.09748565141
2015-06-18,2.1203218743,2.11732736748
2015-06-19,2.10106567411,2.10576571817
2015-06-22,2.11447937653,2.11690196169
2015-06-23,2.10786259702,2.1123722386
2015-06-24,2.09475540229,2.09694093271
2015-06-25,2.08134563625,2.09343891882
2015-06-26,2.08175123931,2.08636215288
2015-06-29,2.04996583301,2.04465197415
2015-06-30,2.05364371365,2.04624069904
2015-07-01,2.05347146905,2.06345839587
2015-07-02,2.06603430909,2.06175734513
2015-07-06,2.0569920401,2.0527273948
2015-07-07,2.08138913704,2.06557968602
2015-07-08,2.05261050259,2.03166974795
2015-07-09,2.04551890934,2.03157885312
2015-07-10,2.06365748339,2.05976689369
2015-07-13,2.07912914587,2.08407633392
2015-07-14,2.08566153838,2.0916750434
2015-07-15,2.07718722893,2.08461409271
2015-07-16,2.09748051571,2.09910550773
2015-07-17,2.09305247076,2.10490389921
2015-07-20,2.08436370098,2.10432968985
2015-07-21,2.0734779344,2.09373266629
2015-07-22,2.05974975383,2.08092324962
2015-07-23,2.04721516188,2.0671152359
2015-07-24,2.03154847723,2.04504848422
2015-07-27,2.02494492948,2.03128201822
2015-07-28,2.05254830916,2.05868830019
2015-07-29,2.06862804115,2.07039910625
2015-07-30,2.07058139304,2.07254503775
2015-07-31,2.06120383235,2.06996476167
2015-08-03,2.04699405191,2.06134956256
2015-08-04,2.04027614197,2.05992533779
2015-08-05,2.04555205123,2.07386433458
2015-08-06,2.04599363953,2.06107299503
2015-08-07,2.030932696,2.04860261672
2015-08-10,2.07634271871,2.0894112555
2015-08-11,2.05886516667,2.05753453039
2015-08-12,2.07471072663,2.06330637812
2015-08-13,2.06152235056,2.05889112878
2015-08-14,2.06769807298,2.06979279981
2015-08-17,2.07648574295,2.08104302232
2015-08-18,2.06906491309,2.0716785976
2015-08-19,2.03891703945,2.05220186282
2015-08-20,1.99288922912,2.00841785913
2015-08-21,1.9260255437,1.94807586767
2015-08-24,1.84349361119,1.87218298898
2015-08-25,1.8217006529,1.84924191988
2015-08-26,1.89215402903,1.91613011668
2015-08-27,1.95284367121,1.96950138325
2015-08-28,1.96905281805,1.97482193568
2015-08-31,1.96410597958,1.95934387336
2015-09-01,1.90260714671,1.9011995223
2015-09-02,1.93785396111,1.93963107703
2015-09-03,1.94050444136,1.94441930581
2015-09-04,1.91096325051,1.91266640323
2015-09-08,1.95642955885,1.96403941257
2015-09-09,1.92873935276,1.94345894917
2015-09-10,1.9392961826,1.95185681152
2015-09-11,1.9403069103,1.9575984741
2015-09-14,1.92993315832,1.94498285961
2015-09-15,1.95663356933,1.96941492858
2015-09-16,1.98204064379,1.98620018044
2015-09-17,1.97416343279,1.97570888241
2015-09-18,1.93390227433,1.93875865672
2015-09-21,1.94722700729,1.95060993351
2015-09-22,1.91997341788,1.91822693602
2015-09-23,1.9090652366,1.90205581172
2015-09-24,1.90779794877,1.89643230518
2015-09-25,1.90912656719,1.89580678647
2015-09-28,1.85690180408,1.8494762389
2015-09-29,1.85730995655,1.85305392076
2015-09-30,1.8934128318,1.88751497181
2015-10-01,1.8935113331,1.89323989777
2015-10-02,1.93648442209,1.92564499781
2015-10-05,1.98709891544,1.97327265422
2015-10-06,2.00229067956,1.98203469096
2015-10-07,2.02269639952,2.00260017442
2015-10-08,2.04836772815,2.02442405279
2015-10-09,2.04889309638,2.02926796886
2015-10-12,2.04065721248,2.02425257764
2015-10-13,2.02468437985,2.01293176817
2015-10-14,2.02214979724,2.00989964196
2015-10-15,2.05039932969,2.02746492947
2015-10-16,2.04918048279,2.02563279924
2015-10-19,2.03852160329,2.02422867232
2015-10-20,2.04315819864,2.02800376354
2015-10-21,2.02952772727,2.0169237722
2015-10-22,2.07576055832,2.06929959967
2015-10-23,2.09565494331,2.09662176143
2015-10-26,2.07422854725,2.08660162552
2015-10-27,2.05439379612,2.0720324163
2015-10-28,2.08525480921,2.09833724626
2015-10-29,2.08645764862,2.0974476957
2015-10-30,2.08546783692,2.09286713911
2015-11-02,2.11603893043,2.1114507152
2015-11-03,2.13827007802,2.1184195451
2015-11-04,2.13065973845,2.11266128193
2015-11-05,2.12339838557,2.1079282253
2015-11-06,2.12215362013,2.11217941637
2015-11-09,2.10287957264,2.09513364066
2015-11-10,2.09962650185,2.08527318727
2015-11-11,2.08531212001,2.08662332609
2015-11-12,2.05411619193,2.05716017281
2015-11-13,2.03468367632,2.04915019628
2015-11-16,2.07624815206,2.07718948856
2015-11-17,2.06739657378,2.07516629664
2015-11-18,2.09868888015,2.10752816223
2015-11-19,2.09565469456,2.11302859268
2015-11-20,2.09708246974,2.11956975351
2015-11-23,2.09418402789,2.11275167607
2015-11-24,2.10777715366,2.11762820481
2015-11-25,2.09986112369,2.1109103756
2015-11-27,2.09778314516,2.11286352937
2015-11-30,2.09649160669,2.11074694168
2015-12-01,2.11083635899,2.12454449971
2015-12-02,2.06898656882,2.09711054248
2015-12-03,2.04107795565,2.07400298316
2015-12-04,2.06346379163,2.11107020015
2015-12-07,2.03782491708,2.10719857083
2015-12-08,2.02853308111,2.09325513195
2015-12-09,2.02669702637,2.08098004401
2015-12-10,2.02129407022,2.07462926092
2015-12-11,1.98078352346,2.04654126309
2015-12-14,1.9927262822,2.05770267861
2015-12-15,2.01682219206,2.06627961284
2015-12-16,2.039418274,2.10536121465
2015-12-17,2.01433951525,2.08436057298
2015-12-18,1.9813767201,2.05173087198
2015-12-21,1.98836033808,2.06331585392
2015-12-22,2.00637810426,2.08358590559
2015-12-23,2.04981025698,2.10833640501
2015-12-24,2.04319828184,2.10725917287
2015-12-28,2.03243907481,2.10654932305
2015-12-29,2.05014885399,2.12660297281
2015-12-30,2.03509886497,2.11417263962
2015-12-31,2.02042714854,2.09153960625
2016-01-04,2.00976340147,2.0718377169
2016-01-05,2.01538382673,2.07684605113
2016-01-06,1.98001575274,2.05637528232
2016-01-07,1.94024784786,2.01315559512
2016-01-08,1.92675566778,2.00087315278
2016-01-11,1.92111138726,2.00919404134
2016-01-12,1.92752693325,2.01960056027
2016-01-13,1.89511811648,1.98533101597
2016-01-14,1.94275046626,2.01563663735
2016-01-15,1.90063606736,1.97928722134
2016-01-19,1.8983535355,1.99020222942
2016-01-20,1.86242013302,1.9609883036
2016-01-21,1.88317241273,1.96671575598
2016-01-22,1.93861017087,2.00238269989
2016-01-25,1.89653712556,1.98086502581
2016-01-26,1.92970200446,2.00404999232
2016-01-27,1.9152100194,1.9848256483
2016-01-28,1.95270399845,2.00804861134
2016-01-29,2.00480932507,2.06016396212
2016-02-01,2.00238057376,2.06720398121
2016-02-02,1.96963597727,2.04795277987
2016-02-03,2.01147849618,2.06013766561
2016-02-04,2.01972747197,2.05407163931
2016-02-05,1.9999785098,2.0240977691
2016-02-08,1.98864600384,2.00309463311
2016-02-09,1.97936494018,2.00736752149
2016-02-10,1.97259219169,2.01351531513
2016-02-11,1.94499046395,1.98909474501
2016-02-12,1.97262669863,2.00477909156
2016-02-16,1.99664625969,2.0333161434
2016-02-17,2.02711434018,2.05420612127
2016-02-18,2.02923515435,2.05856994528
2016-02-19,2.021868265,2.05368620602
2016-02-22,2.05828145987,2.08052158973
2016-02-23,2.02869926533,2.06512571256
2016-02-24,2.03894996452,2.07587062047
2016-02-25,2.05562142619,2.10016603167
2016-02-26,2.04145258962,2.07740477506
2016-02-29,2.0313491067,2.06345514988
2016-03-01,2.05821511279,2.09430370531
2016-03-02,2.07751321282,2.10196290918
2016-03-03,2.09652338384,2.10973591531
2016-03-04,2.10915326815,2.12242287931
2016-03-07,2.12384630952,2.11771558096
2016-03-08,2.0850762266,2.12257213607
2016-03-09,2.10393810882,2.13715861421
2016-03-10,2.10376270251,2.13737423387
2016-03-11,2.13452495651,2.15119579304
2016-03-14,2.12992495608,2.15252461095
2016-03-15,2.12985463773,2.15830140155
2016-03-16,2.14655287611,2.17941734015
2016-03-17,2.17634925051,2.19050153425
2016-03-18,2.18372784401,2.18596072885
2016-03-21,2.18579452026,2.18810134183
2016-03-22,2.17331816099,2.1815936512
2016-03-23,2.15235716277,2.18306848063
2016-03-24,2.1530463983,2.18623040367
2016-03-28,2.15313463132,2.18547436127
2016-03-29,2.1664887625,2.21309804553
2016-03-30,2.17390945465,2.22036721857
2016-03-31,2.16810968826,2.21947620054
2016-04-01,2.16839037263,2.23491599543
2016-04-04,2.15744156906,2.22233707829
2016-04-05,2.13468399303,2.19881556409
2016-04-06,2.14297730619,2.21215202072
2016-04-07,2.12799466451,2.19309116534
2016-04-08,2.13839981735,2.20578368581
2016-04-11,2.13048925471,2.20065642039
2016-04-12,2.14402204401,2.22053637899
2016-04-13,2.14477669953,2.21776325319
2016-04-14,2.14196818301,2.21402582586
2016-04-15,2.15137199295,2.22610638412
2016-04-18,2.15882192032,2.23657478787
2016-04-19,2.1647662729,2.25365699292
2016-04-20,2.13766196906,2.22461867511
2016-04-21,2.10866422788,2.19314488284
2016-04-22,2.11913557735,2.20750002638
2016-04-25,2.12179263507,2.21121328927
2016-04-26,2.12646240667,2.21560002132
2016-04-27,2.14503238325,2.23597960072
2016-04-28,2.13755818817,2.228218084
2016-04-29,2.13600329214,2.22641607274
2016-05-02,2.15278922794,2.24261896106
2016-05-03,2.12866442229,2.22278345291
2016-05-04,2.11195340942,2.22072928931
2016-05-05,2.11734834542,2.20943483932
2016-05-06,2.12411778798,2.21578434862
2016-05-09,2.11476394136,2.21326403523
2016-05-10,2.14605548161,2.23554295304
2016-05-11,2.13637605471,2.22069035626
2016-05-12,2.14069965138,2.2296906552
2016-05-13,2.1136382667,2.21014872232
2016-05-16,2.13860052808,2.22812160126
2016-05-17,2.12422368205,2.20317785383
2016-05-18,2.10672306086,2.17382408657
2016-05-19,2.10713732034,2.18305420183
2016-05-20,2.11118478981,2.19470421325
2016-05-23,2.10878254982,2.19414524494
2016-05-24,2.12550905219,2.21505579446
2016-05-25,2.1425990187,2.22608624922
2016-05-26,2.1404336766,2.22793377015
2016-05-27,2.14434302272,2.23228683979
2016-05-31,2.13683678516,2.23264747794
2016-06-01,2.145003695,2.23511247155
2016-06-02,2.14520471359,2.24367572198
2016-06-03,2.14635605676,2.25691655662
2016-06-06,2.16964661297,2.26550721838
2016-06-07,2.18875039973,2.26616073018
2016-06-08,2.19594013682,2.27598160369
2016-06-09,2.19296940449,2.27524068734
2016-06-10,2.16902067539,2.25975976698
2016-06-13,2.1530425742,2.24640523781
2016-06-14,2.1555649072,2.24305803423
2016-06-15,2.15196011203,2.24361828848
2016-06-16,2.15358011635,2.25334484716
2016-06-17,2.158523105,2.25822326455
2016-06-20,2.17361337955,2.2662384687
2016-06-21,2.18360018267,2.26353464857
2016-06-22,2.17786197728,2.25963451773
2016-06-23,2.20272365356,2.28066802234
2016-06-24,2.13499605759,2.22067341158
2016-06-27,2.09404142695,2.19221206418
2016-06-28,2.12943128935,2.21523023611
2016-06-29,2.16370266765,2.2410844634
2016-06-30,2.19935990771,2.27501496058
2016-07-01,2.20128467192,2.282356466
2016-07-05,2.20422147448,2.27046216857
2016-07-06,2.21008432366,2.2805267981
2016-07-07,2.19687050272,2.27060319313
2016-07-08,2.22639874509,2.30612958859
2016-07-11,2.23067452393,2.31443206988
2016-07-12,2.22351780499,2.31678323154
2016-07-13,2.23522264948,2.31886833962
2016-07-14,2.23608165623,2.32448324553
2016-07-15,2.23804781657,2.32184707723
2016-07-18,2.23868998705,2.32968831712
2016-07-19,2.23728895976,2.32727175658
2016-07-20,2.23185677547,2.32753978233
2016-07-21,2.22621719582,2.32589726157
2016-07-22,2.24077675312,2.34419779284
2016-07-25,2.23466834662,2.34247464798
2016-07-26,2.22875666607,2.33551061339
2016-07-27,2.20640257174,2.32406619926
2016-07-28,2.2121458742,2.33008543745
2016-07-29,2.21786984854,2.33410972447
2016-08-01,2.21743059127,2.33299110928
2016-08-02,2.19843517337,2.32335714873
2016-08-03,2.200035399,2.33607903694
2016-08-04,2.20154859636,2.33405783138
2016-08-05,2.21784371938,2.3383884677
2016-08-08,2.21561308116,2.34626376992
2016-08-09,2.21548242408,2.33953498927
2016-08-10,2.21933668548,2.33246948076
2016-08-11,2.231505437,2.35377994245
2016-08-12,2.23166834506,2.35897786044
2016-08-15,2.23619779459,2.35543265021
2016-08-16,2.22539360163,2.34347600914
2016-08-17,2.22786835925,2.3552106057
2016-08-18,2.23227544838,2.38104631822
2016-08-19,2.23071846559,2.3652357615
2016-08-22,2.23043670252,2.35674599142
2016-08-23,2.23329708267,2.3632134456
2016-08-24,2.22626107193,2.35586339098
2016-08-25,2.22085764405,2.35147515979
2016-08-26,2.21283132056,2.33091435366
2016-08-29,2.22503680594,2.34515195136
2016-08-30,2.21460920654,2.33025251695
2016-08-31,2.2094474493,2.31810895819
2016-09-01,2.21106151334,2.31270426112
2016-09-02,2.23017720201,2.33937130776
2016-09-06,2.23779220741,2.35786811055
2016-09-07,2.23231946226,2.361432672
2016-09-08,2.23018426537,2.37568469039
2016-09-09,2.16096504115,2.29933703988
2016-09-12,2.19649377091,2.32777402362
2016-09-13,2.16663627862,2.28031691878
2016-09-14,2.16669920397,2.27242701487
2016-09-15,2.18374894761,2.29247367866
2016-09-16,2.18258666307,2.29080803309
2016-09-19,2.19168258892,2.29924509106
2016-09-20,2.1928571782,2.2900276947
2016-09-21,2.22148939598,2.33494093415
2016-09-22,2.23778211512,2.34315345339
2016-09-23,2.22960674601,2.32837292063
2016-09-26,2.21834033061,2.31940736956
2016-09-27,2.21637865182,2.30604706019
2016-09-28,2.22222980248,2.34632921645
2016-09-29,2.19794604286,2.32718155956
2016-09-30,2.20658253423,2.33813265675
2016-10-03,2.19064699821,2.32410845811
2016-10-04,2.17586238446,2.31671776678
2016-10-05,2.18914671551,2.3441634125
2016-10-06,2.19068285019,2.34716142559
2016-10-07,2.18611024208,2.33877082618
2016-10-10,2.19699410746,2.35624931457
2016-10-11,2.17313266333,2.3305927819
2016-10-12,2.18270463038,2.33007576288
2016-10-13,2.18175469034,2.31532312255
2016-10-14,2.18027265981,2.3135794354
2016-10-17,2.17484825191,2.29992114569
2016-10-18,2.19187550754,2.31448428794
2016-10-19,2.19987026487,2.33559966602
2016-10-20,2.19804766357,2.33326894745
2016-10-21,2.19918475369,2.33391585472
2016-10-24,2.20939110856,2.33955121485
2016-10-25,2.2045845518,2.3261268129
2016-10-26,2.20785641649,2.32943002384
2016-10-27,2.19934819848,2.32219998941
2016-10-28,2.19655118566,2.31474061335
2016-10-31,2.21062297352,2.30587730604
2016-11-01,2.18820415387,2.29665420841
2016-11-02,2.17281159759,2.28505906496
2016-11-03,2.16864120364,2.278620891
2016-11-04,2.15845427346,2.26795936419
2016-11-07,2.19979868472,2.31718225859
2016-11-08,2.21157178509,2.32393394294
2016-11-09,2.17588327926,2.34812755063
2016-11-10,2.14219022486,2.36073165252
2016-11-11,2.14287340578,2.36678223243
2016-11-14,2.14126815157,2.3862081219
2016-11-15,2.15960722527,2.39300428786
2016-11-16,2.15907457775,2.38503242036
2016-11-17,2.16709975429,2.40497918525
2016-11-18,2.16014672929,2.39989024137
2016-11-21,2.17721366827,2.4131886142
2016-11-22,2.19264988714,2.4269400214
2016-11-23,2.182453571,2.42871459163
2016-11-25,2.19995441446,2.43768232188
2016-11-28,2.20895029995,2.42264412192
2016-11-29,2.21499652766,2.42817158749
2016-11-30,2.17428396166,2.42110113247
2016-12-01,2.16375014374,2.43098661617
2016-12-02,2.1747600005,2.42920069517
2016-12-05,2.17597996337,2.43829790407
2016-12-06,2.17811135842,2.45004957257
2016-12-07,2.21150803301,2.46755489089
2016-12-08,2.20560473382,2.47349713519
2016-12-09,2.227330873,2.49705387348
2016-12-12,2.23548023966,2.49621977125
2016-12-13,2.24566663483,2.50886178
2016-12-14,2.21443146706,2.49150364269
2016-12-15,2.22367997201,2.50747117317
2016-12-16,2.2356587055,2.50572000045
2016-12-19,2.24397400724,2.50424174684
2016-12-20,2.24762882457,2.51232947955
2016-12-21,2.24157155218,2.50538347567
2016-12-22,2.24169758357,2.50302453803
2016-12-23,2.24367989398,2.51227182029
2016-12-27,2.24566489387,2.51484524299
2016-12-28,2.22619073458,2.49479488667
2016-12-29,2.23963661727,2.49408243341
2016-12-30,2.22909586988,2.48865447282
2017-01-03,2.23199988885,2.50920490435
2017-01-04,2.25862834092,2.52169051639
2017-01-05,2.25968522759,2.51985353951
2017-01-06,2.26628532234,2.52739966585
2017-01-09,2.26869635568,2.50355734524
2017-01-10,2.27453202828,2.49656534513
2017-01-11,2.27459976295,2.51582052641
2017-01-12,2.27313055313,2.5122904626
2017-01-13,2.27550245981,2.51183275551
2017-01-17,2.26951591231,2.52746284043
2017-01-18,2.2719568613,2.52302821497
2017-01-19,2.260038036,2.50844712306
2017-01-20,2.26699818154,2.51552681649
2017-01-23,2.26594291957,2.50314940592
2017-01-24,2.28674462109,2.5189194449
2017-01-25,2.30360312322,2.52851395526
2017-01-26,2.3011153888,2.53084622948
2017-01-27,2.30190685162,2.51935016342
2017-01-30,2.28933872404,2.50408549675
2017-01-31,2.29536829544,2.51603407292
2017-02-01,2.30350436566,2.49292884618
2017-02-02,2.2969462366,2.50617315636
2017-02-03,2.31707758151,2.51806025545
2017-02-06,2.31226377075,2.51015574831
2017-02-07,2.30501712443,2.5012087674
2017-02-08,2.30033027061,2.51012838068
2017-02-09,2.31337042349,2.51524649389
2017-02-10,2.32409484665,2.52852881739
2017-02-13,2.34404982538,2.53940313954
2017-02-14,2.3592673294,2.54262864756
2017-02-15,2.37301642174,2.54646403617
2017-02-16,2.36996290637,2.54223704158
2017-02-17,2.36916620026,2.53932756102
2017-02-21,2.3791760713,2.55775067668
2017-02-22,2.38070521592,2.5474441746
2017-02-23,2.3822698316,2.56613802537
2017-02-24,2.3815229268,2.57588892367
2017-02-27,2.38777465024,2.58211408974
2017-02-28,2.38509124398,2.58591597556
2017-03-01,2.43118614672,2.60315925916
2017-03-02,2.40742456416,2.59844373174
2017-03-03,2.41387933909,2.597625917
2017-03-06,2.39950360105,2.59451820402
2017-03-07,2.38717306643,2.58031182969
2017-03-08,2.39070441464,2.54906841989
2017-03-09,2.39554690585,2.55738724711
2017-03-10,2.40165927988,2.566621185
2017-03-13,2.4052251718,2.56858899407
2017-03-14,2.39313623313,2.55512086147
2017-03-15,2.41464287019,2.59822493123
2017-03-16,2.40253292852,2.57414867265
2017-03-17,2.39368610599,2.57398499547
2017-03-20,2.39048627366,2.56572796735
2017-03-21,2.34880988155,2.56533746031
2017-03-22,2.34970267411,2.56862917288
2017-03-23,2.35220181783,2.55990155246
2017-03-24,2.34464436346,2.5603611808
2017-03-27,2.34557101673,2.55541678861
2017-03-28,2.36557531223,2.56693942066
2017-03-29,2.36156695994,2.57617355267
2017-03-30,2.37181603379,2.56923349459
2017-03-31,2.36296373978,2.56734888074
2017-04-03,2.35737295268,2.56471932239
2017-04-04,2.358145507,2.56181014342
2017-04-05,2.35827500755,2.5506198913
2017-04-06,2.36007835185,2.5601636456
2017-04-07,2.35574869052,2.5555092852
2017-04-10,2.35851947009,2.55485760742
2017-04-11,2.35652976747,2.5504990099
2017-04-12,2.35921078701,2.5402235754
2017-04-13,2.34912890422,2.52125737502
2017-04-17,2.36348620424,2.54748599135
2017-04-18,2.35686121712,2.53033594229
2017-04-19,2.35438739917,2.5311165298
2017-04-20,2.36443346606,2.55945885092
2017-04-21,2.36197638756,2.54378850177
2017-04-24,2.37893296355,2.57651052545
2017-04-25,2.38751903593,2.59459910742
2017-04-26,2.39316492432,2.60268656367
2017-04-27,2.40191713418,2.6052373954
2017-04-28,2.39696987036,2.59571779761
2017-05-01,2.39508172772,2.60424426676
2017-05-02,2.39911443972,2.6065155447
2017-05-03,2.38772280962,2.60413489452
2017-05-04,2.39455484404,2.60998929369
2017-05-05,2.40344051432,2.61345494744
2017-05-08,2.39967571992,2.60896594949
2017-05-09,2.39932544757,2.61170491463
2017-05-10,2.39550265717,2.60912972569
2017-05-11,2.39223182247,2.598892168
2017-05-12,2.39359285357,2.59248288988
2017-05-15,2.40235771687,2.60489540185
2017-05-16,2.39065006063,2.60115034399
2017-05-17,2.36938847077,2.54834196671
2017-05-18,2.38018105514,2.56033616738
2017-05-19,2.3908153649,2.57585238344
2017-05-22,2.40390007645,2.58467758111
2017-05-23,2.4057026332,2.59087118177
2017-05-24,2.41520118659,2.59576493191
2017-05-25,2.43267338342,2.60896576685
2017-05-26,2.43358660294,2.60959246472
2017-05-30,2.43568644983,2.60313889819
2017-05-31,2.44517090279,2.60155876205
2017-06-01,2.46753104506,2.63009145392
2017-06-02,2.47674054625,2.63558556275
2017-06-05,2.46957194733,2.6321832143
2017-06-06,2.45865029428,2.61875808879
2017-06-07,2.46505770823,2.62938106166
2017-06-08,2.45059916212,2.6313015689
2017-06-09,2.45182171348,2.65017231796
2017-06-12,2.44878753286,2.6504175755
2017-06-13,2.45748247849,2.66242476604
2017-06-14,2.46539077578,2.66765468431
2017-06-15,2.46583703371,2.65939379577
2017-06-16,2.47076441877,2.65960989521
2017-06-19,2.48290117943,2.68482658415
2017-06-20,2.47591811865,2.66904366512
2017-06-21,2.48301679308,2.67434902464
2017-06-22,2.48621821943,2.67622904869
2017-06-23,2.48119027494,2.67043875343
2017-06-26,2.48870925287,2.67744544727
2017-06-27,2.46532361819,2.6667852373
2017-06-28,2.47011151371,2.69440840501
2017-06-29,2.4480423718,2.68408690166
2017-06-30,2.44985673885,2.68657716674
2017-07-03,2.44684498035,2.70073315116
2017-07-05,2.44572776023,2.70529004175
2017-07-06,2.42654042807,2.67762645906
2017-07-07,2.43847650954,2.6962193078
2017-07-10,2.43803543967,2.69534958371
2017-07-11,2.43499803226,2.68460666744
2017-07-12,2.45367951759,2.700445113
2017-07-13,2.45165117493,2.70673434728
2017-07-14,2.46362599538,2.71181777604
2017-07-17,2.46643471223,2.70786338979
2017-07-18,2.4731515024,2.71122736756
2017-07-19,2.48730727193,2.72338255723
2017-07-20,2.49701445826,2.72712270785
2017-07-21,2.50262958036,2.72670633085
2017-07-24,2.49161203722,2.72720499484
2017-07-25,2.48675156479,2.73821142031
2017-07-26,2.4914981395,2.72863314099
2017-07-27,2.49399999767,2.72409664828
2017-07-28,2.490471851,2.72159511244
2017-07-31,2.49231826728,2.72697353943
2017-08-01,2.49664363135,2.73300538066
2017-08-02,2.49606762609,2.72990187781
2017-08-03,2.49934975947,2.7256543256
2017-08-04,2.49382980425,2.72982576705
2017-08-07,2.50015741452,2.73241656586
2017-08-08,2.50017000519,2.72616219682
2017-08-09,2.49193641621,2.72191542959
2017-08-10,2.47187665533,2.68083969867
2017-08-11,2.47338064273,2.6843279701
2017-08-14,2.48955426966,2.70901337097
2017-08-15,2.48667172579,2.7014725363
2017-08-16,2.49657271778,2.70676353572
2017-08-17,2.46707804905,2.66561270931
2017-08-18,2.46429443598,2.65747905354
2017-08-21,2.47251330665,2.66054853253
2017-08-22,2.49293621348,2.69059598674
2017-08-23,2.48256004282,2.67328971999
2017-08-24,2.48261154113,2.67402702003
2017-08-25,2.48761943793,2.67896885657
2017-08-28,2.49401487646,2.67849908154
2017-08-29,2.49298719325,2.67653240196
2017-08-30,2.50059913686,2.69119383612
2017-08-31,2.51877325865,2.71199980934
2017-09-01,2.51921078956,2.71789628181
2017-09-05,2.51428866347,2.69088663328
2017-09-06,2.51971022445,2.70306333088
2017-09-07,2.52802514949,2.68989421236
2017-09-08,2.53294421941,2.69894929656
2017-09-11,2.55114384589,2.72617579763
2017-09-12,2.54248335912,2.74281413089
2017-09-13,2.5412009418,2.7473574332
2017-09-14,2.54481854585,2.74182667623
2017-09-15,2.54090048949,2.73899790248
2017-09-18,2.52914576193,2.74629620866
2017-09-19,2.51995454476,2.74519032701
2017-09-20,2.51741488053,2.75462300738
2017-09-21,2.51149955742,2.75061117821
2017-09-22,2.50610902999,2.75102334445
2017-09-25,2.50940704005,2.74531728583
2017-09-26,2.50660768995,2.74359551016
2017-09-27,2.4997635172,2.75959130711
2017-09-28,2.50239468413,2.76073362535
2017-09-29,2.50993856121,2.77394651324
2017-10-02,2.52151050396,2.79300690728
2017-10-03,2.52247339379,2.79991389656
2017-10-04,2.53930513106,2.80498862815
2017-10-05,2.54387507194,2.82056512737
2017-10-06,2.54314722545,2.82153061555
2017-10-09,2.53625976005,2.80910554449
2017-10-10,2.54558058843,2.81460360421
2017-10-11,2.55131263109,2.81513809697
2017-10-12,2.54914450224,2.80069150223
2017-10-13,2.54509418208,2.8032192694
2017-10-16,2.5406480079,2.80646593201
2017-10-17,2.55737418599,2.81474577628
2017-10-18,2.55468562064,2.81851720459
2017-10-19,2.56889324134,2.82498242942
2017-10-20,2.5724910467,2.83933307409
2017-10-23,2.56505378463,2.82985528172
2017-10-24,2.56219220303,2.83259224199
2017-10-25,2.55391485056,2.82191674314
2017-10-26,2.54860360127,2.82121314595
2017-10-27,2.56746761388,2.83543781063
2017-10-30,2.55475596274,2.81725529126
2017-10-31,2.55427080817,2.81316813551
2017-11-01,2.55166061633,2.81713889156
2017-11-02,2.54451591731,2.81463655529
2017-11-03,2.55804790873,2.82227260601
2017-11-06,2.55836677996,2.82516534507
2017-11-07,2.56530342871,2.80847369892
2017-11-08,2.5688358481,2.80710584815
2017-11-09,2.57132086222,2.80547732687
2017-11-10,2.56460756546,2.79970026624
2017-11-13,2.57855170434,2.80519753008
2017-11-14,2.58670186928,2.80185016309
2017-11-15,2.57299454831,2.7975791701
2017-11-16,2.58610567669,2.81549096475
2017-11-17,2.58049588106,2.81492137238
2017-11-20,2.57596517647,2.8170620204
2017-11-21,2.59108080248,2.83400050092
2017-11-22,2.59159886374,2.82998988224
2017-11-24,2.59720113594,2.83428090426
2017-11-27,2.60230476907,2.83509842989
2017-11-28,2.62232130995,2.87671276741
2017-11-29,2.63086566054,2.90184670941
2017-11-30,2.64482833566,2.92035186343
2017-12-01,2.63796858541,2.91813841823
2017-12-04,2.65466552897,2.91400362032
2017-12-05,2.63740696379,2.89985348632
2017-12-06,2.64312578175,2.88792694946
2017-12-07,2.63894727594,2.89994045884
2017-12-08,2.64952034409,2.92370778664
2017-12-11,2.65243232094,2.93279258983
2017-12-12,2.64655104197,2.93505056231
2017-12-13,2.64273780252,2.9408738989
2017-12-14,2.63199590819,2.92071784688
2017-12-15,2.65315971778,2.93746418187
2017-12-18,2.65109734095,2.95230748437
2017-12-19,2.63278135205,2.95280590295
2017-12-20,2.62299529684,2.9667341173
2017-12-21,2.62013964492,2.9862424421
2017-12-22,2.62025500595,2.98545147791
2017-12-26,2.61486482435,2.99560179372
2017-12-27,2.61912917377,2.99626214199
2017-12-28,2.62579657845,3.00120935134
2017-12-29,2.6197046382,2.99041783083
2018-01-02,2.60588135413,3.02301605228
2018-01-03,2.61096944444,3.04816133472
2018-01-04,2.61632923619,3.06506664245
2018-01-05,2.62774325193,3.07971764406
2018-01-08,2.63784224792,3.09133431422
2018-01-09,2.63391761263,3.09735831873
2018-01-10,2.6289777387,3.09528696645
2018-01-11,2.63379347382,3.1463482774
2018-01-12,2.64228879856,3.17977345568
2018-01-16,2.63448051677,3.14925432482
2018-01-17,2.65990132884,3.16929963469
2018-01-18,2.65494133465,3.15405917175
2018-01-19,2.66072239199,3.16488422504
2018-01-22,2.67820950669,3.19928818277
2018-01-23,2.69115675528,3.20722380709
2018-01-24,2.68510818533,3.20804200666
2018-01-25,2.69461359585,3.19882153541
2018-01-26,2.716447908,3.22742393681
2018-01-29,2.69344363662,3.20120628065
2018-01-30,2.67448953413,3.16630752055
2018-01-31,2.69314176781,3.16665054395
2018-02-01,2.6874910041,3.16118343985
2018-02-02,2.65989631445,3.09669994294
2018-02-05,2.57622593928,2.96036117868
2018-02-06,2.59449274951,3.00725013336
2018-02-07,2.58668590348,3.00541247986
2018-02-08,2.51252182583,2.90114704105
2018-02-09,2.54767202519,2.93187208707
2018-02-12,2.5736082761,2.97138293623
2018-02-13,2.58259438042,2.98242174203
2018-02-14,2.5961232191,3.01796769219
2018-02-15,2.63264890352,3.05528229889
2018-02-16,2.64240920173,3.05816980879
2018-02-20,2.61857625226,3.02162195558
2018-02-21,2.60216723737,3.01139332201
2018-02-22,2.60639615415,3.01228393644
2018-02-23,2.65510866225,3.0453683127
2018-02-26,2.67089108541,3.08120209085
2018-02-27,2.6284869282,3.04508838203
2018-02-28,2.6045494347,3.00575093075
2018-03-01,2.58083451011,2.96515616503
2018-03-02,2.5833932537,2.97735853261
2018-03-05,2.62036904611,3.01220348685
2018-03-06,2.61515554161,3.0194233114
2018-03-07,2.59615245949,3.02268388753
2018-03-08,2.60496286208,3.03788311575
2018-03-09,2.63747823103,3.09918096226
2018-03-12,2.64382661173,3.07852260721
2018-03-13,2.6331619354,3.06334044958
2018-03-14,2.63585296937,3.03578249022
2018-03-15,2.62989001417,3.0373530967
2018-03-16,2.64442456071,3.04360203121
2018-03-19,2.61444695896,3.01193695232
2018-03-20,2.6228602597,3.01925518473
2018-03-21,2.6419389382,3.01578138106
2018-03-22,2.60901783306,2.916571582
2018-03-23,2.57447494757,2.85269435094
2018-03-26,2.62389413448,2.92612069312
2018-03-27,2.61118824644,2.8821385989
2018-03-28,2.58349501619,2.88573624378
2018-03-29,2.61807020594,2.92011028583
2018-04-02,2.56877058674,2.85545416509
2018-04-03,2.59557220524,2.90331034202
2018-04-04,2.62574821579,2.9260120218
2018-04-05,2.64376419924,2.95049528905
2018-04-06,2.59667728143,2.88540351073
2018-04-09,2.60480065152,2.90476199196
2018-04-10,2.62339203028,2.96778437862
2018-04-11,2.61228884416,2.95863593407
2018-04-12,2.61076532067,2.98201896187
2018-04-13,2.61203591065,2.97794996451
2018-04-16,2.63725620395,3.00048203766
2018-04-17,2.66938348621,3.01217452088
2018-04-18,2.67115484429,3.02484778974
2018-04-19,2.66023727784,3.03259728388
2018-04-20,2.63842404059,3.02264251361
2018-04-23,2.64429458185,3.03189610573
2018-04-24,2.62924770877,3.00674003358
2018-04-25,2.63705534703,3.0188180353
2018-04-26,2.67131187301,3.04703139345
2018-04-27,2.68794064486,3.04112913074
2018-04-30,2.66803520572,3.01684392967
2018-05-01,2.66607514723,3.01018097916
2018-05-02,2.64692050838,2.989166728
2018-05-03,2.63388329243,2.96952876105
2018-05-04,2.65633102082,2.9950515878
2018-05-07,2.65336141911,3.00153258782
2018-05-08,2.62087132531,3.00896364015
2018-05-09,2.62287303899,3.0503486293
2018-05-10,2.64990092742,3.07972980445
2018-05-11,2.66618085579,3.09539206899
2018-05-14,2.67055211537,3.1086217858
2018-05-15,2.64639691113,3.09388887855
2018-05-16,2.65207099082,3.10502268637
2018-05-17,2.64248409847,3.1191989419
2018-05-18,2.64381467835,3.1050143848
2018-05-21,2.65396507141,3.12424058062
2018-05-22,2.65132565834,3.11486886813
2018-05-23,2.66852839571,3.11145008072
2018-05-24,2.67401902834,3.08187669707
2018-05-25,2.67789509493,3.04990476563
2018-05-29,2.6616899447,3.00240364289
2018-05-30,2.69028932243,3.06609362965
2018-05-31,2.67747200551,3.03865078762
2018-06-01,2.68001036636,3.06508615266
2018-06-04,2.68135765599,3.08066689703
2018-06-05,2.68171524047,3.06938996513
2018-06-06,2.68758177015,3.10073583931
2018-06-07,2.69012112221,3.11180731291
2018-06-08,2.69758782723,3.13205621925
2018-06-11,2.69888429268,3.14042755087
2018-06-12,2.70952159824,3.13926944098
2018-06-13,2.69744189773,3.13250469842
2018-06-14,2.71437112438,3.13008242526
2018-06-15,2.71605838938,3.14564638907
2018-06-18,2.70783145934,3.11814272041
2018-06-19,2.70243228094,3.12383236006
2018-06-20,2.70219989699,3.12447043583
2018-06-21,2.69056065926,3.11752846599
2018-06-22,2.71369385725,3.12605648942
2018-06-25,2.70655690984,3.11102308327
2018-06-26,2.70817917792,3.09990222794
2018-06-27,2.70229594875,3.07656508396
2018-06-28,2.70646277318,3.08650665174
2018-06-29,2.71276647843,3.08797644077
2018-07-02,2.71656053584,3.08874675722
2018-07-03,2.72327665102,3.07861229685
2018-07-05,2.73499244056,3.10021247219
2018-07-06,2.75220094992,3.1120226138
2018-07-09,2.74565035466,3.15072577897
2018-07-10,2.76886626112,3.16263129362
2018-07-11,2.74147368204,3.13685205665
2018-07-12,2.74593388506,3.14956246632
2018-07-13,2.75047754174,3.15722148991
2018-07-16,2.73159380605,3.16638994515
2018-07-17,2.73918574026,3.18074877402
2018-07-18,2.72649597488,3.20067826616
2018-07-19,2.73833666283,3.18466672332
2018-07-20,2.725024744,3.1918775415
2018-07-23,2.70961159446,3.19329074369
2018-07-24,2.73586084543,3.20282839379
2018-07-25,2.75329278015,3.22938568645
2018-07-26,2.77835837484,3.24294563972
2018-07-27,2.767973512,3.24680757835
2018-07-30,2.76833646043,3.23561650331
2018-07-31,2.78324073583,3.25674114103
2018-08-01,2.75483398526,3.23277181373
2018-08-02,2.74825679617,3.24269140375
2018-08-03,2.76257552022,3.26263460595
2018-08-06,2.76634608529,3.27099373754
2018-08-07,2.7748137288,3.27698024124
2018-08-08,2.7593871069,3.26653430156
2018-08-09,2.76010757234,3.25076871802
2018-08-10,2.74827687712,3.22447409124
2018-08-13,2.7287464763,3.20895217303
2018-08-14,2.74045698457,3.23386628845
2018-08-15,2.70319666478,3.224735315
2018-08-16,2.7250661053,3.26811150079
2018-08-17,2.73882039763,3.28547704265
2018-08-20,2.7477786743,3.29558128008
2018-08-21,2.74899108596,3.30000548709
2018-08-22,2.74795396816,3.27860189008
2018-08-23,2.73681490461,3.26782872516
2018-08-24,2.75916603475,3.27495005064
2018-08-27,2.77261106254,3.3039841331
2018-08-28,2.76324870936,3.29690440333
2018-08-29,2.78262079699,3.29858812243
2018-08-30,2.76940721737,3.27898903915
2018-08-31,2.75558143542,3.27813620197
2018-09-04,2.75145987795,3.28125810964
2018-09-05,2.76910893303,3.30246045888
2018-09-06,2.75935613368,3.30392767006
2018-09-07,2.74171537293,3.29712810652
2018-09-10,2.74704572953,3.30552331402
2018-09-11,2.7550444688,3.30231930914
2018-09-12,2.75935048218,3.30856740161
2018-09-13,2.77030588845,3.31207402882
2018-09-14,2.76985730078,3.32224031983
2018-09-17,2.77768514947,3.32212881031
2018-09-18,2.78296238395,3.33304596481
2018-09-19,2.7757809701,3.34845555033
2018-09-20,2.78803428123,3.37381491212
2018-09-21,2.79598963862,3.37863087825
2018-09-24,2.7882591774,3.32951130968
2018-09-25,2.7770923058,3.31528049194
2018-09-26,2.74986791329,3.30267797987
2018-09-27,2.75101479709,3.29895269871
2018-09-28,2.75570628118,3.28868985529
2018-10-01,2.77379353474,3.30085611053
2018-10-02,2.78738992188,3.31439093657
2018-10-03,2.78638668431,3.2992421644
2018-10-04,2.77073249458,3.28789363457
2018-10-05,2.77340274529,3.2730825653
2018-10-08,2.77047186285,3.2904094464
2018-10-09,2.78583205592,3.23506981853
2018-10-10,2.70792282507,3.15942348616
2018-10-11,2.64902457405,3.09294133444
2018-10-12,2.6772497062,3.10850023178
2018-10-15,2.66014031908,3.11359624913
2018-10-16,2.70270913355,3.15920503421
2018-10-17,2.69137689917,3.150075971
2018-10-18,2.67135039347,3.11922917038
2018-10-19,2.67808032949,3.13323580479
2018-10-22,2.66948533285,3.11348867502
2018-10-23,2.63862593771,3.09191604784
2018-10-24,2.59048058623,3.03177802197
2018-10-25,2.61329717256,3.053472276
2018-10-26,2.57267585288,3.01679366713
2018-10-29,2.55691329865,3.01119746103
2018-10-30,2.58795733468,3.07453789625
2018-10-31,2.60128314686,3.08464582256
2018-11-01,2.61374097304,3.13746696713
2018-11-02,2.58963864166,3.12771347901
2018-11-05,2.61553070109,3.14927465426
2018-11-06,2.63085816265,3.18393122211
2018-11-07,2.68072630734,3.22632081691
2018-11-08,2.65896112877,3.22048184114
2018-11-09,2.64343663848,3.20074726374
2018-11-12,2.59411160017,3.15839159032
2018-11-13,2.57904481589,3.15755034398
2018-11-14,2.55827297921,3.14568700746
2018-11-15,2.58404005704,3.17212022859
2018-11-16,2.60636411714,3.1851030097
2018-11-19,2.57770920617,3.1513633617
2018-11-20,2.52813873628,3.09304643768
2018-11-21,2.53389707504,3.1002606287
2018-11-23,2.50042635417,3.09057433509
2018-11-26,2.53601038831,3.11119000221
2018-11-27,2.54199370351,3.10591511341
2018-11-28,2.58420169831,3.15516114288
2018-11-29,2.58120564944,3.16498902494
2018-11-30,2.60081887083,3.18478666505
2018-12-03,2.64746337837,3.21663690622
2018-12-04,2.58933481016,3.12112232583
2018-12-06,2.57638363345,3.10248093611
2018-12-07,2.54499001413,3.03756910932
2018-12-10,2.54497142102,3.04275438305
2018-12-11,2.54986432907,3.04219812908
2018-12-12,2.55395263498,3.05510048
2018-12-13,2.56566332442,3.04702847968
2018-12-14,2.52441166001,3.00767711324
2018-12-17,2.46348349469,2.95063230158
2018-12-18,2.44521856242,2.94886060435
2018-12-19,2.41864996491,2.9075717953
2018-12-20,2.38265962089,2.85954770487
2018-12-21,2.34807231122,2.82326312219
2018-12-24,2.26232255214,2.74285031242
2018-12-26,2.36199054859,2.85146720634
2018-12-27,2.37853484294,2.88997695822
2018-12-28,2.37300909835,2.88223401074
2018-12-31,2.38579278377,2.90383578663
2019-01-02,2.38594968108,2.90698587547
2019-01-03,2.33335493679,2.82904077389
2019-01-04,2.41047397312,2.93305695675
2019-01-07,2.42852792792,2.9665708291
2019-01-08,2.44899279447,3.00141874772
2019-01-09,2.46500921365,3.01368424301
2019-01-10,2.47577420415,3.03316875251
2019-01-11,2.47156674395,3.02908437215
2019-01-14,2.45802216577,3.0150856884
2019-01-15,2.48123181283,3.01458509913
2019-01-16,2.47650149353,3.01711787369
2019-01-17,2.49297716195,3.05874118562
2019-01-18,2.5325845556,3.10913204912
2019-01-22,2.49201255839,3.05776695273
2019-01-23,2.49589780248,3.05443378803
2019-01-24,2.4970697239,3.05860317277
2019-01-25,2.51630270048,3.10203063779
2019-01-28,2.49991629366,3.08445373171
2019-01-29,2.49541393416,3.10261532321
2019-01-30,2.53854280102,3.15016009755
2019-01-31,2.55850366569,3.1488626019
2019-02-01,2.57589821357,3.13808788834
2019-02-04,2.59714950349,3.15669361553
2019-02-05,2.60597449538,3.18334157288
2019-02-06,2.60274738783,3.17298551392
2019-02-07,2.57107365537,3.14255827164
2019-02-08,2.57629215692,3.1389856396
2019-02-11,2.58213446869,3.14807947963
2019-02-12,2.61108727989,3.20383762932
2019-02-13,2.62444525763,3.2188307401
2019-02-14,2.61919301016,3.20436046417
2019-02-15,2.64839820425,3.24050210505
2019-02-19,2.6558197042,3.25110291395
2019-02-20,2.65894129094,3.27686459784
2019-02-21,2.6482796701,3.2659052897
2019-02-22,2.65806130707,3.28372852386
2019-02-25,2.65905571286,3.29152062438
2019-02-26,2.6586934002,3.28367384817
2019-02-27,2.65980848835,3.28549953496
2019-02-28,2.65269431103,3.26256761241
2019-03-01,2.67311330959,3.27088086569
2019-03-04,2.66987189015,3.26755270131
2019-03-05,2.66364154801,3.25815297544
2019-03-06,2.64644288036,3.24529850553
2019-03-07,2.62709535867,3.21680331845
2019-03-08,2.61110397443,3.20898929457
2019-03-11,2.65474770005,3.24806900658
2019-03-12,2.66595367878,3.24642918085
2019-03-13,2.68576661038,3.26488524977
2019-03-14,2.68775751446,3.24975112254
2019-03-15,2.70343245411,3.25430712004
2019-03-18,2.72093607841,3.27776561337
2019-03-19,2.71972231239,3.2780113014
2019-03-20,2.72125588136,3.27127143487
2019-03-21,2.76123515097,3.30837595202
2019-03-22,2.71330352934,3.22860787141
2019-03-25,2.71151605364,3.23555559516
2019-03-26,2.73699513167,3.25388618332
2019-03-27,2.72224252746,3.25137509073
2019-03-28,2.73383939922,3.27637644191
2019-03-29,2.74762183073,3.30322711537
2019-04-01,2.76887906745,3.3542920393
2019-04-02,2.75814811343,3.35743110946
2019-04-03,2.75237993206,3.37662982013
2019-04-04,2.75948629137,3.4041357361
2019-04-05,2.78317099942,3.41365333517
2019-04-08,2.79466879026,3.41331226965
2019-04-09,2.77764850485,3.37949444545
2019-04-10,2.79025499596,3.38404682719
2019-04-11,2.79152930406,3.39439801207
2019-04-12,2.8035016688,3.43132189816
2019-04-15,2.80306852111,3.42201564158
2019-04-16,2.81409373018,3.43909003366
2019-04-17,2.82276658145,3.43563859576
2019-04-18,2.82188996271,3.44963345041
2019-04-22,2.84399901284,3.43401731008
2019-04-23,2.84997093872,3.46290042466
2019-04-24,2.83578767586,3.45346514419
2019-04-25,2.82670669388,3.40978650378
2019-04-26,2.81944642911,3.43681225661
2019-04-29,2.82002153635,3.43317680925
2019-04-30,2.83182546626,3.44568082325
2019-05-01,2.79759360998,3.40113991942
2019-05-02,2.79469903365,3.40429900781
2019-05-03,2.8181798745,3.43257602321
2019-05-06,2.80254746388,3.42520880776
2019-05-07,2.77144246349,3.38225588162
2019-05-08,2.75860138315,3.36964377705
2019-05-09,2.75419120284,3.36127247329
2019-05-10,2.78545794628,3.3831796137
2019-05-13,2.76046200788,3.34066742003
2019-05-14,2.76788598734,3.34964940464
2019-05-15,2.77484657602,3.35846231812
2019-05-16,2.79676961057,3.3850779468
2019-05-17,2.78836834637,3.38000623589
2019-05-20,2.78507546096,3.37322040724
2019-05-21,2.79546595471,3.39357398134
2019-05-22,2.79932041769,3.39727274075
2019-05-23,2.79346038288,3.38970596577
2019-05-24,2.78894143406,3.39103781662
2019-05-28,2.74965392126,3.34846260741
2019-05-29,2.72645827742,3.31287108815
2019-05-30,2.73230935474,3.32420055399
2019-05-31,2.71152144183,3.3074011364
2019-06-03,2.73722512712,3.31139557725
2019-06-04,2.78303870239,3.36166582013
2019-06-05,2.79235582568,3.40207661142
2019-06-06,2.8207287994,3.42841486376
2019-06-07,2.84164146413,3.44217678481
2019-06-10,2.84598298557,3.43991925609
2019-06-11,2.84272530786,3.43046117422
2019-06-12,2.832859302,3.45431371166
2019-06-13,2.85062897071,3.46207497768
2019-06-14,2.84121020382,3.46617421662
2019-06-17,2.84300331157,3.45740517556
2019-06-18,2.86921224129,3.47168407671
2019-06-19,2.87127329135,3.48429519253
2019-06-20,2.91695339257,3.51159429591
2019-06-21,2.91567195888,3.51795974192
2019-06-24,2.90740815081,3.51661922166
2019-06-25,2.89185700393,3.50541953932
2019-06-26,2.89539300554,3.46359064661
2019-06-27,2.89080290667,3.47708974091
2019-06-28,2.91167546423,3.49536755484
2019-07-01,2.9182094286,3.50632920811
2019-07-02,2.92802269617,3.53104974017
2019-07-03,2.95305998362,3.55955101446
2019-07-05,2.94299873247,3.5521627734
2019-07-08,2.92881200663,3.54660116759
2019-07-09,2.92428632528,3.55056660787
2019-07-10,2.93608365028,3.56161134485
2019-07-11,2.9487899842,3.56468479504
2019-07-12,2.97580612231,3.55747378773
2019-07-15,2.97743372345,3.56858836699
2019-07-16,2.97471788562,3.55438106042
2019-07-17,2.94988649443,3.54758542888
2019-07-18,2.96566615762,3.56297239707
2019-07-19,2.96031690214,3.52555924772
2019-07-22,2.96665298198,3.52129999531
2019-07-23,2.99163569389,3.52905630578
2019-07-24,2.99758715748,3.53669262872
2019-07-25,2.99273912548,3.52138867662
2019-07-26,3.00396933217,3.53529796529
2019-07-29,3.00343039648,3.54032803745
2019-07-30,3.00419203277,3.51820026744
2019-07-31,2.95745112507,3.48766703618
2019-08-01,2.92897358092,3.48403809369
2019-08-02,2.92270720128,3.45287633237
2019-08-05,2.85649358105,3.34703676799
2019-08-06,2.89127716885,3.39694699061
2019-08-07,2.90441022112,3.40884976683
2019-08-08,2.94325056973,3.47362032375
2019-08-09,2.93075792669,3.45109034302
2019-08-12,2.90890983904,3.40810453141
2019-08-13,2.93199176391,3.46988272446
2019-08-14,2.87895373947,3.36598772851
2019-08-15,2.90509642643,3.36605575492
2019-08-16,2.93937760482,3.41383125419
2019-08-19,2.9645545141,3.45633956913
2019-08-20,2.94642144337,3.44092594617
2019-08-21,2.96159868319,3.48493385578
2019-08-22,2.96925535956,3.47675343403
2019-08-23,2.91617666948,3.38086349281
2019-08-26,2.94680793599,3.41937758112
2019-08-27,2.94092861984,3.40524171054
2019-08-28,2.95924632462,3.4287638834
2019-08-29,2.98296828615,3.47443148215
2019-08-30,2.98594007292,3.46852033859
2019-09-03,2.99650327233,3.4429649465
2019-09-04,3.01913781126,3.47467623575
2019-09-05,3.02027923033,3.53257761838
2019-09-06,3.02176803215,3.53763150276
2019-09-09,3.01769046806,3.5225464724
2019-09-10,3.02222045815,3.51514844322
2019-09-11,3.04529856454,3.54110322538
2019-09-12,3.05225121659,3.55283503088
2019-09-13,3.04600085391,3.54102382892
2019-09-16,3.03620037164,3.52032718327
2019-09-17,3.04968834666,3.53406270703
2019-09-18,3.05395434338,3.5332108353
2019-09-19,3.05314918197,3.53813920953
2019-09-20,3.04732165026,3.51728948702
2019-09-23,3.0494125173,3.51874440407
2019-09-24,3.05946666565,3.48409444255
2019-09-25,3.06621137684,3.50292462485
2019-09-26,3.0786558424,3.49281869209
2019-09-27,3.06970424606,3.46781358486
2019-09-30,3.07675027663,3.50031746297
2019-10-01,3.04674674254,3.46828789475
2019-10-02,2.99366649803,3.40894414384
2019-10-03,3.00955560037,3.43859497833
2019-10-04,3.04975386059,3.48630518589
2019-10-07,3.03244060934,3.47246981548
2019-10-08,2.9978428806,3.41694342476
2019-10-09,3.01878767662,3.45184754678
2019-10-10,3.02879025657,3.47314747013
2019-10-11,3.0430548453,3.5118576391
2019-10-14,3.0296245478,3.51003568743
2019-10-15,3.03047968798,3.55456010332
2019-10-16,3.03313926029,3.54957474599
2019-10-17,3.045390307,3.55915554903
2019-10-18,3.04170121783,3.54113061064
2019-10-21,3.05511345251,3.55659579402
2019-10-22,3.06786702131,3.53571188228
2019-10-23,3.0764624753,3.5387006232
2019-10-24,3.08487755017,3.54913264271
2019-10-25,3.07509988109,3.56342164117
2019-10-28,3.06222263911,3.59461346886
2019-10-29,3.066650637,3.59403429924
2019-10-30,3.08385051245,3.61553424364
2019-10-31,3.07646906828,3.60710646418
2019-11-01,3.09563275309,3.62963396853
2019-11-04,3.10606938672,3.62103796586
2019-11-05,3.1003719557,3.60912894087
2019-11-06,3.08669605914,3.61438118666
2019-11-07,3.08513275895,3.6006480339
2019-11-08,3.07592023891,3.60309646805
2019-11-11,3.06236503709,3.59400821368
2019-11-12,3.06275895242,3.6001877862
2019-11-13,3.0806470364,3.61630223834
2019-11-14,3.08106648497,3.62419855323
2019-11-15,3.09263103756,3.64016409217
2019-11-18,3.08741704827,3.65051089843
2019-11-19,3.06817280664,3.63659221976
2019-11-20,3.08692348921,3.6334076188
2019-11-21,3.09503516021,3.61620491251
2019-11-22,3.09018807186,3.62316517928
2019-11-25,3.08903305246,3.64774799715
2019-11-26,3.09127707312,3.6611103912
2019-11-27,3.09819041486,3.6806312854
2019-11-29,3.08644299273,3.66782760201
2019-12-02,3.082182827,3.63200681511
2019-12-03,3.06796532316,3.6124025274
2019-12-04,3.09779505025,3.63323544257
2019-12-05,3.09438354797,3.63862286279
2019-12-06,3.11477503949,3.65799577216
2019-12-09,3.11077257457,3.6488305346
2019-12-10,3.10939505615,3.64751883592
2019-12-11,3.11192641507,3.66211469098
2019-12-12,3.12586214914,3.68065924063
2019-12-13,3.12951098047,3.69944562898
2019-12-16,3.16023693582,3.73124331716
2019-12-17,3.16272580747,3.73785989556
2019-12-18,3.16934940332,3.74394182646
2019-12-19,3.17495003047,3.75727193626
2019-12-20,3.20039407629,3.77510059919
2019-12-23,3.19707400189,3.76414680747
2019-12-24,3.19936695972,3.76911989766
2019-12-26,3.20183289194,3.79596999305
2019-12-27,3.20506042988,3.7994310642
2019-12-30,3.19596516404,3.78372682448
2019-12-31,3.20726669732,3.79445024568
2020-01-02,3.19320071893,3.81506944339
2020-01-03,3.17703588965,3.79843329351
2020-01-06,3.18753791501,3.81445232936
2020-01-07,3.18227496039,3.79932043716
2020-01-08,3.19184019732,3.78681749385
2020-01-09,3.20788334738,3.81172319763
2020-01-10,3.20524493281,3.79685781577
2020-01-13,3.21135361856,3.80963077481
2020-01-14,3.22064880788,3.80984681725
2020-01-15,3.24267190724,3.80686384388
2020-01-16,3.26461636657,3.82374579233
2020-01-17,3.27606326508,3.82251713521
2020-01-21,3.28411395782,3.80083560104
2020-01-22,3.28846870765,3.78949673401
2020-01-23,3.29454692813,3.78556073295
2020-01-24,3.26448669044,3.74491462355
2020-01-27,3.23775376404,3.68904829359
2020-01-28,3.25778370584,3.70804875539
2020-01-29,3.25728089051,3.68865868074
2020-01-30,3.25848306899,3.71105624194
2020-01-31,3.23494328118,3.66350204627
2020-02-03,3.25328721155,3.65517630202
2020-02-04,3.26945981154,3.66895239774
2020-02-05,3.30105825533,3.74283951594
2020-02-06,3.30687128793,3.72963341973
2020-02-07,3.29663804892,3.69896624687
2020-02-10,3.31163325675,3.69668526961
2020-02-11,3.3157115826,3.72178174848
2020-02-12,3.32654636826,3.74635973239
2020-02-13,3.33871519598,3.75143327974
2020-02-14,3.34718397814,3.75321651106
2020-02-18,3.34606189939,3.75010232654
2020-02-19,3.3323927389,3.75649153719
2020-02-20,3.33556422519,3.76157814578
2020-02-21,3.32979717603,3.73847469812
2020-02-24,3.25954071085,3.63108155224
2020-02-25,3.17282327656,3.5003147278
2020-02-26,3.14811121905,3.44980985203
2020-02-27,3.01916163399,3.28306828305
2020-02-28,2.94719722182,3.23228000553
2020-03-02,3.09211524175,3.38575382853
2020-03-03,3.04022592236,3.32751177605
2020-03-04,3.18948759875,3.46303308956
2020-03-05,3.1015872542,3.36694043116
2020-03-06,3.07599020506,3.26753645187
2020-03-09,2.88262113332,2.89701887369
2020-03-10,2.96683095211,2.98614933532
2020-03-11,2.81099746435,2.83664134073
2020-03-12,2.53177042603,2.53571442152
2020-03-13,2.71546101009,2.71457875988
2020-03-16,2.45085469814,2.39225296541
2020-03-17,2.66333157256,2.56145909023
2020-03-18,2.54065084565,2.36442826268
2020-03-19,2.45956218678,2.37001510198
2020-03-20,2.29925949023,2.2743873973
2020-03-23,2.20522086243,2.14775667884
2020-03-24,2.40838861203,2.41717547052
2020-03-25,2.46577440215,2.49142919023
2020-03-26,2.63201237612,2.65217973996
2020-03-27,2.59695198872,2.57260581302
2020-03-30,2.67679575231,2.64451112335
2020-03-31,2.61062031515,2.60193277185
2020-04-01,2.50576097047,2.46690973364
2020-04-02,2.56438825365,2.5803965315
2020-04-03,2.52903782838,2.52047972338
2020-04-06,2.68312839694,2.69128262989
2020-04-07,2.65953215998,2.72350313148
2020-04-08,2.75306104104,2.87855589747
2020-04-09,2.8193610229,2.9531213995
2020-04-13,2.75427917188,2.89776875114
2020-04-14,2.83758135349,2.93274812768
2020-04-15,2.76504503687,2.80939180322
2020-04-16,2.76328406338,2.76340860235
2020-04-17,2.84973702429,2.92739743336
2020-04-20,2.76954727203,2.83597457618
2020-04-21,2.71300504739,2.78041506301
2020-04-22,2.75786158056,2.85899278395
2020-04-23,2.74098798677,2.88201532494
2020-04-24,2.76369520029,2.90480307694
2020-04-27,2.79880851844,2.96219122882
2020-04-28,2.8249750318,3.00794373214
2020-04-29,2.83064642448,3.10463402424
2020-04-30,2.77880778317,3.02731573144
2020-05-01,2.7170143865,2.91970160328
2020-05-04,2.73537140417,2.96210227919
2020-05-05,2.75624522443,2.96896288493
2020-05-06,2.72229584933,2.92559460296
2020-05-07,2.73740543362,2.98628357916
2020-05-08,2.7893142487,3.07515490744
2020-05-11,2.79058533664,3.03911098479
2020-05-12,2.75487245952,2.98358653204
2020-05-13,2.72267934401,2.89985105137
2020-05-14,2.74196067662,2.93696569919
2020-05-15,2.74261424406,2.95312907423
2020-05-18,2.81671404038,3.11528992741
2020-05-19,2.78109533036,3.07219815956
2020-05-20,2.8180997162,3.14281396322
2020-05-21,2.78494666948,3.11966694537
2020-05-22,2.80170449948,3.11005769424
2020-05-26,2.81155495093,3.18353839588
2020-05-27,2.84185384921,3.2262188951
2020-05-28,2.87564423623,3.19240634743
2020-05-29,2.89647169454,3.19161284793
2020-06-01,2.9131463974,3.22650501419
2020-06-02,2.94113751584,3.26524326939
2020-06-03,2.99887995619,3.3190519444
2020-06-04,2.98394703924,3.30851645148
2020-06-05,3.06004745877,3.39210697825
2020-06-08,3.11294753398,3.4164064296
2020-06-09,3.07024548584,3.39869281283
2020-06-10,3.05592538544,3.3939267202
2020-06-11,2.88528867404,3.18244663826
2020-06-12,2.91422541836,3.22717127315
2020-06-15,2.9399106071,3.25909471324
2020-06-16,2.98494142777,3.32775975635
2020-06-17,2.97454685138,3.31556964858
2020-06-18,2.97522462214,3.3173595773
2020-06-19,2.92918414214,3.29770947956
2020-06-22,2.95896425313,3.33410205469
2020-06-23,2.95716239105,3.35356316826
2020-06-24,2.8907534841,3.27130388047
2020-06-25,2.90307140187,3.30036173171
2020-06-26,2.8552480716,3.23763924917
2020-06-29,2.91435127468,3.29060074922
2020-06-30,2.94165836229,3.34020158578
2020-07-01,2.95925185413,3.35436289198
2020-07-02,2.97851387514,3.37372707187
2020-07-06,2.98666664392,3.4314148917
2020-07-07,2.94039644582,3.39155233249
2020-07-08,2.96461205724,3.42219366705
2020-07-09,2.90732334766,3.41618889632
2020-07-10,2.95469890296,3.42681553098
2020-07-13,2.92953717675,3.39455728859
2020-07-14,2.9833796339,3.44123252056
2020-07-15,3.00601893758,3.47875467341
2020-07-16,3.00158307973,3.45954128658
2020-07-17,3.01531189676,3.47549172253
2020-07-20,3.01125506654,3.52298420625
2020-07-21,3.06372779169,3.51227644983
2020-07-22,3.07508811017,3.54224551616
2020-07-23,3.04764723875,3.48872746143
2020-07-24,3.02304739829,3.46405337975
2020-07-27,3.02729252309,3.4978283203
2020-07-28,3.01378942935,3.47144175786
2020-07-29,3.05355907103,3.51196908475
2020-07-30,3.01968257638,3.50922119101
2020-07-31,3.04220323565,3.53734965441
2020-08-03,3.05998359118,3.57596411905
2020-08-04,3.09860969391,3.58335549338
2020-08-05,3.10017358799,3.60790619032
2020-08-06,3.11206776278,3.62431819389
2020-08-07,3.11645068097,3.61183023568
2020-08-10,3.14566656898,3.6190827346
2020-08-11,3.10106370618,3.58766079133
2020-08-12,3.14933736869,3.65049329998
2020-08-13,3.12693683001,3.64893141794
2020-08-14,3.12738626394,3.64565390577
2020-08-17,3.12667517963,3.67683353379
2020-08-18,3.11243481789,3.68887531292
2020-08-19,3.09599218421,3.67747130647
2020-08-20,3.07823332496,3.68786956712
2020-08-21,3.08678244526,3.71123030379
2020-08-24,3.13271819883,3.73585369444
2020-08-25,3.11379596445,3.75449655468
2020-08-26,3.10279322985,3.79145970075
2020-08-27,3.10889012292,3.79484127894
2020-08-28,3.13946988855,3.81734073027
2020-08-31,3.12375322081,3.82052012537
2020-09-01,3.12663753845,3.84814291042
2020-09-02,3.16329068241,3.90301877631
2020-09-03,3.08360894777,3.7523587622
2020-09-04,3.06049809189,3.71171223193
2020-09-08,2.97304483628,3.62018498248
2020-09-09,3.02415491198,3.7028475424
2020-09-10,2.94756058633,3.63875544162
2020-09-11,2.94373320985,3.63665485161
2020-09-14,2.98512283008,3.69184278669
2020-09-15,2.99461281494,3.71536344685
2020-09-16,3.01684655665,3.68785425459
2020-09-17,3.00173546492,3.65639971802
2020-09-18,2.95564326297,3.61734951514
2020-09-21,2.92406524867,3.58592552489
2020-09-22,2.93542007262,3.62680147163
2020-09-23,2.84713304143,3.55764228046
2020-09-24,2.8634635644,3.55734235466
2020-09-25,2.90198191035,3.61974732374
2020-09-28,2.94399954921,3.67867973274
2020-09-29,2.91497617174,3.66347478312
2020-09-30,2.92984249479,3.70339036027
2020-10-01,2.92318539601,3.7278627436
2020-10-02,2.9194128762,3.67975179784
2020-10-05,2.98211823687,3.74795873105
2020-10-06,2.9604235953,3.68891394421
2020-10-07,2.99821048538,3.76278101636
2020-10-08,3.05969906807,3.78361773519
2020-10-09,3.05770934953,3.82734150153
2020-10-12,3.09399325631,3.88767403142
2020-10-13,3.06420659944,3.86928818567
2020-10-14,3.06190012598,3.84063885081
2020-10-15,3.06912493312,3.83038010308
2020-10-16,3.05378422597,3.82753841924
2020-10-19,3.0051877187,3.76824366957
2020-10-20,3.02649634362,3.78431625975
2020-10-21,3.00311484195,3.76922795163
2020-10-22,3.05372258505,3.78482770617
2020-10-23,3.0505378726,3.79928549425
2020-10-26,2.99239261156,3.73348544724
2020-10-27,2.98361771072,3.73038321323
2020-10-28,2.87164604865,3.59905529855
2020-10-29,2.91830615121,3.61640274377
2020-10-30,2.89335324417,3.56297787782
2020-11-02,2.95075133368,3.59604594645
2020-11-03,2.97666164174,3.66106391965
2020-11-04,3.00195992134,3.7885505321
2020-11-05,3.04305654987,3.85485693505
2020-11-06,3.02350735137,3.8561287115
2020-11-09,3.17085387681,3.8544050727
2020-11-10,3.20087993028,3.82934881212
2020-11-11,3.21801474578,3.86910651383
2020-11-12,3.15585026516,3.8356436327
2020-11-13,3.21431520831,3.88325576334
2020-11-16,3.30885875387,3.91040708086
2020-11-17,3.29488218343,3.88912353157
2020-11-18,3.22852438322,3.84230238257
2020-11-19,3.24644222345,3.85816454692
2020-11-20,3.2292418769,3.83504392861
2020-11-23,3.31291791285,3.84554601131
2020-11-24,3.40342992921,3.88649400716
2020-11-25,3.37722307364,3.8862470624
2020-11-27,3.35786717619,3.90767055133
2020-11-30,3.27972805787,3.9119975507
2020-12-01,3.30490189109,3.9480833834
2020-12-02,3.36007275096,3.96468946529
2020-12-03,3.36090435368,3.94845685134
2020-12-04,3.42619993328,3.96266084614
2020-12-07,3.39617184362,3.96552201389
2020-12-08,3.4100746295,3.97599393684
2020-12-09,3.40812062852,3.94349660906
2020-12-10,3.44148535694,3.936476219
2020-12-11,3.41762287703,3.93058738638
2020-12-14,3.35625480833,3.91867783508
2020-12-15,3.41943920266,3.98020954862
2020-12-16,3.40271058155,3.97015319007
2020-12-17,3.40746845652,4.00378764955
2020-12-18,3.36835179892,3.98889180827
2020-12-21,3.34749299874,3.96110849076
2020-12-22,3.31508534117,3.96623943202
2020-12-23,3.35645640656,3.95434150558
2020-12-24,3.35952458508,3.97614616274
2020-12-28,3.36248631178,4.00055237324
2020-12-29,3.35084161194,4.00013203771
2020-12-30,3.37920516872,4.00565623399
2020-12-31,3.39976678763,4.04104638037
2021-01-04,3.35814719731,3.9796522602
2021-01-05,3.41309811954,3.99767441832
2021-01-06,3.52627336083,4.02596034246
2021-01-07,3.54588606074,4.06114794847
2021-01-08,3.5531652706,4.08772335361
2021-01-11,3.5655597769,4.07039300447
2021-01-12,3.61518188094,4.04176664949
2021-01-13,3.62636300352,4.08007513437
2021-01-14,3.66510195694,4.05869722049
2021-01-15,3.60524249179,4.0624735702
2021-01-19,3.62928640755,4.0848169209
2021-01-20,3.635776642,4.12703373283
2021-01-21,3.57265471333,4.13005760782
2021-01-22,3.5593473586,4.12261093122
2021-01-25,3.56127479613,4.17051441115
2021-01-26,3.51407018891,4.15238930609
2021-01-27,3.4326600582,4.04698876594
2021-01-28,3.48085836701,4.08826413965
2021-01-29,3.41211195983,4.03711914157
2021-02-01,3.44046921838,4.08228887745
2021-02-02,3.49004882862,4.11572101421
2021-02-03,3.54254538013,4.09696334862
2021-02-04,3.59106243957,4.13522778576
2021-02-05,3.60812285278,4.14202284808
2021-02-08,3.66631393103,4.14761628777
2021-02-09,3.65474627923,4.14993359443
2021-02-10,3.68366340947,4.15579573749
2021-02-11,3.65316065262,4.16598898463
2021-02-12,3.67604929459,4.1735278799
2021-02-16,3.71674468574,4.13997201558
2021-02-17,3.74361176582,4.13344938158
2021-02-18,3.71256890488,4.12601027242
2021-02-19,3.7323588609,4.08718890998
2021-02-22,3.76838845688,4.02697036076
2021-02-23,3.80826892391,4.03181605364
2021-02-24,3.87006704792,4.04655777923
2021-02-25,3.80820691686,3.97274293001
2021-02-26,3.72949070056,3.94432952647
2021-03-01,3.82869077194,4.03306463794
2021-03-02,3.81326803066,4.00379262603
2021-03-03,3.82685058779,3.93776241842
2021-03-04,3.84196938108,3.89033933427
2021-03-05,3.93598350132,3.96195436987
2021-03-08,3.97300826514,3.94649377269
2021-03-09,3.95422529298,4.01495351202
2021-03-10,4.02374108651,4.02230084887
2021-03-11,4.01700440919,4.05443130753
2021-03-12,4.05101039819,4.06661599187
2021-03-15,4.04470688521,4.10790692371
2021-03-16,3.99361934243,4.11885076115
2021-03-17,3.99072548824,4.08959141727
2021-03-18,3.93250483966,4.04460746759
2021-03-19,3.92107894804,4.04938392164
2021-03-22,3.89000062644,4.08456096143
2021-03-23,3.87321207676,4.08342532553
2021-03-24,3.90959041191,4.06646355179
2021-03-25,3.950276053,4.08655377335
2021-03-26,4.00704543907,4.14983834753
2021-03-29,3.99449653339,4.16489114329
2021-03-30,3.98000107604,4.12670414319
2021-03-31,3.9712517657,4.16086732796
2021-04-01,4.01737439427,4.18059530706
2021-04-05,4.01243178192,4.24182282791
2021-04-06,4.00928459609,4.24631567985
2021-04-07,3.99699739109,4.22771418881
2021-04-08,3.98203525226,4.24894938191
2021-04-09,3.99679672942,4.2734068065
2021-04-12,3.99722666062,4.27262785043
2021-04-13,3.98253628294,4.29974866208
2021-04-14,4.03586665802,4.3007016552
2021-04-15,4.040058568,4.35814785051
2021-04-16,4.05606788534,4.38695656178
2021-04-19,4.04445028944,4.3606488536
2021-04-20,3.97143077945,4.35235304336
2021-04-21,4.03098187423,4.38049011681
2021-04-22,3.97733990291,4.32831474002
2021-04-23,4.03661141108,4.37144544077
2021-04-26,4.05882286722,4.37926765379
2021-04-27,4.0814320487,4.36070247785
2021-04-28,4.13519686374,4.34909382131
2021-04-29,4.18372587175,4.37004446598
2021-04-30,4.12223032098,4.34591601323
2021-05-03,4.18352232691,4.36051732765
2021-05-04,4.18153142836,4.38427450225
2021-05-05,4.19120520285,4.40691807819
2021-05-06,4.21704702359,4.43156538699
2021-05-07,4.2467333251,4.47199113114
2021-05-10,4.22265754929,4.4685721778
2021-05-11,4.16636183765,4.43568195946
2021-05-12,4.09290268547,4.34868249129
2021-05-13,4.13722242879,4.41112270309
2021-05-14,4.18963628655,4.45658609776
2021-05-17,4.18727325721,4.46262506172
2021-05-18,4.15703013019,4.42474379597
2021-05-19,4.13472095948,4.39095950677
2021-05-20,4.16361622119,4.41034828809
2021-05-21,4.1713464288,4.42091852374
2021-05-24,4.19267663045,4.44465309542
2021-05-25,4.17815903773,4.42313290933
2021-05-26,4.18695081439,4.41977957436
2021-05-27,4.20574131269,4.44852425476
2021-05-28,4.21199591581,4.45265718383
2021-06-01,4.19507942051,4.45539428974
2021-06-02,4.18802892563,4.43581955398
2021-06-03,4.17904149502,4.43676708261
2021-06-04,4.19821027027,4.44950536349
2021-06-07,4.19412538736,4.42664777413
2021-06-08,4.19728182236,4.42849019766
2021-06-09,4.1899826519,4.41643303685
2021-06-10,4.20472070491,4.42630502653
2021-06-11,4.21088390126,4.42375813507
2021-06-14,4.19828510349,4.400695863
2021-06-15,4.19384904106,4.40435564735
2021-06-16,4.18751378405,4.36892230586
2021-06-17,4.16346292415,4.32690418088
2021-06-18,4.10780754475,4.26867521984
2021-06-21,4.16574839764,4.34580622693
2021-06-22,4.184302886,4.35623422796
2021-06-23,4.19182967481,4.33767551815
2021-06-24,4.22061894963,4.36105923893
2021-06-25,4.25245550573,4.37104244784
2021-06-28,4.24505621086,4.36574884056
2021-06-29,4.24547003498,4.36396808935
2021-06-30,4.25155988186,4.37784921564
2021-07-01,4.28327510336,4.40938753819
2021-07-02,4.30800257981,4.42791077856
2021-07-06,4.28593081676,4.39056902209
2021-07-07,4.29616701004,4.42957065759
2021-07-08,4.25642625944,4.38094514211
2021-07-09,4.31457523491,4.43739533316
2021-07-12,4.34122261574,4.44707735597
2021-07-13,4.30693731439,4.41793964808
2021-07-14,4.29640171266,4.41338962318
2021-07-15,4.28818686111,4.41121342263
2021-07-16,4.25516235882,4.38027011001
2021-07-19,4.18477810599,4.30339673634
2021-07-20,4.26162589933,4.37707174088
2021-07-21,4.30104261442,4.40909585734
2021-07-22,4.30247506835,4.41520102882
2021-07-23,4.33452741868,4.4489456084
2021-07-26,4.34389868598,4.45065562419
2021-07-27,4.33549669807,4.45154147052
2021-07-28,4.3341565731,4.45781970696
2021-07-29,4.36949580744,4.48922652395
2021-07-30,4.32951161906,4.49380181669
2021-08-02,4.33460330758,4.46613517871
2021-08-03,4.38036426896,4.5147782923
2021-08-04,4.34608166676,4.48567764128
2021-08-05,4.3518012782,4.50279803814
2021-08-06,4.36158865087,4.50762622189
2021-08-09,4.36341965059,4.50696987942
2021-08-10,4.38781235787,4.52027804472
2021-08-11,4.39852140836,4.53911425985
2021-08-12,4.40807845918,4.54948207016
2021-08-13,4.41438204716,4.56478214999
2021-08-16,4.41678538516,4.59650828165
2021-08-17,4.3827659472,4.59887057735
2021-08-18,4.34785143062,4.55109948714
2021-08-19,4.33243273744,4.55379028762
2021-08-20,4.36286440831,4.58562703533
2021-08-23,4.39423002741,4.57821809604
2021-08-24,4.40835583391,4.57028197259
2021-08-25,4.4166954604,4.57874766848
2021-08-26,4.38722253991,4.56230680589
2021-08-27,4.41817641736,4.57061358654
2021-08-30,4.43584793995,4.57966283264
2021-08-31,4.43304346836,4.5716402135
2021-09-01,4.42809414384,4.58488959641
2021-09-02,4.45845132558,4.61763255739
2021-09-03,4.44095753059,4.6090168124
2021-09-07,4.41365438832,4.57790029234
2021-09-08,4.39551907125,4.5810258014
2021-09-09,4.38315675629,4.55394764142
2021-09-10,4.35856188003,4.52389222582
2021-09-13,4.36589099345,4.52233463585
2021-09-14,4.33005318192,4.49897610578
2021-09-15,4.36856874843,4.53480876708
2021-09-16,4.34487469785,4.52768213176
2021-09-17,4.31016213882,4.50788710511
2021-09-20,4.23429950502,4.44034843452
2021-09-21,4.23125075221,4.43720851204
2021-09-22,4.27158112098,4.47161058137
2021-09-23,4.33711050025,4.5201875838
2021-09-24,4.33687759779,4.52290717578
2021-09-27,4.34741651058,4.51131356659
2021-09-28,4.28060911959,4.43895693735
2021-09-29,4.28710660603,4.45353056165
2021-09-30,4.22480446342,4.38008541492
2021-10-01,4.26960028298,4.40990604965
2021-10-04,4.23046235288,4.36679058692
2021-10-05,4.25708516592,4.42026562554
2021-10-06,4.25634540825,4.42567291463
2021-10-07,4.3157243994,4.46537504926
2021-10-08,4.29399073205,4.46515987932
2021-10-11,4.27727688003,4.4266975996
2021-10-12,4.28374174862,4.41014102706
2021-10-13,4.30386394277,4.40708566654
2021-10-14,4.37441404517,4.48053770211
2021-10-15,4.40831722376,4.52468366748
2021-10-18,4.4157143794,4.51606309972
2021-10-19,4.43792119799,4.55941012117
2021-10-20,4.46942668273,4.60261598705
2021-10-21,4.49349512379,4.60529659246
2021-10-22,4.49115470356,4.6384767661
2021-10-25,4.54562117109,4.64195483093
2021-10-26,4.5573726844,4.64098081016
2021-10-27,4.5273194666,4.5849610539
2021-10-28,4.5751915502,4.63565993954
2021-10-29,4.5864433589,4.64483177038
2021-11-01,4.61563202984,4.64650373406
2021-11-02,4.64416652507,4.66594068827
2021-11-03,4.66376138265,4.68285039646
2021-11-04,4.64367778763,4.67019918143
2021-11-05,4.65310831047,4.69589981215
2021-11-08,4.65912558223,4.69827540696
2021-11-09,4.66866782053,4.69923290352
2021-11-10,4.67441528578,4.69244756675
2021-11-11,4.67333471107,4.68908711779
2021-11-12,4.69209760241,4.70496455479
2021-11-15,4.69531295004,4.71551798153
2021-11-16,4.68991907727,4.70429122586
2021-11-17,4.68284224484,4.67367091044
2021-11-18,4.66854522661,4.65708501109
2021-11-19,4.66504267563,4.62707364129
2021-11-22,4.67005514782,4.66488014807
2021-11-23,4.67489293118,4.7017990686
2021-11-24,4.66387441548,4.69178944659
2021-11-26,4.6067172767,4.57825630801
2021-11-29,4.64075791071,4.58943819106
2021-11-30,4.52669248566,4.47479718282
2021-12-01,4.51127385915,4.4305322717
2021-12-02,4.56844909534,4.53405971466
2021-12-03,4.58311715991,4.52607129385
2021-12-06,4.63764973372,4.6012023662
2021-12-07,4.69260398511,4.64747895847
2021-12-08,4.70925804394,4.6382263483
2021-12-09,4.70201008316,4.63439687268
2021-12-10,4.72560267691,4.66832989333
2021-12-13,4.75023728732,4.65608679962
2021-12-14,4.7326502954,4.65147690623
2021-12-15,4.79424302582,4.68522595601
2021-12-16,4.82813293496,4.71664723309
2021-12-17,4.77252849572,4.62830810121
2021-12-20,4.73624554154,4.57489581238
2021-12-21,4.76007055625,4.63343956199
2021-12-22,4.79806794442,4.65487204416
2021-12-23,4.8203547657,4.68444245066
2021-12-27,4.86930177912,4.73367037279
2021-12-28,4.88885837594,4.75150827672
2021-12-29,4.91359780901,4.75980702541
2021-12-30,4.91718665597,4.74626875099
2021-12-31,4.92315945211,4.76126888868
2022-01-03,4.86863089524,4.76700130267
2022-01-04,4.86213931794,4.85147322151
2022-01-05,4.84963684399,4.81569315382
2022-01-06,4.79384365172,4.84250122772
2022-01-07,4.79649851221,4.86298969929
2022-01-10,4.78551215746,4.82662020156
2022-01-11,4.8012575146,4.84877555032
2022-01-12,4.81808855671,4.85574839596
2022-01-13,4.78849775901,4.85568500034
2022-01-14,4.76103804586,4.83159454957
2022-01-18,4.69891841973,4.75366462358
2022-01-19,4.69573991793,4.71890937833
2022-01-20,4.66474576314,4.67856806854
2022-01-21,4.60829742616,4.63341279669
2022-01-24,4.58908676377,4.64146479839
2022-01-25,4.54113355919,4.61544165016
2022-01-26,4.50495246885,4.59438953789
2022-01-27,4.52738568034,4.57714867979
2022-01-28,4.58502056103,4.62583198344
2022-01-31,4.64561054001,4.66122309141
2022-02-01,4.65218826532,4.70251037062
2022-02-02,4.70085260735,4.7428882299
2022-02-03,4.65997329056,4.700713991
2022-02-04,4.61651675202,4.69109241405
2022-02-07,4.60412146033,4.69996114399
2022-02-08,4.6411317921,4.74346579477
2022-02-09,4.69317383692,4.77550411732
2022-02-10,4.61989354071,4.71853438669
2022-02-11,4.57536306931,4.66675905151
2022-02-14,4.53427407858,4.63893045052
2022-02-15,4.57199645915,4.68586003701
2022-02-16,4.58897062415,4.69807314429
2022-02-17,4.53872541183,4.6420739697
2022-02-18,4.52215626875,4.6319836772
2022-02-22,4.49527604817,4.59730210121
2022-02-23,4.44314539189,4.53031454647
2022-02-24,4.45661712013,4.50418882162
2022-02-25,4.60224331303,4.636880275
2022-02-28,4.58115791432,4.60472785051
2022-03-01,4.52301758885,4.51502191534
2022-03-02,4.60668242152,4.60300499285
2022-03-03,4.63708503833,4.61231359844
2022-03-04,4.66260119062,4.57835555943
2022-03-07,4.58867970053,4.44208343761
2022-03-08,4.54704665996,4.3853636168
2022-03-09,4.60853472004,4.49404314313
2022-03-10,4.62113666895,4.47158524915
2022-03-11,4.59237022127,4.43279029894
2022-03-14,4.59341323986,4.45691444781
2022-03-15,4.65486325768,4.5279178731
2022-03-16,4.69623844304,4.596147008
2022-03-17,4.75267177075,4.65567250347
2022-03-18,4.75461409739,4.67236688391
2022-03-21,4.78200397193,4.68597125514
2022-03-22,4.80159884293,4.73151096648
2022-03-23,4.78120202866,4.68218134546
2022-03-24,4.84197181571,4.73763225596
2022-03-25,4.89364187771,4.7889420384
2022-03-28,4.89726566816,4.78333958316
2022-03-29,4.94128292009,4.81451685913
2022-03-30,4.94761304579,4.79856516187
2022-03-31,4.89895296315,4.73619009054
2022-04-01,4.92572864347,4.76314455082
2022-04-04,4.89980789319,4.7378864962
2022-04-05,4.90039141641,4.73270153284
2022-04-06,4.93906612022,4.76602683442
2022-04-07,4.97731063949,4.81465452859
2022-04-08,5.00302571553,4.84704987153
2022-04-11,4.93830864048,4.8007013595
2022-04-12,4.92881089389,4.76844505518
2022-04-13,4.95759607774,4.78537837763
2022-04-14,4.94496962745,4.75981166884
2022-04-18,4.9193329107,4.73789370407
2022-04-19,4.96105080017,4.79879347361
2022-04-20,5.00715877768,4.85563217683
2022-04-21,4.93382809581,4.81143316422
2022-04-22,4.78465804607,4.68103599669
2022-04-25,4.77984648849,4.70112747012
2022-04-26,4.71124002526,4.61059369468
2022-04-27,4.72303504533,4.61202011893
2022-04-28,4.7871764734,4.67567005884
2022-04-29,4.6663533512,4.54006785237
2022-05-02,4.63449638963,4.50846744121
2022-05-03,4.65328787773,4.52635981293
2022-05-04,4.7732357706,4.65953932245
2022-05-05,4.67725382063,4.50985131417
2022-05-06,4.66893673284,4.48860335962
2022-05-09,4.60784679866,4.39493825231
2022-05-10,4.56881079658,4.39304546859
2022-05-11,4.57405606647,4.32775280562
2022-05-12,4.55514899945,4.30213589378
2022-05-13,4.61931288202,4.39113554625
2022-05-16,4.62845515281,4.37325014837
2022-05-17,4.67643849463,4.44242355565
2022-05-18,4.51357609727,4.23824398252
2022-05-19,4.49505337905,4.18838291077
2022-05-20,4.49881279421,4.19174769083
2022-05-23,4.57460531084,4.2984741394
2022-05-24,4.6214085445,4.29774074851
2022-05-25,4.62745926479,4.3260073244
2022-05-26,4.67584957689,4.40929917154
2022-05-27,4.75504464764,4.50031763719
2022-05-31,4.69734178544,4.47499662405
2022-06-01,4.65785878139,4.42527486912
2022-06-02,4.75299472797,4.52197360497
2022-06-03,4.71555316162,4.44956482787
2022-06-06,4.73773292363,4.46809828452
2022-06-07,4.77873633791,4.50801354572
2022-06-08,4.69711973366,4.43325905789
2022-06-09,4.60568248105,4.32175864377
2022-06-10,4.50657171274,4.17031079496
2022-06-13,4.37064264668,4.01286070786
2022-06-14,4.33854235704,3.99937937163
2022-06-15,4.35367778362,4.0418465779
2022-06-16,4.24242846566,3.90416753995
2022-06-17,4.23114813871,3.91762325219
2022-06-21,4.31634485822,3.99673837026
2022-06-22,4.28952250616,3.97114485102
2022-06-23,4.29245367301,3.96832491333
2022-06-24,4.42555400991,4.1170121978
2022-06-27,4.40625476071,4.09184607753
2022-06-28,4.35367606561,4.02219380958
2022-06-29,4.34489100382,4.0078739493
2022-06-30,4.33427560095,3.96246417718
2022-07-01,4.37844791268,3.99282841166
2022-07-05,4.31787288941,3.9781944049
2022-07-06,4.33939912811,3.99470950587
2022-07-07,4.37065660681,4.05368619701
2022-07-08,4.34726225473,4.03846176791
2022-07-11,4.33155634873,4.00489904243
2022-07-12,4.32014101584,3.97533724205
2022-07-13,4.2953074401,3.9525544946
2022-07-14,4.26219696822,3.91594927661
2022-07-15,4.31103616679,4.00322100753
2022-07-18,4.29161715534,3.98789313884
2022-07-19,4.40110925519,4.10884334621
2022-07-20,4.4053328982,4.13822851986
2022-07-21,4.44135868289,4.18619063402
2022-07-22,4.43548921753,4.14850603446
2022-07-25,4.45589236893,4.1537511508
2022-07-26,4.43434423447,4.10230301352
2022-07-27,4.48522520693,4.19961256255
2022-07-28,4.56693867664,4.25594436868
2022-07-29,4.60763204754,4.31683364535
2022-08-01,4.61537273267,4.29052026412
2022-08-02,4.57122178005,4.24997568822
2022-08-03,4.59710734821,4.31060722929
2022-08-04,4.59352418683,4.31348222113
2022-08-05,4.59782695281,4.32535340625
2022-08-08,4.60506481776,4.32001031324
2022-08-09,4.5896527478,4.30576091229
2022-08-10,4.67809071038,4.41784456576
2022-08-11,4.68813581797,4.43460334437
2022-08-12,4.7549534688,4.51503121719
2022-08-15,4.77311603513,4.52312176727
2022-08-16,4.8068234063,4.53847510785
2022-08-17,4.7672473272,4.49937282766
2022-08-18,4.78394174484,4.51344982062
2022-08-19,4.7287324453,4.42853240985
2022-08-22,4.65759978779,4.33129586392
2022-08-23,4.66904604796,4.33573969462
2022-08-24,4.68143792343,4.34747158341
2022-08-25,4.74805402799,4.42732731967
2022-08-26,4.60535151663,4.27524111146
2022-08-29,4.58507575613,4.2364383655
2022-08-30,4.5221434022,4.19099093785
2022-08-31,4.48161033627,4.14973190894
2022-09-01,4.47239634377,4.12913954277
2022-09-02,4.43710915202,4.09915427868
2022-09-06,4.42659161548,4.08258094267
2022-09-07,4.51772738411,4.16905849061
2022-09-08,4.53318372627,4.21194557028
2022-09-09,4.59056529183,4.27347082951
2022-09-12,4.620200519,4.32109350529
2022-09-13,4.45579058173,4.1398927151
2022-09-14,4.4336688993,4.12344962053
2022-09-15,4.386291629,4.07851846487
2022-09-16,4.3358635887,4.03706130715
2022-09-19,4.38904651872,4.08568128311
2022-09-20,4.33485574199,4.031399958
2022-09-21,4.27852127467,3.95302644541
2022-09-22,4.23810929473,3.90145489961
2022-09-23,4.15873332128,3.83717647781
2022-09-26,4.12306683053,3.78726421793
2022-09-27,4.09709037627,3.78626811449
2022-09-28,4.17849699236,3.85700014265
2022-09-29,4.11085934013,3.78853849582
2022-09-30,4.06544408167,3.74972104306
2022-10-03,4.17365354209,3.86274253828
2022-10-04,4.29429710497,4.00116672942
2022-10-05,4.26202769056,3.98022241319
2022-10-06,4.2100099634,3.93676960756
2022-10-07,4.12737780444,3.81906190904
2022-10-10,4.14015998324,3.79468669056
2022-10-11,4.1404076809,3.74954428709
2022-10-12,4.12656085195,3.733333794
2022-10-13,4.2198231897,3.85987051861
2022-10-14,4.11628210907,3.75880509022
2022-10-17,4.19508312799,3.85961767224
2022-10-18,4.27453808403,3.91652346091
2022-10-19,4.24106727847,3.87555490684
2022-10-20,4.18308473221,3.84587891431
2022-10-21,4.29098159041,3.96272340404
2022-10-24,4.32731111057,3.99086396549
2022-10-25,4.40115721469,4.06494684076
2022-10-26,4.42630955433,4.04771472627
2022-10-27,4.44121890101,4.04034560083
2022-10-28,4.523106364,4.14496621833
2022-10-31,4.49661742796,4.10602946486
2022-11-01,4.49416183182,4.10194012503
2022-11-02,4.40281994568,4.00192117188
2022-11-03,4.42437108532,3.95958186642
2022-11-04,4.51659604213,4.05403989992
2022-11-07,4.55792914375,4.1003288267
2022-11-08,4.60204148618,4.14519732895
2022-11-09,4.53905176189,4.06407736396
2022-11-10,4.7226139488,4.31739567093
2022-11-11,4.73957384104,4.37104604164
2022-11-14,4.71567669711,4.33626045692
2022-11-15,4.73666594128,4.35451494823
2022-11-16,4.71672665202,4.31341497217
2022-11-17,4.69807997881,4.29344788614
2022-11-18,4.73669380843,4.31646094419
2022-11-21,4.76189379203,4.31053378169
2022-11-22,4.82220465768,4.38576924274
2022-11-23,4.84006941089,4.41040542945
2022-11-25,4.84669647385,4.40625747461
2022-11-28,4.77434842634,4.31666132847
2022-11-29,4.78349759734,4.31625760166
2022-11-30,4.88045573959,4.4467287193
2022-12-01,4.87567301988,4.44214609662
2022-12-02,4.91019073608,4.44284507445
2022-12-05,4.82979777895,4.35220159945
2022-12-06,4.78652964428,4.29544412659
2022-12-07,4.78768996067,4.27930675401
2022-12-08,4.81755597976,4.3143165305
2022-12-09,4.77609007253,4.28733921392
2022-12-12,4.83389629951,4.34982304673
2022-12-13,4.85980536672,4.39089349277
2022-12-14,4.83825409523,4.34454105274
2022-12-15,4.72274348086,4.21737329136
2022-12-16,4.70154013137,4.18203469931
2022-12-19,4.67213121566,4.14146739453
2022-12-20,4.68284818306,4.15849188018
2022-12-21,4.74140684725,4.21487228736
2022-12-22,4.7025595901,4.15369951537
2022-12-23,4.73083710388,4.17267262617
2022-12-27,4.74470241393,4.16064858417
2022-12-28,4.6802832125,4.11240621397
2022-12-29,4.72294269525,4.18159891225
2022-12-30,4.69794315411,4.16613635404
2023-01-03,4.69373632523,4.1567380781
2023-01-04,4.74089463648,4.2066459313
2023-01-05,4.68288286969,4.14685087956
2023-01-06,4.82097928383,4.26551771372
2023-01-09,4.80851905659,4.28567489503
2023-01-10,4.83148761654,4.316980774
2023-01-11,4.87355751867,4.37788864055
2023-01-12,4.87691673795,4.3970414856
2023-01-13,4.89266532941,4.42120819162
2023-01-17,4.86295146991,4.40315146975
2023-01-18,4.7660237343,4.33621352482
2023-01-19,4.70619740199,4.29143831814
2023-01-20,4.77247831108,4.38164147318
2023-01-23,4.79993630477,4.43662628568
2023-01-24,4.81775611909,4.43765218206
2023-01-25,4.8160731668,4.44884403719
2023-01-26,4.82740417627,4.4877127051
2023-01-27,4.82421292027,4.48929931741
2023-01-30,4.79887918398,4.44251573849
2023-01-31,4.87924066644,4.51581580317
2023-02-01,4.91301406466,4.56022132097
2023-02-02,4.9384435849,4.57141610951
2023-02-03,4.88864426748,4.53321109033
2023-02-06,4.85258654966,4.51267902625
2023-02-07,4.90827871314,4.55468392891
2023-02-08,4.86270411602,4.52499076753
2023-02-09,4.82341230105,4.47290556308
2023-02-10,4.83629012066,4.4939149854
2023-02-13,4.89143823091,4.53282833328
2023-02-14,4.88750656281,4.5237529123
2023-02-15,4.90539475515,4.54132156701
2023-02-16,4.84623135661,4.49331477087
2023-02-17,4.8313126718,4.4899219146
2023-02-21,4.76031882493,4.39986587325
2023-02-22,4.76707380165,4.40520194628
2023-02-23,4.79341652432,4.41501935284
2023-02-24,4.76393086204,4.41730542142
2023-02-27,4.77594926729,4.43489376216
2023-02-28,4.76631042992,4.44099684782
2023-03-01,4.75515573358,4.45333357202
2023-03-02,4.81447943957,4.48059064306
2023-03-03,4.87318457429,4.54161645241
2023-03-06,4.85890257699,4.5154254453
2023-03-07,4.79095176933,4.42764980959
2023-03-08,4.81475074182,4.43294364925
2023-03-09,4.73583471303,4.31364109054
2023-03-10,4.6669807617,4.23007527252
2023-03-13,4.66824096919,4.15326737987
2023-03-14,4.73851984474,4.21300361982
2023-03-15,4.70105744923,4.09554671419
2023-03-16,4.76473607064,4.15452988022
2023-03-17,4.72777560473,4.06658423127
2023-03-20,4.78432622396,4.12767227041
2023-03-21,4.81453888728,4.1942051981
2023-03-22,4.75609729743,4.11045807519
2023-03-23,4.77543495471,4.09591345865
2023-03-24,4.81903243219,4.11216495122
2023-03-27,4.82547673112,4.15239893486
2023-03-28,4.82754364806,4.16602075975
2023-03-29,4.89292412608,4.22584778804
2023-03-30,4.92807079101,4.23576456686
2023-03-31,4.99130400827,4.2931612414
2023-04-03,5.00358488288,4.30467114046
2023-04-04,4.93948938645,4.25564449363
2023-04-05,4.88045775227,4.24433337419
2023-04-06,4.87639748631,4.21955473155
2023-04-10,4.90605545021,4.2437399911
2023-04-11,4.93109105891,4.27035064633
2023-04-12,4.91231436667,4.25051945687
2023-04-13,4.97114068966,4.30484053393
2023-04-14,4.9591815044,4.29890236505
2023-04-17,4.99354579811,4.30021224982
2023-04-18,5.01113098485,4.31418150055
2023-04-19,5.00351281768,4.30378835979
2023-04-20,4.97303663624,4.26752132902
2023-04-21,4.97258161792,4.26209916767
2023-04-24,4.98760591661,4.29317261999
2023-04-25,4.88796689619,4.20693386658
2023-04-26,4.82955294154,4.16442439789
2023-04-27,4.92579364936,4.22501317937
2023-04-28,4.96497712914,4.26667854257
2023-05-01,4.95494933982,4.2345099744
2023-05-02,4.92056300384,4.21845714222
2023-05-03,4.88488125799,4.1803705494
2023-05-04,4.87421212989,4.15716980606
2023-05-05,4.94475166257,4.2213963922
2023-05-08,4.94003960375,4.21747022845
2023-05-09,4.92266648107,4.20009026842
2023-05-10,4.94721098465,4.20601198676
2023-05-11,4.92222907406,4.2033541671
2023-05-12,4.91996870627,4.19912415957
2023-05-15,4.91485712518,4.20906682802
2023-05-16,4.84532631143,4.16865217994
2023-05-17,4.88468754791,4.20646415226
2023-05-18,4.91574276406,4.23035061764
2023-05-19,4.90301554817,4.22242701685
2023-05-22,4.88977999943,4.18976252891
2023-05-23,4.84389044486,4.14522650418
2023-05-24,4.80935386473,4.11575312421
2023-05-25,4.77522196146,4.09436073206
2023-05-26,4.82239087734,4.13922467313
2023-05-30,4.81951198551,4.12657195049
2023-05-31,4.80142848945,4.10052275485
2023-06-01,4.82898480488,4.13274148486
2023-06-02,4.93026274626,4.21224484118
2023-06-05,4.93144977773,4.21266087713
2023-06-06,4.95774816155,4.21363307705
2023-06-07,5.00072274683,4.24983913244
2023-06-08,5.03547289742,4.26026872778
2023-06-09,5.03001150087,4.23769590288
2023-06-12,5.06805978958,4.24127521578
2023-06-13,5.10534095637,4.28009643545
2023-06-14,5.09848796645,4.28161765882
2023-06-15,5.15356713126,4.32355127321
2023-06-16,5.15714449755,4.33657721974
2023-06-20,5.13766029254,4.28888093845
2023-06-21,5.13942607645,4.31000241605
2023-06-22,5.13624958694,4.3037700811
2023-06-23,5.078415651,4.26167105772
2023-06-26,5.08640701069,4.29248579598
2023-06-27,5.14440999561,4.31787979604
2023-06-28,5.1269283193,4.27722819674
2023-06-29,5.1456265454,4.29446575995
2023-06-30,5.20114199138,4.33622919944
2023-07-03,5.23353205822,4.36202621626
2023-07-05,5.24443843065,4.3419580417
2023-07-06,5.15586410302,4.30218401509
2023-07-07,5.18174565011,4.28704511721
2023-07-10,5.19312400286,4.29178704776
2023-07-11,5.26735152565,4.32396588268
2023-07-12,5.32489626225,4.36015074911
2023-07-13,5.34056501282,4.37713711361
2023-07-14,5.29086557618,4.38437583611
2023-07-17,5.27426795538,4.362166062
2023-07-18,5.28566489687,4.37299537177
2023-07-19,5.31997787401,4.38664208999
2023-07-20,5.31158381097,4.44112300378
2023-07-21,5.35458203268,4.47859395449
2023-07-24,5.39034937097,4.47585588413
2023-07-25,5.39911215267,4.50423466015
2023-07-26,5.39935001491,4.49817143595
2023-07-27,5.33747235172,4.45082693832
2023-07-28,5.36831162302,4.46225050667
2023-07-31,5.41400401492,4.45929114221
2023-08-01,5.36165241095,4.42534095064
2023-08-02,5.31442994068,4.40702266638
2023-08-03,5.27886834968,4.3807342182
2023-08-04,5.27714988523,4.36087273159
2023-08-07,5.31997905551,4.37925624012
2023-08-08,5.2975265149,4.40460647459
2023-08-09,5.26692448161,4.42591707556
2023-08-10,5.26731315029,4.42029994147
2023-08-11,5.27426112445,4.46041894167
2023-08-14,5.26237250761,4.44715697447
2023-08-15,5.17780224052,4.38696241672
2023-08-16,5.16118435433,4.36893562978
2023-08-17,5.11957096747,4.37161071872
2023-08-18,5.12411755724,4.39425013787
2023-08-21,5.13076023317,4.37740404692
2023-08-22,5.12192609741,4.36469630852
2023-08-23,5.15909741565,4.37095729484
2023-08-24,5.10923088372,4.33973163017
2023-08-25,5.14921015284,4.37537240923
2023-08-28,5.16541899621,4.38857130555
2023-08-29,5.23054677155,4.41124610434
2023-08-30,5.23133055441,4.41113793856
2023-08-31,5.21381333498,4.38077600568
2023-09-01,5.20999393801,4.40838917946
2023-09-05,5.16708572848,4.37846005072
2023-09-06,5.15450899763,4.37447093263
2023-09-07,5.17727099642,4.39850610326
2023-09-08,5.19602426517,4.4256590723
2023-09-11,5.25771175083,4.42217449182
2023-09-12,5.25537443037,4.45683674783
2023-09-13,5.29036536239,4.46355004796
2023-09-14,5.34984656185,4.50771093879
2023-09-15,5.30246841831,4.46772928458
2023-09-18,5.28678109754,4.47701135155
2023-09-19,5.26627114995,4.4559194195
2023-09-20,5.23865337101,4.44358220901
2023-09-21,5.14450679601,4.39480498748
2023-09-22,5.1116732131,4.39143152128
2023-09-25,5.12333151004,4.41541781918
2023-09-26,5.0176301486,4.34997641439
2023-09-27,4.97588164936,4.35143328663
2023-09-28,4.96976520835,4.32916996611
2023-09-29,4.96568696086,4.29036532839
2023-10-02,4.87467876327,4.19274717061
2023-10-03,4.84953731035,4.16251631116
2023-10-04,4.89814460648,4.19378599985
2023-10-05,4.86061817611,4.18624849015
2023-10-06,4.91035149855,4.23053775544
2023-10-09,4.93064518871,4.25108159715
2023-10-10,4.9886406185,4.29273834221
2023-10-11,5.02594586563,4.31509324754
2023-10-12,4.95665192731,4.26459419053
2023-10-13,4.94575491481,4.26925631443
2023-10-16,5.0052477,4.31737596991
2023-10-17,5.02059499822,4.31473641922
2023-10-18,4.92425717958,4.2564455792
2023-10-19,4.84758279117,4.19281030123
2023-10-20,4.78655131529,4.15136127027
2023-10-23,4.75658784068,4.13203825803
2023-10-24,4.83417260434,4.1871423154
2023-10-25,4.79400244119,4.15606574962
2023-10-26,4.79595006392,4.1347761222
2023-10-27,4.77827685044,4.09706956221
2023-10-30,4.82124964047,4.12764791374
2023-10-31,4.8546224443,4.1579400607
2023-11-01,4.89237635987,4.19248718432
2023-11-02,5.0147901911,4.26928510713
2023-11-03,5.03114153278,4.29813754394
2023-11-06,5.01013304024,4.31173801832
2023-11-07,4.98047780844,4.33249698291
2023-11-08,4.94362031088,4.32101246422
2023-11-09,4.88522845632,4.25815726926
2023-11-10,4.93929332331,4.30041052204
2023-11-13,4.93866437129,4.3193826836
2023-11-14,5.07517358698,4.39320360242
2023-11-15,5.06908903477,4.40768319008
2023-11-16,5.02812662073,4.38029599212
2023-11-17,5.07786241617,4.38560362865
2023-11-20,5.08414000487,4.40111248269
2023-11-21,5.07945190381,4.41027319837
2023-11-22,5.09219015317,4.43215202726
2023-11-24,5.10492257216,4.44680317039
2023-11-27,5.10472718462,4.43594801722
2023-11-28,5.12078688021,4.44384584371
2023-11-29,5.09031958938,4.42836850079
2023-11-30,5.10581670866,4.45887326146
2023-12-01,5.15943272016,4.4915840291
2023-12-04,5.13824272926,4.49063464012
2023-12-05,5.09913860233,4.4795121031
2023-12-06,5.09930784907,4.4790370922
2023-12-07,5.09836286441,4.4958892533
2023-12-08,5.12085688925,4.49496097565
2023-12-11,5.13860246243,4.52300512093
2023-12-12,5.11413455174,4.53905745776
2023-12-13,5.22488116737,4.61417010495
2023-12-14,5.27437617122,4.60504591904
2023-12-15,5.23840259544,4.59522318294
2023-12-18,5.25960087862,4.62309007185
2023-12-19,5.30426403932,4.64869392604
2023-12-20,5.21954797542,4.56787719668
2023-12-21,5.25658320931,4.62053399514
2023-12-22,5.25403354972,4.62799924341
2023-12-26,5.28697934629,4.64446272004
2023-12-27,5.28436875324,4.66341668644
2023-12-28,5.26065021346,4.6598068711
2023-12-29,5.24340671909,4.65486257162
2024-01-02,5.27018346638,4.68488936595
2024-01-03,5.26985202835,4.63852206065
2024-01-04,5.22098200989,4.63338816826
2024-01-05,5.23167276656,4.63098742694
2024-01-08,5.25336218005,4.6821082172
2024-01-09,5.20464617796,4.68022679944
2024-01-10,5.20146397424,4.69655356146
2024-01-11,5.16252365485,4.69318611683
2024-01-12,5.17041576617,4.67549071889
2024-01-16,5.10872697224,4.65569988573
2024-01-17,5.05488231873,4.63807785151
2024-01-18,5.04386043772,4.64456258827
2024-01-19,5.06362285325,4.65568198583
2024-01-22,5.05373040675,4.64825426077
2024-01-23,5.05609740312,4.66014816236
2024-01-24,5.05069881072,4.62084671007
2024-01-25,5.09715083756,4.61441177919
2024-01-26,5.12266116819,4.63768162464
2024-01-29,5.15572714253,4.67983971854
2024-01-30,5.17222479355,4.69134900564
2024-01-31,5.10427308402,4.64968960946
2024-02-01,5.16867051649,4.73107424269
2024-02-02,5.1708166543,4.75181222203
2024-02-05,5.10653689604,4.72431181612
2024-02-06,5.12865086484,4.75469990057
2024-02-07,5.15274621693,4.77537444335
2024-02-08,5.16639477957,4.77923896794
2024-02-09,5.15842744502,4.77510436676
2024-02-12,5.19520887274,4.7868741214
2024-02-13,5.11445530738,4.72286253594
2024-02-14,5.14027768206,4.75048501411
2024-02-15,5.23636536943,4.79073850175
2024-02-16,5.22282534134,4.78859580588
2024-02-20,5.18889760776,4.78418237828
2024-02-21,5.2569852422,4.80531233405
2024-02-22,5.28119447015,4.86056302618
2024-02-23,5.27341601774,4.86577830011
2024-02-26,5.25158574676,4.85606096597
2024-02-27,5.2815160776,4.85771166224
2024-02-28,5.29035253569,4.85782898228
2024-02-29,5.3118421519,4.85331338912
2024-03-01,5.32800041606,4.87585523576
2024-03-04,5.31497462738,4.85276017388
2024-03-05,5.30104934832,4.82464279591
2024-03-06,5.31767388274,4.84376773978
2024-03-07,5.35770437706,4.87273981666
2024-03-08,5.3621946535,4.85075918562
2024-03-11,5.385246419,4.85451560541
2024-03-12,5.37943114067,4.88419647801
2024-03-13,5.41709772654,4.87867536091
2024-03-14,5.41033740456,4.84991926707
2024-03-15,5.40124848166,4.82709949895
2024-03-18,5.42916764891,4.84945454745
2024-03-19,5.48169317061,4.87995720291
2024-03-20,5.50722090844,4.90501764157
2024-03-21,5.52591261718,4.91743413281
2024-03-22,5.5089268651,4.89289598181
2024-03-25,5.52952867413,4.88076742302
2024-03-26,5.49576768872,4.88957878753
2024-03-27,5.5850881005,4.94714951026
2024-03-28,5.61341157699,4.94455287322
2024-04-01,5.60114168678,4.90337040689
2024-04-02,5.60133467567,4.84625492244
2024-04-03,5.604811117,4.85400225913
2024-04-04,5.57340009606,4.79751206198
2024-04-05,5.61544138749,4.84304117042
2024-04-08,5.60971094159,4.85025491686
2024-04-09,5.62710119341,4.85976561701
2024-04-10,5.57924210187,4.80195260284
2024-04-11,5.56675481442,4.81020627662
2024-04-12,5.49475323433,4.74323189689
2024-04-15,5.45663505372,4.70218305779
2024-04-16,5.4169432023,4.69021413772
2024-04-17,5.44606763044,4.67177518123
2024-04-18,5.45054863083,4.65658998754
2024-04-19,5.50768725111,4.64608314219
2024-04-22,5.54378150236,4.6706130294
2024-04-23,5.58625572752,4.73120082856
2024-04-24,5.5934667606,4.72825139902
2024-04-25,5.5952720406,4.72394375621
2024-04-26,5.55742291358,4.7410645741
2024-04-29,5.60192676869,4.79365787649
2024-04-30,5.53429776741,4.7276894125
2024-05-01,5.52837287792,4.7151298461
2024-05-02,5.56011903505,4.71497242031
2024-05-03,5.59201270473,4.74578383544
2024-05-06,5.62910037541,4.77776066326
2024-05-07,5.65210782368,4.81412696069
2024-05-08,5.65853622795,4.80123926694
2024-05-09,5.71651230495,4.84877459692
2024-05-10,5.70826651198,4.85512444416
2024-05-13,5.70400231437,4.8456288658
2024-05-14,5.72573822243,4.85364788267
2024-05-15,5.78584844269,4.89102802911
2024-05-16,5.76454711988,4.86775920984
2024-05-17,5.77946325733,4.88646543526
2024-05-20,5.75808137536,4.88840508228
2024-05-21,5.79113835681,4.88588391195
2024-05-22,5.7514312169,4.87485763225
2024-05-23,5.66695670271,4.82349044099
2024-05-24,5.69839323474,4.84011753516
2024-05-28,5.66900243864,4.79466984671
2024-05-29,5.61719532447,4.73676428509
2024-05-30,5.65492113791,4.76118817952
2024-05-31,5.72679745448,4.82274981152
2024-06-03,5.7145747536,4.8033153987
2024-06-04,5.70090867453,4.79548189622
2024-06-05,5.73373083595,4.81901326554
2024-06-06,5.75611286524,4.81616264303
2024-06-07,5.73126292698,4.79377911203
2024-06-10,5.74265974169,4.79593977428
2024-06-11,5.72891184256,4.78539690886
2024-06-12,5.74842578421,4.78600841389
2024-06-13,5.74773404369,4.77718352556
2024-06-14,5.71432177006,4.74933595932
2024-06-17,5.76006121131,4.79365355538
2024-06-18,5.75386270126,4.8026268694
2024-06-20,5.76455592566,4.80173977936
2024-06-21,5.78673236336,4.79974591533
2024-06-24,5.80165564446,4.83392547516
2024-06-25,5.76367475466,4.78950933522
2024-06-26,5.7839757876,4.78076411575
2024-06-27,5.78770096681,4.77116999476
2024-06-28,5.76323524658,4.7642033788
2024-07-01,5.72853043392,4.71003556414
2024-07-02,5.73493716203,4.71577794913
2024-07-03,5.74628894123,4.72132883966
2024-07-05,5.76737440664,4.73015130228
2024-07-08,5.77295142777,4.73506580486
2024-07-09,5.76805188669,4.7194956065
2024-07-10,5.83013941149,4.76952781296
2024-07-11,5.90611925862,4.82271915572
2024-07-12,5.95180027631,4.85746000192
2024-07-15,5.89108144888,4.85926418078
2024-07-16,5.97255075904,4.9543509673
2024-07-17,5.97846596738,4.93692962068
2024-07-18,5.9117282287,4.8705568776
2024-07-19,5.90607919692,4.85507081259
2024-07-22,5.94051526255,4.88623421869
2024-07-23,5.9348193513,4.88863405987
2024-07-24,5.94797433465,4.845829927
2024-07-25,5.9269349191,4.85511182468
2024-07-26,5.98975538964,4.91836305697
2024-07-29,6.00348476314,4.91936193294
2024-07-30,6.00905008762,4.92017157045
2024-07-31,6.04890923461,4.94972887979
2024-08-01,6.09583350304,4.92710237362
2024-08-02,6.02032043867,4.84156248205
2024-08-05,5.85707259424,4.71672402015
2024-08-06,5.9039386375,4.76406288319
2024-08-07,5.86146517877,4.71470349735
2024-08-08,5.94829696101,4.84390759584
2024-08-09,5.97154331777,4.85938245621
2024-08-12,5.95977960325,4.85804341261
2024-08-13,6.04423133231,4.94439005337
2024-08-14,6.03956442464,4.96605449112
2024-08-15,6.11483288235,5.04667986192
2024-08-16,6.13081047506,5.04894764179
2024-08-19,6.18174627591,5.09758872103
2024-08-20,6.18380440364,5.09358485517
2024-08-21,6.22783043368,5.11677924094
2024-08-22,6.19070983924,5.07530531764
2024-08-23,6.24502691246,5.12717243801
2024-08-26,6.24116786619,5.10256121636
2024-08-27,6.22249659655,5.11666395527
2024-08-28,6.20491761442,5.09389728804
2024-08-29,6.22304039654,5.09395441407
2024-08-30,6.28407523427,5.14641454559
2024-09-03,6.24844028572,5.0261269334
2024-09-04,6.26804527641,5.02063447695
2024-09-05,6.25800988126,4.97557747304
2024-09-06,6.17763334893,4.90982832877
2024-09-09,6.24304255384,4.97313368394
2024-09-10,6.28623648175,5.00828909391
2024-09-11,6.30779689047,5.06359979756
2024-09-12,6.34391717372,5.0968279851
2024-09-13,6.39263831857,5.1260851834
2024-09-16,6.41965529044,5.13965456376
2024-09-17,6.40756975857,5.12831265413
2024-09-18,6.3834254944,5.10816292024
2024-09-19,6.42782777386,5.19513338445
2024-09-20,6.47057473059,5.16736146145
2024-09-23,6.51522821241,5.17543670318
2024-09-24,6.5150857238,5.19680215381
2024-09-25,6.49851741547,5.17759854032
2024-09-26,6.49978611541,5.21553830587
2024-09-27,6.5238593362,5.20023866661
2024-09-30,6.54177740102,5.22420215707
2024-10-01,6.53739805204,5.17079716578
2024-10-02,6.51561829881,5.19803082358
2024-10-03,6.47358607775,5.22716382637
2024-10-04,6.47892666814,5.27503317464
2024-10-07,6.39801675356,5.265040555
2024-10-08,6.42128674525,5.25473329278
2024-10-09,6.43804441724,5.30063527504
2024-10-10,6.41403111155,5.30316222108
2024-10-11,6.46028009883,5.34814075176
2024-10-14,6.50782459106,5.3814837352
2024-10-15,6.50427488205,5.27026286177
2024-10-16,6.55162703347,5.29768218085
2024-10-17,6.50968578686,5.30632552288
2024-10-18,6.53753085338,5.31232601643
2024-10-21,6.4851885872,5.30936211147
2024-10-22,6.48641648894,5.29014700973
2024-10-23,6.49297657045,5.25005773843
2024-10-24,6.46181472938,5.24315299604
2024-10-25,6.39985776099,5.24730978002
2024-10-28,6.42379780167,5.24090975313
2024-10-29,6.35059505618,5.23677486364
2024-10-30,6.33810361159,5.20865637852
2024-10-31,6.33805402946,5.14169806187
2024-11-01,6.30148277927,5.14458130193
2024-11-04,6.286213564,5.14890951104
2024-11-05,6.35199046889,5.20427655959
2024-11-06,6.38822902216,5.3457105123
2024-11-07,6.43928120705,5.37281733488
2024-11-08,6.51151253679,5.37412916181
2024-11-11,6.53722362022,5.37062272112
2024-11-12,6.47925084683,5.3277190549
2024-11-13,6.49941772818,5.32932880993
2024-11-14,6.42879036679,5.27849574766
2024-11-15,6.35276462686,5.21254056883
2024-11-18,6.38954296529,5.22885002178
2024-11-19,6.38372637222,5.23618870843
2024-11-20,6.38675204787,5.25038652601
2024-11-21,6.42989108289,5.31145812822
2024-11-22,6.48393815906,5.34703316663
2024-11-25,6.53662843501,5.37620643033
2024-11-26,6.56502663132,5.37426941048
2024-11-27,6.56912869677,5.34221103403
2024-11-29,6.61040140243,5.37788140236
2024-12-02,6.62430333959,5.38016535332
2024-12-03,6.60625469108,5.36965306533
2024-12-04,6.61942636674,5.39292491792
2024-12-05,6.62180080284,5.3386568195
2024-12-06,6.64586961228,5.33439240923
2024-12-09,6.64143152921,5.30677293672
2024-12-10,6.64653046953,5.25947446028
2024-12-11,6.64055880451,5.27539518848
2024-12-12,6.61067751711,5.24211519743
2024-12-13,6.61395674719,5.23077172051
2024-12-16,6.60873596401,5.23548609626
2024-12-17,6.61090182674,5.19930162853
2024-12-18,6.44335031244,5.04483079659
2024-12-19,6.40954984536,5.0271791284
2024-12-20,6.44850905977,5.09288259522
2024-12-23,6.4648383638,5.11025026232
2024-12-24,6.53963784265,5.15084853998
2024-12-26,6.54196681008,5.15085310361
2024-12-27,6.4836482529,5.10512609548
2024-12-30,6.39657474792,5.04353927497
2024-12-31,6.3912009902,5.03314666833
2025-01-02,6.35621063865,5.00536143559
2025-01-03,6.41878732336,5.05019243067
2025-01-06,6.40605956322,5.07931317705
2025-01-07,6.36737256894,5.04220695965
2025-01-08,6.38827115208,5.05746271852
2025-01-10,6.32703419287,4.98460340243
2025-01-13,6.37053305258,5.0298151243
2025-01-14,6.34447947539,5.07533553551
2025-01-15,6.40020028073,5.13516061256
2025-01-16,6.41246125476,5.15756269928
2025-01-17,6.44006582773,5.20537656563
2025-01-21,6.50159550739,5.27802085319
2025-01-22,6.4780699971,5.29772731948
2025-01-23,6.52819536599,5.32868928968
2025-01-24,6.52905735896,5.29832811907
2025-01-27,6.64852306414,5.19094539604
2025-01-28,6.60155012569,5.21709834314
2025-01-29,6.58712965634,5.19425235431
2025-01-30,6.65571069777,5.2337571795
2025-01-31,6.61834104997,5.19848899753
2025-02-03,6.60385905059,5.15879547161
2025-02-04,6.62546304442,5.15966269405
2025-02-05,6.66486039463,5.17600826308
2025-02-06,6.613562969,5.17427759999
2025-02-07,6.59967963718,5.13999466083
2025-02-10,6.66001600351,5.16262528334
2025-02-11,6.69558367326,5.17016492558
2025-02-12,6.63586961783,5.14453741067
2025-02-13,6.68525634421,5.18273816388
2025-02-14,6.64801575801,5.15392753213
2025-02-18,6.68258821574,5.18627627049
2025-02-19,6.7466742485,5.18925816861
2025-02-20,6.7709994744,5.1833351303
2025-02-21,6.73740446405,5.10447972426
2025-02-24,6.76261138875,5.10876592024
2025-02-25,6.78135634484,5.14539651021
2025-02-26,6.70823170001,5.13314794643
2025-02-27,6.71097703863,5.10864098569
2025-02-28,6.801463352,5.1656916847
2025-03-03,6.74393797119,5.11444117778
2025-03-04,6.66307006761,5.04223431696
2025-03-05,6.66210511125,5.12950602428
2025-03-06,6.66663613488,5.1012289585
2025-03-07,6.71168222619,5.12570941567
2025-03-10,6.69927978386,5.04485204856
2025-03-11,6.62459745441,4.98781449019
2025-03-12,6.56525480538,4.96320767901
2025-03-13,6.52836533145,4.93638365467
2025-03-14,6.61578258782,5.00048771103
2025-03-17,6.71126219786,5.06558805424
2025-03-18,6.69139154695,5.04999908106
2025-03-19,6.73073437054,5.07879482137
2025-03-20,6.73029310128,5.06054092929
2025-03-21,6.70668574865,5.03000572698
2025-03-24,6.76369547417,5.09665903938
2025-03-25,6.72565378208,5.077300738
2025-03-26,6.76485732009,5.06306349691
2025-03-27,6.76947438642,5.05587210354
2025-03-28,6.74051143706,4.98454550385
2025-03-31,6.82339633296,5.03161465754
2025-04-01,6.800392712,5.0167520733
2025-04-02,6.81205743858,5.05744165465
2025-04-03,6.62837209228,4.87629412724
2025-04-04,6.21312958161,4.58359919702
2025-04-07,6.16280138554,4.54295011127
2025-04-08,6.0623320867,4.46753118351
2025-04-09,6.37853382075,4.79190210881
2025-04-10,6.18870395773,4.65527456145
2025-04-11,6.29378986858,4.75098628713
2025-04-14,6.36492110613,4.80588453071
2025-04-15,6.3294622881,4.77557416793
2025-04-16,6.29888474149,4.72508525387
2025-04-17,6.37703298528,4.7350369906
2025-04-21,6.25787399073,4.64148726745
2025-04-22,6.37783468859,4.73372790837
2025-04-23,6.37178685289,4.76327352521
2025-04-24,6.40943275074,4.85264684154
2025-04-25,6.41043342325,4.84820637744
2025-04-28,6.42563470867,4.86298469746
2025-04-29,6.44916920011,4.8949445795
2025-04-30,6.43056358114,4.92908519946
2025-05-01,6.35738248259,4.88974654396
2025-05-02,6.42913587969,4.96902614082
2025-05-05,6.38244253298,4.95294218293
2025-05-06,6.32022143255,4.88104356628
2025-05-07,6.34037841313,4.89273537308
2025-05-08,6.34664549441,4.92265183335
2025-05-09,6.33323058899,4.91088532036
2025-05-12,6.44362220017,5.03991617698
2025-05-13,6.38292630735,4.99481827697
2025-05-14,6.30997859072,4.93404022547
2025-05-15,6.38821115231,4.99040999686
2025-05-16,6.44988411876,5.05892673631
2025-05-19,6.44689289294,5.08452928377
2025-05-20,6.43913022427,5.07912777844
2025-05-21,6.32527545665,4.98931601237
2025-05-22,6.29202656269,4.97490294208
2025-05-23,6.3034248288,4.96340924378
2025-05-27,6.36960318486,5.0449659559
2025-05-28,6.31689061388,5.00487872568
2025-05-29,6.3551577922,5.02322363995
2025-05-30,6.35916320623,5.02786749125
2025-06-02,6.38970079979,5.03646033376
2025-06-03,6.41789010205,5.07053197379
2025-06-04,6.3651263647,5.08114152806
2025-06-05,6.33987288401,5.0676356995
2025-06-06,6.40664612913,5.10238721632
2025-06-09,6.40425361645,5.10935295676
2025-06-10,6.47185340206,5.13192238206
2025-06-11,6.49749825571,5.1166224619
2025-06-12,6.53457984039,5.13271036536
2025-06-13,6.53690459538,5.08995692379
2025-06-16,6.53014198474,5.11048278385
2025-06-17,6.49760697346,5.05281331589
2025-06-18,6.47639043777,5.04107046879
2025-06-20,6.50448886592,5.02345243954
2025-06-23,6.4736459851,5.06717014907
2025-06-24,6.46884159935,5.11591470932
2025-06-25,6.43295468076,5.08600897884
2025-06-26,6.46775753639,5.12714410322
2025-06-27,6.4612164193,5.14271357723
2025-06-30,6.4732127561,5.16070723611
2025-07-01,6.54496000794,5.23324553281
2025-07-02,6.54729579525,5.23620712928
2025-07-03,6.56046013956,5.27605841402
2025-07-07,6.51231711642,5.24120390504
2025-07-08,6.49442937339,5.25803849496
2025-07-09,6.5015177674,5.28763520785
2025-07-10,6.54667016179,5.3022182177
2025-07-11,6.52125320099,5.27358034848
2025-07-14,6.52875931028,5.2796256199
2025-07-15,6.43663930622,5.25107945192
2025-07-16,6.4744200162,5.28393993372
2025-07-17,6.47772570903,5.29713428155
2025-07-18,6.47731926598,5.28071623335
2025-07-21,6.47557948178,5.26408084244
2025-07-22,6.55680131214,5.28263768784
2025-07-23,6.61202073912,5.35982648602
2025-07-24,6.55868028453,5.35789977388
2025-07-25,6.59458648793,5.38917193451
2025-07-28,6.56633681091,5.38285724806
2025-07-29,6.55112389185,5.35121060854
2025-07-30,6.51393948176,5.3434094709
2025-07-31,6.41788175316,5.28206552595
2025-08-01,6.38362401943,5.22302402411
2025-08-04,6.43441913069,5.28711661709
2025-08-05,6.43163602707,5.28918869778
2025-08-06,6.42450816143,5.24488987096
2025-08-07,6.39127357481,5.23004591552
2025-08-08,6.4271999261,5.25554292192
2025-08-11,6.41811478335,5.24755613824
2025-08-12,6.46634940008,5.30073125347
2025-08-13,6.55541470952,5.36908428271
2025-08-14,6.56173791147,5.34321127379
2025-08-15,6.59283304487,5.36506163972
2025-08-18,6.58402079447,5.35723348869
2025-08-19,6.59780117274,5.38346234041
2025-08-20,6.60510778842,5.39306507254
2025-08-21,6.59901738134,5.38609894844
2025-08-22,6.72876007511,5.46564049216
2025-08-25,6.69788287468,5.41145741732
2025-08-26,6.71873193701,5.44589971376
2025-08-27,6.74253884139,5.44922291708
2025-08-28,6.75462019276,5.4451921319
2025-08-29,6.75929759093,5.44468502472
2025-09-02,6.74535376629,5.41383982513
2025-09-03,6.69840253839,5.39317295896
2025-09-04,6.75163498204,5.43910852327
2025-09-05,6.70146574742,5.40522471478
2025-09-08,6.68265287181,5.4099910842
2025-09-09,6.70510937266,5.41521833698
2025-09-10,6.75380604574,5.40593185395
2025-09-11,6.81062470386,5.4838423447
2025-09-12,6.8209883539,5.4403528572
2025-09-15,6.83912252391,5.42922154549
2025-09-16,6.84861538307,5.41978712145
2025-09-17,6.85348667884,5.43256999369
2025-09-18,6.83748204136,5.45709322476
2025-09-19,6.83126591598,5.46320740494
2025-09-22,6.84308144419,5.4664520454
2025-09-23,6.87062847117,5.46291025651
2025-09-24,6.93256966315,5.44108630333
2025-09-25,6.89740630575,5.39417579802
2025-09-26,6.99006488539,5.44177506572
2025-09-29,6.96474399287,5.46182512623
2025-09-30,6.93376754478,5.51033733092
2025-10-01,6.96867262372,5.54372081562
2025-10-02,6.93651764745,5.56860555505
2025-10-03,7.00203824097,5.58706056855
2025-10-06,7.02483262657,5.59335191274
2025-10-07,7.04107030025,5.5777003018
2025-10-08,7.04844000964,5.59480313262
2025-10-09,7.00573051239,5.53496196077
2025-10-10,6.89625111812,5.41615697785
2025-10-13,6.94202430713,5.48096234129
2025-10-14,6.96944771511,5.54076111453
2025-10-15,7.00336745238,5.52473639821
2025-10-16,6.94579602928,5.447743296
2025-10-17,6.97093556265,5.46029955281
2025-10-20,7.01841410393,5.52479947461
2025-10-21,6.99418459735,5.53197788118
2025-10-22,7.03094352252,5.49181787227
2025-10-23,7.06081223157,5.54066258757
2025-10-24,7.06521461456,5.5542431878
2025-10-27,7.08277488419,5.57159699293
2025-10-28,7.0041225206,5.54899326723
2025-10-29,6.99643115979,5.48618230584
2025-10-30,6.97806681678,5.46196156345
2025-10-31,6.97754145812,5.46083390517
2025-11-03,6.98232288449,5.43420157198
2025-11-04,6.95935588294,5.41364423049
2025-11-05,6.97497429384,5.43745609192
2025-11-06,6.9917497994,5.41476443643
2025-11-07,7.06061896498,5.45799861129
2025-11-10,7.09959360143,5.49203823844
2025-11-11,7.18684021739,5.51999118039
2025-11-12,7.19300368274,5.55091987229
2025-11-13,7.16541521344,5.48657421247
2025-11-14,7.19350702643,5.45126195357
2025-11-17,7.16793505636,5.3709632486
2025-11-18,7.192411791,5.36181354951
2025-11-19,7.13748290622,5.37895982575
2025-11-20,7.08413807227,5.3065324252
2025-11-21,7.15371828007,5.3873115254
2025-11-24,7.18369637916,5.40291084772
2025-11-25,7.21658735295,5.47545869518
2025-11-26,7.25944636767,5.52300190498
2025-11-28,7.29464341568,5.55749262041
2025-12-01,7.21933362612,5.50745876084
2025-12-02,7.18479515276,5.46672305459
2025-12-03,7.20493999366,5.48219025975
2025-12-04,7.17986713644,5.45380211886
2025-12-05,7.17130217385,5.42325830259
2025-12-08,7.08464117386,5.35244977652
2025-12-09,7.09153226324,5.33261113318
2025-12-10,7.13261657556,5.39254876775
2025-12-11,7.17663736511,5.45866233963
2025-12-12,7.19461235263,5.45686088133
2025-12-15,7.24344868806,5.49592023607
2025-12-16,7.22680327966,5.45951454146
2025-12-17,7.19412509625,5.45241178054
2025-12-18,7.24002486564,5.47042980894
2025-12-19,7.18770605992,5.46802492658
2025-12-22,7.20285487421,5.50871801351
2025-12-23,7.19628807326,5.514617372
2025-12-24,7.23391968794,5.53589936335
2025-12-26,7.22463489075,5.54878666232
2025-12-29,7.20608854452,5.53396912295
2025-12-30,7.1976025975,5.53619127915
2025-12-31,7.14906930868,5.49873365102
