XLK,XLF,XLE,XLY,XLP,XLV,XLI,XLB,XLU,path_id
XLU,XLV,XLB,XLE,XLI,XLK,XLY,XLF,XLP,0
XLB,XLK,XLP,XLI,XLE,XLV,XLF,XLU,XLY,1
XLU,XLK,XLV,XLB,XLY,XLI,XLF,XLE,XLP,2
XLI,XLU,XLB,XLK,XLY,XLF,XLV,XLE,XLP,3
XLB,XLI,XLV,XLU,XLP,XLE,XLF,XLY,XLK,4
XLU,XLP,XLB,XLF,XLK,XLE,XLY,XLV,XLI,5
XLF,XLB,XLK,XLV,XLP,XLI,XLE,XLY,XLU,6
XLY,XLU,XLF,XLV,XLB,XLI,XLK,XLE,XLP,7
XLU,XLB,XLE,XLP,XLY,XLI,XLV,XLF,XLK,8
XLP,XLI,XLE,XLB,XLK,XLY,XLF,XLU,XLV,9
XLK,XLV,XLY,XLU,XLB,XLI,XLP,XLF,XLE,10
XLV,XLE,XLU,XLY,XLB,XLF,XLP,XLI,XLK,11
XLU,XLI,XLE,XLP,XLK,XLV,XLF,XLY,XLB,12
XLB,XLI,XLP,XLY,XLE,XLF,XLU,XLV,XLK,13
XLF,XLE,XLY,XLI,XLK,XLV,XLU,XLP,XLB,14
XLI,XLB,XLE,XLK,XLV,XLY,XLU,XLP,XLF,15
XLU,XLB,XLE,XLP,XLK,XLF,XLV,XLI,XLY,16
XLV,XLU,XLB,XLE,XLF,XLK,XLI,XLP,XLY,17
XLY,XLE,XLU,XLP,XLV,XLB,XLK,XLF,XLI,18
XLE,XLB,XLK,XLV,XLF,XLU,XLP,XLY,XLI,19
XLF,XLV,XLK,XLP,XLI,XLB,XLU,XLY,XLE,20
XLE,XLK,XLI,XLV,XLB,XLU,XLP,XLY,XLF,21
XLF,XLK,XLU,XLV,XLB,XLE,XLY,XLI,XLP,22
XLB,XLF,XLE,XLI,XLY,XLV,XLP,XLU,XLK,23
XLY,XLF,XLB,XLV,XLP,XLK,XLE,XLU,XLI,24
XLK,XLU,XLP,XLV,XLF,XLY,XLB,XLI,XLE,25
XLY,XLF,XLE,XLK,XLU,XLP,XLI,XLV,XLB,26
XLF,XLK,XLU,XLY,XLI,XLE,XLP,XLB,XLV,27
XLE,XLP,XLI,XLK,XLB,XLY,XLF,XLU,XLV,28
XLK,XLF,XLB,XLY,XLU,XLE,XLV,XLI,XLP,29
XLI,XLB,XLV,XLY,XLE,XLU,XLK,XLP,XLF,30
XLK,XLI,XLY,XLP,XLE,XLB,XLU,XLF,XLV,31
XLU,XLV,XLI,XLP,XLK,XLY,XLE,XLB,XLF,32
XLP,XLE,XLY,XLB,XLV,XLU,XLF,XLK,XLI,33
XLY,XLK,XLI,XLF,XLP,XLU,XLV,XLB,XLE,34
XLY,XLE,XLF,XLB,XLP,XLV,XLI,XLK,XLU,35
XLY,XLP,XLI,XLK,XLV,XLF,XLE,XLU,XLB,36
XLP,XLV,XLB,XLY,XLE,XLI,XLU,XLF,XLK,37
XLP,XLB,XLU,XLE,XLF,XLV,XLY,XLK,XLI,38
XLU,XLY,XLE,XLF,XLI,XLB,XLV,XLK,XLP,39
XLI,XLP,XLK,XLF,XLE,XLV,XLY,XLU,XLB,40
XLU,XLV,XLI,XLK,XLE,XLP,XLY,XLF,XLB,41
XLB,XLU,XLE,XLI,XLF,XLY,XLK,XLV,XLP,42
XLK,XLB,XLP,XLI,XLV,XLU,XLF,XLE,XLY,43
XLE,XLY,XLF,XLI,XLK,XLP,XLV,XLU,XLB,44
XLV,XLP,XLB,XLE,XLF,XLI,XLU,XLY,XLK,45
XLE,XLU,XLY,XLF,XLB,XLI,XLP,XLV,XLK,46
XLV,XLP,XLB,XLI,XLE,XLK,XLY,XLU,XLF,47
XLY,XLI,XLB,XLP,XLE,XLK,XLF,XLV,XLU,48
XLU,XLY,XLP,XLB,XLI,XLF,XLV,XLE,XLK,49
XLU,XLI,XLP,XLB,XLE,XLV,XLK,XLF,XLY,50
XLV,XLP,XLB,XLU,XLY,XLE,XLK,XLI,XLF,51
XLB,XLY,XLI,XLK,XLP,XLF,XLE,XLU,XLV,52
XLV,XLI,XLU,XLK,XLP,XLF,XLY,XLE,XLB,53
XLK,XLV,XLB,XLI,XLE,XLU,XLP,XLF,XLY,54
XLY,XLK,XLV,XLE,XLI,XLU,XLP,XLB,XLF,55
XLK,XLY,XLV,XLE,XLU,XLP,XLI,XLF,XLB,56
XLU,XLE,XLK,XLF,XLY,XLI,XLV,XLB,XLP,57
XLI,XLP,XLE,XLF,XLY,XLU,XLB,XLV,XLK,58
XLF,XLE,XLI,XLV,XLP,XLY,XLB,XLU,XLK,59
XLI,XLY,XLE,XLF,XLK,XLU,XLP,XLV,XLB,60
XLE,XLK,XLI,XLV,XLB,XLY,XLF,XLU,XLP,61
XLP,XLB,XLI,XLY,XLE,XLU,XLV,XLF,XLK,62
XLY,XLF,XLK,XLI,XLV,XLB,XLE,XLP,XLU,63
XLP,XLY,XLE,XLU,XLI,XLF,XLB,XLV,XLK,64
XLB,XLI,XLK,XLP,XLF,XLY,XLE,XLU,XLV,65
XLU,XLF,XLV,XLI,XLE,XLB,XLP,XLK,XLY,66
XLF,XLI,XLU,XLP,XLV,XLE,XLY,XLK,XLB,67
XLF,XLK,XLU,XLI,XLE,XLB,XLY,XLV,XLP,68
XLB,XLE,XLP,XLF,XLV,XLU,XLI,XLY,XLK,69
XLK,XLP,XLI,XLY,XLV,XLE,XLF,XLU,XLB,70
XLP,XLY,XLB,XLK,XLV,XLU,XLI,XLF,XLE,71
XLE,XLB,XLF,XLY,XLK,XLP,XLU,XLV,XLI,72
XLI,XLY,XLK,XLF,XLE,XLP,XLB,XLU,XLV,73
XLU,XLV,XLP,XLY,XLE,XLB,XLK,XLI,XLF,74
XLI,XLB,XLK,XLE,XLV,XLF,XLU,XLY,XLP,75
XLY,XLF,XLK,XLV,XLU,XLE,XLP,XLI,XLB,76
XLB,XLF,XLP,XLU,XLE,XLV,XLK,XLY,XLI,77
XLV,XLE,XLI,XLB,XLY,XLU,XLK,XLF,XLP,78
XLV,XLP,XLK,XLY,XLF,XLU,XLE,XLB,XLI,79
XLK,XLB,XLV,XLE,XLU,XLY,XLF,XLP,XLI,80
XLI,XLU,XLY,XLF,XLE,XLP,XLB,XLK,XLV,81
XLE,XLK,XLF,XLB,XLY,XLP,XLU,XLI,XLV,82
XLK,XLY,XLV,XLB,XLE,XLF,XLU,XLP,XLI,83
XLY,XLV,XLU,XLK,XLI,XLF,XLP,XLE,XLB,84
XLU,XLK,XLE,XLP,XLI,XLV,XLF,XLB,XLY,85
XLP,XLB,XLU,XLV,XLK,XLI,XLF,XLE,XLY,86
XLI,XLB,XLF,XLU,XLV,XLK,XLE,XLY,XLP,87
XLK,XLY,XLU,XLE,XLF,XLV,XLI,XLB,XLP,88
XLE,XLV,XLY,XLU,XLB,XLF,XLK,XLP,XLI,89
XLE,XLU,XLV,XLK,XLI,XLP,XLY,XLB,XLF,90
XLF,XLU,XLB,XLV,XLP,XLI,XLY,XLK,XLE,91
XLU,XLE,XLV,XLF,XLK,XLI,XLY,XLP,XLB,92
XLY,XLK,XLF,XLI,XLV,XLU,XLB,XLP,XLE,93
XLK,XLU,XLE,XLY,XLB,XLF,XLV,XLI,XLP,94
XLB,XLP,XLF,XLY,XLE,XLK,XLV,XLU,XLI,95
XLI,XLB,XLY,XLU,XLP,XLK,XLV,XLE,XLF,96
XLI,XLK,XLY,XLV,XLU,XLF,XLB,XLE,XLP,97
XLB,XLI,XLE,XLV,XLF,XLU,XLP,XLK,XLY,98
XLP,XLI,XLV,XLU,XLF,XLY,XLK,XLB,XLE,99
XLI,XLU,XLK,XLE,XLV,XLP,XLF,XLY,XLB,100
XLE,XLY,XLK,XLF,XLB,XLU,XLP,XLV,XLI,101
XLV,XLP,XLK,XLI,XLU,XLY,XLF,XLB,XLE,102
XLU,XLF,XLP,XLB,XLE,XLY,XLI,XLV,XLK,103
XLE,XLY,XLP,XLV,XLF,XLI,XLK,XLU,XLB,104
XLE,XLK,XLY,XLI,XLU,XLB,XLV,XLF,XLP,105
XLY,XLE,XLU,XLI,XLP,XLB,XLK,XLF,XLV,106
XLB,XLE,XLP,XLF,XLK,XLU,XLV,XLI,XLY,107
XLU,XLB,XLI,XLK,XLV,XLF,XLP,XLE,XLY,108
XLK,XLF,XLB,XLV,XLY,XLI,XLP,XLE,XLU,109
XLK,XLU,XLY,XLB,XLE,XLP,XLV,XLI,XLF,110
XLF,XLV,XLI,XLU,XLY,XLB,XLP,XLK,XLE,111
XLU,XLK,XLF,XLB,XLY,XLE,XLI,XLP,XLV,112
XLV,XLY,XLB,XLU,XLE,XLF,XLP,XLI,XLK,113
XLP,XLV,XLF,XLK,XLE,XLU,XLY,XLB,XLI,114
XLK,XLP,XLI,XLY,XLE,XLV,XLB,XLU,XLF,115
XLB,XLI,XLU,XLV,XLY,XLF,XLP,XLK,XLE,116
XLK,XLE,XLI,XLU,XLP,XLB,XLF,XLY,XLV,117
XLP,XLY,XLK,XLI,XLU,XLV,XLE,XLF,XLB,118
XLY,XLP,XLV,XLE,XLF,XLU,XLB,XLI,XLK,119
XLF,XLB,XLP,XLY,XLI,XLK,XLE,XLV,XLU,120
XLV,XLI,XLB,XLY,XLF,XLP,XLU,XLE,XLK,121
XLE,XLV,XLU,XLF,XLP,XLB,XLI,XLY,XLK,122
XLF,XLP,XLE,XLI,XLB,XLK,XLY,XLU,XLV,123
XLB,XLY,XLU,XLI,XLK,XLV,XLE,XLP,XLF,124
XLY,XLE,XLF,XLU,XLK,XLB,XLP,XLI,XLV,125
XLK,XLU,XLF,XLI,XLP,XLY,XLE,XLV,XLB,126
XLB,XLP,XLK,XLY,XLU,XLV,XLF,XLI,XLE,127
XLP,XLF,XLI,XLY,XLE,XLU,XLB,XLV,XLK,128
XLV,XLB,XLE,XLF,XLU,XLP,XLK,XLI,XLY,129
XLV,XLY,XLI,XLP,XLF,XLU,XLE,XLB,XLK,130
XLB,XLU,XLF,XLE,XLV,XLI,XLP,XLY,XLK,131
XLK,XLU,XLY,XLF,XLI,XLB,XLV,XLP,XLE,132
XLV,XLU,XLK,XLB,XLY,XLF,XLI,XLP,XLE,133
XLU,XLV,XLK,XLP,XLF,XLB,XLY,XLE,XLI,134
XLI,XLF,XLU,XLY,XLB,XLE,XLP,XLK,XLV,135
XLP,XLY,XLB,XLE,XLF,XLK,XLV,XLU,XLI,136
XLB,XLF,XLV,XLE,XLI,XLK,XLP,XLU,XLY,137
XLU,XLK,XLY,XLE,XLP,XLV,XLI,XLF,XLB,138
XLF,XLB,XLK,XLP,XLU,XLE,XLI,XLV,XLY,139
XLU,XLB,XLV,XLI,XLY,XLE,XLP,XLK,XLF,140
XLY,XLP,XLB,XLF,XLK,XLE,XLV,XLI,XLU,141
XLV,XLY,XLB,XLI,XLE,XLF,XLU,XLK,XLP,142
XLF,XLY,XLU,XLK,XLI,XLV,XLE,XLP,XLB,143
XLE,XLB,XLU,XLF,XLV,XLI,XLP,XLY,XLK,144
XLB,XLF,XLK,XLE,XLU,XLP,XLV,XLI,XLY,145
XLY,XLF,XLV,XLE,XLB,XLK,XLP,XLI,XLU,146
XLF,XLI,XLP,XLU,XLE,XLV,XLK,XLB,XLY,147
XLE,XLY,XLF,XLU,XLI,XLB,XLK,XLV,XLP,148
XLE,XLY,XLP,XLU,XLK,XLB,XLF,XLI,XLV,149
XLK,XLE,XLY,XLF,XLP,XLU,XLI,XLV,XLB,150
XLY,XLB,XLP,XLE,XLI,XLV,XLK,XLU,XLF,151
XLU,XLE,XLV,XLK,XLP,XLY,XLF,XLI,XLB,152
XLI,XLP,XLK,XLV,XLU,XLF,XLB,XLE,XLY,153
XLE,XLY,XLV,XLF,XLP,XLK,XLI,XLU,XLB,154
XLE,XLV,XLF,XLK,XLB,XLU,XLP,XLY,XLI,155
XLK,XLU,XLV,XLP,XLY,XLB,XLI,XLF,XLE,156
XLY,XLP,XLI,XLF,XLE,XLV,XLK,XLU,XLB,157
XLU,XLE,XLB,XLI,XLK,XLV,XLY,XLF,XLP,158
XLU,XLV,XLK,XLE,XLY,XLP,XLB,XLI,XLF,159
XLE,XLI,XLP,XLY,XLB,XLF,XLU,XLK,XLV,160
XLI,XLV,XLB,XLE,XLY,XLK,XLF,XLP,XLU,161
XLK,XLY,XLE,XLU,XLF,XLB,XLI,XLP,XLV,162
XLP,XLB,XLK,XLI,XLY,XLE,XLV,XLU,XLF,163
XLV,XLP,XLU,XLF,XLK,XLY,XLE,XLI,XLB,164
XLB,XLV,XLI,XLF,XLE,XLK,XLU,XLP,XLY,165
XLV,XLF,XLE,XLP,XLY,XLU,XLK,XLI,XLB,166
XLP,XLY,XLI,XLF,XLK,XLE,XLB,XLU,XLV,167
XLF,XLP,XLY,XLI,XLV,XLK,XLE,XLU,XLB,168
XLI,XLP,XLB,XLF,XLU,XLY,XLE,XLK,XLV,169
XLP,XLB,XLI,XLV,XLY,XLE,XLF,XLU,XLK,170
XLF,XLV,XLK,XLP,XLY,XLB,XLU,XLI,XLE,171
XLP,XLY,XLF,XLK,XLV,XLU,XLE,XLI,XLB,172
XLK,XLI,XLF,XLU,XLP,XLE,XLB,XLY,XLV,173
XLE,XLV,XLB,XLI,XLU,XLP,XLY,XLF,XLK,174
XLK,XLV,XLE,XLI,XLF,XLU,XLB,XLY,XLP,175
XLF,XLP,XLK,XLE,XLV,XLB,XLU,XLY,XLI,176
XLY,XLE,XLB,XLK,XLF,XLU,XLI,XLV,XLP,177
XLK,XLF,XLB,XLI,XLY,XLU,XLP,XLV,XLE,178
XLP,XLV,XLU,XLE,XLI,XLY,XLF,XLK,XLB,179
XLK,XLP,XLB,XLV,XLU,XLE,XLI,XLF,XLY,180
XLI,XLV,XLK,XLB,XLE,XLU,XLF,XLY,XLP,181
XLF,XLU,XLB,XLV,XLY,XLP,XLE,XLK,XLI,182
XLU,XLP,XLF,XLE,XLV,XLY,XLK,XLB,XLI,183
XLP,XLY,XLV,XLF,XLK,XLI,XLB,XLU,XLE,184
XLE,XLU,XLB,XLK,XLV,XLY,XLI,XLP,XLF,185
XLF,XLB,XLI,XLE,XLV,XLP,XLY,XLU,XLK,186
XLB,XLY,XLK,XLP,XLV,XLF,XLI,XLE,XLU,187
XLV,XLI,XLB,XLP,XLK,XLE,XLF,XLU,XLY,188
XLK,XLE,XLU,XLY,XLP,XLI,XLB,XLV,XLF,189
XLI,XLV,XLE,XLF,XLK,XLU,XLY,XLB,XLP,190
XLE,XLF,XLU,XLY,XLV,XLK,XLI,XLB,XLP,191
XLB,XLF,XLV,XLY,XLI,XLE,XLK,XLU,XLP,192
XLV,XLI,XLB,XLF,XLY,XLE,XLK,XLU,XLP,193
XLV,XLP,XLY,XLK,XLI,XLU,XLE,XLB,XLF,194
XLY,XLF,XLB,XLV,XLE,XLU,XLK,XLI,XLP,195
XLE,XLV,XLF,XLB,XLU,XLI,XLK,XLP,XLY,196
XLB,XLE,XLP,XLI,XLV,XLU,XLK,XLF,XLY,197
XLE,XLP,XLU,XLI,XLV,XLB,XLY,XLK,XLF,198
XLE,XLK,XLF,XLU,XLY,XLI,XLB,XLP,XLV,199
XLI,XLP,XLE,XLU,XLY,XLB,XLK,XLV,XLF,200
XLY,XLE,XLK,XLP,XLB,XLU,XLV,XLF,XLI,201
XLF,XLB,XLP,XLV,XLE,XLU,XLY,XLI,XLK,202
XLV,XLE,XLI,XLU,XLB,XLY,XLP,XLF,XLK,203
XLP,XLB,XLU,XLK,XLI,XLE,XLY,XLF,XLV,204
XLV,XLE,XLY,XLB,XLI,XLP,XLU,XLK,XLF,205
XLB,XLU,XLY,XLK,XLE,XLI,XLV,XLF,XLP,206
XLE,XLF,XLI,XLU,XLP,XLB,XLY,XLK,XLV,207
XLB,XLV,XLI,XLK,XLP,XLU,XLF,XLY,XLE,208
XLB,XLI,XLP,XLE,XLF,XLU,XLK,XLY,XLV,209
XLP,XLB,XLI,XLU,XLK,XLY,XLV,XLF,XLE,210
XLU,XLK,XLI,XLB,XLY,XLV,XLF,XLP,XLE,211
XLF,XLP,XLI,XLB,XLV,XLE,XLU,XLY,XLK,212
XLI,XLY,XLF,XLE,XLP,XLB,XLV,XLU,XLK,213
XLK,XLV,XLY,XLP,XLU,XLB,XLF,XLI,XLE,214
XLB,XLK,XLP,XLF,XLU,XLY,XLV,XLE,XLI,215
XLI,XLU,XLY,XLP,XLV,XLE,XLB,XLK,XLF,216
XLI,XLB,XLU,XLP,XLK,XLY,XLE,XLF,XLV,217
XLP,XLU,XLY,XLV,XLE,XLK,XLF,XLI,XLB,218
XLU,XLE,XLB,XLI,XLP,XLV,XLY,XLK,XLF,219
XLI,XLY,XLV,XLU,XLB,XLE,XLP,XLF,XLK,220
XLV,XLP,XLY,XLU,XLB,XLE,XLF,XLI,XLK,221
XLY,XLP,XLF,XLU,XLE,XLB,XLI,XLV,XLK,222
XLK,XLV,XLF,XLP,XLI,XLU,XLE,XLY,XLB,223
XLP,XLU,XLV,XLB,XLF,XLK,XLI,XLE,XLY,224
XLV,XLY,XLF,XLU,XLE,XLP,XLK,XLB,XLI,225
XLP,XLB,XLK,XLF,XLU,XLE,XLV,XLY,XLI,226
XLY,XLK,XLF,XLE,XLU,XLV,XLI,XLP,XLB,227
XLY,XLU,XLI,XLB,XLP,XLF,XLE,XLV,XLK,228
XLU,XLF,XLY,XLK,XLI,XLV,XLE,XLP,XLB,229
XLU,XLP,XLF,XLB,XLE,XLK,XLI,XLV,XLY,230
XLU,XLI,XLP,XLK,XLB,XLY,XLF,XLE,XLV,231
XLF,XLU,XLE,XLI,XLV,XLK,XLB,XLP,XLY,232
XLI,XLP,XLF,XLK,XLE,XLY,XLV,XLU,XLB,233
XLE,XLK,XLB,XLP,XLI,XLF,XLV,XLY,XLU,234
XLB,XLF,XLU,XLP,XLK,XLE,XLV,XLI,XLY,235
XLY,XLU,XLE,XLV,XLP,XLK,XLI,XLB,XLF,236
XLY,XLI,XLK,XLV,XLB,XLP,XLU,XLF,XLE,237
XLY,XLB,XLU,XLV,XLP,XLK,XLE,XLF,XLI,238
XLF,XLE,XLY,XLU,XLB,XLK,XLV,XLP,XLI,239
XLF,XLB,XLY,XLU,XLI,XLP,XLE,XLK,XLV,240
XLF,XLP,XLU,XLI,XLE,XLY,XLB,XLV,XLK,241
XLF,XLB,XLU,XLP,XLK,XLE,XLV,XLI,XLY,242
XLY,XLI,XLB,XLV,XLK,XLU,XLP,XLE,XLF,243
XLE,XLF,XLK,XLB,XLY,XLU,XLP,XLI,XLV,244
XLK,XLY,XLU,XLV,XLI,XLF,XLE,XLP,XLB,245
XLF,XLU,XLI,XLE,XLY,XLP,XLB,XLK,XLV,246
XLV,XLB,XLP,XLK,XLI,XLU,XLE,XLY,XLF,247
XLU,XLE,XLI,XLB,XLV,XLK,XLP,XLF,XLY,248
XLF,XLU,XLY,XLK,XLB,XLP,XLI,XLE,XLV,249
XLY,XLB,XLV,XLP,XLI,XLF,XLK,XLU,XLE,250
XLY,XLF,XLE,XLK,XLU,XLB,XLP,XLI,XLV,251
XLK,XLY,XLI,XLU,XLP,XLE,XLF,XLV,XLB,252
XLK,XLU,XLB,XLF,XLV,XLP,XLY,XLE,XLI,253
XLV,XLP,XLE,XLK,XLB,XLU,XLF,XLI,XLY,254
XLK,XLB,XLP,XLI,XLU,XLF,XLV,XLY,XLE,255
XLE,XLP,XLB,XLK,XLU,XLF,XLV,XLI,XLY,256
XLV,XLI,XLU,XLK,XLE,XLP,XLF,XLB,XLY,257
XLY,XLP,XLE,XLF,XLI,XLK,XLV,XLU,XLB,258
XLF,XLK,XLY,XLI,XLB,XLE,XLP,XLU,XLV,259
XLP,XLB,XLY,XLU,XLE,XLK,XLF,XLV,XLI,260
XLI,XLP,XLU,XLE,XLV,XLF,XLB,XLK,XLY,261
XLU,XLY,XLF,XLB,XLV,XLI,XLP,XLK,XLE,262
XLE,XLK,XLI,XLP,XLY,XLU,XLB,XLV,XLF,263
XLP,XLF,XLY,XLE,XLU,XLB,XLV,XLI,XLK,264
XLV,XLI,XLP,XLF,XLY,XLK,XLU,XLB,XLE,265
XLE,XLI,XLK,XLU,XLP,XLF,XLV,XLB,XLY,266
XLV,XLK,XLF,XLU,XLP,XLY,XLI,XLB,XLE,267
XLK,XLI,XLV,XLU,XLE,XLP,XLB,XLF,XLY,268
XLU,XLI,XLV,XLY,XLK,XLF,XLP,XLE,XLB,269
XLV,XLE,XLP,XLI,XLK,XLU,XLF,XLY,XLB,270
XLY,XLV,XLB,XLK,XLU,XLI,XLP,XLF,XLE,271
XLI,XLV,XLK,XLF,XLP,XLY,XLU,XLE,XLB,272
XLP,XLE,XLB,XLK,XLV,XLY,XLU,XLF,XLI,273
XLP,XLK,XLI,XLU,XLF,XLY,XLE,XLV,XLB,274
XLF,XLU,XLI,XLY,XLB,XLE,XLV,XLP,XLK,275
XLI,XLU,XLF,XLB,XLP,XLK,XLE,XLV,XLY,276
XLK,XLF,XLY,XLV,XLE,XLP,XLU,XLB,XLI,277
XLU,XLI,XLE,XLV,XLY,XLB,XLP,XLK,XLF,278
XLI,XLE,XLU,XLP,XLV,XLF,XLY,XLK,XLB,279
XLU,XLB,XLY,XLV,XLP,XLI,XLK,XLF,XLE,280
XLV,XLU,XLY,XLF,XLE,XLB,XLI,XLP,XLK,281
XLB,XLY,XLI,XLK,XLP,XLE,XLV,XLU,XLF,282
XLP,XLE,XLU,XLF,XLB,XLI,XLY,XLK,XLV,283
XLU,XLI,XLV,XLP,XLE,XLY,XLF,XLB,XLK,284
XLK,XLP,XLE,XLY,XLU,XLV,XLB,XLF,XLI,285
XLV,XLE,XLU,XLF,XLP,XLY,XLB,XLI,XLK,286
XLE,XLU,XLY,XLI,XLK,XLB,XLP,XLV,XLF,287
XLI,XLP,XLF,XLB,XLE,XLY,XLV,XLU,XLK,288
XLV,XLY,XLU,XLE,XLP,XLI,XLK,XLB,XLF,289
XLV,XLF,XLE,XLI,XLU,XLP,XLB,XLK,XLY,290
XLU,XLK,XLV,XLP,XLY,XLI,XLE,XLB,XLF,291
XLV,XLI,XLU,XLB,XLE,XLK,XLP,XLF,XLY,292
XLI,XLY,XLF,XLB,XLK,XLP,XLE,XLU,XLV,293
XLF,XLU,XLB,XLI,XLE,XLV,XLK,XLP,XLY,294
XLI,XLY,XLV,XLE,XLU,XLP,XLB,XLF,XLK,295
XLV,XLE,XLU,XLK,XLI,XLY,XLF,XLB,XLP,296
XLP,XLF,XLE,XLV,XLB,XLK,XLU,XLI,XLY,297
XLK,XLV,XLU,XLF,XLY,XLE,XLB,XLI,XLP,298
XLB,XLU,XLP,XLY,XLK,XLV,XLF,XLE,XLI,299
XLU,XLP,XLF,XLY,XLK,XLV,XLB,XLE,XLI,300
XLY,XLI,XLK,XLE,XLV,XLF,XLB,XLP,XLU,301
XLY,XLF,XLB,XLI,XLP,XLK,XLE,XLU,XLV,302
XLK,XLP,XLU,XLV,XLY,XLF,XLE,XLI,XLB,303
XLB,XLP,XLF,XLI,XLY,XLU,XLV,XLK,XLE,304
XLE,XLU,XLV,XLB,XLF,XLK,XLY,XLI,XLP,305
XLF,XLE,XLV,XLU,XLI,XLY,XLK,XLP,XLB,306
XLE,XLV,XLI,XLU,XLY,XLB,XLF,XLP,XLK,307
XLK,XLP,XLY,XLB,XLF,XLU,XLE,XLV,XLI,308
XLP,XLE,XLV,XLU,XLI,XLK,XLB,XLF,XLY,309
XLP,XLB,XLI,XLU,XLV,XLK,XLY,XLF,XLE,310
XLU,XLV,XLK,XLY,XLB,XLP,XLE,XLI,XLF,311
XLF,XLU,XLY,XLP,XLE,XLV,XLI,XLB,XLK,312
XLY,XLB,XLE,XLF,XLU,XLK,XLP,XLI,XLV,313
XLY,XLK,XLF,XLI,XLB,XLP,XLU,XLV,XLE,314
XLV,XLF,XLE,XLP,XLK,XLI,XLU,XLY,XLB,315
XLE,XLP,XLI,XLY,XLF,XLU,XLK,XLV,XLB,316
XLU,XLI,XLP,XLV,XLF,XLB,XLY,XLE,XLK,317
XLP,XLE,XLK,XLY,XLI,XLV,XLU,XLB,XLF,318
XLV,XLU,XLY,XLE,XLB,XLI,XLK,XLF,XLP,319
XLF,XLB,XLV,XLU,XLP,XLY,XLI,XLE,XLK,320
XLU,XLE,XLK,XLV,XLB,XLP,XLI,XLY,XLF,321
XLP,XLF,XLY,XLI,XLU,XLK,XLB,XLV,XLE,322
XLE,XLI,XLF,XLY,XLK,XLP,XLU,XLV,XLB,323
XLI,XLE,XLP,XLB,XLF,XLV,XLU,XLK,XLY,324
XLF,XLP,XLK,XLE,XLV,XLB,XLI,XLY,XLU,325
XLP,XLY,XLF,XLV,XLU,XLB,XLE,XLK,XLI,326
XLE,XLI,XLF,XLB,XLU,XLV,XLY,XLK,XLP,327
XLP,XLI,XLE,XLK,XLB,XLV,XLU,XLY,XLF,328
XLP,XLB,XLU,XLF,XLI,XLV,XLY,XLK,XLE,329
XLF,XLU,XLI,XLV,XLP,XLE,XLB,XLK,XLY,330
XLP,XLY,XLE,XLI,XLU,XLV,XLF,XLK,XLB,331
XLV,XLU,XLI,XLE,XLB,XLP,XLY,XLK,XLF,332
XLU,XLP,XLB,XLF,XLY,XLE,XLK,XLI,XLV,333
XLK,XLP,XLY,XLV,XLI,XLF,XLE,XLU,XLB,334
XLE,XLF,XLU,XLV,XLY,XLB,XLK,XLP,XLI,335
XLI,XLY,XLU,XLV,XLB,XLK,XLE,XLP,XLF,336
XLP,XLY,XLF,XLU,XLB,XLV,XLE,XLK,XLI,337
XLF,XLY,XLU,XLB,XLP,XLK,XLI,XLE,XLV,338
XLV,XLB,XLI,XLP,XLY,XLU,XLE,XLF,XLK,339
XLY,XLE,XLI,XLU,XLB,XLK,XLF,XLP,XLV,340
XLY,XLI,XLV,XLU,XLF,XLE,XLK,XLP,XLB,341
XLK,XLE,XLB,XLY,XLU,XLI,XLF,XLP,XLV,342
XLV,XLY,XLI,XLF,XLE,XLU,XLB,XLP,XLK,343
XLY,XLI,XLF,XLK,XLP,XLV,XLU,XLE,XLB,344
XLE,XLK,XLI,XLB,XLF,XLU,XLV,XLY,XLP,345
XLP,XLY,XLK,XLU,XLI,XLF,XLE,XLV,XLB,346
XLY,XLU,XLI,XLV,XLF,XLK,XLP,XLB,XLE,347
XLF,XLK,XLV,XLP,XLY,XLU,XLE,XLI,XLB,348
XLE,XLV,XLF,XLI,XLU,XLY,XLB,XLK,XLP,349
XLF,XLU,XLE,XLB,XLI,XLV,XLK,XLP,XLY,350
XLP,XLF,XLE,XLI,XLU,XLY,XLB,XLV,XLK,351
XLB,XLK,XLU,XLF,XLV,XLE,XLP,XLI,XLY,352
XLF,XLI,XLE,XLY,XLU,XLK,XLV,XLB,XLP,353
XLU,XLV,XLP,XLI,XLB,XLF,XLE,XLK,XLY,354
XLU,XLE,XLF,XLV,XLY,XLK,XLB,XLI,XLP,355
XLB,XLI,XLV,XLE,XLF,XLY,XLP,XLU,XLK,356
XLI,XLU,XLB,XLE,XLP,XLY,XLV,XLK,XLF,357
XLI,XLE,XLB,XLK,XLV,XLU,XLP,XLY,XLF,358
XLI,XLF,XLV,XLY,XLU,XLP,XLB,XLE,XLK,359
XLP,XLY,XLI,XLE,XLF,XLK,XLB,XLU,XLV,360
XLK,XLI,XLF,XLU,XLB,XLP,XLY,XLE,XLV,361
XLB,XLK,XLF,XLY,XLE,XLV,XLP,XLU,XLI,362
XLB,XLU,XLK,XLV,XLE,XLI,XLY,XLF,XLP,363
XLB,XLV,XLU,XLY,XLK,XLI,XLP,XLF,XLE,364
XLB,XLK,XLP,XLF,XLY,XLI,XLV,XLE,XLU,365
XLP,XLB,XLY,XLK,XLV,XLE,XLU,XLI,XLF,366
XLF,XLB,XLP,XLE,XLI,XLK,XLU,XLV,XLY,367
XLB,XLI,XLV,XLP,XLE,XLF,XLK,XLY,XLU,368
XLY,XLF,XLB,XLU,XLP,XLK,XLI,XLE,XLV,369
XLK,XLI,XLY,XLF,XLE,XLP,XLB,XLV,XLU,370
XLE,XLY,XLV,XLU,XLB,XLF,XLP,XLI,XLK,371
XLE,XLV,XLU,XLF,XLK,XLP,XLB,XLI,XLY,372
XLF,XLB,XLE,XLU,XLI,XLV,XLY,XLP,XLK,373
XLY,XLF,XLK,XLU,XLP,XLB,XLI,XLV,XLE,374
XLF,XLE,XLY,XLB,XLK,XLI,XLP,XLU,XLV,375
XLF,XLU,XLK,XLI,XLY,XLB,XLP,XLE,XLV,376
XLV,XLY,XLK,XLI,XLF,XLU,XLE,XLB,XLP,377
XLI,XLV,XLF,XLE,XLU,XLB,XLP,XLY,XLK,378
XLI,XLB,XLK,XLU,XLY,XLE,XLP,XLV,XLF,379
XLU,XLV,XLK,XLE,XLF,XLB,XLP,XLY,XLI,380
XLU,XLV,XLF,XLY,XLB,XLI,XLP,XLK,XLE,381
XLI,XLV,XLK,XLP,XLU,XLE,XLF,XLY,XLB,382
XLE,XLB,XLF,XLI,XLY,XLP,XLV,XLK,XLU,383
XLV,XLP,XLK,XLF,XLU,XLI,XLB,XLY,XLE,384
XLF,XLI,XLU,XLB,XLV,XLE,XLY,XLK,XLP,385
XLF,XLI,XLP,XLE,XLK,XLB,XLV,XLU,XLY,386
XLV,XLY,XLU,XLF,XLB,XLP,XLI,XLE,XLK,387
XLF,XLK,XLE,XLI,XLY,XLU,XLV,XLP,XLB,388
XLF,XLU,XLK,XLV,XLE,XLB,XLI,XLP,XLY,389
XLY,XLP,XLK,XLF,XLI,XLU,XLV,XLE,XLB,390
XLB,XLE,XLP,XLY,XLI,XLV,XLU,XLF,XLK,391
XLP,XLE,XLF,XLK,XLI,XLB,XLY,XLV,XLU,392
XLE,XLU,XLI,XLB,XLP,XLY,XLV,XLK,XLF,393
XLU,XLP,XLI,XLF,XLV,XLY,XLK,XLE,XLB,394
XLV,XLI,XLP,XLB,XLK,XLF,XLE,XLY,XLU,395
XLE,XLI,XLK,XLY,XLB,XLF,XLU,XLP,XLV,396
XLU,XLY,XLV,XLI,XLP,XLF,XLB,XLE,XLK,397
XLK,XLB,XLI,XLV,XLF,XLY,XLE,XLP,XLU,398
XLK,XLY,XLF,XLP,XLI,XLE,XLB,XLV,XLU,399
XLI,XLV,XLF,XLP,XLU,XLY,XLB,XLK,XLE,400
XLV,XLE,XLY,XLI,XLU,XLK,XLB,XLP,XLF,401
XLE,XLI,XLY,XLF,XLV,XLP,XLU,XLK,XLB,402
XLF,XLB,XLV,XLY,XLP,XLI,XLU,XLK,XLE,403
XLF,XLV,XLE,XLP,XLU,XLI,XLY,XLB,XLK,404
XLI,XLP,XLK,XLU,XLV,XLF,XLB,XLY,XLE,405
XLI,XLV,XLE,XLF,XLY,XLB,XLP,XLK,XLU,406
XLU,XLK,XLI,XLY,XLP,XLV,XLF,XLB,XLE,407
XLF,XLV,XLP,XLU,XLI,XLB,XLY,XLE,XLK,408
XLB,XLK,XLF,XLP,XLI,XLE,XLY,XLU,XLV,409
XLE,XLV,XLB,XLK,XLU,XLF,XLP,XLI,XLY,410
XLE,XLY,XLK,XLF,XLP,XLI,XLB,XLU,XLV,411
XLK,XLB,XLP,XLY,XLV,XLF,XLI,XLE,XLU,412
XLU,XLP,XLK,XLE,XLY,XLV,XLI,XLF,XLB,413
XLY,XLE,XLV,XLB,XLP,XLI,XLF,XLK,XLU,414
XLP,XLV,XLF,XLY,XLB,XLI,XLE,XLU,XLK,415
XLK,XLI,XLU,XLB,XLE,XLV,XLF,XLY,XLP,416
XLV,XLI,XLE,XLU,XLF,XLK,XLY,XLB,XLP,417
XLP,XLI,XLV,XLF,XLU,XLY,XLK,XLE,XLB,418
XLY,XLV,XLB,XLU,XLP,XLE,XLK,XLF,XLI,419
XLV,XLY,XLU,XLB,XLF,XLP,XLI,XLK,XLE,420
XLI,XLK,XLY,XLU,XLV,XLE,XLF,XLB,XLP,421
XLE,XLV,XLU,XLB,XLK,XLI,XLP,XLF,XLY,422
XLV,XLP,XLK,XLY,XLE,XLI,XLB,XLU,XLF,423
XLU,XLV,XLI,XLK,XLP,XLE,XLF,XLY,XLB,424
XLP,XLY,XLV,XLK,XLU,XLF,XLI,XLE,XLB,425
XLU,XLV,XLI,XLE,XLK,XLF,XLP,XLY,XLB,426
XLV,XLP,XLF,XLU,XLB,XLK,XLI,XLE,XLY,427
XLI,XLP,XLB,XLV,XLK,XLU,XLY,XLE,XLF,428
XLU,XLY,XLF,XLK,XLV,XLP,XLE,XLI,XLB,429
XLF,XLV,XLP,XLI,XLU,XLE,XLB,XLK,XLY,430
XLU,XLB,XLF,XLI,XLE,XLP,XLK,XLV,XLY,431
XLB,XLY,XLK,XLF,XLV,XLE,XLU,XLI,XLP,432
XLY,XLE,XLB,XLF,XLU,XLP,XLV,XLK,XLI,433
XLI,XLE,XLP,XLV,XLY,XLU,XLF,XLK,XLB,434
XLF,XLI,XLE,XLU,XLP,XLB,XLK,XLV,XLY,435
XLU,XLV,XLP,XLK,XLF,XLE,XLB,XLI,XLY,436
XLU,XLB,XLI,XLP,XLE,XLY,XLK,XLV,XLF,437
XLI,XLF,XLB,XLE,XLP,XLV,XLY,XLK,XLU,438
XLY,XLP,XLV,XLF,XLI,XLK,XLB,XLU,XLE,439
XLK,XLE,XLB,XLV,XLU,XLF,XLY,XLP,XLI,440
XLP,XLF,XLU,XLV,XLE,XLY,XLB,XLK,XLI,441
XLK,XLB,XLP,XLE,XLY,XLI,XLF,XLU,XLV,442
XLY,XLU,XLB,XLE,XLF,XLI,XLP,XLV,XLK,443
XLV,XLI,XLB,XLE,XLP,XLK,XLY,XLF,XLU,444
XLI,XLE,XLU,XLF,XLP,XLK,XLB,XLY,XLV,445
XLB,XLK,XLU,XLV,XLI,XLY,XLF,XLP,XLE,446
XLI,XLU,XLF,XLK,XLY,XLE,XLV,XLP,XLB,447
XLB,XLF,XLP,XLI,XLE,XLK,XLU,XLV,XLY,448
XLY,XLB,XLP,XLI,XLK,XLF,XLE,XLU,XLV,449
XLU,XLY,XLV,XLE,XLI,XLP,XLB,XLK,XLF,450
XLU,XLY,XLE,XLV,XLK,XLF,XLP,XLB,XLI,451
XLF,XLB,XLU,XLE,XLK,XLV,XLI,XLP,XLY,452
XLF,XLB,XLV,XLY,XLK,XLU,XLP,XLI,XLE,453
XLK,XLI,XLU,XLE,XLP,XLY,XLF,XLB,XLV,454
XLK,XLP,XLB,XLU,XLI,XLV,XLF,XLE,XLY,455
XLK,XLF,XLP,XLI,XLB,XLU,XLY,XLE,XLV,456
XLV,XLE,XLB,XLY,XLP,XLK,XLI,XLF,XLU,457
XLV,XLK,XLI,XLP,XLU,XLB,XLE,XLF,XLY,458
XLV,XLU,XLY,XLF,XLP,XLI,XLB,XLK,XLE,459
XLI,XLY,XLP,XLV,XLU,XLK,XLE,XLB,XLF,460
XLE,XLV,XLK,XLY,XLF,XLP,XLU,XLI,XLB,461
XLU,XLK,XLB,XLF,XLE,XLY,XLV,XLP,XLI,462
XLV,XLE,XLU,XLI,XLK,XLF,XLP,XLB,XLY,463
XLB,XLY,XLE,XLV,XLI,XLK,XLF,XLU,XLP,464
XLF,XLV,XLE,XLI,XLP,XLB,XLK,XLU,XLY,465
XLU,XLI,XLP,XLE,XLV,XLF,XLK,XLB,XLY,466
XLV,XLK,XLB,XLY,XLU,XLP,XLE,XLI,XLF,467
XLI,XLU,XLK,XLV,XLE,XLP,XLB,XLF,XLY,468
XLU,XLP,XLY,XLB,XLF,XLK,XLE,XLI,XLV,469
XLY,XLB,XLU,XLE,XLF,XLI,XLV,XLP,XLK,470
XLI,XLE,XLK,XLY,XLV,XLB,XLF,XLU,XLP,471
XLP,XLU,XLB,XLI,XLV,XLK,XLY,XLF,XLE,472
XLY,XLB,XLE,XLF,XLK,XLV,XLU,XLI,XLP,473
XLP,XLV,XLK,XLF,XLU,XLB,XLI,XLE,XLY,474
XLV,XLF,XLY,XLP,XLU,XLI,XLE,XLB,XLK,475
XLB,XLF,XLY,XLE,XLI,XLU,XLK,XLP,XLV,476
XLY,XLB,XLV,XLK,XLE,XLI,XLU,XLP,XLF,477
XLP,XLK,XLV,XLI,XLU,XLF,XLY,XLB,XLE,478
XLY,XLE,XLI,XLF,XLP,XLK,XLB,XLU,XLV,479
XLI,XLK,XLY,XLU,XLV,XLE,XLP,XLB,XLF,480
XLB,XLP,XLY,XLK,XLV,XLF,XLI,XLE,XLU,481
XLU,XLP,XLV,XLE,XLI,XLB,XLK,XLY,XLF,482
XLB,XLU,XLK,XLP,XLV,XLF,XLE,XLI,XLY,483
XLP,XLV,XLU,XLI,XLY,XLE,XLK,XLB,XLF,484
XLF,XLK,XLI,XLV,XLU,XLB,XLY,XLE,XLP,485
XLE,XLV,XLP,XLI,XLY,XLF,XLB,XLK,XLU,486
XLE,XLB,XLI,XLK,XLU,XLV,XLF,XLY,XLP,487
XLI,XLP,XLB,XLE,XLF,XLY,XLK,XLU,XLV,488
XLF,XLK,XLY,XLU,XLI,XLE,XLP,XLV,XLB,489
XLF,XLI,XLY,XLE,XLB,XLU,XLV,XLP,XLK,490
XLV,XLE,XLB,XLK,XLI,XLY,XLF,XLU,XLP,491
XLE,XLB,XLY,XLK,XLI,XLV,XLP,XLU,XLF,492
XLV,XLE,XLB,XLF,XLU,XLI,XLY,XLP,XLK,493
XLV,XLI,XLU,XLB,XLK,XLE,XLF,XLP,XLY,494
XLI,XLY,XLF,XLV,XLU,XLK,XLE,XLB,XLP,495
XLB,XLP,XLU,XLV,XLY,XLI,XLF,XLK,XLE,496
XLI,XLV,XLP,XLK,XLY,XLB,XLU,XLF,XLE,497
XLE,XLB,XLF,XLK,XLI,XLU,XLP,XLV,XLY,498
XLK,XLI,XLE,XLP,XLF,XLU,XLB,XLY,XLV,499
XLI,XLP,XLF,XLU,XLB,XLV,XLK,XLY,XLE,500
XLB,XLF,XLV,XLU,XLE,XLY,XLI,XLK,XLP,501
XLP,XLF,XLB,XLE,XLK,XLV,XLU,XLI,XLY,502
XLE,XLF,XLP,XLV,XLY,XLU,XLB,XLI,XLK,503
XLV,XLP,XLE,XLY,XLB,XLF,XLI,XLK,XLU,504
XLV,XLK,XLY,XLE,XLB,XLI,XLP,XLF,XLU,505
XLI,XLB,XLF,XLV,XLE,XLK,XLP,XLU,XLY,506
XLB,XLE,XLV,XLI,XLK,XLU,XLY,XLP,XLF,507
XLB,XLU,XLI,XLF,XLY,XLP,XLV,XLK,XLE,508
XLF,XLY,XLU,XLV,XLB,XLP,XLE,XLK,XLI,509
XLU,XLB,XLE,XLP,XLV,XLY,XLK,XLF,XLI,510
XLP,XLE,XLB,XLF,XLI,XLY,XLK,XLV,XLU,511
XLU,XLY,XLE,XLV,XLP,XLI,XLB,XLF,XLK,512
XLP,XLY,XLB,XLI,XLK,XLE,XLU,XLF,XLV,513
XLB,XLP,XLE,XLF,XLI,XLV,XLY,XLU,XLK,514
XLY,XLF,XLK,XLU,XLV,XLE,XLP,XLB,XLI,515
XLF,XLY,XLE,XLB,XLV,XLI,XLP,XLU,XLK,516
XLU,XLK,XLE,XLF,XLV,XLY,XLP,XLI,XLB,517
XLE,XLY,XLI,XLU,XLK,XLV,XLB,XLP,XLF,518
XLY,XLB,XLU,XLE,XLI,XLF,XLP,XLK,XLV,519
XLE,XLY,XLF,XLI,XLP,XLU,XLB,XLK,XLV,520
XLE,XLI,XLB,XLU,XLP,XLV,XLY,XLF,XLK,521
XLE,XLU,XLK,XLV,XLY,XLI,XLP,XLB,XLF,522
XLK,XLB,XLV,XLU,XLI,XLP,XLE,XLY,XLF,523
XLB,XLV,XLI,XLK,XLY,XLF,XLP,XLU,XLE,524
XLU,XLF,XLK,XLP,XLB,XLI,XLE,XLY,XLV,525
XLE,XLB,XLI,XLF,XLV,XLP,XLK,XLU,XLY,526
XLU,XLF,XLE,XLK,XLY,XLI,XLB,XLV,XLP,527
XLU,XLV,XLK,XLP,XLE,XLB,XLF,XLY,XLI,528
XLK,XLI,XLV,XLU,XLP,XLB,XLE,XLY,XLF,529
XLV,XLP,XLU,XLE,XLI,XLY,XLB,XLK,XLF,530
XLU,XLY,XLE,XLF,XLK,XLB,XLP,XLV,XLI,531
XLP,XLV,XLF,XLU,XLK,XLY,XLI,XLE,XLB,532
XLF,XLK,XLV,XLU,XLE,XLY,XLI,XLP,XLB,533
XLU,XLY,XLE,XLF,XLI,XLB,XLV,XLP,XLK,534
XLF,XLU,XLE,XLB,XLV,XLY,XLK,XLP,XLI,535
XLB,XLE,XLU,XLI,XLV,XLY,XLK,XLF,XLP,536
XLP,XLB,XLU,XLV,XLF,XLY,XLI,XLK,XLE,537
XLB,XLU,XLP,XLF,XLE,XLY,XLK,XLV,XLI,538
XLE,XLI,XLU,XLB,XLV,XLF,XLP,XLY,XLK,539
XLU,XLE,XLK,XLI,XLB,XLF,XLY,XLV,XLP,540
XLI,XLP,XLV,XLE,XLU,XLK,XLF,XLB,XLY,541
XLY,XLI,XLV,XLK,XLU,XLB,XLE,XLP,XLF,542
XLV,XLU,XLK,XLI,XLE,XLB,XLP,XLF,XLY,543
XLU,XLY,XLF,XLI,XLE,XLV,XLB,XLP,XLK,544
XLB,XLV,XLF,XLE,XLI,XLY,XLP,XLU,XLK,545
XLF,XLK,XLI,XLE,XLY,XLV,XLP,XLB,XLU,546
XLV,XLE,XLI,XLK,XLY,XLF,XLP,XLB,XLU,547
XLV,XLU,XLY,XLK,XLI,XLB,XLF,XLE,XLP,548
XLU,XLE,XLB,XLK,XLI,XLF,XLY,XLV,XLP,549
XLK,XLF,XLP,XLB,XLV,XLU,XLE,XLY,XLI,550
XLU,XLI,XLE,XLY,XLP,XLK,XLV,XLF,XLB,551
XLV,XLY,XLP,XLK,XLE,XLI,XLB,XLU,XLF,552
XLV,XLY,XLE,XLI,XLK,XLF,XLB,XLU,XLP,553
XLK,XLP,XLB,XLY,XLE,XLI,XLU,XLV,XLF,554
XLK,XLE,XLU,XLI,XLF,XLB,XLY,XLV,XLP,555
XLB,XLV,XLE,XLU,XLY,XLF,XLI,XLP,XLK,556
XLV,XLY,XLP,XLF,XLE,XLI,XLB,XLK,XLU,557
XLK,XLP,XLV,XLF,XLI,XLB,XLU,XLY,XLE,558
XLI,XLU,XLB,XLK,XLE,XLF,XLP,XLV,XLY,559
XLE,XLV,XLP,XLK,XLY,XLF,XLB,XLU,XLI,560
XLK,XLE,XLF,XLI,XLY,XLB,XLV,XLU,XLP,561
XLI,XLF,XLK,XLE,XLB,XLU,XLY,XLV,XLP,562
XLU,XLY,XLE,XLV,XLF,XLK,XLP,XLB,XLI,563
XLP,XLB,XLV,XLF,XLK,XLU,XLE,XLI,XLY,564
XLB,XLK,XLE,XLV,XLY,XLU,XLP,XLI,XLF,565
XLB,XLP,XLU,XLV,XLI,XLK,XLY,XLF,XLE,566
XLK,XLV,XLI,XLU,XLB,XLE,XLF,XLY,XLP,567
XLE,XLP,XLU,XLK,XLF,XLB,XLI,XLY,XLV,568
XLP,XLV,XLU,XLF,XLE,XLI,XLY,XLB,XLK,569
XLE,XLB,XLY,XLP,XLK,XLU,XLI,XLV,XLF,570
XLI,XLU,XLV,XLB,XLF,XLK,XLE,XLP,XLY,571
XLP,XLV,XLU,XLI,XLE,XLB,XLY,XLF,XLK,572
XLY,XLU,XLK,XLB,XLF,XLI,XLP,XLE,XLV,573
XLK,XLE,XLY,XLB,XLI,XLP,XLF,XLV,XLU,574
XLB,XLV,XLK,XLE,XLY,XLU,XLI,XLF,XLP,575
XLY,XLP,XLE,XLF,XLV,XLI,XLB,XLU,XLK,576
XLY,XLB,XLI,XLU,XLE,XLV,XLF,XLK,XLP,577
XLI,XLF,XLE,XLB,XLK,XLV,XLU,XLP,XLY,578
XLY,XLU,XLF,XLK,XLV,XLE,XLI,XLP,XLB,579
XLF,XLE,XLV,XLK,XLI,XLU,XLY,XLP,XLB,580
XLP,XLI,XLK,XLV,XLU,XLY,XLF,XLB,XLE,581
XLP,XLB,XLF,XLY,XLV,XLK,XLE,XLU,XLI,582
XLF,XLY,XLE,XLB,XLP,XLI,XLV,XLU,XLK,583
XLP,XLY,XLK,XLI,XLF,XLE,XLB,XLU,XLV,584
XLV,XLI,XLK,XLU,XLB,XLP,XLE,XLF,XLY,585
XLY,XLV,XLE,XLU,XLP,XLF,XLB,XLK,XLI,586
XLY,XLI,XLV,XLP,XLU,XLF,XLB,XLE,XLK,587
XLV,XLY,XLP,XLI,XLF,XLU,XLE,XLB,XLK,588
XLK,XLY,XLI,XLF,XLE,XLV,XLB,XLU,XLP,589
XLU,XLK,XLE,XLF,XLV,XLP,XLB,XLI,XLY,590
XLY,XLP,XLV,XLI,XLF,XLE,XLU,XLK,XLB,591
XLV,XLB,XLF,XLP,XLK,XLI,XLE,XLU,XLY,592
XLE,XLY,XLF,XLK,XLB,XLP,XLV,XLI,XLU,593
XLI,XLK,XLY,XLB,XLE,XLP,XLU,XLV,XLF,594
XLB,XLU,XLP,XLV,XLY,XLI,XLE,XLK,XLF,595
XLE,XLY,XLU,XLK,XLP,XLI,XLV,XLB,XLF,596
XLI,XLK,XLV,XLE,XLF,XLU,XLP,XLY,XLB,597
XLI,XLB,XLE,XLK,XLF,XLY,XLP,XLV,XLU,598
XLF,XLB,XLV,XLU,XLI,XLK,XLY,XLE,XLP,599
XLF,XLY,XLV,XLU,XLP,XLE,XLI,XLK,XLB,600
XLV,XLB,XLY,XLE,XLU,XLK,XLI,XLP,XLF,601
XLV,XLF,XLU,XLP,XLK,XLY,XLE,XLB,XLI,602
XLY,XLE,XLP,XLF,XLI,XLB,XLK,XLU,XLV,603
XLU,XLY,XLF,XLK,XLE,XLP,XLB,XLV,XLI,604
XLE,XLP,XLB,XLF,XLI,XLV,XLU,XLY,XLK,605
XLY,XLU,XLK,XLE,XLP,XLB,XLI,XLF,XLV,606
XLV,XLF,XLK,XLB,XLU,XLP,XLI,XLY,XLE,607
XLB,XLV,XLE,XLF,XLY,XLU,XLP,XLK,XLI,608
XLV,XLE,XLB,XLY,XLF,XLP,XLI,XLU,XLK,609
XLB,XLI,XLV,XLK,XLE,XLU,XLP,XLY,XLF,610
XLI,XLY,XLB,XLE,XLP,XLF,XLV,XLU,XLK,611
XLF,XLB,XLE,XLY,XLP,XLI,XLV,XLK,XLU,612
XLF,XLV,XLB,XLY,XLP,XLE,XLI,XLU,XLK,613
XLE,XLY,XLB,XLF,XLP,XLV,XLI,XLU,XLK,614
XLV,XLB,XLY,XLF,XLE,XLI,XLK,XLP,XLU,615
XLP,XLF,XLI,XLB,XLK,XLE,XLY,XLU,XLV,616
XLE,XLF,XLV,XLK,XLI,XLY,XLP,XLU,XLB,617
XLK,XLE,XLI,XLY,XLB,XLU,XLV,XLP,XLF,618
XLP,XLU,XLF,XLE,XLY,XLV,XLI,XLK,XLB,619
XLB,XLK,XLE,XLU,XLI,XLF,XLV,XLY,XLP,620
XLK,XLY,XLI,XLF,XLE,XLV,XLP,XLB,XLU,621
XLB,XLV,XLE,XLY,XLP,XLK,XLF,XLU,XLI,622
XLV,XLI,XLP,XLU,XLY,XLK,XLB,XLE,XLF,623
XLP,XLF,XLE,XLU,XLI,XLV,XLY,XLK,XLB,624
XLU,XLF,XLV,XLP,XLY,XLK,XLI,XLE,XLB,625
XLE,XLV,XLB,XLF,XLP,XLY,XLU,XLI,XLK,626
XLP,XLF,XLB,XLI,XLU,XLK,XLY,XLV,XLE,627
XLB,XLK,XLU,XLY,XLI,XLF,XLP,XLE,XLV,628
XLI,XLK,XLP,XLY,XLU,XLV,XLF,XLE,XLB,629
XLK,XLV,XLF,XLP,XLE,XLB,XLU,XLY,XLI,630
XLB,XLP,XLF,XLV,XLK,XLE,XLU,XLI,XLY,631
XLF,XLB,XLV,XLP,XLE,XLI,XLU,XLY,XLK,632
XLK,XLB,XLP,XLE,XLU,XLV,XLF,XLY,XLI,633
XLF,XLE,XLI,XLB,XLV,XLP,XLY,XLU,XLK,634
XLV,XLF,XLK,XLB,XLU,XLI,XLP,XLY,XLE,635
XLE,XLF,XLP,XLB,XLY,XLI,XLU,XLK,XLV,636
XLV,XLP,XLB,XLI,XLY,XLU,XLF,XLK,XLE,637
XLK,XLY,XLU,XLE,XLF,XLI,XLP,XLV,XLB,638
XLP,XLV,XLB,XLU,XLY,XLF,XLK,XLE,XLI,639
XLB,XLE,XLU,XLV,XLF,XLY,XLI,XLK,XLP,640
XLP,XLI,XLF,XLV,XLB,XLE,XLK,XLU,XLY,641
XLP,XLU,XLF,XLE,XLB,XLK,XLV,XLI,XLY,642
XLE,XLY,XLK,XLV,XLI,XLB,XLF,XLP,XLU,643
XLY,XLE,XLF,XLI,XLV,XLU,XLP,XLK,XLB,644
XLI,XLB,XLF,XLU,XLV,XLK,XLP,XLE,XLY,645
XLE,XLY,XLI,XLK,XLP,XLU,XLV,XLF,XLB,646
XLY,XLU,XLK,XLI,XLB,XLF,XLE,XLP,XLV,647
XLF,XLI,XLK,XLB,XLV,XLU,XLE,XLP,XLY,648
XLB,XLP,XLK,XLE,XLI,XLF,XLV,XLY,XLU,649
XLU,XLV,XLY,XLI,XLP,XLF,XLB,XLK,XLE,650
XLU,XLB,XLV,XLP,XLI,XLY,XLE,XLF,XLK,651
XLY,XLP,XLV,XLI,XLB,XLK,XLU,XLE,XLF,652
XLP,XLE,XLK,XLF,XLV,XLY,XLB,XLI,XLU,653
XLK,XLV,XLF,XLP,XLY,XLI,XLU,XLE,XLB,654
XLI,XLF,XLP,XLB,XLV,XLE,XLK,XLY,XLU,655
XLB,XLP,XLE,XLK,XLY,XLF,XLI,XLU,XLV,656
XLU,XLB,XLF,XLI,XLP,XLK,XLY,XLV,XLE,657
XLU,XLK,XLV,XLY,XLF,XLB,XLI,XLE,XLP,658
XLF,XLK,XLE,XLV,XLI,XLY,XLP,XLB,XLU,659
XLP,XLF,XLB,XLU,XLK,XLE,XLI,XLY,XLV,660
XLV,XLB,XLK,XLU,XLP,XLI,XLE,XLY,XLF,661
XLY,XLF,XLE,XLU,XLV,XLI,XLB,XLK,XLP,662
XLY,XLK,XLF,XLU,XLB,XLE,XLI,XLP,XLV,663
XLP,XLK,XLV,XLI,XLE,XLY,XLB,XLU,XLF,664
XLB,XLP,XLI,XLU,XLK,XLF,XLE,XLY,XLV,665
XLK,XLE,XLF,XLU,XLB,XLI,XLV,XLY,XLP,666
XLP,XLK,XLY,XLU,XLI,XLF,XLE,XLV,XLB,667
XLY,XLB,XLF,XLV,XLE,XLI,XLU,XLP,XLK,668
XLV,XLY,XLP,XLB,XLK,XLI,XLU,XLF,XLE,669
XLB,XLI,XLU,XLK,XLF,XLV,XLY,XLP,XLE,670
XLE,XLI,XLF,XLV,XLK,XLP,XLY,XLU,XLB,671
XLI,XLY,XLE,XLF,XLP,XLV,XLB,XLU,XLK,672
XLI,XLE,XLU,XLY,XLK,XLV,XLP,XLB,XLF,673
XLP,XLU,XLY,XLI,XLB,XLE,XLF,XLV,XLK,674
XLV,XLY,XLI,XLB,XLP,XLK,XLU,XLE,XLF,675
XLI,XLF,XLP,XLE,XLV,XLK,XLY,XLB,XLU,676
XLV,XLF,XLP,XLB,XLE,XLI,XLY,XLU,XLK,677
XLB,XLP,XLE,XLF,XLV,XLI,XLY,XLU,XLK,678
XLB,XLU,XLV,XLI,XLE,XLK,XLP,XLF,XLY,679
XLE,XLY,XLU,XLP,XLK,XLI,XLF,XLB,XLV,680
XLU,XLP,XLB,XLF,XLI,XLK,XLV,XLY,XLE,681
XLE,XLY,XLP,XLK,XLV,XLF,XLU,XLB,XLI,682
XLY,XLU,XLK,XLV,XLI,XLB,XLF,XLE,XLP,683
XLF,XLB,XLI,XLU,XLY,XLE,XLV,XLK,XLP,684
XLY,XLP,XLB,XLE,XLK,XLV,XLI,XLU,XLF,685
XLP,XLY,XLU,XLB,XLI,XLE,XLV,XLK,XLF,686
XLE,XLI,XLY,XLK,XLV,XLP,XLF,XLU,XLB,687
XLI,XLK,XLB,XLV,XLY,XLU,XLE,XLF,XLP,688
XLE,XLY,XLP,XLB,XLF,XLK,XLU,XLV,XLI,689
XLE,XLF,XLK,XLP,XLB,XLV,XLU,XLI,XLY,690
XLY,XLP,XLE,XLF,XLK,XLI,XLB,XLU,XLV,691
XLY,XLV,XLB,XLE,XLP,XLI,XLF,XLU,XLK,692
XLE,XLI,XLK,XLV,XLU,XLP,XLF,XLB,XLY,693
XLP,XLF,XLK,XLI,XLV,XLB,XLU,XLE,XLY,694
XLF,XLK,XLB,XLP,XLE,XLY,XLI,XLV,XLU,695
XLU,XLY,XLK,XLB,XLI,XLF,XLP,XLE,XLV,696
XLE,XLK,XLU,XLI,XLB,XLV,XLP,XLY,XLF,697
XLU,XLP,XLI,XLF,XLK,XLE,XLY,XLV,XLB,698
XLU,XLE,XLB,XLV,XLP,XLK,XLI,XLF,XLY,699
XLY,XLU,XLF,XLB,XLK,XLV,XLI,XLE,XLP,700
XLE,XLF,XLK,XLV,XLU,XLY,XLB,XLI,XLP,701
XLV,XLF,XLU,XLK,XLE,XLB,XLI,XLP,XLY,702
XLF,XLE,XLU,XLP,XLV,XLY,XLI,XLB,XLK,703
XLU,XLE,XLF,XLP,XLV,XLY,XLB,XLI,XLK,704
XLI,XLP,XLB,XLE,XLV,XLK,XLF,XLY,XLU,705
XLF,XLY,XLV,XLE,XLB,XLI,XLP,XLK,XLU,706
XLK,XLF,XLY,XLE,XLV,XLI,XLB,XLP,XLU,707
XLK,XLE,XLV,XLY,XLU,XLI,XLF,XLB,XLP,708
XLY,XLE,XLF,XLU,XLB,XLV,XLK,XLP,XLI,709
XLE,XLK,XLV,XLB,XLP,XLY,XLI,XLU,XLF,710
XLI,XLP,XLE,XLY,XLK,XLF,XLB,XLV,XLU,711
XLF,XLB,XLU,XLI,XLK,XLY,XLP,XLE,XLV,712
XLE,XLU,XLF,XLV,XLK,XLI,XLP,XLY,XLB,713
XLU,XLK,XLI,XLP,XLB,XLY,XLE,XLV,XLF,714
XLF,XLK,XLU,XLE,XLY,XLP,XLB,XLV,XLI,715
XLI,XLK,XLF,XLE,XLU,XLB,XLY,XLV,XLP,716
XLY,XLE,XLU,XLK,XLP,XLV,XLF,XLI,XLB,717
XLU,XLB,XLE,XLK,XLV,XLP,XLF,XLI,XLY,718
XLP,XLB,XLK,XLI,XLE,XLU,XLY,XLV,XLF,719
XLK,XLP,XLB,XLI,XLY,XLF,XLE,XLU,XLV,720
XLU,XLY,XLE,XLP,XLB,XLF,XLI,XLK,XLV,721
XLI,XLK,XLP,XLU,XLE,XLV,XLB,XLF,XLY,722
XLK,XLP,XLF,XLY,XLV,XLE,XLB,XLI,XLU,723
XLK,XLI,XLU,XLE,XLP,XLB,XLF,XLY,XLV,724
XLI,XLB,XLU,XLY,XLV,XLE,XLP,XLK,XLF,725
XLP,XLE,XLK,XLU,XLB,XLV,XLY,XLF,XLI,726
XLY,XLP,XLK,XLV,XLE,XLI,XLU,XLF,XLB,727
XLY,XLF,XLV,XLB,XLU,XLE,XLI,XLK,XLP,728
XLB,XLK,XLU,XLI,XLP,XLE,XLV,XLF,XLY,729
XLY,XLB,XLI,XLE,XLK,XLU,XLV,XLP,XLF,730
XLP,XLU,XLV,XLY,XLB,XLF,XLK,XLI,XLE,731
XLU,XLB,XLF,XLK,XLI,XLP,XLV,XLY,XLE,732
XLI,XLU,XLF,XLK,XLE,XLY,XLV,XLP,XLB,733
XLE,XLP,XLU,XLV,XLF,XLK,XLI,XLY,XLB,734
XLY,XLB,XLF,XLU,XLE,XLP,XLK,XLV,XLI,735
XLE,XLU,XLB,XLI,XLP,XLK,XLF,XLV,XLY,736
XLY,XLP,XLE,XLF,XLB,XLV,XLU,XLI,XLK,737
XLK,XLI,XLY,XLU,XLB,XLP,XLV,XLE,XLF,738
XLE,XLK,XLP,XLF,XLY,XLU,XLV,XLB,XLI,739
XLP,XLY,XLV,XLE,XLK,XLI,XLF,XLU,XLB,740
XLK,XLU,XLP,XLE,XLB,XLF,XLV,XLY,XLI,741
XLY,XLB,XLV,XLU,XLE,XLP,XLF,XLI,XLK,742
XLI,XLK,XLY,XLV,XLB,XLF,XLU,XLE,XLP,743
XLI,XLE,XLV,XLF,XLB,XLP,XLY,XLU,XLK,744
XLY,XLI,XLB,XLK,XLV,XLF,XLE,XLU,XLP,745
XLV,XLB,XLK,XLY,XLP,XLE,XLI,XLF,XLU,746
XLB,XLY,XLI,XLF,XLP,XLV,XLE,XLK,XLU,747
XLP,XLV,XLF,XLI,XLU,XLB,XLK,XLE,XLY,748
XLY,XLB,XLK,XLF,XLU,XLV,XLI,XLE,XLP,749
XLB,XLE,XLV,XLF,XLU,XLK,XLI,XLP,XLY,750
XLY,XLP,XLB,XLI,XLV,XLK,XLF,XLE,XLU,751
XLB,XLP,XLI,XLY,XLK,XLV,XLE,XLU,XLF,752
XLK,XLP,XLE,XLI,XLU,XLY,XLB,XLV,XLF,753
XLU,XLP,XLV,XLK,XLB,XLF,XLE,XLI,XLY,754
XLF,XLK,XLB,XLI,XLU,XLE,XLP,XLY,XLV,755
XLI,XLY,XLF,XLP,XLB,XLV,XLK,XLE,XLU,756
XLI,XLF,XLK,XLU,XLB,XLP,XLV,XLE,XLY,757
XLV,XLF,XLI,XLU,XLK,XLB,XLY,XLE,XLP,758
XLK,XLB,XLP,XLI,XLU,XLY,XLF,XLV,XLE,759
XLB,XLE,XLY,XLV,XLI,XLK,XLF,XLU,XLP,760
XLI,XLU,XLB,XLE,XLK,XLF,XLV,XLP,XLY,761
XLY,XLP,XLB,XLI,XLF,XLE,XLK,XLV,XLU,762
XLP,XLF,XLU,XLV,XLE,XLI,XLK,XLB,XLY,763
XLB,XLF,XLI,XLU,XLP,XLE,XLY,XLK,XLV,764
XLV,XLK,XLY,XLE,XLU,XLF,XLI,XLP,XLB,765
XLE,XLF,XLB,XLI,XLV,XLY,XLP,XLK,XLU,766
XLF,XLP,XLE,XLK,XLI,XLV,XLY,XLU,XLB,767
XLP,XLV,XLY,XLB,XLI,XLE,XLK,XLF,XLU,768
XLI,XLE,XLF,XLY,XLK,XLU,XLV,XLP,XLB,769
XLF,XLB,XLV,XLK,XLP,XLE,XLI,XLY,XLU,770
XLY,XLP,XLI,XLB,XLF,XLE,XLV,XLU,XLK,771
XLU,XLV,XLE,XLY,XLI,XLK,XLP,XLF,XLB,772
XLU,XLK,XLB,XLI,XLY,XLV,XLE,XLP,XLF,773
XLV,XLE,XLP,XLF,XLI,XLY,XLK,XLB,XLU,774
XLB,XLV,XLY,XLP,XLU,XLF,XLE,XLK,XLI,775
XLI,XLP,XLB,XLU,XLF,XLK,XLY,XLV,XLE,776
XLB,XLP,XLI,XLU,XLY,XLK,XLF,XLE,XLV,777
XLI,XLP,XLU,XLF,XLY,XLE,XLB,XLV,XLK,778
XLB,XLE,XLU,XLV,XLI,XLP,XLK,XLY,XLF,779
XLF,XLB,XLY,XLI,XLP,XLU,XLE,XLK,XLV,780
XLF,XLP,XLK,XLB,XLY,XLU,XLE,XLV,XLI,781
XLB,XLE,XLF,XLU,XLP,XLI,XLY,XLK,XLV,782
XLF,XLB,XLY,XLK,XLE,XLP,XLU,XLV,XLI,783
XLV,XLF,XLB,XLK,XLP,XLE,XLI,XLY,XLU,784
XLY,XLK,XLP,XLU,XLB,XLF,XLV,XLE,XLI,785
XLE,XLI,XLB,XLY,XLV,XLK,XLF,XLP,XLU,786
XLF,XLE,XLK,XLU,XLY,XLP,XLI,XLV,XLB,787
XLU,XLK,XLI,XLY,XLF,XLP,XLE,XLB,XLV,788
XLE,XLV,XLY,XLK,XLB,XLU,XLP,XLI,XLF,789
XLB,XLK,XLU,XLF,XLV,XLY,XLI,XLE,XLP,790
XLP,XLU,XLV,XLI,XLK,XLB,XLF,XLY,XLE,791
XLE,XLP,XLF,XLI,XLV,XLU,XLB,XLK,XLY,792
XLV,XLP,XLE,XLY,XLK,XLB,XLF,XLU,XLI,793
XLV,XLP,XLF,XLE,XLU,XLY,XLB,XLK,XLI,794
XLU,XLF,XLI,XLK,XLP,XLY,XLV,XLE,XLB,795
XLE,XLK,XLI,XLP,XLF,XLB,XLY,XLV,XLU,796
XLV,XLE,XLI,XLY,XLP,XLU,XLB,XLF,XLK,797
XLF,XLB,XLK,XLI,XLP,XLU,XLE,XLY,XLV,798
XLU,XLK,XLE,XLI,XLV,XLB,XLF,XLY,XLP,799
XLU,XLE,XLP,XLV,XLY,XLF,XLB,XLI,XLK,800
XLU,XLK,XLI,XLV,XLP,XLE,XLB,XLF,XLY,801
XLE,XLK,XLB,XLI,XLY,XLP,XLU,XLF,XLV,802
XLI,XLV,XLK,XLY,XLF,XLB,XLE,XLU,XLP,803
XLB,XLI,XLP,XLY,XLF,XLK,XLV,XLE,XLU,804
XLF,XLU,XLE,XLI,XLY,XLB,XLV,XLP,XLK,805
XLY,XLF,XLK,XLE,XLB,XLV,XLP,XLI,XLU,806
XLU,XLB,XLF,XLY,XLV,XLE,XLK,XLI,XLP,807
XLE,XLY,XLK,XLI,XLF,XLU,XLP,XLB,XLV,808
XLP,XLE,XLK,XLB,XLI,XLY,XLF,XLV,XLU,809
XLK,XLI,XLY,XLE,XLV,XLF,XLP,XLU,XLB,810
XLV,XLU,XLB,XLF,XLE,XLY,XLP,XLK,XLI,811
XLK,XLP,XLU,XLY,XLE,XLV,XLB,XLI,XLF,812
XLK,XLY,XLI,XLB,XLP,XLU,XLF,XLE,XLV,813
XLP,XLE,XLB,XLK,XLI,XLV,XLU,XLF,XLY,814
XLY,XLE,XLI,XLF,XLV,XLP,XLU,XLK,XLB,815
XLI,XLP,XLU,XLE,XLF,XLK,XLY,XLV,XLB,816
XLP,XLY,XLK,XLU,XLE,XLF,XLV,XLB,XLI,817
XLU,XLI,XLP,XLV,XLE,XLF,XLB,XLK,XLY,818
XLY,XLF,XLE,XLB,XLI,XLU,XLP,XLK,XLV,819
XLI,XLU,XLF,XLE,XLY,XLV,XLB,XLK,XLP,820
XLP,XLE,XLB,XLK,XLI,XLY,XLV,XLU,XLF,821
XLI,XLF,XLY,XLV,XLU,XLB,XLP,XLE,XLK,822
XLP,XLV,XLK,XLF,XLI,XLU,XLB,XLE,XLY,823
XLI,XLP,XLF,XLV,XLE,XLU,XLB,XLY,XLK,824
XLE,XLF,XLK,XLV,XLB,XLU,XLY,XLP,XLI,825
XLK,XLF,XLU,XLB,XLI,XLE,XLY,XLV,XLP,826
XLE,XLI,XLV,XLP,XLK,XLF,XLB,XLU,XLY,827
XLB,XLF,XLE,XLK,XLI,XLU,XLP,XLY,XLV,828
XLI,XLV,XLB,XLE,XLF,XLP,XLK,XLU,XLY,829
XLF,XLY,XLI,XLE,XLB,XLV,XLK,XLP,XLU,830
XLF,XLI,XLP,XLK,XLE,XLY,XLV,XLB,XLU,831
XLI,XLV,XLU,XLF,XLP,XLB,XLE,XLK,XLY,832
XLF,XLU,XLP,XLK,XLE,XLV,XLB,XLY,XLI,833
XLP,XLY,XLU,XLB,XLV,XLF,XLI,XLK,XLE,834
XLV,XLY,XLB,XLI,XLK,XLF,XLP,XLE,XLU,835
XLV,XLU,XLY,XLE,XLB,XLP,XLK,XLI,XLF,836
XLI,XLY,XLF,XLV,XLP,XLK,XLU,XLE,XLB,837
XLV,XLF,XLE,XLP,XLU,XLK,XLY,XLI,XLB,838
XLK,XLU,XLE,XLV,XLP,XLB,XLY,XLF,XLI,839
XLV,XLE,XLY,XLI,XLF,XLK,XLB,XLP,XLU,840
XLY,XLU,XLV,XLP,XLF,XLK,XLE,XLI,XLB,841
XLV,XLY,XLP,XLF,XLU,XLK,XLI,XLB,XLE,842
XLI,XLV,XLE,XLU,XLY,XLF,XLK,XLP,XLB,843
XLK,XLI,XLV,XLU,XLF,XLP,XLY,XLE,XLB,844
XLY,XLP,XLE,XLV,XLU,XLK,XLF,XLB,XLI,845
XLP,XLK,XLY,XLU,XLE,XLF,XLI,XLB,XLV,846
XLF,XLY,XLK,XLP,XLB,XLV,XLI,XLE,XLU,847
XLV,XLY,XLP,XLB,XLU,XLI,XLE,XLK,XLF,848
XLK,XLI,XLU,XLB,XLV,XLE,XLY,XLP,XLF,849
XLB,XLP,XLV,XLE,XLF,XLI,XLK,XLU,XLY,850
XLP,XLE,XLK,XLB,XLY,XLV,XLF,XLI,XLU,851
XLY,XLF,XLE,XLK,XLV,XLP,XLU,XLI,XLB,852
XLB,XLE,XLP,XLK,XLI,XLF,XLV,XLU,XLY,853
XLB,XLY,XLK,XLF,XLU,XLI,XLV,XLE,XLP,854
XLI,XLY,XLK,XLV,XLF,XLB,XLU,XLE,XLP,855
XLB,XLK,XLV,XLI,XLE,XLP,XLF,XLU,XLY,856
XLU,XLF,XLV,XLK,XLI,XLB,XLY,XLP,XLE,857
XLP,XLF,XLY,XLV,XLU,XLB,XLE,XLK,XLI,858
XLU,XLP,XLI,XLB,XLY,XLF,XLK,XLV,XLE,859
XLU,XLK,XLV,XLB,XLF,XLE,XLP,XLY,XLI,860
XLB,XLV,XLK,XLI,XLE,XLP,XLF,XLY,XLU,861
XLI,XLP,XLE,XLB,XLY,XLV,XLK,XLU,XLF,862
XLV,XLB,XLI,XLF,XLY,XLU,XLK,XLE,XLP,863
XLV,XLY,XLP,XLK,XLI,XLF,XLU,XLE,XLB,864
XLP,XLB,XLF,XLK,XLU,XLI,XLV,XLE,XLY,865
XLI,XLU,XLK,XLB,XLY,XLF,XLV,XLE,XLP,866
XLI,XLV,XLB,XLK,XLF,XLE,XLY,XLP,XLU,867
XLP,XLB,XLK,XLE,XLF,XLI,XLY,XLU,XLV,868
XLK,XLB,XLY,XLP,XLF,XLI,XLU,XLV,XLE,869
XLK,XLF,XLB,XLI,XLV,XLE,XLY,XLU,XLP,870
XLF,XLB,XLY,XLP,XLE,XLU,XLV,XLK,XLI,871
XLI,XLP,XLY,XLU,XLK,XLB,XLV,XLE,XLF,872
XLU,XLI,XLV,XLE,XLK,XLF,XLB,XLP,XLY,873
XLI,XLU,XLF,XLY,XLV,XLE,XLP,XLK,XLB,874
XLV,XLK,XLF,XLY,XLI,XLE,XLP,XLB,XLU,875
XLB,XLV,XLY,XLF,XLU,XLE,XLK,XLI,XLP,876
XLY,XLP,XLI,XLV,XLB,XLE,XLU,XLF,XLK,877
XLE,XLF,XLU,XLB,XLP,XLY,XLK,XLI,XLV,878
XLY,XLB,XLF,XLP,XLI,XLK,XLU,XLE,XLV,879
XLI,XLY,XLF,XLB,XLU,XLP,XLE,XLK,XLV,880
XLY,XLE,XLV,XLU,XLK,XLP,XLF,XLI,XLB,881
XLK,XLP,XLF,XLV,XLB,XLE,XLI,XLU,XLY,882
XLB,XLF,XLY,XLE,XLP,XLI,XLK,XLV,XLU,883
XLY,XLE,XLF,XLK,XLP,XLB,XLU,XLV,XLI,884
XLB,XLE,XLV,XLI,XLU,XLF,XLK,XLY,XLP,885
XLF,XLK,XLI,XLV,XLB,XLP,XLE,XLU,XLY,886
XLV,XLI,XLY,XLU,XLF,XLB,XLP,XLK,XLE,887
XLV,XLI,XLP,XLE,XLU,XLB,XLF,XLK,XLY,888
XLF,XLE,XLK,XLU,XLB,XLV,XLI,XLY,XLP,889
XLI,XLF,XLV,XLK,XLE,XLP,XLY,XLB,XLU,890
XLB,XLK,XLY,XLU,XLF,XLE,XLI,XLV,XLP,891
XLB,XLI,XLK,XLF,XLY,XLV,XLU,XLE,XLP,892
XLK,XLV,XLB,XLI,XLY,XLU,XLP,XLF,XLE,893
XLF,XLV,XLU,XLB,XLI,XLE,XLK,XLY,XLP,894
XLP,XLI,XLE,XLY,XLV,XLF,XLU,XLB,XLK,895
XLF,XLV,XLE,XLP,XLK,XLB,XLI,XLY,XLU,896
XLV,XLK,XLY,XLE,XLF,XLP,XLB,XLU,XLI,897
XLF,XLI,XLU,XLV,XLB,XLK,XLY,XLP,XLE,898
XLP,XLU,XLF,XLV,XLY,XLK,XLE,XLB,XLI,899
XLP,XLV,XLF,XLB,XLY,XLE,XLU,XLK,XLI,900
XLE,XLV,XLP,XLB,XLF,XLY,XLI,XLU,XLK,901
XLU,XLK,XLV,XLI,XLP,XLY,XLE,XLB,XLF,902
XLK,XLF,XLE,XLV,XLU,XLP,XLY,XLI,XLB,903
XLV,XLU,XLE,XLB,XLY,XLI,XLF,XLP,XLK,904
XLV,XLU,XLF,XLI,XLK,XLP,XLE,XLB,XLY,905
XLE,XLB,XLY,XLP,XLV,XLF,XLK,XLU,XLI,906
XLB,XLY,XLE,XLP,XLV,XLF,XLU,XLK,XLI,907
XLP,XLI,XLV,XLU,XLF,XLK,XLE,XLB,XLY,908
XLI,XLF,XLY,XLB,XLV,XLE,XLU,XLK,XLP,909
XLU,XLF,XLI,XLB,XLY,XLK,XLV,XLE,XLP,910
XLY,XLK,XLB,XLV,XLE,XLP,XLI,XLU,XLF,911
XLU,XLF,XLK,XLI,XLY,XLP,XLE,XLB,XLV,912
XLY,XLF,XLK,XLE,XLP,XLI,XLB,XLU,XLV,913
XLI,XLF,XLE,XLV,XLB,XLU,XLK,XLY,XLP,914
XLI,XLB,XLE,XLK,XLY,XLU,XLP,XLF,XLV,915
XLV,XLU,XLK,XLI,XLP,XLY,XLE,XLF,XLB,916
XLV,XLK,XLU,XLP,XLF,XLY,XLB,XLE,XLI,917
XLV,XLY,XLK,XLI,XLB,XLE,XLP,XLF,XLU,918
XLE,XLV,XLY,XLK,XLU,XLI,XLP,XLB,XLF,919
XLE,XLU,XLK,XLB,XLY,XLP,XLI,XLF,XLV,920
XLV,XLE,XLY,XLP,XLU,XLI,XLB,XLF,XLK,921
XLV,XLE,XLU,XLK,XLI,XLY,XLB,XLF,XLP,922
XLF,XLV,XLY,XLU,XLB,XLI,XLK,XLP,XLE,923
XLK,XLE,XLB,XLU,XLV,XLI,XLY,XLF,XLP,924
XLI,XLE,XLB,XLK,XLF,XLY,XLU,XLV,XLP,925
XLI,XLE,XLF,XLV,XLP,XLU,XLB,XLK,XLY,926
XLE,XLB,XLF,XLI,XLY,XLU,XLP,XLV,XLK,927
XLU,XLY,XLV,XLB,XLF,XLP,XLE,XLI,XLK,928
XLY,XLU,XLE,XLV,XLI,XLB,XLP,XLF,XLK,929
XLF,XLK,XLY,XLV,XLE,XLI,XLB,XLP,XLU,930
XLV,XLI,XLB,XLP,XLY,XLF,XLK,XLU,XLE,931
XLF,XLI,XLK,XLB,XLP,XLU,XLV,XLE,XLY,932
XLU,XLV,XLK,XLE,XLP,XLY,XLB,XLI,XLF,933
XLK,XLF,XLI,XLE,XLP,XLB,XLV,XLU,XLY,934
XLP,XLI,XLE,XLU,XLB,XLF,XLV,XLY,XLK,935
XLB,XLU,XLY,XLK,XLI,XLF,XLE,XLP,XLV,936
XLP,XLE,XLF,XLB,XLV,XLU,XLI,XLY,XLK,937
XLY,XLV,XLK,XLP,XLE,XLI,XLU,XLF,XLB,938
XLB,XLK,XLU,XLP,XLV,XLI,XLE,XLF,XLY,939
XLK,XLY,XLB,XLP,XLI,XLE,XLU,XLF,XLV,940
XLE,XLP,XLF,XLK,XLB,XLU,XLY,XLV,XLI,941
XLI,XLE,XLU,XLY,XLP,XLB,XLV,XLK,XLF,942
XLU,XLP,XLY,XLB,XLI,XLK,XLE,XLV,XLF,943
XLP,XLV,XLY,XLU,XLI,XLF,XLB,XLK,XLE,944
XLB,XLY,XLE,XLF,XLK,XLU,XLP,XLV,XLI,945
XLP,XLI,XLY,XLB,XLE,XLU,XLF,XLV,XLK,946
XLE,XLU,XLV,XLP,XLI,XLB,XLK,XLY,XLF,947
XLU,XLV,XLY,XLP,XLE,XLB,XLF,XLK,XLI,948
XLV,XLK,XLB,XLP,XLF,XLI,XLE,XLU,XLY,949
XLK,XLE,XLY,XLI,XLV,XLB,XLF,XLU,XLP,950
XLE,XLP,XLI,XLB,XLF,XLV,XLY,XLU,XLK,951
XLV,XLB,XLF,XLU,XLY,XLK,XLI,XLP,XLE,952
XLP,XLE,XLV,XLF,XLI,XLB,XLK,XLU,XLY,953
XLY,XLE,XLI,XLV,XLF,XLB,XLU,XLP,XLK,954
XLY,XLK,XLI,XLV,XLB,XLF,XLP,XLU,XLE,955
XLV,XLB,XLU,XLF,XLK,XLY,XLP,XLE,XLI,956
XLI,XLU,XLK,XLE,XLF,XLP,XLV,XLY,XLB,957
XLF,XLK,XLU,XLI,XLV,XLY,XLE,XLB,XLP,958
XLV,XLU,XLE,XLP,XLK,XLY,XLF,XLI,XLB,959
XLI,XLF,XLP,XLV,XLB,XLE,XLY,XLK,XLU,960
XLV,XLI,XLE,XLP,XLF,XLY,XLK,XLU,XLB,961
XLK,XLU,XLY,XLF,XLI,XLB,XLV,XLP,XLE,962
XLE,XLI,XLP,XLU,XLB,XLY,XLF,XLV,XLK,963
XLP,XLY,XLI,XLU,XLV,XLB,XLF,XLK,XLE,964
XLE,XLV,XLU,XLI,XLP,XLF,XLK,XLY,XLB,965
XLV,XLY,XLK,XLE,XLB,XLP,XLI,XLF,XLU,966
XLI,XLF,XLE,XLP,XLY,XLB,XLV,XLK,XLU,967
XLB,XLE,XLI,XLF,XLV,XLY,XLU,XLP,XLK,968
XLP,XLU,XLV,XLB,XLE,XLF,XLI,XLY,XLK,969
XLB,XLI,XLF,XLU,XLP,XLV,XLE,XLK,XLY,970
XLV,XLY,XLP,XLB,XLE,XLK,XLU,XLI,XLF,971
XLI,XLU,XLF,XLK,XLP,XLE,XLY,XLV,XLB,972
XLE,XLK,XLI,XLU,XLP,XLF,XLY,XLV,XLB,973
XLK,XLU,XLV,XLP,XLB,XLE,XLF,XLI,XLY,974
XLK,XLF,XLE,XLU,XLB,XLY,XLP,XLV,XLI,975
XLV,XLY,XLP,XLK,XLI,XLU,XLF,XLB,XLE,976
XLB,XLY,XLE,XLV,XLI,XLK,XLF,XLU,XLP,977
XLY,XLP,XLI,XLU,XLB,XLV,XLK,XLE,XLF,978
XLB,XLI,XLE,XLP,XLF,XLV,XLY,XLK,XLU,979
XLV,XLY,XLI,XLB,XLE,XLP,XLU,XLF,XLK,980
XLK,XLF,XLY,XLP,XLU,XLI,XLV,XLB,XLE,981
XLK,XLB,XLI,XLF,XLU,XLE,XLP,XLV,XLY,982
XLK,XLF,XLE,XLY,XLU,XLP,XLV,XLB,XLI,983
XLB,XLU,XLV,XLI,XLY,XLP,XLK,XLF,XLE,984
XLU,XLI,XLB,XLV,XLP,XLE,XLF,XLY,XLK,985
XLB,XLK,XLY,XLE,XLI,XLU,XLP,XLF,XLV,986
XLE,XLK,XLF,XLB,XLY,XLP,XLI,XLU,XLV,987
XLK,XLP,XLE,XLU,XLF,XLI,XLB,XLY,XLV,988
XLB,XLF,XLY,XLE,XLV,XLP,XLK,XLI,XLU,989
XLP,XLI,XLK,XLF,XLU,XLE,XLB,XLV,XLY,990
XLE,XLV,XLP,XLK,XLB,XLF,XLY,XLI,XLU,991
XLE,XLY,XLF,XLV,XLU,XLB,XLI,XLK,XLP,992
XLF,XLV,XLP,XLK,XLE,XLY,XLI,XLB,XLU,993
XLK,XLF,XLP,XLE,XLU,XLY,XLI,XLB,XLV,994
XLE,XLY,XLF,XLP,XLI,XLK,XLB,XLV,XLU,995
XLP,XLV,XLU,XLF,XLE,XLB,XLI,XLK,XLY,996
XLY,XLF,XLK,XLU,XLB,XLP,XLE,XLI,XLV,997
XLE,XLV,XLK,XLI,XLP,XLU,XLF,XLY,XLB,998
XLU,XLK,XLV,XLY,XLI,XLP,XLB,XLE,XLF,999
XLK,XLP,XLI,XLB,XLU,XLY,XLE,XLF,XLV,1000
XLF,XLY,XLI,XLK,XLU,XLB,XLP,XLE,XLV,1001
XLY,XLF,XLE,XLU,XLV,XLB,XLI,XLP,XLK,1002
XLI,XLB,XLU,XLV,XLF,XLE,XLK,XLY,XLP,1003
XLI,XLE,XLP,XLV,XLF,XLB,XLK,XLU,XLY,1004
XLB,XLI,XLP,XLV,XLE,XLK,XLY,XLF,XLU,1005
XLU,XLK,XLV,XLB,XLF,XLP,XLY,XLE,XLI,1006
XLP,XLK,XLB,XLV,XLE,XLU,XLY,XLF,XLI,1007
XLF,XLV,XLU,XLE,XLP,XLK,XLI,XLB,XLY,1008
XLB,XLU,XLY,XLK,XLV,XLP,XLE,XLF,XLI,1009
XLY,XLV,XLK,XLE,XLI,XLB,XLF,XLP,XLU,1010
XLP,XLE,XLV,XLB,XLY,XLF,XLI,XLU,XLK,1011
XLP,XLI,XLB,XLU,XLV,XLK,XLY,XLF,XLE,1012
XLB,XLI,XLK,XLF,XLP,XLV,XLE,XLU,XLY,1013
XLK,XLU,XLE,XLI,XLV,XLF,XLB,XLP,XLY,1014
XLE,XLB,XLU,XLI,XLY,XLF,XLP,XLV,XLK,1015
XLV,XLE,XLB,XLF,XLK,XLY,XLP,XLU,XLI,1016
XLF,XLB,XLE,XLV,XLI,XLY,XLP,XLK,XLU,1017
XLF,XLV,XLY,XLI,XLP,XLE,XLU,XLB,XLK,1018
XLU,XLK,XLE,XLF,XLV,XLB,XLP,XLY,XLI,1019
XLK,XLF,XLE,XLY,XLU,XLB,XLI,XLP,XLV,1020
XLY,XLV,XLK,XLI,XLB,XLE,XLF,XLU,XLP,1021
XLE,XLP,XLI,XLV,XLF,XLB,XLK,XLU,XLY,1022
XLV,XLK,XLB,XLI,XLE,XLF,XLP,XLU,XLY,1023
XLU,XLI,XLK,XLV,XLY,XLF,XLE,XLP,XLB,1024
XLE,XLK,XLB,XLP,XLY,XLF,XLI,XLU,XLV,1025
XLV,XLY,XLI,XLB,XLP,XLK,XLU,XLF,XLE,1026
XLB,XLY,XLU,XLI,XLE,XLK,XLP,XLV,XLF,1027
XLP,XLV,XLF,XLI,XLE,XLB,XLU,XLK,XLY,1028
XLU,XLI,XLF,XLK,XLP,XLE,XLV,XLY,XLB,1029
XLY,XLK,XLU,XLB,XLF,XLV,XLE,XLP,XLI,1030
XLF,XLB,XLI,XLV,XLU,XLY,XLK,XLP,XLE,1031
XLP,XLY,XLI,XLE,XLU,XLF,XLB,XLV,XLK,1032
XLY,XLF,XLP,XLK,XLV,XLI,XLE,XLU,XLB,1033
XLF,XLB,XLY,XLU,XLV,XLE,XLK,XLI,XLP,1034
XLF,XLV,XLB,XLI,XLU,XLK,XLY,XLE,XLP,1035
XLF,XLE,XLP,XLY,XLB,XLU,XLV,XLI,XLK,1036
XLU,XLE,XLV,XLY,XLK,XLP,XLF,XLI,XLB,1037
XLY,XLV,XLB,XLE,XLU,XLI,XLK,XLP,XLF,1038
XLF,XLY,XLE,XLV,XLB,XLI,XLU,XLP,XLK,1039
XLE,XLB,XLV,XLY,XLU,XLI,XLK,XLP,XLF,1040
XLF,XLV,XLI,XLE,XLU,XLB,XLP,XLK,XLY,1041
XLU,XLB,XLY,XLF,XLV,XLE,XLK,XLI,XLP,1042
XLI,XLB,XLP,XLV,XLU,XLE,XLK,XLF,XLY,1043
XLB,XLY,XLP,XLU,XLV,XLE,XLI,XLF,XLK,1044
XLV,XLF,XLY,XLI,XLK,XLP,XLE,XLU,XLB,1045
XLY,XLU,XLK,XLV,XLB,XLF,XLP,XLI,XLE,1046
XLP,XLK,XLF,XLB,XLY,XLE,XLU,XLV,XLI,1047
XLB,XLU,XLK,XLV,XLI,XLE,XLF,XLP,XLY,1048
XLV,XLB,XLK,XLY,XLF,XLE,XLI,XLU,XLP,1049
XLE,XLI,XLF,XLK,XLY,XLP,XLU,XLV,XLB,1050
XLY,XLF,XLU,XLV,XLE,XLB,XLK,XLP,XLI,1051
XLV,XLY,XLE,XLP,XLF,XLI,XLB,XLK,XLU,1052
XLU,XLY,XLE,XLI,XLK,XLP,XLF,XLV,XLB,1053
XLB,XLY,XLI,XLE,XLK,XLP,XLF,XLU,XLV,1054
XLV,XLI,XLP,XLB,XLK,XLY,XLE,XLU,XLF,1055
XLF,XLV,XLB,XLI,XLP,XLE,XLY,XLU,XLK,1056
XLK,XLI,XLV,XLB,XLF,XLY,XLP,XLE,XLU,1057
XLY,XLV,XLP,XLI,XLB,XLE,XLF,XLU,XLK,1058
XLK,XLB,XLE,XLV,XLP,XLI,XLY,XLF,XLU,1059
XLU,XLB,XLY,XLV,XLK,XLE,XLF,XLP,XLI,1060
XLU,XLY,XLK,XLI,XLP,XLE,XLV,XLF,XLB,1061
XLV,XLI,XLY,XLE,XLP,XLF,XLU,XLB,XLK,1062
XLK,XLY,XLB,XLV,XLE,XLP,XLI,XLF,XLU,1063
XLY,XLU,XLB,XLV,XLP,XLE,XLF,XLK,XLI,1064
XLP,XLB,XLU,XLY,XLF,XLE,XLI,XLV,XLK,1065
XLU,XLK,XLV,XLE,XLF,XLP,XLI,XLB,XLY,1066
XLE,XLI,XLK,XLB,XLY,XLV,XLF,XLU,XLP,1067
XLE,XLP,XLY,XLF,XLU,XLI,XLK,XLB,XLV,1068
XLU,XLK,XLV,XLF,XLP,XLY,XLE,XLI,XLB,1069
XLE,XLB,XLI,XLP,XLK,XLV,XLY,XLF,XLU,1070
XLB,XLU,XLI,XLK,XLE,XLP,XLF,XLY,XLV,1071
XLU,XLP,XLK,XLE,XLI,XLY,XLB,XLF,XLV,1072
XLV,XLP,XLF,XLU,XLK,XLE,XLY,XLI,XLB,1073
XLE,XLV,XLY,XLP,XLI,XLF,XLU,XLK,XLB,1074
XLU,XLB,XLP,XLV,XLI,XLK,XLE,XLY,XLF,1075
XLF,XLK,XLP,XLV,XLY,XLB,XLE,XLI,XLU,1076
XLF,XLY,XLV,XLB,XLI,XLP,XLK,XLU,XLE,1077
XLU,XLK,XLV,XLY,XLI,XLB,XLF,XLP,XLE,1078
XLP,XLU,XLV,XLI,XLK,XLE,XLF,XLY,XLB,1079
XLK,XLU,XLI,XLF,XLB,XLP,XLE,XLV,XLY,1080
XLE,XLF,XLI,XLB,XLV,XLY,XLP,XLU,XLK,1081
XLF,XLI,XLV,XLU,XLB,XLE,XLY,XLK,XLP,1082
XLE,XLV,XLY,XLU,XLF,XLI,XLB,XLP,XLK,1083
XLI,XLV,XLU,XLY,XLP,XLK,XLE,XLF,XLB,1084
XLY,XLI,XLU,XLB,XLP,XLV,XLE,XLK,XLF,1085
XLI,XLY,XLU,XLK,XLB,XLF,XLP,XLE,XLV,1086
XLU,XLF,XLB,XLV,XLP,XLY,XLK,XLE,XLI,1087
XLV,XLK,XLF,XLE,XLY,XLI,XLU,XLB,XLP,1088
XLE,XLY,XLK,XLP,XLV,XLI,XLF,XLB,XLU,1089
XLE,XLI,XLP,XLV,XLK,XLU,XLY,XLF,XLB,1090
XLP,XLV,XLY,XLE,XLB,XLK,XLU,XLF,XLI,1091
XLI,XLK,XLF,XLB,XLE,XLP,XLY,XLV,XLU,1092
XLI,XLF,XLY,XLU,XLE,XLB,XLK,XLP,XLV,1093
XLV,XLP,XLY,XLE,XLU,XLI,XLF,XLB,XLK,1094
XLB,XLY,XLK,XLP,XLE,XLV,XLU,XLI,XLF,1095
XLY,XLE,XLP,XLF,XLK,XLB,XLV,XLU,XLI,1096
XLY,XLP,XLF,XLU,XLI,XLV,XLB,XLK,XLE,1097
XLF,XLE,XLV,XLB,XLY,XLI,XLU,XLP,XLK,1098
XLK,XLI,XLF,XLY,XLE,XLP,XLU,XLV,XLB,1099
XLP,XLF,XLU,XLE,XLI,XLK,XLY,XLV,XLB,1100
XLY,XLF,XLV,XLK,XLP,XLU,XLI,XLE,XLB,1101
XLK,XLU,XLY,XLI,XLF,XLE,XLB,XLP,XLV,1102
XLP,XLK,XLE,XLU,XLI,XLY,XLF,XLV,XLB,1103
XLB,XLI,XLK,XLY,XLU,XLV,XLP,XLE,XLF,1104
XLU,XLF,XLB,XLP,XLE,XLK,XLI,XLY,XLV,1105
XLP,XLU,XLF,XLB,XLY,XLV,XLE,XLI,XLK,1106
XLV,XLE,XLF,XLP,XLI,XLU,XLY,XLB,XLK,1107
XLV,XLK,XLF,XLU,XLY,XLE,XLP,XLI,XLB,1108
XLF,XLE,XLV,XLP,XLB,XLU,XLK,XLI,XLY,1109
XLF,XLK,XLY,XLP,XLI,XLV,XLB,XLU,XLE,1110
XLB,XLY,XLV,XLF,XLP,XLU,XLE,XLI,XLK,1111
XLU,XLE,XLF,XLV,XLP,XLK,XLI,XLB,XLY,1112
XLP,XLY,XLU,XLB,XLI,XLV,XLE,XLK,XLF,1113
XLF,XLU,XLE,XLP,XLY,XLB,XLK,XLV,XLI,1114
XLU,XLP,XLF,XLB,XLK,XLE,XLI,XLY,XLV,1115
XLU,XLB,XLK,XLY,XLP,XLE,XLV,XLF,XLI,1116
XLE,XLF,XLB,XLP,XLU,XLV,XLY,XLI,XLK,1117
XLY,XLB,XLI,XLE,XLF,XLK,XLU,XLV,XLP,1118
XLB,XLK,XLU,XLI,XLY,XLP,XLE,XLF,XLV,1119
XLY,XLV,XLI,XLF,XLP,XLK,XLB,XLU,XLE,1120
XLK,XLP,XLB,XLU,XLY,XLE,XLI,XLV,XLF,1121
XLK,XLV,XLU,XLE,XLF,XLB,XLY,XLI,XLP,1122
XLU,XLP,XLF,XLY,XLV,XLK,XLB,XLI,XLE,1123
XLB,XLK,XLI,XLU,XLP,XLV,XLE,XLY,XLF,1124
XLE,XLI,XLU,XLP,XLV,XLB,XLK,XLY,XLF,1125
XLF,XLV,XLB,XLI,XLE,XLK,XLP,XLY,XLU,1126
XLE,XLU,XLB,XLV,XLI,XLK,XLF,XLP,XLY,1127
XLB,XLY,XLI,XLU,XLF,XLV,XLE,XLK,XLP,1128
XLV,XLF,XLE,XLP,XLU,XLB,XLK,XLI,XLY,1129
XLK,XLF,XLY,XLI,XLB,XLE,XLU,XLV,XLP,1130
XLF,XLE,XLU,XLI,XLK,XLV,XLP,XLB,XLY,1131
XLB,XLE,XLV,XLI,XLK,XLY,XLU,XLP,XLF,1132
XLK,XLY,XLI,XLB,XLP,XLE,XLU,XLV,XLF,1133
XLB,XLI,XLU,XLV,XLY,XLE,XLF,XLK,XLP,1134
XLF,XLP,XLE,XLU,XLV,XLI,XLK,XLY,XLB,1135
XLK,XLY,XLF,XLB,XLV,XLI,XLP,XLU,XLE,1136
XLK,XLI,XLV,XLB,XLP,XLF,XLE,XLY,XLU,1137
XLB,XLV,XLF,XLU,XLK,XLY,XLP,XLI,XLE,1138
XLU,XLF,XLV,XLE,XLK,XLI,XLB,XLY,XLP,1139
XLK,XLU,XLI,XLB,XLE,XLF,XLV,XLP,XLY,1140
XLI,XLY,XLE,XLP,XLK,XLU,XLV,XLB,XLF,1141
XLP,XLU,XLF,XLV,XLI,XLB,XLY,XLK,XLE,1142
XLP,XLB,XLU,XLK,XLF,XLV,XLE,XLI,XLY,1143
XLP,XLV,XLK,XLF,XLI,XLY,XLU,XLE,XLB,1144
XLK,XLP,XLU,XLV,XLB,XLY,XLE,XLF,XLI,1145
XLK,XLY,XLF,XLE,XLP,XLV,XLB,XLU,XLI,1146
XLK,XLU,XLB,XLY,XLF,XLI,XLE,XLP,XLV,1147
XLF,XLK,XLI,XLB,XLU,XLE,XLP,XLY,XLV,1148
XLU,XLI,XLF,XLY,XLV,XLB,XLE,XLK,XLP,1149
XLF,XLE,XLU,XLY,XLB,XLV,XLI,XLK,XLP,1150
XLK,XLP,XLE,XLF,XLI,XLV,XLB,XLU,XLY,1151
XLP,XLF,XLV,XLE,XLB,XLK,XLI,XLY,XLU,1152
XLU,XLF,XLP,XLE,XLI,XLY,XLV,XLB,XLK,1153
XLK,XLF,XLI,XLU,XLP,XLE,XLB,XLV,XLY,1154
XLV,XLY,XLK,XLP,XLU,XLI,XLB,XLF,XLE,1155
XLF,XLY,XLK,XLI,XLV,XLB,XLP,XLE,XLU,1156
XLB,XLF,XLI,XLK,XLP,XLE,XLV,XLU,XLY,1157
XLF,XLE,XLI,XLP,XLV,XLY,XLU,XLB,XLK,1158
XLP,XLV,XLU,XLK,XLI,XLY,XLF,XLE,XLB,1159
XLE,XLF,XLY,XLB,XLV,XLI,XLP,XLU,XLK,1160
XLY,XLU,XLB,XLP,XLK,XLI,XLF,XLV,XLE,1161
XLI,XLP,XLB,XLV,XLK,XLE,XLU,XLY,XLF,1162
XLI,XLY,XLK,XLE,XLP,XLV,XLB,XLF,XLU,1163
XLK,XLE,XLU,XLB,XLP,XLF,XLY,XLV,XLI,1164
XLK,XLY,XLF,XLI,XLV,XLU,XLB,XLP,XLE,1165
XLK,XLF,XLV,XLY,XLB,XLE,XLP,XLI,XLU,1166
XLI,XLB,XLK,XLF,XLY,XLV,XLP,XLU,XLE,1167
XLV,XLF,XLP,XLK,XLB,XLY,XLE,XLU,XLI,1168
XLV,XLI,XLK,XLP,XLU,XLF,XLE,XLY,XLB,1169
XLU,XLY,XLK,XLI,XLE,XLB,XLP,XLV,XLF,1170
XLU,XLI,XLB,XLE,XLV,XLP,XLY,XLF,XLK,1171
XLI,XLB,XLF,XLE,XLU,XLY,XLK,XLP,XLV,1172
XLU,XLY,XLI,XLV,XLP,XLF,XLK,XLB,XLE,1173
XLK,XLV,XLU,XLE,XLI,XLB,XLF,XLY,XLP,1174
XLK,XLF,XLE,XLY,XLI,XLB,XLU,XLV,XLP,1175
XLB,XLI,XLE,XLY,XLP,XLK,XLU,XLF,XLV,1176
XLK,XLF,XLP,XLU,XLE,XLI,XLY,XLV,XLB,1177
XLE,XLV,XLI,XLP,XLF,XLU,XLY,XLK,XLB,1178
XLB,XLI,XLF,XLY,XLK,XLP,XLV,XLU,XLE,1179
XLP,XLK,XLY,XLE,XLV,XLB,XLU,XLI,XLF,1180
XLK,XLP,XLY,XLB,XLU,XLV,XLF,XLI,XLE,1181
XLB,XLU,XLP,XLE,XLF,XLK,XLY,XLI,XLV,1182
XLK,XLP,XLF,XLI,XLV,XLB,XLY,XLU,XLE,1183
XLK,XLE,XLB,XLU,XLI,XLP,XLY,XLF,XLV,1184
XLY,XLB,XLK,XLE,XLF,XLV,XLU,XLI,XLP,1185
XLB,XLP,XLF,XLY,XLI,XLU,XLE,XLK,XLV,1186
XLI,XLF,XLP,XLB,XLY,XLK,XLE,XLU,XLV,1187
XLB,XLV,XLU,XLK,XLY,XLF,XLI,XLP,XLE,1188
XLK,XLP,XLY,XLF,XLU,XLV,XLI,XLE,XLB,1189
XLF,XLV,XLI,XLB,XLE,XLU,XLK,XLY,XLP,1190
XLP,XLI,XLU,XLB,XLY,XLF,XLK,XLE,XLV,1191
XLU,XLV,XLY,XLP,XLK,XLB,XLI,XLE,XLF,1192
XLE,XLU,XLF,XLK,XLV,XLI,XLB,XLP,XLY,1193
XLU,XLB,XLV,XLI,XLF,XLP,XLK,XLE,XLY,1194
XLB,XLF,XLE,XLK,XLI,XLP,XLV,XLY,XLU,1195
XLF,XLP,XLU,XLK,XLB,XLY,XLI,XLE,XLV,1196
XLV,XLU,XLK,XLB,XLP,XLY,XLE,XLF,XLI,1197
XLI,XLK,XLP,XLU,XLE,XLB,XLF,XLY,XLV,1198
XLI,XLY,XLE,XLU,XLP,XLK,XLV,XLB,XLF,1199
XLP,XLY,XLU,XLK,XLB,XLV,XLE,XLI,XLF,1200
XLF,XLV,XLP,XLU,XLK,XLE,XLB,XLI,XLY,1201
XLU,XLP,XLE,XLY,XLV,XLF,XLK,XLB,XLI,1202
XLE,XLP,XLI,XLY,XLU,XLF,XLK,XLV,XLB,1203
XLK,XLU,XLE,XLI,XLV,XLF,XLY,XLB,XLP,1204
XLY,XLU,XLP,XLB,XLE,XLF,XLK,XLV,XLI,1205
XLB,XLK,XLF,XLP,XLI,XLE,XLU,XLY,XLV,1206
XLV,XLK,XLF,XLP,XLY,XLB,XLI,XLU,XLE,1207
XLB,XLY,XLP,XLU,XLE,XLI,XLV,XLK,XLF,1208
XLK,XLU,XLY,XLE,XLV,XLF,XLP,XLB,XLI,1209
XLY,XLF,XLV,XLU,XLI,XLP,XLK,XLB,XLE,1210
XLE,XLB,XLK,XLV,XLY,XLP,XLI,XLF,XLU,1211
XLF,XLU,XLE,XLK,XLB,XLY,XLP,XLI,XLV,1212
XLV,XLI,XLP,XLE,XLY,XLK,XLU,XLF,XLB,1213
XLK,XLI,XLE,XLB,XLV,XLP,XLY,XLF,XLU,1214
XLF,XLI,XLE,XLY,XLP,XLB,XLV,XLK,XLU,1215
XLB,XLY,XLF,XLE,XLU,XLK,XLI,XLP,XLV,1216
XLI,XLY,XLF,XLB,XLV,XLU,XLK,XLE,XLP,1217
XLV,XLU,XLI,XLY,XLF,XLE,XLP,XLK,XLB,1218
XLF,XLB,XLI,XLK,XLE,XLP,XLY,XLU,XLV,1219
XLI,XLU,XLY,XLP,XLB,XLE,XLV,XLK,XLF,1220
XLB,XLI,XLV,XLU,XLY,XLP,XLE,XLK,XLF,1221
XLB,XLI,XLF,XLU,XLY,XLV,XLE,XLP,XLK,1222
XLE,XLB,XLV,XLI,XLF,XLP,XLY,XLU,XLK,1223
XLF,XLY,XLP,XLV,XLE,XLB,XLK,XLU,XLI,1224
XLK,XLP,XLU,XLF,XLE,XLY,XLB,XLI,XLV,1225
XLI,XLK,XLP,XLE,XLF,XLV,XLY,XLU,XLB,1226
XLI,XLB,XLP,XLF,XLE,XLY,XLU,XLK,XLV,1227
XLK,XLF,XLY,XLU,XLP,XLB,XLE,XLV,XLI,1228
XLF,XLK,XLU,XLV,XLB,XLE,XLI,XLP,XLY,1229
XLV,XLE,XLI,XLK,XLP,XLY,XLF,XLB,XLU,1230
XLF,XLU,XLI,XLV,XLP,XLY,XLK,XLE,XLB,1231
XLI,XLP,XLB,XLE,XLF,XLU,XLK,XLY,XLV,1232
XLE,XLI,XLF,XLY,XLP,XLK,XLV,XLB,XLU,1233
XLU,XLI,XLB,XLF,XLK,XLP,XLE,XLY,XLV,1234
XLI,XLB,XLY,XLE,XLU,XLP,XLF,XLK,XLV,1235
XLI,XLK,XLY,XLE,XLB,XLV,XLU,XLP,XLF,1236
XLB,XLF,XLK,XLI,XLV,XLU,XLP,XLY,XLE,1237
XLB,XLY,XLU,XLV,XLK,XLP,XLI,XLE,XLF,1238
XLI,XLE,XLK,XLV,XLB,XLU,XLP,XLY,XLF,1239
XLU,XLV,XLF,XLI,XLB,XLY,XLE,XLP,XLK,1240
XLP,XLE,XLK,XLY,XLU,XLV,XLF,XLI,XLB,1241
XLK,XLE,XLY,XLU,XLF,XLI,XLV,XLB,XLP,1242
XLP,XLF,XLY,XLB,XLV,XLE,XLK,XLU,XLI,1243
XLU,XLF,XLY,XLE,XLP,XLB,XLK,XLV,XLI,1244
XLB,XLI,XLF,XLU,XLV,XLY,XLP,XLE,XLK,1245
XLI,XLB,XLU,XLF,XLP,XLK,XLY,XLV,XLE,1246
XLP,XLK,XLY,XLB,XLF,XLV,XLI,XLE,XLU,1247
XLP,XLF,XLE,XLB,XLV,XLK,XLI,XLU,XLY,1248
XLI,XLV,XLE,XLK,XLF,XLB,XLY,XLU,XLP,1249
XLV,XLP,XLB,XLE,XLF,XLI,XLU,XLY,XLK,1250
XLE,XLI,XLB,XLY,XLU,XLV,XLK,XLP,XLF,1251
XLK,XLB,XLF,XLV,XLE,XLP,XLI,XLU,XLY,1252
XLB,XLE,XLK,XLF,XLI,XLY,XLU,XLP,XLV,1253
XLV,XLU,XLF,XLI,XLK,XLP,XLE,XLB,XLY,1254
XLK,XLU,XLE,XLI,XLF,XLP,XLV,XLB,XLY,1255
XLP,XLK,XLB,XLF,XLV,XLU,XLE,XLI,XLY,1256
XLE,XLV,XLY,XLI,XLB,XLU,XLP,XLF,XLK,1257
XLK,XLY,XLV,XLE,XLU,XLP,XLF,XLI,XLB,1258
XLI,XLE,XLV,XLY,XLF,XLU,XLB,XLP,XLK,1259
XLV,XLB,XLF,XLI,XLY,XLE,XLP,XLU,XLK,1260
XLU,XLK,XLB,XLP,XLF,XLY,XLE,XLV,XLI,1261
XLE,XLP,XLK,XLU,XLF,XLI,XLV,XLY,XLB,1262
XLB,XLV,XLE,XLY,XLK,XLI,XLU,XLP,XLF,1263
XLB,XLU,XLF,XLK,XLE,XLI,XLY,XLV,XLP,1264
XLK,XLE,XLI,XLB,XLU,XLV,XLF,XLY,XLP,1265
XLV,XLE,XLB,XLK,XLU,XLI,XLP,XLF,XLY,1266
XLB,XLP,XLI,XLV,XLK,XLU,XLE,XLY,XLF,1267
XLY,XLF,XLI,XLU,XLV,XLP,XLB,XLK,XLE,1268
XLY,XLF,XLK,XLE,XLB,XLI,XLU,XLV,XLP,1269
XLY,XLP,XLB,XLK,XLI,XLE,XLV,XLF,XLU,1270
XLB,XLI,XLF,XLV,XLU,XLK,XLY,XLP,XLE,1271
XLF,XLB,XLU,XLI,XLE,XLK,XLV,XLP,XLY,1272
XLB,XLE,XLU,XLV,XLK,XLI,XLY,XLP,XLF,1273
XLI,XLP,XLY,XLE,XLF,XLB,XLV,XLK,XLU,1274
XLY,XLK,XLI,XLV,XLE,XLB,XLF,XLU,XLP,1275
XLK,XLE,XLI,XLP,XLV,XLY,XLF,XLU,XLB,1276
XLP,XLY,XLV,XLI,XLK,XLF,XLE,XLU,XLB,1277
XLE,XLI,XLB,XLP,XLY,XLV,XLU,XLK,XLF,1278
XLF,XLK,XLP,XLU,XLI,XLE,XLY,XLB,XLV,1279
XLF,XLI,XLK,XLV,XLY,XLB,XLE,XLP,XLU,1280
XLP,XLY,XLF,XLE,XLI,XLB,XLU,XLV,XLK,1281
XLF,XLB,XLI,XLY,XLV,XLU,XLP,XLE,XLK,1282
XLE,XLV,XLF,XLY,XLB,XLU,XLI,XLK,XLP,1283
XLB,XLI,XLU,XLK,XLP,XLE,XLF,XLY,XLV,1284
XLF,XLY,XLE,XLK,XLI,XLP,XLB,XLU,XLV,1285
XLP,XLK,XLY,XLB,XLV,XLF,XLE,XLI,XLU,1286
XLI,XLE,XLY,XLU,XLP,XLV,XLB,XLF,XLK,1287
XLB,XLF,XLE,XLU,XLP,XLK,XLY,XLV,XLI,1288
XLU,XLV,XLP,XLB,XLI,XLE,XLY,XLF,XLK,1289
XLK,XLP,XLF,XLV,XLU,XLI,XLE,XLY,XLB,1290
XLB,XLF,XLV,XLU,XLY,XLP,XLK,XLE,XLI,1291
XLY,XLF,XLV,XLI,XLE,XLP,XLK,XLU,XLB,1292
XLI,XLY,XLU,XLF,XLK,XLB,XLP,XLV,XLE,1293
XLY,XLB,XLF,XLP,XLU,XLI,XLK,XLV,XLE,1294
XLI,XLB,XLV,XLE,XLK,XLY,XLP,XLF,XLU,1295
XLB,XLU,XLV,XLY,XLK,XLI,XLE,XLP,XLF,1296
XLP,XLV,XLF,XLI,XLB,XLU,XLY,XLE,XLK,1297
XLY,XLF,XLU,XLB,XLE,XLI,XLK,XLV,XLP,1298
XLU,XLI,XLE,XLK,XLY,XLB,XLF,XLP,XLV,1299
XLB,XLF,XLP,XLE,XLI,XLU,XLK,XLV,XLY,1300
XLE,XLB,XLF,XLV,XLY,XLK,XLI,XLP,XLU,1301
XLE,XLI,XLV,XLB,XLY,XLU,XLF,XLP,XLK,1302
XLE,XLB,XLI,XLV,XLF,XLY,XLK,XLP,XLU,1303
XLV,XLY,XLB,XLK,XLF,XLE,XLP,XLI,XLU,1304
XLP,XLU,XLV,XLB,XLF,XLI,XLE,XLY,XLK,1305
XLI,XLF,XLB,XLY,XLK,XLE,XLP,XLV,XLU,1306
XLP,XLB,XLV,XLY,XLK,XLU,XLE,XLI,XLF,1307
XLI,XLV,XLP,XLY,XLK,XLF,XLU,XLE,XLB,1308
XLI,XLY,XLV,XLP,XLB,XLE,XLU,XLF,XLK,1309
XLI,XLU,XLE,XLF,XLV,XLP,XLY,XLB,XLK,1310
XLV,XLI,XLB,XLK,XLP,XLE,XLY,XLU,XLF,1311
XLP,XLK,XLF,XLV,XLI,XLU,XLE,XLB,XLY,1312
XLK,XLF,XLI,XLY,XLB,XLP,XLE,XLV,XLU,1313
XLE,XLI,XLP,XLB,XLY,XLF,XLV,XLU,XLK,1314
XLB,XLI,XLK,XLF,XLP,XLY,XLV,XLU,XLE,1315
XLV,XLI,XLE,XLP,XLB,XLY,XLU,XLK,XLF,1316
XLU,XLP,XLE,XLK,XLV,XLI,XLF,XLY,XLB,1317
XLU,XLK,XLF,XLB,XLV,XLE,XLI,XLY,XLP,1318
XLE,XLI,XLU,XLV,XLF,XLY,XLK,XLB,XLP,1319
XLF,XLB,XLI,XLE,XLY,XLK,XLP,XLV,XLU,1320
XLF,XLP,XLY,XLE,XLK,XLI,XLB,XLV,XLU,1321
XLE,XLU,XLB,XLF,XLK,XLY,XLI,XLV,XLP,1322
XLK,XLE,XLP,XLB,XLV,XLY,XLI,XLF,XLU,1323
XLB,XLE,XLF,XLU,XLI,XLK,XLY,XLV,XLP,1324
XLB,XLV,XLK,XLP,XLY,XLU,XLI,XLE,XLF,1325
XLV,XLP,XLB,XLF,XLY,XLU,XLI,XLE,XLK,1326
XLP,XLV,XLY,XLI,XLF,XLK,XLU,XLE,XLB,1327
XLB,XLF,XLE,XLI,XLK,XLP,XLV,XLY,XLU,1328
XLK,XLV,XLB,XLI,XLF,XLY,XLU,XLP,XLE,1329
XLU,XLI,XLP,XLK,XLE,XLV,XLY,XLF,XLB,1330
XLK,XLU,XLE,XLB,XLI,XLV,XLF,XLY,XLP,1331
XLB,XLK,XLU,XLI,XLY,XLE,XLF,XLP,XLV,1332
XLI,XLB,XLP,XLU,XLV,XLF,XLE,XLY,XLK,1333
XLP,XLE,XLV,XLU,XLB,XLI,XLK,XLF,XLY,1334
XLF,XLP,XLB,XLE,XLI,XLK,XLY,XLV,XLU,1335
XLB,XLY,XLP,XLF,XLI,XLE,XLU,XLV,XLK,1336
XLB,XLV,XLY,XLK,XLI,XLE,XLP,XLU,XLF,1337
XLI,XLP,XLV,XLB,XLY,XLU,XLE,XLF,XLK,1338
XLU,XLV,XLP,XLK,XLF,XLI,XLE,XLB,XLY,1339
XLY,XLI,XLB,XLU,XLP,XLV,XLF,XLE,XLK,1340
XLY,XLE,XLP,XLI,XLF,XLV,XLB,XLK,XLU,1341
XLV,XLF,XLP,XLK,XLB,XLI,XLU,XLY,XLE,1342
XLF,XLE,XLK,XLB,XLU,XLY,XLV,XLI,XLP,1343
XLE,XLK,XLU,XLF,XLP,XLV,XLB,XLI,XLY,1344
XLU,XLB,XLY,XLV,XLF,XLI,XLK,XLP,XLE,1345
XLP,XLB,XLF,XLY,XLK,XLU,XLI,XLV,XLE,1346
XLV,XLY,XLP,XLI,XLK,XLU,XLE,XLB,XLF,1347
XLE,XLP,XLK,XLV,XLF,XLU,XLY,XLB,XLI,1348
XLF,XLY,XLU,XLE,XLK,XLP,XLI,XLB,XLV,1349
XLP,XLY,XLV,XLE,XLF,XLU,XLB,XLK,XLI,1350
XLU,XLF,XLY,XLI,XLV,XLB,XLE,XLK,XLP,1351
XLU,XLK,XLY,XLP,XLE,XLI,XLF,XLV,XLB,1352
XLI,XLF,XLK,XLE,XLU,XLY,XLB,XLV,XLP,1353
XLU,XLF,XLV,XLP,XLI,XLY,XLE,XLB,XLK,1354
XLP,XLE,XLY,XLI,XLU,XLB,XLF,XLK,XLV,1355
XLB,XLV,XLK,XLU,XLF,XLI,XLP,XLE,XLY,1356
XLI,XLV,XLB,XLE,XLP,XLK,XLU,XLF,XLY,1357
XLU,XLP,XLK,XLY,XLV,XLF,XLB,XLE,XLI,1358
XLU,XLE,XLB,XLP,XLV,XLI,XLK,XLY,XLF,1359
XLK,XLU,XLI,XLP,XLB,XLF,XLE,XLV,XLY,1360
XLI,XLE,XLP,XLB,XLV,XLK,XLF,XLY,XLU,1361
XLK,XLE,XLY,XLP,XLF,XLV,XLU,XLB,XLI,1362
XLV,XLP,XLY,XLK,XLU,XLF,XLI,XLB,XLE,1363
XLK,XLP,XLE,XLI,XLF,XLY,XLU,XLV,XLB,1364
XLY,XLK,XLE,XLU,XLP,XLI,XLF,XLB,XLV,1365
XLY,XLB,XLE,XLV,XLK,XLP,XLI,XLF,XLU,1366
XLK,XLV,XLU,XLY,XLB,XLE,XLF,XLI,XLP,1367
XLB,XLK,XLF,XLU,XLE,XLI,XLV,XLY,XLP,1368
XLI,XLV,XLE,XLK,XLF,XLU,XLY,XLB,XLP,1369
XLV,XLU,XLI,XLP,XLF,XLE,XLB,XLK,XLY,1370
XLI,XLK,XLP,XLV,XLY,XLF,XLU,XLB,XLE,1371
XLF,XLB,XLY,XLU,XLI,XLP,XLK,XLE,XLV,1372
XLP,XLK,XLE,XLY,XLF,XLI,XLV,XLU,XLB,1373
XLP,XLK,XLY,XLI,XLE,XLU,XLB,XLF,XLV,1374
XLE,XLP,XLU,XLB,XLI,XLF,XLY,XLV,XLK,1375
XLP,XLK,XLU,XLB,XLI,XLY,XLE,XLV,XLF,1376
XLU,XLE,XLV,XLY,XLP,XLF,XLK,XLB,XLI,1377
XLF,XLE,XLB,XLI,XLP,XLV,XLU,XLY,XLK,1378
XLU,XLE,XLV,XLB,XLI,XLY,XLP,XLK,XLF,1379
XLB,XLE,XLU,XLF,XLY,XLI,XLK,XLP,XLV,1380
XLY,XLU,XLF,XLI,XLK,XLP,XLE,XLB,XLV,1381
XLY,XLP,XLI,XLU,XLE,XLB,XLK,XLF,XLV,1382
XLB,XLI,XLP,XLE,XLV,XLK,XLY,XLU,XLF,1383
XLU,XLP,XLY,XLB,XLK,XLV,XLI,XLE,XLF,1384
XLI,XLB,XLE,XLP,XLK,XLY,XLF,XLV,XLU,1385
XLP,XLI,XLE,XLB,XLK,XLF,XLY,XLV,XLU,1386
XLU,XLY,XLK,XLV,XLB,XLP,XLI,XLE,XLF,1387
XLI,XLV,XLP,XLB,XLK,XLE,XLF,XLU,XLY,1388
XLI,XLE,XLF,XLV,XLK,XLY,XLB,XLP,XLU,1389
XLE,XLY,XLK,XLB,XLP,XLU,XLF,XLI,XLV,1390
XLE,XLU,XLK,XLV,XLI,XLP,XLB,XLY,XLF,1391
XLY,XLP,XLV,XLB,XLK,XLE,XLI,XLF,XLU,1392
XLB,XLF,XLP,XLI,XLY,XLU,XLE,XLK,XLV,1393
XLY,XLV,XLI,XLF,XLK,XLU,XLP,XLE,XLB,1394
XLI,XLE,XLU,XLF,XLP,XLB,XLY,XLV,XLK,1395
XLE,XLU,XLB,XLF,XLY,XLP,XLK,XLV,XLI,1396
XLB,XLV,XLY,XLF,XLI,XLE,XLU,XLP,XLK,1397
XLE,XLU,XLF,XLP,XLY,XLV,XLI,XLB,XLK,1398
XLU,XLY,XLE,XLB,XLF,XLP,XLK,XLV,XLI,1399
XLE,XLP,XLI,XLU,XLV,XLK,XLY,XLB,XLF,1400
XLB,XLI,XLF,XLK,XLY,XLV,XLU,XLE,XLP,1401
XLB,XLI,XLE,XLK,XLF,XLY,XLU,XLV,XLP,1402
XLF,XLB,XLE,XLU,XLY,XLK,XLP,XLV,XLI,1403
XLY,XLB,XLI,XLF,XLU,XLP,XLV,XLK,XLE,1404
XLE,XLY,XLV,XLK,XLI,XLU,XLP,XLB,XLF,1405
XLY,XLP,XLF,XLB,XLV,XLE,XLK,XLI,XLU,1406
XLP,XLU,XLB,XLI,XLK,XLE,XLF,XLV,XLY,1407
XLY,XLV,XLI,XLP,XLU,XLB,XLE,XLF,XLK,1408
XLY,XLP,XLF,XLI,XLE,XLV,XLU,XLB,XLK,1409
XLY,XLF,XLB,XLV,XLP,XLI,XLU,XLK,XLE,1410
XLK,XLF,XLY,XLB,XLE,XLV,XLU,XLP,XLI,1411
XLK,XLI,XLF,XLP,XLU,XLY,XLV,XLE,XLB,1412
XLY,XLP,XLU,XLB,XLE,XLI,XLK,XLF,XLV,1413
XLF,XLY,XLE,XLU,XLB,XLP,XLV,XLI,XLK,1414
XLP,XLF,XLY,XLV,XLB,XLK,XLE,XLU,XLI,1415
XLF,XLV,XLK,XLB,XLU,XLY,XLP,XLE,XLI,1416
XLP,XLU,XLF,XLI,XLV,XLY,XLK,XLE,XLB,1417
XLP,XLV,XLK,XLF,XLI,XLE,XLY,XLU,XLB,1418
XLF,XLV,XLY,XLI,XLB,XLU,XLP,XLK,XLE,1419
XLY,XLV,XLE,XLF,XLI,XLU,XLP,XLK,XLB,1420
XLV,XLK,XLF,XLP,XLE,XLB,XLI,XLU,XLY,1421
XLY,XLP,XLU,XLK,XLF,XLB,XLI,XLV,XLE,1422
XLI,XLE,XLU,XLY,XLV,XLF,XLP,XLB,XLK,1423
XLP,XLU,XLB,XLF,XLV,XLE,XLY,XLK,XLI,1424
XLK,XLY,XLB,XLF,XLU,XLE,XLP,XLI,XLV,1425
XLF,XLE,XLK,XLY,XLP,XLI,XLB,XLV,XLU,1426
XLP,XLV,XLE,XLK,XLI,XLY,XLU,XLF,XLB,1427
XLV,XLI,XLB,XLP,XLK,XLY,XLF,XLU,XLE,1428
XLF,XLV,XLK,XLP,XLU,XLI,XLE,XLY,XLB,1429
XLP,XLK,XLE,XLU,XLY,XLI,XLB,XLV,XLF,1430
XLY,XLU,XLB,XLP,XLV,XLK,XLF,XLE,XLI,1431
XLU,XLY,XLI,XLE,XLK,XLP,XLF,XLV,XLB,1432
XLK,XLU,XLI,XLV,XLB,XLY,XLP,XLE,XLF,1433
XLP,XLK,XLY,XLI,XLB,XLE,XLF,XLV,XLU,1434
XLB,XLY,XLF,XLP,XLI,XLK,XLV,XLE,XLU,1435
XLI,XLV,XLF,XLP,XLB,XLU,XLE,XLK,XLY,1436
XLU,XLK,XLP,XLV,XLY,XLE,XLI,XLF,XLB,1437
XLP,XLV,XLI,XLU,XLK,XLY,XLE,XLB,XLF,1438
XLI,XLF,XLU,XLY,XLK,XLV,XLP,XLB,XLE,1439
XLK,XLU,XLB,XLF,XLV,XLP,XLI,XLY,XLE,1440
XLY,XLI,XLV,XLF,XLE,XLU,XLK,XLP,XLB,1441
XLP,XLV,XLU,XLK,XLB,XLI,XLY,XLE,XLF,1442
XLF,XLK,XLV,XLI,XLU,XLP,XLB,XLY,XLE,1443
XLK,XLB,XLV,XLI,XLU,XLE,XLY,XLF,XLP,1444
XLB,XLV,XLY,XLK,XLE,XLI,XLF,XLP,XLU,1445
XLP,XLK,XLV,XLE,XLI,XLY,XLF,XLB,XLU,1446
XLY,XLV,XLP,XLI,XLK,XLE,XLU,XLF,XLB,1447
XLI,XLF,XLU,XLY,XLB,XLP,XLK,XLV,XLE,1448
XLU,XLF,XLB,XLY,XLP,XLV,XLE,XLI,XLK,1449
XLP,XLY,XLF,XLU,XLV,XLB,XLI,XLE,XLK,1450
XLK,XLP,XLI,XLU,XLE,XLB,XLF,XLY,XLV,1451
XLY,XLK,XLB,XLF,XLI,XLV,XLU,XLP,XLE,1452
XLB,XLY,XLK,XLI,XLE,XLP,XLF,XLU,XLV,1453
XLB,XLI,XLF,XLV,XLU,XLK,XLP,XLE,XLY,1454
XLE,XLY,XLI,XLB,XLK,XLF,XLP,XLU,XLV,1455
XLY,XLB,XLV,XLF,XLI,XLE,XLK,XLU,XLP,1456
XLV,XLE,XLY,XLF,XLI,XLU,XLK,XLP,XLB,1457
XLI,XLB,XLP,XLU,XLF,XLE,XLK,XLY,XLV,1458
XLU,XLY,XLP,XLV,XLK,XLF,XLE,XLB,XLI,1459
XLB,XLV,XLK,XLF,XLU,XLP,XLY,XLI,XLE,1460
XLF,XLV,XLU,XLI,XLK,XLB,XLP,XLY,XLE,1461
XLI,XLP,XLB,XLV,XLF,XLY,XLK,XLE,XLU,1462
XLF,XLV,XLK,XLP,XLE,XLY,XLU,XLB,XLI,1463
XLU,XLK,XLI,XLP,XLY,XLB,XLF,XLV,XLE,1464
XLK,XLP,XLB,XLE,XLI,XLY,XLF,XLU,XLV,1465
XLI,XLV,XLU,XLB,XLE,XLP,XLY,XLF,XLK,1466
XLF,XLV,XLB,XLK,XLP,XLY,XLI,XLU,XLE,1467
XLY,XLI,XLK,XLE,XLB,XLV,XLU,XLP,XLF,1468
XLK,XLE,XLU,XLF,XLB,XLI,XLV,XLY,XLP,1469
XLE,XLK,XLI,XLP,XLF,XLY,XLV,XLU,XLB,1470
XLV,XLU,XLF,XLB,XLK,XLI,XLE,XLY,XLP,1471
XLK,XLV,XLB,XLI,XLP,XLE,XLF,XLU,XLY,1472
XLK,XLI,XLV,XLF,XLY,XLE,XLB,XLP,XLU,1473
XLP,XLE,XLI,XLV,XLU,XLB,XLF,XLY,XLK,1474
XLU,XLI,XLE,XLV,XLP,XLB,XLY,XLF,XLK,1475
XLP,XLV,XLF,XLE,XLK,XLI,XLB,XLU,XLY,1476
XLY,XLB,XLK,XLV,XLE,XLF,XLU,XLI,XLP,1477
XLP,XLI,XLF,XLB,XLK,XLE,XLY,XLV,XLU,1478
XLF,XLY,XLV,XLE,XLK,XLB,XLU,XLI,XLP,1479
XLP,XLE,XLU,XLK,XLV,XLY,XLF,XLI,XLB,1480
XLI,XLV,XLB,XLF,XLK,XLP,XLU,XLE,XLY,1481
XLV,XLE,XLB,XLK,XLF,XLP,XLI,XLU,XLY,1482
XLV,XLY,XLB,XLK,XLF,XLP,XLE,XLU,XLI,1483
XLK,XLE,XLY,XLU,XLB,XLV,XLP,XLI,XLF,1484
XLP,XLY,XLV,XLK,XLE,XLB,XLU,XLF,XLI,1485
XLE,XLU,XLY,XLK,XLV,XLP,XLI,XLF,XLB,1486
XLF,XLV,XLK,XLI,XLU,XLY,XLE,XLB,XLP,1487
XLK,XLU,XLE,XLV,XLB,XLF,XLP,XLI,XLY,1488
XLY,XLU,XLB,XLK,XLP,XLI,XLF,XLE,XLV,1489
XLI,XLB,XLE,XLP,XLU,XLV,XLK,XLF,XLY,1490
XLV,XLY,XLI,XLP,XLE,XLB,XLK,XLF,XLU,1491
XLV,XLY,XLB,XLU,XLK,XLP,XLE,XLI,XLF,1492
XLB,XLU,XLE,XLF,XLY,XLK,XLV,XLI,XLP,1493
XLP,XLV,XLK,XLB,XLI,XLU,XLY,XLF,XLE,1494
XLP,XLY,XLB,XLU,XLV,XLE,XLK,XLI,XLF,1495
XLE,XLF,XLV,XLY,XLB,XLP,XLI,XLK,XLU,1496
XLF,XLY,XLV,XLU,XLI,XLB,XLK,XLP,XLE,1497
XLK,XLB,XLF,XLP,XLU,XLI,XLY,XLV,XLE,1498
XLY,XLF,XLV,XLU,XLE,XLI,XLP,XLK,XLB,1499
XLE,XLF,XLI,XLP,XLK,XLY,XLB,XLU,XLV,1500
XLP,XLE,XLV,XLI,XLK,XLY,XLB,XLF,XLU,1501
XLE,XLV,XLB,XLI,XLU,XLF,XLP,XLY,XLK,1502
XLB,XLF,XLU,XLE,XLV,XLK,XLY,XLP,XLI,1503
XLB,XLE,XLI,XLY,XLF,XLK,XLU,XLV,XLP,1504
XLI,XLV,XLU,XLF,XLK,XLB,XLP,XLY,XLE,1505
XLB,XLF,XLU,XLV,XLK,XLI,XLP,XLY,XLE,1506
XLV,XLE,XLY,XLF,XLB,XLU,XLP,XLI,XLK,1507
XLK,XLF,XLY,XLP,XLB,XLE,XLU,XLI,XLV,1508
XLK,XLI,XLB,XLF,XLV,XLY,XLE,XLP,XLU,1509
XLY,XLV,XLI,XLE,XLU,XLK,XLB,XLF,XLP,1510
XLK,XLI,XLF,XLY,XLP,XLU,XLB,XLV,XLE,1511
XLK,XLV,XLP,XLU,XLI,XLF,XLY,XLB,XLE,1512
XLF,XLU,XLI,XLK,XLB,XLY,XLE,XLV,XLP,1513
XLU,XLY,XLB,XLE,XLF,XLI,XLK,XLV,XLP,1514
XLF,XLE,XLB,XLU,XLV,XLP,XLI,XLK,XLY,1515
XLF,XLB,XLV,XLE,XLP,XLI,XLY,XLU,XLK,1516
XLY,XLE,XLP,XLF,XLI,XLB,XLU,XLK,XLV,1517
XLV,XLY,XLF,XLU,XLK,XLI,XLP,XLE,XLB,1518
XLK,XLF,XLV,XLB,XLY,XLE,XLI,XLP,XLU,1519
XLE,XLI,XLF,XLU,XLV,XLB,XLK,XLY,XLP,1520
XLI,XLP,XLK,XLY,XLF,XLB,XLU,XLE,XLV,1521
XLE,XLB,XLV,XLY,XLK,XLI,XLF,XLP,XLU,1522
XLU,XLI,XLV,XLF,XLY,XLP,XLE,XLK,XLB,1523
XLI,XLU,XLP,XLK,XLB,XLE,XLF,XLY,XLV,1524
XLY,XLU,XLP,XLF,XLE,XLB,XLI,XLK,XLV,1525
XLU,XLK,XLV,XLB,XLI,XLY,XLE,XLP,XLF,1526
XLF,XLU,XLK,XLP,XLE,XLI,XLB,XLV,XLY,1527
XLP,XLI,XLF,XLK,XLV,XLE,XLY,XLB,XLU,1528
XLI,XLY,XLF,XLB,XLV,XLK,XLE,XLU,XLP,1529
XLV,XLI,XLU,XLY,XLP,XLE,XLB,XLF,XLK,1530
XLV,XLF,XLP,XLY,XLU,XLK,XLB,XLI,XLE,1531
XLP,XLK,XLE,XLV,XLI,XLB,XLU,XLY,XLF,1532
XLK,XLE,XLV,XLB,XLF,XLU,XLI,XLP,XLY,1533
XLV,XLY,XLB,XLK,XLP,XLF,XLI,XLE,XLU,1534
XLF,XLV,XLY,XLU,XLI,XLK,XLB,XLP,XLE,1535
XLV,XLB,XLI,XLP,XLY,XLE,XLU,XLF,XLK,1536
XLP,XLV,XLU,XLE,XLY,XLB,XLK,XLF,XLI,1537
XLV,XLF,XLI,XLP,XLE,XLU,XLK,XLY,XLB,1538
XLK,XLP,XLI,XLV,XLE,XLF,XLB,XLY,XLU,1539
XLV,XLY,XLB,XLP,XLU,XLE,XLK,XLI,XLF,1540
XLB,XLI,XLU,XLV,XLF,XLK,XLY,XLE,XLP,1541
XLE,XLB,XLI,XLY,XLV,XLP,XLF,XLU,XLK,1542
XLI,XLV,XLP,XLU,XLK,XLB,XLF,XLY,XLE,1543
XLE,XLB,XLK,XLU,XLF,XLV,XLP,XLI,XLY,1544
XLP,XLK,XLU,XLF,XLI,XLY,XLV,XLE,XLB,1545
XLE,XLF,XLU,XLY,XLK,XLI,XLV,XLB,XLP,1546
XLP,XLI,XLF,XLU,XLK,XLE,XLB,XLV,XLY,1547
XLI,XLY,XLP,XLB,XLU,XLV,XLF,XLK,XLE,1548
XLP,XLK,XLI,XLB,XLY,XLE,XLF,XLU,XLV,1549
XLK,XLB,XLV,XLF,XLE,XLI,XLP,XLU,XLY,1550
XLY,XLP,XLE,XLV,XLB,XLF,XLU,XLI,XLK,1551
XLY,XLF,XLU,XLP,XLE,XLI,XLK,XLB,XLV,1552
XLY,XLP,XLI,XLK,XLV,XLF,XLB,XLU,XLE,1553
XLF,XLY,XLP,XLU,XLE,XLK,XLB,XLV,XLI,1554
XLF,XLP,XLB,XLY,XLE,XLI,XLK,XLU,XLV,1555
XLV,XLU,XLY,XLI,XLP,XLF,XLE,XLB,XLK,1556
XLY,XLB,XLE,XLF,XLV,XLU,XLP,XLK,XLI,1557
XLB,XLY,XLP,XLK,XLI,XLV,XLE,XLU,XLF,1558
XLV,XLU,XLF,XLI,XLE,XLY,XLK,XLB,XLP,1559
XLE,XLK,XLI,XLB,XLF,XLY,XLP,XLU,XLV,1560
XLV,XLU,XLY,XLF,XLI,XLB,XLK,XLP,XLE,1561
XLY,XLF,XLI,XLP,XLU,XLV,XLE,XLK,XLB,1562
XLV,XLE,XLK,XLP,XLY,XLF,XLI,XLU,XLB,1563
XLF,XLP,XLK,XLV,XLI,XLE,XLY,XLU,XLB,1564
XLK,XLY,XLI,XLB,XLU,XLF,XLE,XLV,XLP,1565
XLP,XLB,XLE,XLU,XLY,XLK,XLI,XLF,XLV,1566
XLY,XLE,XLK,XLU,XLF,XLI,XLP,XLV,XLB,1567
XLV,XLE,XLK,XLP,XLB,XLU,XLY,XLI,XLF,1568
XLE,XLY,XLU,XLF,XLP,XLB,XLV,XLK,XLI,1569
XLF,XLP,XLV,XLU,XLE,XLB,XLI,XLK,XLY,1570
XLK,XLI,XLP,XLE,XLU,XLV,XLB,XLF,XLY,1571
XLE,XLY,XLB,XLU,XLK,XLF,XLP,XLV,XLI,1572
XLY,XLP,XLE,XLK,XLV,XLU,XLB,XLI,XLF,1573
XLE,XLV,XLB,XLU,XLY,XLI,XLF,XLP,XLK,1574
XLE,XLB,XLK,XLV,XLP,XLI,XLY,XLF,XLU,1575
XLB,XLP,XLV,XLF,XLI,XLE,XLK,XLU,XLY,1576
XLU,XLI,XLB,XLY,XLK,XLE,XLP,XLF,XLV,1577
XLV,XLU,XLB,XLK,XLE,XLP,XLF,XLI,XLY,1578
XLF,XLI,XLU,XLB,XLY,XLK,XLE,XLV,XLP,1579
XLE,XLU,XLI,XLB,XLY,XLV,XLK,XLF,XLP,1580
XLU,XLF,XLV,XLP,XLK,XLB,XLE,XLY,XLI,1581
XLF,XLV,XLI,XLE,XLY,XLB,XLP,XLK,XLU,1582
XLB,XLY,XLI,XLK,XLE,XLP,XLU,XLV,XLF,1583
XLB,XLI,XLE,XLY,XLV,XLK,XLF,XLU,XLP,1584
XLB,XLK,XLF,XLY,XLV,XLE,XLU,XLI,XLP,1585
XLU,XLK,XLP,XLY,XLV,XLB,XLF,XLE,XLI,1586
XLP,XLV,XLU,XLK,XLY,XLE,XLF,XLI,XLB,1587
XLI,XLY,XLK,XLU,XLB,XLV,XLP,XLE,XLF,1588
XLE,XLF,XLP,XLV,XLK,XLU,XLY,XLB,XLI,1589
XLY,XLP,XLV,XLI,XLF,XLB,XLU,XLE,XLK,1590
XLP,XLB,XLU,XLF,XLV,XLK,XLY,XLI,XLE,1591
XLI,XLY,XLK,XLB,XLE,XLP,XLU,XLV,XLF,1592
XLF,XLU,XLP,XLV,XLB,XLY,XLI,XLE,XLK,1593
XLF,XLK,XLY,XLV,XLI,XLE,XLP,XLB,XLU,1594
XLB,XLV,XLK,XLI,XLY,XLP,XLF,XLE,XLU,1595
XLB,XLK,XLI,XLU,XLV,XLF,XLY,XLE,XLP,1596
XLF,XLB,XLY,XLK,XLE,XLV,XLP,XLU,XLI,1597
XLK,XLB,XLE,XLI,XLY,XLP,XLU,XLV,XLF,1598
XLE,XLU,XLB,XLV,XLK,XLY,XLP,XLF,XLI,1599
XLI,XLF,XLV,XLU,XLB,XLP,XLY,XLK,XLE,1600
XLP,XLB,XLF,XLI,XLV,XLY,XLK,XLU,XLE,1601
XLE,XLV,XLB,XLU,XLP,XLI,XLK,XLY,XLF,1602
XLB,XLI,XLV,XLP,XLY,XLK,XLF,XLU,XLE,1603
XLE,XLU,XLV,XLF,XLB,XLY,XLK,XLI,XLP,1604
XLY,XLU,XLF,XLB,XLE,XLV,XLP,XLK,XLI,1605
XLF,XLU,XLK,XLB,XLE,XLI,XLP,XLV,XLY,1606
XLP,XLK,XLF,XLB,XLU,XLV,XLE,XLI,XLY,1607
XLE,XLY,XLU,XLP,XLV,XLI,XLF,XLB,XLK,1608
XLV,XLY,XLI,XLP,XLF,XLE,XLU,XLB,XLK,1609
XLB,XLU,XLP,XLK,XLE,XLI,XLV,XLF,XLY,1610
XLI,XLE,XLF,XLY,XLK,XLP,XLV,XLB,XLU,1611
XLE,XLF,XLK,XLU,XLY,XLB,XLP,XLI,XLV,1612
XLE,XLP,XLV,XLY,XLK,XLF,XLU,XLB,XLI,1613
XLF,XLU,XLP,XLV,XLK,XLY,XLB,XLI,XLE,1614
XLY,XLU,XLV,XLF,XLE,XLB,XLI,XLP,XLK,1615
XLB,XLI,XLV,XLK,XLY,XLP,XLE,XLF,XLU,1616
XLY,XLE,XLB,XLF,XLU,XLI,XLP,XLV,XLK,1617
XLY,XLV,XLK,XLF,XLP,XLI,XLU,XLB,XLE,1618
XLB,XLU,XLY,XLE,XLV,XLK,XLI,XLP,XLF,1619
XLV,XLF,XLP,XLY,XLB,XLI,XLE,XLU,XLK,1620
XLI,XLV,XLE,XLF,XLK,XLP,XLY,XLU,XLB,1621
XLI,XLV,XLB,XLU,XLY,XLP,XLF,XLK,XLE,1622
XLK,XLF,XLV,XLU,XLY,XLI,XLE,XLP,XLB,1623
XLP,XLK,XLY,XLV,XLF,XLE,XLI,XLU,XLB,1624
XLB,XLE,XLV,XLY,XLK,XLP,XLF,XLU,XLI,1625
XLF,XLV,XLB,XLU,XLE,XLK,XLI,XLP,XLY,1626
XLE,XLB,XLK,XLU,XLP,XLY,XLV,XLF,XLI,1627
XLU,XLB,XLK,XLV,XLY,XLI,XLP,XLE,XLF,1628
XLY,XLI,XLP,XLU,XLB,XLF,XLK,XLV,XLE,1629
XLF,XLE,XLU,XLP,XLY,XLK,XLI,XLB,XLV,1630
XLP,XLV,XLF,XLB,XLE,XLU,XLK,XLY,XLI,1631
XLY,XLK,XLI,XLP,XLE,XLU,XLF,XLV,XLB,1632
XLY,XLK,XLF,XLE,XLI,XLB,XLP,XLV,XLU,1633
XLE,XLP,XLI,XLB,XLK,XLF,XLY,XLU,XLV,1634
XLF,XLE,XLU,XLV,XLB,XLK,XLP,XLI,XLY,1635
XLF,XLB,XLV,XLU,XLI,XLE,XLY,XLP,XLK,1636
XLY,XLK,XLU,XLE,XLV,XLP,XLI,XLB,XLF,1637
XLK,XLE,XLB,XLY,XLF,XLI,XLV,XLP,XLU,1638
XLE,XLI,XLU,XLK,XLY,XLV,XLB,XLP,XLF,1639
XLU,XLI,XLY,XLK,XLV,XLP,XLF,XLE,XLB,1640
XLF,XLY,XLV,XLE,XLI,XLB,XLK,XLP,XLU,1641
XLI,XLY,XLU,XLE,XLV,XLF,XLP,XLB,XLK,1642
XLE,XLP,XLV,XLU,XLB,XLF,XLY,XLK,XLI,1643
XLK,XLY,XLI,XLE,XLB,XLU,XLP,XLF,XLV,1644
XLK,XLP,XLI,XLE,XLV,XLU,XLF,XLB,XLY,1645
XLP,XLI,XLU,XLY,XLF,XLB,XLK,XLV,XLE,1646
XLF,XLP,XLK,XLI,XLU,XLV,XLE,XLB,XLY,1647
XLV,XLB,XLP,XLU,XLF,XLI,XLY,XLE,XLK,1648
XLK,XLV,XLF,XLY,XLE,XLB,XLP,XLI,XLU,1649
XLU,XLY,XLI,XLB,XLV,XLE,XLP,XLK,XLF,1650
XLV,XLB,XLF,XLI,XLY,XLK,XLU,XLE,XLP,1651
XLV,XLE,XLI,XLY,XLK,XLU,XLB,XLP,XLF,1652
XLE,XLY,XLV,XLF,XLI,XLB,XLK,XLP,XLU,1653
XLI,XLU,XLV,XLE,XLP,XLB,XLK,XLF,XLY,1654
XLV,XLP,XLE,XLY,XLU,XLI,XLF,XLB,XLK,1655
XLB,XLV,XLE,XLP,XLF,XLU,XLK,XLY,XLI,1656
XLU,XLP,XLI,XLB,XLY,XLE,XLF,XLK,XLV,1657
XLE,XLI,XLP,XLB,XLV,XLU,XLF,XLY,XLK,1658
XLE,XLF,XLB,XLV,XLY,XLP,XLK,XLI,XLU,1659
XLB,XLY,XLF,XLP,XLI,XLU,XLK,XLE,XLV,1660
XLK,XLE,XLV,XLP,XLB,XLF,XLI,XLY,XLU,1661
XLE,XLV,XLB,XLK,XLF,XLI,XLY,XLP,XLU,1662
XLE,XLB,XLV,XLK,XLP,XLY,XLU,XLI,XLF,1663
XLK,XLV,XLU,XLF,XLI,XLB,XLE,XLP,XLY,1664
XLK,XLY,XLI,XLE,XLB,XLF,XLV,XLU,XLP,1665
XLK,XLI,XLF,XLY,XLE,XLU,XLP,XLV,XLB,1666
XLP,XLI,XLE,XLY,XLB,XLU,XLV,XLK,XLF,1667
XLU,XLV,XLI,XLE,XLP,XLB,XLF,XLK,XLY,1668
XLI,XLF,XLY,XLK,XLB,XLP,XLE,XLU,XLV,1669
XLK,XLV,XLU,XLY,XLB,XLF,XLI,XLP,XLE,1670
XLK,XLI,XLV,XLP,XLB,XLU,XLY,XLE,XLF,1671
XLU,XLY,XLI,XLK,XLB,XLF,XLP,XLV,XLE,1672
XLV,XLK,XLF,XLP,XLI,XLU,XLY,XLE,XLB,1673
XLY,XLU,XLB,XLK,XLE,XLV,XLF,XLI,XLP,1674
XLB,XLK,XLI,XLY,XLP,XLU,XLF,XLE,XLV,1675
XLE,XLI,XLF,XLP,XLK,XLB,XLV,XLY,XLU,1676
XLK,XLU,XLE,XLV,XLY,XLB,XLP,XLF,XLI,1677
XLE,XLY,XLU,XLK,XLF,XLV,XLI,XLP,XLB,1678
XLI,XLY,XLB,XLK,XLV,XLP,XLE,XLU,XLF,1679
XLP,XLB,XLV,XLU,XLY,XLE,XLK,XLF,XLI,1680
XLE,XLU,XLB,XLP,XLY,XLI,XLF,XLK,XLV,1681
XLV,XLB,XLI,XLF,XLE,XLK,XLU,XLP,XLY,1682
XLU,XLE,XLI,XLP,XLK,XLF,XLB,XLY,XLV,1683
XLP,XLI,XLU,XLK,XLV,XLF,XLY,XLB,XLE,1684
XLE,XLF,XLI,XLY,XLP,XLV,XLB,XLK,XLU,1685
XLP,XLU,XLF,XLE,XLY,XLB,XLI,XLV,XLK,1686
XLK,XLY,XLB,XLV,XLU,XLF,XLP,XLI,XLE,1687
XLE,XLK,XLI,XLY,XLP,XLV,XLU,XLB,XLF,1688
XLE,XLY,XLV,XLU,XLB,XLP,XLK,XLF,XLI,1689
XLY,XLF,XLU,XLP,XLI,XLE,XLK,XLV,XLB,1690
XLY,XLE,XLU,XLB,XLP,XLF,XLV,XLK,XLI,1691
XLP,XLU,XLY,XLV,XLI,XLF,XLK,XLE,XLB,1692
XLI,XLV,XLE,XLK,XLY,XLU,XLB,XLF,XLP,1693
XLK,XLE,XLF,XLB,XLY,XLU,XLI,XLP,XLV,1694
XLV,XLI,XLE,XLF,XLK,XLP,XLB,XLU,XLY,1695
XLE,XLP,XLI,XLV,XLF,XLB,XLK,XLY,XLU,1696
XLI,XLK,XLF,XLY,XLU,XLB,XLE,XLV,XLP,1697
XLB,XLI,XLP,XLE,XLF,XLY,XLK,XLV,XLU,1698
XLI,XLK,XLF,XLP,XLY,XLV,XLU,XLB,XLE,1699
XLV,XLF,XLK,XLI,XLB,XLU,XLY,XLP,XLE,1700
XLF,XLU,XLK,XLB,XLE,XLP,XLV,XLY,XLI,1701
XLE,XLB,XLU,XLV,XLK,XLI,XLY,XLP,XLF,1702
XLU,XLV,XLI,XLY,XLF,XLP,XLB,XLK,XLE,1703
XLY,XLI,XLF,XLK,XLE,XLV,XLP,XLB,XLU,1704
XLB,XLV,XLF,XLP,XLK,XLI,XLU,XLE,XLY,1705
XLI,XLB,XLE,XLF,XLP,XLV,XLU,XLY,XLK,1706
XLF,XLK,XLB,XLE,XLV,XLI,XLU,XLP,XLY,1707
XLV,XLI,XLE,XLB,XLY,XLK,XLU,XLP,XLF,1708
XLV,XLK,XLE,XLI,XLF,XLY,XLB,XLP,XLU,1709
XLK,XLB,XLU,XLI,XLP,XLY,XLF,XLV,XLE,1710
XLE,XLV,XLU,XLI,XLF,XLB,XLK,XLY,XLP,1711
XLU,XLK,XLP,XLF,XLV,XLB,XLE,XLI,XLY,1712
XLK,XLF,XLU,XLB,XLP,XLI,XLY,XLV,XLE,1713
XLB,XLV,XLU,XLE,XLP,XLY,XLK,XLI,XLF,1714
XLY,XLP,XLV,XLE,XLB,XLU,XLK,XLF,XLI,1715
XLK,XLP,XLB,XLU,XLV,XLF,XLI,XLY,XLE,1716
XLB,XLV,XLY,XLP,XLI,XLK,XLF,XLU,XLE,1717
XLU,XLV,XLB,XLY,XLK,XLI,XLP,XLE,XLF,1718
XLE,XLP,XLI,XLK,XLV,XLF,XLU,XLB,XLY,1719
XLY,XLB,XLI,XLK,XLP,XLV,XLF,XLU,XLE,1720
XLP,XLY,XLF,XLB,XLI,XLV,XLU,XLE,XLK,1721
XLE,XLV,XLP,XLI,XLB,XLY,XLU,XLF,XLK,1722
XLK,XLU,XLP,XLI,XLV,XLB,XLE,XLY,XLF,1723
XLV,XLP,XLU,XLB,XLY,XLI,XLF,XLE,XLK,1724
XLY,XLK,XLI,XLB,XLU,XLE,XLP,XLV,XLF,1725
XLK,XLP,XLY,XLU,XLF,XLE,XLB,XLI,XLV,1726
XLF,XLV,XLB,XLY,XLP,XLK,XLE,XLU,XLI,1727
XLP,XLI,XLY,XLK,XLB,XLU,XLV,XLE,XLF,1728
XLU,XLK,XLV,XLB,XLY,XLE,XLF,XLI,XLP,1729
XLP,XLY,XLE,XLI,XLK,XLV,XLF,XLU,XLB,1730
XLV,XLK,XLU,XLI,XLF,XLP,XLB,XLY,XLE,1731
XLU,XLI,XLE,XLK,XLV,XLB,XLF,XLY,XLP,1732
XLB,XLF,XLY,XLU,XLE,XLK,XLI,XLV,XLP,1733
XLP,XLU,XLE,XLK,XLB,XLY,XLI,XLF,XLV,1734
XLK,XLB,XLP,XLE,XLV,XLU,XLF,XLI,XLY,1735
XLY,XLU,XLK,XLV,XLP,XLB,XLF,XLE,XLI,1736
XLP,XLY,XLV,XLK,XLI,XLU,XLB,XLE,XLF,1737
XLY,XLB,XLK,XLI,XLE,XLU,XLV,XLP,XLF,1738
XLP,XLE,XLU,XLK,XLB,XLV,XLY,XLI,XLF,1739
XLI,XLF,XLY,XLB,XLU,XLV,XLE,XLK,XLP,1740
XLV,XLU,XLY,XLK,XLB,XLI,XLE,XLF,XLP,1741
XLB,XLP,XLF,XLE,XLU,XLI,XLV,XLK,XLY,1742
XLB,XLY,XLP,XLK,XLI,XLF,XLV,XLE,XLU,1743
XLI,XLP,XLU,XLK,XLF,XLV,XLE,XLY,XLB,1744
XLF,XLV,XLY,XLB,XLE,XLU,XLK,XLI,XLP,1745
XLP,XLB,XLK,XLV,XLF,XLI,XLU,XLE,XLY,1746
XLP,XLE,XLB,XLK,XLV,XLF,XLI,XLU,XLY,1747
XLK,XLP,XLI,XLF,XLE,XLY,XLB,XLV,XLU,1748
XLE,XLU,XLK,XLP,XLI,XLF,XLY,XLB,XLV,1749
XLY,XLK,XLU,XLP,XLI,XLE,XLV,XLB,XLF,1750
XLF,XLU,XLK,XLP,XLE,XLV,XLI,XLY,XLB,1751
XLU,XLF,XLP,XLK,XLV,XLY,XLE,XLI,XLB,1752
XLE,XLK,XLP,XLI,XLY,XLV,XLU,XLF,XLB,1753
XLU,XLF,XLE,XLV,XLB,XLP,XLY,XLI,XLK,1754
XLB,XLY,XLE,XLF,XLP,XLK,XLI,XLV,XLU,1755
XLI,XLF,XLV,XLY,XLE,XLB,XLK,XLP,XLU,1756
XLB,XLF,XLI,XLP,XLV,XLU,XLY,XLK,XLE,1757
XLY,XLI,XLU,XLE,XLF,XLB,XLV,XLP,XLK,1758
XLE,XLK,XLP,XLY,XLF,XLV,XLB,XLI,XLU,1759
XLY,XLV,XLF,XLK,XLE,XLB,XLI,XLP,XLU,1760
XLU,XLE,XLY,XLF,XLK,XLV,XLI,XLP,XLB,1761
XLK,XLB,XLI,XLY,XLF,XLV,XLU,XLP,XLE,1762
XLF,XLI,XLV,XLY,XLK,XLE,XLP,XLB,XLU,1763
XLK,XLP,XLF,XLE,XLB,XLY,XLU,XLV,XLI,1764
XLK,XLP,XLF,XLY,XLI,XLB,XLV,XLU,XLE,1765
XLU,XLB,XLF,XLY,XLK,XLE,XLP,XLV,XLI,1766
XLY,XLK,XLB,XLF,XLP,XLV,XLI,XLU,XLE,1767
XLE,XLP,XLI,XLU,XLY,XLK,XLV,XLB,XLF,1768
XLI,XLE,XLY,XLP,XLF,XLB,XLU,XLV,XLK,1769
XLE,XLK,XLY,XLU,XLB,XLF,XLV,XLP,XLI,1770
XLY,XLE,XLP,XLU,XLB,XLV,XLF,XLK,XLI,1771
XLF,XLP,XLY,XLB,XLE,XLU,XLV,XLI,XLK,1772
XLI,XLE,XLF,XLB,XLP,XLV,XLK,XLU,XLY,1773
XLK,XLF,XLY,XLV,XLP,XLE,XLB,XLI,XLU,1774
XLE,XLP,XLV,XLY,XLI,XLB,XLK,XLU,XLF,1775
XLU,XLE,XLI,XLB,XLY,XLK,XLV,XLF,XLP,1776
XLB,XLI,XLE,XLY,XLF,XLK,XLU,XLV,XLP,1777
XLU,XLE,XLP,XLF,XLV,XLB,XLI,XLY,XLK,1778
XLI,XLV,XLF,XLP,XLU,XLE,XLB,XLY,XLK,1779
XLE,XLU,XLY,XLI,XLP,XLV,XLB,XLF,XLK,1780
XLP,XLU,XLF,XLV,XLB,XLY,XLI,XLK,XLE,1781
XLY,XLF,XLB,XLE,XLV,XLI,XLU,XLP,XLK,1782
XLV,XLB,XLY,XLU,XLI,XLP,XLK,XLE,XLF,1783
XLK,XLE,XLF,XLV,XLY,XLB,XLU,XLP,XLI,1784
XLK,XLV,XLP,XLI,XLE,XLF,XLU,XLB,XLY,1785
XLI,XLP,XLK,XLY,XLU,XLB,XLE,XLF,XLV,1786
XLB,XLP,XLK,XLI,XLE,XLU,XLF,XLY,XLV,1787
XLP,XLE,XLI,XLK,XLY,XLF,XLU,XLB,XLV,1788
XLI,XLK,XLB,XLE,XLU,XLF,XLP,XLV,XLY,1789
XLY,XLK,XLF,XLU,XLB,XLV,XLP,XLI,XLE,1790
XLY,XLU,XLB,XLE,XLI,XLF,XLP,XLV,XLK,1791
XLE,XLF,XLU,XLY,XLB,XLK,XLI,XLP,XLV,1792
XLI,XLP,XLF,XLB,XLY,XLK,XLV,XLE,XLU,1793
XLF,XLU,XLK,XLY,XLV,XLE,XLI,XLP,XLB,1794
XLV,XLU,XLE,XLP,XLF,XLK,XLI,XLB,XLY,1795
XLK,XLE,XLV,XLF,XLI,XLU,XLP,XLY,XLB,1796
XLK,XLB,XLY,XLF,XLE,XLP,XLI,XLU,XLV,1797
XLU,XLE,XLP,XLI,XLV,XLY,XLK,XLB,XLF,1798
XLU,XLB,XLV,XLE,XLK,XLI,XLY,XLP,XLF,1799
XLY,XLV,XLI,XLF,XLE,XLU,XLB,XLK,XLP,1800
XLU,XLK,XLI,XLV,XLE,XLP,XLY,XLB,XLF,1801
XLY,XLE,XLP,XLV,XLI,XLB,XLF,XLK,XLU,1802
XLI,XLV,XLF,XLY,XLB,XLK,XLU,XLP,XLE,1803
XLB,XLV,XLY,XLF,XLU,XLI,XLE,XLK,XLP,1804
XLU,XLI,XLE,XLP,XLY,XLB,XLV,XLF,XLK,1805
XLK,XLE,XLF,XLV,XLB,XLI,XLU,XLP,XLY,1806
XLI,XLP,XLY,XLV,XLF,XLU,XLB,XLK,XLE,1807
XLK,XLB,XLI,XLF,XLY,XLP,XLE,XLV,XLU,1808
XLI,XLV,XLB,XLF,XLE,XLY,XLP,XLK,XLU,1809
XLE,XLB,XLV,XLK,XLP,XLY,XLF,XLI,XLU,1810
XLU,XLB,XLV,XLP,XLY,XLF,XLE,XLK,XLI,1811
XLI,XLK,XLU,XLV,XLP,XLE,XLB,XLY,XLF,1812
XLE,XLF,XLY,XLB,XLU,XLV,XLI,XLP,XLK,1813
XLI,XLB,XLF,XLU,XLP,XLE,XLY,XLV,XLK,1814
XLU,XLP,XLI,XLF,XLK,XLY,XLV,XLB,XLE,1815
XLP,XLB,XLU,XLI,XLV,XLY,XLF,XLE,XLK,1816
XLY,XLI,XLF,XLU,XLE,XLK,XLV,XLB,XLP,1817
XLP,XLY,XLK,XLF,XLI,XLU,XLV,XLE,XLB,1818
XLV,XLY,XLU,XLI,XLK,XLE,XLF,XLP,XLB,1819
XLP,XLV,XLE,XLK,XLI,XLF,XLB,XLY,XLU,1820
XLY,XLI,XLK,XLF,XLP,XLB,XLV,XLE,XLU,1821
XLB,XLF,XLP,XLV,XLE,XLY,XLU,XLI,XLK,1822
XLV,XLI,XLB,XLF,XLP,XLE,XLU,XLY,XLK,1823
XLF,XLK,XLU,XLB,XLE,XLY,XLV,XLP,XLI,1824
XLK,XLE,XLU,XLB,XLV,XLY,XLI,XLF,XLP,1825
XLU,XLV,XLE,XLI,XLY,XLP,XLF,XLK,XLB,1826
XLP,XLV,XLF,XLK,XLI,XLB,XLE,XLY,XLU,1827
XLP,XLB,XLV,XLI,XLU,XLY,XLE,XLK,XLF,1828
XLB,XLI,XLP,XLK,XLY,XLU,XLV,XLE,XLF,1829
XLK,XLV,XLF,XLP,XLY,XLI,XLU,XLB,XLE,1830
XLV,XLB,XLK,XLY,XLU,XLE,XLI,XLF,XLP,1831
XLK,XLE,XLU,XLI,XLP,XLF,XLV,XLB,XLY,1832
XLV,XLE,XLB,XLP,XLY,XLU,XLI,XLF,XLK,1833
XLU,XLV,XLI,XLE,XLP,XLY,XLB,XLF,XLK,1834
XLK,XLV,XLI,XLY,XLP,XLB,XLF,XLU,XLE,1835
XLU,XLB,XLF,XLV,XLY,XLE,XLI,XLP,XLK,1836
XLY,XLV,XLP,XLK,XLF,XLU,XLI,XLB,XLE,1837
XLB,XLU,XLV,XLF,XLP,XLE,XLY,XLK,XLI,1838
XLY,XLK,XLF,XLI,XLU,XLV,XLB,XLP,XLE,1839
XLP,XLE,XLY,XLU,XLB,XLI,XLK,XLF,XLV,1840
XLK,XLI,XLV,XLF,XLY,XLP,XLB,XLE,XLU,1841
XLE,XLV,XLB,XLK,XLU,XLY,XLF,XLP,XLI,1842
XLI,XLF,XLB,XLK,XLV,XLP,XLE,XLY,XLU,1843
XLY,XLU,XLP,XLK,XLB,XLF,XLE,XLV,XLI,1844
XLY,XLV,XLK,XLP,XLU,XLF,XLI,XLE,XLB,1845
XLY,XLE,XLF,XLP,XLB,XLU,XLK,XLV,XLI,1846
XLY,XLF,XLU,XLP,XLI,XLE,XLK,XLB,XLV,1847
XLY,XLF,XLE,XLU,XLP,XLV,XLK,XLB,XLI,1848
XLK,XLY,XLV,XLU,XLF,XLB,XLP,XLI,XLE,1849
XLK,XLB,XLP,XLF,XLI,XLY,XLU,XLE,XLV,1850
XLK,XLE,XLU,XLI,XLF,XLY,XLB,XLP,XLV,1851
XLV,XLK,XLP,XLU,XLY,XLB,XLI,XLE,XLF,1852
XLP,XLF,XLK,XLE,XLV,XLY,XLB,XLI,XLU,1853
XLI,XLB,XLK,XLY,XLP,XLU,XLE,XLV,XLF,1854
XLP,XLY,XLI,XLB,XLE,XLV,XLK,XLF,XLU,1855
XLK,XLB,XLV,XLU,XLY,XLE,XLF,XLP,XLI,1856
XLU,XLP,XLE,XLI,XLK,XLV,XLF,XLY,XLB,1857
XLV,XLP,XLU,XLK,XLE,XLI,XLF,XLY,XLB,1858
XLI,XLK,XLF,XLY,XLP,XLE,XLU,XLV,XLB,1859
XLB,XLU,XLF,XLV,XLI,XLY,XLK,XLP,XLE,1860
XLI,XLY,XLU,XLP,XLB,XLF,XLE,XLV,XLK,1861
XLU,XLF,XLB,XLK,XLI,XLE,XLP,XLY,XLV,1862
XLB,XLI,XLE,XLK,XLU,XLV,XLP,XLY,XLF,1863
XLK,XLY,XLV,XLE,XLB,XLF,XLP,XLI,XLU,1864
XLI,XLE,XLP,XLB,XLK,XLU,XLV,XLF,XLY,1865
XLB,XLI,XLV,XLY,XLK,XLU,XLP,XLF,XLE,1866
XLV,XLK,XLF,XLE,XLY,XLB,XLI,XLP,XLU,1867
XLB,XLY,XLV,XLK,XLF,XLE,XLU,XLI,XLP,1868
XLE,XLI,XLV,XLB,XLU,XLY,XLP,XLK,XLF,1869
XLI,XLY,XLK,XLU,XLP,XLF,XLB,XLE,XLV,1870
XLY,XLK,XLI,XLP,XLB,XLU,XLE,XLV,XLF,1871
XLU,XLF,XLP,XLK,XLB,XLE,XLV,XLI,XLY,1872
XLV,XLF,XLI,XLP,XLY,XLU,XLB,XLK,XLE,1873
XLF,XLV,XLK,XLI,XLU,XLY,XLE,XLP,XLB,1874
XLU,XLV,XLY,XLF,XLI,XLE,XLP,XLK,XLB,1875
XLY,XLB,XLI,XLU,XLF,XLK,XLE,XLV,XLP,1876
XLF,XLP,XLY,XLK,XLE,XLI,XLB,XLV,XLU,1877
XLP,XLY,XLE,XLI,XLU,XLK,XLF,XLV,XLB,1878
XLU,XLP,XLY,XLF,XLV,XLI,XLE,XLK,XLB,1879
XLB,XLI,XLP,XLY,XLK,XLE,XLV,XLU,XLF,1880
XLV,XLK,XLP,XLY,XLB,XLU,XLE,XLF,XLI,1881
XLF,XLK,XLV,XLU,XLE,XLY,XLI,XLP,XLB,1882
XLP,XLV,XLE,XLU,XLY,XLI,XLK,XLB,XLF,1883
XLV,XLB,XLY,XLF,XLP,XLU,XLE,XLI,XLK,1884
XLI,XLB,XLF,XLE,XLY,XLV,XLK,XLU,XLP,1885
XLI,XLB,XLY,XLF,XLK,XLP,XLV,XLU,XLE,1886
XLV,XLK,XLF,XLI,XLE,XLY,XLP,XLB,XLU,1887
XLI,XLY,XLP,XLE,XLK,XLF,XLU,XLV,XLB,1888
XLE,XLU,XLY,XLV,XLB,XLI,XLK,XLP,XLF,1889
XLE,XLK,XLP,XLY,XLV,XLI,XLB,XLU,XLF,1890
XLE,XLV,XLU,XLF,XLB,XLP,XLK,XLY,XLI,1891
XLE,XLU,XLK,XLV,XLI,XLY,XLF,XLP,XLB,1892
XLK,XLP,XLU,XLY,XLB,XLI,XLV,XLE,XLF,1893
XLF,XLI,XLE,XLV,XLU,XLY,XLK,XLB,XLP,1894
XLY,XLB,XLV,XLU,XLI,XLP,XLF,XLE,XLK,1895
XLB,XLU,XLI,XLF,XLV,XLY,XLK,XLE,XLP,1896
XLE,XLB,XLP,XLU,XLI,XLV,XLY,XLK,XLF,1897
XLI,XLY,XLE,XLF,XLK,XLB,XLU,XLP,XLV,1898
XLK,XLV,XLF,XLI,XLY,XLU,XLB,XLP,XLE,1899
XLV,XLE,XLK,XLI,XLU,XLF,XLP,XLY,XLB,1900
XLY,XLU,XLE,XLP,XLV,XLF,XLK,XLI,XLB,1901
XLB,XLV,XLI,XLF,XLE,XLK,XLP,XLY,XLU,1902
XLU,XLF,XLK,XLP,XLV,XLE,XLI,XLB,XLY,1903
XLE,XLV,XLK,XLY,XLB,XLI,XLF,XLP,XLU,1904
XLK,XLF,XLB,XLV,XLU,XLI,XLY,XLE,XLP,1905
XLI,XLY,XLV,XLU,XLF,XLE,XLP,XLK,XLB,1906
XLU,XLF,XLI,XLP,XLY,XLK,XLE,XLV,XLB,1907
XLE,XLP,XLY,XLF,XLV,XLK,XLB,XLU,XLI,1908
XLY,XLU,XLB,XLK,XLI,XLE,XLV,XLP,XLF,1909
XLY,XLK,XLB,XLI,XLP,XLE,XLV,XLU,XLF,1910
XLY,XLU,XLK,XLE,XLI,XLF,XLP,XLB,XLV,1911
XLE,XLP,XLY,XLU,XLF,XLB,XLK,XLV,XLI,1912
XLI,XLK,XLY,XLB,XLP,XLU,XLV,XLF,XLE,1913
XLB,XLI,XLV,XLK,XLY,XLF,XLU,XLP,XLE,1914
XLF,XLV,XLY,XLE,XLP,XLB,XLU,XLI,XLK,1915
XLE,XLF,XLY,XLU,XLP,XLV,XLB,XLK,XLI,1916
XLF,XLU,XLI,XLY,XLB,XLE,XLP,XLK,XLV,1917
XLY,XLU,XLI,XLK,XLB,XLV,XLP,XLF,XLE,1918
XLP,XLB,XLF,XLV,XLY,XLE,XLK,XLU,XLI,1919
XLV,XLP,XLE,XLI,XLU,XLY,XLF,XLK,XLB,1920
XLP,XLU,XLB,XLY,XLV,XLK,XLE,XLF,XLI,1921
XLB,XLI,XLP,XLY,XLV,XLU,XLK,XLE,XLF,1922
XLP,XLI,XLK,XLV,XLY,XLU,XLB,XLF,XLE,1923
XLV,XLP,XLE,XLK,XLI,XLY,XLF,XLB,XLU,1924
XLI,XLE,XLF,XLK,XLP,XLY,XLV,XLU,XLB,1925
XLP,XLU,XLE,XLK,XLF,XLY,XLB,XLV,XLI,1926
XLY,XLP,XLV,XLF,XLU,XLE,XLK,XLB,XLI,1927
XLI,XLK,XLE,XLU,XLF,XLP,XLV,XLB,XLY,1928
XLV,XLU,XLB,XLI,XLE,XLY,XLF,XLK,XLP,1929
XLU,XLK,XLP,XLY,XLB,XLF,XLV,XLE,XLI,1930
XLY,XLI,XLE,XLP,XLF,XLV,XLK,XLB,XLU,1931
XLE,XLB,XLK,XLF,XLP,XLI,XLY,XLU,XLV,1932
XLU,XLY,XLF,XLV,XLK,XLP,XLI,XLE,XLB,1933
XLY,XLV,XLU,XLB,XLF,XLK,XLI,XLE,XLP,1934
XLP,XLF,XLB,XLI,XLY,XLU,XLK,XLE,XLV,1935
XLK,XLU,XLF,XLB,XLP,XLY,XLV,XLE,XLI,1936
XLU,XLV,XLE,XLP,XLK,XLB,XLY,XLF,XLI,1937
XLK,XLI,XLE,XLV,XLP,XLU,XLY,XLB,XLF,1938
XLI,XLU,XLK,XLY,XLF,XLB,XLE,XLV,XLP,1939
XLE,XLK,XLV,XLY,XLI,XLB,XLP,XLF,XLU,1940
XLB,XLP,XLV,XLE,XLK,XLU,XLF,XLI,XLY,1941
XLI,XLK,XLP,XLB,XLF,XLV,XLY,XLU,XLE,1942
XLF,XLV,XLE,XLI,XLB,XLY,XLU,XLP,XLK,1943
XLE,XLF,XLV,XLI,XLK,XLB,XLU,XLY,XLP,1944
XLP,XLY,XLK,XLE,XLV,XLU,XLI,XLF,XLB,1945
XLI,XLY,XLU,XLP,XLE,XLV,XLB,XLF,XLK,1946
XLV,XLI,XLE,XLK,XLP,XLB,XLU,XLF,XLY,1947
XLK,XLI,XLB,XLE,XLP,XLU,XLF,XLY,XLV,1948
XLB,XLV,XLU,XLP,XLK,XLY,XLF,XLI,XLE,1949
XLB,XLV,XLK,XLU,XLP,XLF,XLY,XLE,XLI,1950
XLB,XLK,XLE,XLU,XLF,XLI,XLY,XLV,XLP,1951
XLI,XLE,XLV,XLU,XLB,XLY,XLP,XLK,XLF,1952
XLB,XLU,XLI,XLK,XLP,XLY,XLV,XLE,XLF,1953
XLY,XLP,XLB,XLK,XLE,XLU,XLV,XLF,XLI,1954
XLE,XLF,XLI,XLY,XLV,XLP,XLB,XLU,XLK,1955
XLF,XLP,XLI,XLB,XLK,XLE,XLU,XLY,XLV,1956
XLV,XLK,XLP,XLF,XLI,XLB,XLU,XLY,XLE,1957
XLF,XLY,XLP,XLB,XLU,XLI,XLK,XLE,XLV,1958
XLB,XLF,XLP,XLI,XLV,XLE,XLU,XLK,XLY,1959
XLP,XLI,XLU,XLB,XLV,XLF,XLY,XLE,XLK,1960
XLE,XLF,XLB,XLY,XLV,XLP,XLI,XLK,XLU,1961
XLP,XLE,XLI,XLF,XLK,XLU,XLY,XLB,XLV,1962
XLP,XLV,XLE,XLB,XLI,XLK,XLY,XLF,XLU,1963
XLE,XLY,XLV,XLP,XLI,XLB,XLF,XLK,XLU,1964
XLI,XLV,XLU,XLE,XLF,XLY,XLK,XLP,XLB,1965
XLE,XLP,XLF,XLU,XLB,XLV,XLY,XLI,XLK,1966
XLI,XLV,XLY,XLE,XLF,XLP,XLU,XLB,XLK,1967
XLI,XLU,XLY,XLK,XLV,XLB,XLF,XLP,XLE,1968
XLY,XLF,XLB,XLI,XLP,XLU,XLE,XLK,XLV,1969
XLY,XLV,XLF,XLP,XLK,XLI,XLE,XLU,XLB,1970
XLI,XLP,XLU,XLB,XLY,XLV,XLK,XLE,XLF,1971
XLP,XLE,XLI,XLK,XLF,XLV,XLU,XLY,XLB,1972
XLY,XLU,XLF,XLE,XLB,XLP,XLI,XLK,XLV,1973
XLB,XLU,XLP,XLI,XLV,XLK,XLY,XLE,XLF,1974
XLV,XLF,XLK,XLE,XLY,XLP,XLI,XLU,XLB,1975
XLP,XLI,XLU,XLK,XLF,XLY,XLV,XLE,XLB,1976
XLY,XLB,XLK,XLI,XLP,XLF,XLU,XLE,XLV,1977
XLU,XLP,XLY,XLB,XLF,XLI,XLE,XLV,XLK,1978
XLI,XLP,XLF,XLY,XLK,XLE,XLB,XLV,XLU,1979
XLV,XLI,XLE,XLB,XLU,XLP,XLF,XLY,XLK,1980
XLI,XLK,XLE,XLF,XLP,XLB,XLY,XLU,XLV,1981
XLP,XLI,XLV,XLB,XLU,XLE,XLF,XLK,XLY,1982
XLU,XLY,XLB,XLK,XLE,XLV,XLF,XLP,XLI,1983
XLE,XLP,XLK,XLV,XLI,XLB,XLY,XLF,XLU,1984
XLE,XLK,XLV,XLF,XLP,XLU,XLB,XLY,XLI,1985
XLI,XLK,XLE,XLU,XLV,XLP,XLY,XLF,XLB,1986
XLB,XLI,XLU,XLK,XLV,XLP,XLY,XLF,XLE,1987
XLB,XLV,XLU,XLP,XLK,XLF,XLE,XLY,XLI,1988
XLP,XLK,XLU,XLV,XLY,XLF,XLE,XLI,XLB,1989
XLF,XLU,XLP,XLY,XLV,XLK,XLE,XLB,XLI,1990
XLP,XLI,XLF,XLE,XLU,XLV,XLB,XLK,XLY,1991
XLP,XLY,XLI,XLU,XLE,XLF,XLB,XLK,XLV,1992
XLV,XLB,XLF,XLI,XLY,XLK,XLE,XLU,XLP,1993
XLB,XLF,XLU,XLY,XLI,XLE,XLV,XLK,XLP,1994
XLK,XLU,XLB,XLE,XLV,XLI,XLP,XLF,XLY,1995
XLI,XLF,XLK,XLU,XLP,XLB,XLE,XLY,XLV,1996
XLE,XLP,XLI,XLB,XLU,XLK,XLY,XLF,XLV,1997
XLE,XLK,XLU,XLB,XLF,XLY,XLI,XLP,XLV,1998
XLU,XLP,XLB,XLK,XLI,XLE,XLF,XLV,XLY,1999
XLV,XLF,XLB,XLY,XLP,XLK,XLU,XLE,XLI,2000
XLB,XLP,XLY,XLE,XLI,XLU,XLK,XLF,XLV,2001
XLK,XLU,XLV,XLP,XLI,XLB,XLF,XLY,XLE,2002
XLP,XLI,XLK,XLY,XLE,XLU,XLF,XLB,XLV,2003
XLB,XLY,XLU,XLE,XLV,XLP,XLK,XLI,XLF,2004
XLF,XLY,XLB,XLE,XLI,XLU,XLV,XLK,XLP,2005
XLE,XLV,XLU,XLB,XLP,XLY,XLI,XLF,XLK,2006
XLI,XLV,XLE,XLY,XLF,XLP,XLK,XLB,XLU,2007
XLB,XLK,XLE,XLY,XLV,XLI,XLP,XLF,XLU,2008
XLB,XLY,XLU,XLI,XLF,XLP,XLV,XLE,XLK,2009
XLP,XLB,XLU,XLY,XLE,XLF,XLK,XLV,XLI,2010
XLE,XLU,XLK,XLV,XLB,XLF,XLY,XLP,XLI,2011
XLF,XLP,XLI,XLK,XLE,XLV,XLB,XLY,XLU,2012
XLV,XLB,XLE,XLY,XLI,XLF,XLP,XLK,XLU,2013
XLU,XLB,XLE,XLF,XLP,XLY,XLV,XLK,XLI,2014
XLU,XLY,XLE,XLP,XLK,XLF,XLV,XLB,XLI,2015
XLV,XLE,XLK,XLP,XLU,XLI,XLF,XLB,XLY,2016
XLB,XLP,XLK,XLV,XLI,XLY,XLF,XLE,XLU,2017
XLY,XLF,XLP,XLI,XLU,XLE,XLV,XLB,XLK,2018
XLF,XLE,XLY,XLV,XLU,XLK,XLP,XLB,XLI,2019
XLK,XLU,XLF,XLB,XLE,XLY,XLI,XLV,XLP,2020
XLV,XLB,XLP,XLU,XLF,XLE,XLY,XLI,XLK,2021
XLP,XLB,XLV,XLE,XLK,XLY,XLI,XLF,XLU,2022
XLB,XLE,XLP,XLF,XLV,XLK,XLU,XLI,XLY,2023
XLV,XLE,XLU,XLY,XLP,XLK,XLI,XLF,XLB,2024
XLU,XLK,XLF,XLP,XLI,XLE,XLV,XLY,XLB,2025
XLY,XLU,XLB,XLP,XLF,XLI,XLV,XLE,XLK,2026
XLP,XLE,XLI,XLV,XLF,XLK,XLB,XLU,XLY,2027
XLF,XLV,XLE,XLU,XLK,XLP,XLB,XLY,XLI,2028
XLE,XLY,XLU,XLB,XLF,XLP,XLI,XLK,XLV,2029
XLB,XLP,XLU,XLE,XLF,XLK,XLY,XLV,XLI,2030
XLU,XLK,XLI,XLP,XLV,XLE,XLF,XLB,XLY,2031
XLB,XLU,XLK,XLP,XLV,XLE,XLF,XLI,XLY,2032
XLP,XLI,XLB,XLY,XLF,XLK,XLE,XLU,XLV,2033
XLV,XLB,XLE,XLI,XLU,XLK,XLP,XLF,XLY,2034
XLF,XLP,XLK,XLY,XLV,XLI,XLU,XLB,XLE,2035
XLV,XLY,XLU,XLF,XLP,XLB,XLK,XLE,XLI,2036
XLY,XLI,XLK,XLB,XLP,XLF,XLU,XLE,XLV,2037
XLP,XLK,XLY,XLF,XLU,XLI,XLV,XLB,XLE,2038
XLI,XLB,XLF,XLU,XLY,XLV,XLK,XLP,XLE,2039
XLE,XLY,XLP,XLV,XLF,XLI,XLU,XLB,XLK,2040
XLU,XLK,XLY,XLF,XLE,XLV,XLI,XLB,XLP,2041
XLF,XLP,XLV,XLB,XLI,XLK,XLU,XLY,XLE,2042
XLV,XLU,XLI,XLB,XLK,XLF,XLP,XLE,XLY,2043
XLK,XLF,XLP,XLU,XLB,XLI,XLV,XLE,XLY,2044
XLB,XLY,XLE,XLI,XLU,XLK,XLV,XLF,XLP,2045
XLY,XLF,XLB,XLK,XLE,XLU,XLI,XLP,XLV,2046
XLF,XLV,XLB,XLK,XLU,XLE,XLP,XLY,XLI,2047
XLE,XLY,XLI,XLU,XLP,XLB,XLF,XLV,XLK,2048
XLY,XLU,XLV,XLI,XLP,XLK,XLF,XLB,XLE,2049
XLB,XLU,XLV,XLY,XLI,XLF,XLK,XLP,XLE,2050
XLF,XLI,XLE,XLP,XLK,XLV,XLU,XLB,XLY,2051
XLU,XLK,XLV,XLE,XLB,XLI,XLF,XLY,XLP,2052
XLE,XLB,XLY,XLU,XLF,XLP,XLK,XLV,XLI,2053
XLY,XLB,XLE,XLK,XLI,XLP,XLV,XLF,XLU,2054
XLP,XLK,XLF,XLE,XLY,XLV,XLB,XLU,XLI,2055
XLP,XLV,XLY,XLK,XLF,XLB,XLU,XLE,XLI,2056
XLU,XLE,XLI,XLV,XLP,XLB,XLY,XLF,XLK,2057
XLP,XLV,XLK,XLE,XLY,XLB,XLI,XLU,XLF,2058
XLY,XLP,XLI,XLV,XLK,XLB,XLE,XLU,XLF,2059
XLI,XLB,XLV,XLE,XLU,XLY,XLK,XLF,XLP,2060
XLF,XLY,XLI,XLP,XLK,XLU,XLV,XLE,XLB,2061
XLP,XLF,XLE,XLU,XLB,XLY,XLK,XLI,XLV,2062
XLU,XLE,XLI,XLK,XLF,XLV,XLP,XLY,XLB,2063
XLP,XLB,XLI,XLF,XLV,XLU,XLK,XLY,XLE,2064
XLE,XLP,XLI,XLF,XLV,XLB,XLK,XLY,XLU,2065
XLU,XLV,XLY,XLP,XLF,XLB,XLE,XLK,XLI,2066
XLY,XLK,XLB,XLI,XLE,XLP,XLF,XLU,XLV,2067
XLP,XLB,XLI,XLU,XLV,XLF,XLK,XLE,XLY,2068
XLE,XLF,XLB,XLV,XLU,XLP,XLI,XLK,XLY,2069
XLF,XLI,XLE,XLY,XLB,XLP,XLV,XLK,XLU,2070
XLI,XLY,XLF,XLK,XLV,XLU,XLP,XLE,XLB,2071
XLK,XLV,XLF,XLY,XLB,XLP,XLE,XLI,XLU,2072
XLF,XLI,XLB,XLK,XLE,XLY,XLU,XLP,XLV,2073
XLB,XLU,XLF,XLI,XLV,XLE,XLK,XLP,XLY,2074
XLF,XLI,XLE,XLB,XLU,XLY,XLV,XLK,XLP,2075
XLK,XLV,XLE,XLY,XLI,XLB,XLF,XLP,XLU,2076
XLI,XLB,XLK,XLY,XLU,XLP,XLV,XLE,XLF,2077
XLP,XLE,XLV,XLY,XLF,XLB,XLI,XLU,XLK,2078
XLP,XLY,XLB,XLF,XLI,XLE,XLK,XLV,XLU,2079
XLF,XLE,XLU,XLI,XLK,XLY,XLB,XLP,XLV,2080
XLV,XLY,XLU,XLE,XLP,XLK,XLF,XLI,XLB,2081
XLE,XLF,XLK,XLI,XLU,XLB,XLV,XLP,XLY,2082
XLV,XLY,XLE,XLI,XLB,XLP,XLU,XLK,XLF,2083
XLK,XLB,XLV,XLE,XLF,XLY,XLP,XLI,XLU,2084
XLY,XLU,XLF,XLB,XLK,XLV,XLI,XLE,XLP,2085
XLE,XLV,XLF,XLB,XLU,XLY,XLK,XLI,XLP,2086
XLK,XLY,XLE,XLU,XLF,XLI,XLV,XLB,XLP,2087
XLU,XLI,XLP,XLV,XLF,XLY,XLK,XLB,XLE,2088
XLV,XLF,XLI,XLU,XLY,XLE,XLP,XLK,XLB,2089
XLK,XLF,XLU,XLB,XLY,XLV,XLI,XLE,XLP,2090
XLY,XLF,XLK,XLV,XLP,XLU,XLI,XLB,XLE,2091
XLF,XLY,XLV,XLB,XLK,XLI,XLE,XLP,XLU,2092
XLY,XLV,XLI,XLK,XLF,XLE,XLB,XLP,XLU,2093
XLY,XLV,XLI,XLK,XLU,XLF,XLB,XLE,XLP,2094
XLI,XLB,XLV,XLE,XLY,XLU,XLF,XLP,XLK,2095
XLY,XLF,XLI,XLB,XLK,XLP,XLV,XLE,XLU,2096
XLV,XLU,XLK,XLF,XLE,XLB,XLY,XLI,XLP,2097
XLV,XLK,XLY,XLI,XLE,XLB,XLF,XLP,XLU,2098
XLP,XLE,XLY,XLF,XLV,XLB,XLK,XLI,XLU,2099
XLB,XLK,XLY,XLV,XLE,XLI,XLF,XLP,XLU,2100
XLP,XLY,XLF,XLB,XLE,XLV,XLI,XLK,XLU,2101
XLI,XLB,XLP,XLU,XLK,XLY,XLV,XLE,XLF,2102
XLB,XLP,XLF,XLV,XLU,XLI,XLE,XLK,XLY,2103
XLP,XLE,XLK,XLY,XLB,XLI,XLU,XLV,XLF,2104
XLY,XLK,XLB,XLV,XLE,XLI,XLU,XLP,XLF,2105
XLE,XLB,XLY,XLP,XLF,XLU,XLI,XLV,XLK,2106
XLU,XLI,XLP,XLK,XLB,XLV,XLF,XLY,XLE,2107
XLK,XLE,XLF,XLY,XLU,XLP,XLV,XLB,XLI,2108
XLU,XLI,XLE,XLV,XLB,XLF,XLY,XLK,XLP,2109
XLE,XLP,XLI,XLU,XLY,XLB,XLF,XLK,XLV,2110
XLU,XLK,XLP,XLF,XLY,XLV,XLE,XLB,XLI,2111
XLE,XLY,XLB,XLI,XLF,XLV,XLP,XLK,XLU,2112
XLI,XLY,XLE,XLF,XLB,XLK,XLP,XLV,XLU,2113
XLV,XLI,XLP,XLB,XLK,XLF,XLE,XLY,XLU,2114
XLI,XLY,XLB,XLE,XLF,XLU,XLV,XLK,XLP,2115
XLV,XLU,XLK,XLE,XLB,XLI,XLF,XLY,XLP,2116
XLI,XLV,XLU,XLF,XLP,XLY,XLB,XLK,XLE,2117
XLE,XLI,XLU,XLB,XLV,XLP,XLY,XLF,XLK,2118
XLE,XLP,XLF,XLK,XLY,XLB,XLI,XLV,XLU,2119
XLE,XLU,XLI,XLP,XLF,XLB,XLK,XLY,XLV,2120
XLB,XLY,XLK,XLV,XLE,XLI,XLU,XLF,XLP,2121
XLP,XLV,XLE,XLU,XLB,XLK,XLY,XLF,XLI,2122
XLK,XLI,XLV,XLP,XLY,XLF,XLB,XLE,XLU,2123
XLP,XLI,XLY,XLF,XLE,XLU,XLB,XLV,XLK,2124
XLB,XLE,XLK,XLI,XLU,XLY,XLP,XLV,XLF,2125
XLF,XLY,XLE,XLB,XLI,XLK,XLP,XLU,XLV,2126
XLE,XLF,XLB,XLV,XLY,XLK,XLI,XLU,XLP,2127
XLB,XLF,XLV,XLK,XLE,XLY,XLI,XLP,XLU,2128
XLF,XLB,XLK,XLU,XLE,XLI,XLY,XLV,XLP,2129
XLY,XLI,XLE,XLF,XLK,XLB,XLV,XLU,XLP,2130
XLV,XLY,XLE,XLK,XLI,XLB,XLP,XLF,XLU,2131
XLY,XLI,XLK,XLU,XLV,XLP,XLE,XLB,XLF,2132
XLK,XLF,XLU,XLP,XLV,XLE,XLI,XLY,XLB,2133
XLP,XLV,XLK,XLU,XLE,XLB,XLI,XLF,XLY,2134
XLB,XLY,XLK,XLE,XLV,XLI,XLF,XLP,XLU,2135
XLE,XLV,XLU,XLF,XLI,XLB,XLY,XLK,XLP,2136
XLY,XLE,XLI,XLU,XLK,XLF,XLV,XLP,XLB,2137
XLU,XLK,XLP,XLI,XLY,XLV,XLB,XLF,XLE,2138
XLV,XLF,XLY,XLU,XLE,XLK,XLB,XLP,XLI,2139
XLY,XLB,XLK,XLU,XLE,XLI,XLF,XLV,XLP,2140
XLI,XLP,XLV,XLE,XLY,XLB,XLK,XLF,XLU,2141
XLI,XLB,XLE,XLF,XLK,XLP,XLY,XLU,XLV,2142
XLK,XLU,XLI,XLP,XLY,XLE,XLV,XLF,XLB,2143
XLY,XLI,XLB,XLK,XLE,XLF,XLU,XLP,XLV,2144
XLV,XLP,XLE,XLI,XLK,XLY,XLU,XLB,XLF,2145
XLP,XLY,XLK,XLE,XLU,XLI,XLV,XLB,XLF,2146
XLY,XLV,XLB,XLK,XLU,XLE,XLP,XLI,XLF,2147
XLU,XLK,XLE,XLB,XLF,XLY,XLP,XLV,XLI,2148
XLP,XLF,XLB,XLE,XLV,XLI,XLK,XLU,XLY,2149
XLY,XLI,XLV,XLU,XLE,XLP,XLB,XLF,XLK,2150
XLK,XLU,XLB,XLI,XLV,XLE,XLY,XLF,XLP,2151
XLP,XLV,XLU,XLI,XLB,XLK,XLE,XLY,XLF,2152
XLB,XLV,XLE,XLY,XLK,XLU,XLI,XLP,XLF,2153
XLU,XLY,XLK,XLF,XLV,XLE,XLP,XLI,XLB,2154
XLU,XLF,XLE,XLK,XLY,XLI,XLV,XLB,XLP,2155
XLE,XLV,XLU,XLB,XLY,XLK,XLF,XLP,XLI,2156
XLB,XLP,XLF,XLK,XLI,XLV,XLY,XLU,XLE,2157
XLI,XLU,XLB,XLV,XLY,XLP,XLE,XLF,XLK,2158
XLP,XLI,XLB,XLE,XLK,XLV,XLY,XLF,XLU,2159
XLE,XLY,XLV,XLF,XLI,XLP,XLU,XLK,XLB,2160
XLY,XLF,XLP,XLB,XLU,XLK,XLE,XLV,XLI,2161
XLV,XLF,XLP,XLI,XLK,XLY,XLE,XLU,XLB,2162
XLE,XLP,XLI,XLY,XLU,XLF,XLK,XLB,XLV,2163
XLV,XLE,XLU,XLF,XLK,XLP,XLI,XLY,XLB,2164
XLY,XLP,XLF,XLU,XLK,XLI,XLV,XLB,XLE,2165
XLB,XLE,XLP,XLK,XLI,XLV,XLY,XLU,XLF,2166
XLY,XLP,XLF,XLE,XLK,XLU,XLB,XLV,XLI,2167
XLB,XLU,XLV,XLK,XLE,XLY,XLF,XLI,XLP,2168
XLK,XLP,XLI,XLE,XLB,XLF,XLY,XLV,XLU,2169
XLU,XLP,XLE,XLI,XLB,XLV,XLK,XLY,XLF,2170
XLF,XLU,XLB,XLY,XLK,XLV,XLP,XLI,XLE,2171
XLP,XLE,XLB,XLV,XLY,XLK,XLF,XLU,XLI,2172
XLV,XLU,XLP,XLK,XLI,XLB,XLE,XLF,XLY,2173
XLE,XLY,XLB,XLK,XLP,XLV,XLI,XLU,XLF,2174
XLB,XLI,XLY,XLV,XLP,XLU,XLF,XLE,XLK,2175
XLK,XLI,XLE,XLV,XLY,XLF,XLP,XLU,XLB,2176
XLU,XLV,XLB,XLY,XLF,XLI,XLK,XLE,XLP,2177
XLB,XLK,XLF,XLY,XLP,XLI,XLV,XLE,XLU,2178
XLV,XLU,XLY,XLB,XLP,XLF,XLE,XLI,XLK,2179
XLI,XLP,XLV,XLY,XLB,XLF,XLU,XLE,XLK,2180
XLF,XLK,XLY,XLB,XLU,XLP,XLE,XLI,XLV,2181
XLE,XLB,XLP,XLY,XLK,XLV,XLU,XLF,XLI,2182
XLF,XLK,XLP,XLI,XLB,XLU,XLE,XLY,XLV,2183
XLV,XLK,XLB,XLE,XLI,XLP,XLY,XLU,XLF,2184
XLE,XLP,XLV,XLB,XLK,XLI,XLY,XLF,XLU,2185
XLV,XLP,XLU,XLE,XLF,XLB,XLY,XLK,XLI,2186
XLE,XLF,XLI,XLY,XLU,XLB,XLK,XLP,XLV,2187
XLF,XLI,XLK,XLE,XLU,XLB,XLY,XLV,XLP,2188
XLI,XLB,XLE,XLK,XLF,XLU,XLV,XLY,XLP,2189
XLP,XLF,XLI,XLK,XLV,XLY,XLB,XLU,XLE,2190
XLK,XLV,XLP,XLF,XLB,XLU,XLY,XLE,XLI,2191
XLI,XLK,XLP,XLY,XLF,XLB,XLV,XLE,XLU,2192
XLF,XLB,XLE,XLV,XLY,XLP,XLK,XLU,XLI,2193
XLU,XLV,XLB,XLF,XLI,XLK,XLP,XLE,XLY,2194
XLY,XLU,XLV,XLE,XLB,XLF,XLP,XLK,XLI,2195
XLF,XLB,XLE,XLU,XLV,XLK,XLP,XLI,XLY,2196
XLV,XLI,XLU,XLY,XLK,XLE,XLF,XLP,XLB,2197
XLY,XLE,XLF,XLB,XLK,XLI,XLV,XLU,XLP,2198
XLF,XLK,XLI,XLV,XLP,XLB,XLE,XLU,XLY,2199
XLY,XLF,XLV,XLI,XLE,XLK,XLU,XLB,XLP,2200
XLB,XLP,XLI,XLF,XLV,XLE,XLK,XLY,XLU,2201
XLP,XLB,XLE,XLU,XLV,XLI,XLY,XLK,XLF,2202
XLF,XLY,XLU,XLB,XLV,XLI,XLE,XLP,XLK,2203
XLP,XLE,XLB,XLF,XLK,XLI,XLY,XLV,XLU,2204
XLF,XLY,XLB,XLK,XLP,XLU,XLE,XLV,XLI,2205
XLP,XLK,XLU,XLB,XLY,XLI,XLE,XLV,XLF,2206
XLB,XLP,XLF,XLU,XLV,XLI,XLK,XLE,XLY,2207
XLK,XLV,XLI,XLE,XLF,XLY,XLU,XLB,XLP,2208
XLF,XLB,XLY,XLP,XLE,XLI,XLV,XLK,XLU,2209
XLV,XLB,XLF,XLU,XLY,XLI,XLP,XLK,XLE,2210
XLI,XLK,XLY,XLB,XLE,XLF,XLV,XLU,XLP,2211
XLV,XLK,XLY,XLB,XLF,XLU,XLI,XLP,XLE,2212
XLP,XLF,XLV,XLK,XLB,XLE,XLY,XLI,XLU,2213
XLY,XLK,XLI,XLV,XLU,XLF,XLP,XLB,XLE,2214
XLE,XLP,XLU,XLI,XLK,XLB,XLF,XLY,XLV,2215
XLF,XLB,XLP,XLI,XLV,XLK,XLE,XLU,XLY,2216
XLB,XLV,XLE,XLU,XLY,XLK,XLP,XLI,XLF,2217
XLV,XLE,XLK,XLF,XLY,XLI,XLU,XLB,XLP,2218
XLF,XLE,XLP,XLK,XLV,XLI,XLU,XLY,XLB,2219
XLY,XLP,XLF,XLI,XLK,XLB,XLV,XLE,XLU,2220
XLI,XLF,XLK,XLE,XLU,XLP,XLV,XLB,XLY,2221
XLV,XLK,XLY,XLB,XLI,XLF,XLU,XLP,XLE,2222
XLF,XLB,XLK,XLY,XLV,XLI,XLU,XLE,XLP,2223
XLF,XLK,XLV,XLU,XLB,XLY,XLE,XLP,XLI,2224
XLK,XLV,XLP,XLB,XLY,XLE,XLU,XLI,XLF,2225
XLB,XLF,XLV,XLU,XLI,XLE,XLK,XLY,XLP,2226
XLE,XLF,XLV,XLY,XLP,XLB,XLU,XLI,XLK,2227
XLK,XLV,XLU,XLP,XLF,XLB,XLI,XLY,XLE,2228
XLU,XLE,XLY,XLB,XLF,XLK,XLP,XLI,XLV,2229
XLP,XLB,XLY,XLE,XLV,XLF,XLI,XLU,XLK,2230
XLI,XLP,XLF,XLU,XLB,XLV,XLE,XLK,XLY,2231
XLP,XLV,XLB,XLK,XLU,XLF,XLY,XLE,XLI,2232
XLV,XLB,XLF,XLI,XLK,XLE,XLU,XLY,XLP,2233
XLP,XLY,XLU,XLB,XLF,XLK,XLE,XLI,XLV,2234
XLF,XLK,XLY,XLI,XLP,XLE,XLV,XLU,XLB,2235
XLU,XLI,XLV,XLE,XLP,XLK,XLY,XLF,XLB,2236
XLK,XLI,XLB,XLE,XLV,XLP,XLU,XLY,XLF,2237
XLK,XLU,XLY,XLP,XLB,XLI,XLV,XLF,XLE,2238
XLV,XLY,XLB,XLI,XLE,XLU,XLP,XLF,XLK,2239
XLB,XLP,XLF,XLI,XLE,XLV,XLY,XLK,XLU,2240
XLY,XLI,XLK,XLF,XLU,XLB,XLP,XLE,XLV,2241
XLK,XLU,XLE,XLB,XLV,XLP,XLF,XLI,XLY,2242
XLI,XLF,XLK,XLU,XLE,XLY,XLB,XLP,XLV,2243
XLV,XLF,XLE,XLY,XLK,XLU,XLI,XLP,XLB,2244
XLU,XLV,XLB,XLK,XLE,XLI,XLF,XLY,XLP,2245
XLV,XLF,XLK,XLB,XLP,XLI,XLE,XLY,XLU,2246
XLP,XLY,XLE,XLU,XLB,XLI,XLV,XLK,XLF,2247
XLV,XLY,XLI,XLB,XLF,XLK,XLE,XLU,XLP,2248
XLU,XLE,XLB,XLP,XLY,XLK,XLI,XLV,XLF,2249
XLV,XLF,XLP,XLY,XLU,XLI,XLK,XLB,XLE,2250
XLU,XLV,XLI,XLB,XLP,XLE,XLF,XLK,XLY,2251
XLY,XLV,XLK,XLE,XLI,XLP,XLF,XLB,XLU,2252
XLV,XLI,XLE,XLB,XLY,XLF,XLP,XLK,XLU,2253
XLY,XLV,XLI,XLP,XLU,XLK,XLE,XLB,XLF,2254
XLY,XLE,XLI,XLP,XLB,XLU,XLV,XLF,XLK,2255
XLV,XLI,XLK,XLY,XLB,XLU,XLF,XLP,XLE,2256
XLK,XLE,XLF,XLV,XLI,XLP,XLB,XLY,XLU,2257
XLF,XLE,XLK,XLU,XLI,XLB,XLV,XLY,XLP,2258
XLY,XLE,XLK,XLV,XLI,XLU,XLP,XLB,XLF,2259
XLI,XLK,XLP,XLE,XLU,XLF,XLB,XLY,XLV,2260
XLK,XLU,XLY,XLI,XLB,XLP,XLV,XLF,XLE,2261
XLP,XLF,XLK,XLU,XLB,XLI,XLE,XLV,XLY,2262
XLU,XLI,XLP,XLK,XLF,XLE,XLB,XLV,XLY,2263
XLE,XLF,XLK,XLY,XLI,XLU,XLV,XLP,XLB,2264
XLU,XLE,XLB,XLK,XLI,XLV,XLY,XLP,XLF,2265
XLE,XLK,XLI,XLF,XLP,XLU,XLY,XLV,XLB,2266
XLY,XLU,XLP,XLK,XLB,XLI,XLV,XLF,XLE,2267
XLE,XLV,XLU,XLI,XLP,XLF,XLB,XLK,XLY,2268
XLY,XLE,XLB,XLP,XLU,XLK,XLI,XLV,XLF,2269
XLB,XLP,XLU,XLY,XLF,XLE,XLV,XLI,XLK,2270
XLE,XLF,XLP,XLY,XLK,XLU,XLV,XLB,XLI,2271
XLF,XLY,XLV,XLU,XLK,XLB,XLP,XLI,XLE,2272
XLE,XLU,XLP,XLV,XLB,XLK,XLY,XLF,XLI,2273
XLU,XLI,XLY,XLE,XLP,XLV,XLB,XLF,XLK,2274
XLU,XLI,XLV,XLK,XLP,XLY,XLF,XLE,XLB,2275
XLV,XLI,XLB,XLU,XLK,XLE,XLF,XLP,XLY,2276
XLY,XLB,XLK,XLV,XLE,XLP,XLI,XLF,XLU,2277
XLY,XLE,XLU,XLV,XLB,XLI,XLP,XLK,XLF,2278
XLP,XLU,XLK,XLV,XLE,XLI,XLY,XLB,XLF,2279
XLF,XLU,XLK,XLV,XLE,XLP,XLI,XLB,XLY,2280
XLK,XLB,XLV,XLY,XLP,XLI,XLU,XLE,XLF,2281
XLK,XLF,XLP,XLE,XLB,XLV,XLY,XLI,XLU,2282
XLI,XLU,XLB,XLP,XLY,XLK,XLE,XLF,XLV,2283
XLP,XLU,XLV,XLF,XLK,XLB,XLI,XLY,XLE,2284
XLB,XLU,XLP,XLV,XLI,XLF,XLE,XLY,XLK,2285
XLV,XLY,XLB,XLF,XLP,XLE,XLK,XLU,XLI,2286
XLP,XLY,XLB,XLE,XLU,XLK,XLV,XLI,XLF,2287
XLV,XLI,XLB,XLY,XLK,XLP,XLE,XLU,XLF,2288
XLB,XLE,XLF,XLI,XLV,XLY,XLP,XLU,XLK,2289
XLB,XLV,XLU,XLE,XLI,XLF,XLY,XLK,XLP,2290
XLF,XLP,XLV,XLY,XLB,XLI,XLU,XLK,XLE,2291
XLI,XLV,XLK,XLU,XLB,XLE,XLY,XLP,XLF,2292
XLY,XLV,XLK,XLB,XLF,XLI,XLU,XLP,XLE,2293
XLK,XLE,XLY,XLF,XLI,XLB,XLP,XLV,XLU,2294
XLK,XLB,XLV,XLP,XLE,XLU,XLF,XLI,XLY,2295
XLY,XLF,XLV,XLB,XLP,XLU,XLI,XLK,XLE,2296
XLV,XLU,XLF,XLY,XLE,XLB,XLK,XLI,XLP,2297
XLE,XLF,XLK,XLI,XLV,XLB,XLP,XLY,XLU,2298
XLI,XLB,XLF,XLU,XLP,XLV,XLE,XLK,XLY,2299
XLF,XLB,XLU,XLE,XLP,XLI,XLV,XLK,XLY,2300
XLE,XLF,XLY,XLB,XLP,XLV,XLI,XLK,XLU,2301
XLI,XLY,XLE,XLF,XLB,XLK,XLU,XLP,XLV,2302
XLP,XLE,XLI,XLV,XLB,XLU,XLK,XLY,XLF,2303
XLV,XLB,XLU,XLK,XLI,XLY,XLF,XLP,XLE,2304
XLV,XLY,XLP,XLK,XLF,XLB,XLE,XLU,XLI,2305
XLV,XLK,XLI,XLY,XLU,XLF,XLB,XLE,XLP,2306
XLI,XLP,XLF,XLY,XLB,XLV,XLE,XLU,XLK,2307
XLK,XLE,XLP,XLY,XLU,XLF,XLB,XLI,XLV,2308
XLB,XLE,XLU,XLK,XLV,XLP,XLF,XLI,XLY,2309
XLE,XLY,XLB,XLI,XLU,XLV,XLK,XLF,XLP,2310
XLK,XLE,XLY,XLP,XLI,XLB,XLF,XLV,XLU,2311
XLE,XLB,XLU,XLV,XLI,XLP,XLY,XLK,XLF,2312
XLE,XLB,XLI,XLU,XLY,XLV,XLF,XLK,XLP,2313
XLU,XLE,XLF,XLY,XLB,XLI,XLP,XLV,XLK,2314
XLP,XLY,XLU,XLB,XLE,XLV,XLI,XLF,XLK,2315
XLI,XLU,XLK,XLV,XLF,XLE,XLP,XLB,XLY,2316
XLE,XLU,XLP,XLK,XLB,XLY,XLV,XLF,XLI,2317
XLP,XLI,XLK,XLV,XLY,XLF,XLE,XLB,XLU,2318
XLK,XLI,XLV,XLU,XLF,XLY,XLE,XLP,XLB,2319
XLY,XLI,XLU,XLP,XLK,XLF,XLV,XLE,XLB,2320
XLY,XLK,XLF,XLV,XLP,XLU,XLB,XLI,XLE,2321
XLF,XLU,XLK,XLB,XLI,XLY,XLE,XLV,XLP,2322
XLK,XLB,XLU,XLI,XLF,XLY,XLV,XLP,XLE,2323
XLE,XLP,XLU,XLK,XLY,XLB,XLF,XLV,XLI,2324
XLB,XLP,XLI,XLE,XLY,XLK,XLF,XLV,XLU,2325
XLI,XLK,XLV,XLY,XLB,XLP,XLF,XLE,XLU,2326
XLI,XLP,XLY,XLK,XLF,XLE,XLV,XLU,XLB,2327
XLB,XLU,XLY,XLF,XLI,XLP,XLK,XLE,XLV,2328
XLY,XLE,XLB,XLI,XLK,XLP,XLU,XLF,XLV,2329
XLU,XLV,XLY,XLI,XLE,XLF,XLP,XLB,XLK,2330
XLU,XLE,XLB,XLK,XLF,XLI,XLV,XLY,XLP,2331
XLE,XLY,XLV,XLB,XLU,XLF,XLK,XLP,XLI,2332
XLU,XLK,XLP,XLY,XLI,XLF,XLV,XLE,XLB,2333
XLF,XLI,XLB,XLP,XLV,XLE,XLY,XLK,XLU,2334
XLV,XLB,XLY,XLF,XLP,XLK,XLU,XLE,XLI,2335
XLK,XLI,XLF,XLY,XLV,XLP,XLB,XLU,XLE,2336
XLK,XLP,XLY,XLB,XLI,XLF,XLU,XLE,XLV,2337
XLI,XLE,XLF,XLU,XLB,XLY,XLV,XLP,XLK,2338
XLK,XLF,XLE,XLU,XLI,XLV,XLY,XLB,XLP,2339
XLK,XLY,XLU,XLF,XLB,XLI,XLE,XLP,XLV,2340
XLU,XLY,XLV,XLI,XLK,XLE,XLP,XLF,XLB,2341
XLB,XLU,XLE,XLY,XLP,XLV,XLK,XLI,XLF,2342
XLU,XLI,XLB,XLF,XLK,XLE,XLV,XLP,XLY,2343
XLB,XLI,XLK,XLV,XLF,XLY,XLU,XLE,XLP,2344
XLV,XLE,XLY,XLU,XLI,XLB,XLP,XLF,XLK,2345
XLV,XLI,XLF,XLK,XLE,XLB,XLP,XLU,XLY,2346
XLB,XLE,XLU,XLY,XLK,XLV,XLI,XLP,XLF,2347
XLP,XLK,XLU,XLI,XLF,XLE,XLV,XLY,XLB,2348
XLP,XLI,XLK,XLF,XLY,XLV,XLB,XLU,XLE,2349
XLI,XLF,XLP,XLK,XLV,XLE,XLU,XLY,XLB,2350
XLK,XLE,XLP,XLI,XLF,XLY,XLU,XLB,XLV,2351
XLV,XLF,XLP,XLK,XLY,XLB,XLU,XLE,XLI,2352
XLK,XLP,XLY,XLB,XLI,XLV,XLF,XLU,XLE,2353
XLF,XLB,XLY,XLK,XLU,XLE,XLV,XLP,XLI,2354
XLY,XLB,XLI,XLP,XLK,XLE,XLV,XLF,XLU,2355
XLU,XLF,XLI,XLB,XLK,XLP,XLY,XLE,XLV,2356
XLU,XLI,XLP,XLB,XLF,XLV,XLK,XLE,XLY,2357
XLK,XLF,XLY,XLI,XLP,XLV,XLB,XLE,XLU,2358
XLU,XLI,XLK,XLB,XLY,XLV,XLE,XLF,XLP,2359
XLI,XLF,XLK,XLU,XLV,XLB,XLY,XLE,XLP,2360
XLY,XLB,XLI,XLK,XLP,XLU,XLV,XLE,XLF,2361
XLK,XLV,XLF,XLY,XLP,XLU,XLB,XLI,XLE,2362
XLP,XLU,XLK,XLI,XLE,XLF,XLB,XLY,XLV,2363
XLY,XLV,XLP,XLE,XLF,XLI,XLB,XLK,XLU,2364
XLP,XLF,XLB,XLI,XLK,XLY,XLV,XLE,XLU,2365
XLV,XLY,XLF,XLU,XLB,XLK,XLP,XLE,XLI,2366
XLU,XLK,XLE,XLF,XLP,XLB,XLV,XLY,XLI,2367
XLF,XLB,XLE,XLK,XLY,XLP,XLI,XLV,XLU,2368
XLU,XLI,XLY,XLE,XLP,XLV,XLB,XLF,XLK,2369
XLP,XLK,XLI,XLU,XLY,XLV,XLE,XLF,XLB,2370
XLI,XLE,XLB,XLY,XLP,XLU,XLK,XLV,XLF,2371
XLP,XLU,XLK,XLI,XLB,XLF,XLE,XLV,XLY,2372
XLU,XLP,XLB,XLI,XLF,XLE,XLY,XLV,XLK,2373
XLE,XLY,XLP,XLF,XLU,XLB,XLK,XLV,XLI,2374
XLB,XLP,XLV,XLK,XLE,XLF,XLI,XLU,XLY,2375
XLU,XLF,XLY,XLV,XLP,XLB,XLI,XLE,XLK,2376
XLK,XLP,XLB,XLU,XLF,XLE,XLI,XLY,XLV,2377
XLY,XLU,XLV,XLF,XLK,XLP,XLI,XLE,XLB,2378
XLF,XLI,XLV,XLU,XLP,XLK,XLY,XLE,XLB,2379
XLB,XLP,XLK,XLV,XLF,XLU,XLE,XLI,XLY,2380
XLV,XLU,XLB,XLK,XLP,XLE,XLF,XLY,XLI,2381
XLF,XLU,XLB,XLP,XLK,XLV,XLY,XLI,XLE,2382
XLK,XLE,XLI,XLF,XLB,XLP,XLY,XLU,XLV,2383
XLV,XLE,XLP,XLI,XLB,XLY,XLU,XLK,XLF,2384
XLB,XLF,XLI,XLV,XLU,XLK,XLY,XLE,XLP,2385
XLK,XLV,XLI,XLF,XLB,XLE,XLY,XLU,XLP,2386
XLY,XLE,XLB,XLV,XLI,XLU,XLK,XLF,XLP,2387
XLK,XLU,XLE,XLF,XLV,XLP,XLI,XLB,XLY,2388
XLU,XLV,XLB,XLE,XLK,XLP,XLI,XLF,XLY,2389
XLU,XLB,XLY,XLI,XLF,XLE,XLK,XLV,XLP,2390
XLE,XLF,XLU,XLK,XLB,XLY,XLP,XLI,XLV,2391
XLB,XLV,XLE,XLK,XLF,XLP,XLI,XLY,XLU,2392
XLV,XLU,XLF,XLE,XLB,XLK,XLI,XLP,XLY,2393
XLP,XLI,XLK,XLF,XLB,XLU,XLE,XLY,XLV,2394
XLP,XLV,XLB,XLE,XLI,XLF,XLU,XLK,XLY,2395
XLE,XLF,XLV,XLP,XLB,XLI,XLY,XLK,XLU,2396
XLP,XLK,XLE,XLY,XLU,XLF,XLV,XLI,XLB,2397
XLP,XLF,XLK,XLB,XLY,XLU,XLE,XLI,XLV,2398
XLU,XLV,XLF,XLK,XLI,XLP,XLE,XLY,XLB,2399
XLF,XLV,XLI,XLE,XLB,XLU,XLP,XLY,XLK,2400
XLI,XLV,XLP,XLY,XLF,XLK,XLB,XLU,XLE,2401
XLK,XLU,XLB,XLI,XLP,XLF,XLY,XLE,XLV,2402
XLB,XLF,XLE,XLY,XLU,XLK,XLP,XLV,XLI,2403
XLU,XLB,XLY,XLV,XLP,XLI,XLF,XLK,XLE,2404
XLV,XLI,XLK,XLY,XLU,XLB,XLE,XLF,XLP,2405
XLU,XLI,XLV,XLF,XLY,XLB,XLE,XLP,XLK,2406
XLI,XLY,XLP,XLE,XLU,XLF,XLB,XLK,XLV,2407
XLV,XLF,XLP,XLI,XLY,XLK,XLE,XLB,XLU,2408
XLB,XLE,XLF,XLI,XLP,XLK,XLV,XLY,XLU,2409
XLE,XLK,XLI,XLU,XLP,XLB,XLY,XLV,XLF,2410
XLB,XLP,XLU,XLV,XLK,XLI,XLY,XLF,XLE,2411
XLF,XLU,XLP,XLE,XLV,XLY,XLB,XLK,XLI,2412
XLI,XLF,XLK,XLB,XLP,XLU,XLE,XLV,XLY,2413
XLB,XLU,XLF,XLP,XLE,XLV,XLY,XLI,XLK,2414
XLI,XLB,XLK,XLP,XLU,XLY,XLF,XLE,XLV,2415
XLU,XLI,XLK,XLY,XLF,XLE,XLP,XLV,XLB,2416
XLI,XLU,XLE,XLB,XLF,XLK,XLP,XLY,XLV,2417
XLU,XLK,XLP,XLI,XLF,XLV,XLY,XLB,XLE,2418
XLE,XLP,XLI,XLV,XLK,XLU,XLY,XLB,XLF,2419
XLU,XLK,XLY,XLB,XLE,XLP,XLI,XLV,XLF,2420
XLI,XLU,XLE,XLB,XLP,XLF,XLY,XLK,XLV,2421
XLB,XLE,XLF,XLV,XLI,XLU,XLK,XLP,XLY,2422
XLI,XLV,XLP,XLU,XLF,XLB,XLK,XLY,XLE,2423
XLK,XLY,XLI,XLF,XLP,XLU,XLE,XLV,XLB,2424
XLP,XLE,XLY,XLK,XLF,XLB,XLV,XLU,XLI,2425
XLY,XLK,XLU,XLB,XLE,XLP,XLV,XLI,XLF,2426
XLE,XLY,XLU,XLF,XLP,XLV,XLI,XLB,XLK,2427
XLP,XLE,XLV,XLI,XLU,XLY,XLK,XLB,XLF,2428
XLY,XLV,XLK,XLF,XLI,XLU,XLB,XLP,XLE,2429
XLV,XLP,XLE,XLB,XLU,XLF,XLY,XLK,XLI,2430
XLI,XLU,XLF,XLK,XLE,XLV,XLB,XLP,XLY,2431
XLI,XLK,XLP,XLF,XLU,XLB,XLY,XLV,XLE,2432
XLF,XLV,XLY,XLK,XLP,XLI,XLU,XLB,XLE,2433
XLF,XLY,XLE,XLP,XLK,XLB,XLI,XLU,XLV,2434
XLK,XLB,XLF,XLI,XLP,XLU,XLY,XLV,XLE,2435
XLK,XLF,XLB,XLI,XLU,XLV,XLE,XLY,XLP,2436
XLP,XLU,XLF,XLV,XLK,XLE,XLB,XLY,XLI,2437
XLP,XLE,XLY,XLV,XLK,XLI,XLU,XLB,XLF,2438
XLB,XLU,XLP,XLV,XLY,XLI,XLE,XLF,XLK,2439
XLB,XLI,XLP,XLK,XLY,XLE,XLU,XLV,XLF,2440
XLK,XLY,XLP,XLF,XLE,XLB,XLU,XLV,XLI,2441
XLV,XLF,XLB,XLU,XLE,XLI,XLP,XLY,XLK,2442
XLI,XLK,XLY,XLB,XLP,XLU,XLF,XLV,XLE,2443
XLE,XLI,XLF,XLV,XLU,XLB,XLY,XLP,XLK,2444
XLF,XLU,XLE,XLV,XLI,XLP,XLB,XLK,XLY,2445
XLE,XLY,XLU,XLB,XLK,XLI,XLP,XLV,XLF,2446
XLI,XLP,XLY,XLV,XLU,XLF,XLE,XLB,XLK,2447
XLK,XLU,XLB,XLV,XLP,XLE,XLY,XLI,XLF,2448
XLI,XLP,XLK,XLF,XLB,XLY,XLE,XLV,XLU,2449
XLY,XLV,XLF,XLU,XLE,XLP,XLB,XLK,XLI,2450
XLU,XLE,XLF,XLV,XLP,XLK,XLI,XLY,XLB,2451
XLU,XLF,XLE,XLY,XLK,XLB,XLI,XLV,XLP,2452
XLK,XLI,XLF,XLV,XLU,XLB,XLP,XLY,XLE,2453
XLY,XLI,XLB,XLE,XLU,XLK,XLF,XLV,XLP,2454
XLK,XLE,XLP,XLU,XLY,XLV,XLB,XLI,XLF,2455
XLV,XLB,XLE,XLI,XLY,XLK,XLU,XLP,XLF,2456
XLI,XLB,XLP,XLF,XLU,XLY,XLV,XLE,XLK,2457
XLU,XLI,XLF,XLE,XLV,XLP,XLY,XLB,XLK,2458
XLU,XLP,XLE,XLB,XLK,XLV,XLI,XLY,XLF,2459
XLY,XLF,XLB,XLP,XLI,XLE,XLK,XLV,XLU,2460
XLP,XLB,XLK,XLE,XLY,XLF,XLI,XLV,XLU,2461
XLU,XLI,XLV,XLF,XLY,XLE,XLK,XLP,XLB,2462
XLI,XLB,XLU,XLE,XLV,XLF,XLP,XLY,XLK,2463
XLK,XLP,XLI,XLE,XLU,XLY,XLV,XLF,XLB,2464
XLV,XLY,XLK,XLB,XLP,XLF,XLE,XLI,XLU,2465
XLV,XLF,XLP,XLU,XLY,XLI,XLB,XLE,XLK,2466
XLI,XLF,XLV,XLB,XLK,XLP,XLE,XLY,XLU,2467
XLF,XLI,XLE,XLK,XLV,XLB,XLP,XLY,XLU,2468
XLP,XLK,XLU,XLY,XLV,XLI,XLE,XLB,XLF,2469
XLV,XLI,XLK,XLF,XLB,XLE,XLY,XLU,XLP,2470
XLK,XLU,XLY,XLV,XLP,XLB,XLI,XLF,XLE,2471
XLF,XLK,XLV,XLE,XLU,XLB,XLY,XLI,XLP,2472
XLK,XLY,XLE,XLU,XLP,XLF,XLV,XLI,XLB,2473
XLP,XLF,XLU,XLI,XLY,XLV,XLE,XLB,XLK,2474
XLY,XLE,XLB,XLI,XLU,XLP,XLK,XLF,XLV,2475
XLB,XLP,XLK,XLF,XLI,XLV,XLE,XLU,XLY,2476
XLI,XLK,XLP,XLV,XLY,XLF,XLB,XLU,XLE,2477
XLP,XLK,XLU,XLI,XLE,XLB,XLY,XLV,XLF,2478
XLB,XLY,XLF,XLE,XLP,XLI,XLU,XLV,XLK,2479
XLE,XLU,XLV,XLP,XLB,XLK,XLF,XLI,XLY,2480
XLU,XLY,XLK,XLP,XLF,XLE,XLV,XLI,XLB,2481
XLV,XLU,XLE,XLY,XLK,XLP,XLF,XLB,XLI,2482
XLY,XLU,XLK,XLB,XLI,XLE,XLP,XLV,XLF,2483
XLK,XLU,XLP,XLV,XLB,XLI,XLY,XLE,XLF,2484
XLE,XLP,XLB,XLI,XLK,XLV,XLY,XLF,XLU,2485
XLP,XLB,XLK,XLI,XLV,XLE,XLY,XLU,XLF,2486
XLF,XLY,XLP,XLB,XLK,XLI,XLV,XLU,XLE,2487
XLF,XLK,XLP,XLY,XLI,XLB,XLU,XLV,XLE,2488
XLI,XLE,XLK,XLU,XLB,XLY,XLP,XLV,XLF,2489
XLK,XLV,XLP,XLE,XLF,XLB,XLI,XLU,XLY,2490
XLV,XLY,XLI,XLF,XLE,XLK,XLP,XLU,XLB,2491
XLF,XLI,XLY,XLK,XLU,XLV,XLB,XLP,XLE,2492
XLI,XLF,XLB,XLV,XLU,XLK,XLE,XLY,XLP,2493
XLE,XLP,XLI,XLK,XLU,XLV,XLF,XLB,XLY,2494
XLB,XLK,XLY,XLF,XLE,XLV,XLP,XLI,XLU,2495
XLI,XLV,XLY,XLP,XLK,XLB,XLF,XLU,XLE,2496
XLU,XLI,XLF,XLP,XLE,XLB,XLY,XLK,XLV,2497
XLU,XLI,XLY,XLB,XLP,XLK,XLF,XLE,XLV,2498
XLB,XLE,XLY,XLV,XLP,XLI,XLF,XLU,XLK,2499
XLY,XLU,XLP,XLE,XLI,XLF,XLV,XLK,XLB,2500
XLV,XLK,XLU,XLF,XLI,XLY,XLE,XLB,XLP,2501
XLK,XLI,XLB,XLF,XLU,XLP,XLY,XLV,XLE,2502
XLV,XLI,XLB,XLY,XLF,XLE,XLU,XLP,XLK,2503
XLU,XLP,XLI,XLF,XLK,XLE,XLV,XLB,XLY,2504
XLK,XLV,XLP,XLF,XLI,XLY,XLB,XLU,XLE,2505
XLK,XLI,XLV,XLF,XLE,XLB,XLY,XLP,XLU,2506
XLB,XLI,XLV,XLK,XLU,XLF,XLP,XLY,XLE,2507
XLP,XLV,XLB,XLI,XLF,XLY,XLU,XLE,XLK,2508
XLF,XLB,XLV,XLY,XLI,XLP,XLE,XLK,XLU,2509
XLF,XLV,XLI,XLK,XLU,XLP,XLE,XLB,XLY,2510
XLY,XLE,XLK,XLP,XLV,XLI,XLF,XLU,XLB,2511
XLP,XLU,XLE,XLB,XLF,XLI,XLY,XLK,XLV,2512
XLE,XLF,XLU,XLK,XLB,XLI,XLY,XLV,XLP,2513
XLF,XLI,XLP,XLV,XLK,XLY,XLB,XLU,XLE,2514
XLY,XLE,XLK,XLP,XLU,XLF,XLB,XLI,XLV,2515
XLB,XLP,XLV,XLU,XLE,XLY,XLI,XLF,XLK,2516
XLP,XLE,XLU,XLK,XLY,XLF,XLV,XLI,XLB,2517
XLU,XLK,XLV,XLF,XLY,XLE,XLP,XLI,XLB,2518
XLY,XLK,XLU,XLE,XLP,XLF,XLI,XLV,XLB,2519
XLP,XLE,XLK,XLY,XLV,XLI,XLU,XLF,XLB,2520
XLB,XLU,XLV,XLY,XLE,XLI,XLP,XLK,XLF,2521
XLE,XLB,XLY,XLV,XLP,XLF,XLI,XLK,XLU,2522
XLY,XLK,XLV,XLU,XLI,XLF,XLP,XLE,XLB,2523
XLU,XLP,XLY,XLE,XLK,XLI,XLV,XLB,XLF,2524
XLB,XLY,XLV,XLE,XLP,XLU,XLF,XLK,XLI,2525
XLE,XLK,XLV,XLY,XLP,XLB,XLU,XLI,XLF,2526
XLK,XLE,XLP,XLB,XLI,XLV,XLF,XLY,XLU,2527
XLP,XLK,XLU,XLB,XLI,XLV,XLF,XLE,XLY,2528
XLY,XLF,XLU,XLV,XLE,XLP,XLK,XLI,XLB,2529
XLF,XLI,XLY,XLU,XLV,XLB,XLK,XLP,XLE,2530
XLV,XLY,XLB,XLI,XLF,XLP,XLE,XLK,XLU,2531
XLP,XLI,XLB,XLY,XLV,XLF,XLE,XLK,XLU,2532
XLU,XLY,XLK,XLP,XLB,XLF,XLI,XLE,XLV,2533
XLE,XLK,XLU,XLV,XLY,XLP,XLI,XLB,XLF,2534
XLI,XLY,XLF,XLU,XLK,XLB,XLE,XLP,XLV,2535
XLF,XLY,XLB,XLU,XLV,XLK,XLE,XLP,XLI,2536
XLY,XLE,XLF,XLV,XLI,XLB,XLU,XLP,XLK,2537
XLF,XLV,XLK,XLU,XLB,XLY,XLI,XLE,XLP,2538
XLF,XLP,XLY,XLU,XLB,XLI,XLK,XLV,XLE,2539
XLE,XLY,XLP,XLI,XLB,XLV,XLF,XLU,XLK,2540
XLI,XLY,XLF,XLP,XLB,XLV,XLK,XLU,XLE,2541
XLF,XLY,XLU,XLB,XLP,XLI,XLV,XLE,XLK,2542
XLP,XLF,XLK,XLE,XLV,XLY,XLI,XLB,XLU,2543
XLK,XLY,XLV,XLU,XLE,XLI,XLP,XLF,XLB,2544
XLB,XLY,XLF,XLP,XLV,XLK,XLU,XLI,XLE,2545
XLI,XLF,XLK,XLY,XLE,XLU,XLP,XLV,XLB,2546
XLV,XLU,XLF,XLI,XLY,XLP,XLB,XLE,XLK,2547
XLP,XLF,XLE,XLB,XLU,XLY,XLK,XLI,XLV,2548
XLK,XLB,XLF,XLP,XLU,XLI,XLE,XLV,XLY,2549
XLI,XLU,XLB,XLY,XLV,XLF,XLK,XLE,XLP,2550
XLP,XLK,XLI,XLB,XLY,XLF,XLV,XLE,XLU,2551
XLF,XLP,XLY,XLK,XLU,XLE,XLI,XLV,XLB,2552
XLE,XLF,XLU,XLI,XLY,XLP,XLB,XLK,XLV,2553
XLE,XLK,XLB,XLV,XLU,XLI,XLY,XLF,XLP,2554
XLU,XLE,XLB,XLI,XLP,XLY,XLV,XLK,XLF,2555
XLK,XLB,XLE,XLV,XLI,XLU,XLP,XLF,XLY,2556
XLE,XLU,XLY,XLV,XLF,XLI,XLK,XLB,XLP,2557
XLB,XLI,XLU,XLF,XLK,XLP,XLE,XLV,XLY,2558
XLP,XLE,XLK,XLF,XLI,XLY,XLV,XLU,XLB,2559
XLB,XLI,XLV,XLE,XLY,XLU,XLK,XLF,XLP,2560
XLV,XLP,XLU,XLE,XLY,XLF,XLK,XLI,XLB,2561
XLF,XLV,XLK,XLY,XLU,XLP,XLI,XLE,XLB,2562
XLU,XLK,XLF,XLP,XLE,XLY,XLI,XLV,XLB,2563
XLF,XLP,XLE,XLK,XLU,XLB,XLY,XLI,XLV,2564
XLF,XLP,XLV,XLU,XLE,XLK,XLI,XLB,XLY,2565
XLK,XLE,XLP,XLF,XLB,XLY,XLV,XLU,XLI,2566
XLY,XLV,XLF,XLU,XLE,XLI,XLB,XLK,XLP,2567
XLU,XLE,XLV,XLP,XLB,XLI,XLY,XLF,XLK,2568
XLY,XLV,XLU,XLB,XLF,XLP,XLE,XLI,XLK,2569
XLB,XLF,XLU,XLI,XLV,XLK,XLE,XLP,XLY,2570
XLV,XLE,XLF,XLU,XLY,XLB,XLI,XLP,XLK,2571
XLE,XLK,XLY,XLI,XLF,XLB,XLV,XLU,XLP,2572
XLB,XLE,XLP,XLY,XLK,XLU,XLI,XLV,XLF,2573
XLK,XLI,XLE,XLB,XLY,XLF,XLU,XLV,XLP,2574
XLE,XLP,XLY,XLK,XLF,XLB,XLI,XLV,XLU,2575
XLF,XLY,XLE,XLV,XLK,XLP,XLI,XLB,XLU,2576
XLB,XLP,XLV,XLF,XLY,XLU,XLI,XLK,XLE,2577
XLE,XLU,XLV,XLF,XLB,XLI,XLK,XLY,XLP,2578
XLK,XLY,XLE,XLV,XLF,XLP,XLB,XLU,XLI,2579
XLV,XLI,XLK,XLB,XLP,XLY,XLF,XLU,XLE,2580
XLK,XLB,XLU,XLV,XLE,XLY,XLP,XLF,XLI,2581
XLY,XLU,XLK,XLI,XLF,XLV,XLB,XLE,XLP,2582
XLE,XLI,XLB,XLP,XLY,XLK,XLV,XLU,XLF,2583
XLK,XLP,XLE,XLF,XLI,XLU,XLV,XLB,XLY,2584
XLV,XLE,XLB,XLU,XLI,XLP,XLK,XLF,XLY,2585
XLV,XLK,XLI,XLE,XLU,XLP,XLB,XLY,XLF,2586
XLK,XLY,XLP,XLU,XLI,XLV,XLB,XLF,XLE,2587
XLU,XLB,XLV,XLE,XLP,XLF,XLI,XLY,XLK,2588
XLB,XLU,XLE,XLV,XLK,XLY,XLF,XLP,XLI,2589
XLI,XLK,XLP,XLY,XLU,XLE,XLF,XLB,XLV,2590
XLK,XLY,XLP,XLI,XLV,XLU,XLF,XLB,XLE,2591
XLY,XLP,XLB,XLU,XLI,XLE,XLK,XLF,XLV,2592
XLB,XLI,XLP,XLE,XLF,XLK,XLY,XLV,XLU,2593
XLI,XLU,XLV,XLK,XLE,XLF,XLP,XLY,XLB,2594
XLF,XLI,XLE,XLB,XLU,XLY,XLV,XLK,XLP,2595
XLF,XLV,XLI,XLB,XLY,XLK,XLE,XLU,XLP,2596
XLB,XLY,XLP,XLE,XLI,XLV,XLK,XLF,XLU,2597
XLK,XLU,XLP,XLI,XLY,XLB,XLF,XLV,XLE,2598
XLB,XLY,XLV,XLF,XLI,XLU,XLE,XLK,XLP,2599
XLV,XLK,XLF,XLB,XLY,XLE,XLI,XLP,XLU,2600
XLV,XLE,XLF,XLP,XLB,XLU,XLI,XLK,XLY,2601
XLE,XLV,XLY,XLF,XLB,XLI,XLP,XLK,XLU,2602
XLV,XLU,XLY,XLE,XLP,XLF,XLI,XLK,XLB,2603
XLV,XLB,XLU,XLK,XLI,XLP,XLE,XLF,XLY,2604
XLU,XLE,XLY,XLB,XLI,XLK,XLF,XLP,XLV,2605
XLK,XLB,XLP,XLI,XLV,XLE,XLY,XLF,XLU,2606
XLV,XLK,XLP,XLF,XLY,XLU,XLI,XLE,XLB,2607
XLU,XLY,XLF,XLV,XLI,XLP,XLB,XLK,XLE,2608
XLY,XLU,XLI,XLV,XLE,XLP,XLK,XLB,XLF,2609
XLF,XLE,XLU,XLP,XLY,XLV,XLI,XLB,XLK,2610
XLU,XLB,XLE,XLF,XLP,XLY,XLV,XLI,XLK,2611
XLU,XLY,XLF,XLE,XLV,XLI,XLB,XLP,XLK,2612
XLY,XLU,XLB,XLE,XLK,XLF,XLI,XLP,XLV,2613
XLU,XLF,XLP,XLK,XLE,XLI,XLB,XLV,XLY,2614
XLU,XLY,XLI,XLF,XLE,XLB,XLP,XLV,XLK,2615
XLV,XLF,XLE,XLU,XLY,XLP,XLB,XLI,XLK,2616
XLE,XLP,XLV,XLB,XLU,XLY,XLI,XLK,XLF,2617
XLP,XLV,XLY,XLK,XLE,XLB,XLI,XLU,XLF,2618
XLV,XLF,XLP,XLY,XLI,XLE,XLK,XLU,XLB,2619
XLY,XLK,XLE,XLI,XLF,XLV,XLB,XLU,XLP,2620
XLV,XLB,XLU,XLF,XLK,XLE,XLY,XLP,XLI,2621
XLF,XLY,XLB,XLP,XLE,XLU,XLI,XLV,XLK,2622
XLK,XLU,XLY,XLV,XLB,XLF,XLE,XLP,XLI,2623
XLF,XLB,XLV,XLY,XLK,XLP,XLE,XLU,XLI,2624
XLB,XLV,XLY,XLF,XLE,XLK,XLU,XLP,XLI,2625
XLU,XLB,XLE,XLY,XLI,XLV,XLF,XLK,XLP,2626
XLU,XLE,XLK,XLF,XLB,XLI,XLV,XLP,XLY,2627
XLI,XLK,XLV,XLY,XLE,XLF,XLP,XLU,XLB,2628
XLI,XLV,XLF,XLP,XLY,XLB,XLU,XLK,XLE,2629
XLB,XLU,XLE,XLY,XLK,XLV,XLF,XLI,XLP,2630
XLV,XLP,XLY,XLU,XLE,XLB,XLI,XLF,XLK,2631
XLP,XLU,XLV,XLY,XLF,XLB,XLK,XLE,XLI,2632
XLF,XLP,XLI,XLK,XLY,XLU,XLE,XLB,XLV,2633
XLV,XLP,XLU,XLB,XLK,XLE,XLI,XLY,XLF,2634
XLK,XLB,XLI,XLU,XLY,XLF,XLP,XLE,XLV,2635
XLY,XLB,XLK,XLU,XLV,XLF,XLP,XLI,XLE,2636
XLK,XLY,XLU,XLV,XLI,XLF,XLE,XLB,XLP,2637
XLB,XLE,XLV,XLI,XLF,XLP,XLK,XLU,XLY,2638
XLK,XLE,XLI,XLB,XLP,XLV,XLU,XLY,XLF,2639
XLF,XLE,XLI,XLP,XLB,XLU,XLV,XLK,XLY,2640
XLE,XLB,XLF,XLI,XLP,XLU,XLV,XLY,XLK,2641
XLK,XLF,XLY,XLI,XLB,XLV,XLE,XLU,XLP,2642
XLU,XLY,XLP,XLK,XLF,XLB,XLE,XLV,XLI,2643
XLU,XLE,XLF,XLK,XLY,XLV,XLP,XLB,XLI,2644
XLI,XLV,XLF,XLY,XLP,XLU,XLB,XLK,XLE,2645
XLY,XLB,XLK,XLU,XLP,XLI,XLV,XLE,XLF,2646
XLI,XLE,XLY,XLK,XLB,XLF,XLV,XLU,XLP,2647
XLP,XLB,XLU,XLY,XLK,XLF,XLV,XLE,XLI,2648
XLB,XLI,XLY,XLP,XLF,XLU,XLV,XLK,XLE,2649
XLP,XLE,XLV,XLF,XLY,XLU,XLB,XLK,XLI,2650
XLE,XLF,XLI,XLV,XLU,XLP,XLB,XLK,XLY,2651
XLK,XLV,XLP,XLU,XLE,XLF,XLY,XLB,XLI,2652
XLI,XLB,XLE,XLK,XLU,XLV,XLY,XLP,XLF,2653
XLI,XLK,XLB,XLU,XLE,XLY,XLP,XLV,XLF,2654
XLU,XLP,XLK,XLI,XLV,XLB,XLE,XLF,XLY,2655
XLI,XLV,XLY,XLP,XLK,XLB,XLF,XLE,XLU,2656
XLP,XLF,XLB,XLE,XLK,XLY,XLU,XLV,XLI,2657
XLU,XLY,XLK,XLB,XLF,XLP,XLV,XLE,XLI,2658
XLB,XLE,XLY,XLI,XLP,XLU,XLV,XLK,XLF,2659
XLU,XLV,XLI,XLK,XLE,XLY,XLF,XLP,XLB,2660
XLF,XLU,XLV,XLI,XLE,XLY,XLP,XLK,XLB,2661
XLF,XLB,XLU,XLV,XLP,XLI,XLY,XLE,XLK,2662
XLI,XLP,XLF,XLY,XLU,XLE,XLK,XLB,XLV,2663
XLY,XLB,XLF,XLK,XLE,XLU,XLP,XLV,XLI,2664
XLY,XLI,XLB,XLP,XLE,XLV,XLK,XLU,XLF,2665
XLU,XLV,XLE,XLK,XLI,XLB,XLF,XLP,XLY,2666
XLV,XLB,XLF,XLY,XLK,XLP,XLI,XLE,XLU,2667
XLU,XLY,XLP,XLK,XLB,XLE,XLV,XLI,XLF,2668
XLK,XLV,XLF,XLU,XLP,XLI,XLE,XLB,XLY,2669
XLI,XLY,XLU,XLK,XLF,XLP,XLB,XLE,XLV,2670
XLF,XLU,XLB,XLI,XLY,XLV,XLE,XLP,XLK,2671
XLI,XLP,XLK,XLV,XLF,XLU,XLE,XLY,XLB,2672
XLB,XLE,XLP,XLV,XLU,XLK,XLF,XLY,XLI,2673
XLE,XLY,XLF,XLU,XLK,XLI,XLB,XLP,XLV,2674
XLU,XLV,XLK,XLB,XLF,XLI,XLY,XLP,XLE,2675
XLB,XLY,XLU,XLP,XLF,XLK,XLI,XLV,XLE,2676
XLP,XLY,XLF,XLI,XLE,XLK,XLU,XLB,XLV,2677
XLF,XLK,XLI,XLB,XLE,XLP,XLY,XLU,XLV,2678
XLU,XLF,XLY,XLE,XLB,XLI,XLP,XLV,XLK,2679
XLE,XLF,XLK,XLP,XLI,XLY,XLV,XLU,XLB,2680
XLI,XLB,XLP,XLV,XLY,XLK,XLF,XLU,XLE,2681
XLE,XLV,XLU,XLK,XLI,XLB,XLF,XLP,XLY,2682
XLY,XLB,XLK,XLI,XLP,XLU,XLF,XLV,XLE,2683
XLV,XLU,XLK,XLF,XLE,XLP,XLI,XLB,XLY,2684
XLP,XLV,XLB,XLK,XLU,XLE,XLY,XLI,XLF,2685
XLK,XLE,XLI,XLF,XLP,XLB,XLU,XLV,XLY,2686
XLV,XLF,XLY,XLP,XLK,XLU,XLI,XLE,XLB,2687
XLY,XLB,XLF,XLE,XLV,XLI,XLU,XLP,XLK,2688
XLE,XLI,XLY,XLV,XLK,XLU,XLF,XLP,XLB,2689
XLE,XLP,XLK,XLU,XLI,XLV,XLF,XLB,XLY,2690
XLP,XLF,XLV,XLI,XLK,XLB,XLY,XLE,XLU,2691
XLY,XLK,XLB,XLP,XLF,XLV,XLU,XLE,XLI,2692
XLI,XLP,XLF,XLY,XLV,XLU,XLE,XLB,XLK,2693
XLP,XLE,XLB,XLU,XLK,XLF,XLV,XLI,XLY,2694
XLV,XLI,XLP,XLK,XLE,XLB,XLY,XLU,XLF,2695
XLF,XLY,XLU,XLV,XLI,XLK,XLP,XLE,XLB,2696
XLB,XLF,XLP,XLK,XLV,XLE,XLI,XLY,XLU,2697
XLI,XLB,XLU,XLK,XLE,XLP,XLV,XLF,XLY,2698
XLF,XLU,XLE,XLI,XLB,XLY,XLV,XLK,XLP,2699
XLB,XLI,XLU,XLK,XLY,XLE,XLP,XLV,XLF,2700
XLE,XLK,XLU,XLB,XLP,XLY,XLF,XLI,XLV,2701
XLF,XLV,XLY,XLP,XLU,XLI,XLE,XLK,XLB,2702
XLE,XLI,XLF,XLK,XLP,XLU,XLY,XLV,XLB,2703
XLE,XLF,XLK,XLY,XLI,XLB,XLP,XLV,XLU,2704
XLI,XLY,XLK,XLP,XLB,XLE,XLV,XLF,XLU,2705
XLV,XLK,XLF,XLU,XLB,XLP,XLI,XLE,XLY,2706
XLF,XLP,XLE,XLU,XLV,XLI,XLK,XLB,XLY,2707
XLV,XLK,XLE,XLY,XLI,XLB,XLU,XLP,XLF,2708
XLE,XLB,XLK,XLY,XLF,XLU,XLV,XLI,XLP,2709
XLK,XLB,XLV,XLP,XLE,XLY,XLF,XLI,XLU,2710
XLB,XLE,XLK,XLV,XLI,XLF,XLY,XLU,XLP,2711
XLI,XLV,XLE,XLK,XLB,XLF,XLP,XLU,XLY,2712
XLK,XLF,XLU,XLY,XLP,XLB,XLE,XLI,XLV,2713
XLK,XLY,XLV,XLI,XLE,XLB,XLP,XLU,XLF,2714
XLV,XLU,XLB,XLI,XLK,XLF,XLP,XLE,XLY,2715
XLI,XLE,XLV,XLB,XLK,XLY,XLP,XLU,XLF,2716
XLP,XLI,XLY,XLE,XLK,XLB,XLU,XLF,XLV,2717
XLK,XLF,XLI,XLV,XLE,XLP,XLB,XLY,XLU,2718
XLB,XLU,XLY,XLI,XLE,XLP,XLK,XLV,XLF,2719
XLP,XLB,XLV,XLK,XLE,XLU,XLF,XLY,XLI,2720
XLB,XLK,XLE,XLF,XLP,XLV,XLI,XLU,XLY,2721
XLV,XLF,XLY,XLU,XLI,XLK,XLB,XLP,XLE,2722
XLE,XLF,XLK,XLB,XLV,XLY,XLP,XLI,XLU,2723
XLK,XLV,XLY,XLF,XLE,XLI,XLP,XLU,XLB,2724
XLB,XLI,XLK,XLV,XLE,XLY,XLU,XLP,XLF,2725
XLB,XLF,XLV,XLU,XLE,XLI,XLY,XLP,XLK,2726
XLI,XLB,XLF,XLV,XLU,XLE,XLK,XLY,XLP,2727
XLP,XLE,XLU,XLI,XLV,XLF,XLK,XLY,XLB,2728
XLY,XLI,XLF,XLV,XLB,XLP,XLU,XLE,XLK,2729
XLY,XLK,XLV,XLF,XLI,XLP,XLB,XLU,XLE,2730
XLI,XLP,XLB,XLU,XLK,XLV,XLE,XLF,XLY,2731
XLE,XLI,XLB,XLP,XLV,XLF,XLY,XLU,XLK,2732
XLP,XLU,XLE,XLF,XLV,XLI,XLY,XLK,XLB,2733
XLK,XLB,XLP,XLU,XLE,XLI,XLF,XLV,XLY,2734
XLE,XLP,XLI,XLK,XLF,XLV,XLU,XLB,XLY,2735
XLF,XLU,XLP,XLE,XLB,XLY,XLK,XLI,XLV,2736
XLI,XLP,XLK,XLB,XLF,XLU,XLY,XLV,XLE,2737
XLV,XLK,XLF,XLB,XLI,XLE,XLY,XLP,XLU,2738
XLB,XLU,XLP,XLE,XLI,XLV,XLF,XLK,XLY,2739
XLF,XLK,XLB,XLU,XLV,XLE,XLY,XLP,XLI,2740
XLY,XLP,XLB,XLU,XLK,XLV,XLI,XLE,XLF,2741
XLK,XLB,XLU,XLP,XLE,XLF,XLV,XLI,XLY,2742
XLP,XLB,XLE,XLI,XLV,XLU,XLF,XLK,XLY,2743
XLU,XLE,XLY,XLP,XLB,XLF,XLI,XLK,XLV,2744
XLF,XLE,XLK,XLI,XLY,XLB,XLU,XLP,XLV,2745
XLE,XLB,XLI,XLP,XLV,XLY,XLF,XLU,XLK,2746
XLY,XLF,XLV,XLB,XLP,XLK,XLE,XLU,XLI,2747
XLP,XLK,XLY,XLB,XLV,XLF,XLI,XLU,XLE,2748
XLU,XLP,XLF,XLE,XLK,XLV,XLI,XLY,XLB,2749
XLF,XLB,XLY,XLI,XLK,XLP,XLU,XLV,XLE,2750
XLK,XLV,XLF,XLI,XLY,XLU,XLB,XLE,XLP,2751
XLU,XLY,XLB,XLK,XLI,XLP,XLV,XLF,XLE,2752
XLY,XLV,XLF,XLK,XLP,XLE,XLU,XLI,XLB,2753
XLY,XLI,XLF,XLU,XLP,XLE,XLB,XLK,XLV,2754
XLB,XLK,XLE,XLP,XLY,XLF,XLU,XLV,XLI,2755
XLV,XLF,XLY,XLP,XLB,XLI,XLE,XLU,XLK,2756
XLV,XLK,XLP,XLY,XLI,XLB,XLU,XLF,XLE,2757
XLB,XLV,XLF,XLU,XLI,XLY,XLP,XLE,XLK,2758
XLY,XLI,XLB,XLK,XLV,XLP,XLF,XLU,XLE,2759
XLP,XLK,XLY,XLV,XLB,XLI,XLU,XLE,XLF,2760
XLU,XLB,XLF,XLI,XLY,XLK,XLE,XLP,XLV,2761
XLK,XLV,XLF,XLE,XLY,XLP,XLI,XLU,XLB,2762
XLV,XLP,XLY,XLE,XLF,XLB,XLK,XLU,XLI,2763
XLI,XLP,XLY,XLV,XLU,XLE,XLK,XLB,XLF,2764
XLY,XLK,XLI,XLV,XLU,XLF,XLB,XLE,XLP,2765
XLY,XLF,XLK,XLB,XLV,XLU,XLI,XLP,XLE,2766
XLB,XLY,XLP,XLV,XLF,XLI,XLE,XLU,XLK,2767
XLF,XLE,XLU,XLI,XLV,XLK,XLY,XLB,XLP,2768
XLB,XLI,XLV,XLE,XLY,XLU,XLF,XLK,XLP,2769
XLU,XLF,XLI,XLV,XLE,XLB,XLK,XLP,XLY,2770
XLU,XLK,XLP,XLE,XLY,XLF,XLB,XLI,XLV,2771
XLP,XLK,XLF,XLB,XLV,XLU,XLE,XLI,XLY,2772
XLU,XLB,XLF,XLK,XLY,XLP,XLE,XLV,XLI,2773
XLK,XLI,XLF,XLY,XLE,XLV,XLB,XLP,XLU,2774
XLB,XLP,XLK,XLE,XLU,XLY,XLV,XLF,XLI,2775
XLP,XLB,XLF,XLV,XLY,XLU,XLE,XLI,XLK,2776
XLY,XLF,XLB,XLI,XLU,XLV,XLK,XLP,XLE,2777
XLE,XLB,XLP,XLY,XLV,XLU,XLF,XLK,XLI,2778
XLB,XLU,XLP,XLV,XLF,XLK,XLE,XLI,XLY,2779
XLE,XLK,XLP,XLV,XLY,XLU,XLB,XLI,XLF,2780
XLF,XLY,XLV,XLK,XLP,XLI,XLB,XLU,XLE,2781
XLB,XLU,XLK,XLY,XLI,XLE,XLF,XLV,XLP,2782
XLK,XLP,XLF,XLI,XLB,XLY,XLE,XLU,XLV,2783
XLF,XLK,XLY,XLP,XLE,XLB,XLV,XLU,XLI,2784
XLK,XLV,XLB,XLY,XLP,XLU,XLF,XLE,XLI,2785
XLY,XLF,XLP,XLE,XLB,XLK,XLU,XLV,XLI,2786
XLY,XLV,XLF,XLP,XLI,XLK,XLE,XLU,XLB,2787
XLP,XLB,XLU,XLV,XLK,XLE,XLY,XLF,XLI,2788
XLU,XLV,XLP,XLE,XLB,XLY,XLI,XLK,XLF,2789
XLB,XLV,XLK,XLI,XLU,XLP,XLY,XLE,XLF,2790
XLF,XLV,XLP,XLK,XLB,XLY,XLE,XLU,XLI,2791
XLP,XLE,XLK,XLB,XLU,XLF,XLI,XLY,XLV,2792
XLP,XLU,XLF,XLV,XLE,XLK,XLI,XLY,XLB,2793
XLU,XLI,XLF,XLP,XLV,XLB,XLE,XLK,XLY,2794
XLY,XLP,XLU,XLV,XLF,XLB,XLK,XLE,XLI,2795
XLK,XLY,XLF,XLB,XLI,XLV,XLU,XLP,XLE,2796
XLB,XLE,XLU,XLF,XLK,XLI,XLP,XLV,XLY,2797
XLV,XLK,XLF,XLU,XLI,XLY,XLB,XLP,XLE,2798
XLU,XLY,XLF,XLK,XLB,XLI,XLP,XLV,XLE,2799
XLU,XLE,XLB,XLF,XLI,XLY,XLV,XLP,XLK,2800
XLP,XLB,XLU,XLI,XLE,XLY,XLV,XLK,XLF,2801
XLE,XLF,XLB,XLI,XLP,XLY,XLK,XLU,XLV,2802
XLY,XLI,XLU,XLF,XLB,XLV,XLK,XLP,XLE,2803
XLE,XLU,XLY,XLK,XLV,XLI,XLB,XLP,XLF,2804
XLV,XLU,XLK,XLF,XLI,XLE,XLB,XLY,XLP,2805
XLE,XLK,XLY,XLU,XLB,XLI,XLF,XLV,XLP,2806
XLU,XLK,XLV,XLB,XLP,XLY,XLE,XLF,XLI,2807
XLY,XLU,XLF,XLP,XLB,XLE,XLV,XLI,XLK,2808
XLU,XLV,XLB,XLK,XLI,XLF,XLY,XLE,XLP,2809
XLP,XLE,XLF,XLV,XLB,XLI,XLU,XLY,XLK,2810
XLV,XLI,XLE,XLP,XLF,XLY,XLK,XLB,XLU,2811
XLE,XLF,XLY,XLI,XLU,XLB,XLP,XLV,XLK,2812
XLF,XLE,XLB,XLY,XLI,XLK,XLV,XLP,XLU,2813
XLF,XLV,XLI,XLU,XLK,XLP,XLE,XLY,XLB,2814
XLK,XLF,XLE,XLY,XLB,XLI,XLP,XLU,XLV,2815
XLE,XLV,XLB,XLI,XLY,XLU,XLF,XLP,XLK,2816
XLI,XLY,XLU,XLF,XLV,XLK,XLP,XLB,XLE,2817
XLU,XLI,XLB,XLF,XLP,XLK,XLV,XLE,XLY,2818
XLV,XLY,XLB,XLK,XLE,XLP,XLF,XLI,XLU,2819
XLU,XLI,XLE,XLF,XLB,XLP,XLV,XLY,XLK,2820
XLP,XLU,XLB,XLK,XLV,XLF,XLI,XLY,XLE,2821
XLU,XLB,XLP,XLK,XLV,XLY,XLI,XLE,XLF,2822
XLU,XLK,XLF,XLY,XLI,XLB,XLP,XLE,XLV,2823
XLV,XLK,XLI,XLU,XLY,XLE,XLF,XLP,XLB,2824
XLV,XLY,XLB,XLK,XLF,XLE,XLP,XLI,XLU,2825
XLY,XLP,XLB,XLU,XLV,XLI,XLF,XLK,XLE,2826
XLU,XLB,XLF,XLI,XLE,XLK,XLY,XLP,XLV,2827
XLK,XLP,XLF,XLU,XLI,XLY,XLE,XLB,XLV,2828
XLF,XLV,XLI,XLY,XLE,XLP,XLU,XLK,XLB,2829
XLP,XLB,XLE,XLI,XLK,XLV,XLU,XLF,XLY,2830
XLF,XLV,XLU,XLK,XLB,XLP,XLE,XLI,XLY,2831
XLB,XLU,XLY,XLP,XLK,XLV,XLE,XLI,XLF,2832
XLE,XLV,XLK,XLY,XLI,XLP,XLU,XLF,XLB,2833
XLB,XLI,XLK,XLV,XLP,XLE,XLF,XLU,XLY,2834
XLY,XLV,XLP,XLB,XLE,XLU,XLF,XLK,XLI,2835
XLB,XLV,XLY,XLF,XLP,XLE,XLI,XLU,XLK,2836
XLB,XLE,XLF,XLI,XLP,XLV,XLU,XLK,XLY,2837
XLB,XLP,XLK,XLF,XLU,XLE,XLY,XLV,XLI,2838
XLY,XLE,XLF,XLP,XLV,XLB,XLK,XLI,XLU,2839
XLU,XLV,XLY,XLI,XLF,XLB,XLE,XLP,XLK,2840
XLE,XLB,XLF,XLK,XLI,XLU,XLV,XLY,XLP,2841
XLU,XLB,XLF,XLV,XLE,XLI,XLK,XLY,XLP,2842
XLI,XLP,XLU,XLF,XLB,XLY,XLK,XLE,XLV,2843
XLI,XLU,XLP,XLY,XLF,XLK,XLB,XLV,XLE,2844
XLB,XLE,XLV,XLU,XLP,XLK,XLF,XLI,XLY,2845
XLU,XLV,XLY,XLB,XLF,XLP,XLK,XLI,XLE,2846
XLY,XLV,XLE,XLI,XLB,XLK,XLU,XLF,XLP,2847
XLK,XLF,XLE,XLY,XLU,XLI,XLB,XLP,XLV,2848
XLB,XLV,XLK,XLI,XLE,XLU,XLY,XLF,XLP,2849
XLV,XLF,XLI,XLK,XLE,XLB,XLY,XLU,XLP,2850
XLY,XLF,XLP,XLV,XLB,XLK,XLU,XLI,XLE,2851
XLF,XLU,XLK,XLE,XLP,XLI,XLY,XLV,XLB,2852
XLI,XLP,XLV,XLB,XLK,XLE,XLF,XLU,XLY,2853
XLF,XLY,XLK,XLI,XLU,XLP,XLB,XLV,XLE,2854
XLU,XLB,XLP,XLK,XLV,XLY,XLF,XLI,XLE,2855
XLE,XLI,XLK,XLF,XLV,XLP,XLB,XLU,XLY,2856
XLV,XLE,XLY,XLI,XLK,XLB,XLF,XLU,XLP,2857
XLE,XLI,XLU,XLK,XLY,XLP,XLF,XLV,XLB,2858
XLB,XLV,XLU,XLE,XLK,XLY,XLF,XLI,XLP,2859
XLI,XLB,XLE,XLK,XLF,XLU,XLP,XLV,XLY,2860
XLY,XLF,XLI,XLP,XLU,XLE,XLK,XLB,XLV,2861
XLK,XLE,XLU,XLY,XLB,XLF,XLP,XLI,XLV,2862
XLU,XLB,XLY,XLP,XLV,XLE,XLI,XLK,XLF,2863
XLF,XLP,XLB,XLE,XLK,XLU,XLV,XLY,XLI,2864
XLE,XLU,XLK,XLP,XLB,XLY,XLF,XLI,XLV,2865
XLK,XLY,XLV,XLI,XLP,XLF,XLB,XLE,XLU,2866
XLF,XLY,XLU,XLK,XLI,XLP,XLV,XLB,XLE,2867
XLB,XLK,XLU,XLP,XLI,XLY,XLV,XLE,XLF,2868
XLY,XLI,XLE,XLB,XLF,XLP,XLK,XLV,XLU,2869
XLV,XLY,XLI,XLK,XLE,XLF,XLB,XLU,XLP,2870
XLI,XLK,XLV,XLF,XLB,XLY,XLP,XLE,XLU,2871
XLP,XLK,XLU,XLY,XLE,XLF,XLI,XLV,XLB,2872
XLI,XLK,XLY,XLU,XLV,XLB,XLE,XLP,XLF,2873
XLU,XLB,XLE,XLK,XLV,XLI,XLP,XLY,XLF,2874
XLF,XLE,XLU,XLY,XLV,XLP,XLB,XLK,XLI,2875
XLY,XLF,XLB,XLK,XLU,XLP,XLE,XLV,XLI,2876
XLV,XLF,XLU,XLI,XLY,XLK,XLP,XLB,XLE,2877
XLK,XLY,XLB,XLI,XLE,XLU,XLV,XLF,XLP,2878
XLE,XLK,XLP,XLY,XLF,XLU,XLI,XLV,XLB,2879
XLB,XLI,XLU,XLE,XLK,XLY,XLF,XLP,XLV,2880
XLK,XLE,XLP,XLI,XLV,XLU,XLB,XLF,XLY,2881
XLV,XLK,XLY,XLI,XLB,XLP,XLU,XLE,XLF,2882
XLV,XLI,XLY,XLF,XLB,XLE,XLP,XLU,XLK,2883
XLU,XLP,XLI,XLF,XLB,XLY,XLV,XLK,XLE,2884
XLI,XLB,XLU,XLK,XLV,XLE,XLY,XLP,XLF,2885
XLF,XLE,XLV,XLP,XLY,XLB,XLU,XLK,XLI,2886
XLB,XLP,XLF,XLU,XLI,XLE,XLY,XLK,XLV,2887
XLY,XLV,XLK,XLF,XLU,XLE,XLB,XLI,XLP,2888
XLB,XLF,XLK,XLV,XLE,XLI,XLU,XLY,XLP,2889
XLP,XLK,XLU,XLF,XLY,XLI,XLB,XLV,XLE,2890
XLY,XLF,XLI,XLV,XLB,XLE,XLP,XLK,XLU,2891
XLV,XLI,XLY,XLK,XLP,XLF,XLE,XLB,XLU,2892
XLP,XLU,XLK,XLE,XLB,XLV,XLI,XLY,XLF,2893
XLU,XLK,XLB,XLI,XLV,XLP,XLF,XLE,XLY,2894
XLE,XLF,XLY,XLI,XLP,XLU,XLB,XLV,XLK,2895
XLP,XLV,XLU,XLY,XLI,XLE,XLB,XLF,XLK,2896
XLK,XLI,XLU,XLF,XLB,XLY,XLE,XLV,XLP,2897
XLI,XLE,XLP,XLY,XLF,XLV,XLK,XLU,XLB,2898
XLI,XLB,XLP,XLV,XLU,XLY,XLK,XLF,XLE,2899
XLV,XLI,XLU,XLF,XLE,XLB,XLP,XLY,XLK,2900
XLI,XLY,XLB,XLE,XLF,XLV,XLU,XLP,XLK,2901
XLF,XLY,XLI,XLU,XLK,XLE,XLP,XLB,XLV,2902
XLP,XLY,XLV,XLF,XLB,XLU,XLI,XLK,XLE,2903
XLF,XLB,XLP,XLI,XLV,XLE,XLK,XLY,XLU,2904
XLI,XLB,XLE,XLP,XLK,XLV,XLU,XLY,XLF,2905
XLB,XLI,XLF,XLU,XLY,XLP,XLK,XLE,XLV,2906
XLE,XLK,XLU,XLI,XLB,XLF,XLY,XLP,XLV,2907
XLV,XLE,XLK,XLI,XLF,XLP,XLU,XLY,XLB,2908
XLV,XLB,XLY,XLE,XLF,XLK,XLP,XLU,XLI,2909
XLF,XLU,XLP,XLY,XLK,XLI,XLV,XLB,XLE,2910
XLP,XLV,XLF,XLU,XLY,XLB,XLI,XLK,XLE,2911
XLV,XLE,XLP,XLY,XLF,XLK,XLU,XLB,XLI,2912
XLP,XLB,XLF,XLE,XLU,XLY,XLV,XLI,XLK,2913
XLE,XLB,XLF,XLV,XLY,XLU,XLI,XLP,XLK,2914
XLE,XLU,XLI,XLF,XLY,XLV,XLK,XLB,XLP,2915
XLB,XLF,XLV,XLP,XLY,XLE,XLK,XLU,XLI,2916
XLI,XLF,XLK,XLB,XLP,XLE,XLY,XLV,XLU,2917
XLY,XLK,XLE,XLU,XLB,XLP,XLI,XLV,XLF,2918
XLY,XLF,XLK,XLB,XLE,XLI,XLP,XLV,XLU,2919
XLU,XLY,XLE,XLF,XLK,XLP,XLV,XLI,XLB,2920
XLB,XLY,XLU,XLE,XLP,XLV,XLK,XLF,XLI,2921
XLY,XLV,XLU,XLP,XLK,XLB,XLF,XLE,XLI,2922
XLE,XLY,XLI,XLP,XLF,XLU,XLB,XLV,XLK,2923
XLY,XLF,XLV,XLK,XLU,XLE,XLP,XLI,XLB,2924
XLF,XLY,XLV,XLI,XLE,XLU,XLP,XLB,XLK,2925
XLU,XLY,XLK,XLP,XLB,XLF,XLV,XLI,XLE,2926
XLV,XLE,XLU,XLY,XLK,XLB,XLF,XLP,XLI,2927
XLK,XLI,XLB,XLU,XLV,XLY,XLE,XLF,XLP,2928
XLV,XLF,XLY,XLB,XLK,XLE,XLI,XLU,XLP,2929
XLK,XLP,XLE,XLY,XLF,XLU,XLV,XLB,XLI,2930
XLV,XLP,XLK,XLB,XLE,XLF,XLY,XLU,XLI,2931
XLU,XLP,XLF,XLI,XLY,XLV,XLE,XLK,XLB,2932
XLE,XLV,XLF,XLI,XLK,XLU,XLP,XLB,XLY,2933
XLE,XLU,XLF,XLI,XLP,XLK,XLB,XLY,XLV,2934
XLP,XLU,XLE,XLF,XLK,XLI,XLV,XLB,XLY,2935
XLE,XLU,XLF,XLK,XLV,XLP,XLB,XLY,XLI,2936
XLP,XLU,XLF,XLI,XLB,XLE,XLV,XLK,XLY,2937
XLK,XLY,XLI,XLB,XLV,XLP,XLU,XLE,XLF,2938
XLF,XLY,XLK,XLU,XLV,XLI,XLP,XLE,XLB,2939
XLK,XLB,XLE,XLV,XLF,XLP,XLI,XLY,XLU,2940
XLI,XLV,XLB,XLK,XLF,XLY,XLU,XLE,XLP,2941
XLF,XLU,XLB,XLI,XLE,XLP,XLY,XLV,XLK,2942
XLU,XLE,XLV,XLF,XLP,XLI,XLY,XLK,XLB,2943
XLF,XLI,XLP,XLB,XLV,XLK,XLU,XLY,XLE,2944
XLY,XLE,XLI,XLK,XLP,XLV,XLU,XLF,XLB,2945
XLI,XLK,XLU,XLY,XLE,XLP,XLB,XLV,XLF,2946
XLF,XLI,XLK,XLU,XLB,XLV,XLP,XLE,XLY,2947
XLP,XLK,XLU,XLF,XLB,XLY,XLE,XLV,XLI,2948
XLP,XLY,XLI,XLK,XLF,XLU,XLE,XLB,XLV,2949
XLY,XLE,XLV,XLI,XLU,XLB,XLP,XLF,XLK,2950
XLY,XLU,XLK,XLF,XLE,XLI,XLV,XLP,XLB,2951
XLF,XLU,XLB,XLI,XLK,XLV,XLE,XLY,XLP,2952
XLF,XLU,XLY,XLB,XLV,XLP,XLE,XLI,XLK,2953
XLU,XLE,XLV,XLF,XLB,XLP,XLK,XLI,XLY,2954
XLB,XLY,XLV,XLK,XLF,XLU,XLE,XLI,XLP,2955
XLE,XLV,XLI,XLP,XLB,XLF,XLK,XLY,XLU,2956
XLE,XLP,XLY,XLB,XLK,XLU,XLF,XLV,XLI,2957
XLK,XLV,XLP,XLE,XLB,XLU,XLY,XLI,XLF,2958
XLP,XLV,XLI,XLF,XLU,XLE,XLB,XLK,XLY,2959
XLU,XLF,XLV,XLK,XLE,XLI,XLB,XLP,XLY,2960
XLY,XLE,XLK,XLB,XLP,XLU,XLI,XLV,XLF,2961
XLF,XLE,XLU,XLK,XLB,XLP,XLY,XLI,XLV,2962
XLF,XLV,XLY,XLU,XLK,XLE,XLB,XLP,XLI,2963
XLK,XLE,XLB,XLI,XLY,XLP,XLV,XLF,XLU,2964
XLF,XLK,XLY,XLE,XLU,XLI,XLV,XLP,XLB,2965
XLP,XLY,XLK,XLV,XLE,XLI,XLF,XLB,XLU,2966
XLP,XLU,XLF,XLK,XLE,XLV,XLI,XLB,XLY,2967
XLF,XLY,XLE,XLU,XLK,XLB,XLP,XLV,XLI,2968
XLB,XLY,XLU,XLI,XLV,XLE,XLP,XLF,XLK,2969
XLI,XLV,XLP,XLE,XLY,XLK,XLB,XLU,XLF,2970
XLK,XLY,XLV,XLF,XLP,XLB,XLE,XLU,XLI,2971
XLF,XLU,XLB,XLV,XLI,XLK,XLE,XLY,XLP,2972
XLU,XLY,XLK,XLV,XLE,XLF,XLI,XLP,XLB,2973
XLI,XLF,XLB,XLY,XLV,XLE,XLU,XLP,XLK,2974
XLF,XLI,XLY,XLE,XLP,XLU,XLV,XLB,XLK,2975
XLB,XLI,XLV,XLK,XLF,XLE,XLU,XLP,XLY,2976
XLI,XLY,XLB,XLV,XLF,XLE,XLP,XLK,XLU,2977
XLK,XLB,XLF,XLP,XLY,XLV,XLU,XLE,XLI,2978
XLY,XLP,XLK,XLI,XLF,XLE,XLV,XLU,XLB,2979
XLP,XLY,XLE,XLF,XLU,XLV,XLI,XLB,XLK,2980
XLU,XLK,XLF,XLP,XLY,XLI,XLE,XLV,XLB,2981
XLF,XLE,XLI,XLV,XLU,XLP,XLK,XLY,XLB,2982
XLE,XLU,XLY,XLP,XLF,XLI,XLK,XLB,XLV,2983
XLE,XLV,XLI,XLF,XLU,XLB,XLK,XLY,XLP,2984
XLF,XLY,XLE,XLK,XLU,XLV,XLP,XLB,XLI,2985
XLE,XLF,XLY,XLI,XLV,XLP,XLU,XLB,XLK,2986
XLI,XLV,XLY,XLU,XLF,XLP,XLK,XLE,XLB,2987
XLB,XLU,XLY,XLV,XLI,XLP,XLF,XLE,XLK,2988
XLU,XLV,XLE,XLP,XLB,XLI,XLF,XLY,XLK,2989
XLP,XLU,XLK,XLI,XLE,XLY,XLB,XLV,XLF,2990
XLU,XLE,XLB,XLP,XLK,XLI,XLF,XLY,XLV,2991
XLK,XLU,XLF,XLY,XLV,XLP,XLI,XLB,XLE,2992
XLV,XLP,XLK,XLB,XLU,XLI,XLY,XLE,XLF,2993
XLK,XLE,XLP,XLU,XLF,XLY,XLI,XLB,XLV,2994
XLP,XLI,XLB,XLV,XLF,XLY,XLK,XLU,XLE,2995
XLI,XLU,XLB,XLY,XLK,XLP,XLF,XLV,XLE,2996
XLP,XLE,XLK,XLB,XLV,XLY,XLI,XLF,XLU,2997
XLU,XLF,XLP,XLI,XLE,XLB,XLK,XLY,XLV,2998
XLY,XLK,XLI,XLP,XLB,XLV,XLF,XLU,XLE,2999
XLY,XLP,XLE,XLK,XLU,XLI,XLB,XLF,XLV,3000
XLI,XLF,XLK,XLE,XLB,XLY,XLP,XLV,XLU,3001
XLF,XLY,XLI,XLP,XLU,XLE,XLB,XLV,XLK,3002
XLI,XLU,XLB,XLK,XLV,XLY,XLE,XLF,XLP,3003
XLP,XLE,XLU,XLB,XLV,XLY,XLI,XLF,XLK,3004
XLY,XLE,XLB,XLV,XLP,XLF,XLI,XLK,XLU,3005
XLI,XLV,XLE,XLY,XLF,XLK,XLU,XLP,XLB,3006
XLP,XLU,XLF,XLE,XLV,XLB,XLK,XLI,XLY,3007
XLV,XLY,XLB,XLE,XLK,XLU,XLI,XLP,XLF,3008
XLE,XLB,XLF,XLP,XLY,XLU,XLV,XLK,XLI,3009
XLI,XLU,XLP,XLK,XLV,XLY,XLE,XLB,XLF,3010
XLI,XLF,XLP,XLK,XLV,XLY,XLB,XLE,XLU,3011
XLP,XLE,XLU,XLK,XLY,XLF,XLB,XLV,XLI,3012
XLB,XLV,XLP,XLY,XLI,XLK,XLE,XLU,XLF,3013
XLB,XLF,XLU,XLE,XLV,XLK,XLP,XLI,XLY,3014
XLF,XLV,XLY,XLE,XLU,XLK,XLI,XLB,XLP,3015
XLV,XLP,XLI,XLF,XLY,XLK,XLE,XLB,XLU,3016
XLP,XLI,XLB,XLF,XLU,XLY,XLV,XLK,XLE,3017
XLY,XLE,XLK,XLB,XLF,XLI,XLP,XLU,XLV,3018
XLP,XLK,XLI,XLF,XLY,XLV,XLB,XLE,XLU,3019
XLU,XLK,XLP,XLB,XLE,XLF,XLI,XLV,XLY,3020
XLU,XLB,XLP,XLE,XLK,XLF,XLV,XLI,XLY,3021
XLB,XLU,XLE,XLI,XLK,XLY,XLF,XLV,XLP,3022
XLK,XLP,XLV,XLY,XLI,XLE,XLF,XLU,XLB,3023
XLU,XLY,XLE,XLV,XLP,XLF,XLI,XLK,XLB,3024
XLB,XLF,XLE,XLU,XLY,XLV,XLI,XLK,XLP,3025
XLP,XLB,XLI,XLF,XLU,XLE,XLV,XLK,XLY,3026
XLB,XLF,XLU,XLI,XLE,XLV,XLP,XLK,XLY,3027
XLU,XLB,XLK,XLI,XLP,XLF,XLY,XLE,XLV,3028
XLP,XLY,XLE,XLV,XLK,XLB,XLF,XLU,XLI,3029
XLF,XLV,XLE,XLK,XLU,XLB,XLY,XLI,XLP,3030
XLP,XLI,XLU,XLV,XLK,XLE,XLY,XLF,XLB,3031
XLY,XLF,XLU,XLV,XLB,XLI,XLK,XLE,XLP,3032
XLE,XLP,XLB,XLV,XLF,XLK,XLY,XLI,XLU,3033
XLE,XLY,XLF,XLP,XLV,XLB,XLU,XLI,XLK,3034
XLF,XLI,XLU,XLP,XLY,XLV,XLB,XLE,XLK,3035
XLY,XLU,XLP,XLK,XLI,XLV,XLF,XLB,XLE,3036
XLK,XLV,XLB,XLY,XLP,XLF,XLU,XLE,XLI,3037
XLP,XLE,XLK,XLB,XLY,XLF,XLU,XLV,XLI,3038
XLK,XLV,XLU,XLY,XLE,XLP,XLF,XLB,XLI,3039
XLK,XLV,XLP,XLI,XLF,XLB,XLU,XLE,XLY,3040
XLK,XLY,XLB,XLV,XLP,XLF,XLE,XLI,XLU,3041
XLK,XLF,XLU,XLI,XLV,XLY,XLB,XLE,XLP,3042
XLF,XLV,XLI,XLP,XLE,XLK,XLY,XLU,XLB,3043
XLB,XLK,XLE,XLU,XLP,XLF,XLY,XLI,XLV,3044
XLK,XLB,XLU,XLI,XLP,XLV,XLE,XLF,XLY,3045
XLY,XLF,XLI,XLV,XLK,XLU,XLB,XLE,XLP,3046
XLK,XLB,XLI,XLV,XLU,XLP,XLF,XLE,XLY,3047
XLU,XLB,XLP,XLY,XLF,XLK,XLI,XLE,XLV,3048
XLP,XLE,XLI,XLV,XLK,XLF,XLY,XLB,XLU,3049
XLU,XLY,XLF,XLK,XLP,XLE,XLV,XLB,XLI,3050
XLU,XLE,XLF,XLI,XLB,XLK,XLP,XLY,XLV,3051
XLI,XLU,XLY,XLV,XLK,XLB,XLF,XLE,XLP,3052
XLE,XLF,XLU,XLP,XLV,XLI,XLK,XLB,XLY,3053
XLI,XLB,XLY,XLE,XLK,XLF,XLU,XLV,XLP,3054
XLY,XLE,XLI,XLB,XLK,XLU,XLV,XLP,XLF,3055
XLB,XLV,XLE,XLI,XLF,XLP,XLY,XLK,XLU,3056
XLB,XLU,XLY,XLE,XLK,XLI,XLF,XLV,XLP,3057
XLE,XLV,XLF,XLP,XLB,XLY,XLI,XLU,XLK,3058
XLF,XLE,XLB,XLK,XLY,XLU,XLP,XLI,XLV,3059
XLK,XLF,XLV,XLY,XLI,XLB,XLP,XLU,XLE,3060
XLE,XLI,XLF,XLK,XLY,XLV,XLP,XLU,XLB,3061
XLB,XLV,XLP,XLY,XLK,XLU,XLE,XLI,XLF,3062
XLV,XLF,XLY,XLE,XLK,XLB,XLU,XLP,XLI,3063
XLU,XLV,XLK,XLP,XLB,XLE,XLF,XLI,XLY,3064
XLV,XLP,XLE,XLF,XLB,XLK,XLU,XLI,XLY,3065
XLP,XLY,XLF,XLI,XLE,XLU,XLK,XLB,XLV,3066
XLB,XLI,XLV,XLY,XLP,XLF,XLK,XLU,XLE,3067
XLI,XLV,XLE,XLU,XLY,XLK,XLB,XLF,XLP,3068
XLK,XLF,XLY,XLP,XLU,XLV,XLB,XLI,XLE,3069
XLP,XLE,XLF,XLB,XLI,XLK,XLY,XLU,XLV,3070
XLP,XLV,XLI,XLE,XLF,XLB,XLK,XLU,XLY,3071
XLI,XLY,XLF,XLB,XLP,XLK,XLE,XLU,XLV,3072
XLF,XLE,XLB,XLY,XLV,XLI,XLP,XLK,XLU,3073
XLK,XLU,XLI,XLV,XLP,XLY,XLF,XLE,XLB,3074
XLV,XLF,XLI,XLK,XLE,XLY,XLP,XLU,XLB,3075
XLP,XLI,XLU,XLF,XLB,XLE,XLV,XLY,XLK,3076
XLP,XLU,XLY,XLV,XLE,XLK,XLI,XLF,XLB,3077
XLI,XLB,XLV,XLF,XLK,XLE,XLU,XLY,XLP,3078
XLB,XLK,XLI,XLF,XLE,XLY,XLU,XLV,XLP,3079
XLE,XLV,XLF,XLY,XLU,XLK,XLP,XLB,XLI,3080
XLV,XLY,XLE,XLI,XLK,XLB,XLP,XLU,XLF,3081
XLI,XLF,XLB,XLY,XLU,XLP,XLV,XLE,XLK,3082
XLI,XLP,XLK,XLE,XLV,XLY,XLF,XLB,XLU,3083
XLK,XLF,XLP,XLB,XLV,XLY,XLI,XLE,XLU,3084
XLK,XLI,XLU,XLE,XLY,XLP,XLB,XLF,XLV,3085
XLE,XLI,XLU,XLV,XLY,XLK,XLB,XLP,XLF,3086
XLE,XLF,XLP,XLY,XLB,XLK,XLV,XLU,XLI,3087
XLU,XLB,XLP,XLK,XLY,XLI,XLE,XLF,XLV,3088
XLI,XLE,XLP,XLY,XLU,XLV,XLK,XLB,XLF,3089
XLF,XLI,XLB,XLP,XLU,XLV,XLE,XLK,XLY,3090
XLY,XLU,XLB,XLI,XLF,XLK,XLE,XLP,XLV,3091
XLK,XLV,XLY,XLF,XLU,XLB,XLE,XLP,XLI,3092
XLE,XLY,XLP,XLU,XLK,XLI,XLV,XLB,XLF,3093
XLU,XLE,XLK,XLV,XLB,XLP,XLF,XLY,XLI,3094
XLE,XLB,XLP,XLI,XLY,XLF,XLV,XLU,XLK,3095
XLV,XLP,XLI,XLB,XLY,XLK,XLE,XLU,XLF,3096
XLB,XLF,XLK,XLY,XLP,XLE,XLV,XLI,XLU,3097
XLE,XLI,XLK,XLB,XLY,XLF,XLP,XLU,XLV,3098
XLU,XLV,XLP,XLB,XLF,XLK,XLE,XLY,XLI,3099
XLF,XLB,XLI,XLP,XLY,XLV,XLE,XLU,XLK,3100
XLK,XLB,XLI,XLE,XLF,XLV,XLU,XLP,XLY,3101
XLU,XLP,XLK,XLB,XLE,XLY,XLI,XLF,XLV,3102
XLB,XLE,XLI,XLK,XLV,XLU,XLP,XLY,XLF,3103
XLF,XLE,XLB,XLV,XLP,XLY,XLI,XLU,XLK,3104
XLP,XLB,XLU,XLV,XLI,XLF,XLK,XLY,XLE,3105
XLV,XLI,XLU,XLE,XLB,XLK,XLP,XLF,XLY,3106
XLU,XLP,XLF,XLY,XLB,XLI,XLV,XLE,XLK,3107
XLE,XLF,XLB,XLU,XLP,XLV,XLI,XLY,XLK,3108
XLV,XLB,XLI,XLK,XLE,XLU,XLP,XLF,XLY,3109
XLI,XLF,XLE,XLU,XLV,XLY,XLB,XLP,XLK,3110
XLI,XLP,XLB,XLV,XLF,XLY,XLK,XLU,XLE,3111
XLY,XLF,XLV,XLB,XLI,XLP,XLU,XLE,XLK,3112
XLI,XLY,XLV,XLP,XLE,XLK,XLB,XLF,XLU,3113
XLU,XLF,XLE,XLI,XLV,XLK,XLB,XLY,XLP,3114
XLU,XLV,XLY,XLI,XLF,XLE,XLK,XLB,XLP,3115
XLI,XLV,XLB,XLY,XLP,XLE,XLU,XLK,XLF,3116
XLK,XLY,XLB,XLE,XLF,XLU,XLP,XLV,XLI,3117
XLB,XLY,XLP,XLV,XLI,XLE,XLF,XLK,XLU,3118
XLI,XLU,XLY,XLB,XLF,XLV,XLE,XLP,XLK,3119
XLY,XLI,XLE,XLV,XLK,XLB,XLP,XLF,XLU,3120
XLU,XLP,XLF,XLK,XLE,XLY,XLV,XLI,XLB,3121
XLB,XLP,XLI,XLK,XLU,XLF,XLV,XLY,XLE,3122
XLI,XLP,XLB,XLE,XLF,XLU,XLV,XLK,XLY,3123
XLY,XLI,XLE,XLK,XLB,XLV,XLP,XLU,XLF,3124
XLY,XLU,XLI,XLF,XLK,XLP,XLV,XLB,XLE,3125
XLF,XLP,XLY,XLK,XLB,XLI,XLU,XLE,XLV,3126
XLY,XLV,XLE,XLK,XLI,XLU,XLP,XLB,XLF,3127
XLB,XLK,XLI,XLF,XLV,XLE,XLP,XLU,XLY,3128
XLY,XLK,XLF,XLE,XLV,XLI,XLU,XLB,XLP,3129
XLY,XLB,XLV,XLE,XLF,XLU,XLK,XLP,XLI,3130
XLE,XLF,XLK,XLP,XLU,XLY,XLI,XLV,XLB,3131
XLB,XLK,XLV,XLF,XLP,XLI,XLY,XLE,XLU,3132
XLV,XLK,XLB,XLF,XLU,XLY,XLP,XLI,XLE,3133
XLY,XLI,XLV,XLK,XLB,XLE,XLF,XLP,XLU,3134
XLP,XLB,XLK,XLV,XLY,XLF,XLI,XLU,XLE,3135
XLU,XLE,XLY,XLB,XLF,XLV,XLK,XLP,XLI,3136
XLV,XLI,XLB,XLU,XLE,XLF,XLK,XLY,XLP,3137
XLY,XLK,XLB,XLU,XLV,XLE,XLF,XLP,XLI,3138
XLK,XLI,XLE,XLY,XLB,XLP,XLF,XLV,XLU,3139
XLU,XLI,XLB,XLE,XLY,XLK,XLP,XLF,XLV,3140
XLY,XLI,XLP,XLU,XLB,XLE,XLF,XLV,XLK,3141
XLE,XLB,XLK,XLY,XLI,XLP,XLU,XLV,XLF,3142
XLY,XLF,XLP,XLU,XLI,XLE,XLB,XLK,XLV,3143
XLY,XLE,XLF,XLI,XLV,XLU,XLK,XLB,XLP,3144
XLY,XLV,XLI,XLU,XLB,XLP,XLF,XLE,XLK,3145
XLB,XLY,XLE,XLV,XLP,XLI,XLF,XLU,XLK,3146
XLF,XLP,XLE,XLB,XLV,XLU,XLI,XLK,XLY,3147
XLU,XLY,XLP,XLV,XLK,XLE,XLB,XLF,XLI,3148
XLB,XLE,XLV,XLP,XLY,XLF,XLI,XLU,XLK,3149
XLY,XLI,XLK,XLP,XLB,XLF,XLU,XLE,XLV,3150
XLE,XLP,XLI,XLY,XLV,XLF,XLU,XLB,XLK,3151
XLF,XLI,XLP,XLU,XLE,XLK,XLB,XLV,XLY,3152
XLP,XLE,XLU,XLF,XLK,XLY,XLV,XLI,XLB,3153
XLF,XLU,XLI,XLB,XLE,XLY,XLV,XLK,XLP,3154
XLE,XLI,XLY,XLV,XLP,XLK,XLF,XLU,XLB,3155
XLP,XLB,XLU,XLV,XLY,XLE,XLK,XLF,XLI,3156
XLY,XLI,XLV,XLE,XLB,XLK,XLF,XLU,XLP,3157
XLB,XLV,XLP,XLF,XLE,XLU,XLY,XLK,XLI,3158
XLP,XLK,XLU,XLY,XLF,XLE,XLV,XLI,XLB,3159
XLU,XLF,XLY,XLP,XLE,XLB,XLI,XLV,XLK,3160
XLE,XLY,XLB,XLV,XLP,XLU,XLI,XLF,XLK,3161
XLF,XLV,XLE,XLI,XLK,XLP,XLU,XLB,XLY,3162
XLY,XLF,XLV,XLP,XLK,XLE,XLI,XLB,XLU,3163
XLV,XLB,XLK,XLU,XLI,XLY,XLF,XLP,XLE,3164
XLU,XLK,XLF,XLB,XLE,XLY,XLP,XLI,XLV,3165
XLK,XLF,XLP,XLE,XLI,XLB,XLV,XLY,XLU,3166
XLV,XLB,XLE,XLF,XLK,XLP,XLI,XLY,XLU,3167
XLK,XLP,XLI,XLE,XLV,XLF,XLB,XLU,XLY,3168
XLB,XLU,XLP,XLV,XLY,XLK,XLI,XLF,XLE,3169
XLI,XLB,XLE,XLY,XLP,XLF,XLV,XLU,XLK,3170
XLI,XLP,XLK,XLB,XLE,XLV,XLU,XLF,XLY,3171
XLY,XLU,XLB,XLV,XLK,XLI,XLE,XLF,XLP,3172
XLV,XLY,XLP,XLU,XLB,XLK,XLE,XLF,XLI,3173
XLP,XLB,XLU,XLV,XLF,XLK,XLY,XLE,XLI,3174
XLU,XLP,XLK,XLB,XLE,XLY,XLI,XLF,XLV,3175
XLB,XLU,XLV,XLF,XLI,XLK,XLE,XLP,XLY,3176
XLF,XLE,XLY,XLK,XLV,XLP,XLI,XLB,XLU,3177
XLK,XLV,XLB,XLY,XLF,XLI,XLU,XLE,XLP,3178
XLK,XLF,XLB,XLY,XLE,XLU,XLI,XLV,XLP,3179
XLE,XLI,XLF,XLV,XLK,XLY,XLB,XLP,XLU,3180
XLF,XLP,XLY,XLI,XLB,XLV,XLE,XLU,XLK,3181
XLU,XLK,XLF,XLI,XLE,XLV,XLB,XLY,XLP,3182
XLB,XLK,XLU,XLP,XLV,XLY,XLF,XLE,XLI,3183
XLI,XLU,XLF,XLB,XLK,XLP,XLY,XLV,XLE,3184
XLK,XLF,XLP,XLV,XLE,XLI,XLU,XLB,XLY,3185
XLK,XLB,XLY,XLI,XLP,XLV,XLE,XLU,XLF,3186
XLI,XLF,XLE,XLB,XLK,XLU,XLV,XLY,XLP,3187
XLU,XLE,XLF,XLP,XLB,XLV,XLY,XLK,XLI,3188
XLK,XLF,XLY,XLI,XLB,XLV,XLU,XLE,XLP,3189
XLU,XLY,XLE,XLP,XLV,XLI,XLB,XLK,XLF,3190
XLP,XLE,XLB,XLI,XLV,XLU,XLF,XLY,XLK,3191
XLB,XLV,XLU,XLF,XLY,XLK,XLI,XLE,XLP,3192
XLB,XLP,XLF,XLY,XLI,XLV,XLE,XLK,XLU,3193
XLY,XLI,XLF,XLU,XLP,XLV,XLB,XLE,XLK,3194
XLY,XLK,XLF,XLP,XLB,XLV,XLU,XLI,XLE,3195
XLI,XLP,XLY,XLB,XLK,XLF,XLU,XLE,XLV,3196
XLP,XLK,XLY,XLV,XLF,XLE,XLB,XLI,XLU,3197
XLK,XLU,XLE,XLV,XLI,XLY,XLP,XLF,XLB,3198
XLV,XLI,XLY,XLE,XLU,XLB,XLP,XLK,XLF,3199
XLK,XLB,XLF,XLE,XLU,XLY,XLI,XLV,XLP,3200
XLI,XLE,XLY,XLK,XLU,XLB,XLP,XLF,XLV,3201
XLU,XLP,XLI,XLF,XLY,XLB,XLK,XLV,XLE,3202
XLI,XLY,XLK,XLB,XLE,XLU,XLF,XLP,XLV,3203
XLE,XLP,XLB,XLI,XLV,XLY,XLF,XLU,XLK,3204
XLK,XLI,XLB,XLU,XLP,XLY,XLE,XLV,XLF,3205
XLB,XLK,XLV,XLE,XLP,XLI,XLU,XLY,XLF,3206
XLB,XLF,XLK,XLV,XLI,XLY,XLE,XLU,XLP,3207
XLP,XLK,XLY,XLF,XLV,XLE,XLU,XLB,XLI,3208
XLP,XLV,XLE,XLU,XLK,XLB,XLF,XLY,XLI,3209
XLP,XLK,XLY,XLE,XLI,XLF,XLB,XLV,XLU,3210
XLY,XLI,XLP,XLB,XLE,XLF,XLK,XLU,XLV,3211
XLV,XLU,XLP,XLB,XLF,XLY,XLK,XLI,XLE,3212
XLI,XLF,XLV,XLY,XLU,XLB,XLK,XLE,XLP,3213
XLU,XLY,XLB,XLF,XLP,XLV,XLI,XLK,XLE,3214
XLF,XLY,XLK,XLI,XLU,XLP,XLB,XLE,XLV,3215
XLU,XLK,XLF,XLY,XLI,XLB,XLE,XLV,XLP,3216
XLV,XLK,XLB,XLP,XLU,XLY,XLF,XLE,XLI,3217
XLP,XLI,XLY,XLB,XLU,XLK,XLV,XLE,XLF,3218
XLV,XLY,XLP,XLE,XLU,XLK,XLI,XLB,XLF,3219
XLB,XLK,XLU,XLI,XLE,XLV,XLY,XLF,XLP,3220
XLF,XLU,XLE,XLY,XLV,XLI,XLK,XLP,XLB,3221
XLK,XLI,XLU,XLF,XLP,XLY,XLB,XLE,XLV,3222
XLK,XLV,XLB,XLE,XLP,XLF,XLY,XLU,XLI,3223
XLP,XLF,XLV,XLU,XLK,XLY,XLE,XLI,XLB,3224
XLB,XLP,XLV,XLK,XLU,XLY,XLE,XLI,XLF,3225
XLK,XLP,XLU,XLF,XLV,XLY,XLE,XLB,XLI,3226
XLI,XLF,XLV,XLK,XLE,XLU,XLP,XLY,XLB,3227
XLU,XLP,XLI,XLB,XLE,XLF,XLY,XLK,XLV,3228
XLV,XLI,XLP,XLF,XLE,XLU,XLY,XLB,XLK,3229
XLI,XLY,XLV,XLK,XLE,XLB,XLU,XLP,XLF,3230
XLI,XLK,XLU,XLY,XLF,XLV,XLB,XLE,XLP,3231
XLU,XLE,XLV,XLK,XLI,XLY,XLP,XLF,XLB,3232
XLY,XLV,XLK,XLP,XLI,XLU,XLF,XLE,XLB,3233
XLY,XLF,XLK,XLU,XLP,XLI,XLB,XLV,XLE,3234
XLF,XLB,XLI,XLE,XLU,XLY,XLP,XLV,XLK,3235
XLP,XLU,XLB,XLK,XLE,XLY,XLI,XLF,XLV,3236
XLK,XLE,XLF,XLB,XLU,XLV,XLI,XLY,XLP,3237
XLK,XLB,XLP,XLI,XLU,XLY,XLF,XLE,XLV,3238
XLF,XLU,XLY,XLI,XLK,XLP,XLV,XLB,XLE,3239
XLB,XLK,XLU,XLY,XLP,XLI,XLF,XLV,XLE,3240
XLY,XLU,XLI,XLP,XLK,XLF,XLE,XLB,XLV,3241
XLP,XLK,XLV,XLF,XLE,XLU,XLI,XLY,XLB,3242
XLF,XLV,XLY,XLE,XLB,XLP,XLU,XLI,XLK,3243
XLE,XLP,XLK,XLV,XLI,XLB,XLY,XLU,XLF,3244
XLU,XLI,XLP,XLK,XLV,XLE,XLB,XLY,XLF,3245
XLI,XLV,XLK,XLB,XLY,XLU,XLF,XLP,XLE,3246
XLF,XLV,XLE,XLI,XLK,XLU,XLY,XLP,XLB,3247
XLY,XLP,XLK,XLU,XLE,XLF,XLV,XLI,XLB,3248
XLV,XLK,XLB,XLY,XLP,XLU,XLF,XLE,XLI,3249
XLP,XLV,XLF,XLE,XLK,XLB,XLU,XLI,XLY,3250
XLE,XLV,XLF,XLP,XLU,XLB,XLI,XLK,XLY,3251
XLF,XLI,XLU,XLB,XLE,XLK,XLV,XLP,XLY,3252
XLF,XLI,XLE,XLP,XLY,XLB,XLV,XLK,XLU,3253
XLE,XLV,XLF,XLK,XLP,XLU,XLI,XLY,XLB,3254
XLU,XLK,XLV,XLE,XLY,XLB,XLI,XLP,XLF,3255
XLB,XLF,XLK,XLP,XLU,XLI,XLE,XLY,XLV,3256
XLF,XLY,XLI,XLB,XLV,XLK,XLP,XLU,XLE,3257
XLV,XLI,XLY,XLE,XLU,XLF,XLP,XLB,XLK,3258
XLI,XLP,XLY,XLF,XLU,XLE,XLB,XLV,XLK,3259
XLF,XLP,XLK,XLU,XLY,XLB,XLE,XLV,XLI,3260
XLI,XLP,XLU,XLK,XLF,XLV,XLY,XLB,XLE,3261
XLK,XLU,XLB,XLE,XLF,XLP,XLI,XLV,XLY,3262
XLI,XLP,XLV,XLY,XLF,XLB,XLE,XLK,XLU,3263
XLI,XLE,XLV,XLK,XLU,XLY,XLF,XLP,XLB,3264
XLK,XLI,XLU,XLE,XLV,XLY,XLB,XLF,XLP,3265
XLF,XLU,XLV,XLB,XLI,XLK,XLP,XLE,XLY,3266
XLF,XLU,XLI,XLB,XLP,XLE,XLK,XLV,XLY,3267
XLU,XLB,XLV,XLK,XLF,XLY,XLP,XLE,XLI,3268
XLK,XLF,XLB,XLI,XLV,XLY,XLP,XLE,XLU,3269
XLY,XLP,XLV,XLE,XLU,XLB,XLK,XLF,XLI,3270
XLP,XLF,XLI,XLV,XLK,XLY,XLU,XLB,XLE,3271
XLP,XLK,XLE,XLB,XLI,XLY,XLF,XLU,XLV,3272
XLF,XLK,XLP,XLV,XLE,XLB,XLY,XLU,XLI,3273
XLI,XLF,XLU,XLV,XLB,XLK,XLY,XLP,XLE,3274
XLE,XLV,XLB,XLK,XLP,XLI,XLF,XLY,XLU,3275
XLY,XLU,XLP,XLF,XLV,XLB,XLI,XLE,XLK,3276
XLF,XLV,XLP,XLY,XLE,XLB,XLI,XLU,XLK,3277
XLI,XLV,XLU,XLB,XLK,XLP,XLY,XLF,XLE,3278
XLY,XLF,XLV,XLB,XLP,XLE,XLU,XLK,XLI,3279
XLV,XLU,XLP,XLB,XLY,XLI,XLK,XLE,XLF,3280
XLI,XLY,XLU,XLV,XLK,XLB,XLP,XLE,XLF,3281
XLU,XLY,XLE,XLB,XLF,XLK,XLI,XLV,XLP,3282
XLK,XLY,XLI,XLP,XLF,XLV,XLB,XLE,XLU,3283
XLP,XLV,XLU,XLB,XLY,XLE,XLK,XLI,XLF,3284
XLY,XLU,XLK,XLE,XLI,XLV,XLB,XLP,XLF,3285
XLI,XLV,XLE,XLB,XLU,XLP,XLY,XLK,XLF,3286
XLY,XLB,XLP,XLK,XLE,XLI,XLF,XLV,XLU,3287
XLY,XLB,XLP,XLF,XLU,XLE,XLI,XLV,XLK,3288
XLF,XLY,XLE,XLU,XLV,XLK,XLP,XLB,XLI,3289
XLY,XLE,XLK,XLI,XLB,XLV,XLU,XLP,XLF,3290
XLB,XLP,XLY,XLU,XLK,XLV,XLE,XLF,XLI,3291
XLI,XLU,XLK,XLF,XLP,XLV,XLY,XLE,XLB,3292
XLI,XLV,XLY,XLK,XLB,XLE,XLF,XLU,XLP,3293
XLV,XLY,XLU,XLB,XLE,XLI,XLK,XLF,XLP,3294
XLP,XLB,XLU,XLY,XLV,XLK,XLE,XLI,XLF,3295
XLE,XLV,XLK,XLY,XLP,XLI,XLF,XLB,XLU,3296
XLB,XLE,XLU,XLP,XLF,XLY,XLI,XLK,XLV,3297
XLI,XLK,XLY,XLF,XLU,XLP,XLB,XLE,XLV,3298
XLU,XLY,XLP,XLK,XLI,XLF,XLB,XLE,XLV,3299
XLV,XLU,XLB,XLI,XLP,XLK,XLF,XLY,XLE,3300
XLK,XLY,XLE,XLP,XLV,XLB,XLU,XLI,XLF,3301
XLV,XLB,XLE,XLU,XLP,XLY,XLI,XLK,XLF,3302
XLB,XLP,XLY,XLI,XLE,XLK,XLF,XLV,XLU,3303
XLU,XLY,XLV,XLP,XLB,XLE,XLK,XLI,XLF,3304
XLB,XLI,XLE,XLK,XLV,XLF,XLY,XLP,XLU,3305
XLU,XLE,XLP,XLF,XLK,XLV,XLI,XLY,XLB,3306
XLI,XLY,XLK,XLE,XLF,XLV,XLU,XLP,XLB,3307
XLF,XLK,XLB,XLP,XLV,XLY,XLI,XLE,XLU,3308
XLU,XLE,XLP,XLV,XLK,XLY,XLF,XLB,XLI,3309
XLP,XLE,XLY,XLB,XLI,XLU,XLF,XLV,XLK,3310
XLF,XLE,XLI,XLK,XLP,XLY,XLB,XLV,XLU,3311
XLB,XLY,XLF,XLP,XLU,XLK,XLE,XLV,XLI,3312
XLV,XLB,XLF,XLK,XLI,XLY,XLP,XLU,XLE,3313
XLY,XLP,XLI,XLF,XLV,XLB,XLU,XLK,XLE,3314
XLK,XLY,XLP,XLU,XLB,XLE,XLV,XLI,XLF,3315
XLB,XLP,XLY,XLK,XLE,XLV,XLI,XLF,XLU,3316
XLF,XLK,XLI,XLP,XLB,XLV,XLE,XLY,XLU,3317
XLP,XLE,XLU,XLV,XLB,XLK,XLY,XLF,XLI,3318
XLB,XLV,XLF,XLE,XLI,XLK,XLU,XLY,XLP,3319
XLB,XLY,XLP,XLU,XLE,XLK,XLF,XLI,XLV,3320
XLE,XLI,XLK,XLU,XLB,XLY,XLF,XLP,XLV,3321
XLP,XLV,XLI,XLF,XLE,XLY,XLB,XLU,XLK,3322
XLV,XLI,XLP,XLF,XLE,XLB,XLK,XLU,XLY,3323
XLK,XLF,XLV,XLI,XLB,XLU,XLE,XLY,XLP,3324
XLV,XLE,XLU,XLI,XLP,XLF,XLY,XLK,XLB,3325
XLK,XLB,XLE,XLY,XLP,XLF,XLV,XLU,XLI,3326
XLY,XLU,XLE,XLV,XLI,XLP,XLK,XLF,XLB,3327
XLK,XLE,XLF,XLP,XLI,XLV,XLU,XLB,XLY,3328
XLV,XLB,XLP,XLY,XLK,XLF,XLE,XLI,XLU,3329
XLU,XLI,XLB,XLV,XLK,XLP,XLF,XLE,XLY,3330
XLK,XLB,XLP,XLV,XLF,XLY,XLE,XLU,XLI,3331
XLU,XLI,XLE,XLB,XLK,XLP,XLY,XLF,XLV,3332
XLI,XLV,XLF,XLY,XLE,XLK,XLB,XLP,XLU,3333
XLK,XLU,XLY,XLI,XLP,XLV,XLB,XLF,XLE,3334
XLV,XLP,XLB,XLK,XLY,XLE,XLU,XLI,XLF,3335
XLU,XLK,XLV,XLB,XLY,XLP,XLI,XLE,XLF,3336
XLK,XLY,XLE,XLF,XLU,XLI,XLP,XLV,XLB,3337
XLI,XLE,XLB,XLU,XLY,XLF,XLK,XLP,XLV,3338
XLE,XLK,XLU,XLY,XLP,XLI,XLV,XLF,XLB,3339
XLE,XLB,XLF,XLP,XLK,XLY,XLI,XLV,XLU,3340
XLV,XLF,XLE,XLU,XLK,XLI,XLP,XLB,XLY,3341
XLP,XLV,XLE,XLI,XLF,XLB,XLK,XLU,XLY,3342
XLP,XLB,XLV,XLK,XLI,XLF,XLY,XLE,XLU,3343
XLV,XLK,XLI,XLY,XLE,XLU,XLP,XLF,XLB,3344
XLF,XLK,XLI,XLU,XLY,XLP,XLV,XLE,XLB,3345
XLF,XLY,XLP,XLU,XLV,XLB,XLE,XLI,XLK,3346
XLU,XLB,XLK,XLF,XLY,XLV,XLP,XLE,XLI,3347
XLF,XLK,XLP,XLB,XLU,XLY,XLE,XLI,XLV,3348
XLB,XLF,XLP,XLI,XLY,XLE,XLU,XLK,XLV,3349
XLV,XLP,XLI,XLF,XLY,XLB,XLK,XLU,XLE,3350
XLF,XLE,XLU,XLK,XLP,XLI,XLV,XLY,XLB,3351
XLE,XLV,XLB,XLF,XLY,XLK,XLI,XLU,XLP,3352
XLI,XLV,XLB,XLU,XLE,XLP,XLK,XLY,XLF,3353
XLB,XLU,XLY,XLK,XLF,XLP,XLV,XLI,XLE,3354
XLU,XLB,XLY,XLV,XLF,XLI,XLP,XLK,XLE,3355
XLY,XLB,XLK,XLU,XLI,XLV,XLP,XLF,XLE,3356
XLB,XLI,XLP,XLK,XLE,XLY,XLV,XLU,XLF,3357
XLB,XLU,XLI,XLV,XLE,XLF,XLK,XLP,XLY,3358
XLP,XLK,XLF,XLU,XLY,XLI,XLE,XLB,XLV,3359
XLU,XLI,XLB,XLF,XLE,XLY,XLK,XLV,XLP,3360
XLK,XLP,XLF,XLE,XLV,XLY,XLI,XLU,XLB,3361
XLP,XLY,XLV,XLK,XLF,XLU,XLI,XLB,XLE,3362
XLE,XLP,XLI,XLV,XLF,XLK,XLB,XLU,XLY,3363
XLY,XLV,XLI,XLK,XLP,XLU,XLE,XLB,XLF,3364
XLE,XLY,XLI,XLU,XLF,XLV,XLK,XLB,XLP,3365
XLV,XLE,XLU,XLB,XLY,XLI,XLF,XLP,XLK,3366
XLK,XLP,XLF,XLI,XLU,XLY,XLV,XLB,XLE,3367
XLI,XLU,XLF,XLY,XLB,XLP,XLV,XLK,XLE,3368
XLE,XLU,XLI,XLK,XLY,XLV,XLB,XLF,XLP,3369
XLE,XLK,XLY,XLU,XLV,XLP,XLF,XLI,XLB,3370
XLV,XLY,XLE,XLB,XLP,XLU,XLK,XLI,XLF,3371
XLI,XLU,XLK,XLV,XLY,XLE,XLB,XLF,XLP,3372
XLE,XLB,XLU,XLF,XLP,XLV,XLY,XLI,XLK,3373
XLK,XLB,XLE,XLI,XLV,XLU,XLF,XLY,XLP,3374
XLB,XLU,XLV,XLF,XLP,XLE,XLK,XLY,XLI,3375
XLP,XLB,XLF,XLI,XLV,XLK,XLY,XLE,XLU,3376
XLV,XLI,XLF,XLP,XLE,XLB,XLK,XLU,XLY,3377
XLK,XLV,XLF,XLI,XLE,XLU,XLP,XLY,XLB,3378
XLY,XLP,XLV,XLB,XLE,XLI,XLK,XLF,XLU,3379
XLU,XLK,XLE,XLY,XLP,XLI,XLV,XLF,XLB,3380
XLI,XLV,XLK,XLE,XLY,XLP,XLB,XLF,XLU,3381
XLI,XLP,XLF,XLU,XLK,XLY,XLV,XLB,XLE,3382
XLU,XLY,XLI,XLB,XLE,XLP,XLK,XLF,XLV,3383
XLB,XLV,XLU,XLE,XLP,XLI,XLK,XLY,XLF,3384
XLU,XLY,XLP,XLF,XLV,XLB,XLK,XLI,XLE,3385
XLY,XLE,XLU,XLK,XLV,XLB,XLF,XLP,XLI,3386
XLY,XLV,XLU,XLE,XLI,XLP,XLK,XLF,XLB,3387
XLP,XLE,XLK,XLU,XLF,XLY,XLV,XLI,XLB,3388
XLK,XLP,XLY,XLB,XLF,XLV,XLU,XLI,XLE,3389
XLF,XLU,XLI,XLE,XLB,XLK,XLY,XLP,XLV,3390
XLF,XLV,XLP,XLE,XLB,XLI,XLY,XLU,XLK,3391
XLV,XLF,XLU,XLK,XLP,XLI,XLY,XLB,XLE,3392
XLI,XLE,XLK,XLY,XLP,XLV,XLU,XLB,XLF,3393
XLB,XLY,XLU,XLI,XLP,XLV,XLE,XLF,XLK,3394
XLI,XLK,XLP,XLY,XLE,XLU,XLB,XLV,XLF,3395
XLB,XLY,XLV,XLP,XLK,XLI,XLF,XLE,XLU,3396
XLE,XLU,XLY,XLI,XLP,XLV,XLB,XLK,XLF,3397
XLF,XLK,XLV,XLU,XLB,XLY,XLP,XLE,XLI,3398
XLI,XLU,XLE,XLY,XLF,XLK,XLV,XLB,XLP,3399
XLB,XLY,XLP,XLF,XLV,XLU,XLI,XLK,XLE,3400
XLB,XLF,XLV,XLK,XLE,XLI,XLU,XLY,XLP,3401
XLU,XLV,XLP,XLF,XLY,XLK,XLI,XLB,XLE,3402
XLI,XLE,XLV,XLF,XLB,XLK,XLP,XLY,XLU,3403
XLE,XLY,XLV,XLF,XLP,XLI,XLK,XLB,XLU,3404
XLE,XLU,XLB,XLY,XLV,XLF,XLP,XLI,XLK,3405
XLB,XLK,XLU,XLV,XLE,XLI,XLF,XLY,XLP,3406
XLI,XLK,XLP,XLY,XLU,XLB,XLV,XLE,XLF,3407
XLK,XLB,XLV,XLY,XLP,XLE,XLI,XLU,XLF,3408
XLF,XLI,XLE,XLP,XLY,XLB,XLV,XLK,XLU,3409
XLK,XLY,XLF,XLE,XLP,XLV,XLI,XLU,XLB,3410
XLI,XLP,XLY,XLU,XLE,XLK,XLV,XLF,XLB,3411
XLB,XLP,XLI,XLV,XLE,XLK,XLY,XLF,XLU,3412
XLV,XLE,XLF,XLK,XLI,XLP,XLY,XLB,XLU,3413
XLY,XLP,XLB,XLE,XLK,XLU,XLF,XLI,XLV,3414
XLF,XLV,XLI,XLU,XLB,XLE,XLK,XLP,XLY,3415
XLP,XLK,XLV,XLE,XLU,XLB,XLF,XLI,XLY,3416
XLE,XLB,XLP,XLK,XLY,XLU,XLF,XLI,XLV,3417
XLB,XLU,XLI,XLP,XLF,XLY,XLV,XLK,XLE,3418
XLF,XLP,XLU,XLI,XLV,XLY,XLK,XLE,XLB,3419
XLI,XLY,XLF,XLK,XLE,XLV,XLB,XLP,XLU,3420
XLV,XLK,XLI,XLY,XLP,XLU,XLB,XLF,XLE,3421
XLU,XLF,XLI,XLV,XLP,XLE,XLY,XLB,XLK,3422
XLV,XLK,XLI,XLU,XLB,XLY,XLF,XLE,XLP,3423
XLK,XLV,XLB,XLP,XLE,XLF,XLU,XLY,XLI,3424
XLB,XLV,XLF,XLI,XLK,XLP,XLE,XLU,XLY,3425
XLU,XLY,XLV,XLI,XLB,XLE,XLF,XLP,XLK,3426
XLV,XLB,XLU,XLP,XLF,XLK,XLI,XLY,XLE,3427
XLK,XLP,XLF,XLI,XLB,XLU,XLY,XLV,XLE,3428
XLB,XLP,XLI,XLF,XLK,XLV,XLU,XLE,XLY,3429
XLF,XLY,XLP,XLI,XLV,XLK,XLB,XLE,XLU,3430
XLK,XLV,XLP,XLB,XLY,XLF,XLI,XLE,XLU,3431
XLK,XLF,XLI,XLY,XLV,XLE,XLB,XLU,XLP,3432
XLB,XLK,XLI,XLV,XLU,XLE,XLF,XLY,XLP,3433
XLI,XLU,XLE,XLB,XLY,XLV,XLF,XLP,XLK,3434
XLB,XLF,XLV,XLP,XLI,XLE,XLK,XLY,XLU,3435
XLB,XLV,XLY,XLU,XLK,XLF,XLE,XLP,XLI,3436
XLU,XLY,XLF,XLV,XLI,XLK,XLP,XLB,XLE,3437
XLV,XLP,XLU,XLE,XLI,XLY,XLK,XLB,XLF,3438
XLP,XLU,XLV,XLI,XLB,XLE,XLY,XLK,XLF,3439
XLV,XLE,XLI,XLY,XLU,XLK,XLB,XLF,XLP,3440
XLP,XLK,XLE,XLI,XLF,XLU,XLV,XLB,XLY,3441
XLE,XLI,XLY,XLP,XLV,XLF,XLU,XLB,XLK,3442
XLV,XLU,XLY,XLE,XLB,XLK,XLF,XLP,XLI,3443
XLY,XLI,XLF,XLB,XLV,XLP,XLE,XLU,XLK,3444
XLI,XLK,XLP,XLF,XLU,XLB,XLV,XLE,XLY,3445
XLP,XLU,XLB,XLY,XLV,XLF,XLE,XLK,XLI,3446
XLV,XLB,XLU,XLI,XLK,XLE,XLP,XLF,XLY,3447
XLP,XLV,XLU,XLY,XLE,XLF,XLK,XLI,XLB,3448
XLK,XLU,XLY,XLF,XLE,XLV,XLB,XLI,XLP,3449
XLB,XLU,XLF,XLE,XLI,XLY,XLK,XLP,XLV,3450
XLI,XLE,XLV,XLF,XLB,XLY,XLK,XLU,XLP,3451
XLV,XLI,XLF,XLE,XLK,XLU,XLP,XLB,XLY,3452
XLU,XLB,XLE,XLK,XLV,XLF,XLP,XLI,XLY,3453
XLU,XLV,XLK,XLF,XLE,XLB,XLP,XLI,XLY,3454
XLY,XLE,XLV,XLF,XLU,XLP,XLK,XLB,XLI,3455
XLY,XLV,XLI,XLF,XLU,XLB,XLE,XLK,XLP,3456
XLB,XLK,XLF,XLI,XLU,XLP,XLE,XLY,XLV,3457
XLP,XLU,XLF,XLI,XLK,XLV,XLE,XLB,XLY,3458
XLF,XLY,XLI,XLB,XLE,XLK,XLP,XLU,XLV,3459
XLU,XLI,XLK,XLV,XLP,XLY,XLF,XLB,XLE,3460
XLE,XLY,XLF,XLK,XLP,XLV,XLB,XLI,XLU,3461
XLB,XLK,XLU,XLE,XLV,XLP,XLF,XLY,XLI,3462
XLI,XLP,XLU,XLF,XLE,XLV,XLK,XLB,XLY,3463
XLI,XLF,XLU,XLK,XLE,XLB,XLY,XLP,XLV,3464
XLK,XLE,XLV,XLB,XLI,XLY,XLP,XLF,XLU,3465
XLI,XLK,XLP,XLF,XLU,XLE,XLV,XLY,XLB,3466
XLB,XLK,XLF,XLE,XLV,XLP,XLI,XLY,XLU,3467
XLK,XLY,XLV,XLE,XLU,XLF,XLB,XLI,XLP,3468
XLY,XLF,XLB,XLV,XLK,XLU,XLP,XLE,XLI,3469
XLI,XLP,XLE,XLF,XLB,XLK,XLY,XLU,XLV,3470
XLV,XLI,XLE,XLP,XLK,XLU,XLB,XLY,XLF,3471
XLK,XLP,XLB,XLV,XLY,XLF,XLU,XLI,XLE,3472
XLV,XLY,XLP,XLU,XLI,XLB,XLE,XLK,XLF,3473
XLI,XLP,XLB,XLU,XLK,XLE,XLV,XLY,XLF,3474
XLY,XLI,XLB,XLP,XLV,XLK,XLE,XLF,XLU,3475
XLY,XLB,XLK,XLE,XLP,XLU,XLF,XLV,XLI,3476
XLF,XLV,XLB,XLU,XLE,XLI,XLP,XLY,XLK,3477
XLP,XLE,XLK,XLI,XLB,XLV,XLF,XLU,XLY,3478
XLU,XLV,XLB,XLY,XLP,XLE,XLF,XLI,XLK,3479
XLY,XLI,XLF,XLP,XLB,XLV,XLK,XLE,XLU,3480
XLB,XLV,XLI,XLY,XLF,XLP,XLU,XLK,XLE,3481
XLI,XLU,XLP,XLB,XLK,XLV,XLE,XLY,XLF,3482
XLB,XLY,XLE,XLF,XLV,XLP,XLK,XLI,XLU,3483
XLF,XLV,XLY,XLB,XLP,XLI,XLU,XLK,XLE,3484
XLY,XLE,XLF,XLB,XLP,XLK,XLU,XLV,XLI,3485
XLI,XLK,XLB,XLY,XLF,XLV,XLE,XLP,XLU,3486
XLI,XLV,XLK,XLU,XLB,XLP,XLE,XLY,XLF,3487
XLP,XLB,XLV,XLE,XLK,XLI,XLU,XLF,XLY,3488
XLP,XLE,XLK,XLB,XLI,XLU,XLF,XLY,XLV,3489
XLV,XLP,XLB,XLU,XLF,XLE,XLI,XLY,XLK,3490
XLV,XLK,XLY,XLI,XLF,XLU,XLP,XLE,XLB,3491
XLI,XLK,XLP,XLB,XLY,XLV,XLE,XLF,XLU,3492
XLI,XLB,XLK,XLP,XLF,XLY,XLU,XLE,XLV,3493
XLV,XLF,XLY,XLB,XLK,XLP,XLI,XLU,XLE,3494
XLB,XLI,XLP,XLK,XLF,XLU,XLE,XLV,XLY,3495
XLK,XLV,XLB,XLE,XLU,XLY,XLI,XLF,XLP,3496
XLE,XLV,XLF,XLK,XLI,XLY,XLP,XLB,XLU,3497
XLF,XLB,XLI,XLK,XLP,XLV,XLU,XLY,XLE,3498
XLI,XLE,XLU,XLB,XLK,XLY,XLV,XLP,XLF,3499
XLB,XLF,XLK,XLV,XLI,XLY,XLE,XLU,XLP,3500
XLP,XLI,XLK,XLB,XLV,XLE,XLY,XLF,XLU,3501
XLU,XLK,XLE,XLF,XLB,XLV,XLP,XLI,XLY,3502
XLP,XLI,XLU,XLE,XLV,XLF,XLY,XLB,XLK,3503
XLB,XLE,XLP,XLY,XLF,XLV,XLK,XLU,XLI,3504
XLU,XLK,XLE,XLF,XLP,XLV,XLY,XLB,XLI,3505
XLI,XLK,XLP,XLE,XLF,XLY,XLB,XLU,XLV,3506
XLY,XLF,XLI,XLE,XLB,XLP,XLV,XLK,XLU,3507
XLY,XLP,XLB,XLK,XLE,XLV,XLI,XLU,XLF,3508
XLP,XLY,XLF,XLB,XLI,XLV,XLK,XLE,XLU,3509
XLF,XLU,XLI,XLY,XLP,XLK,XLB,XLE,XLV,3510
XLK,XLB,XLV,XLU,XLY,XLI,XLP,XLE,XLF,3511
XLK,XLY,XLI,XLF,XLU,XLE,XLV,XLP,XLB,3512
XLE,XLB,XLP,XLV,XLF,XLK,XLY,XLI,XLU,3513
XLI,XLU,XLK,XLE,XLV,XLY,XLP,XLF,XLB,3514
XLI,XLP,XLE,XLV,XLY,XLU,XLK,XLF,XLB,3515
XLB,XLK,XLY,XLF,XLP,XLE,XLV,XLI,XLU,3516
XLP,XLV,XLB,XLU,XLE,XLI,XLY,XLK,XLF,3517
XLY,XLE,XLV,XLI,XLF,XLK,XLP,XLB,XLU,3518
XLP,XLF,XLI,XLY,XLB,XLK,XLU,XLE,XLV,3519
XLK,XLE,XLY,XLP,XLB,XLU,XLI,XLF,XLV,3520
XLU,XLP,XLI,XLK,XLF,XLE,XLB,XLY,XLV,3521
XLE,XLB,XLK,XLP,XLF,XLV,XLY,XLI,XLU,3522
XLI,XLU,XLY,XLB,XLE,XLF,XLV,XLP,XLK,3523
XLU,XLI,XLB,XLP,XLY,XLE,XLV,XLF,XLK,3524
XLK,XLE,XLY,XLV,XLP,XLI,XLF,XLU,XLB,3525
XLF,XLK,XLI,XLB,XLE,XLU,XLV,XLY,XLP,3526
XLI,XLY,XLE,XLV,XLU,XLB,XLK,XLP,XLF,3527
XLU,XLI,XLE,XLY,XLF,XLB,XLV,XLP,XLK,3528
XLU,XLP,XLB,XLE,XLY,XLI,XLF,XLK,XLV,3529
XLE,XLU,XLY,XLK,XLI,XLP,XLF,XLV,XLB,3530
XLY,XLB,XLF,XLI,XLP,XLU,XLK,XLE,XLV,3531
XLP,XLE,XLU,XLY,XLI,XLV,XLK,XLF,XLB,3532
XLK,XLY,XLP,XLI,XLB,XLV,XLE,XLF,XLU,3533
XLU,XLF,XLK,XLP,XLY,XLV,XLE,XLB,XLI,3534
XLV,XLB,XLE,XLK,XLU,XLP,XLY,XLF,XLI,3535
XLK,XLY,XLB,XLF,XLP,XLV,XLU,XLE,XLI,3536
XLV,XLU,XLK,XLI,XLY,XLP,XLF,XLE,XLB,3537
XLI,XLF,XLB,XLE,XLV,XLP,XLU,XLY,XLK,3538
XLP,XLV,XLI,XLB,XLE,XLK,XLU,XLY,XLF,3539
XLV,XLP,XLU,XLI,XLE,XLK,XLY,XLF,XLB,3540
XLI,XLU,XLK,XLB,XLF,XLE,XLY,XLV,XLP,3541
XLK,XLP,XLY,XLB,XLF,XLV,XLI,XLE,XLU,3542
XLY,XLU,XLI,XLV,XLE,XLP,XLF,XLB,XLK,3543
XLK,XLP,XLV,XLU,XLB,XLF,XLI,XLE,XLY,3544
XLB,XLK,XLF,XLU,XLY,XLV,XLP,XLE,XLI,3545
XLP,XLV,XLK,XLU,XLI,XLE,XLY,XLB,XLF,3546
XLB,XLY,XLK,XLU,XLI,XLE,XLF,XLV,XLP,3547
XLU,XLE,XLV,XLP,XLF,XLB,XLI,XLY,XLK,3548
XLK,XLP,XLY,XLI,XLB,XLE,XLF,XLU,XLV,3549
XLK,XLP,XLV,XLY,XLI,XLF,XLE,XLU,XLB,3550
XLU,XLP,XLV,XLK,XLF,XLE,XLY,XLI,XLB,3551
XLB,XLF,XLP,XLU,XLE,XLV,XLY,XLK,XLI,3552
XLK,XLP,XLF,XLV,XLI,XLE,XLY,XLU,XLB,3553
XLB,XLY,XLI,XLP,XLF,XLK,XLV,XLE,XLU,3554
XLI,XLY,XLK,XLB,XLU,XLP,XLV,XLF,XLE,3555
XLP,XLK,XLV,XLF,XLU,XLI,XLY,XLB,XLE,3556
XLV,XLP,XLE,XLF,XLI,XLB,XLK,XLU,XLY,3557
XLB,XLI,XLE,XLF,XLY,XLK,XLV,XLP,XLU,3558
XLU,XLI,XLK,XLB,XLY,XLP,XLF,XLE,XLV,3559
XLK,XLB,XLV,XLP,XLE,XLY,XLU,XLF,XLI,3560
XLP,XLY,XLB,XLV,XLI,XLF,XLK,XLE,XLU,3561
XLB,XLU,XLY,XLK,XLE,XLF,XLI,XLV,XLP,3562
XLB,XLK,XLE,XLP,XLV,XLU,XLF,XLY,XLI,3563
XLU,XLE,XLV,XLP,XLI,XLK,XLY,XLF,XLB,3564
XLV,XLP,XLU,XLY,XLK,XLI,XLF,XLE,XLB,3565
XLK,XLY,XLP,XLI,XLE,XLB,XLU,XLV,XLF,3566
XLP,XLF,XLY,XLB,XLK,XLI,XLV,XLU,XLE,3567
XLU,XLV,XLP,XLE,XLB,XLF,XLY,XLK,XLI,3568
XLY,XLB,XLK,XLV,XLU,XLI,XLE,XLF,XLP,3569
XLP,XLB,XLV,XLE,XLF,XLY,XLI,XLU,XLK,3570
XLV,XLE,XLP,XLI,XLU,XLK,XLY,XLF,XLB,3571
XLE,XLB,XLU,XLI,XLP,XLY,XLF,XLV,XLK,3572
XLV,XLF,XLB,XLI,XLP,XLE,XLU,XLK,XLY,3573
XLF,XLB,XLI,XLK,XLY,XLV,XLP,XLU,XLE,3574
XLP,XLI,XLY,XLV,XLK,XLU,XLB,XLF,XLE,3575
XLY,XLU,XLP,XLI,XLF,XLK,XLB,XLE,XLV,3576
XLE,XLV,XLF,XLK,XLY,XLI,XLB,XLP,XLU,3577
XLI,XLB,XLP,XLF,XLY,XLE,XLU,XLK,XLV,3578
XLE,XLB,XLF,XLI,XLY,XLP,XLK,XLV,XLU,3579
XLB,XLK,XLP,XLV,XLF,XLI,XLU,XLY,XLE,3580
XLY,XLF,XLI,XLU,XLE,XLK,XLV,XLP,XLB,3581
XLB,XLI,XLU,XLF,XLY,XLP,XLE,XLK,XLV,3582
XLF,XLI,XLB,XLY,XLE,XLV,XLU,XLP,XLK,3583
XLP,XLU,XLF,XLE,XLB,XLV,XLK,XLI,XLY,3584
XLI,XLY,XLV,XLP,XLU,XLF,XLB,XLE,XLK,3585
XLY,XLK,XLI,XLF,XLV,XLB,XLP,XLU,XLE,3586
XLP,XLY,XLV,XLE,XLI,XLB,XLF,XLK,XLU,3587
XLK,XLE,XLV,XLI,XLU,XLY,XLF,XLB,XLP,3588
XLY,XLV,XLF,XLK,XLU,XLI,XLB,XLE,XLP,3589
XLV,XLB,XLI,XLP,XLK,XLE,XLU,XLY,XLF,3590
XLF,XLE,XLV,XLB,XLK,XLI,XLP,XLY,XLU,3591
XLV,XLF,XLP,XLB,XLY,XLE,XLI,XLU,XLK,3592
XLB,XLP,XLY,XLK,XLF,XLV,XLI,XLU,XLE,3593
XLV,XLB,XLP,XLU,XLK,XLE,XLY,XLI,XLF,3594
XLY,XLF,XLI,XLV,XLK,XLE,XLP,XLU,XLB,3595
XLB,XLU,XLF,XLE,XLY,XLP,XLK,XLI,XLV,3596
XLI,XLK,XLY,XLV,XLF,XLB,XLE,XLP,XLU,3597
XLF,XLP,XLV,XLU,XLE,XLB,XLI,XLK,XLY,3598
XLI,XLF,XLY,XLP,XLV,XLB,XLU,XLK,XLE,3599
XLV,XLP,XLI,XLF,XLU,XLY,XLB,XLK,XLE,3600
XLK,XLB,XLI,XLY,XLU,XLP,XLV,XLE,XLF,3601
XLI,XLV,XLY,XLE,XLF,XLU,XLB,XLK,XLP,3602
XLP,XLY,XLI,XLK,XLV,XLE,XLB,XLF,XLU,3603
XLI,XLK,XLV,XLB,XLE,XLP,XLU,XLF,XLY,3604
XLF,XLU,XLY,XLB,XLP,XLV,XLK,XLI,XLE,3605
XLF,XLE,XLU,XLV,XLB,XLI,XLY,XLK,XLP,3606
XLU,XLE,XLF,XLI,XLP,XLB,XLV,XLY,XLK,3607
XLE,XLU,XLY,XLV,XLB,XLI,XLF,XLK,XLP,3608
XLP,XLF,XLB,XLV,XLY,XLI,XLE,XLK,XLU,3609
XLB,XLP,XLU,XLI,XLF,XLE,XLK,XLY,XLV,3610
XLP,XLE,XLY,XLU,XLK,XLB,XLI,XLF,XLV,3611
XLE,XLF,XLP,XLI,XLB,XLU,XLY,XLV,XLK,3612
XLK,XLE,XLI,XLY,XLV,XLB,XLF,XLU,XLP,3613
XLI,XLE,XLP,XLF,XLV,XLB,XLK,XLU,XLY,3614
XLV,XLF,XLE,XLB,XLI,XLK,XLY,XLP,XLU,3615
XLU,XLF,XLK,XLP,XLE,XLI,XLB,XLV,XLY,3616
XLK,XLF,XLY,XLI,XLP,XLE,XLB,XLV,XLU,3617
XLI,XLE,XLB,XLU,XLK,XLF,XLV,XLP,XLY,3618
XLP,XLY,XLE,XLI,XLB,XLU,XLF,XLV,XLK,3619
XLK,XLB,XLF,XLP,XLI,XLV,XLU,XLY,XLE,3620
XLF,XLB,XLI,XLV,XLU,XLE,XLY,XLK,XLP,3621
XLI,XLK,XLP,XLU,XLE,XLB,XLY,XLV,XLF,3622
XLF,XLV,XLY,XLP,XLU,XLE,XLB,XLI,XLK,3623
XLY,XLF,XLE,XLI,XLB,XLP,XLU,XLK,XLV,3624
XLY,XLP,XLF,XLK,XLI,XLU,XLE,XLV,XLB,3625
XLI,XLV,XLU,XLB,XLY,XLP,XLF,XLE,XLK,3626
XLP,XLI,XLK,XLU,XLY,XLE,XLV,XLB,XLF,3627
XLB,XLF,XLE,XLP,XLK,XLU,XLV,XLY,XLI,3628
XLU,XLB,XLV,XLF,XLK,XLI,XLY,XLP,XLE,3629
XLP,XLY,XLE,XLB,XLK,XLF,XLV,XLU,XLI,3630
XLF,XLE,XLY,XLP,XLI,XLV,XLB,XLU,XLK,3631
XLB,XLP,XLK,XLY,XLV,XLI,XLF,XLU,XLE,3632
XLV,XLP,XLI,XLY,XLK,XLU,XLE,XLB,XLF,3633
XLP,XLE,XLY,XLB,XLF,XLV,XLK,XLI,XLU,3634
XLI,XLE,XLU,XLV,XLB,XLY,XLF,XLK,XLP,3635
XLF,XLV,XLE,XLP,XLI,XLB,XLU,XLK,XLY,3636
XLF,XLB,XLU,XLP,XLY,XLK,XLE,XLV,XLI,3637
XLB,XLV,XLI,XLP,XLY,XLU,XLF,XLK,XLE,3638
XLU,XLB,XLF,XLY,XLP,XLE,XLV,XLI,XLK,3639
XLI,XLU,XLK,XLP,XLF,XLV,XLY,XLE,XLB,3640
XLB,XLU,XLI,XLV,XLP,XLF,XLY,XLK,XLE,3641
XLK,XLB,XLF,XLV,XLU,XLI,XLE,XLY,XLP,3642
XLF,XLB,XLP,XLU,XLV,XLK,XLE,XLY,XLI,3643
XLE,XLP,XLB,XLU,XLF,XLI,XLY,XLK,XLV,3644
XLV,XLP,XLY,XLB,XLF,XLI,XLE,XLU,XLK,3645
XLB,XLE,XLF,XLI,XLV,XLP,XLK,XLU,XLY,3646
XLU,XLV,XLB,XLK,XLP,XLY,XLE,XLF,XLI,3647
XLK,XLV,XLU,XLI,XLE,XLP,XLY,XLB,XLF,3648
XLP,XLE,XLF,XLK,XLV,XLU,XLI,XLB,XLY,3649
XLY,XLP,XLI,XLF,XLU,XLK,XLV,XLE,XLB,3650
XLP,XLE,XLF,XLU,XLI,XLB,XLK,XLV,XLY,3651
XLF,XLE,XLV,XLK,XLB,XLU,XLI,XLY,XLP,3652
XLY,XLF,XLV,XLP,XLB,XLU,XLI,XLK,XLE,3653
XLY,XLI,XLV,XLF,XLB,XLK,XLU,XLE,XLP,3654
XLU,XLV,XLE,XLP,XLF,XLB,XLI,XLY,XLK,3655
XLY,XLI,XLP,XLK,XLB,XLV,XLF,XLU,XLE,3656
XLU,XLB,XLP,XLY,XLI,XLF,XLK,XLE,XLV,3657
XLU,XLE,XLB,XLK,XLY,XLV,XLI,XLP,XLF,3658
XLE,XLV,XLB,XLU,XLF,XLY,XLK,XLI,XLP,3659
XLI,XLF,XLB,XLY,XLU,XLP,XLK,XLE,XLV,3660
XLU,XLB,XLV,XLE,XLI,XLP,XLY,XLK,XLF,3661
XLI,XLK,XLU,XLE,XLV,XLP,XLF,XLY,XLB,3662
XLK,XLY,XLP,XLB,XLI,XLF,XLV,XLU,XLE,3663
XLI,XLE,XLP,XLB,XLV,XLK,XLY,XLF,XLU,3664
XLF,XLU,XLK,XLE,XLY,XLP,XLI,XLV,XLB,3665
XLI,XLY,XLV,XLK,XLF,XLU,XLP,XLE,XLB,3666
XLP,XLK,XLY,XLU,XLF,XLV,XLI,XLE,XLB,3667
XLU,XLV,XLY,XLE,XLK,XLP,XLB,XLF,XLI,3668
XLY,XLK,XLP,XLB,XLV,XLF,XLI,XLU,XLE,3669
XLE,XLY,XLU,XLB,XLV,XLK,XLI,XLP,XLF,3670
XLK,XLV,XLY,XLE,XLF,XLB,XLP,XLI,XLU,3671
XLE,XLI,XLY,XLK,XLF,XLB,XLV,XLU,XLP,3672
XLU,XLV,XLB,XLY,XLP,XLE,XLK,XLF,XLI,3673
XLV,XLE,XLK,XLF,XLY,XLB,XLU,XLI,XLP,3674
XLP,XLK,XLU,XLV,XLE,XLF,XLB,XLI,XLY,3675
XLY,XLF,XLP,XLE,XLB,XLU,XLV,XLK,XLI,3676
XLE,XLK,XLY,XLP,XLI,XLF,XLV,XLU,XLB,3677
XLF,XLK,XLP,XLI,XLU,XLV,XLB,XLE,XLY,3678
XLU,XLB,XLE,XLK,XLP,XLF,XLY,XLI,XLV,3679
XLU,XLB,XLE,XLK,XLP,XLV,XLI,XLF,XLY,3680
XLY,XLK,XLE,XLV,XLI,XLU,XLB,XLF,XLP,3681
XLV,XLI,XLE,XLB,XLU,XLF,XLY,XLP,XLK,3682
XLE,XLU,XLI,XLB,XLY,XLV,XLK,XLF,XLP,3683
XLE,XLY,XLU,XLP,XLB,XLK,XLI,XLV,XLF,3684
XLI,XLV,XLY,XLK,XLE,XLU,XLF,XLB,XLP,3685
XLB,XLY,XLI,XLU,XLV,XLP,XLE,XLK,XLF,3686
XLE,XLU,XLI,XLF,XLK,XLP,XLV,XLB,XLY,3687
XLE,XLK,XLB,XLY,XLV,XLF,XLI,XLP,XLU,3688
XLE,XLF,XLI,XLU,XLP,XLV,XLY,XLB,XLK,3689
XLF,XLE,XLU,XLB,XLV,XLK,XLP,XLY,XLI,3690
XLV,XLU,XLI,XLP,XLY,XLB,XLF,XLE,XLK,3691
XLF,XLY,XLU,XLE,XLB,XLV,XLP,XLI,XLK,3692
XLB,XLK,XLV,XLI,XLE,XLP,XLY,XLU,XLF,3693
XLE,XLP,XLV,XLY,XLI,XLU,XLF,XLK,XLB,3694
XLP,XLK,XLV,XLY,XLU,XLI,XLB,XLF,XLE,3695
XLK,XLB,XLE,XLP,XLU,XLF,XLV,XLY,XLI,3696
XLE,XLI,XLB,XLK,XLV,XLP,XLF,XLU,XLY,3697
XLU,XLF,XLB,XLP,XLI,XLK,XLV,XLE,XLY,3698
XLF,XLU,XLI,XLK,XLE,XLV,XLP,XLB,XLY,3699
XLY,XLI,XLP,XLV,XLU,XLB,XLE,XLK,XLF,3700
XLU,XLY,XLF,XLK,XLP,XLE,XLV,XLB,XLI,3701
XLP,XLY,XLI,XLB,XLV,XLF,XLE,XLU,XLK,3702
XLV,XLF,XLI,XLU,XLK,XLY,XLE,XLP,XLB,3703
XLY,XLB,XLP,XLU,XLE,XLV,XLK,XLI,XLF,3704
XLK,XLV,XLB,XLE,XLU,XLY,XLI,XLF,XLP,3705
XLY,XLI,XLU,XLK,XLP,XLF,XLE,XLV,XLB,3706
XLI,XLK,XLU,XLE,XLY,XLP,XLF,XLV,XLB,3707
XLF,XLK,XLI,XLV,XLP,XLU,XLE,XLY,XLB,3708
XLE,XLP,XLV,XLY,XLK,XLU,XLF,XLI,XLB,3709
XLF,XLB,XLU,XLI,XLK,XLV,XLE,XLY,XLP,3710
XLE,XLU,XLB,XLP,XLK,XLY,XLI,XLF,XLV,3711
XLY,XLI,XLP,XLK,XLE,XLB,XLV,XLU,XLF,3712
XLB,XLY,XLP,XLK,XLF,XLV,XLE,XLI,XLU,3713
XLU,XLF,XLY,XLB,XLK,XLI,XLV,XLP,XLE,3714
XLI,XLB,XLF,XLV,XLE,XLY,XLU,XLK,XLP,3715
XLE,XLY,XLI,XLK,XLU,XLP,XLF,XLV,XLB,3716
XLP,XLK,XLY,XLF,XLV,XLU,XLB,XLI,XLE,3717
XLV,XLU,XLE,XLP,XLF,XLB,XLK,XLI,XLY,3718
XLK,XLI,XLV,XLB,XLF,XLP,XLE,XLY,XLU,3719
XLB,XLF,XLE,XLY,XLP,XLI,XLV,XLU,XLK,3720
XLI,XLK,XLB,XLP,XLV,XLE,XLY,XLU,XLF,3721
XLE,XLY,XLI,XLU,XLF,XLP,XLK,XLV,XLB,3722
XLI,XLY,XLP,XLF,XLU,XLB,XLE,XLK,XLV,3723
XLB,XLV,XLE,XLK,XLI,XLF,XLU,XLP,XLY,3724
XLE,XLF,XLY,XLI,XLK,XLP,XLB,XLU,XLV,3725
XLE,XLK,XLU,XLI,XLV,XLB,XLF,XLP,XLY,3726
XLP,XLU,XLF,XLV,XLY,XLE,XLI,XLB,XLK,3727
XLI,XLV,XLY,XLU,XLK,XLB,XLE,XLF,XLP,3728
XLB,XLF,XLY,XLV,XLU,XLP,XLK,XLE,XLI,3729
XLP,XLU,XLB,XLE,XLF,XLV,XLK,XLY,XLI,3730
XLY,XLB,XLK,XLP,XLU,XLF,XLE,XLV,XLI,3731
XLK,XLY,XLE,XLP,XLV,XLB,XLF,XLU,XLI,3732
XLI,XLB,XLE,XLF,XLP,XLV,XLY,XLK,XLU,3733
XLI,XLB,XLY,XLF,XLV,XLE,XLP,XLU,XLK,3734
XLF,XLK,XLB,XLE,XLY,XLP,XLI,XLV,XLU,3735
XLI,XLK,XLB,XLF,XLY,XLU,XLP,XLE,XLV,3736
XLP,XLK,XLV,XLE,XLF,XLB,XLY,XLI,XLU,3737
XLI,XLB,XLV,XLE,XLY,XLF,XLK,XLU,XLP,3738
XLP,XLY,XLU,XLE,XLF,XLK,XLI,XLB,XLV,3739
XLK,XLY,XLI,XLF,XLE,XLP,XLB,XLV,XLU,3740
XLB,XLE,XLV,XLF,XLY,XLP,XLK,XLI,XLU,3741
XLE,XLU,XLF,XLV,XLK,XLP,XLY,XLI,XLB,3742
XLV,XLY,XLF,XLK,XLB,XLP,XLI,XLE,XLU,3743
XLV,XLK,XLI,XLB,XLU,XLE,XLY,XLF,XLP,3744
XLI,XLE,XLP,XLK,XLV,XLY,XLB,XLF,XLU,3745
XLB,XLK,XLV,XLF,XLI,XLP,XLE,XLY,XLU,3746
XLY,XLV,XLF,XLK,XLU,XLI,XLP,XLB,XLE,3747
XLF,XLV,XLI,XLU,XLB,XLE,XLY,XLP,XLK,3748
XLE,XLB,XLP,XLY,XLF,XLK,XLU,XLI,XLV,3749
XLV,XLB,XLU,XLY,XLI,XLE,XLP,XLF,XLK,3750
XLK,XLY,XLF,XLP,XLU,XLE,XLV,XLI,XLB,3751
XLF,XLK,XLB,XLV,XLI,XLU,XLY,XLE,XLP,3752
XLI,XLP,XLK,XLV,XLF,XLE,XLB,XLY,XLU,3753
XLB,XLK,XLV,XLP,XLF,XLY,XLE,XLU,XLI,3754
XLU,XLB,XLY,XLP,XLE,XLK,XLF,XLV,XLI,3755
XLK,XLF,XLP,XLB,XLE,XLU,XLI,XLY,XLV,3756
XLI,XLK,XLE,XLY,XLP,XLB,XLU,XLF,XLV,3757
XLB,XLI,XLU,XLF,XLK,XLP,XLV,XLE,XLY,3758
XLP,XLE,XLF,XLY,XLK,XLV,XLU,XLI,XLB,3759
XLK,XLI,XLV,XLP,XLU,XLB,XLF,XLE,XLY,3760
XLK,XLI,XLU,XLV,XLB,XLF,XLP,XLE,XLY,3761
XLP,XLY,XLI,XLU,XLK,XLF,XLV,XLB,XLE,3762
XLP,XLE,XLF,XLK,XLV,XLU,XLB,XLY,XLI,3763
XLY,XLB,XLF,XLE,XLU,XLP,XLV,XLK,XLI,3764
XLU,XLI,XLP,XLF,XLB,XLY,XLE,XLV,XLK,3765
XLE,XLB,XLU,XLP,XLI,XLF,XLY,XLV,XLK,3766
XLF,XLK,XLY,XLE,XLP,XLV,XLB,XLU,XLI,3767
XLI,XLK,XLB,XLF,XLY,XLU,XLE,XLP,XLV,3768
XLB,XLI,XLY,XLK,XLF,XLP,XLV,XLU,XLE,3769
XLE,XLV,XLP,XLK,XLB,XLI,XLU,XLF,XLY,3770
XLP,XLF,XLU,XLE,XLI,XLV,XLB,XLK,XLY,3771
XLB,XLI,XLU,XLF,XLK,XLE,XLP,XLV,XLY,3772
XLF,XLY,XLV,XLK,XLB,XLU,XLE,XLI,XLP,3773
XLV,XLE,XLY,XLF,XLP,XLK,XLU,XLB,XLI,3774
XLP,XLV,XLU,XLK,XLB,XLI,XLF,XLY,XLE,3775
XLI,XLK,XLU,XLE,XLF,XLY,XLB,XLP,XLV,3776
XLE,XLF,XLB,XLI,XLP,XLV,XLU,XLY,XLK,3777
XLY,XLB,XLU,XLV,XLF,XLI,XLK,XLE,XLP,3778
XLV,XLE,XLK,XLP,XLB,XLY,XLI,XLF,XLU,3779
XLB,XLP,XLE,XLU,XLI,XLY,XLK,XLV,XLF,3780
XLY,XLK,XLI,XLV,XLB,XLU,XLP,XLF,XLE,3781
XLU,XLB,XLY,XLE,XLK,XLP,XLI,XLF,XLV,3782
XLV,XLF,XLP,XLB,XLE,XLI,XLK,XLY,XLU,3783
XLY,XLP,XLB,XLF,XLK,XLI,XLV,XLE,XLU,3784
XLK,XLE,XLP,XLV,XLY,XLI,XLF,XLU,XLB,3785
XLY,XLU,XLB,XLF,XLV,XLK,XLI,XLP,XLE,3786
XLB,XLU,XLF,XLI,XLP,XLY,XLE,XLK,XLV,3787
XLB,XLF,XLE,XLI,XLK,XLY,XLU,XLP,XLV,3788
XLV,XLU,XLP,XLF,XLK,XLI,XLY,XLE,XLB,3789
XLY,XLK,XLI,XLB,XLP,XLE,XLV,XLF,XLU,3790
XLI,XLV,XLY,XLF,XLK,XLU,XLB,XLP,XLE,3791
XLK,XLB,XLE,XLP,XLY,XLI,XLV,XLU,XLF,3792
XLB,XLU,XLF,XLY,XLV,XLI,XLP,XLE,XLK,3793
XLU,XLY,XLE,XLK,XLV,XLB,XLF,XLI,XLP,3794
XLK,XLI,XLE,XLF,XLP,XLY,XLB,XLV,XLU,3795
XLK,XLP,XLY,XLB,XLE,XLI,XLV,XLF,XLU,3796
XLU,XLY,XLE,XLB,XLI,XLV,XLK,XLF,XLP,3797
XLF,XLB,XLI,XLV,XLK,XLU,XLY,XLE,XLP,3798
XLE,XLB,XLK,XLP,XLY,XLI,XLF,XLV,XLU,3799
XLY,XLB,XLP,XLK,XLE,XLF,XLV,XLI,XLU,3800
XLP,XLV,XLF,XLE,XLK,XLI,XLY,XLU,XLB,3801
XLE,XLY,XLP,XLK,XLB,XLF,XLU,XLI,XLV,3802
XLU,XLY,XLB,XLK,XLE,XLV,XLI,XLP,XLF,3803
XLP,XLE,XLB,XLV,XLK,XLY,XLI,XLU,XLF,3804
XLE,XLV,XLY,XLI,XLU,XLK,XLB,XLP,XLF,3805
XLE,XLP,XLY,XLI,XLV,XLF,XLK,XLB,XLU,3806
XLB,XLE,XLK,XLP,XLF,XLV,XLY,XLI,XLU,3807
XLK,XLV,XLB,XLY,XLU,XLP,XLI,XLF,XLE,3808
XLF,XLY,XLI,XLU,XLB,XLK,XLV,XLE,XLP,3809
XLI,XLV,XLE,XLF,XLK,XLY,XLB,XLP,XLU,3810
XLF,XLK,XLP,XLE,XLB,XLI,XLV,XLU,XLY,3811
XLV,XLU,XLK,XLP,XLY,XLI,XLF,XLB,XLE,3812
XLY,XLK,XLV,XLE,XLB,XLI,XLF,XLU,XLP,3813
XLP,XLK,XLI,XLB,XLV,XLY,XLU,XLE,XLF,3814
XLF,XLP,XLI,XLY,XLB,XLU,XLE,XLV,XLK,3815
XLF,XLI,XLV,XLP,XLE,XLK,XLB,XLU,XLY,3816
XLP,XLY,XLI,XLB,XLV,XLU,XLK,XLE,XLF,3817
XLP,XLE,XLU,XLB,XLK,XLI,XLF,XLY,XLV,3818
XLI,XLB,XLK,XLP,XLV,XLU,XLY,XLE,XLF,3819
XLY,XLF,XLI,XLP,XLK,XLU,XLB,XLE,XLV,3820
XLE,XLK,XLV,XLI,XLF,XLU,XLP,XLB,XLY,3821
XLF,XLK,XLU,XLB,XLE,XLI,XLP,XLV,XLY,3822
XLV,XLU,XLB,XLF,XLE,XLY,XLI,XLK,XLP,3823
XLV,XLK,XLB,XLE,XLF,XLU,XLP,XLY,XLI,3824
XLP,XLE,XLF,XLV,XLY,XLB,XLU,XLI,XLK,3825
XLB,XLE,XLP,XLY,XLU,XLI,XLV,XLF,XLK,3826
XLI,XLU,XLE,XLY,XLP,XLB,XLV,XLF,XLK,3827
XLF,XLU,XLE,XLV,XLK,XLI,XLB,XLY,XLP,3828
XLE,XLB,XLI,XLK,XLF,XLP,XLU,XLY,XLV,3829
XLV,XLB,XLP,XLK,XLF,XLE,XLY,XLI,XLU,3830
XLB,XLY,XLI,XLU,XLV,XLK,XLE,XLF,XLP,3831
XLU,XLE,XLP,XLY,XLV,XLI,XLB,XLK,XLF,3832
XLV,XLP,XLK,XLF,XLI,XLU,XLB,XLY,XLE,3833
XLB,XLP,XLY,XLK,XLF,XLI,XLE,XLU,XLV,3834
XLK,XLI,XLU,XLF,XLY,XLB,XLP,XLV,XLE,3835
XLI,XLE,XLY,XLK,XLF,XLB,XLU,XLV,XLP,3836
XLY,XLK,XLI,XLP,XLF,XLU,XLE,XLB,XLV,3837
XLE,XLU,XLP,XLK,XLB,XLV,XLI,XLF,XLY,3838
XLK,XLV,XLF,XLB,XLE,XLY,XLU,XLP,XLI,3839
XLE,XLV,XLP,XLB,XLF,XLK,XLU,XLY,XLI,3840
XLI,XLB,XLE,XLK,XLF,XLP,XLU,XLY,XLV,3841
XLK,XLV,XLU,XLI,XLP,XLB,XLE,XLF,XLY,3842
XLY,XLB,XLU,XLF,XLI,XLE,XLV,XLK,XLP,3843
XLU,XLF,XLI,XLE,XLK,XLV,XLB,XLY,XLP,3844
XLF,XLV,XLY,XLP,XLI,XLU,XLB,XLK,XLE,3845
XLP,XLB,XLV,XLU,XLY,XLI,XLE,XLF,XLK,3846
XLI,XLU,XLY,XLB,XLP,XLF,XLE,XLV,XLK,3847
XLK,XLF,XLE,XLB,XLU,XLI,XLV,XLY,XLP,3848
XLB,XLK,XLP,XLV,XLY,XLI,XLF,XLE,XLU,3849
XLY,XLP,XLU,XLI,XLK,XLV,XLF,XLB,XLE,3850
XLV,XLK,XLY,XLF,XLP,XLU,XLI,XLB,XLE,3851
XLV,XLU,XLF,XLK,XLB,XLI,XLP,XLY,XLE,3852
XLV,XLE,XLY,XLI,XLP,XLF,XLU,XLK,XLB,3853
XLB,XLV,XLK,XLE,XLU,XLI,XLP,XLY,XLF,3854
XLK,XLY,XLU,XLV,XLF,XLP,XLB,XLE,XLI,3855
XLI,XLY,XLK,XLV,XLU,XLP,XLE,XLF,XLB,3856
XLK,XLU,XLV,XLF,XLP,XLE,XLI,XLB,XLY,3857
XLE,XLU,XLF,XLY,XLK,XLI,XLB,XLP,XLV,3858
XLI,XLY,XLK,XLV,XLE,XLB,XLF,XLU,XLP,3859
XLF,XLV,XLY,XLB,XLK,XLE,XLI,XLP,XLU,3860
XLI,XLF,XLP,XLK,XLU,XLY,XLV,XLB,XLE,3861
XLV,XLE,XLI,XLY,XLP,XLK,XLU,XLF,XLB,3862
XLB,XLK,XLI,XLU,XLP,XLE,XLY,XLF,XLV,3863
XLV,XLI,XLU,XLF,XLE,XLY,XLK,XLP,XLB,3864
XLV,XLY,XLU,XLF,XLB,XLP,XLI,XLE,XLK,3865
XLP,XLY,XLI,XLU,XLB,XLV,XLK,XLE,XLF,3866
XLI,XLU,XLP,XLB,XLF,XLK,XLY,XLV,XLE,3867
XLE,XLI,XLU,XLB,XLV,XLF,XLK,XLP,XLY,3868
XLE,XLI,XLB,XLV,XLY,XLP,XLU,XLK,XLF,3869
XLV,XLU,XLP,XLY,XLK,XLF,XLI,XLE,XLB,3870
XLF,XLK,XLY,XLP,XLB,XLU,XLE,XLV,XLI,3871
XLK,XLU,XLB,XLY,XLI,XLP,XLE,XLF,XLV,3872
XLF,XLV,XLU,XLK,XLI,XLB,XLE,XLP,XLY,3873
XLB,XLU,XLI,XLK,XLV,XLF,XLY,XLE,XLP,3874
XLE,XLB,XLF,XLK,XLV,XLU,XLI,XLP,XLY,3875
XLE,XLV,XLB,XLK,XLF,XLP,XLU,XLI,XLY,3876
XLB,XLI,XLP,XLV,XLF,XLE,XLK,XLY,XLU,3877
XLY,XLI,XLU,XLB,XLK,XLV,XLP,XLF,XLE,3878
XLP,XLF,XLU,XLB,XLK,XLY,XLV,XLE,XLI,3879
XLP,XLV,XLU,XLI,XLB,XLK,XLF,XLE,XLY,3880
XLP,XLV,XLB,XLE,XLK,XLF,XLI,XLY,XLU,3881
XLE,XLV,XLU,XLY,XLF,XLI,XLK,XLB,XLP,3882
XLK,XLF,XLU,XLP,XLI,XLY,XLB,XLV,XLE,3883
XLV,XLK,XLI,XLP,XLF,XLE,XLB,XLU,XLY,3884
XLI,XLV,XLB,XLY,XLU,XLK,XLE,XLF,XLP,3885
XLI,XLF,XLV,XLE,XLK,XLP,XLY,XLU,XLB,3886
XLY,XLF,XLP,XLU,XLI,XLK,XLB,XLV,XLE,3887
XLV,XLP,XLE,XLI,XLY,XLK,XLU,XLF,XLB,3888
XLE,XLK,XLY,XLB,XLI,XLP,XLV,XLF,XLU,3889
XLY,XLE,XLI,XLK,XLV,XLB,XLF,XLU,XLP,3890
XLY,XLF,XLE,XLP,XLV,XLB,XLU,XLI,XLK,3891
XLI,XLK,XLF,XLU,XLP,XLE,XLB,XLV,XLY,3892
XLF,XLV,XLK,XLU,XLP,XLB,XLI,XLY,XLE,3893
XLP,XLF,XLV,XLK,XLE,XLB,XLI,XLY,XLU,3894
XLV,XLY,XLK,XLP,XLU,XLB,XLE,XLF,XLI,3895
XLB,XLP,XLU,XLE,XLV,XLF,XLY,XLI,XLK,3896
XLK,XLY,XLF,XLE,XLP,XLI,XLV,XLU,XLB,3897
XLE,XLY,XLK,XLF,XLI,XLB,XLP,XLU,XLV,3898
XLF,XLI,XLK,XLV,XLY,XLE,XLU,XLB,XLP,3899
XLF,XLP,XLB,XLK,XLU,XLE,XLI,XLV,XLY,3900
XLF,XLB,XLK,XLP,XLY,XLV,XLE,XLU,XLI,3901
XLI,XLP,XLK,XLV,XLU,XLB,XLY,XLF,XLE,3902
XLB,XLE,XLU,XLV,XLI,XLF,XLK,XLP,XLY,3903
XLF,XLP,XLY,XLK,XLB,XLU,XLV,XLE,XLI,3904
XLF,XLB,XLE,XLV,XLP,XLY,XLU,XLI,XLK,3905
XLK,XLY,XLE,XLI,XLP,XLF,XLB,XLU,XLV,3906
XLU,XLB,XLP,XLF,XLV,XLK,XLY,XLE,XLI,3907
XLI,XLE,XLU,XLP,XLV,XLY,XLB,XLF,XLK,3908
XLV,XLK,XLI,XLF,XLB,XLU,XLY,XLE,XLP,3909
XLE,XLB,XLP,XLK,XLF,XLY,XLI,XLV,XLU,3910
XLF,XLY,XLI,XLK,XLV,XLB,XLE,XLP,XLU,3911
XLF,XLK,XLY,XLE,XLI,XLV,XLB,XLU,XLP,3912
XLB,XLF,XLE,XLV,XLY,XLI,XLP,XLU,XLK,3913
XLU,XLK,XLY,XLB,XLP,XLF,XLV,XLI,XLE,3914
XLP,XLF,XLV,XLI,XLY,XLB,XLE,XLU,XLK,3915
XLE,XLI,XLP,XLB,XLF,XLU,XLY,XLK,XLV,3916
XLK,XLY,XLV,XLB,XLU,XLP,XLE,XLI,XLF,3917
XLP,XLF,XLU,XLV,XLE,XLB,XLK,XLY,XLI,3918
XLP,XLY,XLF,XLK,XLB,XLI,XLU,XLV,XLE,3919
XLI,XLF,XLK,XLB,XLP,XLY,XLV,XLE,XLU,3920
XLP,XLF,XLK,XLB,XLV,XLY,XLI,XLE,XLU,3921
XLE,XLU,XLK,XLY,XLV,XLF,XLI,XLP,XLB,3922
XLB,XLU,XLF,XLK,XLI,XLY,XLV,XLP,XLE,3923
XLB,XLK,XLF,XLP,XLU,XLI,XLV,XLY,XLE,3924
XLE,XLV,XLP,XLU,XLK,XLB,XLI,XLY,XLF,3925
XLF,XLK,XLU,XLP,XLY,XLB,XLV,XLE,XLI,3926
XLV,XLP,XLI,XLY,XLK,XLB,XLE,XLF,XLU,3927
XLP,XLI,XLB,XLV,XLF,XLU,XLY,XLE,XLK,3928
XLF,XLP,XLK,XLB,XLI,XLU,XLE,XLV,XLY,3929
XLE,XLU,XLF,XLB,XLV,XLP,XLY,XLK,XLI,3930
XLK,XLE,XLY,XLF,XLI,XLB,XLV,XLU,XLP,3931
XLP,XLF,XLK,XLE,XLU,XLB,XLY,XLI,XLV,3932
XLE,XLK,XLB,XLP,XLV,XLI,XLU,XLY,XLF,3933
XLP,XLK,XLI,XLB,XLE,XLF,XLY,XLU,XLV,3934
XLP,XLI,XLY,XLK,XLE,XLB,XLU,XLF,XLV,3935
XLI,XLP,XLB,XLF,XLY,XLV,XLE,XLU,XLK,3936
XLB,XLP,XLE,XLK,XLY,XLV,XLU,XLI,XLF,3937
XLI,XLF,XLY,XLP,XLB,XLU,XLV,XLK,XLE,3938
XLV,XLI,XLK,XLE,XLP,XLY,XLU,XLB,XLF,3939
XLY,XLV,XLI,XLU,XLB,XLP,XLE,XLK,XLF,3940
XLF,XLI,XLE,XLP,XLU,XLK,XLV,XLY,XLB,3941
XLE,XLY,XLU,XLI,XLK,XLV,XLP,XLB,XLF,3942
XLP,XLI,XLF,XLK,XLV,XLU,XLB,XLY,XLE,3943
XLF,XLK,XLB,XLP,XLI,XLV,XLE,XLY,XLU,3944
XLP,XLB,XLU,XLV,XLY,XLE,XLK,XLI,XLF,3945
XLI,XLF,XLB,XLE,XLP,XLU,XLK,XLY,XLV,3946
XLP,XLV,XLY,XLF,XLB,XLI,XLE,XLK,XLU,3947
XLK,XLU,XLV,XLI,XLB,XLY,XLF,XLE,XLP,3948
XLP,XLU,XLB,XLE,XLF,XLV,XLK,XLI,XLY,3949
XLY,XLB,XLI,XLU,XLF,XLP,XLV,XLK,XLE,3950
XLB,XLP,XLY,XLU,XLE,XLF,XLV,XLI,XLK,3951
XLE,XLK,XLB,XLU,XLY,XLI,XLF,XLP,XLV,3952
XLY,XLK,XLF,XLP,XLU,XLE,XLB,XLI,XLV,3953
XLU,XLV,XLF,XLY,XLP,XLE,XLB,XLI,XLK,3954
XLI,XLB,XLE,XLU,XLY,XLF,XLV,XLP,XLK,3955
XLP,XLK,XLI,XLV,XLY,XLE,XLF,XLB,XLU,3956
XLY,XLP,XLE,XLV,XLF,XLB,XLI,XLK,XLU,3957
XLP,XLE,XLU,XLV,XLB,XLK,XLI,XLY,XLF,3958
XLE,XLV,XLI,XLF,XLB,XLU,XLK,XLP,XLY,3959
XLU,XLP,XLE,XLK,XLF,XLV,XLY,XLB,XLI,3960
XLV,XLI,XLU,XLF,XLY,XLB,XLE,XLK,XLP,3961
XLY,XLF,XLE,XLU,XLB,XLV,XLI,XLP,XLK,3962
XLV,XLI,XLF,XLB,XLY,XLE,XLU,XLP,XLK,3963
XLY,XLF,XLK,XLP,XLE,XLU,XLV,XLI,XLB,3964
XLY,XLB,XLF,XLI,XLK,XLE,XLP,XLU,XLV,3965
XLU,XLF,XLE,XLK,XLB,XLV,XLI,XLP,XLY,3966
XLU,XLI,XLY,XLF,XLV,XLK,XLB,XLP,XLE,3967
XLY,XLP,XLK,XLF,XLV,XLB,XLI,XLU,XLE,3968
XLB,XLV,XLU,XLI,XLE,XLP,XLF,XLK,XLY,3969
XLB,XLU,XLE,XLK,XLV,XLP,XLI,XLF,XLY,3970
XLI,XLV,XLB,XLE,XLK,XLF,XLY,XLU,XLP,3971
XLY,XLE,XLU,XLV,XLP,XLI,XLB,XLK,XLF,3972
XLU,XLK,XLB,XLE,XLV,XLI,XLY,XLF,XLP,3973
XLE,XLK,XLV,XLU,XLP,XLY,XLB,XLI,XLF,3974
XLI,XLF,XLE,XLU,XLV,XLB,XLK,XLY,XLP,3975
XLP,XLF,XLB,XLI,XLY,XLV,XLE,XLU,XLK,3976
XLE,XLF,XLP,XLV,XLB,XLY,XLK,XLU,XLI,3977
XLI,XLB,XLY,XLP,XLV,XLU,XLF,XLK,XLE,3978
XLI,XLK,XLY,XLU,XLB,XLF,XLE,XLV,XLP,3979
XLU,XLP,XLY,XLK,XLV,XLB,XLF,XLI,XLE,3980
XLP,XLU,XLF,XLY,XLV,XLK,XLE,XLB,XLI,3981
XLI,XLF,XLV,XLU,XLP,XLY,XLE,XLK,XLB,3982
XLY,XLP,XLE,XLB,XLU,XLI,XLF,XLV,XLK,3983
XLK,XLE,XLV,XLY,XLU,XLB,XLP,XLI,XLF,3984
XLK,XLF,XLI,XLE,XLB,XLV,XLP,XLU,XLY,3985
XLB,XLE,XLI,XLU,XLF,XLV,XLY,XLK,XLP,3986
XLI,XLB,XLP,XLK,XLE,XLU,XLF,XLV,XLY,3987
XLE,XLU,XLY,XLP,XLB,XLI,XLV,XLF,XLK,3988
XLF,XLU,XLI,XLK,XLB,XLE,XLV,XLY,XLP,3989
XLI,XLY,XLU,XLB,XLP,XLK,XLV,XLE,XLF,3990
XLU,XLE,XLY,XLP,XLK,XLF,XLB,XLI,XLV,3991
XLE,XLU,XLF,XLV,XLB,XLY,XLK,XLP,XLI,3992
XLY,XLI,XLU,XLV,XLB,XLF,XLK,XLE,XLP,3993
XLY,XLB,XLV,XLU,XLP,XLF,XLK,XLI,XLE,3994
XLP,XLV,XLE,XLU,XLY,XLB,XLI,XLF,XLK,3995
XLK,XLB,XLE,XLP,XLF,XLI,XLY,XLU,XLV,3996
XLP,XLY,XLF,XLU,XLK,XLE,XLI,XLB,XLV,3997
XLE,XLK,XLV,XLI,XLF,XLU,XLB,XLP,XLY,3998
XLE,XLF,XLV,XLP,XLY,XLB,XLI,XLU,XLK,3999
XLV,XLK,XLP,XLY,XLF,XLE,XLB,XLI,XLU,4000
XLI,XLK,XLB,XLU,XLY,XLE,XLP,XLV,XLF,4001
XLK,XLP,XLV,XLB,XLU,XLY,XLI,XLF,XLE,4002
XLP,XLE,XLF,XLY,XLK,XLI,XLU,XLV,XLB,4003
XLV,XLI,XLK,XLB,XLE,XLY,XLF,XLP,XLU,4004
XLU,XLY,XLE,XLV,XLB,XLI,XLF,XLK,XLP,4005
XLY,XLP,XLV,XLI,XLB,XLU,XLF,XLE,XLK,4006
XLF,XLV,XLU,XLE,XLI,XLY,XLB,XLK,XLP,4007
XLP,XLI,XLV,XLK,XLY,XLF,XLE,XLB,XLU,4008
XLK,XLF,XLV,XLP,XLB,XLI,XLE,XLU,XLY,4009
XLE,XLV,XLP,XLF,XLI,XLU,XLY,XLK,XLB,4010
XLU,XLV,XLP,XLY,XLE,XLF,XLK,XLI,XLB,4011
XLB,XLK,XLF,XLY,XLP,XLE,XLV,XLI,XLU,4012
XLY,XLI,XLB,XLK,XLU,XLF,XLV,XLP,XLE,4013
XLY,XLF,XLU,XLE,XLV,XLP,XLI,XLB,XLK,4014
XLP,XLB,XLE,XLY,XLI,XLK,XLU,XLV,XLF,4015
XLV,XLE,XLB,XLP,XLF,XLI,XLY,XLU,XLK,4016
XLP,XLI,XLF,XLY,XLE,XLK,XLB,XLU,XLV,4017
XLY,XLU,XLK,XLE,XLF,XLV,XLI,XLP,XLB,4018
XLB,XLU,XLF,XLP,XLI,XLY,XLV,XLE,XLK,4019
XLF,XLV,XLY,XLK,XLI,XLE,XLB,XLP,XLU,4020
XLY,XLE,XLV,XLU,XLK,XLB,XLF,XLP,XLI,4021
XLP,XLK,XLU,XLI,XLF,XLB,XLV,XLY,XLE,4022
XLK,XLV,XLB,XLY,XLE,XLF,XLP,XLI,XLU,4023
XLB,XLI,XLU,XLE,XLK,XLV,XLY,XLF,XLP,4024
XLE,XLI,XLV,XLF,XLP,XLU,XLK,XLB,XLY,4025
XLE,XLF,XLU,XLY,XLV,XLB,XLK,XLP,XLI,4026
XLY,XLV,XLE,XLF,XLB,XLU,XLP,XLI,XLK,4027
XLE,XLU,XLK,XLF,XLY,XLV,XLI,XLP,XLB,4028
XLV,XLY,XLB,XLK,XLE,XLP,XLU,XLF,XLI,4029
XLV,XLY,XLU,XLE,XLI,XLK,XLF,XLB,XLP,4030
XLV,XLP,XLB,XLF,XLY,XLE,XLI,XLU,XLK,4031
XLK,XLP,XLI,XLU,XLF,XLY,XLB,XLE,XLV,4032
XLY,XLK,XLP,XLI,XLF,XLB,XLE,XLV,XLU,4033
XLP,XLF,XLK,XLE,XLB,XLY,XLV,XLU,XLI,4034
XLY,XLI,XLV,XLP,XLK,XLB,XLE,XLF,XLU,4035
XLE,XLP,XLI,XLK,XLY,XLV,XLB,XLU,XLF,4036
XLF,XLB,XLI,XLK,XLP,XLE,XLY,XLV,XLU,4037
XLF,XLI,XLY,XLE,XLU,XLB,XLV,XLP,XLK,4038
XLI,XLY,XLB,XLV,XLK,XLE,XLU,XLF,XLP,4039
XLY,XLK,XLV,XLE,XLI,XLP,XLB,XLF,XLU,4040
XLB,XLF,XLU,XLK,XLI,XLV,XLY,XLP,XLE,4041
XLU,XLB,XLF,XLK,XLV,XLY,XLI,XLE,XLP,4042
XLY,XLB,XLK,XLE,XLI,XLU,XLV,XLF,XLP,4043
XLF,XLE,XLB,XLK,XLI,XLY,XLU,XLV,XLP,4044
XLB,XLU,XLV,XLP,XLF,XLK,XLE,XLI,XLY,4045
XLE,XLB,XLY,XLK,XLU,XLP,XLV,XLI,XLF,4046
XLV,XLE,XLI,XLP,XLK,XLB,XLU,XLY,XLF,4047
XLY,XLU,XLE,XLV,XLB,XLK,XLI,XLP,XLF,4048
XLB,XLU,XLI,XLP,XLY,XLE,XLK,XLV,XLF,4049
XLK,XLE,XLV,XLP,XLF,XLU,XLI,XLY,XLB,4050
XLB,XLP,XLU,XLI,XLY,XLE,XLV,XLF,XLK,4051
XLI,XLK,XLB,XLU,XLP,XLE,XLV,XLY,XLF,4052
XLI,XLV,XLP,XLU,XLB,XLY,XLE,XLF,XLK,4053
XLB,XLK,XLI,XLY,XLV,XLP,XLU,XLE,XLF,4054
XLI,XLU,XLB,XLE,XLF,XLP,XLV,XLY,XLK,4055
XLP,XLU,XLF,XLV,XLB,XLI,XLY,XLK,XLE,4056
XLY,XLK,XLP,XLB,XLF,XLV,XLU,XLI,XLE,4057
XLB,XLI,XLV,XLY,XLK,XLU,XLP,XLF,XLE,4058
XLP,XLE,XLB,XLV,XLU,XLY,XLF,XLI,XLK,4059
XLE,XLF,XLU,XLB,XLK,XLP,XLV,XLI,XLY,4060
XLY,XLI,XLV,XLB,XLF,XLE,XLU,XLP,XLK,4061
XLY,XLV,XLP,XLU,XLI,XLF,XLB,XLK,XLE,4062
XLY,XLP,XLB,XLK,XLE,XLU,XLV,XLF,XLI,4063
XLB,XLI,XLF,XLY,XLV,XLU,XLE,XLK,XLP,4064
XLU,XLY,XLI,XLP,XLE,XLV,XLK,XLF,XLB,4065
XLE,XLF,XLB,XLV,XLK,XLY,XLI,XLU,XLP,4066
XLE,XLF,XLB,XLK,XLU,XLY,XLP,XLV,XLI,4067
XLU,XLK,XLP,XLI,XLF,XLE,XLY,XLB,XLV,4068
XLB,XLE,XLP,XLK,XLU,XLF,XLV,XLY,XLI,4069
XLB,XLE,XLI,XLY,XLP,XLK,XLV,XLF,XLU,4070
XLB,XLV,XLP,XLY,XLU,XLI,XLE,XLF,XLK,4071
XLI,XLF,XLK,XLV,XLP,XLU,XLY,XLB,XLE,4072
XLV,XLY,XLU,XLB,XLE,XLK,XLI,XLP,XLF,4073
XLU,XLY,XLP,XLV,XLB,XLI,XLK,XLE,XLF,4074
XLF,XLB,XLE,XLP,XLV,XLU,XLI,XLY,XLK,4075
XLY,XLB,XLE,XLI,XLP,XLV,XLK,XLU,XLF,4076
XLB,XLV,XLP,XLY,XLK,XLE,XLI,XLF,XLU,4077
XLB,XLU,XLK,XLF,XLE,XLP,XLY,XLI,XLV,4078
XLI,XLV,XLE,XLU,XLK,XLY,XLP,XLB,XLF,4079
XLF,XLE,XLI,XLB,XLY,XLK,XLP,XLV,XLU,4080
XLE,XLY,XLI,XLF,XLU,XLB,XLK,XLP,XLV,4081
XLE,XLK,XLF,XLY,XLU,XLI,XLV,XLB,XLP,4082
XLB,XLI,XLP,XLV,XLY,XLF,XLK,XLU,XLE,4083
XLI,XLF,XLV,XLE,XLY,XLB,XLK,XLP,XLU,4084
XLI,XLE,XLK,XLU,XLB,XLV,XLY,XLP,XLF,4085
XLB,XLF,XLE,XLU,XLI,XLP,XLK,XLV,XLY,4086
XLK,XLE,XLP,XLF,XLY,XLV,XLI,XLU,XLB,4087
XLI,XLF,XLK,XLB,XLY,XLE,XLP,XLV,XLU,4088
XLF,XLI,XLU,XLV,XLY,XLB,XLK,XLE,XLP,4089
XLK,XLF,XLB,XLY,XLP,XLV,XLE,XLU,XLI,4090
XLU,XLK,XLV,XLI,XLP,XLY,XLF,XLE,XLB,4091
XLB,XLI,XLY,XLP,XLK,XLU,XLE,XLF,XLV,4092
XLU,XLK,XLB,XLF,XLI,XLV,XLP,XLY,XLE,4093
XLE,XLV,XLI,XLF,XLU,XLP,XLK,XLY,XLB,4094
XLE,XLF,XLI,XLY,XLK,XLP,XLU,XLB,XLV,4095
