path_id,cagr,annualized_volatility,max_drawdown,annualized_half_gross_turnover_ex_initial,annualized_fee_fraction_including_initial,total_return,annualized_arithmetic_active_vs_ew9,tracking_error_vs_ew9
0,0.0815349123215,0.192344914142,-0.582110988389,2.7129107852,0,6.67539476489,-0.00343071629172,0.0605296208738
1,0.0710972388313,0.195206823731,-0.567265776292,2.70308011969,0,4.96474974156,-0.0110927810128,0.0679913422968
2,0.0873952144052,0.185615794767,-0.505263758265,2.71893986675,0,7.83329354137,0.00109952278309,0.0576649280722
3,0.0976086268658,0.200690864818,-0.626961258075,2.71027357626,0,10.2639490236,0.012870875071,0.0618452829062
4,0.0722604263672,0.18578586683,-0.551766589653,2.70657654987,0,5.13548224993,-0.0139436829961,0.061640658413
5,0.0868206830467,0.19857254085,-0.532791983014,2.70938094619,0,7.71274015353,0.00173984518079,0.0571600517336
6,0.081615835696,0.185728450951,-0.534070114571,2.70534630852,0,6.69034116624,-0.00484631059156,0.0620092342011
7,0.0972178149954,0.194020173335,-0.600071090662,2.71071454465,0,10.1601303919,0.0107249152234,0.0599313201651
8,0.0990917599146,0.198326951575,-0.582392260979,2.7194249458,0,10.6664553093,0.0123278127715,0.0618084696328
9,0.0978408467778,0.194065417382,-0.499186914314,2.70677288737,0,10.3260770936,0.0122841649032,0.0658107003484
10,0.0784945808146,0.203975954245,-0.59390843822,2.71235908196,0,6.13365452214,-0.00532384280486,0.0624338424949
11,0.0984355783898,0.199286659257,-0.599951079112,2.70874109272,0,10.4866976712,0.0135245426734,0.0594023773534
12,0.110733531746,0.193127143754,-0.503535430166,2.71049871931,0,14.3433217439,0.0232318146783,0.0670904131049
13,0.0899331921185,0.205889642812,-0.530619866949,2.70716426201,0,8.38529739496,0.00627379728275,0.0625069792221
14,0.100065092761,0.19339612336,-0.451413984792,2.70507987596,0,10.9380853492,0.0145433534402,0.0583164009217
15,0.116023268196,0.197751715349,-0.522146381559,2.70875826796,0,16.3608004519,0.0284274356581,0.0582669150783
16,0.102911736192,0.202772594105,-0.606637439266,2.71862052961,0,11.7678551253,0.016997180948,0.0683241790701
17,0.0883852354946,0.202415979892,-0.593046972036,2.70746000494,0,8.04480144303,0.00506242330775,0.0623403763133
18,0.100179153911,0.181594068383,-0.520727441994,2.70467555358,0,10.9703118584,0.011579869445,0.0529823215496
19,0.0669582801563,0.207916545328,-0.625312823065,2.71404852727,0,4.39351539694,-0.0158554930905,0.0611671436804
20,0.0836569841345,0.200587679257,-0.59294737568,2.70824899279,0,7.0767280004,0.000551131253518,0.0610164525175
21,0.0690065182386,0.204235047276,-0.604916872836,2.71625277345,0,4.66929241786,-0.0134297322949,0.0633229222435
22,0.0862925629951,0.191936969463,-0.499377262842,2.71296407023,0,7.60332187633,0.000529184079108,0.0566985015928
23,0.086730594822,0.198002531811,-0.507088387244,2.71160033117,0,7.69398108983,0.0031208019931,0.0626404023318
24,0.0834091076373,0.184444607143,-0.518026816798,2.69928817975,0,7.02882818324,-0.00199490867551,0.0540493822317
25,0.0942058043299,0.20520978898,-0.593017321125,2.7030313897,0,9.39029535606,0.00980989261726,0.0630109224625
26,0.095839029888,0.193277568458,-0.472978523494,2.70247720255,0,9.8011571472,0.00972680027019,0.0661305632978
27,0.066669178567,0.198956586218,-0.519726486888,2.70417588828,0,4.35564491374,-0.0164682866543,0.0649057866602
28,0.0864797134806,0.193976651344,-0.514154662316,2.71167750225,0,7.64194453294,0.00278132046465,0.059080650818
29,0.0541234496669,0.190136074891,-0.487741581766,2.70120440583,0,2.93740126465,-0.0310126444713,0.0643720502681
30,0.0883901949137,0.197184263774,-0.515988961844,2.69731653166,0,8.04587313051,0.0030477683,0.0593109205949
31,0.0633444001504,0.198207875333,-0.522112178909,2.70396173661,0,3.93809192854,-0.0213903466522,0.0596716890072
32,0.0864713234944,0.196967393898,-0.602194447155,2.70414287831,0,7.64020950934,0.00197052478523,0.0659825754908
33,0.0896181437254,0.186352602059,-0.517909572726,2.71487222035,0,8.3150139283,0.00347918057226,0.0636482312584
34,0.0637295423072,0.192949339986,-0.529967376668,2.71272283203,0,3.98480840828,-0.0197654933037,0.0603625533155
35,0.0668447597935,0.190436507681,-0.551015082273,2.71146440941,0,4.37861434415,-0.017258850115,0.0685893971716
36,0.0942469728556,0.195876397037,-0.574506266376,2.70286008503,0,9.40046474085,0.00917763153698,0.0554137528142
37,0.0729493574159,0.205786937686,-0.569234051126,2.71022102844,0,5.23880892495,-0.00988864173638,0.0582452504869
38,0.0910986502985,0.198375184015,-0.620604518173,2.7152653335,0,8.64975562607,0.0063056248705,0.052825090801
39,0.0920950019213,0.194680754131,-0.550048492725,2.7159206903,0,8.8815092869,0.00609374384205,0.062692288683
40,0.0783766088763,0.199881362122,-0.512703045003,2.69602489564,0,6.11339284948,-0.00446316468097,0.0634101958974
41,0.0877568935346,0.199732988441,-0.557011783414,2.71069850131,0,7.91000525665,0.00313761217302,0.0583491087807
42,0.105736454932,0.20156170485,-0.578274823326,2.70854041337,0,12.6458968794,0.0190929115939,0.0560514516189
43,0.108240355788,0.183107055686,-0.405532473875,2.71171873632,0,13.4725172923,0.018776860819,0.0605074072943
44,0.0814699035826,0.203456390121,-0.545190282418,2.71974239065,0,6.66340800397,-0.00122951823257,0.0630019748495
45,0.0752044549228,0.209391680667,-0.649097181029,2.71323079376,0,5.58886398566,-0.00692898677122,0.0634243448778
46,0.0839993551907,0.204196218035,-0.524672161225,2.71320643145,0,7.14334009051,0.00122620945095,0.0634222755188
47,0.0826469504362,0.206090787724,-0.606757756271,2.69897003181,0,6.88325345838,0.000555762403999,0.0640623959021
48,0.0770399720478,0.194205439192,-0.514763648779,2.703543229,0,5.88765653762,-0.00763043149867,0.0589654474104
49,0.10111989446,0.20060059686,-0.591492612178,2.71856005289,0,11.2393149545,0.015399804585,0.0640623235464
50,0.0936066098097,0.191800794818,-0.479515888799,2.7060600886,0,9.24336117702,0.00740063895851,0.0577404321742
51,0.0796746341423,0.197913202284,-0.632419669731,2.70656902645,0,6.33940626561,-0.00527497255217,0.0595209593431
52,0.0781204763507,0.190647203527,-0.549453235857,2.7063409498,0,6.0695924226,-0.0065730790783,0.0568843934741
53,0.113310122008,0.192410651842,-0.551368349575,2.70715313235,0,15.296108664,0.0258673479122,0.0602123559159
54,0.0641252709688,0.20445096379,-0.533228483801,2.71363299422,0,4.03325151337,-0.0189682799899,0.0579143272109
55,0.05136487618,0.200545837108,-0.603306802251,2.71265218234,0,2.67806877037,-0.0308325044439,0.0577080092797
56,0.0766216035192,0.191553997413,-0.488762992921,2.70710699869,0,5.81842763172,-0.00960771636155,0.0611198822638
57,0.0796679791174,0.187515082499,-0.553971166491,2.70970628752,0,6.33823006752,-0.00612819557192,0.0557635228966
58,0.101530974823,0.196531923674,-0.504455518414,2.71557697745,0,11.3586790102,0.0155226385741,0.0625755830747
59,0.0910015881145,0.186292283446,-0.492840807561,2.71009840068,0,8.62746020431,0.0051721813558,0.0573574015186
60,0.105401194623,0.199960202116,-0.488732692314,2.70964686134,0,12.538724317,0.0189358036666,0.0622381789036
61,0.0798803877642,0.1906352944,-0.514197692725,2.72066874131,0,6.37586039057,-0.00430772999933,0.0554062245897
62,0.0734031377446,0.198961846479,-0.542540902498,2.71414768714,0,5.30777922339,-0.0112526638447,0.0599340288975
63,0.0724017149366,0.183901456475,-0.461745414772,2.69758827531,0,5.15653782912,-0.0135258387972,0.060744110724
64,0.105289677935,0.202877706488,-0.616887052812,2.72181849461,0,12.5032555337,0.0190181619896,0.0679143396531
65,0.0627544860167,0.19783629376,-0.614920550141,2.70146805436,0,3.86735253767,-0.020843500012,0.0595415256762
66,0.0748623226022,0.196739305821,-0.486629593651,2.70321009705,0,5.5345660581,-0.00863622965419,0.0593297730482
67,0.104616973412,0.188948239068,-0.473839788633,2.70785648286,0,12.2911840596,0.0170240683475,0.05624420401
68,0.0868925739787,0.196350670305,-0.48164600516,2.70707601592,0,7.72773791187,0.00255999056165,0.0625303863443
69,0.0943588225204,0.185072681003,-0.414021925791,2.71016641403,0,9.42814201532,0.00708359753703,0.0638025596698
70,0.0866964202173,0.19050829911,-0.475099328542,2.70345078763,0,7.68687508017,0.00035504691748,0.0552591839986
71,0.093157312979,0.196208055248,-0.528859502306,2.71525212254,0,9.13449772697,0.00750394840787,0.0641568991721
72,0.0898229331884,0.201498534879,-0.548490943052,2.72215371991,0,8.36064216582,0.00588251019605,0.0603913480054
73,0.0676706309132,0.195162923238,-0.487913846168,2.69750592708,0,4.48793093178,-0.0157799980277,0.0625348279106
74,0.08445221146,0.19932849031,-0.56008410417,2.70046497332,0,7.23226016904,-0.000350955729727,0.0562482028766
75,0.0896237499681,0.193388176599,-0.540322848777,2.71044612304,0,8.31626017845,0.00337427648495,0.0590791347218
76,0.0520020011802,0.194392395171,-0.505524706273,2.69894330528,0,2.73646444472,-0.0325004339512,0.0569644237649
77,0.0912481663481,0.186951538594,-0.470886886456,2.70108874654,0,8.6841969985,0.0048632660698,0.0590091962744
78,0.0911298350689,0.185029476768,-0.549789519461,2.70984591177,0,8.65692937602,0.00395176638037,0.0608142084863
79,0.0707145007867,0.200901637621,-0.649832028945,2.70778006852,0,4.90957727035,-0.0128425009547,0.0596008678761
80,0.0812367199671,0.187612911216,-0.492497236485,2.70176283351,0,6.62055989936,-0.00486001008097,0.06317363685
81,0.0741597260839,0.195793010592,-0.491645127719,2.70313207115,0,5.42440668238,-0.00930395230526,0.0608173027537
82,0.0628622869818,0.201962739141,-0.557469690462,2.72176948091,0,3.88020627754,-0.0189749914089,0.0687770792481
83,0.0892673233273,0.20708486512,-0.554330161567,2.70215386815,0,8.23734572305,0.00532693087935,0.0624735086647
84,0.095861623563,0.205094153794,-0.628055395568,2.70528345608,0,9.80694901377,0.0118449146597,0.0603599681999
85,0.089377754285,0.194210494079,-0.562362756865,2.71764020634,0,8.26172665301,0.00432104367777,0.0678167893809
86,0.111985509256,0.189825142535,-0.524216140872,2.70999813229,0,14.7993939945,0.0243575582472,0.062826178984
87,0.0976124609465,0.186046568186,-0.528253483424,2.70670864856,0,10.2649721271,0.00931545152717,0.0645024391604
88,0.0824935236177,0.196580610516,-0.558920921553,2.71089333998,0,6.85425686679,-0.00287293358254,0.0557776486932
89,0.0929668061579,0.203158039053,-0.600553321297,2.7143682869,0,9.08867504782,0.00879466397338,0.0654013359367
90,0.0860633328707,0.198261213654,-0.598353266765,2.71317092003,0,7.55624126801,0.00343652689921,0.0641297275701
91,0.0987134857802,0.195979249541,-0.555124231255,2.70882190013,0,10.5625014864,0.0146889170382,0.0633189493553
92,0.103535485893,0.186405624015,-0.469431130506,2.70691666127,0,11.9569401511,0.0162326471738,0.0547690716656
93,0.0722238211315,0.19790885585,-0.515876142656,2.71583119423,0,5.13003844541,-0.0114045890416,0.0651678862163
94,0.102500699798,0.202202560073,-0.613509791627,2.71183303668,0,11.6447058923,0.0164133224473,0.0621316084132
95,0.0701714164284,0.207604350792,-0.582222327386,2.70427889812,0,4.83213197932,-0.0115259945019,0.0613289062022
96,0.0904378787138,0.190432772728,-0.540890198157,2.70980251738,0,8.49895069053,0.00358787394626,0.0614016458608
97,0.068286936503,0.196726508275,-0.553832381952,2.71854538181,0,4.57089702978,-0.0168476252241,0.061451058817
98,0.0803615913778,0.208212694568,-0.609706147899,2.72242731514,0,6.46179798855,-0.00348667338132,0.0558846413085
99,0.0935813972561,0.199266411402,-0.608425175412,2.70859174905,0,9.23722257822,0.00831588680123,0.0629626885908
100,0.0975598039421,0.187819159619,-0.499361680573,2.70598787962,0,10.2509287025,0.0109132977936,0.0556784919135
101,0.0793669706619,0.19949288457,-0.538227561373,2.71272686912,0,6.2852194131,-0.00437911507551,0.060982763271
102,0.0780091163197,0.195650761059,-0.531050140645,2.70653106809,0,6.05063008057,-0.00592335551193,0.06047310327
103,0.0981066067808,0.194083004956,-0.436758719303,2.71194140649,0,10.3975828062,0.0122069848104,0.0582592455222
104,0.0952176985724,0.203768019324,-0.593339153046,2.70572470312,0,9.64304404889,0.010966482737,0.0645023581731
105,0.0447759915194,0.198500779323,-0.559975679849,2.71973231982,0,2.1234087984,-0.0386344979252,0.0634773603494
106,0.0864292596982,0.181925797049,-0.48455762428,2.69563550284,0,7.63151589221,-0.000791482091452,0.0607077588285
107,0.0832090418801,0.189020289171,-0.469222948056,2.70902317755,0,6.99036666274,-0.00223950112948,0.0602309023813
108,0.103748089449,0.196305844925,-0.566211765167,2.71898570531,0,12.022002415,0.0168453778125,0.0592969399096
109,0.0803704337489,0.193688958047,-0.583812584993,2.71183903089,0,6.46338611009,-0.00517197471656,0.0592888642691
110,0.0705416508658,0.205629048089,-0.589950060378,2.70689712541,0,4.88482175597,-0.011942817389,0.0625231819022
111,0.0858705083194,0.200899641604,-0.567473078935,2.71427930313,0,7.51682978039,0.00290318030281,0.061558538694
112,0.0637720291604,0.199660011953,-0.553885582596,2.71781174393,0,3.98998787308,-0.0201115898275,0.0637131505111
113,0.0740980317514,0.209168084449,-0.611957759909,2.71168134023,0,5.4148194366,-0.00887881643348,0.0625278852485
114,0.0725496471267,0.204023168164,-0.598086529368,2.71824836222,0,5.17865792641,-0.0103881525962,0.0590968838937
115,0.0704453988719,0.202810807145,-0.581137893707,2.69890240681,0,4.8710798285,-0.0120616929854,0.0621688635562
116,0.0959347395455,0.206540233486,-0.610808631034,2.70877519261,0,9.82571270086,0.0130303519953,0.0635977459547
117,0.0807884262217,0.178972159276,-0.506200915995,2.70698170227,0,6.53883099025,-0.00697888431689,0.0629222434009
118,0.074395243163,0.190749270335,-0.534140475113,2.70462662509,0,5.46113267801,-0.0118125956699,0.0551534135347
119,0.0606740997554,0.201056906928,-0.600087653569,2.71902057839,0,3.62557882421,-0.0223408587916,0.058868159689
120,0.104520296633,0.1869010725,-0.498787017585,2.70075088429,0,12.2609709608,0.0172219250686,0.060833795051
121,0.0859478766942,0.205713171876,-0.6150958649,2.71174655818,0,7.53262212021,0.0020839959651,0.0626616040085
122,0.0839632381305,0.192676822662,-0.489505377021,2.71322059606,0,7.13628826949,-0.000538397689774,0.0620519225624
123,0.111719116177,0.197155525778,-0.517233414804,2.709852187,0,14.7012733474,0.0255496428304,0.06062368133
124,0.0946534308732,0.195365227233,-0.526204424374,2.69844159155,0,9.50138240843,0.00980923262484,0.0624019214151
125,0.0614932982454,0.195722401056,-0.571278679561,2.71212608638,0,3.71937133144,-0.0228908915431,0.0612971636581
126,0.0968670535842,0.191581173211,-0.545447155911,2.70456322956,0,10.0677350957,0.0103145705205,0.0588212990068
127,0.0653171089562,0.193646205365,-0.519057519546,2.70548404239,0,4.18190043492,-0.017759818605,0.0644855947672
128,0.0795002557176,0.194052783839,-0.493907098752,2.70790529351,0,6.30864668525,-0.00511308469701,0.0625809083711
129,0.0974405084376,0.189332162204,-0.498228254421,2.70800784916,0,10.2191752832,0.00992716965281,0.0607603095108
130,0.0768830586449,0.199862108481,-0.620965980613,2.71190139916,0,5.86161268843,-0.00761045301737,0.0637169440385
131,0.075039281623,0.201338740287,-0.571613408789,2.71554558948,0,5.56259630256,-0.00852339299445,0.0608929390085
132,0.0824320322957,0.200684572292,-0.534985559932,2.70659359391,0,6.84266425018,-0.00120866798545,0.0595354611757
133,0.098014193206,0.203760074359,-0.601473439899,2.71036676999,0,10.3726688088,0.0145325616433,0.0610911951425
134,0.0777700806754,0.203027021149,-0.650406540771,2.71571520634,0,6.01009220062,-0.00652769152678,0.0639973702564
135,0.0823405930605,0.193649896853,-0.497740005324,2.69786673084,0,6.82545613769,-0.00239171016137,0.0604844414145
136,0.0767402666658,0.205334658383,-0.649503445947,2.70893643008,0,5.83799496787,-0.00583959337225,0.0609176907887
137,0.0743081509494,0.191540726277,-0.515109475122,2.70087574281,0,5.44752825568,-0.00888485911083,0.0578823177085
138,0.0690052943585,0.192315497189,-0.515913620376,2.71501232486,0,4.6691236548,-0.0161006792304,0.0592713713309
139,0.0732014556321,0.191544314865,-0.496286894685,2.70976800071,0,5.27703542654,-0.012666612591,0.0587885361945
140,0.0775258185014,0.200301935757,-0.587442784652,2.70716810357,0,5.96889951369,-0.00676445146805,0.05744271905
141,0.0565035207358,0.199009566061,-0.52851663792,2.70827872546,0,3.17520056376,-0.0272580850036,0.0542997852907
142,0.0836041497673,0.204323920928,-0.607919429573,2.71012158435,0,7.0664952666,0.000286028399294,0.0600464787869
143,0.111106140098,0.191409058657,-0.50659331357,2.70053886364,0,14.4777159634,0.0244458400598,0.0548733382371
144,0.0945947324858,0.196191908717,-0.4517124307,2.71207945868,0,9.48675049494,0.00912555962907,0.0626253673589
145,0.0546939499959,0.189768151619,-0.506909500195,2.70791297436,0,2.99318547678,-0.0292268894434,0.058760703084
146,0.0722682559148,0.189570383293,-0.497930792329,2.70298514071,0,5.13664723659,-0.0123117283007,0.0572666690996
147,0.097586767481,0.189781739595,-0.4642426741,2.7056572326,0,10.2581176724,0.0112297217113,0.0577354413455
148,0.0834920279394,0.193074736517,-0.583367925538,2.72143167925,0,7.04482127178,-0.00232838153033,0.0591742075251
149,0.0830005620713,0.189503688766,-0.515440700756,2.71216483305,0,6.9504761049,-0.00273330896133,0.0641793148782
150,0.0883244148067,0.185215795881,-0.450264577713,2.70995745376,0,8.03166854456,0.00110274461189,0.0616303618593
151,0.0848699899917,0.191141966857,-0.583807012098,2.69667289835,0,7.31511997103,0.000281585228275,0.0578442211703
152,0.0987245374965,0.182931326706,-0.469019069022,2.70428290198,0,10.5655259468,0.0114463902842,0.0626305135989
153,0.0795124157977,0.198696283237,-0.589705996439,2.71181888832,0,6.31078764263,-0.00523041068531,0.064227140725
154,0.0920497409715,0.188088314292,-0.439284000169,2.70367818312,0,8.8708664414,0.00659791484904,0.0592232163049
155,0.0740866112959,0.206003506054,-0.60146694975,2.71772299942,0,5.41304621736,-0.00795557552433,0.0637870452582
156,0.0913438973241,0.194395300073,-0.554894238079,2.71133228145,0,8.70631088749,0.00582088668708,0.0576445487982
157,0.0821706907756,0.196789486544,-0.514650523204,2.69184177571,0,6.79357827774,-0.00135801523488,0.0634244262887
158,0.088108433267,0.18949551471,-0.528120798776,2.71428323829,0,7.98518005447,0.00192448866521,0.0612150442992
159,0.0706793007839,0.196802907484,-0.625432625515,2.70909554087,0,4.90452783084,-0.0125797757022,0.061486739931
160,0.0930502501069,0.200231444211,-0.557447204247,2.71010169909,0,9.10872128023,0.00920196809252,0.0660636275367
161,0.0842857160555,0.1915117741,-0.506207522785,2.70780166736,0,7.19946016867,-0.000266499812718,0.0579091453786
162,0.0881794672767,0.201321847946,-0.570873266366,2.71522055442,0,8.00044416869,0.00157556848336,0.0614183404398
163,0.0687345572191,0.200207467186,-0.618372867949,2.70708163574,0,4.63190970348,-0.0148694787317,0.0565892737387
164,0.104682036585,0.191990009411,-0.499457143566,2.69659935927,0,12.3115546313,0.0181437254615,0.0555059878806
165,0.0828424559226,0.198275248342,-0.473059379551,2.70409802552,0,6.92035179828,-0.000466093500953,0.0599216025964
166,0.108571987453,0.188865557127,-0.546312405544,2.70554502855,0,13.5855457361,0.0205932668681,0.064243432923
167,0.0707273678394,0.192656743959,-0.476497074596,2.70381351355,0,4.91142408481,-0.014091277866,0.0595420582371
168,0.103259324825,0.190737941992,-0.472532076588,2.70479105846,0,11.8728941986,0.0167536422354,0.0521404956179
169,0.072329899267,0.19165374011,-0.515159804049,2.7035596693,0,5.14582680593,-0.0124630967673,0.0587597323549
170,0.0833347607166,0.193078868851,-0.536395291557,2.71212989656,0,7.01451466577,-0.00190865524445,0.0576544207262
171,0.0830923279813,0.199595116885,-0.568099275206,2.70930401711,0,6.96801095776,0.000116928973632,0.0619743093459
172,0.0901532894497,0.192743134212,-0.554064476503,2.70976676074,0,8.43470068213,0.0038220626867,0.0644493358816
173,0.0623118581028,0.1901332291,-0.529146747937,2.70623992194,0,3.81491583248,-0.0240860609322,0.0641440093381
174,0.0663376068328,0.199925428121,-0.528195057724,2.7212183658,0,4.31252587451,-0.0168783068241,0.0606113834655
175,0.0844925805938,0.200902543093,-0.580568333604,2.72165612139,0,7.24023196954,-0.00151602683273,0.0547298436545
176,0.0865344646493,0.194346359263,-0.524091952696,2.70838536734,0,7.65327513711,0.00146622105964,0.0576755275365
177,0.0763515509204,0.196302443128,-0.597907035208,2.71602971256,0,5.77409693582,-0.0082473264809,0.058095397652
178,0.0871340775122,0.197038508408,-0.533811555979,2.71337004916,0,7.77830192618,0.00286484502721,0.0592268335559
179,0.0982412606843,0.191879454633,-0.557888594312,2.70751556062,0,10.4339784392,0.013062265276,0.0563061147868
180,0.0633693480811,0.196433983984,-0.535963681364,2.71230647925,0,3.94110523528,-0.0219016353011,0.0572449525995
181,0.070394857766,0.194138654152,-0.498074906451,2.70600066892,0,4.86387641888,-0.0134638176108,0.0650024488099
182,0.100487964772,0.193530380558,-0.59408322715,2.70587924665,0,11.0579827551,0.015678350746,0.0565876013361
183,0.0940275002386,0.193963786351,-0.576097021539,2.71699597396,0,9.3463612307,0.00769411318745,0.0576584673574
184,0.0903567447741,0.193614223538,-0.510536078532,2.7087489899,0,8.48059082094,0.00579548679137,0.0530981971209
185,0.0952951008593,0.198220989107,-0.535963347812,2.71214371888,0,9.66261893039,0.0110879543029,0.0609066264617
186,0.0956808592042,0.190534886272,-0.47332401735,2.71688472316,0,9.76069375219,0.00984718776076,0.0589420919423
187,0.084431124191,0.19272975845,-0.556840763807,2.72010944491,0,7.22809895881,-0.00214061240035,0.0619956632421
188,0.0762745849574,0.19362384865,-0.520589069776,2.70507388324,0,5.76151336118,-0.00765414141474,0.0635314270834
189,0.0951755348778,0.188592379671,-0.559735756524,2.70077928075,0,9.63239547893,0.00867357772071,0.0621808142874
190,0.0944158290583,0.194309788729,-0.500113527252,2.71454308583,0,9.44227555367,0.00852243275742,0.0646531291052
191,0.101265658726,0.185381049427,-0.400602189124,2.70259930564,0,11.2815126398,0.0146434553829,0.0674493482678
192,0.072987768184,0.184670482015,-0.492212865109,2.69881394533,0,5.24461878982,-0.0124090217236,0.0568175887796
193,0.079747310883,0.188605368022,-0.520831914337,2.70146438542,0,6.35226283721,-0.00572425285423,0.05513614479
194,0.0752756376991,0.197282369068,-0.635670817387,2.70873298642,0,5.60021540284,-0.00832172313763,0.0591088451847
195,0.0722083602122,0.189977305556,-0.518491204223,2.70320933029,0,5.12774054611,-0.0125682611388,0.0661498673749
196,0.0722226491692,0.197670557663,-0.534798836123,2.71896693062,0,5.12986423197,-0.0113523001769,0.0580894354052
197,0.0991852096212,0.183586483616,-0.450732168938,2.70782499833,0,10.6922743909,0.0109809614425,0.0614869250082
198,0.0938405133474,0.19960650336,-0.548193793281,2.71178180042,0,9.30047956768,0.00984981577421,0.0667061683494
199,0.0632454972004,0.198330554509,-0.563465829496,2.72344659471,0,3.92616342929,-0.0199324494757,0.0668598542431
200,0.109413953266,0.198666764832,-0.598245979442,2.7120529791,0,13.8763349317,0.0223245026597,0.0610929592174
201,0.0729984442006,0.191446040155,-0.602412991871,2.70994066396,0,5.24623452669,-0.01208155093,0.0616785524964
202,0.092102969317,0.195350014504,-0.467111402576,2.71368424822,0,8.88338391478,0.00648452356047,0.0601808979115
203,0.0892103632083,0.19311451051,-0.571820704361,2.71060772586,0,8.22479421361,0.0032157824425,0.0598967187324
204,0.0846623973654,0.19228340005,-0.551366190131,2.70647180064,0,7.27384750108,-0.00148545304878,0.0597746741729
205,0.083364176785,0.195261919648,-0.630388140347,2.71389716954,0,7.02017500958,-0.000339405080973,0.0568959814721
206,0.0669893809281,0.201372584137,-0.552309853529,2.70624750223,0,4.39760470776,-0.0161931197945,0.0587656722012
207,0.0735169743166,0.183428894004,-0.544785918609,2.71472794436,0,5.325195989,-0.0118475835371,0.0627797697834
208,0.0823166153114,0.19008961156,-0.507971595243,2.71010808403,0,6.82094973421,-0.00200918825095,0.06153698715
209,0.0770125748137,0.194621706901,-0.555861351114,2.70550903074,0,5.88310241729,-0.00855676995691,0.0569540897565
210,0.0933844080407,0.196206591719,-0.562197087626,2.71323751769,0,9.18938247914,0.0074526648312,0.0598633681985
211,0.0891482137429,0.192462068477,-0.506390321944,2.71806813511,0,8.2111179082,0.00505467150823,0.0601449870622
212,0.0897924245427,0.196668270769,-0.476228715895,2.71025980457,0,8.35383107185,0.00454717171034,0.0619164765863
213,0.0665788329089,0.19825063941,-0.545928416482,2.7149647376,0,4.34386273064,-0.0168515611761,0.0595945557578
214,0.0657103801723,0.194014910335,-0.530259900825,2.71347900625,0,4.23186981786,-0.0185189111173,0.0613021544473
215,0.0726251152527,0.192084708908,-0.598378358543,2.70679353662,0,5.18997198893,-0.0121603575211,0.0660290817019
216,0.078164147383,0.196171916401,-0.571230498173,2.70907020358,0,6.07704208647,-0.00679500757913,0.0574709689762
217,0.0974601975181,0.188341663267,-0.497373274115,2.69935912107,0,10.22441007,0.0100548428177,0.0601669254857
218,0.092708518123,0.197511878319,-0.534620453919,2.70094229349,0,9.02686697153,0.00768508033735,0.0585622093701
219,0.0863892422405,0.189168069513,-0.579765815462,2.71387966355,0,7.62325301363,0.0012375450894,0.0599608119166
220,0.0772658831674,0.198108840368,-0.518765079292,2.70910165406,0,5.92531934057,-0.00832374031828,0.0575637499666
221,0.0765749051298,0.195023572206,-0.563727805449,2.71262939948,0,5.81074192519,-0.00863514131689,0.0577378143683
222,0.0700688894168,0.203790391919,-0.58236809946,2.72109286064,0,4.81762127554,-0.013649817518,0.0571524157529
223,0.0796540467708,0.195347226355,-0.623515294901,2.71221363591,0,6.33576827454,-0.00582152859195,0.0589631672031
224,0.0999241423572,0.198390252117,-0.570112275981,2.71444627731,0,10.8983768586,0.0143444376313,0.0581487598696
225,0.0853602880144,0.198666432597,-0.591634139338,2.71131931021,0,7.41338584036,0.000155443606428,0.0604678328016
226,0.0618661560803,0.192582145038,-0.530024371198,2.70461006372,0,3.76266401661,-0.0235630462433,0.0575208041969
227,0.0566100134601,0.19706380371,-0.522931553863,2.71474009477,0,3.18615701392,-0.0270111665377,0.0574828942021
228,0.0901782044176,0.193065346973,-0.566669663043,2.71089176518,0,8.44030885231,0.00514001683327,0.0557254399215
229,0.091677461618,0.188426640051,-0.515035789601,2.70327091707,0,8.78374433084,0.00586742436592,0.0573359622386
230,0.0901823300682,0.203484059546,-0.555579923637,2.71826837368,0,8.44123781423,0.00593658502017,0.0584520943867
231,0.10930098971,0.186312650234,-0.481700790384,2.71032760788,0,13.8369994748,0.0210397367036,0.0582230430866
232,0.123739951341,0.190473398257,-0.41963376096,2.70981465215,0,19.7673321829,0.0352017790662,0.0542477764351
233,0.0794524523272,0.210999545852,-0.579448394218,2.70085156311,0,6.30023605116,-0.0025668249466,0.0630984745747
234,0.0614458947129,0.204148000492,-0.639853599731,2.72277898166,0,3.71389447462,-0.0209652350649,0.060287370075
235,0.0771769080135,0.192257006974,-0.485093662029,2.70378761183,0,5.91046225837,-0.00772055520087,0.0591696043919
236,0.10032224009,0.195507315974,-0.557778668339,2.70639682487,0,11.0108573147,0.0142039899646,0.0594562669487
237,0.0851574667433,0.199151384848,-0.577818024275,2.70802164033,0,7.37260159682,0.00121008477253,0.0613783241546
238,0.0975596539541,0.185000043261,-0.511623159652,2.69853126213,0,10.2508887254,0.010256919996,0.06111373823
239,0.101393330839,0.191416355707,-0.524771261484,2.70674007956,0,11.3185876726,0.0150281156456,0.0601497249307
240,0.0844126645664,0.188019832577,-0.556246854322,2.71334212121,0,7.2244579293,-0.00155954975864,0.0582558661872
241,0.100735129502,0.201910848066,-0.490319728552,2.70624277186,0,11.1285969279,0.0161367773466,0.0592316257075
242,0.0902624546341,0.1941539183,-0.495411163127,2.70635828825,0,8.45929669222,0.00453843216445,0.0588406145646
243,0.0756912843539,0.202274274374,-0.610432629814,2.71123695129,0,5.66687440234,-0.00823558700579,0.0607119220367
244,0.0605810258518,0.193662071329,-0.507289703246,2.70966611901,0,3.61503660735,-0.0224170762572,0.0658794208915
245,0.109262640278,0.197968633515,-0.594264368403,2.70149451428,0,13.8236684311,0.0220921782549,0.0556138892084
246,0.0869694446336,0.19080752376,-0.536796713023,2.70777275215,0,7.74380199275,0.00278338236736,0.0616741055231
247,0.0936695329084,0.191358564097,-0.603364868914,2.70150698534,0,9.25869675239,0.00776250669142,0.0615097109064
248,0.0960368219264,0.189812035456,-0.498644507467,2.71284288632,0,9.85196241511,0.00931115659291,0.0622473432497
249,0.10103842323,0.191668649677,-0.506442466891,2.71558155754,0,11.2157904031,0.0149766491229,0.0581823184852
250,0.0929890425423,0.199079159704,-0.619971416332,2.70273900501,0,9.0940132867,0.00903578379609,0.0664871489787
251,0.0658685151261,0.194850651078,-0.516484343268,2.70534320313,0,4.25209291222,-0.0188164957448,0.0613504246556
252,0.0885393703861,0.185979160648,-0.470275023831,2.70645009568,0,8.07816578789,0.000561647155011,0.0588034286627
253,0.103923388113,0.189538232469,-0.521470477039,2.70601762071,0,12.075884588,0.0168689644008,0.0649425294771
254,0.103563603847,0.195559122451,-0.54827682422,2.71527358107,0,11.9655270119,0.0177024602887,0.0634666676143
255,0.0909584273933,0.198919449489,-0.541393566341,2.70938762393,0,8.61756199811,0.00527488271589,0.0578944055214
256,0.0670033134016,0.205561737585,-0.602883643592,2.71528850935,0,4.39943759737,-0.0146346173995,0.0670093213732
257,0.0945754962683,0.193844147265,-0.500526410941,2.7036905331,0,9.48195969463,0.00998038860722,0.0602138890959
258,0.096882555361,0.200459350491,-0.558746955884,2.70208486609,0,10.0718028919,0.0122150288922,0.0606046720601
259,0.0590176823911,0.203199365592,-0.50990198255,2.70826467866,0,3.44137651215,-0.0234137239191,0.0625375754428
260,0.0933681004843,0.193087825623,-0.524748711316,2.7082545211,0,9.18543173305,0.00721195139597,0.0599391823305
261,0.100597262636,0.196841199229,-0.553934749314,2.71319629234,0,11.089159914,0.0151983476783,0.057827388384
262,0.0886097224458,0.201415133908,-0.578889210381,2.72112957444,0,8.09343363886,0.00455885121697,0.0614530504388
263,0.0705560830222,0.199020673374,-0.592038713934,2.71977023293,0,4.88688490393,-0.0123101136899,0.0675071293728
264,0.0554251346843,0.193638406107,-0.527686026711,2.71391820538,0,3.06579350204,-0.0287105155371,0.0598768148304
265,0.107579873447,0.192007134852,-0.48849454201,2.7051391682,0,13.2499120499,0.0218879647427,0.0583891971074
266,0.0719180605022,0.196585579443,-0.570037493181,2.71643485721,0,5.08474783829,-0.0120113881742,0.0626656366779
267,0.0762554788374,0.194750918172,-0.564291028994,2.72344955345,0,5.75839308405,-0.008339416799,0.0580687175742
268,0.0769431453064,0.192365358391,-0.499875140296,2.7082662747,0,5.87157442133,-0.00876736903074,0.0602435152477
269,0.0992174961446,0.200039568493,-0.569165071873,2.70878501141,0,10.7012075505,0.013467797041,0.0619423420143
270,0.105309168689,0.185963712649,-0.46561269296,2.70447216026,0,12.5094482753,0.0178552166565,0.0611484807898
271,0.0610766769066,0.204353562359,-0.573644839305,2.70842415119,0,3.67144487904,-0.0210695581881,0.057474384667
272,0.0921001126204,0.190604814286,-0.491943365738,2.70391582498,0,8.88271173071,0.00603832634707,0.0592860695944
273,0.0977542661501,0.192862914554,-0.543501656449,2.71064090361,0,10.3028749037,0.0112596817743,0.0592914990431
274,0.0841415962766,0.200664596564,-0.625645164974,2.71160132041,0,7.17116971644,-0.000769156160657,0.0650530000349
275,0.0898433580301,0.199229723697,-0.512254123103,2.70868480217,0,8.36520470246,0.0053147034844,0.0586026725068
276,0.0973505123146,0.190739582638,-0.530369638477,2.70687146684,0,10.195277654,0.011541452349,0.058458741293
277,0.0784583319081,0.198020693261,-0.532305520905,2.70527131741,0,6.12742287623,-0.0057451674905,0.0593530572496
278,0.0927701523329,0.204547413543,-0.620691583125,2.71321335907,0,9.04158281714,0.00846729069854,0.0675356093897
279,0.116943105766,0.189874965948,-0.553546715206,2.71008206549,0,16.7367113533,0.0288592034005,0.0574106475811
280,0.094165194249,0.190831827614,-0.555953813932,2.71077590733,0,9.38027328517,0.00740827206211,0.0615030997898
281,0.0785894061511,0.19910964323,-0.486286617553,2.70638047668,0,6.14998098563,-0.00517325849171,0.056849926154
282,0.0643912456334,0.196558558523,-0.563716382463,2.7061489446,0,4.06606481329,-0.0191456714879,0.0564099006743
283,0.101322988737,0.18628237951,-0.53627542927,2.70843980449,0,11.2981475574,0.0145966646229,0.0564160518012
284,0.0848087600821,0.193435150949,-0.489402174127,2.71039425936,0,7.3029260248,-0.000470569604342,0.058900415361
285,0.0819598931217,0.19693761929,-0.528420624123,2.70991759007,0,6.75420097518,-0.00411055470337,0.0605991590756
286,0.0940806611566,0.183758175818,-0.528105930693,2.70383384577,0,9.3594413562,0.00717089539115,0.0564378037779
287,0.076273500922,0.209747345269,-0.564175196734,2.70932963321,0,5.76133628709,-0.0055606329313,0.0643946123677
288,0.0720463628913,0.209648352945,-0.586245522464,2.71300462849,0,5.10371323393,-0.00991729985873,0.056374020898
289,0.0946193028558,0.189750269304,-0.571562548291,2.70268156403,0,9.49287283375,0.00833303064353,0.0548976264844
290,0.089032620263,0.191231860564,-0.496790851397,2.70601959047,0,8.18573281114,0.0034721788568,0.0632522772023
291,0.0766892896853,0.194462396871,-0.618756269006,2.70823513861,0,5.82958235051,-0.00736044215146,0.0663855654513
292,0.0890859310407,0.20011117468,-0.495463565384,2.7017665533,0,8.19743184334,0.00492167970067,0.0612006910866
293,0.0797775858261,0.195155570175,-0.539649172813,2.70981084018,0,6.3576248849,-0.0044677021825,0.0602464648604
294,0.0969189685219,0.197363669812,-0.497537053768,2.69791377272,0,10.0813636658,0.0129255846031,0.0637180753474
295,0.0695580723591,0.193284772566,-0.512702933974,2.70929219114,0,4.74584087854,-0.0154069805772,0.0638371342175
296,0.101190415412,0.185428327243,-0.522927166902,2.70217225005,0,11.259712815,0.0145676067589,0.0595530853092
297,0.113270762156,0.19501327105,-0.547741525899,2.70830353406,0,15.2811350894,0.0263528477481,0.0649697926581
298,0.0781312593882,0.190011259466,-0.485178887749,2.70316468757,0,6.07143115577,-0.00778511296421,0.0557770988883
299,0.102538736048,0.189511780719,-0.479206042824,2.70480138599,0,11.6560536767,0.0162126368501,0.0582738526997
300,0.0890063311883,0.198339009288,-0.57614862018,2.71844361209,0,8.17996895166,0.00367108807738,0.0575543974851
301,0.070386561426,0.19413269419,-0.545822487835,2.70867484401,0,4.86269478897,-0.0142919052388,0.0625226523253
302,0.0759803041198,0.182991491391,-0.530552478082,2.69476054117,0,5.71360676528,-0.00924596340434,0.0566304704438
303,0.105977932123,0.198621672904,-0.6063326226,2.70474353236,0,12.7235947023,0.0194825482101,0.0568579956308
304,0.0760897567627,0.205651607934,-0.61014528471,2.72051627631,0,5.7313865459,-0.00616064919333,0.0599126426409
305,0.0838018367824,0.199825694666,-0.562455049227,2.71027364914,0,7.10484649963,0.000295611316964,0.0643094097609
306,0.111468600406,0.185234048227,-0.507278286332,2.70028240324,0,14.6095355736,0.0232845392643,0.0605500779472
307,0.0812854443636,0.195108610441,-0.504192475855,2.71513753129,0,6.62949405357,-0.00253676258489,0.0663665198878
308,0.0772485094103,0.203135486945,-0.626685227486,2.7165335069,0,5.92241585747,-0.007081764988,0.0573231158408
309,0.0913317955149,0.184807354958,-0.558151545341,2.71188025401,0,8.7035126866,0.00437233801354,0.0604248877857
310,0.106899754897,0.188809634704,-0.529052080891,2.71354057855,0,13.0241308179,0.0187306589765,0.0607004119524
311,0.0811475856689,0.195021612786,-0.627744980039,2.70661644607,0,6.60424217203,-0.0032290592884,0.0583875781957
312,0.0809529180854,0.199401770079,-0.515645332044,2.70922453951,0,6.5687213021,-0.00245644860538,0.0610499137356
313,0.0764544078375,0.193858967633,-0.47160336521,2.70556534778,0,5.79094871914,-0.00914618120361,0.0642738256577
314,0.0826468078368,0.204860683382,-0.584395459448,2.71342656618,0,6.88322646037,0.000326927892755,0.0652665454051
315,0.109866048805,0.194546684046,-0.545711896915,2.707214359,0,14.0347668537,0.0228589119724,0.0619130875588
316,0.089271273065,0.203585444264,-0.593835904637,2.71223690107,0,8.23821668038,0.00514492032147,0.0635510345326
317,0.0949295196289,0.200778840878,-0.571664236545,2.71926986836,0,9.57046754837,0.00875946335004,0.061060383937
318,0.0782374655197,0.192921447045,-0.626448772706,2.70650962538,0,6.08956610654,-0.00610575512894,0.0529961913129
319,0.0884525414237,0.192633871924,-0.582215753091,2.70140902743,0,8.05935609074,0.00307119546794,0.0655099055266
320,0.10224198513,0.184364202385,-0.513376257216,2.71816180842,0,11.5677797994,0.0138158687497,0.0587366710306
321,0.0932558610302,0.193026976602,-0.634986195623,2.71228247132,0,9.15827999767,0.00757754301723,0.0638594044628
322,0.0857491113349,0.190968123208,-0.482984906727,2.70991775013,0,7.49210700534,0.000194245233405,0.0532926835942
323,0.0908029203297,0.202136994315,-0.525886769882,2.71718619628,0,8.58198007107,0.00701827094003,0.0629012369642
324,0.0923903700925,0.198565316589,-0.567990723716,2.7116613369,0,8.95123481111,0.00811410671728,0.0587331128905
325,0.0772870474776,0.191594763728,-0.519487450774,2.7117453711,0,5.92885787881,-0.00802490345833,0.0626032388719
326,0.0716965760755,0.194890078213,-0.609976153855,2.71612878355,0,5.05214172364,-0.0133751516386,0.05653465101
327,0.0637596118541,0.194931477517,-0.530394732955,2.71897701321,0,3.98847357573,-0.0195365218085,0.0664342714464
328,0.106494234979,0.200984396428,-0.599143255766,2.71027913725,0,12.8911501834,0.0209239568812,0.0630869914627
329,0.103755945412,0.192609371631,-0.545257591457,2.70896327155,0,12.0244125538,0.0182666269619,0.0564892875541
330,0.0839451257707,0.190052049079,-0.498843816447,2.70746263392,0,7.13275405982,-0.00105658319176,0.0600989566329
331,0.0971991171255,0.194369278922,-0.5022145601,2.7088105636,0,10.1551864626,0.011013480535,0.0665853273303
332,0.0932372937589,0.194977382806,-0.631597976388,2.70902587769,0,9.15379512146,0.00935778316387,0.0601953826062
333,0.0780156963881,0.192865506912,-0.53358575499,2.70417272068,0,6.05174917119,-0.00755836124919,0.059370957575
334,0.0867037333239,0.202293258967,-0.634284643602,2.70787376751,0,7.68839524258,0.00250234368199,0.0600829438947
335,0.103301842745,0.190486880368,-0.500695075721,2.70497828425,0,11.8857997349,0.0172873374342,0.0598575896154
336,0.114194752642,0.194823800097,-0.56314907947,2.69448377816,0,15.6361610099,0.0272780109814,0.0600759224088
337,0.0895765309709,0.193157854817,-0.628889459777,2.71565235697,0,8.30576855312,0.00397422561412,0.0591138900602
338,0.109055547957,0.186130141504,-0.408681284931,2.70609914428,0,13.7518777141,0.0211770030423,0.0643537124131
339,0.0855246926101,0.190553341091,-0.575798433593,2.70707130547,0,7.44658519308,-0.000642613596173,0.0642370993505
340,0.0947415156184,0.182020142077,-0.48847101962,2.70464147442,0,9.52337638046,0.00735992948587,0.0567123875719
341,0.0793229267586,0.199064111108,-0.563116132191,2.69840549358,0,6.27749378122,-0.00632308740344,0.0605262497817
342,0.0733483718084,0.185696280788,-0.48253713897,2.70435586056,0,5.29941658366,-0.0127321465859,0.0588835542681
343,0.0787919800908,0.195784633148,-0.46456240727,2.70727558524,0,6.18497941028,-0.00574137311068,0.0614272695656
344,0.0860344619823,0.193377048804,-0.514215645139,2.7100631081,0,7.55032919321,0.00054993143958,0.057620844418
345,0.058530546906,0.203084270425,-0.589342256481,2.72339555578,0,3.38856056089,-0.0241532867144,0.0607150380649
346,0.0948491909129,0.196406736714,-0.641221782207,2.70860722497,0,9.55032210502,0.00873275491815,0.0614997558387
347,0.0827413622352,0.211619236137,-0.620982545435,2.70317802305,0,6.90114775466,0.000897620400873,0.066325096315
348,0.0835539479817,0.188551789753,-0.519218677843,2.71094817841,0,7.05678395017,-0.00203349365495,0.0581346780466
349,0.0618438387748,0.198508023732,-0.545346856076,2.7192601268,0,3.7600620361,-0.0213670166365,0.061477752012
350,0.116904799734,0.192404188995,-0.514811341901,2.70940364325,0,16.7209018129,0.0300323704482,0.0570294175215
351,0.0944100387664,0.194466787616,-0.474676662563,2.71188188158,0,9.44083913602,0.00793752742095,0.0632439910966
352,0.0682437078165,0.195878086392,-0.439947949153,2.7075154148,0,4.5650385384,-0.0159208249576,0.0636535268728
353,0.0912667973986,0.194061988937,-0.485785277195,2.7065396361,0,8.68849697752,0.00539487480857,0.0691371939012
354,0.103680853116,0.1979209833,-0.588837995115,2.70993911431,0,12.0013924447,0.018511403033,0.0626379040884
355,0.0892073321275,0.191582127667,-0.600383004946,2.71193282216,0,8.22412675623,0.00291435182274,0.0629196334164
356,0.0631012695281,0.207949820775,-0.595313758144,2.70673838993,0,3.9088180495,-0.018387316589,0.064937304698
357,0.0797575513418,0.19637884661,-0.594654321655,2.70670773307,0,6.35407612197,-0.00349344595993,0.0609208792881
358,0.0860276460296,0.194397011348,-0.564189433456,2.71116571832,0,7.54893402061,0.000568240207074,0.0544902517879
359,0.0811609169675,0.187874301227,-0.502661244416,2.70381787335,0,6.60668058114,-0.00476140980913,0.0645716201792
360,0.0744288732879,0.198327530522,-0.594348381523,2.70942312409,0,5.46639332574,-0.00969435253643,0.0555587519723
361,0.0901919430581,0.192346297585,-0.566634937701,2.71990624621,0,8.44340268695,0.00306328536301,0.0621252908006
362,0.050277188323,0.207938265403,-0.569484422225,2.7094920094,0,2.5803989218,-0.030061637245,0.0651194025184
363,0.0715394560197,0.196487077763,-0.566476623596,2.70718918771,0,5.0291130273,-0.0125433439222,0.060199778555
364,0.0849326553218,0.203784241126,-0.53597220232,2.70670506029,0,7.32761761056,0.0018782178691,0.0584868042757
365,0.0749427373505,0.191075066209,-0.509921963895,2.71388474877,0,5.54728942496,-0.00996276007415,0.0608010957669
366,0.0789609076493,0.197224852696,-0.553569871001,2.71054682573,0,6.21429069753,-0.00648915713768,0.0561533999417
367,0.109187300394,0.192193311878,-0.493847466554,2.7049328173,0,13.7975122832,0.0229782608724,0.0614400605311
368,0.078996819014,0.196825848231,-0.570679496226,2.70620891597,0,6.22053662239,-0.00630386798603,0.0557891370576
369,0.0843348285438,0.182622937159,-0.509209112395,2.70511110216,0,7.20912235926,-0.0028313977021,0.0626729154538
370,0.0703169644222,0.194701293542,-0.479724077833,2.70639144999,0,4.85279124943,-0.0143954351446,0.0617648628982
371,0.0832581046565,0.204283553579,-0.582594776318,2.71863766789,0,6.99978227758,-0.000316112246371,0.0656215951437
372,0.0866776474457,0.196454790374,-0.470337069734,2.70877515036,0,7.6829739884,0.00330935817307,0.0678741601139
373,0.10928871887,0.193234320495,-0.503768037413,2.72284649689,0,13.8327326274,0.0218401275098,0.0585437722551
374,0.0783024805623,0.186823692399,-0.544085180778,2.70929154647,0,6.10068963811,-0.00681541456534,0.0644223268446
375,0.076361238018,0.195496368809,-0.508867150493,2.70607292676,0,5.77568232546,-0.00717439823749,0.0580336765077
376,0.0838518166446,0.195349690724,-0.526074376431,2.70784730499,0,7.11457031172,-0.000861238434835,0.0576992906725
377,0.0706934131104,0.19656864813,-0.608388828312,2.71033558883,0,4.9065517453,-0.0141779882923,0.0581744233014
378,0.0548531939408,0.204184646312,-0.566183258182,2.71363543092,0,3.00889171156,-0.027892199059,0.0604214716709
379,0.0741636829723,0.20159807083,-0.601038437074,2.70409133082,0,5.42502204933,-0.0106511165578,0.0570066211195
380,0.060755086813,0.209590042078,-0.652505671285,2.70647401191,0,3.63477083526,-0.0213168219313,0.0637781931241
381,0.0831420013186,0.207877554666,-0.632341283927,2.71565393937,0,6.97751816591,0.00104540644381,0.0638235243311
382,0.0664460850958,0.19304736915,-0.523290507004,2.70080567927,0,4.32659598977,-0.01877152854,0.0604548080779
383,0.072776312241,0.199477684069,-0.589456524681,2.72586491406,0,5.21269916793,-0.0103315991887,0.063269294734
384,0.0726272630799,0.194897562205,-0.552506604553,2.70534356211,0,5.19029427918,-0.0114593657257,0.0577300533793
385,0.0969379290944,0.188557771507,-0.435683716693,2.70369891791,0,10.0863451661,0.0104599635748,0.065793319927
386,0.08559235377,0.196738385491,-0.494193063872,2.70170825212,0,7.46028503446,0.00204177505289,0.0657502056294
387,0.111619926846,0.191943563523,-0.502013721259,2.71118090712,0,14.6648888259,0.0244904469468,0.0632692689392
388,0.0984834706583,0.199323238477,-0.506678510136,2.71865546142,0,10.4997269071,0.0131656722995,0.0623892029392
389,0.0846928037432,0.200072316248,-0.494228067744,2.70550600174,0,7.27988039969,0.00110258868343,0.0619586233794
390,0.0765367850467,0.194645783549,-0.564882244475,2.70807411639,0,5.80447422804,-0.00789604840652,0.0644461634995
391,0.0862851657798,0.191438072518,-0.512359780155,2.71199390281,0,7.60179871162,0.00091325580161,0.0566434161103
392,0.0800382828258,0.194988734538,-0.623458980212,2.71568656997,0,6.40395324037,-0.00490458737322,0.0616732718622
393,0.0806580966592,0.197544100614,-0.576889184413,2.7122941132,0,6.5152290371,-0.00198632986474,0.0655284233487
394,0.116658510975,0.186934819254,-0.491058532946,2.70686969448,0,16.6195774727,0.0272782335644,0.0602246048361
395,0.0937053874237,0.193507948624,-0.551147639763,2.70562748914,0,9.26744506189,0.00784928238,0.0607450772451
396,0.0821639140211,0.20156861565,-0.569883343311,2.71150790332,0,6.79230938443,-0.00150500282666,0.0592437219209
397,0.0958917730537,0.193202060205,-0.524281810242,2.71725368632,0,9.81468245781,0.00926346731731,0.0625308072837
398,0.0822059459253,0.198417198909,-0.596313985735,2.70606235654,0,6.80018272973,-0.00367393551166,0.0601203239413
399,0.0659047964947,0.196878352439,-0.603325407779,2.71476277247,0,4.25674334585,-0.0195708480669,0.0597380763996
400,0.0729127898909,0.200368791448,-0.588253422798,2.71359143711,0,5.23328269154,-0.0104617726748,0.0588405137823
401,0.0786549599317,0.191233779012,-0.540627354679,2.70484557247,0,6.16128864421,-0.0066231241475,0.0575883404462
402,0.0904807283321,0.193948798923,-0.446944806069,2.71624119376,0,8.50866095873,0.00537417011861,0.0577950022786
403,0.0976872088139,0.191712237214,-0.496699404455,2.70917593514,0,10.2849360495,0.0127435577341,0.0603782083574
404,0.0888495126397,0.197679051558,-0.528434699999,2.71931711471,0,8.14565878186,0.0036103553997,0.0616400487466
405,0.0945493491321,0.19849984682,-0.590729918672,2.7134186622,0,9.47545109699,0.0089110111979,0.05867539456
406,0.0827647517571,0.200156110734,-0.539868596306,2.71158091682,0,6.90558690952,-0.0013718279522,0.0604747357915
407,0.0800603507652,0.189641105264,-0.488637713815,2.71400008085,0,6.40788777566,-0.00444046229192,0.061578973811
408,0.0984152799301,0.19252136478,-0.513350332156,2.71910118047,0,10.4811796982,0.0119529869349,0.0597510501323
409,0.0480407040502,0.199472494279,-0.5986989717,2.71312958679,0,2.38734788488,-0.034611373723,0.0651975173147
410,0.062130248852,0.20673661374,-0.602883643592,2.7166360481,0,3.7935586967,-0.0191378352032,0.0632505036547
411,0.0641994061561,0.189316953022,-0.529319576892,2.70570949162,0,4.04237697301,-0.0196945070309,0.062628452262
412,0.103962218891,0.190077382961,-0.502510858169,2.71026348475,0,12.0878491121,0.0153820732604,0.0637886302541
413,0.0824836863782,0.194840815673,-0.574764714114,2.7100450827,0,6.85240120035,-0.00259505284627,0.0572679953399
414,0.074669784304,0.183294978184,-0.518913332925,2.70215043691,0,5.50419883526,-0.0104174641666,0.0658669655475
415,0.0802266193768,0.199300397847,-0.622950868728,2.71267180847,0,6.43759683065,-0.00298936874795,0.0608625408251
416,0.08940742868,0.190389337209,-0.445580007156,2.69981108376,0,8.2682887015,0.00357840942215,0.0608416694082
417,0.0987651401388,0.198701064107,-0.597862797058,2.7159965746,0,10.5766439735,0.0119105652692,0.0600521434385
418,0.0972938965179,0.185081380797,-0.468977063875,2.70177671379,0,10.1802689476,0.00923947034801,0.0609168079272
419,0.0693659256182,0.18923504784,-0.553639885143,2.70722530639,0,4.71906131785,-0.0166553677052,0.0541789615809
420,0.0989494990901,0.203712863955,-0.605925191501,2.71577909732,0,10.6272554991,0.0149722390505,0.0564908104329
421,0.0675766478795,0.188404530273,-0.454602921327,2.7143242065,0,4.4753839521,-0.0188508799163,0.0586431914745
422,0.0816089510455,0.204769261419,-0.513497199236,2.71030975773,0,6.68906849532,-0.000459990729263,0.0716979613554
423,0.0657934409092,0.204430613977,-0.62901865523,2.69758072896,0,4.24248268958,-0.0157252488625,0.0646710134714
424,0.0851532780258,0.188781222561,-0.502762128052,2.70623798824,0,7.37176131689,-0.000954484688625,0.0577237923207
425,0.0952333423415,0.195120789652,-0.555103237746,2.71422137019,0,9.64699753817,0.00870643070864,0.0601822127265
426,0.0868510813999,0.205356441117,-0.599203364534,2.70916534394,0,7.71907877756,0.0033690528945,0.0651118865626
427,0.102038532352,0.196162518596,-0.584999854733,2.72075321679,0,11.5076015308,0.0154128946487,0.0595044259829
428,0.0915655097334,0.20050730461,-0.610432629814,2.71084819178,0,8.75768989164,0.00686296165772,0.0656413291542
429,0.0967206926439,0.19296189803,-0.552682345189,2.71187013757,0,10.0293995262,0.0100393587577,0.0626700566166
430,0.0739110921451,0.194347492277,-0.480279713407,2.70576803123,0,5.38585310732,-0.0104845982785,0.0603533179641
431,0.0948434671845,0.197828216736,-0.552128579889,2.71455832801,0,9.54888807494,0.00924041949162,0.0608009831526
432,0.0686900681397,0.189677991454,-0.4433013813,2.70335338295,0,4.62581700785,-0.0170693571832,0.0608870819712
433,0.0678624845585,0.189928625691,-0.550032457028,2.70883544863,0,4.51362976873,-0.0162835484319,0.0575654450965
434,0.10604866781,0.186073582019,-0.493207323629,2.70787555287,0,12.7464350904,0.0188702466173,0.0604129195173
435,0.111787242744,0.184855591977,-0.460839266709,2.71884796789,0,14.726310518,0.0226259124947,0.0539222703976
436,0.0743409464569,0.204183410943,-0.575665983601,2.70992993133,0,5.45264791064,-0.00949798137826,0.0603941158385
437,0.0974059896906,0.198114318976,-0.592962130292,2.70311537464,0,10.2100033596,0.011260773704,0.0618173916928
438,0.0724590480668,0.186429139297,-0.491064776025,2.70622007564,0,5.16510172133,-0.0120968230415,0.0640331499294
439,0.0848871137665,0.195703607094,-0.534336526804,2.70113457438,0,7.31853325357,0.00160924315808,0.0580921644734
440,0.0852679747431,0.195009882313,-0.591178026934,2.70934823343,0,7.39479942874,-0.000338447351549,0.059806169968
441,0.0942982832813,0.195053254782,-0.53474644312,2.70223443458,0,9.41315275969,0.00917107383118,0.0572882378309
442,0.086798579746,0.186541932339,-0.483543564043,2.70090371503,0,7.7081339852,0.00112171232195,0.0618689110437
443,0.0685239159128,0.211264310981,-0.645497541903,2.71107010055,0,4.6031187576,-0.0128317886328,0.0628991375756
444,0.0758429426837,0.189003949174,-0.52962037036,2.70753470278,0,5.69135729391,-0.00946323915697,0.0656786221659
445,0.0983094988662,0.181223872642,-0.412602223821,2.6952168125,0,10.452465192,0.0106460702435,0.0616092312574
446,0.0922616368485,0.197024474849,-0.511522626107,2.70579625285,0,8.92078767916,0.0086221511822,0.0665370076369
447,0.0854343661597,0.203905306885,-0.568540666686,2.70581675259,0,7.4283293902,0.0015646590676,0.0605004899479
448,0.0966866068008,0.194201750378,-0.422755254293,2.69826761695,0,10.0204899435,0.0118066964222,0.0616572707613
449,0.0883842965582,0.194137408238,-0.532277861219,2.6995875715,0,8.04459856076,0.00329741056795,0.0589487607215
450,0.0814501787336,0.194166827152,-0.615903924648,2.71359824154,0,6.65977456061,-0.00298914767865,0.0560846927615
451,0.102991894156,0.209297467813,-0.634270298079,2.71242960172,0,11.7920049899,0.0183254643822,0.0732137029763
452,0.104246899502,0.191620432599,-0.430215718246,2.70734313495,0,12.1758868313,0.018446790663,0.0617065142693
453,0.0886795643389,0.196842730029,-0.48154072068,2.71053938734,0,8.10861519377,0.00423874739279,0.0580846272647
454,0.0859691171303,0.184647288694,-0.458165047102,2.6981522738,0,7.53696261624,-0.000533619048991,0.0624790248051
455,0.0900512882871,0.190566736558,-0.577823594326,2.71472072809,0,8.41177438016,0.00407545986361,0.0628688478802
456,0.0995043937798,0.184155902399,-0.467944610732,2.71135842723,0,10.7808762728,0.0112371838832,0.0586329456165
457,0.0817928817062,0.187601069338,-0.520443627531,2.70470848835,0,6.72313889977,-0.00438548544208,0.0649191208443
458,0.0602538793193,0.189496367018,-0.552084816014,2.71082542921,0,3.57816465658,-0.0247207172791,0.0613119457743
459,0.0855643896953,0.192096207317,-0.532337167797,2.708320175,0,7.45462035885,0.00135309544832,0.0563495820849
460,0.090472213715,0.191243151035,-0.527190628803,2.6979684964,0,8.50673067873,0.00409653058227,0.0589553384749
461,0.07097824682,0.208036432402,-0.614645450569,2.71275827921,0,4.94754396262,-0.0109219204347,0.0613823651727
462,0.0726517786846,0.202608128866,-0.542082504762,2.70925001704,0,5.193974089,-0.0104532475828,0.0601004210863
463,0.0985870468062,0.199292936665,-0.577420561818,2.7068090979,0,10.527953727,0.0140930028119,0.0627315368433
464,0.0999032313398,0.190180044963,-0.52521133675,2.71236708959,0,10.8924966443,0.0134762230857,0.0585937885188
465,0.101798071736,0.190524497357,-0.479610470449,2.7120920594,0,11.4368341218,0.0155081534034,0.0547562496047
466,0.106447380139,0.19083659099,-0.512245196997,2.71025321841,0,12.8758636202,0.0189074167477,0.0597650403247
467,0.0599038165652,0.194958895139,-0.597194830025,2.70679798588,0,3.53902362986,-0.0237565377464,0.0583348046187
468,0.0782732249814,0.198744146512,-0.543580649965,2.70457168178,0,6.09568217707,-0.00562665442365,0.0600534855573
469,0.0761100430091,0.20157551456,-0.608177165442,2.71179855776,0,5.73468686773,-0.00831031458915,0.0586050373574
470,0.0794088799098,0.204768125497,-0.604965598977,2.71031919226,0,6.29257793185,-0.00417077611146,0.0578617991348
471,0.0831411247747,0.18179513218,-0.462457467431,2.70212661477,0,6.97735030564,-0.00327845076035,0.0576758211267
472,0.106585047927,0.195793433746,-0.533877257264,2.71090399199,0,12.9208243595,0.0203147678886,0.0578947413161
473,0.0930096145986,0.191654690993,-0.483788453304,2.71192533064,0,9.09895439267,0.0065806921884,0.0569524506174
474,0.0699310491387,0.190471963506,-0.513044429825,2.71137943772,0,4.79816736615,-0.0151406588248,0.061560432561
475,0.0683727390816,0.188322079631,-0.531148936656,2.70679216789,0,4.58254284439,-0.0169331240472,0.0578863918979
476,0.0710996298455,0.186656468295,-0.489087770937,2.70763038215,0,4.96509596288,-0.0141949129505,0.0585414018648
477,0.079183020825,0.202989841545,-0.560658188699,2.69442056214,0,6.2530054482,-0.00351741080968,0.0659938192911
478,0.0751980459809,0.199791828183,-0.565985349286,2.7184043776,0,5.58784288238,-0.00840064297054,0.0576782908137
479,0.0766376519598,0.181493502196,-0.521547377425,2.69660677055,0,5.8210708384,-0.00903801155704,0.0591877520876
480,0.0595020345956,0.201812812468,-0.549227274617,2.71357139591,0,3.49449636428,-0.0249311065009,0.0560281165816
481,0.0861855772711,0.196969179195,-0.550887361663,2.72268470686,0,7.58131761385,0.000538205977899,0.0587273563145
482,0.0852867154645,0.195914310733,-0.630192827309,2.70301783531,0,7.3985695004,0.000331027666056,0.0608477106039
483,0.0857162484471,0.191583659916,-0.581045821893,2.70745570187,0,7.48542628026,0.000263773910596,0.0574677032606
484,0.0910652636855,0.197716458178,-0.591305218536,2.7034933597,0,8.64208104354,0.00581578902186,0.0555516322732
485,0.0743494737496,0.189408343851,-0.507815235395,2.71940720769,0,5.45397973303,-0.0113551094253,0.0645136395064
486,0.0824995078596,0.201568860772,-0.576597344289,2.71596008938,0,6.85538592195,-0.000382350131657,0.0668921347166
487,0.0756019439651,0.187714980354,-0.46104382435,2.70773681808,0,5.65249211893,-0.00939524507848,0.0669042154345
488,0.0765384870505,0.203009060304,-0.617063167811,2.70482088405,0,5.80475395287,-0.00679945754654,0.0585561265259
489,0.0698088181786,0.203471565981,-0.548041906429,2.71167076172,0,4.78096879766,-0.0142781339418,0.058552273646
490,0.0815108248758,0.199406756536,-0.4970792767,2.71440370525,0,6.67095125416,-0.00261833574369,0.0615926304977
491,0.0878765049716,0.187784439328,-0.558246995614,2.70387351679,0,7.9355153549,0.00285823594863,0.0569460272867
492,0.0678633817207,0.204325492199,-0.600624564673,2.71372581898,0,4.51375021518,-0.013554557233,0.0590717298414
493,0.0796800932348,0.188465026222,-0.503575005026,2.71031049117,0,6.3403712319,-0.00582754607331,0.0542329869829
494,0.093959012911,0.192422705759,-0.428205621293,2.69932803793,0,9.32953348234,0.00855405826339,0.0624664443066
495,0.078125585604,0.191957845412,-0.535374315124,2.70483222132,0,6.07046359971,-0.00789138968256,0.0619028223632
496,0.100629242874,0.197600124009,-0.559670283803,2.70878166544,0,11.0982969085,0.0167369759029,0.0639177934669
497,0.0959643237134,0.200158237529,-0.52081212306,2.70888831784,0,9.83331375692,0.0118185678106,0.0591968203636
498,0.076034788108,0.202673269962,-0.576629226852,2.72303575766,0,5.72245163848,-0.00686112815358,0.0622256273784
499,0.0823567733446,0.199161930067,-0.584152736299,2.71529506897,0,6.82849848809,-0.00420252459901,0.0578473471104
500,0.100126809273,0.19995932319,-0.611438725909,2.71220147842,0,10.9555121831,0.0148163004287,0.063255839475
501,0.0775005061859,0.187740617104,-0.539103449747,2.70959728881,0,5.96464414614,-0.00792825738083,0.0570927428652
502,0.0798517079947,0.193599783949,-0.523954060152,2.70683179722,0,6.37076866806,-0.00367636682382,0.0661961015526
503,0.0838190295411,0.1919378566,-0.471965996126,2.71294824915,0,7.10819016506,-0.000658553050153,0.0691863975384
504,0.101244129738,0.204685045797,-0.621617750887,2.71372219488,0,11.275271363,0.016321345104,0.067091978768
505,0.0561245618431,0.200747446266,-0.59396531465,2.71476828602,0,3.13643477684,-0.0268558188271,0.0631372681707
506,0.0792596893208,0.206099815889,-0.54862416524,2.7073058564,0,6.26641523259,-0.00354487141268,0.0622718187407
507,0.0858009507752,0.191342033086,-0.526697207757,2.70907243756,0,7.50265577288,0.000664926418542,0.0585418597843
508,0.0897496066346,0.196741235072,-0.550436309504,2.71246011066,0,8.34427995613,0.00651694084478,0.057893721601
509,0.113523994562,0.190998061202,-0.557600278454,2.70664419913,0,15.3777034315,0.0267494580123,0.0559456519517
510,0.119027358806,0.189243410526,-0.525650729359,2.71370475723,0,17.617663613,0.0285370317939,0.0582089601195
511,0.0932357133151,0.187290386595,-0.565133893417,2.70694776962,0,9.15341345731,0.00642001113505,0.0572045162151
512,0.0968506252238,0.193833734536,-0.528298238411,2.72054572621,0,10.0634257247,0.00950693767553,0.0612518956774
513,0.0728196668968,0.199823245419,-0.515245163091,2.70837580148,0,5.21923081221,-0.0116958178648,0.0651613194787
514,0.0898028377195,0.197490471388,-0.531881916606,2.71645462371,0,8.35615529098,0.00558818397349,0.0580129844515
515,0.0644970038457,0.190043286605,-0.502333572461,2.70408886505,0,4.07916927784,-0.0211504596986,0.0535991843606
516,0.101756072654,0.20009487327,-0.494370814733,2.71484234471,0,11.4245133781,0.0166635073537,0.0656222411172
517,0.0964270528946,0.197836519601,-0.491871565677,2.71555616508,0,9.95287264804,0.00998136276728,0.063005361241
518,0.0825809614569,0.196999752162,-0.536812635006,2.71174401213,0,6.87076941158,-0.0015087668785,0.0648661731249
519,0.0783245716091,0.199348156448,-0.60944430497,2.70642683226,0,6.10447305033,-0.00522520721671,0.0581090831098
520,0.0657264518726,0.194403129591,-0.519245512797,2.71778239497,0,4.23392172473,-0.0181022967761,0.067639373529
521,0.0752692075981,0.191227596743,-0.50696374501,2.72109649349,0,5.59918923158,-0.00996675232256,0.0578313331093
522,0.0729235743011,0.20618543148,-0.637176207839,2.70523560724,0,5.23491198601,-0.00840738432701,0.0689951749149
523,0.0885698291889,0.188975322165,-0.608693832638,2.70699915019,0,8.08477294949,0.0020754793734,0.0631194593293
524,0.0811174479886,0.209750551918,-0.623730646107,2.71381794282,0,6.59873250109,0.000186688080649,0.0611876321098
525,0.084185824633,0.184884276048,-0.564156151645,2.70280696804,0,7.17984166577,-0.00247775756843,0.0576222616743
526,0.0974551923369,0.18679329557,-0.442839073882,2.71461917997,0,10.2230791069,0.0109480932351,0.0553896975588
527,0.106466952018,0.189448719548,-0.515641212341,2.71057071008,0,12.8822470493,0.0191181532923,0.0609140640747
528,0.0735074380729,0.196878573696,-0.568107614711,2.70666200913,0,5.32373519021,-0.0107111822237,0.0587740147935
529,0.0794105866726,0.185498843659,-0.547236166707,2.7042724647,0,6.29287776046,-0.00719346205861,0.0642135403507
530,0.0887160497909,0.198272951368,-0.636216018461,2.70582415357,0,8.11655573642,0.00497518164134,0.0587825309168
531,0.101233979563,0.200878753865,-0.521690953989,2.71267195208,0,11.2723298739,0.0153741760224,0.0651896267034
532,0.0958123088497,0.198567924544,-0.57808789724,2.71747940287,0,9.79431108742,0.00967897922493,0.0631747386318
533,0.0870566378519,0.197895685027,-0.524777840382,2.70916958684,0,7.76205764928,0.0022403887559,0.061653617746
534,0.095946470604,0.199310466553,-0.527838157342,2.71577238421,0,9.82872614629,0.010287766353,0.0650828928044
535,0.129043890825,0.190856051727,-0.465806085391,2.70842730831,0,22.4721899653,0.0398501377673,0.0552347491226
536,0.105524256646,0.182630392355,-0.453325880883,2.70080465984,0,12.5779691598,0.0167032257305,0.0602285277077
537,0.102847753441,0.205770208436,-0.617734196157,2.71077959803,0,11.7486099712,0.0181649152094,0.0619467454796
538,0.101981156239,0.194724350608,-0.468987201696,2.69376149739,0,11.4906806889,0.0162429287628,0.0590616649905
539,0.0947809578396,0.203882783141,-0.51661588551,2.71396538066,0,9.53323910048,0.0107273057975,0.0677864592276
540,0.0994243936112,0.192670797543,-0.602591992129,2.71285681371,0,10.7586087053,0.012929236491,0.0603161700406
541,0.0800911791818,0.189030678249,-0.457118374979,2.70569197322,0,6.41338759942,-0.00486324855954,0.0602118397138
542,0.0673743229045,0.191501514072,-0.537002567873,2.69651687525,0,4.44846657899,-0.0168768042958,0.0617509569356
543,0.0679592495362,0.203691352424,-0.555343596027,2.70174285432,0,4.52663531844,-0.0148709689993,0.0589467658484
544,0.0782222854243,0.202114853237,-0.530215766637,2.716060225,0,6.08697133262,-0.00575545597275,0.0595139965773
545,0.059649658438,0.207166519553,-0.609279560575,2.71389558747,0,3.5108076644,-0.0213119867314,0.0633614359301
546,0.0633652978969,0.196070237645,-0.526887545799,2.71847425685,0,3.94061591831,-0.0194897672791,0.0609618040638
547,0.0822629931095,0.198065738223,-0.614050657134,2.71218607205,0,6.81088094901,-0.00189651941125,0.0587173956145
548,0.0891368214288,0.189241621526,-0.545187400195,2.71137617177,0,8.20861308697,0.00326920676494,0.055787778207
549,0.097293833491,0.194740262696,-0.624409563617,2.71448447384,0,10.1802522501,0.0117342370043,0.0625544477803
550,0.098993697784,0.18223840703,-0.438192057767,2.70484695488,0,10.6394208179,0.0105298907892,0.0564329720861
551,0.104687350796,0.193624982608,-0.490849442376,2.70956201771,0,12.3132197786,0.0168932130093,0.0619202046273
552,0.0831679275659,0.201724870939,-0.57690522638,2.69401205355,0,6.98248464066,0.000227380864202,0.0638669328658
553,0.100515739492,0.199584930581,-0.57715161373,2.71007088496,0,11.0658981447,0.0150760604575,0.0629504001109
554,0.0796024799338,0.209162301419,-0.617375748667,2.69874767158,0,6.32666351637,-0.00289933111843,0.0652328078933
555,0.093791349175,0.19527467209,-0.571794042664,2.70706594886,0,9.28844849382,0.00739814999094,0.0584831819409
556,0.0988567258432,0.203768039841,-0.574520888217,2.72106735444,0,10.6017601946,0.0138957055846,0.066031044875
557,0.0796251026426,0.192936364935,-0.50005963955,2.70377536021,0,6.33065649475,-0.0053167886201,0.0559054164283
558,0.0879251668913,0.198260416838,-0.535374996764,2.7063378285,0,7.94591379806,0.00348041235899,0.0585181397173
559,0.0876617993104,0.21266422622,-0.603380354763,2.70464664884,0,7.8897740434,0.00575804357552,0.063444351296
560,0.088916189624,0.204141695161,-0.592296224899,2.70841503429,0,8.16023187637,0.00707513415274,0.0703118818194
561,0.0737706887177,0.195138498337,-0.580170807814,2.71147261193,0,5.3641803137,-0.0106851634824,0.0612069170037
562,0.0845774989247,0.186713641986,-0.503530587584,2.71224838371,0,7.25702525518,-0.0013543551377,0.0599223268716
563,0.098586753283,0.210664959783,-0.639024488112,2.71062335042,0,10.5278736413,0.0137477698142,0.0675757244585
564,0.0867987025811,0.187320572473,-0.473536094751,2.70701799568,0,7.70815957668,0.000577186979783,0.0614662682734
565,0.073168255229,0.204035856028,-0.607568547194,2.72054092415,0,5.27198829114,-0.010220591248,0.0619140624293
566,0.101531573204,0.199616623384,-0.577140839784,2.70823289403,0,11.3588535734,0.016638459462,0.0609558601704
567,0.0810203761486,0.188144274304,-0.527987589852,2.71037024808,0,6.58101222955,-0.0058922049903,0.0563273851591
568,0.0800135652822,0.206163349824,-0.577385769436,2.71097530898,0,6.39954868779,-0.00297958046892,0.0652090112735
569,0.0868618192426,0.199337742472,-0.517631469113,2.71089214369,0,7.72131887778,0.00282201883932,0.0566053602526
570,0.0810103444771,0.19963661284,-0.565138787786,2.71999288389,0,6.57918323483,-0.00322765696676,0.0639082045456
571,0.0964872228458,0.198651108262,-0.5588185571,2.699185151,0,9.96851212156,0.0118389340351,0.0598265162889
572,0.0836291143238,0.201493582542,-0.527893652783,2.71108651265,0,7.07132874044,-0.000609204776364,0.0574311703147
573,0.0659207473792,0.205405826304,-0.6238807884,2.70783594676,0,4.25878913366,-0.0169299047237,0.0605807304046
574,0.0825521502066,0.188034538935,-0.543346424592,2.71442525336,0,6.86532475307,-0.0034187370958,0.0593891408722
575,0.0621179037099,0.192641135891,-0.552767473116,2.71280034925,0,3.79211022679,-0.0220014538623,0.0630824437517
576,0.0925191088363,0.194877792277,-0.494575743895,2.71212708357,0,8.9817730882,0.00692608147186,0.056192115726
577,0.0757905543568,0.1881715758,-0.504840903561,2.7054510348,0,5.68289025132,-0.00920461022611,0.0643053939089
578,0.106462995228,0.194411758048,-0.466689158507,2.7088607092,0,12.8809563022,0.0207177194965,0.0632591442677
579,0.0854079007669,0.196230438985,-0.516078224902,2.70649334045,0,7.42298768242,0.000218832760982,0.0594839119474
580,0.101616030553,0.188211484043,-0.50340987356,2.70685427316,0,11.3835157386,0.015235727303,0.058101949449
581,0.0786430067725,0.192320931832,-0.528903462117,2.70915115541,0,6.15922551043,-0.00619486425657,0.0598073497155
582,0.0954986340685,0.190155977867,-0.558430663071,2.70840618339,0,9.71425740499,0.00916131164886,0.0591543552581
583,0.0962759139491,0.19604458345,-0.52856262541,2.71596238718,0,9.91368287845,0.0111840431405,0.0609567579727
584,0.0573653686453,0.202553671026,-0.607440111091,2.70847088304,0,3.26466867567,-0.0263064197565,0.0562549127435
585,0.085730031791,0.18981314342,-0.580214718455,2.70500882396,0,7.48822769271,-0.000306264644627,0.0627530761771
586,0.0900085879501,0.196283627338,-0.599616304497,2.71861391946,0,8.40219274923,0.00472900000573,0.0605085064802
587,0.0748412649131,0.194189412485,-0.557408505779,2.71346411305,0,5.53123820245,-0.0105649609833,0.0610139047603
588,0.0854211281504,0.199105129803,-0.57125010378,2.71194235753,0,7.42565705692,0.000473390097388,0.0613661856333
589,0.0727948268359,0.192389209779,-0.474465899567,2.6976012786,0,5.21548769763,-0.0115633916429,0.0635495026778
590,0.0935156661955,0.193264997754,-0.465258970781,2.71731297406,0,9.22123540782,0.00710179966576,0.0659637507653
591,0.0721760089612,0.208096133377,-0.600527165162,2.7078545791,0,5.12293497869,-0.0107574458382,0.0581349408914
592,0.0835366989879,0.194885839766,-0.597395138609,2.71003178132,0,7.05344980321,-0.00063086159465,0.0661671216981
593,0.0729443039132,0.2002255466,-0.588444864304,2.72321416651,0,5.2380449386,-0.0102214705613,0.0632208856456
594,0.0712550989754,0.20789041268,-0.563555970358,2.7102303884,0,4.98764957766,-0.0106903543119,0.0615264215221
595,0.0939522207017,0.196361195325,-0.608868830582,2.70188953752,0,9.32786603078,0.00965298938729,0.0631864339615
596,0.0846262727446,0.197852722387,-0.567671645182,2.70656599504,0,7.26668554528,0.00141159936997,0.0688143550851
597,0.0652668897673,0.205213863506,-0.58736297825,2.71158725751,0,4.17555267974,-0.0180136510159,0.0549065546813
598,0.0933436237548,0.209076745935,-0.597543633088,2.7114396558,0,9.17950464862,0.00816931533497,0.058600364501
599,0.107049260685,0.183088028569,-0.494286053949,2.716439918,0,13.0734658405,0.0182884125838,0.0572669955841
600,0.0885108696669,0.187525090672,-0.490664725616,2.7109305662,0,8.07198756085,0.00154542391526,0.0568901765781
601,0.076192990794,0.19384734254,-0.543617734669,2.70741605112,0,5.74819764262,-0.00863828108558,0.0608316181598
602,0.101632887266,0.187366752479,-0.521367381797,2.69698330098,0,11.3884436843,0.015047357108,0.0591805964227
603,0.083678868495,0.183134082214,-0.497134153564,2.69517801918,0,7.08097012418,-0.00248099323078,0.0536822420445
604,0.0855719629479,0.202106035579,-0.581516081742,2.71535190193,0,7.45615411053,0.00139524275192,0.0601610840966
605,0.0792298316236,0.200947055296,-0.537446100417,2.71613651465,0,6.2611901087,-0.00361411514077,0.0581349698658
606,0.0597628970541,0.189541581889,-0.531501474411,2.70201385708,0,3.5233582227,-0.0244326818429,0.0672300487036
607,0.0777062226302,0.190986372877,-0.518622411289,2.70705338656,0,5.99930055176,-0.00683043426039,0.0602065598527
608,0.0849167144788,0.199904789521,-0.558935508614,2.71737274002,0,7.32443674199,0.000896128568519,0.0567943806368
609,0.0795938449835,0.200492480717,-0.619009505686,2.7129334918,0,6.32513997235,-0.00372854216535,0.0580159324244
610,0.0665091874432,0.203013364077,-0.561843748494,2.70290155068,0,4.33479712271,-0.0162413128917,0.0586692746314
611,0.0768292487028,0.200577088694,-0.583903381874,2.71439069897,0,5.85270335647,-0.00658116418198,0.0566889156812
612,0.0928224433067,0.192534739758,-0.511432149016,2.71190856493,0,9.05408414372,0.0068633781548,0.0654117243482
613,0.0717089334311,0.195020896955,-0.488493059343,2.71106344597,0,5.05395649369,-0.0119173666139,0.0574437228724
614,0.0756010912652,0.192680171295,-0.477659133037,2.71573477421,0,5.65235499257,-0.00814359461332,0.0577304791933
615,0.0798867706009,0.193218041514,-0.492448530002,2.70047400984,0,6.37699404077,-0.00541920072669,0.0604634393228
616,0.0738313250155,0.190523656514,-0.478942720957,2.70552250368,0,5.37353149396,-0.010867128862,0.0587538079759
617,0.0825207732324,0.197363651617,-0.522667061074,2.70224054899,0,6.8593993519,-0.000207749458862,0.06317619536
618,0.0871094170553,0.193978993691,-0.583251298873,2.71170310811,0,7.77312583889,0.00139807668745,0.0568238482475
619,0.0883827741148,0.197546903247,-0.60546674339,2.71644443818,0,8.04426960552,0.00444596103606,0.0598475640168
620,0.0815473796585,0.198927564577,-0.611089323859,2.72559473121,0,6.67769563803,-0.00357636959549,0.0597157054763
621,0.0649399355842,0.198869690087,-0.507475959458,2.70292566706,0,4.13440777728,-0.0188107885683,0.0639212029777
622,0.0953285584468,0.190037427506,-0.489874416785,2.7068987409,0,9.67109099823,0.00992987055861,0.0593470607921
623,0.105319878315,0.189278034017,-0.55961651857,2.70705453087,0,12.5128521765,0.0176624249379,0.0580788900353
624,0.105336564235,0.191153064108,-0.561464118404,2.71188998825,0,12.5181572009,0.0184651283784,0.0645859023869
625,0.111313835662,0.183555787519,-0.492551249014,2.70916715736,0,14.5531191871,0.0225680263804,0.0557988721371
626,0.0750073661832,0.196637293063,-0.486929864061,2.71655862599,0,5.55753237788,-0.00838645674962,0.0584573961701
627,0.0928888303882,0.192731067881,-0.502485828911,2.70863117653,0,9.06997702125,0.00749687539045,0.0578342912517
628,0.076449129384,0.201805208962,-0.599288282179,2.70927866183,0,5.79008293205,-0.00694079701242,0.0650984980055
629,0.0858501499644,0.188408210808,-0.476259220036,2.7060641094,0,7.51267893034,-0.000330193134322,0.0633257756656
630,0.0707869523985,0.206116435493,-0.596961922309,2.7078686526,0,4.91998352381,-0.0126125119175,0.05989648447
631,0.0684454183834,0.206075792127,-0.563744418335,2.71223305378,0,4.59242577154,-0.0146464622426,0.0615749181397
632,0.0902256547444,0.19686514196,-0.507333531814,2.71040811612,0,8.45099842746,0.00509310893234,0.0547361671177
633,0.0831308652263,0.185290087866,-0.46105652374,2.70193363669,0,6.97538582998,-0.00337859500658,0.0622954220321
634,0.0999911859402,0.18744397437,-0.47332401735,2.71563966791,0,10.9172484864,0.0138796459384,0.0583169798126
635,0.0695042883584,0.194992691577,-0.540747877389,2.70553467315,0,4.73833285609,-0.0141629019001,0.0564209327219
636,0.0872303015373,0.192642714095,-0.495072570213,2.70887663599,0,7.79852688937,0.00345567960329,0.0668602376644
637,0.0909060535366,0.197395544164,-0.575109971807,2.71169220624,0,8.60556405068,0.00752468381634,0.063377210216
638,0.089673372598,0.206918299504,-0.613176024766,2.70340426618,0,8.32729812532,0.00534664198333,0.0618477327865
639,0.10154390597,0.198901884449,-0.665672691484,2.7114223503,0,11.3624518846,0.0158473633984,0.0683218322853
640,0.0903795204298,0.196515852894,-0.587055153087,2.7134433098,0,8.48574129609,0.00504561867873,0.0585414798093
641,0.0841568734322,0.197477907813,-0.588138193396,2.7144008805,0,7.17416414146,-0.000878054988735,0.0584073386258
642,0.0871559223033,0.199758699956,-0.606620669161,2.71248512712,0,7.78288947403,0.00341959396176,0.064022174468
643,0.0709798768708,0.193135121264,-0.527662318429,2.71409600258,0,4.94777933886,-0.0133422992481,0.0588288549406
644,0.0801017566982,0.194529013504,-0.546022396546,2.71530931042,0,6.41527554458,-0.00494428411848,0.0590284415133
645,0.0993781860494,0.192486025588,-0.506728903866,2.71784944946,0,10.7457655516,0.0116381096974,0.0570478160251
646,0.0792428708304,0.193303214443,-0.500779006106,2.71251039011,0,6.26347153712,-0.00559538177916,0.0641001353604
647,0.0852118133928,0.195947953951,-0.588107047998,2.70000316891,0,7.38351119031,0.000623214514538,0.056243495812
648,0.0908194811317,0.187323296386,-0.44553502834,2.70747430337,0,8.58576335534,0.00443887703186,0.0594152792002
649,0.0621422635735,0.202755218586,-0.651626451664,2.71345437086,0,3.7949688022,-0.0206325072727,0.0608867052279
650,0.0845663460306,0.199758563283,-0.587462832527,2.71853849469,0,7.25481780461,0.000904565653237,0.05756347385
651,0.090062388047,0.189835759552,-0.572752560246,2.71125825156,0,8.41426661896,0.00346997987515,0.0636346848681
652,0.098908538563,0.197641904645,-0.572322662976,2.70365397836,0,10.6159923744,0.0137373416952,0.0596604945547
653,0.0788795981867,0.183949385803,-0.498912412577,2.70609922206,0,6.20016804858,-0.00785766003174,0.0614592366917
654,0.0916479972615,0.20048679048,-0.606498918527,2.71373991403,0,8.77688064487,0.00640678435983,0.0634195029344
655,0.0925926670265,0.185031093167,-0.406561665047,2.69458927932,0,8.99926234966,0.00484661601285,0.0661224494452
656,0.0937579382918,0.203320190028,-0.59615716448,2.7145013929,0,9.28028015491,0.0096847324482,0.0602629564621
657,0.10303709195,0.193188907934,-0.544006960268,2.71637920996,0,11.8056414683,0.0166386507573,0.0600959201022
658,0.0736405548899,0.196136017733,-0.564997276397,2.72009027551,0,5.34415591275,-0.0115283982825,0.0598705067409
659,0.0823404329109,0.202397410412,-0.568245504651,2.71662751427,0,6.82542603072,-0.00191583140768,0.0619299309644
660,0.0746382792509,0.190615859396,-0.499372093364,2.70720911673,0,5.49924278101,-0.0113710476844,0.0606507992033
661,0.0804924045561,0.187396556536,-0.61320920124,2.70367336126,0,6.48532569308,-0.00561257806936,0.0639223390369
662,0.0946056509774,0.184869793775,-0.490183748421,2.71299698395,0,9.48947069342,0.00681203315778,0.0594325619128
663,0.0587898320144,0.198241442585,-0.551761339702,2.7158550657,0,3.4165970015,-0.0256927195452,0.059880423571
664,0.0670922281791,0.201937329267,-0.621156410402,2.70386072682,0,4.41114890496,-0.0150086096393,0.063515404926
665,0.0830830612208,0.195351385205,-0.588734915618,2.71065411749,0,6.96623855611,-0.00228987418033,0.0587050160966
666,0.0837840153494,0.192641865468,-0.612117927479,2.71390582606,0,7.10138196842,-0.00248117455929,0.064662898552
667,0.0837988796405,0.199949540348,-0.635035925399,2.71443506503,0,7.10427152526,-0.000843673960823,0.0658062731128
668,0.075889997873,0.204956147069,-0.555702020797,2.71435111423,0,5.69897118314,-0.00763285281525,0.05638685259
669,0.101162209844,0.196988096944,-0.511143492873,2.71256672753,0,11.2515505654,0.0157461964598,0.0550923378914
670,0.0935999123762,0.204966818289,-0.564939895616,2.70593869375,0,9.24173018162,0.0102796842728,0.0604528663819
671,0.0860227769469,0.200618829292,-0.555862764524,2.7217628033,0,7.54793749124,0.0025196836565,0.060846533882
672,0.0932267774315,0.191644944274,-0.492092645049,2.70574739414,0,9.15125577448,0.00740961472952,0.0614347823382
673,0.0913810516786,0.196157186862,-0.553275248351,2.70291493646,0,8.71490662896,0.00671624407793,0.0552047576991
674,0.0889729150197,0.197565687864,-0.539577591754,2.7083529295,0,8.17264750174,0.00409789578549,0.0620374162566
675,0.0990225694045,0.191282531347,-0.54766073898,2.71083650099,0,10.6473740961,0.0124488929397,0.0557334115154
676,0.0962730345888,0.18433833977,-0.402923711362,2.70236552971,0,9.91293758137,0.00896910325591,0.0618334759867
677,0.0866130449847,0.19437384537,-0.519951811916,2.70367395856,0,7.66956208782,0.00260719501728,0.0580773730699
678,0.0976091113242,0.195352418497,-0.487888243936,2.71671126508,0,10.2640782937,0.0119141925351,0.058265734849
679,0.0789671377583,0.200476321469,-0.491597560687,2.70179323883,0,6.21537390373,-0.00431273417626,0.0602587191919
680,0.0897082218437,0.191071015848,-0.493390857027,2.71094649243,0,8.33505742905,0.00464634749597,0.0645694175221
681,0.0937037692561,0.200838079979,-0.578817263789,2.70913924279,0,9.26705008315,0.00963616920538,0.0609901854242
682,0.102212723845,0.20078732511,-0.538112921457,2.70909695589,0,11.5591076432,0.0177113727928,0.0715344790533
683,0.0807969643689,0.188081895338,-0.557345908855,2.70933491532,0,6.54037968585,-0.00466881655902,0.0608606292748
684,0.0822414226973,0.19050824941,-0.532838278732,2.71295229068,0,6.80683413107,-0.00399982504236,0.0539745318986
685,0.0695874072415,0.199968599978,-0.595528330442,2.70714594296,0,4.74993988591,-0.0122960783188,0.060005605761
686,0.0812353388501,0.201046879411,-0.623870419542,2.70597224831,0,6.62030680303,-0.00262021525559,0.0595776360457
687,0.0903942478874,0.191660587818,-0.451993996225,2.713826321,0,8.48907318807,0.00545032512501,0.0572137449337
688,0.0725949141176,0.190733344116,-0.557846801273,2.71535725027,0,5.18544189353,-0.0129703684431,0.0543761503498
689,0.097898439067,0.207032637771,-0.571788540502,2.7064745038,0,10.34153624,0.014469329871,0.0702021585656
690,0.079037152384,0.191907522956,-0.528147981405,2.70984954041,0,6.22755784893,-0.00481914132958,0.0616487588312
691,0.0838147300236,0.196774071555,-0.518243314477,2.70611395966,0,7.10735386612,-0.000695962095437,0.0589858281292
692,0.0662762069085,0.191980757508,-0.576276249469,2.7104580419,0,4.30457787537,-0.0167153509308,0.0569423963934
693,0.0680213738531,0.191492644463,-0.489570710873,2.7131019557,0,4.53500058546,-0.0160840605162,0.0614551505912
694,0.0922353838045,0.186973287051,-0.482056103037,2.71001650485,0,8.91458948935,0.00538975662672,0.0583075177793
695,0.0738393223858,0.199719963304,-0.522028722194,2.71626484941,0,5.3747658144,-0.0101930086868,0.0553948433857
696,0.0803977550662,0.200810599966,-0.621423456351,2.71563318712,0,6.46829517039,-0.00426161459076,0.0605229973199
697,0.0798850404371,0.204346524302,-0.566805772554,2.7121693224,0,6.3766867313,-0.0022632332442,0.0655468890732
698,0.0937814940718,0.196032944438,-0.50277027273,2.70795700235,0,9.28603845589,0.00751762330981,0.054466963272
699,0.0940398376415,0.186726918785,-0.520065937023,2.71567922237,0,9.34939540539,0.00694186040391,0.0599513362246
700,0.0846733554811,0.195083654498,-0.533742708274,2.71644897905,0,7.27602120242,-0.000341369712536,0.0591086290038
701,0.0619805135961,0.187754117506,-0.479404230172,2.70666870264,0,3.77601846258,-0.0227759835575,0.063874390967
702,0.0929510631201,0.193955556425,-0.463376798842,2.69916629677,0,9.08489729345,0.0082058675538,0.0593439368151
703,0.111044896755,0.185570972207,-0.45953645269,2.71300490381,0,14.4555489486,0.0230304251276,0.0590223361902
704,0.0879236560885,0.190862051848,-0.571505649532,2.71792664918,0,7.94559078347,0.00141287124043,0.064793498988
705,0.0895106255918,0.189862960815,-0.492744386799,2.70771864481,0,8.29114397879,0.00342581490783,0.0605589999875
706,0.0806607925098,0.196431286832,-0.545333636751,2.70961373236,0,6.51571652012,-0.00342700060374,0.0587343744924
707,0.0740548045775,0.187482778742,-0.45570745915,2.70756021394,0,5.40811016924,-0.0117814148508,0.0653441260638
708,0.07467203676,0.184266765733,-0.471024924688,2.69794252176,0,5.50455330787,-0.0116204035007,0.0661951134185
709,0.0925281439247,0.1895983135,-0.584273644713,2.70849922417,0,8.98391969336,0.00632395298947,0.0616544593987
710,0.068368476399,0.195955904727,-0.561343116752,2.71516632335,0,4.58196372672,-0.0140151901115,0.0645814944133
711,0.100917234588,0.20391368099,-0.567162725791,2.71181248875,0,11.1808779961,0.0151476599349,0.0593703408366
712,0.104748848656,0.194573678666,-0.473374534235,2.70509015968,0,12.3325040039,0.0180416315743,0.0600356945864
713,0.0845901266947,0.207761361744,-0.5915025619,2.71374811857,0,7.25952530757,0.00187600629672,0.0661257386113
714,0.0894504688344,0.196189817938,-0.619204820489,2.7083935836,0,8.27781433256,0.00448595281016,0.0664842249179
715,0.0938649535168,0.194698723348,-0.531530418065,2.71290741184,0,9.30646540861,0.00929163894872,0.0595616844032
716,0.0576276855688,0.196152974257,-0.542524272774,2.71549089423,0,3.29226366134,-0.0263826800231,0.0645387193306
717,0.0954493457994,0.183827166618,-0.457826666991,2.69784278034,0,9.70173044252,0.00891609619741,0.0595007483866
718,0.113335841954,0.189838325864,-0.465258970781,2.71637226302,0,15.3059003946,0.0249515827134,0.0625472116608
719,0.0795890528819,0.198991333433,-0.596529330346,2.71156625352,0,6.32429458906,-0.00484804061793,0.0587787892278
720,0.0825952128116,0.198445979143,-0.615848995512,2.70721334504,0,6.87346392677,-0.00172705967523,0.0527828849941
721,0.106869550033,0.199850925379,-0.611594148725,2.71932153348,0,13.0141838062,0.020288593041,0.0661376421167
722,0.073715613707,0.194190809962,-0.530962116795,2.70979311166,0,5.35569821542,-0.0109302774958,0.0607618589108
723,0.0634104024128,0.19607576125,-0.548572000311,2.7098162073,0,3.94606778398,-0.0219522692905,0.0640965089465
724,0.082324614204,0.183660866189,-0.467591693971,2.6981760195,0,6.8224527771,-0.00418399282377,0.0633739508573
725,0.0881132992486,0.197727746391,-0.541363334994,2.70031801299,0,7.9862248843,0.00272593645426,0.0583204147368
726,0.0884476235794,0.187504605358,-0.597529067414,2.71102641058,0,8.0582918637,0.00193405969601,0.0603239284302
727,0.0727469542301,0.205022913232,-0.580174027137,2.70020497589,0,5.20827994992,-0.0104955315632,0.0608984624292
728,0.0585888738758,0.187030104436,-0.443915366644,2.70148056545,0,3.39485248541,-0.026147263516,0.0653359405837
729,0.064040384646,0.194377753069,-0.511680223729,2.70905708937,0,4.0228221741,-0.0200284208384,0.0645345113775
730,0.0738697927723,0.196763377238,-0.563397293293,2.71357312075,0,5.37947074437,-0.0104085523865,0.0545680017734
731,0.108745084534,0.199706461374,-0.607462885037,2.70278701944,0,13.6448782398,0.0234280113053,0.0618046724199
732,0.0898602686496,0.202067973411,-0.631735739371,2.72005860295,0,8.36898384404,0.00595475314395,0.0641093502512
733,0.0891182170784,0.208314541771,-0.550132998103,2.70095535948,0,8.20452396772,0.00587059316232,0.0610966361237
734,0.101167277884,0.207327566866,-0.586253944909,2.71169468413,0,11.2530167913,0.0168771361289,0.0656568241618
735,0.0857312816152,0.197194627107,-0.582938510818,2.70958379246,0,7.48848175872,0.000540638154648,0.0641428703253
736,0.0969330283904,0.189281926974,-0.459459656791,2.71040403102,0,10.0850574006,0.0119588164509,0.0598992508746
737,0.0951338540723,0.199152801639,-0.522576412592,2.71590827675,0,9.62187893357,0.010070471247,0.0566826304555
738,0.0872946652048,0.196883143419,-0.601245960384,2.71633152853,0,7.81208024522,0.00161704502249,0.0656608001845
739,0.0736249649952,0.196432665586,-0.505179423172,2.71695955235,0,5.34176107825,-0.00952421701629,0.0657077488863
740,0.0909235322159,0.190743514872,-0.502831156259,2.70586688413,0,8.60956651377,0.00573579174846,0.0560134121352
741,0.0999951301789,0.20059615823,-0.596010000771,2.70318770698,0,10.9183596184,0.0149339196062,0.0631990186676
742,0.0770568258443,0.190783012151,-0.537274535663,2.71026526753,0,5.89045950843,-0.00810015544101,0.0599411539464
743,0.0886749044979,0.200284191039,-0.600363180808,2.72088117546,0,8.10760152433,0.00357419469359,0.0592736149745
744,0.0966178509769,0.187738672344,-0.493657229894,2.710707903,0,10.0025391464,0.0108437004597,0.0537426874488
745,0.083838857233,0.192624956773,-0.563570492758,2.70108852016,0,7.11204792191,-0.00103000351752,0.0580096996198
746,0.062096082495,0.189305883402,-0.520254951268,2.70455531637,0,3.78955094754,-0.0236949834019,0.065627694009
747,0.0721295496277,0.184849544037,-0.478404914336,2.70223679343,0,5.11604008584,-0.0131106651399,0.0638704032696
748,0.0787973537101,0.194332738988,-0.557563999316,2.72069175887,0,6.18591004224,-0.00701243371464,0.0554232994482
749,0.0680643009387,0.187053276543,-0.472139678653,2.69799906913,0,4.54078798636,-0.0173120760044,0.0742592406534
750,0.0830903632437,0.183136994761,-0.47336806685,2.70388381745,0,6.96763514167,-0.00300525843569,0.0582595794947
751,0.0917211183624,0.190758852852,-0.483904348274,2.70660625343,0,8.7939226352,0.00535484300216,0.064046775048
752,0.077286082912,0.195758342072,-0.580094926914,2.7044299971,0,5.92869657177,-0.00600226700587,0.0549447307547
753,0.0911117097409,0.200378348541,-0.565876945338,2.7105248717,0,8.6527591986,0.00522686485835,0.0612491639192
754,0.0977354851712,0.197743131374,-0.602523320111,2.70961942561,0,10.2978479446,0.012800129437,0.0632095386485
755,0.0496525714354,0.199517956581,-0.48814171547,2.70700496918,0,2.52544330566,-0.0337271744455,0.0628078602204
756,0.0946402562062,0.193458210441,-0.574917683843,2.71722715873,0,9.49809661428,0.00738971150591,0.0582565244464
757,0.092008127852,0.189882082873,-0.544210542015,2.70888232822,0,8.86109108767,0.00585729706535,0.0637444125997
758,0.0922768544504,0.183717313085,-0.507040012241,2.71173973196,0,8.92438217136,0.00468260795602,0.0588678889571
759,0.0993859137588,0.190363320577,-0.437502485817,2.70198413283,0,10.7479124889,0.0124989139313,0.0610350408541
760,0.0824657164814,0.186011938343,-0.525695309112,2.7081355981,0,6.84901250291,-0.00276685897068,0.058450655566
761,0.0892869336212,0.205384706423,-0.585433392786,2.70774574493,0,8.24167076955,0.0065392028703,0.0663174125424
762,0.0673012249082,0.205398534783,-0.620342941957,2.70537913717,0,4.43877292591,-0.0164808278936,0.0600064353078
763,0.0986702861754,0.191340288014,-0.538714964661,2.70281886462,0,10.5506865908,0.012566884969,0.055776748904
764,0.0666924694019,0.183126653258,-0.505597656321,2.70679671707,0,4.3586863719,-0.0192064068006,0.0620239584671
765,0.0679263282012,0.200611244413,-0.550132334383,2.71737195199,0,4.5222072693,-0.0160164913913,0.0565303238001
766,0.0761957152798,0.19434951819,-0.490818150578,2.71678322371,0,5.74864185651,-0.00791308163888,0.0599025843502
767,0.10830360979,0.200037860137,-0.554663473911,2.70841227511,0,13.4940106484,0.0233656676247,0.0624685615512
768,0.0646449690576,0.196437963049,-0.587884714393,2.70910423559,0,4.09755831075,-0.0200112218648,0.0626049110711
769,0.0875987158452,0.195589307049,-0.529002174613,2.71060184796,0,7.8763774691,0.00245771945195,0.0609753525777
770,0.0791675094099,0.188188088215,-0.457030489244,2.69987290675,0,6.25029530334,-0.00666379552988,0.0693457826984
771,0.0575962836358,0.210415274271,-0.622239729288,2.71588502764,0,3.28895124442,-0.0243567516253,0.0542079814028
772,0.100448568842,0.203102281947,-0.55881154783,2.71052706641,0,11.0467640536,0.0147506032593,0.0628694685126
773,0.0791806904194,0.196588104787,-0.590858886841,2.70985939521,0,6.252598219,-0.00444235132403,0.0623144884191
774,0.0964341202095,0.183695964948,-0.512995462957,2.70288098677,0,9.95470848431,0.00889283868522,0.0550676699825
775,0.0659177462107,0.197283985403,-0.616660195552,2.71266705978,0,4.258404159,-0.0176019372528,0.0588697454772
776,0.0970032671472,0.209085203361,-0.625528253394,2.7107619948,0,10.1035278954,0.0132454396298,0.0652301989292
777,0.0936104062475,0.186168778946,-0.510054490628,2.71449447274,0,9.24428581708,0.0065817871382,0.0574450336195
778,0.0923528863469,0.196759575959,-0.497043934431,2.70472491053,0,8.94236014485,0.00706705388774,0.0594509060691
779,0.101379220086,0.190105049843,-0.616512080063,2.70599100564,0,11.3144847311,0.014969549698,0.0580702682739
780,0.079243342565,0.186445631308,-0.510182061809,2.70753957285,0,6.26355408793,-0.0065165858796,0.0643819596472
781,0.0906636207967,0.192794392462,-0.563307447733,2.70931490549,0,8.55021413192,0.00564698159698,0.0574699579175
782,0.0722707563391,0.187122512006,-0.572770401763,2.71705969887,0,5.13701932855,-0.0131690410443,0.0633002222367
783,0.093267842993,0.200788574465,-0.506601260642,2.7083671164,0,9.16117522086,0.00915748939334,0.0585116117362
784,0.0699800066313,0.187707311573,-0.489516938763,2.70374807611,0,4.8050697447,-0.0154279591609,0.0621763477707
785,0.0893996686295,0.198997250696,-0.611731497866,2.7126620606,0,8.26657225089,0.00425478581037,0.063626358142
786,0.0885570289916,0.188667250228,-0.422006017924,2.71010001999,0,8.08199575161,0.00279066756292,0.060255604088
787,0.102696819118,0.188210260114,-0.537846840827,2.71149702969,0,11.7033213944,0.0158986310747,0.0628432252463
788,0.0668916094311,0.199227229165,-0.601650615531,2.71151556788,0,4.38475917672,-0.0169568630182,0.0626434508571
789,0.066513720079,0.206065489213,-0.597686273938,2.71537552463,0,4.33538667648,-0.0150544603253,0.0618290593246
790,0.0935165985774,0.186197890639,-0.461209504625,2.70696963629,0,9.22146201467,0.00661073719144,0.0659827719079
791,0.0992807835084,0.193737506883,-0.507896086807,2.70819536325,0,10.7187371856,0.0138403015136,0.0529542618129
792,0.0779454255495,0.198392101643,-0.537228190822,2.72429867359,0,6.03980683557,-0.00571290233663,0.0648583438911
793,0.0979697470276,0.197546466504,-0.547884475101,2.70880534969,0,10.3607051137,0.0131866419553,0.062820885988
794,0.0675740688196,0.198192955116,-0.607444524438,2.71691314187,0,4.47504003004,-0.0161939375263,0.055122740159
795,0.0998366254142,0.186398734613,-0.494115579826,2.70882419003,0,10.8737855616,0.0124857311612,0.0603498836983
796,0.060768751206,0.204050206588,-0.611752464326,2.72379000667,0,3.6363234712,-0.0220375253264,0.0631505557195
797,0.0779370934536,0.186247488102,-0.519641819659,2.70783401839,0,6.03839210909,-0.00820083661774,0.0627525723937
798,0.079707750433,0.184332336579,-0.486334700277,2.70254622857,0,6.34526187986,-0.00672936154481,0.0641864888715
799,0.0958233371398,0.188622124573,-0.454696510464,2.7193908952,0,9.79713608311,0.00834274047347,0.0642779796968
800,0.09965947261,0.195264416883,-0.578093286474,2.71102652131,0,10.8241570719,0.013714761502,0.0660684569427
801,0.0645374986631,0.191627183984,-0.518036589262,2.7142613217,0,4.0841956014,-0.0209152166849,0.0600842841663
802,0.067603102962,0.199852743911,-0.527616399599,2.72039685605,0,4.47891298239,-0.0151495510861,0.0637646822811
803,0.0639767701143,0.199369957745,-0.61583550003,2.70330466981,0,4.01501996298,-0.0191948447448,0.0567731803908
804,0.0830404904501,0.198502424185,-0.562478137681,2.70779914078,0,6.95810115174,-0.00228168276358,0.0591923752523
805,0.106366284809,0.200429299015,-0.510416506665,2.71231457242,0,12.8494441894,0.0210594104827,0.0611043681077
806,0.0578673715199,0.191598626869,-0.532255306551,2.70623890331,0,3.31762798047,-0.025652117009,0.0598606337545
807,0.0840306927591,0.188977477481,-0.525042255112,2.70957007902,0,7.1494634818,-0.00345914535703,0.0643009172967
808,0.0559650110605,0.206617965283,-0.590855848657,2.71756643594,0,3.12021718969,-0.0264865008033,0.0607401030036
809,0.0842201339207,0.186412434456,-0.566074982607,2.71007494549,0,7.18657485621,-0.00169918466561,0.0575633201403
810,0.0810599270464,0.201182955101,-0.549530885002,2.70847587061,0,6.5882273655,-0.00324011166028,0.0605031618526
811,0.0803477256684,0.204286257286,-0.57740683527,2.70007827437,0,6.45930831169,-0.00199571262509,0.0611718122934
812,0.0800873545086,0.202151064028,-0.564636293014,2.6982813427,0,6.4127050602,-0.003782788073,0.0579194799274
813,0.0844154611708,0.18558188461,-0.441582067137,2.7121829402,0,7.22500944001,-0.00275944522988,0.0676055855168
814,0.0860937997591,0.194539717649,-0.580009520316,2.71314573037,0,7.56248442838,0.00146401806517,0.0586216416502
815,0.097026178507,0.185717098761,-0.478520533337,2.70784059687,0,10.1095592316,0.0102551172046,0.0527010842602
816,0.10597282631,0.203601952431,-0.582200843142,2.70462723991,0,12.7219474602,0.0206313717689,0.0583038184634
817,0.0751186739171,0.205594397941,-0.63439533266,2.70862189536,0,5.57520954971,-0.00853136220589,0.0622462495944
818,0.0925239537704,0.201142359578,-0.560515791151,2.7113482929,0,8.98292411865,0.00785194256733,0.0596515259961
819,0.0770422309508,0.194202381197,-0.533872440385,2.71457854703,0,5.88803215427,-0.00717812968101,0.063423218683
820,0.0789068964575,0.195613170072,-0.583932962592,2.71434958073,0,6.2049065212,-0.00491318630961,0.0602584933068
821,0.0813862676459,0.199474147793,-0.655430453896,2.70525199501,0,6.64801310463,-0.00140137387352,0.0649132660825
822,0.0694364763745,0.194781948943,-0.50483519081,2.71464012308,0,4.72888002966,-0.015587203868,0.0598096153003
823,0.0770723987121,0.191024977877,-0.555995313181,2.71276316965,0,5.89305042171,-0.00772119563487,0.063661900133
824,0.0732701541938,0.204918228499,-0.57514629125,2.71589503923,0,5.28749140663,-0.0104221846832,0.0585742559185
825,0.0853220415168,0.192312954134,-0.519030438588,2.71303313992,0,7.40568047091,0.000804735804256,0.0633947123062
826,0.0896917090059,0.188096995787,-0.489452959628,2.70109481305,0,8.33138001585,0.00306384331655,0.059187378048
827,0.0818846427304,0.199867051568,-0.552722946804,2.71247127691,0,6.74019048511,-0.000768675535375,0.0699256624313
828,0.0815073792725,0.194113816811,-0.520187384557,2.71358554559,0,6.67031583173,-0.00366324834156,0.0589205529744
829,0.0780130284387,0.202946692995,-0.62039994797,2.71062864546,0,6.05129540499,-0.00443368074203,0.0609075800563
830,0.0955449070029,0.190490261723,-0.492430412825,2.70725565517,0,9.72603083001,0.00932730601701,0.0603619877702
831,0.0839944563292,0.198166079041,-0.473002080551,2.70287060834,0,7.14238324815,-0.000275710775907,0.0605286004512
832,0.0898468654452,0.186003482956,-0.477520528228,2.70438985194,0,8.36598841004,0.0042243011654,0.0548697662504
833,0.0973231789439,0.197339592292,-0.48226821591,2.69724203974,0,10.1880292284,0.0130310237119,0.0623795406034
834,0.113168329165,0.198002547152,-0.557492794585,2.71602256185,0,15.2422287383,0.0269611712684,0.0576848613403
835,0.085194376122,0.203825585794,-0.618013575316,2.71442987124,0,7.3800093291,0.000851128511421,0.0620275858867
836,0.0897529295901,0.195452977773,-0.620829226187,2.70479681028,0,8.34502085071,0.00549600374751,0.0637030041335
837,0.103846643855,0.193332894589,-0.511192857884,2.71125150334,0,12.0522691027,0.0165072871364,0.0581472784353
838,0.0997292078239,0.189836750661,-0.507970194366,2.70469541264,0,10.8436692001,0.0122819835719,0.0629167660137
839,0.0993101310089,0.192094546629,-0.535081633901,2.71584548091,0,10.7268745629,0.0117872583619,0.0573782281004
840,0.0783079260869,0.197807482233,-0.581253973204,2.71023611316,0,6.10162208322,-0.00644209496607,0.0593377132219
841,0.0876327701739,0.196304453532,-0.603801812606,2.69849589292,0,7.88360692498,0.00259035456219,0.0568922521642
842,0.09486647741,0.1903325168,-0.446485170471,2.70362523931,0,9.55465422373,0.0088559568913,0.0591145404416
843,0.118837796745,0.201427243672,-0.60084511241,2.70863895019,0,17.5358335816,0.0314541178248,0.0644983290022
844,0.0947080028546,0.19600839503,-0.576474397067,2.71403331759,0,9.51500332845,0.00794665817536,0.0639116431535
845,0.0912221206088,0.196251182231,-0.535972699924,2.70742701834,0,8.67818881182,0.00560572266639,0.0645692959891
846,0.0627249335656,0.20277743737,-0.580946785144,2.71801128329,0,3.86383451512,-0.0209981814623,0.0589262972334
847,0.0905022366988,0.191740018652,-0.527969410894,2.71571656598,0,8.51353862517,0.00420464134633,0.0637086806178
848,0.0821944338456,0.191767753609,-0.577029816602,2.70144780712,0,6.79802554611,-0.00274825660301,0.0602905195875
849,0.093517061258,0.194183763889,-0.496672602347,2.69978642282,0,9.22157446674,0.00690295525832,0.0592066166032
850,0.0745584174063,0.202617206569,-0.615107077959,2.7059460295,0,5.48669599179,-0.00794052314312,0.0642226526809
851,0.0761609937532,0.185219621929,-0.548861285353,2.70885066371,0,5.74298278736,-0.00913322776818,0.0605413905979
852,0.106206006555,0.192448783284,-0.476240969477,2.70686142034,0,12.7973705492,0.0191227130572,0.0604342202964
853,0.0882217866599,0.198999570733,-0.601158438295,2.70639864995,0,8.00954980092,0.00480505224116,0.0627124057013
854,0.0645338369134,0.190446741612,-0.508587580095,2.70576743265,0,4.08374089876,-0.020488950745,0.068251172646
855,0.0804053344059,0.201522884619,-0.604647172827,2.71315154154,0,6.46965756674,-0.00473866159666,0.0599034152359
856,0.0667812866074,0.195826704826,-0.594554613048,2.70537639767,0,4.37029990958,-0.0152160630913,0.0663961422146
857,0.0950972935829,0.19191832509,-0.513238586926,2.70749267548,0,9.61266253763,0.010103935491,0.0596031902625
858,0.0704760385861,0.188406486959,-0.547695097964,2.70904326112,0,4.87545091894,-0.0147935836759,0.0575854511065
859,0.110648587,0.202579808244,-0.618715926279,2.7127738421,0,14.3128408911,0.0254852944922,0.063588915476
860,0.0593099670736,0.20998797596,-0.607766234399,2.70596560776,0,3.4733592582,-0.023108127755,0.0663436660357
861,0.0638946564228,0.195530696712,-0.526913227747,2.70700811023,0,4.00496609036,-0.0194362317591,0.0607668052333
862,0.104120061131,0.198934274105,-0.595211620516,2.70674368627,0,12.1365918518,0.0191012079748,0.0599124880031
863,0.10040427178,0.183200834924,-0.510808440814,2.70850636622,0,11.0341616534,0.0120283752066,0.0604067152392
864,0.112659843195,0.19911922603,-0.608275556565,2.70754372014,0,15.0504139706,0.0262052940969,0.0615647526313
865,0.077846065162,0.196230840651,-0.577431415494,2.72148696723,0,6.02295399472,-0.00751099540852,0.0578946846904
866,0.0916192566812,0.199441940997,-0.603910056376,2.71135065716,0,8.77019002261,0.00685383912778,0.0621337282253
867,0.0660383635397,0.206673106568,-0.593246834262,2.711518452,0,4.27389769856,-0.0172118955378,0.0546988025765
868,0.0660196395849,0.199367432388,-0.632689137829,2.7108096505,0,4.27148969395,-0.017330411884,0.0606615703918
869,0.0858122261318,0.20938546186,-0.629606436752,2.70946639179,0,7.50495185415,0.00231581616738,0.0680636262384
870,0.0780230363925,0.186544055457,-0.44900711118,2.70357213695,0,6.05299770777,-0.00791630037947,0.063202565634
871,0.0760480510496,0.200061319777,-0.547997234732,2.70729226622,0,5.72460642556,-0.0074661506091,0.0641542782688
872,0.0810492550097,0.201749343968,-0.588274775434,2.71281856042,0,6.58627985191,-0.00359301091302,0.0621548359436
873,0.0899120888686,0.197808392815,-0.530541743143,2.71029902929,0,8.38057362648,0.00529877307292,0.0644180004466
874,0.0821220860752,0.200911982573,-0.542282325689,2.7092253328,0,6.7844818306,-0.0023752424077,0.0587057992851
875,0.0458823700525,0.202905253785,-0.603989864411,2.71841154016,0,2.21055838387,-0.0368870646409,0.0595168680262
876,0.0539909510473,0.191396599673,-0.467825600203,2.70119060528,0,2.92455302819,-0.0309027339498,0.0643615195982
877,0.0760896454642,0.200680178048,-0.564942425823,2.71075760012,0,5.7313684433,-0.00838056399053,0.0557961845184
878,0.0916821605634,0.183914686846,-0.417866166524,2.70258988732,0,8.78483937271,0.00517555069087,0.0592214157869
879,0.0849298466654,0.1931335839,-0.576937350389,2.71561517351,0,7.32705708069,-0.00119149260878,0.055552202687
880,0.0693440865444,0.193196113853,-0.55044079762,2.71046678457,0,4.71602520457,-0.0153329249342,0.0614142717724
881,0.0910250911518,0.183838788139,-0.493517361298,2.70494504307,0,8.63285436041,0.00442618701098,0.0610138316073
882,0.0767408689365,0.202326919718,-0.586593931691,2.71827116624,0,5.83809441878,-0.00741202120859,0.0580069170431
883,0.0733198720678,0.185157175138,-0.487097213775,2.70773301275,0,5.2950689534,-0.0123651235355,0.0617863440478
884,0.0802952036851,0.192594129459,-0.561742876528,2.70747200898,0,6.44988489458,-0.00422122207011,0.0621633773342
885,0.0833558654427,0.188122218198,-0.534308018951,2.70423772234,0,7.01857532223,-0.00318385149529,0.0603795386953
886,0.0885408010356,0.192726503872,-0.542709632574,2.71442525227,0,8.07847602273,0.0043350567571,0.0594046650567
887,0.06957795708,0.210662634262,-0.638279404166,2.71311254149,0,4.74861909369,-0.0125246789855,0.0647691783566
888,0.0769575009872,0.186910492115,-0.50217876575,2.7073872333,0,5.87395649865,-0.00823965577689,0.0578331376212
889,0.092786288062,0.183666617334,-0.536838785018,2.71128099453,0,9.04543882866,0.0057424467984,0.0598256678768
890,0.0786077986322,0.192246085516,-0.467616983767,2.70395972651,0,6.15315185132,-0.00590391112551,0.0590611590024
891,0.0539622480675,0.203777721507,-0.584411576307,2.7207961913,0,2.92177505097,-0.0302247762596,0.0582851354625
892,0.0810106835203,0.187569988951,-0.503122770092,2.70828001077,0,6.57924504295,-0.00450917352563,0.0587346738281
893,0.0764062797023,0.203028230436,-0.568064505216,2.71729517008,0,5.78305853119,-0.00691427492525,0.0583482847555
894,0.0939422287324,0.191605749394,-0.515744175355,2.70096541422,0,9.32541352546,0.00793088684473,0.0599223736717
895,0.106676097479,0.20341814158,-0.556990585975,2.71311920361,0,12.9506370343,0.0208493018772,0.0713512733421
896,0.0942441601943,0.195982306917,-0.518608379298,2.71877716767,0,9.39976965717,0.00815941308755,0.0594828289418
897,0.0581410817727,0.205769311841,-0.649096901632,2.71550265422,0,3.34676912429,-0.0234486490479,0.0619038573086
898,0.1244397783,0.196924596135,-0.487223579177,2.70347054044,0,20.106243784,0.0376586138012,0.0601250119555
899,0.0967246863193,0.196929744136,-0.622747773864,2.7080654135,0,10.0304438726,0.0114374703008,0.0588470057887
900,0.0736746701507,0.20514247635,-0.617723426985,2.71633776886,0,5.34939954668,-0.00914937031005,0.0596693143219
901,0.0794046252115,0.208937499924,-0.567618926138,2.7164851261,0,6.29183055668,-0.00225956582046,0.0666818751974
902,0.0769744900502,0.191158702506,-0.555749591058,2.70838182542,0,5.87677656612,-0.00789286355007,0.0630099974708
903,0.0947418789036,0.192371022502,-0.508342446938,2.7066201363,0,9.52346718117,0.00772636976726,0.0674019124926
904,0.110168857018,0.194959994685,-0.52179074341,2.71240694034,0,14.1417885687,0.0241414223574,0.0592125208489
905,0.0893188675032,0.197024692173,-0.572461927281,2.7083755823,0,8.2487179484,0.00509669554772,0.0609918297026
906,0.0938125886057,0.195555051574,-0.568259569244,2.71596173527,0,9.2936443834,0.00827164598481,0.0591523360216
907,0.10663419832,0.199372571667,-0.587931683709,2.71726042891,0,12.9369102283,0.0202676540022,0.0610011867319
908,0.0870888350742,0.194578628775,-0.588684094442,2.70848515478,0,7.768808047,0.00170432825631,0.0642072008382
909,0.0785419096886,0.189811639853,-0.440348721689,2.70755637596,0,6.14179884077,-0.00703083770662,0.0613317596097
910,0.0990711615087,0.185608455378,-0.510883628448,2.7117721004,0,10.6607715844,0.0118300941743,0.0582654465866
911,0.0596090007652,0.206399697401,-0.607200978293,2.70566228912,0,3.50630963336,-0.0211870548305,0.0680760981439
912,0.0807462915742,0.186462012639,-0.525280641175,2.70230756574,0,6.5311928564,-0.00499504626428,0.0590198366677
913,0.0563240884371,0.185202564454,-0.579502239797,2.69668795471,0,3.15680210403,-0.0273976205344,0.0653318434813
914,0.112152034223,0.186671256615,-0.508081727827,2.71270037367,0,14.8610293776,0.0231827259372,0.0607778990558
915,0.0909327678812,0.197441437279,-0.51266529612,2.71566984344,0,8.61168204699,0.00456913171085,0.0563672720056
916,0.0898889820564,0.188586900966,-0.537821998907,2.699251265,0,8.37540400102,0.00349952681235,0.0559848760983
917,0.0876202250627,0.20204026668,-0.621037638711,2.7113009786,0,7.88094304188,0.0028231385819,0.0627097259912
918,0.0634530791486,0.199305390344,-0.562707098152,2.70691703493,0,3.95123152506,-0.0211033372596,0.0593746324586
919,0.0542756727856,0.205417691858,-0.588265259962,2.71430471089,0,2.95221208836,-0.027057232181,0.0605996079635
920,0.0761084266702,0.195086173505,-0.540967960764,2.71508777798,0,5.73442385231,-0.00754416281669,0.0639526520333
921,0.0667835052157,0.190328588769,-0.565976519433,2.71012371732,0,4.3705903194,-0.0186732809658,0.0611150742285
922,0.0957546139855,0.188224957085,-0.55097656582,2.70375519652,0,9.77954361004,0.00911075049975,0.0592813435072
923,0.102543593528,0.198590407155,-0.547332584882,2.70921880173,0,11.6575035687,0.0173649578218,0.0618545348355
924,0.0888593168968,0.18391786504,-0.534119986942,2.71379936009,0,8.14780022686,0.000795123493863,0.0630847379307
925,0.0908411591389,0.200823666768,-0.605803438458,2.71073769703,0,8.59071782625,0.00602965305962,0.0568449234249
926,0.0793653670363,0.189650553442,-0.552143301555,2.71680509131,0,6.28493798683,-0.00604966889485,0.0609295647552
927,0.0774457082821,0.204693948521,-0.555597452236,2.72509753695,0,5.95544038088,-0.00569494934883,0.0641166136988
928,0.0823313204512,0.20007910852,-0.593658205094,2.7161989215,0,6.82371313773,-0.00203273712404,0.0648813246207
929,0.0847278549417,0.203265880033,-0.577869877054,2.71686006573,0,7.28684012077,6.11742968747e-05,0.0545056919364
930,0.0640636307942,0.20054609566,-0.503437612645,2.71266013891,0,4.02567618428,-0.0191974252603,0.0592561028472
931,0.0983085789156,0.20154869707,-0.638983041031,2.70529626715,0,10.4522157725,0.0145117760129,0.0649288468007
932,0.08237047809,0.189819409549,-0.47251226728,2.71494851551,0,6.83107625689,-0.00334931055583,0.06033516088
933,0.0679721667511,0.192685207918,-0.587090625838,2.70995197184,0,4.52837366711,-0.0162498757041,0.0590147025547
934,0.0698254337742,0.187539464943,-0.487395074953,2.70629150785,0,4.78330381926,-0.0148376786064,0.0582083164391
935,0.105430518875,0.203996853014,-0.6108121138,2.71924573218,0,12.5480659975,0.0192431641371,0.0667581484263
936,0.0813319730232,0.197549878564,-0.589452087208,2.70807433851,0,6.63803499549,-0.00284508240273,0.0518830425369
937,0.0873709200245,0.193111151375,-0.546643831327,2.71988935239,0,7.82816355744,0.00161598727917,0.0701450015035
938,0.0677485958973,0.203094910474,-0.580174027137,2.69877716455,0,4.49836043547,-0.0153831004995,0.0603200859472
939,0.0836624797655,0.188352156314,-0.510269939417,2.70991655591,0,7.07779308702,-0.00198598291425,0.0657903636746
940,0.0674004653346,0.195119594891,-0.565381089769,2.70473211605,0,4.45193740372,-0.0180626578868,0.0579356722189
941,0.0883558640805,0.20189790828,-0.600537124763,2.72176207483,0,8.03845703707,0.00508184837542,0.0651781474853
942,0.0878592314997,0.190556708796,-0.564831238029,2.7035260509,0,7.93182702585,0.00280140656694,0.0606419170331
943,0.0917471894786,0.198120419336,-0.623487014233,2.70841999409,0,8.80000581215,0.00697216233808,0.0599207935839
944,0.0824305354975,0.204723187198,-0.657725296517,2.71755944482,0,6.84238227236,-0.000399618467599,0.0642313094516
945,0.0941101416854,0.199576103106,-0.504425476727,2.71658150597,0,9.36670182678,0.00857222734761,0.0592635807644
946,0.0778912551432,0.19795373009,-0.498038506032,2.71368863583,0,6.03061400037,-0.00618131053146,0.0637591451613
947,0.0868635355465,0.197069404896,-0.615199955793,2.70532795672,0,7.72167697983,0.00264464232643,0.0631071247608
948,0.073098480629,0.198283890318,-0.566049871197,2.71136009194,0,5.26139385,-0.0104076310999,0.0597782279443
949,0.0654031708936,0.203586227281,-0.658972196662,2.70833949628,0,4.19279616004,-0.0163254192466,0.0688513797084
950,0.0829698951973,0.184486731381,-0.452239654408,2.7062587709,0,6.94462448034,-0.00355111546458,0.0621085988611
951,0.0732294132803,0.206844758096,-0.596161005597,2.72389665033,0,5.28128858546,-0.00828580807872,0.0602354497154
952,0.101327945047,0.196661475642,-0.578771954374,2.71504408941,0,11.2995867009,0.0157201802278,0.0641725474363
953,0.0899918778584,0.184024643188,-0.530659172347,2.70587583636,0,8.39844568575,0.00383878350581,0.0520363387253
954,0.0774634812095,0.202740202476,-0.600721891982,2.70957877865,0,5.95842421017,-0.00629256125952,0.0604413558481
955,0.0758587336389,0.2107071126,-0.629870776425,2.71268466613,0,5.69391146302,-0.00524734426263,0.0654479851384
956,0.105640378883,0.194186847461,-0.525658238344,2.69924921035,0,12.6151011737,0.0190413765864,0.0600538295754
957,0.0792684829146,0.205203795049,-0.632046888626,2.70700964486,0,6.26795480849,-0.00392604380475,0.0607815006235
958,0.0975155077987,0.186971180953,-0.44298746444,2.70523425968,0,10.2391281262,0.0107436509857,0.0609145740423
959,0.113328054367,0.194872334356,-0.53865511038,2.70704241979,0,15.3029350189,0.0261980574944,0.0622115529364
960,0.0879873687011,0.189727814486,-0.487679833787,2.70569364119,0,7.95922248935,0.00176517418988,0.0591141617181
961,0.105282558138,0.20455797618,-0.624275535048,2.70050628935,0,12.5009940616,0.0193266993078,0.0649804701489
962,0.0824320322957,0.200684572292,-0.534985559932,2.70659359391,0,6.84266425018,-0.00120866798545,0.0595354611757
963,0.103897691834,0.19168378116,-0.462744491727,2.71591883666,0,12.0679728439,0.0174903837958,0.0628323928389
964,0.0980190703296,0.188490191671,-0.525295742148,2.71843042906,0,10.3739823343,0.0111043869956,0.0561954110652
965,0.105105881524,0.196194986407,-0.532451643989,2.70989465803,0,12.4449924989,0.0191808330635,0.0592224104016
966,0.0753472995613,0.193386092344,-0.577733609545,2.71449761036,0,5.61166221255,-0.00982694088855,0.0603997932063
967,0.0882831417694,0.192511444494,-0.549576472823,2.71142677829,0,8.0227669791,0.00254066496231,0.0597026048585
968,0.0955919587428,0.187629288813,-0.435453325942,2.70991351334,0,9.73801516501,0.00893477099558,0.055234078117
969,0.0901818773126,0.203206347939,-0.567104169354,2.71338706813,0,8.44113586415,0.00621571202181,0.0579766189066
970,0.0733482207609,0.187957435783,-0.547094083716,2.71561092605,0,5.29939353379,-0.0118792863664,0.058385991466
971,0.0926101937726,0.200884815884,-0.539864605246,2.70008911953,0,9.0034338692,0.00817366095437,0.0586281344312
972,0.0889225210825,0.195956048902,-0.541447797969,2.70663612557,0,8.16161685655,0.00382090350188,0.0630797008607
973,0.0856877643561,0.195521755071,-0.554780924723,2.72295294677,0,7.47963981325,0.000734914139529,0.0616193518293
974,0.0860946179523,0.188853848533,-0.514760338426,2.7069930225,0,7.56265214983,-0.000155597605343,0.0548556495118
975,0.107807639876,0.19545690416,-0.553506680976,2.71168262716,0,13.3263026443,0.0202349804079,0.0597024905325
976,0.0980335245118,0.192044045816,-0.517396004235,2.71204284249,0,10.3778760467,0.0126847386832,0.0592145475484
977,0.0999032313398,0.190180044963,-0.52521133675,2.71236708959,0,10.8924966443,0.0134762230857,0.0585937885188
978,0.0959699998142,0.192768531617,-0.611222422938,2.7081185668,0,9.83477270329,0.00969890200068,0.0610846555807
979,0.0803953992649,0.201592399868,-0.604978744933,2.71957335442,0,6.46787176067,-0.00428281868395,0.0589848615366
980,0.0821361163071,0.200909819474,-0.527217960782,2.71384464127,0,6.78710656222,-0.00192635944563,0.0591391965988
981,0.0679309546968,0.19430477158,-0.530800255008,2.70942196468,0,4.52282934509,-0.0164690002138,0.0604984410784
982,0.0674687812758,0.193230188417,-0.465568689357,2.70490847808,0,4.4610174748,-0.018180081099,0.0572169322307
983,0.0837941592528,0.195027727418,-0.536451306338,2.70377046174,0,7.10335379401,-0.0017246362923,0.0680527304375
984,0.099356116223,0.193358820286,-0.541739728218,2.70500782998,0,10.7396361178,0.0140695318024,0.0580515130888
985,0.0790676258213,0.190517344185,-0.500845612637,2.71229711508,0,6.23286701323,-0.00700304870003,0.058749140075
986,0.0423923443276,0.20096842384,-0.569218218106,2.71236464705,0,1.94331148015,-0.04019279937,0.0667473104
987,0.0628081987598,0.199716903014,-0.552074389378,2.72672230941,0,3.87375294792,-0.0190057592377,0.0652608176326
988,0.0859987090634,0.202620367954,-0.617454509397,2.71650473436,0,7.54301328529,-0.000217670976445,0.0576663402825
989,0.0751725272493,0.185010276111,-0.471294928217,2.71067119289,0,5.58377862486,-0.0108774299858,0.0629315333842
990,0.0629555795189,0.190749508597,-0.488165741167,2.70626142227,0,3.89135643242,-0.022502422118,0.055884957959
991,0.0882863406123,0.200792398226,-0.569009198173,2.71689399699,0,8.02345658811,0.0045964387154,0.0632607007849
992,0.0638846067373,0.196308163905,-0.545876307237,2.72238054969,0,4.00373695443,-0.0202939781201,0.0612160636305
993,0.0859098873613,0.198322505552,-0.47067429705,2.7064503116,0,7.52486426794,0.00167333279842,0.0582607004425
994,0.0737745321122,0.185330410307,-0.421368039884,2.70153224789,0,5.36477264072,-0.012428627065,0.062400523781
995,0.0783137383173,0.196060612556,-0.590962763103,2.72280231118,0,6.10261744981,-0.00617824703031,0.0608049304762
996,0.0851629687533,0.197309968535,-0.504424712431,2.70976428374,0,7.37370545373,0.00128238194508,0.0569712323516
997,0.0732775029627,0.183551778609,-0.538431764292,2.70149798604,0,5.2886108866,-0.0124902451079,0.0615698902898
998,0.0768655878746,0.19018280258,-0.487761875445,2.71044645621,0,5.85871882623,-0.00773080374504,0.061662417439
999,0.0800778310174,0.194969089865,-0.591604775899,2.71503819135,0,6.41100579029,-0.00457365670468,0.0625058972868
1000,0.0700147471555,0.191153837217,-0.52229547707,2.70772058919,0,4.80997250476,-0.0159643521034,0.059103307458
1001,0.0750518749974,0.193427353208,-0.489440567905,2.71231989383,0,5.56459548892,-0.0101947133986,0.06074316911
1002,0.0981304671966,0.188839025471,-0.468109997947,2.71487495927,0,10.4040239121,0.0104664390164,0.0609843488073
1003,0.0932557591644,0.197731267208,-0.569101637394,2.70283476723,0,9.15825538707,0.00620203508569,0.0566116103556
1004,0.0941303742348,0.196821801766,-0.580448763027,2.70361185376,0,9.37168753413,0.00878916116255,0.0607248997291
1005,0.0820335490744,0.19452541164,-0.490117860374,2.70484771532,0,6.76793821832,-0.00347594476913,0.059752463836
1006,0.0831755389973,0.200492733358,-0.600259327686,2.72240240792,0,6.98394326345,-0.00117004521557,0.0629115830708
1007,0.0673866362572,0.202257667905,-0.581312472516,2.7154954877,0,4.45010110828,-0.0161999219148,0.0615359398638
1008,0.0981054967341,0.188201744488,-0.445101868753,2.71056425373,0,10.3972832348,0.0125087290736,0.0584694350192
1009,0.0879665987266,0.191587501399,-0.533811758829,2.70746980922,0,7.95477643255,0.00215412514394,0.0553241851973
1010,0.0580446906576,0.192363387647,-0.549207800531,2.70523314486,0,3.33648513199,-0.0252678519544,0.0611888053919
1011,0.0926190483831,0.195971303756,-0.585362024877,2.7132782544,0,9.00554198047,0.00837990143188,0.0629499363756
1012,0.101301310419,0.191958451417,-0.533877257264,2.71357785002,0,11.2918548152,0.0141728345247,0.0597587107906
1013,0.0694475082524,0.184046503092,-0.526780394083,2.699977226,0,4.73041682628,-0.0152564619889,0.0544551773237
1014,0.114015889224,0.196908279048,-0.529197172754,2.71331480329,0,15.5668601747,0.0263836865094,0.0573967989429
1015,0.0988453265187,0.20759877309,-0.574069290782,2.71176112335,0,10.5986312215,0.0154542061032,0.0700157032538
1016,0.0844861675049,0.194862073026,-0.556381135293,2.70211401433,0,7.23896506403,0.000644725636956,0.0573780827134
1017,0.0969537978696,0.199532985163,-0.560614844679,2.7156635821,0,10.0905160155,0.0112545075083,0.0593782159994
1018,0.0715077047506,0.198120020352,-0.463263118358,2.71262896217,0,5.02446956739,-0.0123326150102,0.0593550940845
1019,0.089693092325,0.197509164715,-0.495575505984,2.71673598515,0,8.33168802791,0.00385139419509,0.0645847039661
1020,0.0811434536749,0.189806005582,-0.446668815682,2.70464972322,0,6.60348654741,-0.00554069667395,0.0640754164847
1021,0.0649572284293,0.192474282519,-0.522849252634,2.70216400511,0,4.13657606081,-0.0186184620727,0.0610428257605
1022,0.078125687924,0.206482433375,-0.615672662262,2.71403058243,0,6.07048104731,-0.00419323715472,0.0661966812738
1023,0.0640985665712,0.212150463185,-0.62596972757,2.70780593295,0,4.02996830353,-0.0160422214182,0.0688173969982
1024,0.0974846161048,0.198217507022,-0.602499533551,2.70250693014,0,10.2309055655,0.0116573334656,0.0612765356847
1025,0.067408644944,0.201922169049,-0.607687814689,2.71974868288,0,4.45302381397,-0.0145809599029,0.0642658655037
1026,0.0968145456277,0.192632844266,-0.506493347238,2.71060560443,0,10.0539672425,0.0110829006175,0.0573959523954
1027,0.089790936262,0.206599184084,-0.549584843708,2.69581154148,0,8.35349893323,0.00658267453879,0.0645959098361
1028,0.0714415708734,0.207423392771,-0.581441434562,2.71474361615,0,5.01480886569,-0.010595971578,0.0608775125642
1029,0.0762810586109,0.196555527681,-0.560015105255,2.71042078096,0,5.76257090687,-0.00892326301715,0.0621167288065
1030,0.0761432716986,0.200805248166,-0.590167124512,2.70453313234,0,5.740096127,-0.00701748339383,0.0591613086621
1031,0.101892335488,0.192560538488,-0.477478070656,2.7059780563,0,11.4645298834,0.0152980028488,0.059835640007
1032,0.0782413233604,0.198585997625,-0.575865406997,2.71831645011,0,6.09022568302,-0.00669765270779,0.0572217998349
1033,0.0979613177077,0.185078190773,-0.461539046503,2.69153165309,0,10.358437537,0.0114207609228,0.0570290464427
1034,0.0877987686011,0.185009143702,-0.462381877005,2.70916064339,0,7.91892817361,-0.000509105717672,0.0611722501205
1035,0.088428226084,0.192006054645,-0.503345313968,2.71027123427,0,8.05409539588,0.00287327220385,0.0665930126306
1036,0.0961484275865,0.189764632812,-0.49764558693,2.71469992221,0,9.88073099887,0.00998509129881,0.0577544043837
1037,0.0994018191547,0.185658832646,-0.483835075858,2.70739864023,0,10.7523325653,0.0124169752555,0.0586154078155
1038,0.0657338558058,0.195928535239,-0.592184200425,2.70423940227,0,4.23486726038,-0.0176181605885,0.0599976040453
1039,0.116408051865,0.201758334995,-0.525018208848,2.71438182659,0,16.5171088379,0.0299433675111,0.0636046796144
1040,0.0803072324975,0.193746203902,-0.531931809668,2.70592847425,0,6.45204207531,-0.00464573119028,0.0606413630362
1041,0.0636961322422,0.196909781328,-0.515917273444,2.71057669895,0,3.98073910295,-0.0190877848356,0.0590730032546
1042,0.0843136629882,0.185454773967,-0.452584078311,2.70327554749,0,7.20495699256,-0.00353916285941,0.0639992270873
1043,0.0840358397994,0.189133626104,-0.464912572194,2.70297875112,0,7.15046964169,-0.00339543944053,0.0598324456672
1044,0.0834550770415,0.190999821076,-0.447070001261,2.71191310971,0,7.03769066064,-0.00352410321906,0.0665576774279
1045,0.0893369292687,0.190199939745,-0.495856356324,2.70005413656,0,8.25270611179,0.00444149226281,0.0589628259027
1046,0.0831879686177,0.209482602124,-0.639171002196,2.7024769556,0,6.9863257748,0.00140023259777,0.0685938526539
1047,0.0711415934538,0.205075184701,-0.596853400942,2.71483845573,0,4.97117548322,-0.0118147727882,0.0650997092924
1048,0.0747722984281,0.193561918036,-0.527933766584,2.70523517303,0,5.52035047627,-0.0094775392673,0.0577440539385
1049,0.0636575982694,0.199471549177,-0.596637073096,2.70865242133,0,3.9760496784,-0.0204386488549,0.0577435057269
1050,0.0931901863837,0.201640043243,-0.557882893547,2.71761031448,0,9.1424249985,0.00977858280774,0.0659964026542
1051,0.0925075842042,0.193427667821,-0.490577063514,2.69369124251,0,8.97903564781,0.00705460549244,0.0585076900117
1052,0.084712763607,0.203366653754,-0.645720906231,2.71562028268,0,7.28384291539,-0.000368426329523,0.0593580616765
1053,0.119926639917,0.196036658667,-0.487468149852,2.71180606847,0,18.0106207365,0.0322518085486,0.0682889762381
1054,0.0751993479453,0.190511228455,-0.488447853351,2.70891433685,0,5.58805030527,-0.00894583142598,0.059944450565
1055,0.0939090541641,0.194496351602,-0.551959996975,2.69640651719,0,9.31727492121,0.00938680083142,0.0633994822067
1056,0.0740532839196,0.196028407324,-0.509376178644,2.71097895698,0,5.40787427161,-0.00948537423782,0.0591126951512
1057,0.0748099010449,0.202151911791,-0.585002235338,2.71071144348,0,5.52628462889,-0.00991490883539,0.0615472797205
1058,0.079651047742,0.195660033045,-0.478731499329,2.70391022262,0,6.33523846136,-0.00419835186036,0.0602478490325
1059,0.0920022805957,0.19129102158,-0.525631642722,2.71163257094,0,8.85971825257,0.00427121795123,0.0662394305193
1060,0.0860723791659,0.194672393209,-0.495642178659,2.70869387833,0,7.55809454384,6.71673015376e-05,0.0597560852532
1061,0.0726516192035,0.194454554915,-0.521744777435,2.70980522345,0,5.19395014398,-0.013597377362,0.0545066109704
1062,0.076856124763,0.199044956239,-0.55364989626,2.71760337651,0,5.85715184437,-0.00706299078162,0.0590580797204
1063,0.0728150325706,0.199718810305,-0.543002784241,2.71135122598,0,5.21853230756,-0.0122851551692,0.0591987078015
1064,0.0751188369322,0.190390340656,-0.540685889695,2.70773931278,0,5.57523547228,-0.00931236364043,0.0579703638445
1065,0.0886868610752,0.204241422408,-0.57728164997,2.71469968676,0,8.11020269306,0.00345523726224,0.0596228336286
1066,0.0691898321985,0.200851638697,-0.58318907802,2.72268195928,0,4.6946245358,-0.0139156569751,0.0619838150296
1067,0.0740012824273,0.188444829071,-0.489722531263,2.71287374428,0,5.39981237272,-0.00960626012613,0.0584462748594
1068,0.0652534274589,0.193339971427,-0.488066504597,2.71091483055,0,4.17385230187,-0.0190677135957,0.0614996529867
1069,0.082768280519,0.18485573814,-0.507932414355,2.70760837718,0,6.90625685007,-0.00384698814357,0.0545822942691
1070,0.0774398024134,0.192177714886,-0.533097775627,2.71907708095,0,5.95444913937,-0.00774495441976,0.0617811511646
1071,0.0805171768722,0.193419618762,-0.504500224504,2.70449100499,0,6.48978920073,-0.00369496079921,0.0577487088288
1072,0.0688745998178,0.193757145542,-0.59268092785,2.71040145835,0,4.65112972013,-0.0157598296284,0.0610592408775
1073,0.0788185231588,0.200373786744,-0.597056577917,2.71566492279,0,6.18957740781,-0.00637665843358,0.056999135195
1074,0.0812071854423,0.208173687211,-0.629105495198,2.71502097949,0,6.61514931706,-0.000664011021549,0.067418593187
1075,0.105464269564,0.192007863515,-0.594885527341,2.70206318745,0,12.5588254573,0.018322198722,0.0630931660126
1076,0.0793066493865,0.188557232544,-0.508688446533,2.71307416585,0,6.27464060187,-0.00612707338588,0.0575776628658
1077,0.102396301117,0.19484355996,-0.53291426976,2.70840417309,0,11.6136097092,0.0176298871051,0.0575875272657
1078,0.0821832288378,0.194349549652,-0.513996203008,2.71048056127,0,6.79592645386,-0.00163671402177,0.0638002273218
1079,0.0942185032802,0.192525331082,-0.487112796386,2.70272364219,0,9.39343121069,0.00804442662752,0.0557042747295
1080,0.103290396277,0.188341871665,-0.52053247034,2.70540084669,0,11.8823241459,0.0164843320526,0.0535440923466
1081,0.0816679558207,0.19522929455,-0.462102498393,2.71675485255,0,6.69998247208,-0.00209192590928,0.0597952720786
1082,0.0883034809801,0.188041295289,-0.500065237517,2.71380062719,0,8.02715258512,0.00157200362393,0.0542907278557
1083,0.0659986925035,0.210612343473,-0.6016951875,2.71689153721,0,4.26879703584,-0.0159114758412,0.0690245184194
1084,0.102402833822,0.187466733,-0.477433304437,2.69652006317,0,11.6155533817,0.0152218881905,0.0571116529123
1085,0.0844556770546,0.187479295886,-0.551110128736,2.70217443031,0,7.23294423816,-0.000485465858849,0.0561760468749
1086,0.104946054203,0.201168132857,-0.591357990246,2.70699518374,0,12.394524169,0.0190162111711,0.0592890234439
1087,0.103781776171,0.184758306328,-0.537438972477,2.70887012885,0,12.0323402232,0.0156931549054,0.062421970006
1088,0.066375102712,0.198314847755,-0.596543377126,2.71913750443,0,4.3173852113,-0.0166323923348,0.061864611732
1089,0.0753626296546,0.188817043108,-0.505128151524,2.71543248729,0,5.6141134214,-0.0101333048127,0.0616958398475
1090,0.0940174207281,0.195147393843,-0.480194233105,2.71499272349,0,9.34388298115,0.00810100710159,0.0619919277827
1091,0.0859014145659,0.198963131919,-0.577533622518,2.70682329152,0,7.52313495234,0.00179902837318,0.0628939473377
1092,0.0669950697866,0.202818638316,-0.557379193765,2.71575820747,0,4.39835303452,-0.0159515024424,0.062969824825
1093,0.0777949715829,0.190731112027,-0.451848937659,2.70264029913,0,6.01430295528,-0.00828403036826,0.055626259839
1094,0.0654200018518,0.193905534159,-0.537448399916,2.716021113,0,4.19492958863,-0.0185113936309,0.0576274164834
1095,0.0646761750018,0.201873500342,-0.584876376982,2.70292169078,0,4.10144473381,-0.0181700695757,0.0590299318349
1096,0.0826085032176,0.19073235487,-0.513658925564,2.70042388898,0,6.87597755388,-0.00204798600392,0.0562146091049
1097,0.0741603841331,0.201254430009,-0.635855317817,2.71782338475,0,5.42450901688,-0.00849732268882,0.0632806981678
1098,0.0997038867757,0.192461852629,-0.505838128263,2.70664646329,0,10.8365807154,0.0145480552676,0.060418802329
1099,0.086354575975,0.203767675001,-0.538906398853,2.70440496222,0,7.61610120774,0.0020059176626,0.0615143442325
1100,0.11100773251,0.187351581304,-0.515080791023,2.70646736253,0,14.4421122438,0.0235108637166,0.049934597002
1101,0.0892710114226,0.183228226274,-0.466804892658,2.70462855321,0,8.23815898312,0.00249360644446,0.0633430151735
1102,0.0646096897939,0.204591532337,-0.563714837235,2.70537746932,0,4.09316802051,-0.019398080307,0.060041151107
1103,0.103796492411,0.194822219826,-0.550534768897,2.71846756578,0,12.0368588311,0.0169064863113,0.0642797683097
1104,0.059911917436,0.195626248343,-0.566445263667,2.70875474367,0,3.53992575212,-0.0240446422172,0.0579347353038
1105,0.0841629906439,0.191082471446,-0.501485752625,2.70743616474,0,7.17536345181,-0.00176103724012,0.0556640484067
1106,0.083473923587,0.197678756262,-0.609130651244,2.71148534838,0,7.04132681899,-0.000311278672096,0.0639581475336
1107,0.0787906343095,0.193399055115,-0.621668620103,2.721336163,0,6.18474635885,-0.00619974698373,0.0603091981414
1108,0.0612998972305,0.20325234705,-0.602975469214,2.71530980011,0,3.69706474956,-0.0224449084803,0.0597120453975
1109,0.101664021513,0.183048317942,-0.512439679874,2.71233957231,0,11.3975505278,0.0139681592608,0.0547032826741
1110,0.0722195517165,0.199524661269,-0.558243774846,2.71306068494,0,5.12940381524,-0.00963636397054,0.0660428165571
1111,0.0738836501153,0.185521580595,-0.562455820779,2.70577878551,0,5.38161155999,-0.0118053883644,0.0628300269067
1112,0.0919399948733,0.189329685825,-0.540104617562,2.7180515333,0,8.84510603765,0.00539637913606,0.0604654775438
1113,0.094103724686,0.193299636615,-0.619452244663,2.70493537229,0,9.3651210304,0.00926129805376,0.0582176846245
1114,0.120783367583,0.193436528996,-0.551796896783,2.71098681222,0,18.3923929998,0.0327103554242,0.0547656914568
1115,0.0722571234537,0.201625150958,-0.575474363598,2.71508132922,0,5.13499086128,-0.0121038798602,0.0643740713073
1116,0.0684018862689,0.191498875469,-0.54305182773,2.70862193303,0,4.58650425857,-0.0177231083934,0.0551202235999
1117,0.0659197071126,0.191310707396,-0.49633942244,2.71710543986,0,4.25865569047,-0.0182381277437,0.0585214414459
1118,0.0826938393236,0.19805276181,-0.58319318347,2.70972701375,0,6.8921356455,-0.00176288429693,0.0625216793933
1119,0.0774051549824,0.191678032193,-0.514601856774,2.70557309556,0,5.94863664694,-0.00724711194965,0.0639773275973
1120,0.0810631735773,0.19033899907,-0.526713227873,2.70175462799,0,6.58881991224,-0.00267010863236,0.0582195630293
1121,0.0798191993603,0.199981063452,-0.609529924592,2.71273911317,0,6.36500126676,-0.00515454761487,0.0599563626375
1122,0.0747956297771,0.199136581597,-0.588454290943,2.70991643696,0,5.52403183719,-0.00946377201172,0.0606244096566
1123,0.0947218411352,0.197714868548,-0.559742481262,2.71447577622,0,9.51845999986,0.00913661394199,0.0579952336352
1124,0.067452963917,0.188009839284,-0.572874461809,2.70785436541,0,4.45891385078,-0.0173822087551,0.0626719983758
1125,0.0994904995198,0.191617632131,-0.536755487003,2.70820286367,0,10.7770059815,0.0126565728804,0.0582444099945
1126,0.0758032615114,0.203951916741,-0.51481318602,2.70581174178,0,5.68494304479,-0.00716461961681,0.0581124497726
1127,0.0962315003536,0.194261108717,-0.53373426741,2.71316748926,0,9.90219225284,0.0119303266061,0.0575575440373
1128,0.0741304084705,0.193758847982,-0.604401216832,2.71300674284,0,5.41984903398,-0.0108093512866,0.0592900181673
1129,0.0898888552951,0.186705846064,-0.515966021802,2.70923828845,0,8.37537564859,0.00243878289967,0.0564982511511
1130,0.0818393581458,0.192910212794,-0.478443530729,2.70399817619,0,6.73177091206,-0.00403699090652,0.0604363590987
1131,0.0989965721237,0.192654962018,-0.474311828354,2.70734497698,0,10.6402123794,0.0139230872318,0.0582094864678
1132,0.0912443717195,0.195288116602,-0.529387923452,2.70251274546,0,8.68332143692,0.00662472620322,0.060880304056
1133,0.07949665951,0.196188084063,-0.541410168617,2.70445483159,0,6.30801363657,-0.00582739394238,0.0604772485967
1134,0.0852221849022,0.188614850901,-0.490999532788,2.70807136575,0,7.38559472867,-0.000591775230305,0.0563588923757
1135,0.124891214072,0.190669606261,-0.511119151137,2.71319277869,0,20.3276797031,0.0349131775799,0.0574325446387
1136,0.0829180918127,0.202444451705,-0.559638546296,2.7148996124,0,6.93474914919,-0.000796103059868,0.0605329768818
1137,0.0811706788644,0.189722192887,-0.537604930612,2.70472976814,0,6.6084665928,-0.00501937237223,0.0626714816918
1138,0.0730436593438,0.206168783297,-0.593977074736,2.71712588689,0,5.25308196467,-0.00951062013267,0.061783365994
1139,0.0837605290077,0.185318782107,-0.48354421566,2.70755980535,0,7.09681833962,-0.0025249150455,0.0563842080447
1140,0.0863175173109,0.207443259099,-0.574058236316,2.70825652285,0,7.60846214672,0.00294845718276,0.0603141771364
1141,0.0927711290709,0.201926260731,-0.596502970556,2.71072347905,0,9.04181619115,0.00767018200658,0.0671994942006
1142,0.0884948048014,0.203788425464,-0.651146611308,2.7175555863,0,8.06850689076,0.00528237688969,0.0614665698948
1143,0.0924401524268,0.197652972094,-0.593132551196,2.70829883204,0,8.96303307241,0.00727654011634,0.0580957841224
1144,0.0917971556475,0.19461606348,-0.577983607233,2.70538521543,0,8.81167458014,0.00650942086265,0.0602304965453
1145,0.105011387279,0.193982803607,-0.573353501448,2.70537917846,0,12.4151322035,0.0176781881273,0.0539338588611
1146,0.0702789273229,0.192843154875,-0.549494641391,2.71040613468,0,4.84738543286,-0.0142168081568,0.0579233990345
1147,0.0784936808046,0.199626694618,-0.613287447905,2.70160128333,0,6.13349973562,-0.00615067327362,0.0521311620003
1148,0.0507958985837,0.197845873072,-0.48516635413,2.70639651635,0,2.62666174307,-0.0326566859298,0.066048793665
1149,0.0829202895374,0.189704727135,-0.548947063072,2.71096070999,0,6.9351678638,-0.00331228675384,0.0633357364069
1150,0.107164454405,0.185196851033,-0.490847322633,2.70961062629,0,13.1115920956,0.0203536082864,0.0586402410929
1151,0.0915978219038,0.194824619264,-0.545223511423,2.71153509721,0,8.76520301059,0.00629845681481,0.0547383156947
1152,0.0905085448288,0.18531699236,-0.500220175173,2.70737916566,0,8.51496963883,0.00392285603053,0.056437044498
1153,0.0871800982186,0.191725652595,-0.520958535197,2.71275167695,0,7.78796926045,0.00198331891682,0.0594173101166
1154,0.0780801208212,0.18322915969,-0.457485879869,2.70759454941,0,6.06271504064,-0.00914420564793,0.0583953585947
1155,0.0700517829818,0.194445891289,-0.579056594872,2.70972127898,0,4.81520357423,-0.0148425441026,0.0579296675683
1156,0.0826327182469,0.193023277053,-0.47723975803,2.71352778098,0,6.88055934921,-0.00342263295867,0.0616474723446
1157,0.066175562191,0.188714009269,-0.473545227671,2.70606618775,0,4.29157450422,-0.0180499300907,0.053628064626
1158,0.102019772138,0.187638486621,-0.485984018521,2.71304500152,0,11.5020665152,0.0148444851532,0.0558569317718
1159,0.11097584581,0.192600051448,-0.554380741988,2.70480752685,0,14.4305925856,0.0242838509762,0.0603171394591
1160,0.0730494148155,0.198237867037,-0.471036341639,2.71658300079,0,5.2539540982,-0.00993847323729,0.0611620761343
1161,0.0944790382014,0.197268600138,-0.560379299437,2.70838584606,0,9.45796842768,0.0104768361559,0.0602998695649
1162,0.0801479156823,0.20670613688,-0.588619789701,2.70362479068,0,6.42351971776,-0.00344121997535,0.0597592139698
1163,0.0625204391235,0.190600008191,-0.508824867743,2.70262433347,0,3.83955772156,-0.0223448637061,0.0688782454004
1164,0.107367692475,0.190679946748,-0.554298178329,2.70983543914,0,13.1791011544,0.0201257176462,0.057820369995
1165,0.0899526805313,0.196152390019,-0.504920606476,2.71544769197,0,8.38966172834,0.00402031106121,0.061188656768
1166,0.0659884975146,0.192160541731,-0.493391839748,2.70007344152,0,4.26748699195,-0.0192473328813,0.0592854662006
1167,0.0812795283629,0.197570953065,-0.532924967085,2.70359294928,0,6.62840875282,-0.00166581578004,0.0590653331085
1168,0.103844300653,0.187465478549,-0.524930807693,2.6936287225,0,12.051548706,0.0179088649022,0.0588775939467
1169,0.0793774183061,0.193471307851,-0.601219907707,2.70247581919,0,6.2870531653,-0.00642050087631,0.058213552585
1170,0.071201825655,0.207552182137,-0.59054860327,2.70282677301,0,4.97991209846,-0.0118661046137,0.0597180458134
1171,0.0869338068041,0.194098038872,-0.524233261396,2.71786055351,0,7.73635102899,0.00120763907774,0.0649572467759
1172,0.0766538459629,0.191807628398,-0.505429791985,2.70947467042,0,5.82373901818,-0.00941698339799,0.0595875091061
1173,0.103114695906,0.195140467268,-0.578209051165,2.71033633243,0,11.8290877132,0.0168415029144,0.0629210980093
1174,0.0841683542395,0.187834390612,-0.525132577349,2.70635119854,0,7.17641515112,-0.00146407536016,0.058510718699
1175,0.097441976674,0.191208196048,-0.519096619974,2.70840445421,0,10.219565566,0.0105746135021,0.0613746361781
1176,0.0908544753807,0.190961300723,-0.443849240772,2.70783204908,0,8.59376245089,0.00417962105981,0.0609743549261
1177,0.0993779820603,0.190739150552,-0.473358119115,2.70407049399,0,10.7457088838,0.0121465017351,0.057371402203
1178,0.0760970925784,0.204547734353,-0.623681367189,2.71986922157,0,5.73257981301,-0.00650581218567,0.0652822059912
1179,0.076377907114,0.202970524159,-0.563872937733,2.71605733419,0,5.77841122361,-0.00596925333969,0.0576158318067
1180,0.0648837180665,0.19931728376,-0.565808717638,2.71530713382,0,4.12736495781,-0.0186461986775,0.0634808305782
1181,0.0713628422796,0.195506251095,-0.508485321537,2.7105057794,0,5.00332777411,-0.0124494664838,0.0634878151837
1182,0.0818196155626,0.198520711026,-0.561202831346,2.70474404564,0,6.72810301347,-0.00249504637619,0.0594217069584
1183,0.0869277768368,0.200031467732,-0.559874337243,2.71795396001,0,7.73509092025,0.00252820500398,0.0586196457726
1184,0.0803943975838,0.187251872616,-0.58201104834,2.71383741127,0,6.46769173485,-0.00616024116274,0.0615926649977
1185,0.0610855934382,0.197928848743,-0.59785584184,2.71168685294,0,3.67246568277,-0.0223370792434,0.060645577864
1186,0.065855455509,0.195384899493,-0.608934477005,2.71393012131,0,4.25041993932,-0.0179789517714,0.0578715073007
1187,0.0972404243858,0.184143386871,-0.456158609913,2.69432681842,0,10.1661113858,0.010941677182,0.0558159379221
1188,0.102834244409,0.204678334524,-0.572560865128,2.7092447432,0,11.7445502031,0.019472947863,0.0626216138786
1189,0.0797308198223,0.192418652309,-0.484285112032,2.70661756684,0,6.34934365782,-0.00582999332357,0.0693952765599
1190,0.0854825891263,0.193283817772,-0.502886755621,2.70580245328,0,7.43807096754,0.000665761887844,0.0651703015316
1191,0.11044304089,0.192418445346,-0.578498241682,2.70841189087,0,14.2393251787,0.0227458199504,0.0564199273859
1192,0.082712493809,0.199256459898,-0.588274775434,2.71877080188,0,6.89567204976,-0.00207745568369,0.0640425270103
1193,0.0886731805574,0.196489044137,-0.522325929134,2.7183723411,0,8.10722653777,0.00469331769868,0.0629376632934
1194,0.102342327643,0.194680043066,-0.57065309706,2.71695017337,0,11.5975620221,0.0150881358444,0.0572934662004
1195,0.0863986330672,0.193648358681,-0.540160974741,2.71551942075,0,7.62519136561,0.00099784807468,0.0588189718017
1196,0.113411569084,0.193500744095,-0.51169230099,2.70741661813,0,15.3347630056,0.0263940710474,0.0602513977694
1197,0.0846041415483,0.188666581355,-0.560790607536,2.70401595667,0,7.26230082767,-0.00110688987104,0.0566277536074
1198,0.0733768203106,0.19139892035,-0.575084953218,2.70726210408,0,5.30375927683,-0.0118796913954,0.0605731616613
1199,0.0996784800226,0.194290984013,-0.557778668339,2.70876241576,0,10.8294723382,0.0127469410654,0.0611399421782
1200,0.100239456392,0.193489205602,-0.591789202944,2.70249289342,0,10.9873833335,0.0144727963971,0.0571240838461
1201,0.0835872563791,0.194352459034,-0.480608028825,2.70807534221,0,7.06322605852,-0.00173631170914,0.0619870386649
1202,0.116653630151,0.199920465469,-0.599091589258,2.70947584017,0,16.6175751192,0.0292049918352,0.0684149123336
1203,0.0910377712552,0.199595118769,-0.559737625751,2.70993736603,0,8.63576576365,0.0061654036015,0.0613832880245
1204,0.111016286021,0.196825856196,-0.553416367677,2.71045035735,0,14.4452037641,0.0234617171409,0.0648243257039
1205,0.101040973244,0.202641097962,-0.562624571078,2.69446587169,0,11.2165260518,0.0166818156682,0.0651169590301
1206,0.0514573323974,0.200970986834,-0.598664376215,2.7092198947,0,2.68648807473,-0.0317458311928,0.0643723576695
1207,0.0720760877181,0.201582790204,-0.612202180423,2.72138950559,0,5.10811519946,-0.0100548618526,0.0650118517221
1208,0.0767408761503,0.202459484474,-0.58593169647,2.70179899121,0,5.83809560999,-0.00660923284544,0.0641847905218
1209,0.082277544973,0.201686704076,-0.573771414358,2.7103505987,0,6.81361215864,-0.00175023524117,0.0624155062502
1210,0.0906954394444,0.187463292228,-0.536336349204,2.70535767709,0,8.55746113765,0.0052970265966,0.0636289494539
1211,0.074574530776,0.193875854628,-0.557188155878,2.7204118859,0,5.48922562475,-0.0103045041049,0.061302508984
1212,0.104851018022,0.200483424206,-0.536737009824,2.71076684444,0,12.3646012106,0.0192225093708,0.0578230421677
1213,0.102585891234,0.191602283375,-0.501764514053,2.70071294609,0,11.6701356117,0.0162923423238,0.0605929710722
1214,0.096924742276,0.192801497249,-0.488027904036,2.71324803391,0,10.0828803729,0.00930213435943,0.0673871621424
1215,0.0863846680753,0.192709653335,-0.490622085103,2.71227154618,0,7.62230901606,0.000920533498485,0.0650842019002
1216,0.0657817501991,0.193806098151,-0.490644513282,2.71066827528,0,4.24098768846,-0.0188546066843,0.0619687937605
1217,0.0980031014071,0.189191032146,-0.495272883454,2.7168394029,0,10.3696820661,0.00990791338532,0.0646750692546
1218,0.0744624704703,0.209193145226,-0.624394327325,2.70415107042,0,5.47165293268,-0.00826932628749,0.06050169093
1219,0.08528497196,0.194503259046,-0.502335246734,2.70668915478,0,7.39821869086,0.00124276957448,0.0609334987097
1220,0.0763049746731,0.203984689597,-0.625155628655,2.70635049436,0,5.76647924982,-0.00704193893263,0.0603666799486
1221,0.0830659364567,0.19020237865,-0.592678973578,2.70931650706,0,6.96296419541,-0.00178054469103,0.0606531413556
1222,0.0785325076705,0.195068233533,-0.562524140941,2.71274964873,0,6.14018023695,-0.00603988763918,0.0644915724182
1223,0.0798770314382,0.203565217404,-0.57003509043,2.72321510484,0,6.37526434356,-0.00306723715141,0.0591169888899
1224,0.0972956888082,0.197066954803,-0.498642176965,2.69879360056,0,10.1807437826,0.0122515492176,0.0619003243336
1225,0.081457876222,0.195798898706,-0.474646200125,2.69869251717,0,6.66119229008,-0.00384490633213,0.0560840394289
1226,0.0777402325886,0.201921581576,-0.563219316377,2.7077669076,0,6.00504605273,-0.00543392658221,0.058025505237
1227,0.0905134444658,0.194171891241,-0.464237724141,2.699695757,0,8.51608127545,0.00512760267492,0.0573938186062
1228,0.0814368261594,0.182870995586,-0.50053478736,2.70767323224,0,6.65731587128,-0.0056053806066,0.0609025657297
1229,0.0927264867153,0.197102306768,-0.477553220657,2.71259960853,0,9.03115502774,0.00780689496679,0.0633724828922
1230,0.0849710672364,0.185175038219,-0.49834197836,2.70242906901,0,7.33528720477,-0.0012093008623,0.0631715308938
1231,0.11760217359,0.186734128776,-0.494115579826,2.70343954468,0,17.0108530646,0.029004829026,0.0612068016218
1232,0.0747267781423,0.200130710668,-0.609728270665,2.70944572009,0,5.51317376044,-0.00958514015156,0.0595584256168
1233,0.0675580493508,0.195064259802,-0.522620357886,2.71362669683,0,4.47290427153,-0.0161030750595,0.0670994383007
1234,0.085604337251,0.190511850382,-0.500218918153,2.70500373424,0,7.46271364209,-0.000154434633404,0.0627384209017
1235,0.0673008941992,0.189200071736,-0.486552011058,2.70871305511,0,4.43872910772,-0.0174257470502,0.0652697204833
1236,0.0735659452295,0.203340563003,-0.561682810748,2.70776612795,0,5.33270265615,-0.00897231881475,0.0627782792121
1237,0.0783735867436,0.192045054651,-0.485940937819,2.70959835702,0,6.11287452601,-0.00630617873182,0.0591791439571
1238,0.102094015845,0.196767249116,-0.562367409616,2.71265860637,0,11.5239851792,0.0161017533341,0.0627182433061
1239,0.0812422310418,0.196819349261,-0.619798484349,2.70598440063,0,6.62156991075,-0.00337678795745,0.0601133486757
1240,0.0917695562826,0.199448500986,-0.584413902735,2.71517036609,0,8.80522755671,0.00698614303934,0.0608289225536
1241,0.0750514886255,0.185522114611,-0.512540741281,2.7020051981,0,5.56453414403,-0.0107570409423,0.0603862882139
1242,0.0689095716217,0.199212845207,-0.624154735099,2.71368996134,0,4.65593922539,-0.0159493607123,0.0645049024009
1243,0.0840319945917,0.187409702587,-0.486603515113,2.70694509782,0,7.14971795692,-0.00226853326857,0.0543392097403
1244,0.0864864570845,0.184410980418,-0.497255478544,2.70794392517,0,7.64333933256,-0.000262203528168,0.0562408817998
1245,0.0836792909406,0.196838608251,-0.527224827512,2.72157746103,0,7.08105203326,-0.00253320620124,0.0577823987926
1246,0.116306000383,0.18863692831,-0.433403481876,2.69697772668,0,16.4755217213,0.0289480252876,0.062126661179
1247,0.0640036619927,0.201725595714,-0.594016158031,2.72770435608,0,4.01831678191,-0.0198358770641,0.0605662360865
1248,0.111517307062,0.188704745595,-0.457908087524,2.70922825178,0,14.6273312799,0.0241628298154,0.061779037877
1249,0.0868010320061,0.205196822804,-0.597275657527,2.71346221602,0,7.70864490301,0.00292756401365,0.0599526818448
1250,0.0752044549228,0.209391680667,-0.649097181029,2.71323079376,0,5.58886398566,-0.00692898677122,0.0634243448778
1251,0.0741669067265,0.194232345555,-0.543671164366,2.70954902947,0,5.42552344271,-0.00998199800543,0.0565601808613
1252,0.0786533126368,0.201180967158,-0.554395342541,2.71691910501,0,6.1610042846,-0.00533812389284,0.0606060558274
1253,0.07734800703,0.187518357404,-0.511819376273,2.70330500473,0,5.9390596466,-0.00787271246285,0.0529030865043
1254,0.0893188675032,0.197024692173,-0.572461927281,2.7083755823,0,8.2487179484,0.00509669554772,0.0609918297026
1255,0.0939364221719,0.207476482112,-0.618423647702,2.71435030466,0,9.32398857614,0.00949127331091,0.0617915114174
1256,0.0747392438324,0.190438801039,-0.492680073634,2.71072703129,0,5.5151383422,-0.0103891411479,0.0654993139732
1257,0.0672984312501,0.206280250825,-0.539477515154,2.71954704114,0,4.43840278323,-0.0150189199616,0.0654691152168
1258,0.0777171851025,0.188281574638,-0.468762711171,2.70561653979,0,6.0011520112,-0.00845962009521,0.0595274220393
1259,0.080594621007,0.196466686347,-0.554704257574,2.71254261855,0,6.50375969677,-0.00426234207592,0.0581897714045
1260,0.0689224044729,0.204834662232,-0.593690137513,2.71248570399,0,4.65770505307,-0.0140753262538,0.0600100684939
1261,0.0782344670644,0.204529600544,-0.653226799187,2.7096842825,0,6.08905350024,-0.00528488027378,0.0681911057736
1262,0.0713787479441,0.210350986324,-0.652575898825,2.70883856745,0,5.00564561761,-0.0109327433989,0.0706737434427
1263,0.0933422403975,0.205354385374,-0.586826521732,2.71098369833,0,9.17916976515,0.00953678854303,0.0621027242629
1264,0.0799214086083,0.201212578963,-0.572417109706,2.71061900446,0,6.38314898997,-0.00367529268858,0.0578070196486
1265,0.0770555371937,0.184377892128,-0.474520899031,2.70268490261,0,5.89024515301,-0.00927354122486,0.0675214553149
1266,0.0697891169548,0.19467499206,-0.56133998479,2.71107012757,0,4.77820132147,-0.0145623536823,0.0564209835272
1267,0.0808808559332,0.196764562848,-0.602732482111,2.70579181002,0,6.55561267243,-0.00359094818772,0.0615973082141
1268,0.0898800473,0.187217112373,-0.502480303201,2.70967105286,0,8.37340578629,0.00425465142883,0.0637208571356
1269,0.0788188973346,0.189732335171,-0.535727871067,2.70587126468,0,6.18964224569,-0.0058895996652,0.0589466523579
1270,0.055241574151,0.201194696014,-0.604141166887,2.70851217875,0,3.04744716012,-0.0281246235291,0.0574956885038
1271,0.0812489642617,0.197946800759,-0.534758148008,2.71242416624,0,6.62280407868,-0.0031867826071,0.0583040153165
1272,0.104828713163,0.198303850398,-0.454025320618,2.69892855879,0,12.3575876529,0.0196973042689,0.0623568687051
1273,0.0986544727017,0.194776710824,-0.561696474278,2.70503657601,0,10.5463645807,0.0134362529671,0.0629408905792
1274,0.0566655582514,0.209508544229,-0.635466552777,2.71392769957,0,3.19188267669,-0.0253817561129,0.0628533933546
1275,0.0591879338242,0.193920927534,-0.561231792091,2.707366824,0,3.45997914424,-0.0237958113356,0.0617824914638
1276,0.101575453365,0.183452244932,-0.483958204749,2.70298300476,0,11.3716610021,0.0136669485219,0.0589674185316
1277,0.0982788413504,0.197127408609,-0.567536318033,2.70358632666,0,10.4441560557,0.0131142349176,0.0600776574035
1278,0.0792093039902,0.199858756956,-0.617350650307,2.714594438,0,6.25759985032,-0.00317340634109,0.0621079117862
1279,0.072887260676,0.191862739898,-0.499236457961,2.71210279212,0,5.22942740287,-0.0125023310567,0.0601596436344
1280,0.0809244776424,0.189770018583,-0.528145890636,2.70701096532,0,6.56354516856,-0.00466149958583,0.0559889776449
1281,0.0784263379802,0.203216596823,-0.606254771097,2.71823191648,0,6.12192706405,-0.00495543084201,0.0666023678674
1282,0.0963721868281,0.191887664238,-0.454946242263,2.71800371607,0,9.93863046089,0.00932615814655,0.0591308093035
1283,0.0745249845718,0.19688926597,-0.570953982653,2.72632881538,0,5.48145040565,-0.0089346626764,0.0604415279078
1284,0.0780850732819,0.186820502138,-0.433111475779,2.69388459016,0,6.06355869167,-0.00742287224127,0.0675388006619
1285,0.0973908436372,0.195180560888,-0.527292444019,2.71036346716,0,10.205981201,0.0121201347749,0.0611284057098
1286,0.0704822072382,0.195283253936,-0.574816921084,2.71698248197,0,4.87633132298,-0.0143117294375,0.0620919465896
1287,0.0763032042946,0.187374018986,-0.538638467211,2.70925400995,0,5.76618986163,-0.00997283844702,0.0630066091509
1288,0.107340638899,0.183784897604,-0.464606236203,2.71527091241,0,13.1700969547,0.0189145502071,0.0570256452482
1289,0.0804130008289,0.197934703973,-0.543796698389,2.71285378997,0,6.47103585955,-0.00435637819665,0.0636834792641
1290,0.0778168066838,0.196550230074,-0.598281511977,2.71006727488,0,6.01799876645,-0.00793224917642,0.0576962867402
1291,0.10068237073,0.181608560458,-0.507882836959,2.71180057078,0,11.1134906164,0.0126749971968,0.055192177373
1292,0.08643910257,0.191763452884,-0.468111479907,2.69386016217,0,7.63354943281,0.00193836705141,0.0607186747466
1293,0.10088364263,0.200866336594,-0.483576981827,2.70256513904,0,11.1712177139,0.0161464386491,0.0588335920664
1294,0.0817558572302,0.19516518948,-0.589644249346,2.71002211002,0,6.71626902113,-0.00346174521724,0.0607530975335
1295,0.0752273717023,0.194969054466,-0.499491296104,2.70711787885,0,5.59251644177,-0.00975328146541,0.0606272529415
1296,0.0874718030721,0.195130095328,-0.558789086277,2.6989685292,0,7.84948471746,0.00323117336271,0.0589418629524
1297,0.0891669609558,0.200062472488,-0.588951997454,2.72733456566,0,8.21524127276,0.00417116660798,0.0623594304803
1298,0.0935642891798,0.189355212081,-0.477303721252,2.69423578501,0,9.23305922273,0.0077295637282,0.0590399683456
1299,0.101225838894,0.190884132217,-0.48767139724,2.7127777103,0,11.2699712236,0.0143825010226,0.0608101632041
1300,0.0920562126341,0.185451923948,-0.482495766476,2.70670899496,0,8.8723875391,0.00557544352925,0.0547956361894
1301,0.0858107962906,0.196308509427,-0.549820150845,2.72195726147,0,7.50466065239,0.00103995117319,0.0626953735697
1302,0.0845146641374,0.193503735811,-0.4416673528,2.71469174029,0,7.24459600612,0.00039563577959,0.0652572891312
1303,0.0851788497088,0.200807056578,-0.583553561905,2.71428552592,0,7.37689240199,8.58071017179e-05,0.0588586480605
1304,0.0565527078251,0.208242988139,-0.624365370759,2.71207290084,0,3.18025772155,-0.0264507988084,0.0563878712963
1305,0.0858834700611,0.201497563957,-0.625775486639,2.70828062241,0,7.5194735543,0.00190524234035,0.0623836108969
1306,0.0700427572899,0.196886326322,-0.49382704056,2.70597537844,0,4.8139283368,-0.0144824817428,0.0549716221838
1307,0.0839252382111,0.191472399212,-0.562485491791,2.70811537423,0,7.12887516104,-0.00177785394161,0.0595436203456
1308,0.110202028095,0.200927091137,-0.567588016135,2.70741439778,0,14.1535566631,0.0241758946022,0.060277778235
1309,0.0838561331037,0.196633391252,-0.518190974339,2.70800594523,0,7.11541062473,-0.00181911550017,0.058562900818
1310,0.11173436117,0.194003393258,-0.455371169672,2.71223142325,0,14.7068726983,0.0246122012753,0.0635338162293
1311,0.0717921706445,0.194297451053,-0.571910586617,2.70641956843,0,5.0661941402,-0.0119887942222,0.0573044117763
1312,0.0678298630046,0.197722074842,-0.61845129438,2.72182014791,0,4.50925195488,-0.0158757823532,0.0645172122715
1313,0.0909694774263,0.186165267609,-0.517565989437,2.70399956002,0,8.62009521029,0.00401895615818,0.0571353516126
1314,0.0865914339487,0.20570124313,-0.570659051567,2.71150251255,0,7.66507994101,0.00449130527414,0.0705719791995
1315,0.0730532716367,0.19216513319,-0.587038457108,2.70452560429,0,5.25453859239,-0.0104627192137,0.0568226112904
1316,0.106530888792,0.201280709721,-0.627339950304,2.7083195678,0,12.9031199111,0.0209520047076,0.0632196307484
1317,0.117988970514,0.194156295369,-0.510568362281,2.71313351226,0,17.1736350543,0.029842469233,0.0639825698613
1318,0.0692359982048,0.195081895186,-0.526247920325,2.71551351565,0,4.70102134251,-0.0160982553486,0.0667337858938
1319,0.0935094254591,0.198708699082,-0.573767799142,2.71116527772,0,9.21971877847,0.00803220594688,0.0570968729584
1320,0.0905553807889,0.192971265405,-0.518735918047,2.71001768725,0,8.52560095808,0.005319633101,0.0601748086405
1321,0.0783674324517,0.197836448326,-0.534544125393,2.71371133426,0,6.11181912082,-0.0058173612069,0.0591840878781
1322,0.0924597706616,0.194027799222,-0.480953962323,2.7127832969,0,8.9676862278,0.00759443304856,0.0566929000646
1323,0.0944915786446,0.185728738287,-0.454790907452,2.70767949439,0,9.46108452622,0.00646321221317,0.065216071597
1324,0.0884709528091,0.188416929626,-0.587788291979,2.71834493252,0,8.06334140296,0.00211325900216,0.0608396615495
1325,0.0746161862841,0.196179698326,-0.604816217428,2.71426650124,0,5.49576950657,-0.00946991730355,0.0658558186141
1326,0.0894558241232,0.19487728873,-0.542063591775,2.70982326202,0,8.27900022142,0.00464493962941,0.0674939622709
1327,0.0929659678533,0.206073271262,-0.606492218374,2.71440605146,0,9.08847385102,0.00840938919095,0.0606305433142
1328,0.0888022740093,0.194405139987,-0.484759659911,2.71434638248,0,8.13534767873,0.0030688083622,0.0598230161261
1329,0.0855209628656,0.212935684979,-0.614862746059,2.70669335263,0,7.44583062557,0.00330820536822,0.0651825486588
1330,0.0951851640094,0.195679586979,-0.496304888839,2.70585008563,0,9.63482644255,0.00921787323213,0.0575871110318
1331,0.102082272558,0.18954450339,-0.518419601944,2.71233344534,0,11.5205157986,0.015036472091,0.058362322154
1332,0.0731197194031,0.192865070034,-0.472572999621,2.70171481845,0,5.26461688154,-0.0110303901315,0.0660752653248
1333,0.108836075877,0.189888601081,-0.516152644674,2.71032267376,0,13.6761603435,0.0201804948831,0.0586385313563
1334,0.100770273387,0.183998061911,-0.569065906993,2.71149013194,0,11.1386696549,0.0127677487221,0.0586701767413
1335,0.0894399518923,0.195558148891,-0.563779587658,2.71255943802,0,8.27548585814,0.00473187772077,0.057534424334
1336,0.0839625984613,0.198385957345,-0.486856564164,2.70401510484,0,7.13616342763,-0.000780325701632,0.0638315730546
1337,0.052654473499,0.209090447623,-0.618887285673,2.70440539785,0,2.79719026701,-0.0284328627589,0.0572135471821
1338,0.0844831273953,0.192857106538,-0.536511767256,2.71249364355,0,7.23836455593,-0.000698262101379,0.0597030486439
1339,0.0873988562126,0.201318578536,-0.606428963486,2.70990803286,0,7.83406278979,0.00344773003205,0.0632153833372
1340,0.0816626220907,0.187809840279,-0.56973920518,2.708987779,0,6.69899529233,-0.00446304800811,0.0637505871261
1341,0.0737281973213,0.195508689172,-0.580183502153,2.71049027475,0,5.35763525831,-0.0106534123631,0.0583814621189
1342,0.109338422131,0.193664828028,-0.518396315264,2.70355804164,0,13.8500228642,0.0235657789932,0.0568615332819
1343,0.0706776519814,0.188685039899,-0.501178604605,2.70714087424,0,4.90429141189,-0.0145610960855,0.061106816864
1344,0.0736129620279,0.189790704549,-0.489287327801,2.71321817923,0,5.33991784024,-0.0104400755302,0.0616518223022
1345,0.0943120561634,0.205918017712,-0.620482464112,2.70815629489,0,9.41656104464,0.0098174705038,0.0671877339811
1346,0.0929418374072,0.198933326431,-0.562406268658,2.72239107114,0,9.08268409128,0.00788474182565,0.0609131005321
1347,0.0919441034756,0.193335695872,-0.538497282553,2.70434400865,0,8.84606927291,0.00634635441717,0.0615872649369
1348,0.06862415855,0.206853859789,-0.634013270007,2.71836646568,0,4.61680246176,-0.0134647786656,0.0666749754099
1349,0.0950573781486,0.192196128191,-0.455715013166,2.70888289046,0,9.60260918648,0.00973061559953,0.0643891898228
1350,0.0739075158203,0.198945517189,-0.623099075952,2.71872862887,0,5.38530018301,-0.0102529851168,0.0545801107967
1351,0.0850729687533,0.184493082037,-0.47544275864,2.70740802797,0,7.35566650429,-0.00167627720468,0.0614706505321
1352,0.0786811555313,0.198239924056,-0.539033081488,2.71231545173,0,6.16581204471,-0.00584444421133,0.0581667714731
1353,0.0693687265431,0.186924191366,-0.472853550256,2.70269479361,0,4.71945082041,-0.0160809363215,0.0629683170673
1354,0.0884773503164,0.187579506113,-0.538570486657,2.70713930753,0,8.06472659634,0.00255009517852,0.0631776838935
1355,0.0668459486042,0.187566008536,-0.53137494858,2.71006911929,0,4.37877018602,-0.0183805351863,0.0617551943878
1356,0.0655348926094,0.20714945498,-0.641177557109,2.71162623904,0,4.2095152349,-0.017161692908,0.0670199217334
1357,0.0817095530953,0.193105959518,-0.501861676163,2.70928255908,0,6.70768557424,-0.00258032337026,0.0616426765684
1358,0.0960102589211,0.194992616077,-0.592655603716,2.71366610757,0,9.84512605408,0.00960733009627,0.0602299943362
1359,0.100393918737,0.187541069072,-0.60853362314,2.70789835214,0,11.0312180675,0.0128472338691,0.0610927996413
1360,0.104540618606,0.196294801341,-0.613468086366,2.70823829443,0,12.267316428,0.0183075198533,0.0595392529731
1361,0.106038876966,0.183170070725,-0.41709097849,2.69877059961,0,12.7432714715,0.0178569997271,0.0664845551466
1362,0.0760758751389,0.200524935833,-0.618118796692,2.70931646012,0,5.72912907332,-0.00826576804055,0.0590193594832
1363,0.0790907796207,0.203844422642,-0.593542558546,2.71365783985,0,6.23690343734,-0.00404672866651,0.0584687294943
1364,0.107037314704,0.21216226,-0.606850850843,2.70780787694,0,13.0695176911,0.0215874489055,0.0658306960929
1365,0.0752157652496,0.188606331703,-0.587918950193,2.71344256381,0,5.59066637233,-0.0107251358801,0.0630735521701
1366,0.091628649164,0.196203165664,-0.530384907462,2.71573427468,0,8.77237604778,0.00481184679319,0.0596526234283
1367,0.0855278704563,0.18961656193,-0.491136524134,2.70316960376,0,7.44722815677,-0.000668824221622,0.0576175256117
1368,0.0551480226873,0.20050305679,-0.587756902237,2.71638820329,0,3.0381276117,-0.0282786306929,0.0599361234613
1369,0.0887433211815,0.202892276107,-0.59740866046,2.72096809721,0,8.12249531539,0.00379612472481,0.0585455095701
1370,0.0734950916073,0.202634115006,-0.634619347501,2.71137826924,0,5.3218443926,-0.0100926551142,0.0580442834698
1371,0.0963554014903,0.204326302277,-0.586497704746,2.71110976886,0,9.9342768649,0.0130474998512,0.0658074612139
1372,0.097629554161,0.186149823905,-0.524604488285,2.71695178373,0,10.2695344456,0.00967155623331,0.0595909064131
1373,0.0810620397849,0.211250970115,-0.64261757947,2.71192075084,0,6.58861297092,-0.00164521878818,0.0677315246912
1374,0.0528341486222,0.199390756091,-0.560177321544,2.71163306278,0,2.81407863251,-0.0307233827122,0.065496731044
1375,0.0992471762401,0.206717471349,-0.595746769108,2.71721870877,0,10.7094253427,0.0160387050812,0.0667478531092
1376,0.0906257559528,0.19734758657,-0.615203929078,2.70453069781,0,8.54159693141,0.00646614782003,0.0660013636381
1377,0.0989535850407,0.187556638769,-0.562674798564,2.70612241913,0,10.6283796096,0.0118899711597,0.0608332656522
1378,0.0921539939819,0.188612655276,-0.473652472448,2.71405579304,0,8.89539748588,0.0062689765073,0.0515432652321
1379,0.0844593715293,0.196586913287,-0.61822079307,2.70984412684,0,7.23367354583,0.000704304752115,0.0650626394939
1380,0.0999197138654,0.183040002542,-0.481786794632,2.69977315826,0,10.8971313257,0.0126211978837,0.0531666994564
1381,0.0764142155912,0.195668424853,-0.55789900705,2.70596038038,0,5.78435894376,-0.00775096690525,0.0581548056958
1382,0.0698683787969,0.194641427874,-0.554984141346,2.70520045914,0,4.78934316768,-0.0155056921382,0.0587778879381
1383,0.0924978604063,0.191481559478,-0.503473737951,2.69967750274,0,8.97672652023,0.00711982295387,0.0593090256516
1384,0.0890014852989,0.198330950456,-0.567483494653,2.72096833112,0,8.17890687379,0.00414257463231,0.0599419161357
1385,0.107930240788,0.191891062499,-0.486294908624,2.71250686901,0,13.3675846338,0.0198384740927,0.0586697631932
1386,0.104199832769,0.20148891762,-0.569633775046,2.71741812373,0,12.1612922193,0.0180060811048,0.0624022616813
1387,0.0972809762439,0.196365855065,-0.613085607929,2.71766064972,0,10.1768465276,0.0111013884007,0.0627289857357
1388,0.0840700203752,0.195838558494,-0.44527687854,2.6997559755,0,7.15715440094,0.00027299867324,0.0647397353041
1389,0.0843145652769,0.194847540053,-0.548930523302,2.71082591196,0,7.20513452087,-0.00126391991121,0.059426828079
1390,0.0651522257773,0.18841415242,-0.482379115601,2.71013316563,0,4.16108705117,-0.0193026997703,0.0683781830757
1391,0.0778668441867,0.199687400558,-0.63457270382,2.71104598035,0,6.02647518197,-0.00484430419714,0.0645460566625
1392,0.0637462044119,0.195665465702,-0.516646589404,2.70868389853,0,3.98683902691,-0.0207660320155,0.0595111987769
1393,0.0835421724138,0.185240320246,-0.478103516243,2.70378408778,0,7.05450764619,-0.00219949115922,0.0598322578702
1394,0.0812709528314,0.19652974276,-0.52415118598,2.710064875,0,6.62683581997,-0.00340724283797,0.0593842990407
1395,0.100659563525,0.184449185267,-0.464623996938,2.7071275071,0,11.1069658782,0.0134117710033,0.0561881498236
1396,0.100546618474,0.193848081535,-0.541807134516,2.70848647728,0,11.0747040686,0.0158941370179,0.0619158331953
1397,0.0645737862919,0.202676274275,-0.503258303693,2.70623058748,0,4.08870378051,-0.0183498725525,0.0606850008157
1398,0.0800510031381,0.199838629445,-0.584499100666,2.72432242137,0,6.40622092391,-0.00303907271435,0.0622948085508
1399,0.111354260861,0.203102043593,-0.610008984296,2.71554453097,0,14.5678364366,0.0247681646823,0.0658348868357
1400,0.0930967232845,0.193867276163,-0.554320549955,2.71565785155,0,9.11990240561,0.00747776533758,0.0593527470007
1401,0.0842864448725,0.194528705554,-0.539251506541,2.72040392312,0,7.19960347319,-0.000949418231478,0.0541817149307
1402,0.0961197184034,0.204821334908,-0.580337728067,2.71602057935,0,9.8733236368,0.0107743929361,0.0570245185241
1403,0.117267738755,0.195195383208,-0.531868659467,2.71537921559,0,16.8712384019,0.0294317537718,0.0569767853201
1404,0.0735251226067,0.193470039095,-0.519726108615,2.7069625591,0,5.32644443274,-0.0102309620439,0.0617563212906
1405,0.0710798846539,0.202038507209,-0.590823742001,2.71181598699,0,4.96223741775,-0.0111661777187,0.0640949891991
1406,0.067282066222,0.195628828719,-0.553688911937,2.70874794675,0,4.43623500313,-0.01776808249,0.0648465001776
1407,0.0895500254751,0.196724385133,-0.50978121218,2.70513430022,0,8.29988425603,0.0049963102845,0.0632041734182
1408,0.0591595156078,0.191283458899,-0.555385883603,2.70867320259,0,3.45686880915,-0.0257318439486,0.0563799227054
1409,0.0675234621833,0.206518701902,-0.55962810897,2.71521201935,0,4.46829574935,-0.0146291953538,0.0567961603889
1410,0.0829987159535,0.192180197563,-0.541803590937,2.70755420219,0,6.95012372526,-0.000628616686699,0.0611399654579
1411,0.078420119739,0.197789844745,-0.478150619908,2.70359121867,0,6.12085938798,-0.00553265715897,0.0583588160697
1412,0.0790911121519,0.196704076612,-0.556457765898,2.71216923966,0,6.2369614236,-0.00712975967876,0.0628340737614
1413,0.082351232562,0.196987138224,-0.53498983858,2.6977697569,0,6.82745653644,-0.00239025938821,0.0593037847146
1414,0.106041067416,0.197729853882,-0.533110390424,2.72219581606,0,12.7439791892,0.0194769833565,0.0633343954042
1415,0.0951635627727,0.188851444891,-0.551471219445,2.70442643848,0,9.62937375506,0.00943557927231,0.05636982473
1416,0.074863241496,0.197388436261,-0.534651553589,2.71086201569,0,5.53471131276,-0.00912188681039,0.0607497727576
1417,0.114588893254,0.191654201565,-0.540656271098,2.71044104953,0,15.7898564799,0.0260705367439,0.0582680086928
1418,0.0714720739782,0.195691802961,-0.56312828011,2.70434677527,0,5.01926284469,-0.0124659603303,0.0549623990608
1419,0.0845201176017,0.204636716195,-0.548783907601,2.71343780359,0,7.24567403388,0.00217570352617,0.0607893055616
1420,0.0845129422018,0.200784267026,-0.566595287543,2.71490303229,0,7.24425564618,0.000449980739054,0.0593419500339
1421,0.0597198538347,0.203360992931,-0.587162645282,2.71648064011,0,3.51858366941,-0.0221126754961,0.0665672737932
1422,0.0909695647458,0.210127522303,-0.607249687551,2.70200649736,0,8.62011523078,0.00829938073022,0.0648392699363
1423,0.101082220966,0.196723085759,-0.538682056726,2.70997412689,0,11.228431447,0.0150839633842,0.0577828624038
1424,0.0882043683048,0.193301020893,-0.529224460513,2.70852584926,0,8.0058009158,0.00275525398894,0.0586398830776
1425,0.0500321701491,0.195642314488,-0.48827811683,2.69991358941,0,2.55874403126,-0.0345003769474,0.0652159921163
1426,0.0798339056113,0.185504771896,-0.512661968441,2.70567047093,0,6.36760978517,-0.00598706021929,0.0630271831917
1427,0.10430200203,0.203558114841,-0.571823149073,2.71146494312,0,12.1929929836,0.0186938127401,0.0629513916504
1428,0.0924510374242,0.196178351983,-0.54273436156,2.70353490912,0,8.96561457493,0.00874646746086,0.0649743855824
1429,0.0775136446429,0.190858274403,-0.558663005869,2.70249029349,0,5.96685259947,-0.00783113648563,0.0581474158382
1430,0.0917492034623,0.199814909413,-0.620628027807,2.71894384206,0,8.80047588637,0.00668074840211,0.0672178991227
1431,0.103770188618,0.187442169564,-0.521989395334,2.70550662042,0,12.0287833354,0.0164432252223,0.0577406790864
1432,0.101932323108,0.19067461182,-0.501039189086,2.71359574437,0,11.4762966066,0.0152334199942,0.0564790099433
1433,0.0979173145843,0.201859311861,-0.62794714694,2.70444172347,0,10.3466072928,0.0126711782855,0.0641720110575
1434,0.0683664205975,0.195142081688,-0.528881810999,2.71494799689,0,4.58168445119,-0.0165161344844,0.0573003757328
1435,0.0775571048747,0.195763547933,-0.597464627911,2.72193418527,0,5.97416266183,-0.0079800676873,0.0561518342162
1436,0.0826115058514,0.195344541042,-0.608846068747,2.71838628763,0,6.87654555172,-0.0018646853189,0.0576586065572
1437,0.0842446244445,0.194659136081,-0.520158884362,2.71492495574,0,7.19138437574,-0.00199324698843,0.0571195370723
1438,0.0853817188347,0.196159917804,-0.602406190183,2.70442537047,0,7.41770639088,0.000711916222037,0.0654071740266
1439,0.0955454214911,0.196618183242,-0.486317153276,2.69938001585,0,9.72616180339,0.0115255734448,0.0605953586741
1440,0.101475112503,0.193069930233,-0.490231012978,2.70690022757,0,11.3423929805,0.0153901754353,0.0604717227963
1441,0.0853246748237,0.192149263387,-0.428425015274,2.69521817331,0,7.40621077518,-0.000152068984113,0.0607822871108
1442,0.106881831281,0.197749678294,-0.62751109431,2.70995260252,0,13.018227426,0.0211843932786,0.0585181424737
1443,0.0760785704834,0.19499808548,-0.527518413251,2.70940521062,0,5.72956734161,-0.00781850198328,0.061194560833
1444,0.0657638903591,0.189922756636,-0.470208140779,2.69753490538,0,4.23870457412,-0.0203417847412,0.072831313325
1445,0.0651578773565,0.198390879955,-0.502018552029,2.70842875301,0,4.16179912388,-0.0178387144761,0.0567936194764
1446,0.0672192947302,0.189567164259,-0.541160519461,2.71469420635,0,4.42792773161,-0.0172334178698,0.0575765100974
1447,0.0818328250363,0.199212375523,-0.480970012355,2.7034152934,0,6.73055696551,-0.00301428967715,0.0569762117915
1448,0.121685765404,0.191889204338,-0.499247379173,2.6981851443,0,18.8024849736,0.0343871297265,0.0585043442347
1449,0.0799606542879,0.186685574624,-0.488766920825,2.70430148032,0,6.39012865945,-0.00573382174484,0.0602582688196
1450,0.0917370340282,0.193762283358,-0.540588675057,2.72713867141,0,8.79763580773,0.00438481808793,0.0628749145132
1451,0.0745976390409,0.192828850198,-0.51908107089,2.71002005071,0,5.49285503978,-0.0111719476524,0.0573191289616
1452,0.0729627278784,0.20023492487,-0.539494872867,2.70517900552,0,5.24083069967,-0.00885031961142,0.0646399805562
1453,0.0661262494398,0.194334304468,-0.535363165884,2.70168603266,0,4.28521445383,-0.0169790236706,0.063362150115
1454,0.0736154869833,0.197497996892,-0.524939401629,2.71852463304,0,5.34030554272,-0.0113895609236,0.0560651508745
1455,0.0747538351696,0.205045016909,-0.563744375302,2.71561264582,0,5.51743864787,-0.00736897673422,0.0633503313109
1456,0.0745295240897,0.186652011932,-0.4971752391,2.69563869124,0,5.48216241315,-0.0111386185857,0.0585677752577
1457,0.0943952450558,0.186210622466,-0.515292539581,2.70120411437,0,9.43717007207,0.00770624362766,0.0602047202486
1458,0.0858801323681,0.195600946013,-0.554215502547,2.70224053477,0,7.518792698,-0.00147432873176,0.0572173331114
1459,0.104304377462,0.197293100319,-0.579152351198,2.70688464927,0,12.1937308981,0.0181487984568,0.0654604601827
1460,0.064900297686,0.194256699731,-0.526791903415,2.70677524771,0,4.1294410534,-0.0180255426261,0.0647727471519
1461,0.0973207303075,0.203867643357,-0.501910218366,2.70463555201,0,10.1873801048,0.0138007147722,0.05996268128
1462,0.0896998809147,0.205093280785,-0.635111768158,2.70982710609,0,8.3331997279,0.00426945739318,0.0610232728348
1463,0.0789756078594,0.203022215511,-0.560570630996,2.70299106005,0,6.21684681996,-0.0040508692715,0.0592525287277
1464,0.0883821001092,0.193089013316,-0.557315851852,2.71924884623,0,8.04412397642,0.00374458281809,0.0618682971357
1465,0.0743096955578,0.19230385403,-0.556227408159,2.70658278887,0,5.44776929439,-0.00971158983718,0.057221006261
1466,0.0884801339143,0.200873410424,-0.510800767729,2.71150511852,0,8.06532936674,0.004482834775,0.0592431674071
1467,0.0913063905224,0.196807289944,-0.510407054519,2.71008835732,0,8.6976410242,0.008013379235,0.0582066201833
1468,0.0747243237377,0.198433513504,-0.579529980919,2.7029634874,0,5.51278701557,-0.00852880902673,0.058408964429
1469,0.0991118847262,0.186875644069,-0.51643638901,2.70540065189,0,10.6720109279,0.0117194524719,0.0567642380777
1470,0.0666877771955,0.209494842327,-0.624706292562,2.71429779471,0,4.35807350163,-0.0148075507038,0.0661114963596
1471,0.0871887915318,0.195150451278,-0.591444618387,2.70743864629,0,7.78979656943,0.00221533114638,0.0594903984813
1472,0.069893480943,0.190474458147,-0.478949901221,2.70913824395,0,4.79287608433,-0.0145312955865,0.056078494103
1473,0.0712978504846,0.189084686331,-0.455561874831,2.69961152482,0,4.99386581821,-0.0145985679152,0.0594013307902
1474,0.079352560649,0.187108745765,-0.52678062322,2.71252053158,0,6.28269092091,-0.00696532500663,0.0580913064678
1475,0.0957907864339,0.193147663682,-0.51197447107,2.72229504922,0,9.78879997382,0.00848898401222,0.0616698733897
1476,0.0706171577089,0.201729985818,-0.594125570217,2.71463487563,0,4.89562353358,-0.0115135568058,0.065619880314
1477,0.0717676181134,0.201045376296,-0.584306784354,2.70504207066,0,5.06258192308,-0.0120735853714,0.0594551596667
1478,0.0730881669525,0.199559604482,-0.567410525968,2.71556789043,0,5.25982930167,-0.0116681286855,0.0609669328056
1479,0.0835317711433,0.191632290759,-0.465336096219,2.70885663096,0,7.0524975184,-0.00150488095224,0.0603673872305
1480,0.114685399702,0.185785465666,-0.46767744214,2.70255934049,0,15.8276968135,0.0262796848094,0.0605215704574
1481,0.0935605303411,0.197796509588,-0.540440287468,2.70929723841,0,9.23214470441,0.00925447106767,0.0657163721879
1482,0.0828724148586,0.199800305089,-0.619902368406,2.71274911123,0,6.9260514984,-0.000323772555554,0.0584517911939
1483,0.0821544421778,0.201997550023,-0.648757565686,2.70559852912,0,6.79053619009,-0.000952789936749,0.0584847847532
1484,0.0764272977227,0.195534351311,-0.600587318385,2.71022649898,0,5.78650316749,-0.00835779071636,0.0625258123933
1485,0.0808849321505,0.199758522309,-0.530917057847,2.70386794543,0,6.55635358315,-0.00334571645289,0.0597788949017
1486,0.0934801432386,0.195358620314,-0.501443478362,2.71499844458,0,9.21260547622,0.00826863941905,0.0626742883856
1487,0.0715850580744,0.189832538915,-0.502520476138,2.70370703268,0,5.0357881145,-0.0134468710996,0.058718916964
1488,0.104699001437,0.207350494459,-0.634337106473,2.71312790789,0,12.3168710743,0.0195133388548,0.0642798561577
1489,0.0839560298099,0.188270564691,-0.510650150157,2.70306218324,0,7.13488155493,-0.00148698877394,0.0604015852573
1490,0.0963596696682,0.189890505483,-0.499063429863,2.71182481001,0,9.93538373986,0.00817519970425,0.0565515956658
1491,0.0758891717149,0.194112722745,-0.558607167784,2.70633365217,0,5.69883743264,-0.0101269805602,0.05652299707
1492,0.0846639512509,0.195023285603,-0.606031248917,2.70323304124,0,7.27415570343,-3.01316988425e-06,0.0675062313386
1493,0.0985754147426,0.192846158348,-0.514386934316,2.71156678034,0,10.5247804115,0.0123111131449,0.0555555955857
1494,0.0766596613406,0.197391339939,-0.610326645229,2.71792591064,0,5.82469742474,-0.00676528009091,0.0624900572083
1495,0.0848479063794,0.19211138707,-0.578675255805,2.70692821621,0,7.31072003214,-0.00217623423296,0.058731027507
1496,0.0826088564463,0.189140948326,-0.489290140529,2.715525649,0,6.87604437089,-0.00181949133049,0.0621635542028
1497,0.102643563245,0.193538278554,-0.516889631339,2.7072013892,0,11.6873786639,0.0164562027565,0.0614711677566
1498,0.0822258343226,0.197103055282,-0.5887891601,2.71560512188,0,6.8039108562,-0.00305288104188,0.0627639505268
1499,0.0737561220978,0.195949891622,-0.53118585254,2.70172452008,0,5.36193585156,-0.0101201138393,0.0587030051409
1500,0.0765454386496,0.189578946249,-0.479288933182,2.70803870012,0,5.80589656506,-0.00761227975248,0.0615254595815
1501,0.0832789329045,0.189112477523,-0.516209405091,2.70791563408,0,7.00378264208,-0.00299051068818,0.0604596309925
1502,0.064547665942,0.208533581299,-0.570957127604,2.71982087384,0,4.08545834183,-0.0174449988868,0.0581231639673
1503,0.10486637655,0.18507674268,-0.42457820062,2.70171870256,0,12.3694326168,0.0176051956805,0.0548525782535
1504,0.0880940699926,0.196102788486,-0.579271503655,2.71085068282,0,7.98209663495,0.00283799179821,0.0567890813962
1505,0.0927824501496,0.201848166127,-0.487571943458,2.70255041081,0,9.0445215403,0.0090154261049,0.0579803393819
1506,0.094381015295,0.198223101728,-0.511740860665,2.70432169424,0,9.43364204597,0.0101294152332,0.0595671711384
1507,0.0767834116631,0.193677465112,-0.527261806087,2.71045655488,0,5.84512287506,-0.00771728401923,0.061395202214
1508,0.0698052453225,0.191059178337,-0.507831045796,2.70437587896,0,4.78046681577,-0.0159701603064,0.0569021080169
1509,0.0870726840726,0.186137394413,-0.454989198231,2.70204133275,0,7.76542123925,-0.000101618657029,0.0584627560902
1510,0.0605966174481,0.190816069713,-0.515069858428,2.69978473343,0,3.61680101082,-0.023664496572,0.0691009037751
1511,0.0810869839855,0.194207821686,-0.534642872536,2.71185725274,0,6.59316707407,-0.00411298721428,0.0624882405404
1512,0.0969541317251,0.200068770115,-0.606809731327,2.71687003934,0,10.0906037801,0.0118869787449,0.0593979620197
1513,0.110037620631,0.189170456375,-0.523653777208,2.70199648789,0,14.0953159683,0.0232041810763,0.0559859544062
1514,0.0864711473649,0.198236058337,-0.627440492173,2.71007357854,0,7.64017308988,0.00123624367503,0.0615295551825
1515,0.100669903305,0.185558689176,-0.499211837161,2.71789609046,0,11.1099234878,0.0135921077773,0.0574764001625
1516,0.0860844377379,0.189486896995,-0.534085897874,2.7116375961,0,7.56056553211,0.00114459896759,0.0606026161331
1517,0.0806751760121,0.18723673961,-0.507234679015,2.7030728495,0,6.51831796194,-0.0045690180143,0.0563260877623
1518,0.0906521230635,0.200140943341,-0.585868662897,2.7146393621,0,8.54759671147,0.0050428792923,0.0623756007018
1519,0.075174526715,0.189049979363,-0.447613731728,2.70296209118,0,5.58409698401,-0.0107605967741,0.0585072620842
1520,0.0851499680553,0.188984808925,-0.522461122098,2.71875534161,0,7.37109737584,-0.00188114669966,0.06055211375
1521,0.0734009514063,0.203571230644,-0.607657470726,2.71036722319,0,5.30744516979,-0.0107501004421,0.0568319749432
1522,0.0836227116022,0.190276319489,-0.445434384092,2.71053472593,0,7.07008882198,-0.00148149599456,0.0593378004095
1523,0.0987619861778,0.186777643613,-0.515799235468,2.70785913484,0,10.5757799715,0.0120372684454,0.0530155187287
1524,0.0955233665836,0.190962728898,-0.474028106562,2.69762036134,0,9.72054866021,0.00933809672274,0.0603540452474
1525,0.0766913780626,0.193997705165,-0.498475017624,2.70001276432,0,5.82992679516,-0.00732104822838,0.0600568430061
1526,0.0804480986384,0.196545399083,-0.589560022928,2.70541155665,0,6.47734897335,-0.00333150821011,0.0677783755487
1527,0.0851969385614,0.198236695105,-0.545671802194,2.70504028476,0,7.38052384595,0.00148659571598,0.062265368694
1528,0.0721643996353,0.195064407723,-0.54584997603,2.71416312513,0,5.1212113727,-0.0131842814266,0.0639917472192
1529,0.0921738112831,0.189508391907,-0.510119537903,2.70470177429,0,8.9000671818,0.00605752675257,0.0620550141284
1530,0.0787007734241,0.190327563074,-0.480844741538,2.70231563258,0,6.16920141977,-0.00713718183204,0.061542198429
1531,0.0889709149696,0.187854192013,-0.457527186413,2.69745971749,0,8.17220947085,0.00307696431718,0.0572480495373
1532,0.0860750369251,0.204585596588,-0.628596728756,2.71354297624,0,7.55863910096,0.00226164682244,0.0698522736089
1533,0.0832164497086,0.195512266686,-0.546487562581,2.71841536685,0,6.9917876124,-0.0022836789227,0.0558735471426
1534,0.0886743099587,0.195463371114,-0.581063392701,2.71247777659,0,8.10747220019,0.00292903952929,0.0627278890705
1535,0.093195397539,0.197663829775,-0.53242435485,2.71060841528,0,9.14368219218,0.00892828516295,0.0610152553637
1536,0.0806533986549,0.195760795248,-0.560568206423,2.70927525871,0,6.51437958298,-0.00500939315898,0.0571007280456
1537,0.0936145581459,0.192322393724,-0.573267957638,2.70656797943,0,9.24529712311,0.00771692774889,0.0550735655988
1538,0.0915187162315,0.190424822766,-0.520033083484,2.69705694222,0,8.74681947337,0.00520569675193,0.0630340510504
1539,0.0764072058339,0.204444803749,-0.599649623392,2.70861151622,0,5.78321027918,-0.0081318887916,0.0572818201472
1540,0.0673178835469,0.194361724652,-0.596374718526,2.7035919208,0,4.44098059705,-0.0180878378391,0.0576544233731
1541,0.0991050480205,0.195903719016,-0.562665654493,2.71300651038,0,10.6701233142,0.0124501282596,0.0572248389247
1542,0.0906254949554,0.190170252982,-0.451038388758,2.72049225977,0,8.54153756014,0.00515378058329,0.0565594976991
1543,0.0987436026305,0.193259926977,-0.486941287148,2.71079876312,0,10.5707451817,0.0129779918011,0.0588406667465
1544,0.0628732838138,0.204616687843,-0.608016428194,2.71563803579,0,3.88151932723,-0.0197340168336,0.0645242967525
1545,0.0958825245506,0.19440245187,-0.554380741988,2.70926547068,0,9.81230962058,0.0100339792395,0.0602632915063
1546,0.0860781507558,0.191584884328,-0.493766179566,2.70670938386,0,7.55927714648,0.00171622426456,0.0635114142057
1547,0.0769194006459,0.19911869213,-0.559895513989,2.71659151943,0,5.86763614703,-0.00823703948366,0.0632282742357
1548,0.0906186135818,0.191423570202,-0.460605929258,2.70507556904,0,8.5399723242,0.00580576021844,0.0622747337109
1549,0.0638904169614,0.192193822528,-0.51628166021,2.71302966575,0,4.00444754378,-0.0199760156719,0.0581115461014
1550,0.0736460127646,0.198354218395,-0.498928666997,2.6980132708,0,5.34499452713,-0.00971144434916,0.0625263633785
1551,0.101009133979,0.208504040123,-0.616668706193,2.71778371403,0,11.207343857,0.0163439087143,0.0613860012075
1552,0.0835043826105,0.188758222258,-0.513979098053,2.69510170341,0,7.04720677488,-0.00225757901319,0.0552012473074
1553,0.0904251191096,0.201567174297,-0.579222959247,2.70999016949,0,8.49606104485,0.00690985762199,0.0585112387241
1554,0.105049828405,0.193937140378,-0.472285531763,2.70584796146,0,12.4272719438,0.0183079493753,0.0573639752029
1555,0.0811808438367,0.199047585041,-0.549276819602,2.69913066583,0,6.61032677865,-0.00224740669493,0.0591113601375
1556,0.0861386648018,0.195621104953,-0.572042117064,2.70899939373,0,7.5716859794,0.00137218899983,0.0566324756131
1557,0.093446857227,0.193584670725,-0.492846464806,2.71688737419,0,9.20452534571,0.00689960845057,0.0562470764259
1558,0.0843072901293,0.194785295879,-0.585022707023,2.69739789618,0,7.20370321645,0.000574721933197,0.0607797241625
1559,0.0869224887609,0.199527452146,-0.570386502062,2.70200119745,0,7.73398599161,0.00207286036446,0.0584021529131
1560,0.0543575482955,0.209814463974,-0.595917824886,2.71739108878,0,2.9602004545,-0.0264337893434,0.0633845490151
1561,0.0947435908366,0.195402121538,-0.538934882775,2.70141300879,0,9.52389507751,0.00995233070611,0.0569236986588
1562,0.0737550025578,0.183852186676,-0.514311549182,2.6998373066,0,5.36176338146,-0.0117967214086,0.0581104903901
1563,0.0913446924943,0.196299836505,-0.624275531076,2.70263380654,0,8.70649477524,0.00684084240274,0.0655329481571
1564,0.080325207392,0.199338662539,-0.576350758087,2.7044933527,0,6.45526671289,-0.00347139145789,0.0607977619124
1565,0.0827879198349,0.192509435029,-0.550444709256,2.70836288956,0,6.90998640012,-0.0036466993075,0.0582045783768
1566,0.105032758244,0.19104520499,-0.530737730399,2.71439256058,0,12.421879869,0.0165251257126,0.0616540007152
1567,0.073611175659,0.203174466684,-0.640454202863,2.70533513025,0,5.33964356019,-0.0101192122924,0.0655235524451
1568,0.0815429776726,0.190706067758,-0.634977339882,2.70906800901,0,6.67688316658,-0.00348259722268,0.0649939639332
1569,0.0843822624198,0.19310329744,-0.498408473134,2.70720612259,0,7.21846469899,0.000259571574502,0.0652375948761
1570,0.0835010628655,0.197034981239,-0.514528715668,2.71503473573,0,7.04656571472,-0.000704710433027,0.0583425541805
1571,0.0711987730127,0.188474844585,-0.457813171382,2.705129155,0,4.97946902049,-0.0146604111483,0.0607112274672
1572,0.0864258878063,0.207845066061,-0.610422125426,2.71651883635,0,7.63081936413,0.00335651038542,0.0665975610862
1573,0.089539280151,0.197373714933,-0.555117685899,2.71165160295,0,8.29749978221,0.00396428594654,0.0610612343121
1574,0.082377030195,0.197269849682,-0.533026623402,2.71696121092,0,6.83230895134,-0.0010436091852,0.0647910538093
1575,0.0693498694151,0.19055106159,-0.544891064252,2.71618054162,0,4.71682900034,-0.0157293642299,0.0656298208196
1576,0.0754797391842,0.19290049629,-0.517267983673,2.7023908989,0,5.63286753272,-0.00896510948047,0.0542373858315
1577,0.0643995549199,0.199774677634,-0.514947692606,2.70822742952,0,4.06709323628,-0.0199800315843,0.0618057157477
1578,0.0854457375555,0.197128739962,-0.541986282303,2.70348437354,0,7.43062556421,0.00211827119793,0.0604245724043
1579,0.113969064738,0.185931934559,-0.481683626405,2.70121047261,0,15.5487638709,0.026395253913,0.0575836503573
1580,0.0900575592148,0.190776665785,-0.525997735114,2.71167630325,0,8.41318231908,0.00500014119288,0.0631933099055
1581,0.0904049611664,0.1860305331,-0.517884721489,2.70375917036,0,8.49149763239,0.00378419249872,0.0597722502767
1582,0.0692081862127,0.19796986781,-0.555890705297,2.71054330618,0,4.69716685894,-0.0135427260808,0.0607534397451
1583,0.0835524928101,0.203735914919,-0.569594112794,2.70814799609,0,7.05650262129,0.000326723881092,0.0576811815744
1584,0.102525388455,0.186930418918,-0.429778230467,2.70375411027,0,11.6520704235,0.0154092725741,0.0640747925892
1585,0.0576622084439,0.195803871941,-0.506886068759,2.7128540536,0,3.29590812792,-0.0265790876473,0.0638930217464
1586,0.0967793241331,0.186860976021,-0.454906121723,2.71295804811,0,10.0447412173,0.00945055784691,0.0638926045284
1587,0.0933309830978,0.193569812703,-0.521590507377,2.70472700057,0,9.17644498935,0.00781576699802,0.0557452889979
1588,0.0858018193232,0.198290976423,-0.609396535914,2.70683169737,0,7.50283262031,0.000613556825856,0.0605546185857
1589,0.0912232618516,0.192000663311,-0.482008862142,2.71394532853,0,8.67845199667,0.00610182821517,0.0632063286591
1590,0.0779741420668,0.205093716627,-0.590108952902,2.71259270501,0,6.04468477704,-0.00555510181843,0.0607337802255
1591,0.116061332985,0.188598521476,-0.454122456022,2.70610476849,0,16.3762033103,0.0280008630619,0.0577526628718
1592,0.082080793734,0.205254926212,-0.573332408916,2.70561914778,0,6.77676192446,-0.00115919446519,0.0581274292025
1593,0.120098176273,0.1929685853,-0.486730227463,2.71396479656,0,18.0864769014,0.032367105744,0.0589072722366
1594,0.052374396753,0.201964691888,-0.550105749898,2.71544753855,0,2.77100807615,-0.0308091955459,0.057935247677
1595,0.0771501727345,0.19015006779,-0.5273379038,2.71391279967,0,5.90600398949,-0.00768457494216,0.0604907350275
1596,0.0862859767797,0.190249893542,-0.542590614002,2.72378769351,0,7.60196569239,-0.000412142296799,0.0630858450243
1597,0.0756358748996,0.203599861522,-0.516037078492,2.70164821609,0,5.65795090527,-0.00641527447057,0.06151376557
1598,0.110035257098,0.199058422941,-0.585784803369,2.71257512636,0,14.0944802676,0.0233909714458,0.0613814894042
1599,0.0829193852562,0.205279473684,-0.557872726325,2.71295681666,0,6.93499557589,-0.00010173339903,0.0606568797458
1600,0.102483581149,0.189742766295,-0.523950399932,2.71249866828,0,11.6396018852,0.016716329419,0.0596004576607
1601,0.10326365408,0.193611517046,-0.548884680615,2.71508338147,0,11.8742076963,0.016732855816,0.054827806927
1602,0.0807819720675,0.19291370321,-0.595167765111,2.71393883565,0,6.53766050364,-0.00389427212499,0.0593486760591
1603,0.0933237592191,0.189977850136,-0.502762604828,2.70404760752,0,9.17469685333,0.00907131493741,0.0629463465009
1604,0.0971707542951,0.188949025339,-0.475513369878,2.70387668223,0,10.1476910278,0.0111872965201,0.0608348997039
1605,0.0664536104455,0.207124932962,-0.591187668138,2.70933994953,0,4.32757338917,-0.0146145281554,0.0625792030195
1606,0.0817718884091,0.204771004722,-0.533456905289,2.70246353302,0,6.7192428792,-0.000572831834206,0.0622337819524
1607,0.0575119203479,0.194908119299,-0.56301338805,2.71850970209,0,3.28006439338,-0.0262344755983,0.0610970508132
1608,0.0982038537186,0.191120548687,-0.463564820276,2.71581204433,0,10.4238565074,0.0122197314061,0.064849130721
1609,0.0718528792777,0.206423989311,-0.612307265326,2.71422311243,0,5.07513460161,-0.0120567038028,0.058498884741
1610,0.0818128985491,0.200859087805,-0.52167953241,2.70436115641,0,6.72685546686,-0.00160236389342,0.0606702144841
1611,0.0755938025401,0.195390455262,-0.563034156155,2.71486913605,0,5.65118297216,-0.00905926589318,0.0582361770261
1612,0.0607421432851,0.191872622703,-0.525083972672,2.70858470692,0,3.63330056973,-0.0231688379031,0.0617605607022
1613,0.0876606700941,0.20604124873,-0.580724911906,2.7133116557,0,7.88953406919,0.0051918529795,0.0664863501986
1614,0.108813311701,0.19687493496,-0.480645006076,2.70446296901,0,13.6683281791,0.023300367592,0.0590290024174
1615,0.0770432430153,0.196370894592,-0.525367686351,2.70221904587,0,5.88820044956,-0.006671175749,0.058012145833
1616,0.0771229969121,0.1885868068,-0.532708290458,2.70717137544,0,5.90147509175,-0.00824988745092,0.0585567350025
1617,0.0674057481001,0.193475971821,-0.525933481019,2.71234954528,0,4.4526390333,-0.0170737794725,0.0510554673947
1618,0.0723007051537,0.19424146725,-0.523870211832,2.70460350229,0,5.14147774385,-0.0107709004887,0.0592357073604
1619,0.0886433448317,0.194366724974,-0.521115510929,2.70773483137,0,8.10073910817,0.00368102727758,0.0583531403903
1620,0.0965428132048,0.187646490712,-0.520857551321,2.69735745832,0,9.98298034149,0.0110341291862,0.0590550592599
1621,0.105595376835,0.198247389994,-0.515594562872,2.70788476397,0,12.6006994486,0.0202954781373,0.0628021812033
1622,0.0929134862657,0.196044721265,-0.570632142524,2.71373070117,0,9.07588571734,0.00922634502964,0.0637324399172
1623,0.0970581326233,0.184488978635,-0.504175905614,2.69990791209,0,10.1179763029,0.00962641741735,0.0601254206501
1624,0.0611136975725,0.20950883916,-0.613822400343,2.71827800627,0,3.67568457124,-0.0218358701142,0.0579501458721
1625,0.0874558848451,0.186767387904,-0.483203866766,2.70587274319,0,7.84611718787,0.00247168049232,0.0553687859266
1626,0.0907354413355,0.198763026395,-0.502387008986,2.70918471247,0,8.56657945921,0.00651041824174,0.0604610377661
1627,0.0742748297437,0.190902792813,-0.539032351315,2.71388539357,0,5.44233053514,-0.0111917711178,0.0607283252083
1628,0.0866689223072,0.199266066941,-0.636412582357,2.71161889875,0,7.68116142703,0.00153911410162,0.0611807528848
1629,0.112543824866,0.197202846629,-0.575420059467,2.70597866115,0,15.0069548775,0.0258369589467,0.0619028539378
1630,0.107084334081,0.183693023252,-0.488949794004,2.70851469905,0,13.0850637617,0.0195768120964,0.0562536134367
1631,0.0785635444559,0.20182720366,-0.596301508146,2.71179871002,0,6.1455247128,-0.00529208005488,0.0626837387998
1632,0.0724239858275,0.196378428382,-0.512116657571,2.70958828047,0,5.15986308911,-0.0117088537764,0.0623168516228
1633,0.0462335732359,0.203558729194,-0.612222258011,2.71493661242,0,2.23870825994,-0.0357957182125,0.0641357747169
1634,0.0810153020839,0.202401429928,-0.563744375302,2.71790196368,0,6.58008706275,-0.00160480400977,0.0608791472345
1635,0.11008818121,0.19171526832,-0.516633367718,2.70668945618,0,14.1132038974,0.0236904293486,0.05830440012
1636,0.0880184323147,0.192909818534,-0.494124988519,2.71252223925,0,7.96587598183,0.00175759070564,0.0583965947896
1637,0.0789548033697,0.194289510151,-0.534266613028,2.71168607144,0,6.21322952048,-0.0055042498754,0.0582976109989
1638,0.0702892363075,0.201328813502,-0.629004530055,2.7102067428,0,4.84885006696,-0.013867191171,0.0594645193094
1639,0.0921144601147,0.19784055531,-0.545581274456,2.706394954,0,8.88608815701,0.00867487047092,0.0649863415562
1640,0.106135952143,0.187467259062,-0.462707593689,2.71511015596,0,12.7746693789,0.0180802492867,0.0603543853076
1641,0.0858191831847,0.190912533016,-0.504353377636,2.70236955906,0,7.50636886585,7.24665011939e-05,0.0603296341947
1642,0.0955125579371,0.201737080647,-0.538682056726,2.71449980928,0,9.71779880815,0.0105200943656,0.061783064855
1643,0.0938852305095,0.202174238117,-0.617005199972,2.71935418389,0,9.31143415054,0.0103814199586,0.0689443033378
1644,0.0711561464271,0.195462660592,-0.536287747707,2.70888349999,0,4.97328525101,-0.0140561978118,0.0619047272011
1645,0.0848469550377,0.187933958798,-0.478042108982,2.71393409792,0,7.31053053714,-0.00141954021438,0.0578583802644
1646,0.102570877908,0.20307274232,-0.602342697183,2.70289706183,0,11.6656505541,0.0172072930221,0.0578653674448
1647,0.0732898941652,0.190965736336,-0.507288433801,2.70523388023,0,5.29049894335,-0.0112699239219,0.056165876709
1648,0.098486102632,0.197386326245,-0.591908181062,2.7170271627,0,10.5004433552,0.0115798930766,0.0591762215721
1649,0.0510941502221,0.207033090896,-0.573055050016,2.70939483781,0,2.65352195453,-0.0316043280653,0.0593682511493
1650,0.0784132630863,0.198964256912,-0.560942227525,2.70929966813,0,6.11968227466,-0.00636316630934,0.0594066044859
1651,0.100102085754,0.193922316756,-0.562997118171,2.71456335789,0,10.9485280912,0.0134217916067,0.0596882676409
1652,0.0860285261107,0.191006322529,-0.552888281336,2.70751114918,0,7.54911415407,0.000712878938229,0.0586500912751
1653,0.080636824892,0.191388408632,-0.487385557583,2.70295983258,0,6.51138359008,-0.00455234786623,0.0611481687321
1654,0.0869542870668,0.187083234807,-0.487741074705,2.70188122482,0,7.7406321846,0.000949754254649,0.061704293034
1655,0.0874584702989,0.196603366795,-0.528434699999,2.71500178453,0,7.84666406147,0.00226394347041,0.0625860311406
1656,0.0906739688574,0.202847267128,-0.624315241495,2.71632893299,0,8.5525704232,0.00509659603858,0.0576645125965
1657,0.0784266969967,0.192270643664,-0.539041882589,2.71232576448,0,6.12198871212,-0.0064255048102,0.0594175529249
1658,0.0935307057586,0.191405331905,-0.400823469074,2.71221616207,0,9.22489122512,0.00772487595664,0.0690777447202
1659,0.0823781361398,0.189087829979,-0.53676447481,2.71570816666,0,6.83251703905,-0.00272667790584,0.0586473747736
1660,0.0804748036802,0.191293435272,-0.580048284319,2.71965966979,0,6.48215589904,-0.00609779940818,0.0590354397067
1661,0.0922235211739,0.191682788887,-0.592937794162,2.71542968076,0,8.91179001331,0.00514386421387,0.0563189279826
1662,0.0687067660366,0.207135629304,-0.617392870564,2.71898949644,0,4.62810301005,-0.01318269206,0.0594122731163
1663,0.0836693897943,0.194588979804,-0.529526724093,2.70961541826,0,7.0791324842,-0.000403521087635,0.0643988358632
1664,0.0908744378841,0.189700461923,-0.513886586707,2.70390040288,0,8.59832841732,0.00503789326214,0.0526778926323
1665,0.0828886972995,0.199693178627,-0.602683731473,2.70881703151,0,6.92915089362,-0.00141717670916,0.0621809021611
1666,0.0745521219756,0.205427823994,-0.540206819435,2.70744567157,0,5.48570793168,-0.00946749188282,0.0600528545239
1667,0.09519823583,0.200924063113,-0.615651340784,2.71443981803,0,9.63812740016,0.0103255110651,0.065288929915
1668,0.0781167529015,0.186829652391,-0.513268403005,2.71482128035,0,6.06895760351,-0.00677154404144,0.0564290029082
1669,0.0845913400776,0.187025394279,-0.501655051883,2.70558068759,0,7.25976557209,-0.000641320284591,0.0512472200483
1670,0.108820607003,0.205341145965,-0.575428230998,2.70597044365,0,13.6708377378,0.0237856184992,0.0593250141335
1671,0.0937736325414,0.191609271257,-0.572992374254,2.71525706437,0,9.28411632984,0.00678552473248,0.0598830884688
1672,0.10423178004,0.208143722945,-0.615957452861,2.71454332951,0,12.1711968416,0.020193385575,0.0648270547286
1673,0.0802608214203,0.196949967653,-0.612022115251,2.72370409409,0,6.44372227964,-0.00500929306595,0.0606325616687
1674,0.0733335061645,0.195138931013,-0.512878045978,2.69657406362,0,5.29714847228,-0.00980711360238,0.063378634617
1675,0.0676225710148,0.185659083758,-0.541084418792,2.71287248227,0,4.48151136024,-0.0178641276196,0.0666210535127
1676,0.0643896651944,0.200858773457,-0.577363586928,2.72028557912,0,4.06586922837,-0.0191412712174,0.0627776658186
1677,0.0958179559631,0.201440118645,-0.572651637777,2.71310462046,0,9.79575755748,0.00981177872779,0.0554915330977
1678,0.0964143507744,0.204309563455,-0.546864169393,2.71156319924,0,9.949573834,0.0125170146142,0.0626173198325
1679,0.0918447762548,0.193763939924,-0.570222008177,2.70243580608,0,8.82280801397,0.00673924062931,0.0556272777439
1680,0.089385257026,0.187997710267,-0.559731637409,2.70911320369,0,8.26338534985,0.00152308514165,0.0547782411744
1681,0.0824517886645,0.192392059493,-0.565860557657,2.71672203937,0,6.84638701342,-0.00131066586943,0.0584321229969
1682,0.0949532136677,0.194707750584,-0.473059379551,2.70172828281,0,9.57641677931,0.00982789535345,0.0595908144754
1683,0.0898022160909,0.191953640738,-0.590552789024,2.71144778982,0,8.356016528,0.00370369826789,0.0641380372842
1684,0.112681968716,0.198167620842,-0.550125997769,2.71074152216,0,15.0587148003,0.0264992420265,0.0594238110928
1685,0.0687817723247,0.186516346947,-0.463273712131,2.70738163265,0,4.63838266272,-0.0152509442894,0.0680980830256
1686,0.0842480036487,0.201178780286,-0.606924855313,2.71711916992,0,7.19204820685,0.000515798541333,0.0640377325247
1687,0.0741681786245,0.206255685419,-0.611033767288,2.70944779717,0,5.42572127249,-0.00925702778138,0.0617871566496
1688,0.0662251465997,0.196472780086,-0.539883047953,2.7168748212,0,4.29797701101,-0.0166017804993,0.0583940429274
1689,0.0972150605289,0.190963967212,-0.541082329676,2.71635659497,0,10.1594019474,0.0104874015978,0.0585129835945
1690,0.0966398605321,0.187974129076,-0.523534350467,2.6972907286,0,10.0082823479,0.00937580900042,0.0528700423709
1691,0.0909120427885,0.192281534461,-0.586501692433,2.71048908665,0,8.60693535587,0.00614522586506,0.0585239025774
1692,0.107827540632,0.198926292127,-0.638458278071,2.70774100621,0,13.3329958331,0.021594529101,0.0663953388785
1693,0.0921315121181,0.194624902979,-0.525463210163,2.71648168396,0,8.89010248372,0.00579951229574,0.056547096228
1694,0.0799737697478,0.191745724706,-0.534919292381,2.71821050285,0,6.39246259972,-0.00581598756583,0.0601552844481
1695,0.0979518432689,0.194967562972,-0.505522813945,2.70607405161,0,10.3558893317,0.0128639549693,0.0649203123323
1696,0.0744408186262,0.205100343643,-0.623814701578,2.71334599276,0,5.46826288603,-0.00929601755755,0.0632803227829
1697,0.0605862539442,0.192394713297,-0.539380442349,2.71139411714,0,3.61562816562,-0.0241640607702,0.0606297603836
1698,0.0842357099912,0.197466828446,-0.564037363315,2.70584800524,0,7.18963341535,-0.00115208099867,0.059011184936
1699,0.0773508497082,0.202200552008,-0.585037665731,2.71615933589,0,5.93953572978,-0.00497929998454,0.0650498993293
1700,0.0930986077156,0.192640981196,-0.515588198966,2.7086931264,0,9.12035603748,0.00823340383997,0.061706573349
1701,0.082888383259,0.201708090077,-0.55286649081,2.70340184691,0,6.92909110435,8.80787007296e-05,0.0635099830337
1702,0.0997153751476,0.20050204861,-0.552521522653,2.70966142762,0,10.8397963146,0.0151687812276,0.0653776007934
1703,0.0822474607982,0.205852544821,-0.636480149383,2.71495739022,0,6.80796673396,-0.000192465763167,0.0636853029185
1704,0.0541155163917,0.204956297897,-0.554410993648,2.70686744093,0,2.93663084726,-0.0279366154458,0.0619574113448
1705,0.0817310476204,0.201453378761,-0.577317095799,2.71962035697,0,6.71166889494,-0.00211851369417,0.0631366312935
1706,0.102845430466,0.190260956834,-0.427873800036,2.71484120561,0,11.7479117764,0.0153325210518,0.0537204901509
1707,0.0840250007589,0.196525547967,-0.488747606951,2.71294919676,0,7.14835093048,0.000215670773218,0.0651373351752
1708,0.110399752871,0.199934513941,-0.572627312903,2.70708288211,0,14.223886087,0.0245747088942,0.060886706048
1709,0.0799771983794,0.205428266489,-0.584119852466,2.71425295909,0,6.3930728531,-0.00445652893159,0.0598840438427
1710,0.111189158074,0.189023303295,-0.446269800766,2.69833300631,0,14.507813113,0.0238314097032,0.0626155119395
1711,0.086199645915,0.201723278348,-0.570223459927,2.70993593649,0,7.5842080855,0.00179851693612,0.0592452911139
1712,0.0857703991519,0.186917866625,-0.43223873533,2.70933511655,0,7.49643732308,-0.000695428144958,0.0627271095531
1713,0.104693739698,0.18883835953,-0.473762372152,2.70386411461,0,12.3152219329,0.018068210315,0.0577579624959
1714,0.0857793631372,0.190431726973,-0.54739629277,2.70470891368,0,7.4982613911,0.000595724635997,0.0567751329945
1715,0.0838259053344,0.191431210164,-0.564221997371,2.70796198839,0,7.1095277477,-0.00168595101052,0.0579049353566
1716,0.0995287602824,0.199654722362,-0.589041271748,2.71799267701,0,10.7876665946,0.0134138351908,0.0597192390465
1717,0.0809543151181,0.196617167432,-0.564157669326,2.70838749426,0,6.56897564848,-0.00163699194424,0.0634693997675
1718,0.0822899944425,0.205000395269,-0.640889933255,2.71052559191,0,6.81594950306,-0.00100341015601,0.0643671026816
1719,0.0929763676632,0.202193753922,-0.56349205434,2.71726569795,0,9.09097012417,0.00964478418002,0.068695850244
1720,0.0851709675577,0.18953811505,-0.483041710575,2.70244871312,0,7.37531048695,0.00106369396839,0.062733158655
1721,0.0875139973888,0.200268075904,-0.584714771756,2.7237529116,0,7.85841696624,0.00300641964025,0.0631260385779
1722,0.0932614873718,0.201444517132,-0.494280485917,2.71388425465,0,9.15963940191,0.00933449790017,0.0660023412053
1723,0.0999707747289,0.189932459908,-0.522395889734,2.69960829557,0,10.9115000326,0.0125907912059,0.0559421113948
1724,0.106430007907,0.192237101627,-0.5341494108,2.70982536016,0,12.8701999776,0.0204772117364,0.0616130117977
1725,0.0464575027465,0.203010247025,-0.568745938497,2.71065647553,0,2.25678054807,-0.0365128851118,0.0553130186483
1726,0.0546121891943,0.203650133228,-0.60920253895,2.71123198985,0,2.98514441164,-0.0300028555352,0.0599522528462
1727,0.089674477252,0.188561987088,-0.523245790656,2.70135228434,0,8.32754398513,0.00478180972768,0.0517211415787
1728,0.0859215222557,0.197395486879,-0.601979113995,2.71940251945,0,7.52723952445,0.000852700096242,0.0581855211894
1729,0.0692297235375,0.18809954435,-0.491933344796,2.7121321193,0,4.70015151297,-0.0161560528142,0.0562712788383
1730,0.107993407802,0.195901293552,-0.510895756828,2.70537097148,0,13.3888987566,0.0220360285207,0.0664994191402
1731,0.0865461582841,0.204714625337,-0.600678314248,2.71314855448,0,7.65569695329,0.00309261890009,0.0563142279418
1732,0.10675235393,0.187733854998,-0.454696510464,2.71368239564,0,12.9756531829,0.0183701669723,0.065104147174
1733,0.0805831285552,0.189336122556,-0.474912706679,2.71085743543,0,6.50168493956,-0.00518096680143,0.0579932156628
1734,0.107480943139,0.197584305189,-0.544428811279,2.7122202098,0,13.2168539521,0.0204747702619,0.0595538605366
1735,0.093394586888,0.183411554591,-0.414356268153,2.70903790222,0,9.19184920192,0.00549981670185,0.0591224634007
1736,0.0829296757019,0.186691393799,-0.525388635403,2.70765631083,0,6.9369563725,-0.00262540927228,0.0633780482751
1737,0.0879977312266,0.192861203892,-0.59364839723,2.71451499547,0,7.96144150314,0.00218802540911,0.0571068560249
1738,0.0642689077956,0.202795548148,-0.570254536649,2.70453638756,0,4.05094652588,-0.0185930736828,0.0627996641937
1739,0.102893343109,0.191912115037,-0.591686874401,2.70942831145,0,11.7623198733,0.0168440806254,0.0553381942013
1740,0.0688613851642,0.185849806903,-0.470729286279,2.70184997334,0,4.64931339581,-0.0160794997746,0.0642251787036
1741,0.0888594127317,0.192113114939,-0.585149725869,2.70201163727,0,8.14782116148,0.00332080975914,0.0577215892937
1742,0.0564151885125,0.200977120503,-0.596628214637,2.7190194772,0,3.1661334737,-0.0261527248912,0.057803701974
1743,0.0885940944926,0.198399612809,-0.591396506408,2.71487771825,0,8.09003991834,0.00328623507953,0.0586396619951
1744,0.0997597689072,0.201678815207,-0.591144579047,2.70180727382,0,10.8522300394,0.0145596304028,0.0549567255667
1745,0.0756136629202,0.195525663666,-0.491116314967,2.70787575617,0,5.65437697001,-0.0084681834386,0.0647468092008
1746,0.0864262207417,0.203385615842,-0.641177557109,2.71509295121,0,7.63088813584,0.00163760991119,0.0627447420301
1747,0.0967061084217,0.195022278387,-0.572195293351,2.71286702537,0,10.0255865585,0.0115875422326,0.0604549948952
1748,0.077583376658,0.197318237638,-0.50070967961,2.70427781508,0,5.97858518294,-0.00746507103447,0.0572558233351
1749,0.0760499112405,0.199201085728,-0.622326714367,2.71388368095,0,5.72490869783,-0.00717281123317,0.0614746529049
1750,0.0607176595305,0.201201573693,-0.623136140474,2.70550341299,0,3.63052066714,-0.0223582218576,0.0581858443096
1751,0.0889599429033,0.198035878989,-0.5380920102,2.69886943577,0,8.16980683683,0.0046975389127,0.0630292478063
1752,0.109957440943,0.184238781671,-0.432039722263,2.69936235754,0,14.0669907681,0.0214635926268,0.0613486748493
1753,0.085348412989,0.197823090016,-0.477340427852,2.7150679175,0,7.4109926996,0.00155532517108,0.0649607492609
1754,0.108622945154,0.19510697382,-0.528579943925,2.71739487084,0,13.6029884634,0.0219591859063,0.0693785033933
1755,0.0977016442135,0.188918507647,-0.426598213572,2.70745171846,0,10.2887954239,0.0104715396859,0.0642347461715
1756,0.0805453762893,0.190977362007,-0.446610862163,2.69253201644,0,6.49487332265,-0.00505456497484,0.0572587538043
1757,0.089743961786,0.18729834905,-0.503812056314,2.71308351415,0,8.34302149586,0.00430865047371,0.0647896424037
1758,0.0727339337192,0.205979396002,-0.587363548501,2.70848004198,0,5.20632095935,-0.0102986452435,0.0594804685416
1759,0.0588768892639,0.201017863896,-0.558033191472,2.71677454207,0,3.426049043,-0.0238111087182,0.0629649545379
1760,0.0595155483257,0.203839536094,-0.549450241122,2.70794794751,0,3.49598716619,-0.023072215193,0.058663575858
1761,0.0954003419218,0.188694335283,-0.455740431473,2.70614754675,0,9.68928972221,0.00919846031646,0.0616234157166
1762,0.0886698109379,0.205817570087,-0.58505823503,2.70638775642,0,8.10649363074,0.00504368454034,0.0659249796068
1763,0.0689116976677,0.195958903389,-0.467740169352,2.70423527167,0,4.65623173723,-0.0153742410287,0.0593814767454
1764,0.0910023252695,0.202993129298,-0.604890923202,2.71174773019,0,8.62762934381,0.00675165712315,0.0634123668892
1765,0.0725128942986,0.207168326241,-0.625595180981,2.71260916279,0,5.17315520278,-0.00964741033923,0.0612256989167
1766,0.0783157045971,0.203441208542,-0.567293601567,2.71421943246,0,6.10295421309,-0.00622282803386,0.0604602402198
1767,0.0667736020972,0.193446229457,-0.582567250988,2.70615432017,0,4.36929414474,-0.0156886753085,0.0619315506363
1768,0.0833487072752,0.200649619128,-0.606919044758,2.71126365342,0,7.01719783281,0.000289280611894,0.0686285822313
1769,0.0802163881374,0.204633194779,-0.606386980949,2.7123100774,0,6.43576539866,-0.00392749898421,0.0604029518021
1770,0.074828800131,0.208301612115,-0.600553321297,2.71827665257,0,5.52926909625,-0.00752109052397,0.0692191651591
1771,0.0978875972532,0.183084745873,-0.522220948113,2.70786492788,0,10.3386244888,0.0111391002437,0.057203562845
1772,0.0689954570822,0.204523074297,-0.518880782989,2.7131212635,0,4.66776735031,-0.0133833597641,0.0642261393406
1773,0.0870911824212,0.187106565307,-0.520077525782,2.71139031633,0,7.76930038205,0.00143861495883,0.0545140130323
1774,0.0580053522035,0.187759897863,-0.475960188536,2.70196916148,0,3.33229482816,-0.0277613428604,0.0664817373071
1775,0.078360492747,0.200144332574,-0.603368993416,2.70579377828,0,6.11062920508,-0.00425033481536,0.0635167091668
1776,0.0921477379846,0.188770046828,-0.54867935482,2.71068738224,0,8.89392377925,0.00569241581204,0.062577517702
1777,0.097795325828,0.202114331528,-0.565932324137,2.71415737334,0,10.3138725212,0.0120640100302,0.058284495655
1778,0.102198348819,0.18491151218,-0.429753399735,2.71324354182,0,11.5548494297,0.0139855881778,0.0600951335358
1779,0.0571910941042,0.199991102938,-0.565727939975,2.71298597405,0,3.24642989372,-0.0272331232054,0.0575322435239
1780,0.0729481918605,0.195225220729,-0.489639808071,2.71707964943,0,5.23863270881,-0.0109219363697,0.0621074280409
1781,0.100988571766,0.203879295129,-0.6267325466,2.71572422489,0,11.2014174027,0.0168904438572,0.0620801378291
1782,0.0820844453624,0.192403347711,-0.483168584053,2.71114874455,0,6.77744432637,-0.00268369315331,0.0573733443289
1783,0.0957538858218,0.191220617025,-0.618055890928,2.71205751788,0,9.77935735472,0.00894774395223,0.0637441719016
1784,0.0878317673972,0.197266254961,-0.586369639946,2.70969195411,0,7.92596574982,0.00283204589028,0.0637866880697
1785,0.0882450107572,0.205482915513,-0.56986339095,2.70811015866,0,8.01455056765,0.00452397195526,0.0587715748472
1786,0.059197173482,0.190846434098,-0.532273928783,2.70359376234,0,3.46099086174,-0.0261434157666,0.0565515077396
1787,0.0640404064169,0.195015809197,-0.512431243391,2.70486223077,0,4.02282484625,-0.019506587649,0.0656438259083
1788,0.0914298209097,0.195669499763,-0.601580308942,2.7101170409,0,8.72620060756,0.00658858317894,0.0610211938149
1789,0.0626107386173,0.205031434769,-0.579506214673,2.71605366822,0,3.85026333028,-0.0198175206991,0.060565085368
1790,0.0646770243478,0.203920221919,-0.606737075084,2.7167775607,0,4.10155055213,-0.017470451322,0.0645852679684
1791,0.076971080004,0.208061224344,-0.639381213568,2.71166324147,0,5.87621043272,-0.00494378668509,0.0617116727155
1792,0.10214125675,0.188918189849,-0.433604255224,2.70450545114,0,11.5379511474,0.0161571734184,0.0612415606009
1793,0.0866158169945,0.200289435531,-0.587444432312,2.71476018486,0,7.67013716623,0.00177639962704,0.0610092696128
1794,0.0940870257305,0.192079897274,-0.447951730155,2.70209641997,0,9.36100841077,0.00781491230364,0.0587423953125
1795,0.104107425824,0.204240951803,-0.619318860643,2.7115624396,0,12.1326835663,0.018486605688,0.0597261710682
1796,0.0852534395571,0.188750981546,-0.515595335296,2.70870884637,0,7.39187650533,-0.00126526729301,0.0520995717815
1797,0.0707285727424,0.194141017941,-0.461952929504,2.70321823121,0,4.91159705354,-0.0134553107771,0.0643352196491
1798,0.111721973934,0.18663941895,-0.515829282025,2.70511405524,0,14.70232283,0.0230556366463,0.0590719095238
1799,0.0911746140473,0.195004614767,-0.560124511202,2.70956664098,0,8.66723930882,0.00581479635561,0.0590216969297
1800,0.0631885854046,0.193434138878,-0.503282753725,2.70586819819,0,3.91931196814,-0.0200346893651,0.0650863084393
1801,0.0732915782486,0.20286504665,-0.59846603925,2.71233486934,0,5.29075559047,-0.00979788849841,0.06330839533
1802,0.0809434946501,0.18617796047,-0.537492307329,2.70711477241,0,6.56700586867,-0.00466820015442,0.0594938654419
1803,0.0997100108198,0.205018790905,-0.555200457285,2.70717920213,0,10.8382947329,0.0161381066961,0.0616382154269
1804,0.0594777344009,0.190083038766,-0.514379372837,2.70742627116,0,3.49181682151,-0.0246709732718,0.0608431993681
1805,0.0923156455709,0.199399922374,-0.56460928741,2.71786100369,0,8.93355054079,0.00629083549791,0.0644607797576
1806,0.0939413150332,0.197209494126,-0.579960386988,2.71122902847,0,9.3251892881,0.00868774040853,0.0642420080656
1807,0.0760610802921,0.210603633813,-0.631784507904,2.71289076662,0,5.72672389097,-0.0060225060541,0.0657822882379
1808,0.0904054728715,0.18560976254,-0.516165869733,2.70704014575,0,8.49161344756,0.0032368212402,0.0562832244963
1809,0.0658580258823,0.204719521286,-0.541743281797,2.70610325822,0,4.25074917071,-0.0165101823467,0.057310277271
1810,0.0789434417265,0.186954525102,-0.445141387124,2.70565458987,0,6.21125479519,-0.00623181259035,0.0667102784556
1811,0.0985631858713,0.193687672696,-0.629921530784,2.71056950538,0,10.521445188,0.0127214694758,0.0633538727477
1812,0.0743292967031,0.194884968166,-0.53964864019,2.70467849839,0,5.45082883847,-0.0105665607153,0.060779579291
1813,0.0674558885416,0.193488761361,-0.428058553458,2.71663522037,0,4.45930275146,-0.0164389403755,0.0586146356667
1814,0.0803897303218,0.192686892023,-0.53548712785,2.72018260739,0,6.46685297236,-0.00615118770404,0.0581842552994
1815,0.092738573936,0.199308598802,-0.535414732193,2.71207242804,0,9.03404053513,0.00844340895687,0.0588982807047
1816,0.116999456101,0.187939460738,-0.441187857161,2.70963411482,0,16.7599927312,0.0280838011584,0.062972646825
1817,0.0678381660734,0.198460265382,-0.564489571457,2.70817729095,0,4.51036590985,-0.0163777729427,0.0610052109024
1818,0.0853730455718,0.192603822107,-0.564882244475,2.71169783087,0,7.41595756483,-0.000514744929198,0.0616551109689
1819,0.102044224338,0.193478486193,-0.439290283263,2.69934315232,0,11.509281361,0.0154867402795,0.0586338159124
1820,0.0920986693553,0.203213973045,-0.628670456354,2.71581819113,0,8.88237214545,0.00718900992506,0.0615525921353
1821,0.0621959621565,0.188442811241,-0.546148804318,2.70627406306,0,3.80127600263,-0.0229748332404,0.0653889880727
1822,0.0848272537144,0.196141215236,-0.49233091826,2.70709163436,0,7.30660722107,0.000231275640935,0.0575234113998
1823,0.0749114043686,0.192520143326,-0.475045569223,2.70618180039,0,5.54232903395,-0.0102390066735,0.0564325608007
1824,0.0871058537446,0.204380774193,-0.500210205991,2.7028543082,0,7.77237816328,0.00413295001697,0.0636333912164
1825,0.102726724081,0.185010032266,-0.452453940589,2.7061639614,0,11.7122822171,0.0141311444211,0.0621880064365
1826,0.110649690238,0.196057629229,-0.543734803562,2.71533074804,0,14.3132363943,0.0246016558929,0.0648953701537
1827,0.0697067484673,0.197707260887,-0.636968462386,2.71194424828,0,4.76664462119,-0.0143004178463,0.0604149980033
1828,0.0808567229427,0.190999196267,-0.571781675676,2.70673590068,0,6.55122758751,-0.00457374079802,0.0599824803047
1829,0.0892412682759,0.194853423355,-0.562050126572,2.7126832172,0,8.23160229724,0.0037885510417,0.0559227526706
1830,0.0828423199368,0.204411903723,-0.619518807694,2.71488456835,0,6.92032593592,-0.000233079260114,0.0633960338307
1831,0.058579475749,0.190493480598,-0.51197370614,2.7025207875,0,3.3938380923,-0.0272550355111,0.0643798571356
1832,0.0957696776017,0.192381329848,-0.548006455203,2.712401524,0,9.78339739218,0.00933608256464,0.0540668874303
1833,0.0832141572115,0.191373167628,-0.580026309663,2.71311707221,0,6.99134784584,-0.00222824838841,0.0641513348025
1834,0.0759250218837,0.191983182969,-0.529873822794,2.71266638152,0,5.70464374281,-0.00901958227656,0.0636656985495
1835,0.0805073009089,0.191142745616,-0.516974574125,2.70851091553,0,6.48800943034,-0.00377624381622,0.0578116659499
1836,0.0833057897368,0.200343338725,-0.575778101702,2.72096474083,0,7.00894372207,-0.00216384878643,0.0598110045812
1837,0.0798427607211,0.204725150382,-0.581478387524,2.71323150433,0,6.36918088702,-0.00281421152784,0.0615603046973
1838,0.0767407284176,0.189080470434,-0.480318023832,2.70314508374,0,5.83807121526,-0.00793648672194,0.0612215520895
1839,0.0578357838233,0.199728079111,-0.562902312638,2.71117858218,0,3.31427704496,-0.0247254866162,0.0615089394398
1840,0.0888079341996,0.186369419844,-0.586158334288,2.70854822156,0,8.13658257799,0.00137318455187,0.060701187555
1841,0.0858406286021,0.186478285839,-0.484091488773,2.70898476987,0,7.51073829445,-0.000998846353209,0.0608717716864
1842,0.0757612734889,0.195629120493,-0.509999867243,2.71330737009,0,5.67816234349,-0.00760204057843,0.0579738778494
1843,0.0895730560226,0.186411532897,-0.484941609409,2.70481510249,0,8.30499690064,0.00280003178229,0.0575987385594
1844,0.108261340131,0.198044104873,-0.596899977502,2.69522809858,0,13.4796442553,0.0230318823013,0.0636942931493
1845,0.0743319311361,0.198205619546,-0.597452281613,2.70972498709,0,5.45124015369,-0.0102175117339,0.0654732325363
1846,0.0922385592144,0.190691410713,-0.611151357478,2.71186039474,0,8.91533898702,0.00595383969956,0.0613618213333
1847,0.0793495341698,0.184635937295,-0.517999364744,2.69862152492,0,6.28215997871,-0.00719441398539,0.0524170052555
1848,0.0969923452815,0.183944390974,-0.501063608778,2.70570519724,0,10.1006538604,0.00915359611105,0.0595282378938
1849,0.0728513765626,0.206730517265,-0.609061309703,2.70859598603,0,5.22401224771,-0.0105109038582,0.0672841719589
1850,0.0990768095892,0.187172814238,-0.494468492202,2.70217728778,0,10.6623297961,0.01139750015,0.0608649793344
1851,0.0905384929405,0.1959854745,-0.555651536224,2.702305925,0,8.52176626044,0.00434338239217,0.055444296886
1852,0.0874455917922,0.192792795862,-0.576585665702,2.71782557696,0,7.84394033002,0.00186302102739,0.0653081622479
1853,0.0723445971482,0.184786109221,-0.498912412577,2.70798158317,0,5.14801747746,-0.0137096539508,0.0604458550482
1854,0.0817720552835,0.187872742978,-0.555611643055,2.70468150874,0,6.71927384098,-0.00437556293739,0.0572712413906
1855,0.0784915330294,0.194281280179,-0.536699499382,2.7055940315,0,6.13313036762,-0.00677869301646,0.0627160849678
1856,0.0878124145015,0.187559323495,-0.488215775047,2.70365047366,0,7.92183775573,0.000650371707724,0.0587188222444
1857,0.112397953625,0.196845103905,-0.503535430166,2.71276204162,0,14.9524737825,0.0254938844659,0.0645393431318
1858,0.100841520122,0.199347593906,-0.532108038939,2.69711380525,0,11.15911465,0.0160135547208,0.0617687116891
1859,0.072140104462,0.198122533007,-0.515114715457,2.71033063711,0,5.11760584203,-0.0122455655286,0.0602878200582
1860,0.0966926731502,0.201477922061,-0.59709689016,2.70839909486,0,10.0220750996,0.0124915237062,0.061828673762
1861,0.112751442606,0.198020751808,-0.593005758996,2.70721785163,0,15.084806152,0.0259957871474,0.06008212708
1862,0.0680381960159,0.195055618251,-0.539183139427,2.70500566208,0,4.53726784524,-0.0163289969249,0.0585189511714
1863,0.0762663920535,0.200640388347,-0.558429799489,2.71250833097,0,5.76017518414,-0.00800486378992,0.0575152851517
1864,0.075417601551,0.200550284024,-0.587214642458,2.71001218532,0,5.62291035233,-0.00899032638586,0.0609743504241
1865,0.0905087424681,0.19146955521,-0.480362698636,2.70998690879,0,8.51501447708,0.00466421104394,0.0619214433882
1866,0.0754374856053,0.198082676315,-0.499620130873,2.711029733,0,5.62609508712,-0.00845453521808,0.0571712168104
1867,0.0612078061934,0.198153166316,-0.575431716486,2.72022507087,0,3.68647877147,-0.0220801044697,0.0623021132024
1868,0.0655640409077,0.201720376242,-0.566902539015,2.70799629142,0,4.21322193606,-0.0183492349443,0.0582581278747
1869,0.0651636304553,0.20016273758,-0.553573385761,2.71184507606,0,4.16252408461,-0.0172365955133,0.0623646871503
1870,0.0829032219316,0.19095977947,-0.548215023359,2.71180384043,0,6.93191666981,-0.00382372316944,0.0636345633851
1871,0.0747919415074,0.194671306813,-0.618609219049,2.71013946296,0,5.52344974679,-0.00953419945806,0.061532927757
1872,0.0882258653591,0.191636581404,-0.489180425678,2.70351019163,0,8.01042786036,0.002549097976,0.0599089261794
1873,0.0881986157532,0.189424475794,-0.560478853875,2.71092200153,0,8.00456314591,0.00356755197775,0.0626667958946
1874,0.0833147552724,0.191945014376,-0.485981298129,2.70240274909,0,7.01066734223,-0.00210611581104,0.0534986450284
1875,0.0689111223854,0.2023446674,-0.557892178973,2.70848598825,0,4.65615258563,-0.0146219216056,0.0566632152453
1876,0.0866700946925,0.192497226453,-0.59436238144,2.70675913824,0,7.68140495733,0.000459410799957,0.0625439557751
1877,0.0764695168331,0.201906114012,-0.536933788313,2.70785169507,0,5.79342752675,-0.00694406935845,0.0588568777353
1878,0.110297256555,0.193461933358,-0.472579495554,2.70687837554,0,14.1873897232,0.0224241874028,0.0636776019013
1879,0.0948900561907,0.190410456692,-0.52481110351,2.71039284591,0,9.560565991,0.00824120989483,0.0543414214468
1880,0.071003708309,0.201804399182,-0.541678776405,2.69833598518,0,4.95122157622,-0.0120985514572,0.0629898417465
1881,0.0852074517377,0.190047550909,-0.543997139612,2.70925941735,0,7.38263512367,-0.000679837652951,0.0574986746572
1882,0.0870566378519,0.197895685027,-0.524777840382,2.70916958684,0,7.76205764928,0.0022403887559,0.061653617746
1883,0.102060431774,0.198609966415,-0.645942926669,2.71235880011,0,11.5140657193,0.0160123595524,0.0646290547144
1884,0.0754841684065,0.18687079536,-0.488203960625,2.70509081355,0,5.63357783814,-0.010449312661,0.0627079483393
1885,0.0844243984647,0.191238973492,-0.558173735445,2.71026664765,0,7.22677217774,-0.000754052598946,0.0589319696984
1886,0.0867560940749,0.198223443405,-0.497291250556,2.71091637355,0,7.69928685297,0.00307677623569,0.0572246136207
1887,0.054598129496,0.206915688577,-0.571303469193,2.7153021116,0,2.98376322898,-0.0277989340281,0.0568253217036
1888,0.109096209712,0.20198934725,-0.531919131845,2.70556803813,0,13.7659471082,0.0232763657893,0.0614294248296
1889,0.0945102695351,0.202188413124,-0.597366535839,2.7065322513,0,9.46573056904,0.010801050643,0.0670283831856
1890,0.0762120080892,0.197995750233,-0.534171790129,2.7091665758,0,5.75129890516,-0.00675223146383,0.067945878903
1891,0.105494381995,0.193637609912,-0.515028373268,2.70951504345,0,12.5684320038,0.0198171279906,0.0584149365265
1892,0.092841740955,0.195415840023,-0.530394441182,2.70754642444,0,9.05870145742,0.0084772168061,0.0612998914187
1893,0.099978780877,0.20101204961,-0.62751109431,2.70147420223,0,10.9137545036,0.0146450709892,0.0647774959211
1894,0.100884240949,0.191289881012,-0.500243340002,2.70796962981,0,11.1713897125,0.0130729864893,0.0623172419935
1895,0.0910710417654,0.186823645767,-0.521332884197,2.71711782223,0,8.64340883098,0.00421395517941,0.0601065851766
1896,0.105244045696,0.183421693863,-0.453231330126,2.70252850519,0,12.4887676068,0.0168339072118,0.0613591727244
1897,0.0891210140766,0.19474775834,-0.582280974488,2.71426194827,0,8.20513861882,0.00458945456008,0.0630825168899
1898,0.0988554086124,0.196309486978,-0.464046191338,2.70583765908,0,10.6013985896,0.0127509517685,0.0641993894161
1899,0.0820728243814,0.200932691977,-0.565412401911,2.71938197131,0,6.77527284325,-0.00189345372094,0.05736450085
1900,0.0772611916687,0.197697090571,-0.591476046745,2.7053902201,0,5.9245351871,-0.00757781249888,0.0565299066209
1901,0.115823925618,0.195527445603,-0.574762605279,2.70753078365,0,16.280350949,0.0276462592021,0.059488714135
1902,0.0665638822722,0.19953992426,-0.498970136341,2.70376912791,0,4.34191538906,-0.0165411810078,0.0606688574423
1903,0.0783451621755,0.186404445736,-0.474209384644,2.7066328741,0,6.1080012288,-0.00834107296222,0.0583607081578
1904,0.0744819398875,0.194088865529,-0.525234246941,2.71167890111,0,5.47470273373,-0.00908345489586,0.0602786886373
1905,0.0794283593534,0.188078554733,-0.540624864534,2.70798036952,0,6.29600060819,-0.00685522730431,0.0700429391149
1906,0.0739513553493,0.206433826574,-0.595740966364,2.70714494534,0,5.39208125212,-0.0104653939146,0.0554161904463
1907,0.109072692956,0.184899143628,-0.527060284972,2.69887001117,0,13.7578084912,0.021203965576,0.05974991518
1908,0.0853935057741,0.193350458445,-0.467615337885,2.71169827385,0,7.42008360058,0.000920564304705,0.056227738103
1909,0.0691253996688,0.204129932227,-0.623587948149,2.70055531521,0,4.68570823853,-0.0132303738869,0.0588801547925
1910,0.0487081025044,0.19955422359,-0.581343050055,2.7088555667,0,2.44388375969,-0.0336464824803,0.0571483214463
1911,0.0619509824778,0.202527640942,-0.62707834205,2.7055045507,0,3.7725664323,-0.0201886492575,0.060748722281
1912,0.0791744586646,0.207582777089,-0.62792417586,2.71466675992,0,6.25150935241,-0.00424799482424,0.0666102751842
1913,0.065371423312,0.197411231969,-0.520932138211,2.71748872313,0,4.1887742497,-0.0183050847465,0.0592024184034
1914,0.096573915988,0.203331535973,-0.567627781227,2.7090452781,0,9.99108330864,0.0133363209804,0.063338256606
1915,0.070175699342,0.196329866512,-0.524992754182,2.71311580682,0,4.83273889905,-0.0131669360722,0.0632650517101
1916,0.0729674315465,0.186451764079,-0.514819616181,2.71366226057,0,5.24154210062,-0.0117134373264,0.0607466065565
1917,0.0801971768171,0.197845331537,-0.529023770767,2.70412104839,0,6.43232766842,-0.00363425727146,0.0604727717045
1918,0.0865068473507,0.20264926595,-0.575871169774,2.70525186554,0,7.6475580287,0.00354503455722,0.0610679111216
1919,0.0846736809486,0.197045285855,-0.610178486482,2.71388601209,0,7.27608577203,-0.00080631542423,0.0555952188292
1920,0.0994445027617,0.197379928863,-0.520715222709,2.70884468981,0,10.7642021559,0.0136884161678,0.0663473308659
1921,0.100426318493,0.190445029247,-0.54871174801,2.7027573783,0,11.0404323013,0.0134148907699,0.0560142097227
1922,0.101433085022,0.186492094247,-0.494598946007,2.70736531097,0,11.3301539471,0.0131087485641,0.0565994542913
1923,0.0805863920548,0.195133261184,-0.582421234082,2.71435024177,0,6.50227405012,-0.00418954176823,0.0611698786318
1924,0.0959698510179,0.198290985561,-0.568245504651,2.70936986667,0,9.83473445529,0.0105539374848,0.0635101677757
1925,0.0864791424504,0.193641325145,-0.54541993704,2.70445448563,0,7.64182643502,0.00177925070497,0.0606081749021
1926,0.105878176986,0.208479780492,-0.627699983019,2.71000600739,0,12.6914460104,0.0208164405865,0.0639934477768
1927,0.0661822275243,0.190950781964,-0.491432928863,2.69783099563,0,4.2924347216,-0.018945514673,0.0592014058267
1928,0.0810276726123,0.207357369194,-0.618423647702,2.72103613416,0,6.58234280223,-0.00277339213554,0.0659074471022
1929,0.086525703207,0.195889520517,-0.530160289092,2.70283823672,0,7.65146102113,0.00248683374083,0.0596466486455
1930,0.0976106940227,0.200301950371,-0.611731497866,2.71308434401,0,10.264500622,0.0123456674653,0.0654027081671
1931,0.0831003369465,0.200331399115,-0.60388514995,2.707518955,0,6.96954309337,-0.00259785694384,0.0581886958328
1932,0.0696657944082,0.18755529494,-0.509483106826,2.70815781544,0,4.76090684263,-0.0146493146278,0.0621733436068
1933,0.102503722202,0.198062144185,-0.554296050631,2.72184630324,0,11.6456072423,0.015731692688,0.0631985805091
1934,0.0923887665159,0.198043187391,-0.562665654493,2.71185014075,0,8.95085499179,0.00706908369417,0.0578432670069
1935,0.0928650916222,0.186273699634,-0.537609770003,2.70978837471,0,9.06429125598,0.00598617863829,0.0641302656929
1936,0.0888526289593,0.195624003732,-0.56200594446,2.71378699916,0,8.14633939587,0.0031102409774,0.0588866529102
1937,0.0969983978501,0.199100306816,-0.565150888198,2.72009262187,0,10.1022464756,0.0107215480803,0.0612996665306
1938,0.0923922577409,0.193991220048,-0.559506767742,2.71328009224,0,8.95168193287,0.00562250914606,0.062818133457
1939,0.078880314281,0.19816009545,-0.607860069266,2.70354191879,0,6.20029231097,-0.00582966122424,0.0547805370092
1940,0.0506073609075,0.19976825911,-0.540166331271,2.71311152716,0,2.60978031182,-0.0316606796421,0.0676245940068
1941,0.0750403683792,0.19107780781,-0.480433495749,2.71174555614,0,5.56276880099,-0.00920779359888,0.0597074914016
1942,0.0810210062773,0.205608799168,-0.570656885488,2.70980348342,0,6.58112713007,-0.000913275259511,0.0630975044862
1943,0.11404863322,0.203129355819,-0.501411449825,2.71356546523,0,15.5795260816,0.0283578516494,0.0615926588982
1944,0.0827928523739,0.191175717623,-0.42508483812,2.70830282561,0,6.91092336606,-0.00198799519122,0.0607140981129
1945,0.0837151770317,0.190652519013,-0.51820635078,2.71278508967,0,7.08801299567,-0.0030927647641,0.0592568507066
1946,0.086327760594,0.196851104398,-0.500199131377,2.70778777547,0,7.610572987,0.00111055485834,0.0574774036709
1947,0.0950105535867,0.193566235403,-0.49237998524,2.71430135748,0,9.59082733107,0.00868599629533,0.0586177595686
1948,0.0710544338497,0.184775425197,-0.47422422237,2.70458025419,0,4.95855480435,-0.0149209549708,0.06289695047
1949,0.0955705505589,0.195032804894,-0.504897061663,2.70476650109,0,9.73256078822,0.0112818448176,0.0637926168861
1950,0.0819764304435,0.192966118231,-0.591095052093,2.71449431098,0,6.75728324223,-0.00308970786032,0.065891976913
1951,0.0821008317329,0.200956616335,-0.60149186531,2.72668241971,0,6.78050725553,-0.0031422590388,0.0588806785417
1952,0.0911916297746,0.19455361242,-0.598592903798,2.70652128907,0,8.67115979213,0.0061393998432,0.0608063014052
1953,0.0882326173067,0.193989225079,-0.565122801766,2.70893024977,0,8.01188159563,0.0031436892059,0.0566392605374
1954,0.0646269406164,0.20545368098,-0.58174566412,2.70577856405,0,4.09531432623,-0.0176361660536,0.0639660329233
1955,0.0834730574421,0.190388931385,-0.451371499359,2.71404156269,0,7.04115967466,-0.00107392237836,0.0611920562469
1956,0.0813170693847,0.198042669611,-0.493740704032,2.70500289192,0,6.63529823813,-0.00309791917935,0.0609458832413
1957,0.0860823246638,0.195907347789,-0.521028129512,2.70824101103,0,7.56013248091,0.0021642697635,0.0605242521237
1958,0.0965213802277,0.186937496906,-0.455463452334,2.70552654589,0,9.97739991728,0.00892356977187,0.0625582215679
1959,0.0874081257225,0.190266549773,-0.411166754837,2.7008151856,0,7.83602105214,0.00182659299382,0.0627743505759
1960,0.113078691636,0.195802058933,-0.529384080187,2.71688793632,0,15.2082557487,0.0256821514511,0.0634636865711
1961,0.0800367206586,0.19002751816,-0.473177402041,2.71638365598,0,6.40367479475,-0.00470714650278,0.0630650463813
1962,0.082773836987,0.186944129152,-0.489964224536,2.70861381423,0,6.90731186423,-0.00302388331554,0.0653008817175
1963,0.09407968236,0.197482621906,-0.572695409638,2.71524159776,0,9.35920038185,0.00824083946506,0.0626672377353
1964,0.0730695593168,0.190175790905,-0.539696180767,2.71626404488,0,5.25700753983,-0.0112561267819,0.0606582732122
1965,0.101686143035,0.202904550181,-0.574800365732,2.69932008752,0,11.4040250385,0.016409935887,0.058408590663
1966,0.0797293888589,0.199607238385,-0.593972374677,2.72992489463,0,6.34909040716,-0.00406649046509,0.0601203839852
1967,0.0688693135159,0.209600674486,-0.59876838054,2.7181726556,0,4.65040306248,-0.0130068451145,0.0621835719553
1968,0.100022362475,0.193987669309,-0.462345674895,2.70837834021,0,10.9260339507,0.0145193115643,0.0555204638124
1969,0.0683551930435,0.183881928401,-0.507041160804,2.7018646757,0,4.58015945287,-0.0166106619901,0.0635860332266
1970,0.0756541515498,0.198372524299,-0.603709773318,2.70735550763,0,5.66089302521,-0.00762103806309,0.0611773378672
1971,0.110527462712,0.19416461827,-0.577693006608,2.70472175523,0,14.2694783629,0.0238937180963,0.0564198278164
1972,0.0922924372628,0.200380489869,-0.611716153938,2.70783386065,0,8.92806422625,0.00759830697051,0.0615587793943
1973,0.0763834105526,0.195604875144,-0.59400769514,2.71519081852,0,5.7793124237,-0.00707451737473,0.0607265031042
1974,0.112288922664,0.190601009229,-0.494186824261,2.70524756292,0,14.9118685607,0.0245221237584,0.0568016989923
1975,0.0836103931985,0.189401017998,-0.533699043964,2.70418971022,0,7.06770381778,-0.000851945149873,0.0567141979626
1976,0.102682309086,0.203939263948,-0.607064723798,2.70481302543,0,11.6989757487,0.0170519035548,0.0621021048205
1977,0.0807137969232,0.192331524739,-0.543518897028,2.70983291693,0,6.52530733582,-0.00496572407641,0.0599539010654
1978,0.0809693600629,0.206968172107,-0.638340207671,2.71493706646,0,6.57171527993,-0.00253646061759,0.0635229580645
1979,0.0699898141204,0.201256131451,-0.561464599904,2.71179997762,0,4.80645342447,-0.014447178245,0.0577134660222
1980,0.0921333325564,0.193463888283,-0.488878267349,2.7146314005,0,8.89053113792,0.00617203530393,0.0648460352397
1981,0.0778757826053,0.191230589493,-0.601177068839,2.70841572314,0,6.0279903972,-0.00687875356296,0.0672116785956
1982,0.0692006667031,0.188643405655,-0.474597765996,2.71010162016,0,4.69612515523,-0.0159451827745,0.0566203948992
1983,0.0882105404601,0.197453539416,-0.523344814544,2.70541778013,0,8.00712915328,0.00400301468843,0.0612736984043
1984,0.0639291399014,0.198373136496,-0.601867215702,2.71784300392,0,4.00918583113,-0.0195325332667,0.063645518654
1985,0.0667998999619,0.190025421651,-0.539383997108,2.71168024817,0,4.37273681539,-0.0174941610919,0.0631485929974
1986,0.103049156042,0.193656782283,-0.498798008225,2.7189365558,0,11.8092836486,0.014941268074,0.0609265005914
1987,0.103412110434,0.193679801221,-0.495175800639,2.70852443352,0,11.9193274691,0.01719103658,0.059030576193
1988,0.0953376129432,0.198548049582,-0.592728757619,2.70536646032,0,9.67338487353,0.0106232891722,0.0625281695712
1989,0.0969982589667,0.197717728842,-0.606786589159,2.7093441504,0,10.1022099287,0.0116701020587,0.0606806862736
1990,0.115696119967,0.186630306054,-0.451000953379,2.69674852192,0,16.2289606136,0.0277271013745,0.0565861730645
1991,0.0629502871227,0.194624701871,-0.564964884939,2.71978697967,0,3.89072323998,-0.0211892830108,0.0544759219683
1992,0.0785003916862,0.199502116384,-0.595631840165,2.71389467689,0,6.13465397162,-0.00630723148862,0.0577618211746
1993,0.0899304057602,0.191381328897,-0.585095312102,2.70465784832,0,8.38467356324,0.00463902901748,0.0617030161462
1994,0.0740984123329,0.190134616623,-0.52277415479,2.70258819753,0,5.41487853644,-0.0105228361425,0.0593725154492
1995,0.0801861186978,0.195658130709,-0.535821564058,2.70737190035,0,6.43034958902,-0.00436139278892,0.0630126020929
1996,0.0728159342504,0.18020622654,-0.529457411718,2.70079148307,0,5.21866820652,-0.0141419361073,0.0595134522679
1997,0.0712393538974,0.194839523825,-0.506070990351,2.71244488086,0,4.98536174259,-0.0128935208452,0.0673714009842
1998,0.0756445072732,0.205278082469,-0.546196538223,2.71446279,0,5.65934036294,-0.00709862578031,0.0643343913541
1999,0.0848385129255,0.196325662413,-0.56412188838,2.71014153542,0,7.30884915914,0.000335987005161,0.0592500895971
2000,0.0982241850227,0.187161076315,-0.522923446026,2.70284095688,0,10.4293568753,0.0115755564827,0.0578531305118
2001,0.0652509148167,0.19381129703,-0.579447654238,2.70847050298,0,4.17353499816,-0.0191407882757,0.0651606415656
2002,0.0929150114903,0.192472726513,-0.559086755957,2.70788677826,0,9.07625134162,0.00744337546443,0.0576847687592
2003,0.065486854046,0.192155724137,-0.500043487289,2.70477746689,0,4.20341184492,-0.0187587520763,0.0642373339125
2004,0.0970666809981,0.19004953674,-0.530708399036,2.70701489682,0,10.1202290798,0.0102284497518,0.0538300614326
2005,0.0759875005617,0.193101680057,-0.565712537352,2.71682934522,0,5.71477438636,-0.00831030787886,0.0559765616615
2006,0.0865524446514,0.194805075538,-0.469161590722,2.71853962186,0,7.65699916392,0.00215225575498,0.0633107117223
2007,0.0908078238782,0.203889372399,-0.606711802715,2.71127474039,0,8.58310012791,0.00551276459173,0.0588868475996
2008,0.0724706955059,0.198234932338,-0.506140155421,2.71658040817,0,5.16684290728,-0.0125206527041,0.0627729868931
2009,0.0903340335988,0.204450495552,-0.587820066372,2.71865397225,0,8.47545760498,0.00575722617685,0.0603029280829
2010,0.109526545604,0.20113853576,-0.582990803649,2.69917645691,0,13.9156408955,0.0233160267709,0.0607836545756
2011,0.0951033034252,0.204571788603,-0.612242097512,2.71045720347,0,9.61417700785,0.0119952322219,0.0693429021043
2012,0.077608086629,0.198616471541,-0.525497867166,2.70222488072,0,5.98274725356,-0.00592148507602,0.063692774677
2013,0.0903945664751,0.204123361305,-0.631966167336,2.71383338547,0,8.48914527676,0.00596749630429,0.0648937446219
2014,0.102389916877,0.191762010505,-0.514237033831,2.71664484075,0,11.6117104877,0.0152945471952,0.0613182630668
2015,0.103310362994,0.205714383295,-0.634270298079,2.71440254183,0,11.8883873965,0.0180039562782,0.0715827084256
2016,0.0722592866072,0.184913517387,-0.544126485589,2.70683584987,0,5.13531267865,-0.0132798139981,0.05955867787
2017,0.0786807141418,0.191970509747,-0.564861516962,2.71470905413,0,6.16573580376,-0.00654166132758,0.0609492319312
2018,0.0618867681446,0.192074660221,-0.464501052585,2.70477615532,0,3.76506839743,-0.0228098573887,0.0594670976164
2019,0.0796692833268,0.193143758755,-0.509088977532,2.70784576285,0,6.33846055706,-0.00528963762087,0.058491885871
2020,0.0848835561682,0.201302986774,-0.553375518813,2.70970914925,0,7.31782400654,5.66246531264e-05,0.0579325310378
2021,0.0803362133035,0.199627956911,-0.579044225102,2.71461385987,0,6.45724179981,-0.00549762119984,0.0577547594522
2022,0.0809984588986,0.190703125202,-0.518984411176,2.71162338369,0,6.57701678116,-0.00497426517919,0.0615354438892
2023,0.102350762961,0.184579930428,-0.402120707381,2.7044583504,0,11.6000687618,0.0149855691602,0.0588890938107
2024,0.107238631056,0.185105977407,-0.4801265387,2.70049325841,0,13.1361952662,0.0192119291297,0.0603235674548
2025,0.0650797594156,0.203119189162,-0.632465734335,2.7142661921,0,4.15196499241,-0.0190164536193,0.0613591767151
2026,0.0766313143647,0.207685617473,-0.652502433128,2.71262031612,0,5.82002690753,-0.00664341316703,0.0597727757377
2027,0.0873653142963,0.198102665089,-0.612425567362,2.71127862988,0,7.82698026275,0.00284963888384,0.0595013935951
2028,0.105061069261,0.196300563861,-0.523567399249,2.71601684492,0,12.4308238112,0.0187170148588,0.0626336130832
2029,0.0837953680889,0.202092361096,-0.570017446389,2.71929123448,0,7.10358880474,0.000406620819537,0.0619715183041
2030,0.0944294376295,0.203586291393,-0.603428055792,2.70841955946,0,9.4456522269,0.0103000692069,0.0590846490617
2031,0.0756948220913,0.188787702374,-0.483961288499,2.71362660105,0,5.66744453285,-0.0102664392272,0.0611774402094
2032,0.0745193808915,0.187377289167,-0.494864324623,2.70668941039,0,5.48057159172,-0.0110874348949,0.0580971903927
2033,0.0770217783956,0.198603818293,-0.609455429002,2.70319974073,0,5.88463196471,-0.00702433509726,0.0568698243603
2034,0.0910315329609,0.197334585184,-0.495222889576,2.71218316271,0,8.63433332024,0.0047949338929,0.0608501446028
2035,0.0946535624505,0.197393201964,-0.52468389598,2.71010070308,0,9.50141522912,0.0100784487584,0.0566176650073
2036,0.107066411086,0.183931179881,-0.486223345804,2.70097391205,0,13.0791359145,0.0185765866293,0.0578717764314
2037,0.0765431190763,0.193413516071,-0.543518897028,2.71077170544,0,5.80551528368,-0.00851858863629,0.0593673461032
2038,0.0595709715832,0.197464644367,-0.534630318169,2.71933863742,0,3.50210630078,-0.0236923604865,0.0545877022059
2039,0.100782947318,0.195408133888,-0.56000190637,2.71259911161,0,11.1423041533,0.0149418078172,0.0638368500999
2040,0.0844888896008,0.209052262014,-0.592405463506,2.71588224192,0,7.23950279111,0.00168450276015,0.0683825881537
2041,0.0632173386309,0.193558129952,-0.480478547034,2.71258798501,0,3.92277234728,-0.0207662305998,0.0590491019487
2042,0.104471959478,0.199837958918,-0.537748585626,2.70647388621,0,12.2458895715,0.0201443656245,0.0598662453962
2043,0.0971139919539,0.202864378423,-0.606502460455,2.71269520646,0,10.1327050056,0.0130586052983,0.0639525541608
2044,0.101973329708,0.186376267573,-0.53275589644,2.71153253644,0,11.4883742662,0.0140706420134,0.0592885246111
2045,0.0831243419926,0.194947773065,-0.47709150641,2.71018010691,0,6.97413701751,-0.00306092037986,0.0650363967392
2046,0.0682884939593,0.193864126083,-0.476960165482,2.70365797065,0,4.57110821194,-0.0154158681464,0.0628117823977
2047,0.0640617980802,0.201377610541,-0.529865453071,2.70589377812,0,4.02545111902,-0.0191649990391,0.0565492882293
2048,0.0845083351059,0.188089329984,-0.503336656866,2.71965566199,0,7.24334506827,-0.00142959430557,0.0600133935835
2049,0.0946771851621,0.188979982333,-0.475581740129,2.69614348281,0,9.50730928514,0.00986905273126,0.0639669198395
2050,0.100806749406,0.201158745096,-0.586982202101,2.70036920253,0,11.1491326966,0.0166779564722,0.0628904507111
2051,0.104847247826,0.196641522291,-0.518964022007,2.71152892572,0,12.3634154585,0.019184934729,0.0647929530124
2052,0.0813412820464,0.187051148914,-0.527019629883,2.71373138216,0,6.63974489136,-0.00445053771069,0.0551342572612
2053,0.0876211726645,0.201889348875,-0.610915003429,2.71938659557,0,7.88114423292,0.0028936957733,0.0640328605405
2054,0.0838855376602,0.197296828438,-0.57772617207,2.71412426421,0,7.12113722671,-0.00170600983309,0.0593260237893
2055,0.0642899552769,0.19877463727,-0.608397960582,2.71915263871,0,4.05354444192,-0.0182047906442,0.0585546002297
2056,0.0789194626524,0.20782674069,-0.63500862411,2.71573556922,0,6.20708878687,-0.0043471134058,0.0609334888382
2057,0.08582677172,0.186496647661,-0.53716076854,2.71641333261,0,7.50791475666,-0.000932805904432,0.0617941798299
2058,0.0669624204418,0.199283338867,-0.625755557203,2.70662516112,0,4.39405961387,-0.0152545853137,0.0628245692507
2059,0.0753594324176,0.198188577871,-0.605155038384,2.70376675235,0,5.61360212634,-0.00789811168226,0.0590445087442
2060,0.08010684815,0.186936695013,-0.473485480697,2.69961627943,0,6.41618446543,-0.00666971487206,0.0671459320976
2061,0.0994498634743,0.193893537499,-0.52415118598,2.71106651729,0,10.7656936941,0.0128938843085,0.0641797885302
2062,0.108119040328,0.186970266255,-0.536737009824,2.71030515856,0,13.431380701,0.0191979864692,0.0590893449471
2063,0.0866189668485,0.202352534763,-0.61718643589,2.70962122598,0,7.67079067636,0.00237096181059,0.0634404757392
2064,0.105529716716,0.186563440954,-0.48650737211,2.70888262248,0,12.5797129243,0.0175840071516,0.0622060925906
2065,0.0850056842683,0.190693733773,-0.476787738309,2.70954098143,0,7.34220490405,-0.00101204145941,0.0627414609838
2066,0.0710692859093,0.204493902876,-0.663887489802,2.71226452291,0,4.9607035627,-0.0121211869184,0.0637145211183
2067,0.0574506747457,0.198000063791,-0.589039911987,2.70463734152,0,3.273623861,-0.0244488797957,0.065107421417
2068,0.113691695947,0.18834637568,-0.566211765167,2.71760454942,0,15.4419580174,0.0242571479253,0.0613121985472
2069,0.0729206748196,0.191846134245,-0.50861936161,2.71499316492,0,5.23447389592,-0.010783135906,0.0615251133758
2070,0.0994165915061,0.196846334192,-0.535822903937,2.71434159848,0,10.7564392033,0.0139097386161,0.063534165778
2071,0.0945073078265,0.197066908333,-0.510722866603,2.71721019605,0,9.46499423723,0.00788115152854,0.0570724393149
2072,0.0743123138721,0.1950586834,-0.600824398031,2.71321130607,0,5.44817790649,-0.0107024080661,0.0566032867367
2073,0.0860955719134,0.200075859983,-0.49057047936,2.70473935753,0,7.56284770634,0.00205062490209,0.0544230807812
2074,0.0870029596514,0.194146643035,-0.494254675168,2.70685099899,0,7.75081470549,0.00138246905152,0.0610387858055
2075,0.0896571412357,0.194215377743,-0.48505183085,2.71379856561,0,8.32368627423,0.00402521012743,0.0629992780903
2076,0.0871789724458,0.194039710941,-0.524365293442,2.71062815426,0,7.78773265302,0.0012664894645,0.0590709338223
2077,0.0743376988514,0.194452519855,-0.577360439163,2.70715765071,0,5.45214075774,-0.0107744983283,0.0613374212207
2078,0.0768734284192,0.198835092192,-0.594575684768,2.71275078591,0,5.86001739056,-0.00691515044705,0.0602403768452
2079,0.0799040043558,0.192390138276,-0.554250804621,2.70548756815,0,6.38005575025,-0.0061370744335,0.0581718473303
2080,0.104530311507,0.188514541432,-0.437595652432,2.700376498,0,12.2640977064,0.0178541216,0.0602223635939
2081,0.10320910703,0.184152765431,-0.456967380394,2.70310956257,0,11.8576675141,0.0157675184235,0.054987258486
2082,0.0612475428376,0.193592517225,-0.471383390317,2.70539955853,0,3.69104373086,-0.0222532383175,0.0615178541886
2083,0.108376222442,0.201542867642,-0.61463311013,2.71056887623,0,13.5187218616,0.0230968723084,0.0631183652801
2084,0.0641667116641,0.201418125631,-0.594110698217,2.7075157289,0,4.0383505785,-0.0196615165471,0.0653633580806
2085,0.0846733554811,0.195083654498,-0.533742708274,2.71644897905,0,7.27602120242,-0.000341369712536,0.0591086290038
2086,0.067488339964,0.195582420924,-0.538519434348,2.71828161027,0,4.46361975343,-0.0168234278183,0.0593878874195
2087,0.0861451587705,0.203349326408,-0.629951879119,2.71484494166,0,7.57301864088,0.000179711858173,0.063170933697
2088,0.103550838974,0.201823618989,-0.58917887616,2.70627562333,0,11.9616281061,0.0179109352054,0.0632206991495
2089,0.0802734201313,0.192718834973,-0.539935378201,2.70440106516,0,6.44597988061,-0.00506369935849,0.0547728127034
2090,0.102264637688,0.184638374034,-0.475860680153,2.7092704007,0,11.5744972839,0.0144826585555,0.0576496672141
2091,0.0731893489475,0.189082784414,-0.497473410257,2.7037514454,0,5.27519451244,-0.0108361518352,0.0710396934891
2092,0.0906501463819,0.190082718262,-0.476148096631,2.70339134917,0,8.54714679602,0.0049909279363,0.0597039797969
2093,0.056380661338,0.203843168083,-0.58993418685,2.70808530882,0,3.16259449159,-0.026853561177,0.0544997040461
2094,0.0727336329514,0.19526892811,-0.568850736098,2.7094306194,0,5.20627571459,-0.0118920633471,0.0625965840748
2095,0.0896123254638,0.189874770881,-0.45799149957,2.71156913954,0,8.31372071652,0.00370441091978,0.0575251936659
2096,0.0791201898711,0.189954401847,-0.500311773467,2.7152949129,0,6.24203367758,-0.00632714965467,0.0563608993041
2097,0.0719327915378,0.19375426079,-0.518782662439,2.70073926147,0,5.08692246691,-0.012184729307,0.0603132019532
2098,0.0599393852756,0.197160069237,-0.570927570034,2.71035490632,0,3.54298588574,-0.0234335783761,0.0599370985405
2099,0.0828035547384,0.183643395399,-0.48990722519,2.70705288909,0,6.91295671265,-0.00454644225909,0.0611445491302
2100,0.0579592351534,0.197983576606,-0.546200227161,2.71344994495,0,3.32738743053,-0.0252614749972,0.0589105191935
2101,0.0693465161135,0.200616630324,-0.573102123026,2.71764931828,0,4.71636289167,-0.0140597341644,0.0614262042312
2102,0.103258374252,0.194554168946,-0.55266223322,2.70391226464,0,11.8726058117,0.0160411065701,0.0615332208279
2103,0.0669496237004,0.196677857227,-0.600492938268,2.71768298019,0,4.39237772571,-0.0170017563075,0.0549209971004
2104,0.0920046574295,0.195533931653,-0.630643137778,2.7057589522,0,8.86027627004,0.00705132784657,0.0586092793389
2105,0.0635427150455,0.209336170817,-0.612208032909,2.70049114622,0,3.962094049,-0.0175854109104,0.0665728277372
2106,0.0745719655495,0.205967280699,-0.58865244488,2.72710583198,0,5.48882284716,-0.0092460062584,0.0612124552005
2107,0.110312538463,0.191593416393,-0.503123323438,2.70936927615,0,14.1928258853,0.0239026104998,0.0597400298201
2108,0.0685910982594,0.194555181614,-0.576337785537,2.71140595413,0,4.61228599213,-0.0162646963939,0.0608077855781
2109,0.111620536737,0.19935591955,-0.612184245614,2.71924335485,0,14.6651122976,0.0248267557808,0.066409999747
2110,0.0777212659043,0.191479950693,-0.53897341455,2.71939328324,0,6.00184134086,-0.00658875508312,0.0617561515742
2111,0.0871768091618,0.188578949351,-0.502757897483,2.70850664937,0,7.78727800559,0.00161856742039,0.0574327410381
2112,0.0614632890813,0.208399428889,-0.617823426925,2.72104158347,0,3.71590345566,-0.0200559775901,0.0615030615901
2113,0.10612464285,0.198297388206,-0.501038547647,2.70563920191,0,12.7710079649,0.0194150796255,0.0619437569024
2114,0.0937053874237,0.193507948624,-0.551147639763,2.70562748914,0,9.26744506189,0.00784928238,0.0607450772451
2115,0.0677954157519,0.20120065659,-0.61611470726,2.718862176,0,4.50463276035,-0.0158718948562,0.054438189176
2116,0.0868625571647,0.188933266912,-0.567896210226,2.70461466375,0,7.72147284146,0.00171957155869,0.0606553046875
2117,0.0973439956107,0.191842735287,-0.485052833033,2.69984672391,0,10.1935491059,0.0125194309159,0.0597435401102
2118,0.0968772336239,0.195021596117,-0.459677516529,2.71912759313,0,10.0704062614,0.0113006379763,0.0663301460144
2119,0.0748171053069,0.202111960128,-0.584691982256,2.72089326409,0,5.52742214211,-0.00802644150339,0.0660700328878
2120,0.0791194517911,0.200446695441,-0.609425786839,2.71047552738,0,6.24190488624,-0.00535486353046,0.0581759592487
2121,0.0685397967675,0.19751002324,-0.539096626674,2.70792606168,0,4.60528444793,-0.0158747141739,0.055739324478
2122,0.110579531499,0.196358055527,-0.57914056941,2.71804202047,0,14.2881045148,0.0228137631703,0.0567709283288
2123,0.0876179485777,0.19282260739,-0.583369009482,2.71516269086,0,7.88045972558,0.000915884824894,0.0590270398383
2124,0.0735193683493,0.197679908326,-0.488541229183,2.71064996497,0,5.32556276716,-0.0106399048627,0.0630999544829
2125,0.0667294829267,0.195613023393,-0.575784604614,2.70935957326,0,4.36352323908,-0.0174447552805,0.054717860266
2126,0.0973349782595,0.198251461155,-0.524841662025,2.70916066687,0,10.1911576873,0.01247871842,0.0609496421695
2127,0.0872172540932,0.188446711009,-0.515283468572,2.71447465792,0,7.79578187308,0.00269423921138,0.0577917336754
2128,0.0759750476513,0.192986565865,-0.486464089237,2.70081972189,0,5.71275402783,-0.00843138399458,0.0588697532105
2129,0.0866433884471,0.192400106394,-0.526362140609,2.71237580223,0,7.67585910974,0.00076440674247,0.0597170284021
2130,0.0820924827979,0.194830149088,-0.498605930532,2.70816425549,0,6.77894653341,-0.00277232906055,0.0587413590231
2131,0.0823216205788,0.200940966459,-0.571795563913,2.71264999982,0,6.82189022333,-0.00277190043412,0.0605093937287
2132,0.0772111772411,0.189051412508,-0.574933494003,2.70427342424,0,5.91618090579,-0.00863860506584,0.0596021051979
2133,0.0997809974403,0.184977700853,-0.444971841499,2.70439580635,0,10.8581801253,0.010908053205,0.0535977611812
2134,0.0668235807512,0.198327820781,-0.564612000571,2.71156680952,0,4.37583869904,-0.0174127456263,0.0591123086816
2135,0.0739058150374,0.188406597641,-0.472007965652,2.70822164431,0,5.38503724647,-0.0114961205019,0.0627420410433
2136,0.0831233483671,0.193950200166,-0.522137679387,2.71121661347,0,6.97394681363,-0.000503192280184,0.0640724749097
2137,0.0921373320813,0.196500533824,-0.572096134619,2.70740563364,0,8.89147295909,0.00682700821948,0.0638614517703
2138,0.0877726662341,0.193875879201,-0.514288688139,2.71626007709,0,7.9133651623,0.00290740537494,0.0576177192754
2139,0.0842022269536,0.19265112289,-0.508643112666,2.7017558312,0,7.18305995313,-0.00109167000726,0.0583501383143
2140,0.0750108022293,0.189796940164,-0.523061980828,2.70613978051,0,5.5580773842,-0.0103258908901,0.0625925039513
2141,0.0793042048425,0.192414524491,-0.544190134729,2.70537701252,0,6.27421220286,-0.00616981326626,0.0607301109133
2142,0.100579915669,0.192924504337,-0.478744805464,2.70844662232,0,11.0842065311,0.0143631863486,0.0632269169777
2143,0.0817095088778,0.197075015527,-0.573354369442,2.70336897084,0,6.70767738197,-0.00405710447372,0.0572741905294
2144,0.0747520569493,0.205557477176,-0.576067421003,2.70370532853,0,5.51715827193,-0.00805545756226,0.0576898799314
2145,0.102855285402,0.206828370848,-0.608442462794,2.71056510592,0,11.7508740348,0.0182248774784,0.0639850635304
2146,0.0587369403886,0.197546319854,-0.616290151103,2.71156894179,0,3.41086389563,-0.0249890375768,0.0573345905441
2147,0.0454028592864,0.204174095787,-0.590543872094,2.70634670968,0,2.17250395103,-0.0370557246342,0.0527435607608
2148,0.0871565779835,0.213074160763,-0.622561264497,2.71753150553,0,7.78302720676,0.00401713727315,0.0707098386771
2149,0.0910356594412,0.185484031697,-0.515771514146,2.70772401836,0,8.63528082386,0.00515255113567,0.057010422437
2150,0.0696107130253,0.194624662867,-0.589481205377,2.70697791047,0,4.75319844236,-0.0148748233741,0.0636769730276
2151,0.0818189940142,0.191263937505,-0.49888977833,2.70450371401,0,6.72798756555,-0.00441775743254,0.0664413598566
2152,0.106917934175,0.19498920934,-0.592565907841,2.70137660488,0,13.0301208573,0.0209934517596,0.0595341843881
2153,0.0899837515285,0.200784528774,-0.552353613745,2.71703822142,0,8.39662396015,0.00547762136571,0.0622823820938
2154,0.0768823901523,0.194609517565,-0.476337178381,2.70527610836,0,5.86150193758,-0.00937462246223,0.0548174868821
2155,0.0982000371482,0.192602225996,-0.55748750277,2.71097872524,0,10.4228242681,0.0121993708166,0.0657554886406
2156,0.103262083566,0.19409391012,-0.479059490883,2.70524496028,0,11.8737311869,0.0189753231282,0.0649840453199
2157,0.0785018297249,0.20418763577,-0.620379567343,2.71786673033,0,6.13490133001,-0.00325503468014,0.0589787008314
2158,0.0925426619486,0.195656254052,-0.579355936088,2.70737883207,0,8.98736989366,0.0073544973498,0.0573932669343
2159,0.0724084360065,0.194987078379,-0.552817724241,2.71234269236,0,5.15754116815,-0.0120761414451,0.0633485101501
2160,0.0907241851925,0.196133701036,-0.521101552378,2.71329030414,0,8.56401280687,0.00648065676395,0.0582534883825
2161,0.0894252622539,0.184268676917,-0.454153663616,2.69486973119,0,8.27223447993,0.00299626217659,0.0581760898911
2162,0.103596855907,0.187397253667,-0.46390300639,2.69289848035,0,11.9756888241,0.0172876700889,0.0586487302024
2163,0.073873764047,0.197110052802,-0.564633160622,2.71238042416,0,5.38008419448,-0.010347909071,0.0612514054015
2164,0.110689440056,0.186979403548,-0.481106240657,2.70588736934,0,14.327492981,0.0231291731637,0.0558345895648
2165,0.0755018617326,0.20461934494,-0.614781317298,2.71798339608,0,5.63641601087,-0.00748699515999,0.0590776512345
2166,0.0868633602007,0.193483601839,-0.584838920753,2.70310347838,0,7.72164039379,0.0028779303096,0.059064051977
2167,0.0724158279981,0.199661289686,-0.587382241915,2.71843452386,0,5.15864484568,-0.0112826272905,0.0572100424249
2168,0.0812006465773,0.192557825101,-0.489404966607,2.69989675627,0,6.61395192808,-0.00321892287942,0.0580747389723
2169,0.0892989258855,0.200632401231,-0.612581197923,2.71375931494,0,8.24431662047,0.00435688426307,0.0625920314895
2170,0.113270449388,0.199552476427,-0.605727979653,2.70866924505,0,15.2810161568,0.0264890845345,0.0648797234838
2171,0.0893208646817,0.203136649146,-0.534646790145,2.70601596266,0,8.24915885801,0.00681038728032,0.0613138363172
2172,0.0987313633486,0.189108923071,-0.568212675003,2.70603262224,0,10.5673943189,0.0131885104088,0.0584563536669
2173,0.0937320594722,0.191292818834,-0.556845684699,2.70058917545,0,9.27395755119,0.00818963180341,0.0586191702958
2174,0.0758188745112,0.195312625107,-0.548780588973,2.71280531166,0,5.68746609687,-0.00700531783209,0.0598423718423
2175,0.0788196340047,0.188943671092,-0.521113713902,2.71762795067,0,6.18976989889,-0.00708781084316,0.0655130372551
2176,0.101783035115,0.207733257483,-0.625922828551,2.7073067816,0,11.4324216675,0.0169375702695,0.066162376935
2177,0.087678284459,0.199326097835,-0.643975707967,2.71189833175,0,7.89327807661,0.00228165466464,0.061072792493
2178,0.0578904875349,0.194822680143,-0.555517896333,2.71985344445,0,3.32008179546,-0.0264406444691,0.060069596843
2179,0.0837878265555,0.195191304178,-0.57920857946,2.70991933832,0,7.1021227567,-0.000791770847219,0.0579291936951
2180,0.10372721479,0.201755318123,-0.581485764455,2.71324570933,0,12.0156003401,0.0184325336757,0.0602418874096
2181,0.058223669511,0.191994742312,-0.52798846157,2.71026698071,0,3.35559908096,-0.0259032119044,0.0632866061883
2182,0.0925065722981,0.196597920245,-0.467200467813,2.71216309991,0,8.97879532473,0.00756901749202,0.0619044274579
2183,0.0882431966019,0.188638546826,-0.482336715479,2.70873503637,0,8.0141598356,0.00227206744356,0.0606419851828
2184,0.0668823774972,0.199308247398,-0.642757557623,2.71343410416,0,4.38354777578,-0.0149001240669,0.0612272522604
2185,0.0757733081977,0.197887474253,-0.531424641656,2.71747232255,0,5.68010516812,-0.00802450010999,0.0627681875125
2186,0.0850364058327,0.204055306309,-0.640977436707,2.71034239352,0,7.34834877532,0.00173560853159,0.058987945511
2187,0.0717949313761,0.185504048676,-0.428873531486,2.7069037997,0,5.06660043393,-0.0140156215622,0.0545877048765
2188,0.0699744463035,0.190038509298,-0.496236210024,2.70870003049,0,4.80428541227,-0.0150921516802,0.063450261126
2189,0.0919500827482,0.201498676841,-0.580326920699,2.71950495498,0,8.84747123662,0.00582734827864,0.0568240368379
2190,0.0979348390884,0.189848711602,-0.487738303674,2.70945989317,0,10.3513173372,0.0121461679438,0.0531492000975
2191,0.101788391596,0.1889799434,-0.520490405396,2.71357149251,0,11.4339933393,0.0143281430019,0.0559378629286
2192,0.0697119297714,0.201660091726,-0.579259037227,2.71288616209,0,4.76737092787,-0.0145661742476,0.0604457733625
2193,0.118777390564,0.192835422581,-0.551110446999,2.7130116455,0,17.5098302193,0.0311962392621,0.057692195989
2194,0.0894427223179,0.197445548651,-0.582110575731,2.71152024182,0,8.27609918202,0.00496715833398,0.062787210743
2195,0.0833596801965,0.203662192071,-0.62280384705,2.70700453477,0,7.01930951131,0.00102066387951,0.0637988755583
2196,0.112387033684,0.190577456324,-0.465474058305,2.71806158058,0,14.9484025016,0.0237313751833,0.0551662793793
2197,0.0987247933295,0.192409909162,-0.439290283263,2.69618231229,0,10.5655959682,0.0123959197088,0.0587687636833
2198,0.0703168178906,0.195040943412,-0.575798794349,2.71142043568,0,4.8527704152,-0.0132139044101,0.0587181883
2199,0.0757080115979,0.187774284452,-0.523544375624,2.71310205298,0,5.66957052505,-0.00865863998817,0.0596650718168
2200,0.0798055630633,0.19066429766,-0.444150539592,2.69619074405,0,6.3625833247,-0.00465987709003,0.0611152975895
2201,0.0781135851562,0.189762474315,-0.480885362548,2.70172304945,0,6.06841757076,-0.00829960223943,0.0633955836994
2202,0.108194081425,0.19342534367,-0.59102478721,2.71959134191,0,13.456812937,0.0202428631866,0.0599520871851
2203,0.110539518695,0.19107922512,-0.457369685845,2.70513319515,0,14.2737891112,0.0235471170602,0.0634779141992
2204,0.0884493539368,0.190247145044,-0.538441035401,2.71387796309,0,8.05866630128,0.00241520510343,0.0551047798478
2205,0.0935578751563,0.188371823625,-0.511899829099,2.70562578728,0,9.23149875035,0.00757649553439,0.0596602181191
2206,0.0912581886326,0.196971522984,-0.615101092115,2.70580609617,0,8.6865098774,0.00715992530263,0.0657627582074
2207,0.0956081377376,0.190494378689,-0.554799298106,2.72481727929,0,9.7421390173,0.00807778214532,0.0555701283056
2208,0.0720114331794,0.202992334405,-0.601752436097,2.70955036357,0,5.09854437247,-0.0113052242035,0.0651670505531
2209,0.0708398691274,0.19910271797,-0.554863919943,2.7101742658,0,4.9275951061,-0.0128664161348,0.0602591954449
2210,0.084860170187,0.202570962185,-0.633971031104,2.71765278413,0,7.31316319666,0.0013384770607,0.062678047789
2211,0.0611072501394,0.207187005772,-0.567322467746,2.71088791861,0,3.67494593032,-0.0206670220288,0.0593289254205
2212,0.0696519343834,0.207576331503,-0.589646730332,2.72156700536,0,4.75896625785,-0.0126007004059,0.0615387615571
2213,0.0775677683917,0.188432453009,-0.511737329019,2.70574220604,0,5.97595740448,-0.00830205063394,0.0560629114338
2214,0.0608001100163,0.205862067008,-0.59584678713,2.71439326841,0,3.6398885514,-0.0213275223739,0.0595187385544
2215,0.0887193803835,0.195922950041,-0.460921955056,2.70858545229,0,8.11728092426,0.00429995125354,0.0649244964592
2216,0.113580702759,0.18509523731,-0.418823932743,2.69976241522,0,15.3994040435,0.0257902287449,0.0592882958454
2217,0.0888770180752,0.202006024753,-0.60694896354,2.71300631366,0,8.1516677378,0.00439852392728,0.0603577634156
2218,0.0829878058905,0.187233614137,-0.546241887053,2.70449078439,0,6.94804156223,-0.00258512177348,0.054677662077
2219,0.117189482189,0.188475858133,-0.459529696761,2.70173209706,0,16.8387196266,0.0291643380573,0.060473016412
2220,0.0690862759224,0.201637412326,-0.574862107517,2.71806946993,0,4.68030077108,-0.0152233645892,0.0548850949973
2221,0.0627364103525,0.1910176627,-0.496221170389,2.70599185067,0,3.86520045971,-0.0214094339813,0.059057661585
2222,0.0813385607521,0.208341763106,-0.606424598792,2.71473752137,0,6.63924500173,-0.000546337331004,0.063357267455
2223,0.0990692699592,0.186098531041,-0.477146411648,2.71311804336,0,10.660249782,0.0112594651543,0.0567127345496
2224,0.0942292737789,0.190990825274,-0.524507843073,2.70654569052,0,9.39609157036,0.00847668319727,0.0627988178974
2225,0.0788061406216,0.200815078466,-0.565957903931,2.70444535338,0,6.18743205605,-0.00539658231047,0.058916508979
2226,0.0779013262002,0.182247402825,-0.503634092266,2.7045427907,0,6.03232220659,-0.00937499524567,0.0555016839571
2227,0.0742615724041,0.189948849355,-0.526275400017,2.71019838742,0,5.44026366495,-0.0100485739141,0.0607983240752
2228,0.088560148811,0.206179539151,-0.614181020384,2.71141853929,0,8.08267256871,0.0042765160183,0.0576189647848
2229,0.0722328949622,0.201559423445,-0.592884151333,2.71345134632,0,5.13138744114,-0.0117629219966,0.0617178850218
2230,0.0861167961741,0.198355773431,-0.55510806692,2.71892204773,0,7.56719966797,0.00132746673205,0.0617850660775
2231,0.0884748882751,0.194750203675,-0.605610874622,2.71823744654,0,8.0641934891,0.00348521928479,0.0564687059333
2232,0.0844988884016,0.201065517043,-0.637284108447,2.71510325654,0,7.24147825949,0.000324702899777,0.0640454531872
2233,0.0785441710127,0.198332681306,-0.552965628532,2.71072062606,0,6.1421881915,-0.00668596533789,0.0599651600367
2234,0.0911705962745,0.196818963301,-0.579202607268,2.70299018271,0,8.66631382292,0.00550184498634,0.0585090473624
2235,0.0646522801882,0.197775857722,-0.504902937846,2.71182551686,0,4.09846859166,-0.0190160779648,0.0573514809537
2236,0.0936917055482,0.185463685431,-0.49076223253,2.70707517081,0,9.26410591156,0.00640816132488,0.057638547545
2237,0.0863056032582,0.193651156318,-0.555296458968,2.70909799438,0,7.60600763573,0.000858516951253,0.0575927062794
2238,0.0874018404477,0.202534433697,-0.605848395493,2.70798203011,0,7.83469318913,0.0030692414003,0.0616406362003
2239,0.0686304107483,0.205224336348,-0.537085256781,2.71167653783,0,4.61765698697,-0.0144950206432,0.0624060580813
2240,0.0636102380267,0.204491393664,-0.579426123038,2.71248012811,0,3.97029194856,-0.0186378611434,0.0639217988531
2241,0.0529915625519,0.191778406373,-0.563742544918,2.70277106579,0,2.82893391712,-0.0314935978073,0.0651253542251
2242,0.109981162725,0.18941625497,-0.465258970781,2.71450942585,0,14.0753656703,0.0221131435514,0.0577168637682
2243,0.073704468917,0.191392506597,-0.513860920684,2.70024769278,0,5.35398313001,-0.0115798274539,0.0592577217707
2244,0.107083466492,0.193022626898,-0.483917622932,2.7058536665,0,13.0847767606,0.0202343035979,0.0662925108616
2245,0.0804409608527,0.195559871959,-0.543258183397,2.71047555256,0,6.47606467007,-0.0038562308389,0.0571805560627
2246,0.0726681376998,0.184023280135,-0.523993995828,2.69862682079,0,5.19643075886,-0.0129349670726,0.0639141311388
2247,0.10047184592,0.201665362526,-0.646026710867,2.7122689251,0,11.0533914075,0.0149955388472,0.0660799046022
2248,0.084880705587,0.195768929145,-0.595761429664,2.70370199269,0,7.31725575324,0.000344916925433,0.0602789286674
2249,0.10116385619,0.192321910332,-0.609658484956,2.71134888786,0,11.2520268483,0.0151521718829,0.0636013936368
2250,0.0927266082973,0.187136362077,-0.488800886323,2.70022267774,0,9.03118404829,0.00642166759472,0.0553051322351
2251,0.0769242423589,0.188620725689,-0.49746491455,2.71422138107,0,5.86843901428,-0.00808241129108,0.0573247377689
2252,0.0592384979736,0.191257325946,-0.571776037077,2.71153358473,0,3.46551848288,-0.0240678965152,0.0598017655393
2253,0.0914459526469,0.203880579641,-0.612682498322,2.71625809433,0,8.72993917315,0.00735136450464,0.0638380491719
2254,0.068836928809,0.191751560632,-0.585267419069,2.70162634004,0,4.64595340559,-0.015668412316,0.0572010302213
2255,0.077842142732,0.191069262886,-0.577855565565,2.71636453967,0,6.02228949508,-0.00768931383575,0.0586193839296
2256,0.0912871740091,0.193437869056,-0.518084130318,2.70796734026,0,8.69320192739,0.00647827366424,0.0617352105574
2257,0.0762235258948,0.193547359485,-0.617079067621,2.71581700944,0,5.75317784798,-0.00944928553859,0.0616296125587
2258,0.0787699063781,0.186945244668,-0.572957581938,2.71124335311,0,6.18115778292,-0.00728519286946,0.057909823782
2259,0.0634786243138,0.196474681474,-0.63475665399,2.70836219549,0,3.95432488349,-0.0198766625703,0.0600473692795
2260,0.0660109212751,0.196033256207,-0.518796466589,2.70730661526,0,4.27036883164,-0.0184038775698,0.0634151750857
2261,0.0905322561471,0.202222658932,-0.57215808181,2.71078766523,0,8.52035045674,0.00634124602005,0.0617354153445
2262,0.0922151006864,0.18612113692,-0.566848521362,2.70484759662,0,8.9098033139,0.00582363300913,0.0615713234186
2263,0.084629906797,0.202533510274,-0.561734565473,2.70747090017,0,7.26740575155,-9.90426659979e-05,0.0635405799951
2264,0.0751550560365,0.1938622256,-0.526483346935,2.70830826613,0,5.58099745119,-0.00871804890691,0.0604143003975
2265,0.0905319282073,0.193741713249,-0.611658676177,2.71156366819,0,8.5202760173,0.00594786383109,0.0606344195883
2266,0.0788683113516,0.190174653267,-0.453109607106,2.71749434857,0,6.19820973944,-0.00620325275097,0.0585108294264
2267,0.0965818972709,0.200184737211,-0.56820711774,2.70230691294,0,9.99316353704,0.0124048203392,0.0598093295566
2268,0.0886412626866,0.1982960173,-0.546747452376,2.71518279723,0,8.10028653599,0.00549560347008,0.0665563371071
2269,0.0786551192059,0.190487555691,-0.584432773264,2.70647710555,0,6.16131613904,-0.00650305048611,0.0610458389049
2270,0.0675833135262,0.209315854167,-0.602389445354,2.71319676412,0,4.47627292376,-0.0153973613556,0.0571436273582
2271,0.0833881026884,0.193644632182,-0.482008862142,2.70870835249,0,7.02478175099,-0.000685875008642,0.0657852652517
2272,0.0877594584088,0.197493678167,-0.509971619815,2.71227609383,0,7.91055154408,0.00323120165108,0.0590800063683
2273,0.108206575361,0.195218395702,-0.529772972713,2.71120647707,0,13.4610514491,0.0222809725846,0.0616222084779
2274,0.0692087019316,0.192681634929,-0.506559423556,2.7101997762,0,4.69723830998,-0.0157178035009,0.0650751249514
2275,0.10517288245,0.184039497079,-0.443876828685,2.70714588675,0,12.4662035837,0.0171783666164,0.0619350885589
2276,0.0820907839151,0.192488849228,-0.489722713724,2.70525317665,0,6.77862898677,-0.00318481185241,0.0630252449164
2277,0.0640857711878,0.196552935041,-0.560844614086,2.70629005583,0,4.02839588691,-0.0202610493607,0.0640776204567
2278,0.0906923358232,0.197686171123,-0.630780761849,2.70265147474,0,8.55675402515,0.00675457683185,0.0618398625258
2279,0.0777691969384,0.203277793923,-0.632454883524,2.70404335475,0,6.00994274496,-0.00526915535904,0.0606931634879
2280,0.0854559263267,0.198912546557,-0.522085987192,2.70550241247,0,7.43268344715,0.00208014473913,0.063659491592
2281,0.0909299414814,0.190397958978,-0.550974693642,2.70283386436,0,8.61103458072,0.0045400297749,0.0643586651532
2282,0.0849808769779,0.185321761184,-0.47277231714,2.70788554529,0,7.33724697553,-0.00144147068286,0.0577640700973
2283,0.0916125840856,0.189741145532,-0.561603311249,2.70194075295,0,8.76863731511,0.0052576905045,0.0525094151068
2284,0.097048074068,0.193842100419,-0.499773863361,2.71092444512,0,10.115326106,0.0115445028915,0.0509971017081
2285,0.0972022017468,0.198106991897,-0.597364747644,2.70810276246,0,10.1560019265,0.0120910651936,0.0597995581807
2286,0.0803432490043,0.188551508778,-0.511990849628,2.70011289997,0,6.45850466859,-0.00532330435602,0.0554078820598
2287,0.0683940516269,0.196584294161,-0.593186676575,2.70944864142,0,4.58543918147,-0.0155899941387,0.0597138789745
2288,0.0826299864975,0.196221639029,-0.597926445913,2.69905114116,0,6.88004233881,-0.000733844221991,0.0623337203513
2289,0.0783608927611,0.196918272096,-0.538316035955,2.71623754117,0,6.11069778826,-0.00586157318498,0.0567834158559
2290,0.0847095188165,0.197837439056,-0.604764971783,2.71168726634,0,7.28319862192,0.00119731267878,0.0614184665268
2291,0.102401684738,0.201701918753,-0.558047086465,2.7081697177,0,11.6152114743,0.0187334625768,0.0608453972758
2292,0.0766692085945,0.201274138739,-0.593273356456,2.70202020485,0,5.82627114592,-0.00753482020528,0.0634469710605
2293,0.0714147282771,0.212193589961,-0.629373808421,2.70496249156,0,5.01089200553,-0.00933819369918,0.0668012516635
2294,0.0693159080051,0.192674781657,-0.535452010761,2.71015167794,0,4.71211005553,-0.015756959293,0.0582026056794
2295,0.078965725849,0.189717919307,-0.479906033033,2.70950405035,0,6.21512840654,-0.00701847382496,0.0584244350808
2296,0.0801657958449,0.186273005118,-0.509244248361,2.7099587137,0,6.42671555152,-0.0041091933714,0.065424720445
2297,0.0778910564781,0.198032814657,-0.571745587837,2.7016653889,0,6.03058030771,-0.0067452204105,0.0579428802109
2298,0.0669715292247,0.192164353916,-0.468596720494,2.70927558434,0,4.39525709735,-0.0175423428177,0.0616012661762
2299,0.0834703562426,0.187338812598,-0.549239674521,2.71573708744,0,7.04063843205,-0.00275627686464,0.0576042248728
2300,0.0937650222548,0.189223706928,-0.5073566715,2.70985794788,0,9.28201153091,0.00837288856826,0.058314506225
2301,0.0669333875973,0.188670818765,-0.453067993352,2.71454587215,0,4.39024452464,-0.0167770306476,0.0669647094151
2302,0.113396978314,0.194690951639,-0.481037200035,2.70299654904,0,15.3291980668,0.025901273924,0.060110183624
2303,0.0997547422214,0.189892624963,-0.62895169818,2.70665514538,0,10.8508215441,0.0130040975421,0.064619827404
2304,0.111990337124,0.19439449757,-0.513200378868,2.69777484554,0,14.8011776727,0.0261336188057,0.0608265890641
2305,0.086056719891,0.200559635289,-0.612469386875,2.69802207968,0,7.5548867393,0.00235138678021,0.0646536252457
2306,0.0705495733088,0.193463448324,-0.568850736098,2.71507417404,0,4.88595422219,-0.0145993969907,0.062090051986
2307,0.0841501072268,0.197119051998,-0.585960142985,2.71401721208,0,7.17283778965,0.00022656757249,0.0529403861885
2308,0.0765356268687,0.189317036962,-0.515271147505,2.70298550024,0,5.80428388747,-0.00984506952086,0.0601579658195
2309,0.102224943049,0.184517649694,-0.445405831826,2.70869807404,0,11.5627283443,0.0150454028078,0.0559369705075
2310,0.0723061084146,0.191453204455,-0.489520819716,2.71069581494,0,5.14228244718,-0.012888248458,0.0640876908168
2311,0.0770720830745,0.187108579943,-0.561259576191,2.71296905934,0,5.89299789865,-0.00921157829117,0.0592630289007
2312,0.0954426488513,0.198117720212,-0.609659829947,2.71601467119,0,9.70002945289,0.0114844573774,0.0638676346459
2313,0.0867042577805,0.185042927537,-0.512140760732,2.72003419131,0,7.68850427028,0.000982853201993,0.0597017581023
2314,0.0887687266161,0.199849316618,-0.604126109235,2.71609865632,0,8.12803184562,0.00432961823277,0.0643330338565
2315,0.0888099363421,0.198252443174,-0.498877011406,2.71442980734,0,8.13701942934,0.00396492584738,0.0598606220273
2316,0.0645634579776,0.211023014072,-0.615010897773,2.70438752227,0,4.08742025534,-0.0178806212536,0.0607109513486
2317,0.0981721614707,0.199770428579,-0.534609380866,2.70631924481,0,10.4152876608,0.0141590239773,0.0686925338862
2318,0.0791720956132,0.195491015139,-0.631285084094,2.71016682677,0,6.25109650055,-0.00598227679167,0.0568533126674
2319,0.090305318931,0.197056120409,-0.574131484188,2.69975530726,0,8.46897129552,0.00427609649536,0.0660794571039
2320,0.102247383454,0.199323429274,-0.589662442956,2.70748135263,0,11.569380328,0.0161739176628,0.0600666849022
2321,0.0598423506747,0.196466055034,-0.566578854551,2.71328836809,0,3.53218433113,-0.0233570785852,0.0652203596801
2322,0.0944410490072,0.189288700866,-0.550941389311,2.70427220898,0,9.44853416974,0.00868339112772,0.0545828124764
2323,0.098453995635,0.208330764634,-0.587853616163,2.69997278125,0,10.4917064576,0.0139374784497,0.0626685373418
2324,0.0997247342582,0.197198248064,-0.520929802927,2.70590657662,0,10.8424165538,0.015916960338,0.0692681902638
2325,0.085113205517,0.190343554661,-0.524450236159,2.71074337154,0,7.36372664718,3.97261919009e-05,0.0576470291335
2326,0.0857493164041,0.189116411319,-0.48782562632,2.71356094796,0,7.4921487099,-0.000211122941901,0.0596063746386
2327,0.0673408704758,0.213697671392,-0.615224254838,2.70519719485,0,4.44402833404,-0.0147516809986,0.0598503418075
2328,0.0878339806662,0.187679499537,-0.515897236461,2.70845670989,0,7.92643795957,0.00180320546337,0.0587164094726
2329,0.0780378107656,0.192944043584,-0.52471051348,2.71032406601,0,6.05551147686,-0.00683796264902,0.0576254017814
2330,0.0697436960932,0.21315982982,-0.5828811969,2.71435409644,0,4.77182580179,-0.0120366896876,0.0617802371816
2331,0.0797585497648,0.20021426504,-0.641525814861,2.71424309521,0,6.35425293638,-0.00458382684246,0.0619742387855
2332,0.0865437359526,0.198101596065,-0.531628789232,2.70985611103,0,7.65519522159,0.00174158998796,0.0603596726957
2333,0.0950942483365,0.199811958656,-0.608275556565,2.71333675185,0,9.61189521997,0.00969574006108,0.0630456404096
2334,0.0794198780103,0.190482704869,-0.508145980863,2.71364322288,0,6.29451018627,-0.0064673989945,0.0598163563649
2335,0.0977482231591,0.186820527219,-0.476875468362,2.7081793703,0,10.3012571885,0.0106845165441,0.0596726234289
2336,0.0862556800504,0.196381411483,-0.534313138298,2.71141128324,0,7.59572986501,0.00143387427879,0.0599719124745
2337,0.0842183903019,0.201611478408,-0.610179020763,2.71788697379,0,7.18623254289,-0.000455060469641,0.0598132971547
2338,0.091876117707,0.196460587268,-0.578704826325,2.71591899144,0,8.83014209883,0.00621334011284,0.0600731904867
2339,0.0949301053312,0.18705924706,-0.5387241671,2.71367891817,0,9.57061457097,0.00743826524513,0.0630194545004
2340,0.0999231088562,0.188008117179,-0.490767429389,2.69701359543,0,10.8980861706,0.0124135969804,0.0538113459843
2341,0.0810754409982,0.199492847058,-0.494047670094,2.7051862595,0,6.5910593256,-0.00440653967914,0.0587444103149
2342,0.0967376533149,0.191087917811,-0.5442171016,2.70770607804,0,10.0338353985,0.0102891793476,0.0542151395991
2343,0.0778032884284,0.197381100167,-0.489722713724,2.70753504442,0,6.01571044459,-0.00663295260494,0.0621579155223
2344,0.0781872659917,0.200322993164,-0.602344963898,2.71434863573,0,6.080988851,-0.0067235293121,0.0582067394603
2345,0.0699501339777,0.196238111782,-0.593387908723,2.70845102498,0,4.80085714461,-0.0145994910226,0.0638889613591
2346,0.0650302632521,0.207327213893,-0.56665854117,2.70649158904,0,4.14574333276,-0.0163656453816,0.0635763337872
2347,0.0949539551564,0.192546423687,-0.516570869116,2.70509346477,0,9.57660300834,0.00982645395123,0.0599206426897
2348,0.075247313958,0.207863721724,-0.59919151691,2.71127199497,0,5.595696405,-0.00876586984092,0.0565285886935
2349,0.081143273802,0.191766714776,-0.5429010964,2.70714139092,0,6.60345365539,-0.00250924748494,0.0564017024193
2350,0.10197612812,0.189473452479,-0.405628282027,2.69593153064,0,11.4891988912,0.0145747271655,0.0599065270261
2351,0.0874228910126,0.197078048989,-0.558108984505,2.70442420163,0,7.83914120655,0.00167813742583,0.0573904710878
2352,0.104098326875,0.188682048597,-0.526071466188,2.70401867994,0,12.1298698204,0.0174882213761,0.0575204828192
2353,0.0815472025047,0.197766388585,-0.552762200593,2.71324350997,0,6.67766293928,-0.00153065119149,0.0585697411463
2354,0.0700070479374,0.196830621165,-0.481936837389,2.70583038895,0,4.80888560853,-0.0145288393955,0.0600317505741
2355,0.0617769298811,0.193848844702,-0.551528114003,2.71041408434,0,3.75226929996,-0.0237262171208,0.0558010588418
2356,0.095169102424,0.187299333992,-0.487059254122,2.71636637309,0,9.63077184399,0.00847067324011,0.0629246434863
2357,0.102639329741,0.194660423597,-0.560204168275,2.71403271284,0,11.6861121436,0.0157008121266,0.0579083975875
2358,0.0744415910718,0.186586483104,-0.451701836549,2.70682503192,0,5.46838379908,-0.011739479518,0.0696202024511
2359,0.0792093425678,0.188462601349,-0.549090841059,2.70831723086,0,6.2576065959,-0.00686613695553,0.0575658463769
2360,0.0902993513558,0.181121716273,-0.456631688279,2.71171049314,0,8.46762382563,0.00211880738615,0.0634793725974
2361,0.079781882111,0.190422586055,-0.55395521514,2.7107857112,0,6.35838611197,-0.00600179339575,0.0566690933486
2362,0.0707432456759,0.195792579255,-0.556807969572,2.71208166237,0,4.91370380351,-0.013417660525,0.06205629707
2363,0.0766929512248,0.201158886515,-0.595068530366,2.70483992896,0,5.83018627431,-0.00724186350593,0.0560825440098
2364,0.0632849401192,0.201366823284,-0.617563449428,2.71039312373,0,3.93091724053,-0.0195422410512,0.0589867200797
2365,0.0857434300506,0.194114432353,-0.54262010589,2.70948970051,0,7.49095169062,0.000176238082954,0.0614927881246
2366,0.0975404292746,0.198232673212,-0.597165622667,2.71519054924,0,10.2457657894,0.0112477888465,0.0585198914342
2367,0.0842807893075,0.193462916697,-0.501853922277,2.71913043772,0,7.1984915041,-0.00157794693902,0.0606069238659
2368,0.111339142858,0.193193698288,-0.506674938208,2.71704560229,0,14.5623309906,0.0240541572938,0.0601188961592
2369,0.0692087019316,0.192681634929,-0.506559423556,2.7101997762,0,4.69723830998,-0.0157178035009,0.0650751249514
2370,0.0817205101509,0.190403256655,-0.572071825246,2.70904488716,0,6.70971586574,-0.00407699929014,0.0616460938836
2371,0.0922172753736,0.186242212209,-0.557376555246,2.70631973458,0,8.91031636507,0.005581597719,0.0577732621233
2372,0.100226295322,0.198300710753,-0.62109979041,2.70391636039,0,10.9836554728,0.0153512747296,0.0630021158373
2373,0.0775928668295,0.209839404445,-0.620049939074,2.7169674632,0,5.98018339567,-0.00586634041141,0.0620100329115
2374,0.0885653632267,0.19120561331,-0.452499933364,2.70286072859,0,8.08380389819,0.00254405652675,0.061685951008
2375,0.0784700448839,0.205983220127,-0.561501641156,2.70889745218,0,6.1294359124,-0.00335646684147,0.0631826219555
2376,0.085925684676,0.187107100667,-0.467891335566,2.72088191445,0,7.5280894345,-0.00085091546808,0.0615466322478
2377,0.0651679275614,0.202778813618,-0.613675129892,2.71266455738,0,4.16306563635,-0.0199379428144,0.0552417371234
2378,0.100304967934,0.189561859217,-0.468414956252,2.70466070815,0,11.0059560103,0.0139697911346,0.0584734750658
2379,0.110476322664,0.182396712573,-0.473546611273,2.7087966702,0,14.2512056826,0.0214961968107,0.0590332932473
2380,0.0647759469203,0.201543189503,-0.62784674457,2.70971272803,0,4.11388956545,-0.0184724226782,0.0628921909914
2381,0.0837730159598,0.190030444426,-0.531023449529,2.70308304645,0,7.09924437025,-0.00140587940708,0.057409278287
2382,0.097168096631,0.198143201844,-0.540917546698,2.7074203125,0,10.1469889361,0.0133622096375,0.063189157186
2383,0.0893287079035,0.185384705809,-0.506380665172,2.70719277015,0,8.25089057219,0.0031263562032,0.0568749139514
2384,0.105271570174,0.194234367812,-0.583130774363,2.7033891394,0,12.4975046523,0.0196994211702,0.0610964569528
2385,0.0843894837899,0.184535627929,-0.470409574236,2.706851878,0,7.21988788039,-0.00234370889298,0.0665869779978
2386,0.0759431241078,0.192447962652,-0.505779130572,2.70424568041,0,5.70757742587,-0.00890734512782,0.0607798647001
2387,0.0796779940919,0.18644128345,-0.582108814133,2.71106941929,0,6.3400001664,-0.00656741000322,0.0625644131699
2388,0.109660236475,0.191592942182,-0.477681317072,2.70950385056,0,13.9624420411,0.021918338851,0.0607971829078
2389,0.080249554773,0.198061832458,-0.550184696975,2.71479179945,0,6.44170393266,-0.00339324315461,0.0677008945329
2390,0.0811712389093,0.200237831674,-0.583002404651,2.70910076829,0,6.60856906941,-0.00485836358295,0.0609836963426
2391,0.0879583644272,0.194807645256,-0.493609025031,2.70504874838,0,7.95301437144,0.00388041155718,0.0635731127406
2392,0.08285809382,0.205074900138,-0.602724084526,2.72072284665,0,6.92332642296,-0.00160143752374,0.0548769968006
2393,0.097395594954,0.197148499764,-0.562120484862,2.71246607608,0,10.2072428027,0.0126679689081,0.0596537532151
2394,0.079016037408,0.185973924516,-0.529329611578,2.70525166937,0,6.22388133894,-0.00713265413842,0.0598869425824
2395,0.0800527577499,0.205811661073,-0.654435038846,2.71352753494,0,6.40653377557,-0.00158368693228,0.0682344636539
2396,0.0820913225009,0.188578004502,-0.533248017914,2.71595606853,0,6.77872965518,-0.00261010594273,0.0606154613488
2397,0.08010654786,0.204307717416,-0.599381626657,2.71944720907,0,6.41613085499,-0.00447081224081,0.0627948521314
2398,0.0718925342252,0.185674508755,-0.531731449201,2.70247994822,0,5.08098136051,-0.0132988438245,0.0642189860825
2399,0.089318355318,0.197824332473,-0.627681464135,2.71325258083,0,8.24860487844,0.0046857841605,0.0617215946495
2400,0.0807230718197,0.199732289492,-0.541316297795,2.71165940346,0,6.52698677942,-0.00267779698742,0.0630179939746
2401,0.0913326418916,0.206132746433,-0.576908899619,2.69946446551,0,8.70370836204,0.00843989527634,0.0604175837802
2402,0.0922044642151,0.194081034077,-0.569776283867,2.70907842495,0,8.90729433058,0.00633757882232,0.0654715469188
2403,0.0891947428311,0.194779995439,-0.488882766613,2.70785216023,0,8.22135503447,0.00355149850551,0.0595575785873
2404,0.091743157551,0.190075489749,-0.53743858433,2.71527526426,0,8.79906480453,0.00620643109682,0.0610047106346
2405,0.0609119435724,0.187612524467,-0.531478767765,2.69958156775,0,3.65262401592,-0.0248343671019,0.0613773901615
2406,0.0893343568008,0.18953187145,-0.481812292472,2.70306447799,0,8.25213799202,0.00354439757279,0.0619239654662
2407,0.0762561574484,0.19526333921,-0.526291819418,2.70630024988,0,5.75850388632,-0.00863918687896,0.0616196522425
2408,0.0962838878383,0.183697387159,-0.476644917992,2.69798545184,0,9.91574710498,0.00945472667118,0.0583134011275
2409,0.0734677788494,0.19203486441,-0.550841378576,2.70761135784,0,5.31766351567,-0.011530796026,0.0662303771361
2410,0.0706843840239,0.193954152597,-0.577575755663,2.72042278004,0,4.90525676511,-0.0132975468699,0.0646526326246
2411,0.0981040856459,0.200756142273,-0.561283899991,2.71278845688,0,10.3969024316,0.0132993096079,0.0566668841711
2412,0.105736815736,0.190141375354,-0.477516048319,2.70454292137,0,12.6460126557,0.019423060896,0.0597337570063
2413,0.0821847016041,0.184006109429,-0.464839127743,2.70326651301,0,6.7962023238,-0.00387427464936,0.0596478524236
2414,0.070766871976,0.201511441086,-0.582961665233,2.71780802696,0,4.91709760121,-0.0124335488589,0.0563633511735
2415,0.0780604974072,0.186641436136,-0.500609533789,2.70524202167,0,6.05937314711,-0.0085524509784,0.0684819175865
2416,0.0701674277229,0.20872090887,-0.609420742756,2.70595970975,0,4.83156680562,-0.0137591324465,0.0577854322227
2417,0.0956880104044,0.207411950988,-0.575988447025,2.70961112074,0,9.76252002975,0.0108694058938,0.0585326281889
2418,0.0840790443666,0.203257845035,-0.579450897715,2.71730801953,0,7.15892011927,0.000726253929418,0.060870795856
2419,0.0801690528166,0.201244350445,-0.584482156276,2.7166061531,0,6.42729783296,-0.00298349349849,0.0644280855331
2420,0.0714772502774,0.204368128523,-0.584371531646,2.71713670505,0,5.02001898826,-0.0112298748896,0.0630356590148
2421,0.1024865964,0.1961509654,-0.547044125173,2.71460841795,0,11.6405007531,0.0169579230704,0.0660433222042
2422,0.0853907763732,0.190809966137,-0.575158101983,2.71705954895,0,7.41953307299,-0.000238923516817,0.0590915938789
2423,0.0951194943736,0.203375405863,-0.599330068121,2.70683977643,0,9.61825813389,0.0100149011023,0.0604692216014
2424,0.0927430454089,0.184524642913,-0.459910883151,2.70394921021,0,9.03510818441,0.00484389608693,0.0563431285394
2425,0.0703878127977,0.205244694711,-0.64415638886,2.70972203364,0,4.8628730045,-0.0121603328324,0.0621286084223
2426,0.0656650575312,0.204239006962,-0.578386720116,2.70692984798,0,4.2260875489,-0.0162783660373,0.0601006434064
2427,0.088422633804,0.191220925654,-0.41764586951,2.71339114866,0,8.05288590528,0.00339197245045,0.0626346548797
2428,0.0857499933504,0.188208466134,-0.556835639219,2.70494422263,0,7.49228638071,-0.000613922419138,0.058066339848
2429,0.070102238774,0.195686543612,-0.543938074808,2.70694715196,0,4.82233741452,-0.012437360614,0.0666682240584
2430,0.0945413464712,0.202992597287,-0.612142430584,2.7195798211,0,9.47345983538,0.0101824384177,0.0662632537876
2431,0.0821031086164,0.201819091456,-0.524492069182,2.70872599857,0,6.78093294082,-0.00101678752629,0.0573339248811
2432,0.081031902864,0.194381722938,-0.533614409383,2.70780743833,0,6.58311432771,-0.00360397053073,0.060079112819
2433,0.0870084484595,0.197062413196,-0.514239046043,2.71460343074,0,7.75196370392,0.00356064055,0.0555349600052
2434,0.0963321824755,0.194806396028,-0.498087529135,2.71189235635,0,9.92825731892,0.0107457516042,0.0668837383297
2435,0.0896915088509,0.194098730335,-0.539217859513,2.7151261077,0,8.33133544983,0.00394892202168,0.0642051088659
2436,0.0720813349915,0.184727606764,-0.476095232405,2.69943237381,0,5.10889258792,-0.0140430684791,0.0627399433354
2437,0.080028929168,0.202666783675,-0.602160833468,2.7106532153,0,6.40228616517,-0.00458833369644,0.0584551184039
2438,0.0848601537924,0.198775743636,-0.603622577493,2.70823011709,0,7.31315993012,0.000674079310578,0.0633465865706
2439,0.093318938548,0.193029102988,-0.546957627695,2.70703941841,0,9.17353044001,0.00776093960922,0.0597191412235
2440,0.0861521463005,0.201378005295,-0.553453537498,2.69967056015,0,7.57445281117,0.00200793526806,0.062967480152
2441,0.0914929726732,0.197619818589,-0.472818059535,2.6978778319,0,8.74084405268,0.00613509237266,0.0607802069979
2442,0.0737829598624,0.198806891681,-0.54346538891,2.707657114,0,5.36607167399,-0.0101058768671,0.0577253044764
2443,0.0783717092175,0.192581700614,-0.481828526744,2.71641205584,0,6.11255253137,-0.00591797970295,0.0605579293024
2444,0.0670042828387,0.199370155069,-0.524569420536,2.72454714272,0,4.39956515415,-0.0170141408664,0.0565406694272
2445,0.108492424333,0.196048275021,-0.562486847243,2.71558547954,0,13.5583514784,0.022900851689,0.0599506694972
2446,0.090875336242,0.207067070072,-0.570532384693,2.7056154694,0,8.59853394528,0.00832067241896,0.0704934581685
2447,0.0749162027607,0.199841560963,-0.584059900552,2.71527549966,0,5.54308844321,-0.00972540348867,0.0523157070247
2448,0.0742864700247,0.194732396982,-0.582498809502,2.70429024836,0,5.44414582553,-0.0104369374403,0.0623445333819
2449,0.0880191358052,0.191631364957,-0.540577262378,2.70457236457,0,7.96602671694,0.00216718062077,0.0553440146479
2450,0.0656984121564,0.20229755516,-0.609241203406,2.71242411856,0,4.23034233926,-0.0169454775759,0.061233503497
2451,0.0995999281141,0.189907936739,-0.559887785195,2.71128213936,0,10.8075208055,0.0123860874266,0.0649898337655
2452,0.103513912245,0.190092248196,-0.469571682107,2.71243063069,0,11.9503555449,0.0160802272771,0.0633277798318
2453,0.0667217814843,0.202798753701,-0.572392290752,2.71304055644,0,4.36251648138,-0.0172103943712,0.0599835940067
2454,0.0728831099461,0.187143706534,-0.478048650762,2.7028344233,0,5.22880079807,-0.012255743768,0.0626568117212
2455,0.0896282895487,0.187172002543,-0.561520770356,2.70951884814,0,8.31726943042,0.0029189285094,0.0593253179923
2456,0.114528832005,0.199230825662,-0.572627312903,2.70664169962,0,15.7663476871,0.0279862867557,0.0612652590421
2457,0.0911036467832,0.190287282411,-0.460368858898,2.70503964204,0,8.65090467342,0.00420526295663,0.0615090189739
2458,0.0849430811688,0.195806899641,-0.543713735509,2.72488671513,0,7.32969863761,-0.000408846873545,0.0627139807748
2459,0.102281260138,0.201258191544,-0.57969406828,2.71831982363,0,11.5794287707,0.0168898305644,0.0645232990048
2460,0.0716961793621,0.188572254243,-0.560353642777,2.70572115956,0,5.05208347198,-0.0141327901643,0.0548740806784
2461,0.0827566654537,0.196487524944,-0.612778759276,2.71720818099,0,6.90405191897,-0.00245034079422,0.057256484569
2462,0.0970008274701,0.189036622689,-0.458210637194,2.69843881222,0,10.1028858444,0.00946321237311,0.0533771180481
2463,0.10000618493,0.199103893943,-0.53007773048,2.71177932779,0,10.9214743848,0.0139707418935,0.0576879263698
2464,0.0717499264904,0.196694454101,-0.542162373865,2.70671198526,0,5.05998037855,-0.0132312091081,0.0631091867329
2465,0.0733555006673,0.192002255333,-0.585067512883,2.70615919034,0,5.30050454113,-0.0118056516475,0.061124187194
2466,0.100152366073,0.185922784375,-0.506724361125,2.70985201247,0,10.9627357923,0.0127608830741,0.0608517866543
2467,0.086650580526,0.185880070296,-0.465935193042,2.7030351839,0,7.67735228932,0.000473949313497,0.0572645471642
2468,0.0960202065035,0.195622401226,-0.471232302881,2.7125676754,0,9.84768571842,0.009608841106,0.0625176767497
2469,0.0880692570718,0.193644477024,-0.571850753343,2.70561513808,0,7.97677234638,0.00280074344174,0.0622347544341
2470,0.0734280891692,0.190394217012,-0.517603997148,2.70264035528,0,5.31159279044,-0.0113048405768,0.0608905446141
2471,0.0829114344841,0.195448141349,-0.533265452345,2.71177998106,0,6.93348091218,-0.00226980213587,0.0613103729935
2472,0.0590846489711,0.190060324386,-0.56560230884,2.71099969701,0,3.44868473952,-0.0252639047619,0.0648391258283
2473,0.100318126615,0.197178451247,-0.577080099115,2.71665730333,0,11.0096898629,0.0128548847305,0.0631673056731
2474,0.0974706701234,0.189019522029,-0.503407649125,2.7024808691,0,10.2271954054,0.0117727395183,0.0620059271869
2475,0.0702583018448,0.187406491419,-0.530881474788,2.70221164553,0,4.84445615638,-0.0154726996655,0.0643135259342
2476,0.0707123181142,0.189884443334,-0.553765163531,2.70393049301,0,4.90926404531,-0.012861071488,0.0516445503509
2477,0.0915751768569,0.203133683243,-0.584242207403,2.71090516477,0,8.75993707633,0.0085611989851,0.0636615453504
2478,0.0818211698816,0.204058140612,-0.575254522541,2.70552391111,0,6.72839172373,-0.001435056852,0.063205984596
2479,0.0753627818755,0.197602481518,-0.544485134928,2.71989618708,0,5.61413776519,-0.00858161165065,0.0614710508775
2480,0.0984430999108,0.188816301668,-0.499418981094,2.7113328387,0,10.4887429837,0.0131856291157,0.0602592227204
2481,0.0666268937809,0.207014197612,-0.63362456515,2.70870887605,0,4.35012735227,-0.0178760881623,0.0578659639865
2482,0.108594426525,0.19568344285,-0.547718171528,2.70738051874,0,13.5932241194,0.022714790273,0.0639856553955
2483,0.0633025429567,0.205175179652,-0.628766829319,2.69953290782,0,3.93304022503,-0.0189129692866,0.0605789680086
2484,0.110048601437,0.195333594023,-0.604567557676,2.70668181182,0,14.0991991587,0.0230974891965,0.0620153419333
2485,0.073399126201,0.199759322385,-0.535149199963,2.7200255416,0,5.30716630724,-0.0100488259119,0.0613898507338
2486,0.0779735585551,0.193051338959,-0.568031455835,2.71023869706,0,6.04458562628,-0.00746428138137,0.0550715209745
2487,0.100000943914,0.199681893156,-0.507687365865,2.70710241993,0,10.9199975881,0.0160308888848,0.0581565324823
2488,0.0932863233259,0.200293829282,-0.522731071164,2.70872896135,0,9.16564221253,0.00990742017513,0.0661284330841
2489,0.0892289563058,0.197032324434,-0.612009028976,2.70571056922,0,8.22888951207,0.00415041473084,0.0622948433039
2490,0.073397570171,0.203008210226,-0.577785110969,2.70848345306,0,5.30692857977,-0.00945789138786,0.0644842763896
2491,0.0858797542004,0.200630592032,-0.515755144236,2.69547703503,0,7.51871555884,0.00223596323456,0.0608965063945
2492,0.0797176161433,0.195602303609,-0.45797815711,2.70636377823,0,6.34700720057,-0.00409241249382,0.0609460336114
2493,0.0829252860991,0.184881360634,-0.483481858581,2.69860499142,0,6.93611989711,-0.00365957253277,0.0615499293948
2494,0.0724111152589,0.192611588908,-0.486978137558,2.71238561239,0,5.15794117783,-0.0108426791795,0.0638423151152
2495,0.0423980963236,0.200379971569,-0.543408124775,2.71108446467,0,1.94373380803,-0.039702100044,0.0616642787343
2496,0.0809028323401,0.198918540357,-0.52749951002,2.71013942092,0,6.55960802536,-0.00186673581361,0.063672294622
2497,0.0695450626514,0.198822896567,-0.585933896335,2.71602302431,0,4.74402391196,-0.0148278489579,0.0576431584071
2498,0.0907213692002,0.184061138399,-0.441393053103,2.71444551321,0,8.56337080119,0.00330126444757,0.0598062093629
2499,0.0760731475821,0.187050047146,-0.551981865783,2.71319950926,0,5.72868559517,-0.00875339802829,0.0580646352036
2500,0.0898990733951,0.201389074018,-0.613010948493,2.70436223443,0,8.37766137227,0.0065041251762,0.0623036242146
2501,0.0848533699855,0.187189276666,-0.525580673651,2.70470055417,0,7.31180839256,-0.000741521570519,0.0562353871425
2502,0.084088457049,0.1945646909,-0.498359231967,2.70570744698,0,7.16076228411,-0.000716029102734,0.0641279545981
2503,0.07151516874,0.209066722618,-0.595583791911,2.70835617588,0,5.02556082821,-0.0115671208931,0.0595310006895
2504,0.0764872317512,0.197694062588,-0.513151073883,2.70924101678,0,5.79633497448,-0.00792981888942,0.0591458987318
2505,0.0906751718045,0.194940124227,-0.523196668864,2.70344224347,0,8.55284437492,0.00631938688713,0.0564768358261
2506,0.0724021347257,0.193792048045,-0.482437664603,2.69791809365,0,5.15660049174,-0.0125017228968,0.0629836109673
2507,0.0749001523082,0.202705356661,-0.560632951849,2.71034649015,0,5.54054857833,-0.00825123092166,0.05804267316
2508,0.0854331105197,0.211190512165,-0.629224194854,2.71424495848,0,7.42807588141,0.00235932892418,0.0674793551005
2509,0.0874717133469,0.187349738401,-0.54212553502,2.7089377923,0,7.84946573247,0.001759863453,0.0577764354887
2510,0.0800125105346,0.190028219777,-0.502615115918,2.70712155866,0,6.39936079268,-0.00458936458574,0.0558407101532
2511,0.0858996066967,0.18426007295,-0.524561995879,2.70052779785,0,7.52276600605,-4.16224884227e-05,0.0609162335232
2512,0.0937579545005,0.205317397312,-0.629142961886,2.71549483282,0,9.28028411611,0.00940532576802,0.0630164300029
2513,0.104158331767,0.189576061203,-0.496804286423,2.7075861641,0,12.1484363449,0.0184707231856,0.0631221739659
2514,0.104310021889,0.196638650452,-0.477544962548,2.70373117477,0,12.1954844663,0.0193853983993,0.0599236465232
2515,0.0573791905644,0.190135732904,-0.587451412616,2.70493636914,0,3.26611843444,-0.0273664369322,0.0636564448839
2516,0.0759689794652,0.197337075647,-0.595022051376,2.71660299873,0,5.71176973795,-0.00880150639612,0.0563838471647
2517,0.105556697857,0.198217903664,-0.608399201976,2.70748895355,0,12.5883329624,0.0200851493086,0.0638637119192
2518,0.068605416149,0.197024952866,-0.501088485142,2.70762060338,0,4.61424157493,-0.0159057727803,0.0554416963865
2519,0.087401989429,0.195210965984,-0.534360461487,2.71342017485,0,7.83472466156,0.00237909506103,0.0554649031172
2520,0.09284150781,0.188565296689,-0.536518078125,2.70739307728,0,9.05864566107,0.00561019808891,0.0527239027567
2521,0.069716155971,0.206774399964,-0.593652510792,2.69776442698,0,4.76796341472,-0.0116139504672,0.0632391910469
2522,0.0755543646057,0.196440773416,-0.55984532484,2.72282050453,0,5.64484483065,-0.00875116066531,0.0631613585548
2523,0.0776430020435,0.201466257546,-0.609769212796,2.71260567669,0,5.98863236662,-0.00651927784751,0.0638537999291
2524,0.0725487476306,0.204000427251,-0.618445890831,2.71425534215,0,5.17852319536,-0.0102923016502,0.0618345965471
2525,0.0760073745253,0.185553470318,-0.526656315047,2.71006398046,0,5.71799994677,-0.009269864718,0.0577621799924
2526,0.0619942040588,0.197032845513,-0.56923146285,2.71162287073,0,3.77761961906,-0.0205953020023,0.0654199677323
2527,0.0891670748685,0.184363103024,-0.499857761664,2.70647108659,0,8.21526633277,0.00232994844229,0.0593758909046
2528,0.0931501414955,0.189988705908,-0.526201750448,2.7170557475,0,9.13276914824,0.00779993349955,0.0611723917887
2529,0.0966398030207,0.191866348837,-0.497455808161,2.69659470484,0,10.0082673371,0.0106926963111,0.0590443332331
2530,0.102421699203,0.190373330423,-0.464309471146,2.71205396067,0,11.6211680057,0.0152756941787,0.0594898894784
2531,0.0756118424713,0.199708388874,-0.639809878924,2.71292259821,0,5.65408413932,-0.00838279693061,0.0567959601077
2532,0.0859307218277,0.194312117913,-0.594638401645,2.71023023889,0,7.52911806185,0.000434441043034,0.0615240960898
2533,0.0938838430382,0.196189806526,-0.611327705259,2.71810352152,0,9.31109408655,0.00722038585212,0.0610958832413
2534,0.0835797273309,0.200274983148,-0.578086475093,2.72034576366,0,7.06176944776,0.000804626057073,0.0672884408841
2535,0.0799475418222,0.193450084407,-0.534477226587,2.70995394033,0,6.38779596032,-0.00576985799821,0.0624167655514
2536,0.108152511735,0.186285021244,-0.484699717883,2.70463567092,0,13.4427192021,0.0199904107002,0.0554617506376
2537,0.0768100483211,0.198210896713,-0.588008630512,2.7119678994,0,5.84952703562,-0.00707900196098,0.0608372005684
2538,0.0959020169231,0.189936451935,-0.534856399713,2.71627847619,0,9.81731125513,0.00909787545389,0.0602681219195
2539,0.108042007343,0.199241190449,-0.57425544343,2.71219364315,0,13.4053181425,0.0222056219097,0.0607803353025
2540,0.0949161813941,0.194216821488,-0.45246179235,2.71257232157,0,9.56711992592,0.0106449467193,0.0629725745554
2541,0.0971649312754,0.199180606664,-0.590632716492,2.70976952554,0,10.1461527798,0.0126359928996,0.0618180274165
2542,0.102188274732,0.192149790558,-0.487509742053,2.71343068182,0,11.5518660809,0.015802014458,0.0614353377815
2543,0.0767534195676,0.185819567149,-0.48586474062,2.71086611834,0,5.84016717848,-0.00938773077292,0.0595088450988
2544,0.0781263232933,0.199902032225,-0.524727643838,2.70269063098,0,6.0705893914,-0.00723534379778,0.0595972373363
2545,0.0921685405875,0.195962022946,-0.541469494626,2.71441197901,0,8.89882500237,0.00696071548787,0.0606309752079
2546,0.0763705905381,0.199072417411,-0.489198708195,2.70003954855,0,5.77721329667,-0.00766144835746,0.0583213918829
2547,0.0936690554946,0.198114725801,-0.586295607185,2.715580149,0,9.25858031434,0.00867316441077,0.0599609543131
2548,0.0903408623112,0.188496859353,-0.48629690985,2.70637093373,0,8.47700076038,0.00314922415886,0.0634955180689
2549,0.0771375708207,0.190736331922,-0.578390591121,2.71512895224,0,5.90390350357,-0.00914617374549,0.0584388403837
2550,0.110026156791,0.192007343211,-0.570057929173,2.7049787501,0,14.0912629854,0.0223428863549,0.0625282563093
2551,0.0776403933625,0.19928131655,-0.614180543997,2.7245238522,0,5.98819249967,-0.0067222052391,0.0590215146313
2552,0.0781302851478,0.198475172761,-0.496055620671,2.70722402687,0,6.07126500853,-0.00656957154481,0.0609442636743
2553,0.0887527815667,0.189931313415,-0.487096259636,2.70868476971,0,8.12455661135,0.00443511741873,0.0649570168739
2554,0.0576007904678,0.19452145604,-0.540737130442,2.7241717506,0,3.28942649419,-0.0265869064842,0.0574643465093
2555,0.0846340078088,0.192576244981,-0.595908610382,2.71561640111,0,7.26821857351,-0.000173275385003,0.0608598070249
2556,0.0906453933192,0.198081069226,-0.552789351263,2.72123259896,0,8.54606502776,0.00387574127729,0.055203657323
2557,0.0792689307205,0.203472892197,-0.612694754572,2.71379579023,0,6.26803321841,-0.00435308776547,0.0617370089164
2558,0.0993925338528,0.190157320259,-0.462830523568,2.70085153242,0,10.749752005,0.0135219270941,0.0605762112787
2559,0.0835679966225,0.190651965431,-0.575245604935,2.70212026573,0,7.05950046506,-0.00120667543249,0.0570383153422
2560,0.0781443344053,0.185946584765,-0.50790843871,2.70976397544,0,6.07366133619,-0.00823195463621,0.0573319229005
2561,0.107605340167,0.198115882061,-0.604287794858,2.70497799923,0,13.258433847,0.021685695065,0.0588607381947
2562,0.0838774232821,0.19278540732,-0.504945688544,2.70725117979,0,7.1195565457,-0.00129279984132,0.0649648566529
2563,0.0805522076523,0.203463668971,-0.577025089919,2.71881637804,0,6.49610546018,-0.0038534622155,0.0591719258546
2564,0.0846637757265,0.196134640592,-0.49308306796,2.71353529265,0,7.27412088884,-0.000628717233607,0.0641407721376
2565,0.0925433529182,0.195404820229,-0.475451481602,2.71080599271,0,8.9875341308,0.0073745069533,0.0566355470062
2566,0.0985842740942,0.189483877785,-0.52385132305,2.70104887125,0,10.5271972338,0.0122845891444,0.0565854844028
2567,0.0612104780039,0.199870903955,-0.598684181089,2.71335198272,0,3.68678557598,-0.0221113722856,0.0589373231293
2568,0.0954695554174,0.18781218477,-0.576142879242,2.71686853496,0,9.70686515566,0.00852912984106,0.0584252392615
2569,0.0787071549387,0.201598037302,-0.601746873856,2.71274467944,0,6.1703042836,-0.00467828243948,0.0566346522993
2570,0.108104071629,0.183238450833,-0.399561484177,2.69530831792,0,13.4263127967,0.0206077474477,0.0607475123704
2571,0.0851631994545,0.194074984257,-0.584275771926,2.71467180972,0,7.37375174189,-3.44339653292e-05,0.0657012004193
2572,0.0492163343487,0.208790809501,-0.61192049218,2.72139869514,0,2.48754390785,-0.0319313518669,0.0627693936101
2573,0.092404723574,0.192362218405,-0.524674557833,2.70992346396,0,8.9546351634,0.0067290002679,0.061643853454
2574,0.108070135827,0.199932382553,-0.575408928393,2.71661057668,0,13.4148295984,0.0213126574423,0.0596163685175
2575,0.0663556414221,0.209093822568,-0.603327185602,2.71917894529,0,4.31486256194,-0.015876384138,0.0634801398543
2576,0.102683361077,0.197246340901,-0.511236946736,2.71389333203,0,11.6992907643,0.0163833170222,0.0669905843185
2577,0.0855285746343,0.194546637607,-0.51547606549,2.71518045313,0,7.44737063726,0.00170845544907,0.0587787681139
2578,0.0983942447949,0.189652257901,-0.497532771451,2.70352790836,0,10.4754641551,0.0124025829613,0.0613059767086
2579,0.0929431568059,0.20566983368,-0.62582452896,2.71373246951,0,9.08300057978,0.00792250655787,0.0610219269785
2580,0.0849210067259,0.189579658882,-0.570331185442,2.70646925259,0,7.32529311084,0.000584954991587,0.0576194209875
2581,0.0890754521691,0.201682745686,-0.531009283279,2.70021186594,0,8.19513112779,0.00366131635591,0.0579801632349
2582,0.0733086300533,0.197887287211,-0.595493833837,2.70849409376,0,5.29335477975,-0.0106971869331,0.0635315416478
2583,0.0789026931852,0.200572938178,-0.617603288358,2.70767028013,0,6.20417671598,-0.0031136297518,0.0672612721298
2584,0.0888674717185,0.198120024669,-0.567655704482,2.71774898789,0,8.14958176958,0.00342516595256,0.0596581082214
2585,0.0925724486316,0.187072177824,-0.598945850241,2.7110305253,0,8.99445227177,0.00593368057489,0.0613373426405
2586,0.0596630950925,0.194733169873,-0.602070767775,2.71251890835,0,3.51229513439,-0.0242160689692,0.0568053929949
2587,0.0920275030196,0.191302194116,-0.534364880373,2.71226670833,0,8.86564135706,0.00548038176744,0.0577443137378
2588,0.0901902420845,0.192284911874,-0.542857777239,2.7193769799,0,8.4430195881,0.00387156442441,0.0570956897755
2589,0.110582117378,0.196425740913,-0.51384332992,2.71271674306,0,14.2890301099,0.0240573278223,0.0579265470449
2590,0.0586442382008,0.190609317841,-0.459024653885,2.70019085769,0,3.40083284313,-0.0259891977213,0.0687157620636
2591,0.102828354981,0.18919791203,-0.416614613673,2.70778629642,0,11.7427806865,0.0154484340484,0.0616793922848
2592,0.0666435592558,0.192986820799,-0.588288990825,2.70721730863,0,4.35230130614,-0.0190263607906,0.0554770413688
2593,0.0829302397578,0.198143764265,-0.556349906796,2.70835509076,0,6.9370638642,-0.00185803390454,0.0604178474023
2594,0.0919494484994,0.209503152125,-0.568306619254,2.69885237116,0,8.84732251483,0.00876893115472,0.061658277131
2595,0.0896571412357,0.194215377743,-0.48505183085,2.71379856561,0,8.32368627423,0.00402521012743,0.0629992780903
2596,0.0937051986054,0.188151701634,-0.517808387721,2.70490116634,0,9.26739897245,0.0087065877369,0.0562244376244
2597,0.0795724378885,0.188876042059,-0.529433308272,2.70566091947,0,6.32136423453,-0.00621595675317,0.0620621445417
2598,0.108358697908,0.193512769969,-0.489063285446,2.70533329227,0,13.5127542847,0.0221448664471,0.0570030223713
2599,0.0767922278273,0.185039618838,-0.509542894811,2.70905337406,0,5.84658025646,-0.00890939020881,0.0561812226108
2600,0.0602970340831,0.199515370357,-0.5647830848,2.7191578474,0,3.58301226447,-0.0233754233969,0.0598760084328
2601,0.0873865737892,0.191877847764,-0.608130667804,2.72102659284,0,7.83146866676,0.00209765946562,0.0606507944116
2602,0.0652889338541,0.202017869657,-0.547166484968,2.71529536856,0,4.17833815291,-0.0167467372995,0.0628773653987
2603,0.0881854997106,0.196434297848,-0.581753356509,2.71237434097,0,8.0017415938,0.00397804488794,0.0620757556662
2604,0.100089429783,0.19001650592,-0.563023252978,2.70511568911,0,10.9449544526,0.0136147802513,0.0561810523465
2605,0.0908758304097,0.185142017453,-0.501621965819,2.71016006076,0,8.59864700368,0.00439345197637,0.0561420923417
2606,0.0841348474488,0.18833778422,-0.448806582774,2.70010686402,0,7.16984723682,-0.00320265426104,0.0715212283038
2607,0.0957932041513,0.188079097757,-0.492223711588,2.71522102976,0,9.78941892904,0.00895276899623,0.057696215441
2608,0.0883892367977,0.201139806863,-0.632672449159,2.72173753801,0,8.04566608043,0.00450526528391,0.0624706042218
2609,0.0837368749191,0.200541935323,-0.596510772374,2.69501995398,0,7.09222461444,0.000390647082269,0.0661059336636
2610,0.103731965812,0.187242410456,-0.505345954597,2.71399000051,0,12.0170571707,0.0173030149203,0.0575532434208
2611,0.0978897953877,0.19223186811,-0.475823641017,2.71988016879,0,10.3392147766,0.0105121828798,0.0579385074905
2612,0.0850634564702,0.196196150227,-0.537561972062,2.72111351094,0,7.35376211584,-0.000438819383895,0.062269962947
2613,0.0801465067178,0.200131209105,-0.561475244837,2.70782180889,0,6.42326794088,-0.00327577993968,0.0598181393718
2614,0.0946747069858,0.192379917976,-0.472048772782,2.70298834576,0,9.50669081098,0.00926004169862,0.0590410934262
2615,0.0786746506677,0.201952439981,-0.498940764252,2.71018092547,0,6.16468854234,-0.00537293921132,0.0599852041543
2616,0.0978215545777,0.191627087309,-0.525173410664,2.71084348465,0,10.3209031379,0.0115047066143,0.0674991888
2617,0.0719593077526,0.199442611631,-0.552124583467,2.71640456775,0,5.09083873358,-0.0107078959735,0.0651033620755
2618,0.0660021051935,0.206518449692,-0.602935921133,2.70714136255,0,4.2692356324,-0.0155261110349,0.0612955009001
2619,0.0934497561818,0.187260404009,-0.501992305797,2.69469325688,0,9.20522881831,0.00699525366861,0.0542006208202
2620,0.0695166726214,0.201978977718,-0.577874653374,2.71527617485,0,4.74006081117,-0.0138345278398,0.0586872264333
2621,0.0979179432882,0.192298548835,-0.463191597241,2.70096599877,0,10.3467762365,0.0113035449791,0.0543922805916
2622,0.0856455863513,0.200735552289,-0.50925275817,2.71386494774,0,7.47107843254,0.00144723476731,0.0652216384893
2623,0.0990721628881,0.200743859616,-0.611761329686,2.70477977648,0,10.6610478338,0.0136655847645,0.0598809299345
2624,0.0966558876947,0.189485786447,-0.504387607281,2.70307619402,0,10.0124663099,0.011146257382,0.0565298755114
2625,0.0778507626488,0.201186062537,-0.482448891781,2.70253490983,0,6.02374987642,-0.00508539383242,0.0587200282777
2626,0.10159699602,0.18926983762,-0.530134198725,2.7156126992,0,11.3779533883,0.014659005693,0.0644524561742
2627,0.0894588729006,0.190532068852,-0.541692138021,2.70756666172,0,8.27967541559,0.0038420317994,0.0577442173034
2628,0.0711340959824,0.210664909197,-0.567628188715,2.70067580252,0,4.97008884247,-0.0103477834832,0.0639126073367
2629,0.0833069219734,0.204945389826,-0.614803554734,2.71632425031,0,7.00916137437,0.000906604290582,0.0627550913758
2630,0.0959531582662,0.190769340102,-0.483788453304,2.71277959265,0,9.83044441744,0.00975461989152,0.0562711853799
2631,0.0696460169528,0.201385739171,-0.5666120968,2.71357698139,0,4.75813793163,-0.0146317319378,0.0588671833849
2632,0.0956076126062,0.197503098771,-0.612961829207,2.70357470007,0,9.74200514303,0.00978678732042,0.0595450082406
2633,0.0861444599963,0.19002392878,-0.52624325926,2.70807630263,0,7.57287523219,0.00102391648657,0.0584672769873
2634,0.0891846631627,0.201082159868,-0.573978336458,2.70672047982,0,8.21913642212,0.0045561173485,0.058717859327
2635,0.0894205765982,0.195881130113,-0.603805761599,2.71525746864,0,8.27119759588,0.0028033608534,0.0608722514239
2636,0.081386977884,0.198758855085,-0.585306414062,2.71141286009,0,6.64814371316,-0.00326195364267,0.06126442512
2637,0.0977248965168,0.193589698391,-0.601148336593,2.70642443173,0,10.2950147093,0.0108700964775,0.0550888282044
2638,0.0851969533307,0.194226477535,-0.579889863762,2.71080007493,0,7.38052681159,0.000577399825578,0.0539023916618
2639,0.0858685651453,0.189111964155,-0.551661662398,2.7088110519,0,7.51643350405,-4.39495241191e-05,0.0567312355591
2640,0.0931099718801,0.188776138212,-0.555228750025,2.71592645189,0,9.12309210378,0.00752861855811,0.0581440464982
2641,0.0721195698762,0.19719246992,-0.533152167548,2.72430834665,0,5.11455999469,-0.0123136317649,0.0596918623664
2642,0.0819016540148,0.185906101548,-0.490971916697,2.70379983082,0,6.74335559927,-0.00372592388734,0.0574701460318
2643,0.0952488101741,0.200852783595,-0.602730978977,2.70113160545,0,9.65090795313,0.0101600434456,0.0675347343819
2644,0.0825793575112,0.198050916257,-0.601764787546,2.71713179275,0,6.87046620779,-0.00129257107079,0.0618953128252
2645,0.0757551090393,0.196491317688,-0.560317499751,2.71312277079,0,5.67716739527,-0.00762457338177,0.06181697567
2646,0.074224992489,0.190924402295,-0.59478095075,2.70812149038,0,5.43456402185,-0.0113310518077,0.0637646180668
2647,0.0872920671997,0.198164465807,-0.594565741909,2.70932797605,0,7.81153278266,0.0030571175243,0.0583007361201
2648,0.108007455136,0.199694612415,-0.60358122582,2.70720502053,0,13.3936428075,0.0217626010091,0.0635761088648
2649,0.065937009522,0.207942041648,-0.632457721432,2.71778192451,0,4.26087563012,-0.0162488011747,0.0610045221882
2650,0.0879588695997,0.185427138831,-0.54081248937,2.71516896231,0,7.95312246391,0.0019905843605,0.0555826393154
2651,0.0721842890237,0.189655198175,-0.490021865212,2.71066074011,0,5.12416458283,-0.0118225897917,0.0626536750001
2652,0.0887715404394,0.20168695953,-0.592720837132,2.71075778609,0,8.12864525242,0.0037912794912,0.0575523342729
2653,0.0951764517666,0.196246754013,-0.532230972467,2.70842370689,0,9.63262693302,0.00927023481693,0.0617567488223
2654,0.0685936443763,0.209442847768,-0.59705136352,2.70707403081,0,4.61263370097,-0.0136626863136,0.063287193658
2655,0.0839959018672,0.190670849882,-0.534006945111,2.71097842901,0,7.14266557843,-0.00253547691809,0.0550095277774
2656,0.0783983894223,0.19260825431,-0.508990207273,2.71566890428,0,6.11712948696,-0.00710027866044,0.0600452046198
2657,0.0925524089829,0.195068987368,-0.535386611391,2.70860883887,0,8.98968691415,0.00782568213937,0.0598144651378
2658,0.0826316320119,0.203616538186,-0.635990197541,2.72033214553,0,6.88035376467,-0.00187853545931,0.0602676599935
2659,0.0678414641443,0.191953603806,-0.57151845836,2.7147404852,0,4.5108084452,-0.0163614098878,0.0582791622749
2660,0.0944700860497,0.197699683643,-0.49913144062,2.70524224485,0,9.45574450789,0.00961122965157,0.0580477737179
2661,0.092702075635,0.203866455136,-0.497024702054,2.6991455067,0,9.02532995425,0.00941114185218,0.0609862421901
2662,0.11126754843,0.187642125051,-0.477467170012,2.71726911956,0,14.5362842267,0.0231680139298,0.0586758098938
2663,0.0617802261175,0.196454502564,-0.536247230322,2.70755759804,0,3.75265291814,-0.0231172482125,0.0620535410639
2664,0.0698252409977,0.205686768897,-0.572339558225,2.71068661594,0,4.7832767228,-0.0130844222408,0.0601184442092
2665,0.0710865885215,0.200290580017,-0.604755686353,2.69270838927,0,4.96320780041,-0.0112470211942,0.0674338356955
2666,0.100606655724,0.195098639721,-0.537844007888,2.71589789041,0,11.0918429015,0.0150461037767,0.0614871465304
2667,0.0872309505921,0.194849658501,-0.550725362494,2.71887808935,0,7.79866346376,0.000956511629172,0.0578873319326
2668,0.0865266719335,0.199834487757,-0.57837687149,2.70456999302,0,7.65166158454,0.00143459228239,0.0605161489653
2669,0.0746280467893,0.19072554474,-0.575500625027,2.71868417853,0,5.49763389565,-0.0110311606925,0.057439837053
2670,0.0951645629702,0.198441883228,-0.565055272869,2.70991521948,0,9.62962617034,0.00905353246699,0.0543527696312
2671,0.0981041251046,0.193549402272,-0.516371190176,2.7050063213,0,10.3969130799,0.0133085611947,0.0562313816562
2672,0.0808567711104,0.202515861646,-0.630918471292,2.70561116949,0,6.55123633739,-0.00375541616614,0.0598525963899
2673,0.0921543687616,0.184997104189,-0.474924792397,2.70140990175,0,8.89548577831,0.0053895432812,0.063579371726
2674,0.0748251493874,0.197287829052,-0.531482165693,2.72125513919,0,5.52869248332,-0.00954528968259,0.0639449181843
2675,0.080834319668,0.208555267612,-0.633372496885,2.71273017295,0,6.54715899099,-0.00146567697628,0.0636582918687
2676,0.102339186912,0.203981568443,-0.585009296844,2.70971905955,0,11.5966288076,0.0175126665957,0.0606708253505
2677,0.079198982507,0.201791115671,-0.548372725561,2.70954620264,0,6.2557952803,-0.00488062039829,0.0599416744821
2678,0.0701207829118,0.19794629514,-0.528921031995,2.71045384659,0,4.82496144601,-0.0122574606123,0.0655106272696
2679,0.0823391920332,0.19825323545,-0.53873879696,2.7114840777,0,6.82519275848,-0.00173464514679,0.0630481285791
2680,0.0757464185907,0.195098610535,-0.571345557587,2.70319176902,0,5.67576499045,-0.00738023953594,0.0636920876251
2681,0.112540529787,0.191887241911,-0.476894236653,2.7013705566,0,15.0057222338,0.0265998801954,0.0630929010186
2682,0.090084918415,0.1958593361,-0.495203176055,2.70657953922,0,8.41932733365,0.00694036326534,0.0665772001262
2683,0.0829171226918,0.18857981666,-0.488950296453,2.70640174243,0,6.93456451721,-0.00199221165577,0.0669515974961
2684,0.0794834738701,0.195851766687,-0.522085987192,2.7029312682,0,6.30569298918,-0.00403826769338,0.0607855119311
2685,0.0599409145179,0.200147149142,-0.601182548866,2.71109626958,0,3.54315631365,-0.0236127729834,0.0562460623265
2686,0.0893654418765,0.184559535777,-0.4642436463,2.70924880044,0,8.25900525962,0.00250487792107,0.05507745041
2687,0.0923006767824,0.189923542022,-0.506958693539,2.7086629269,0,8.93001166905,0.0059293307311,0.0675163974873
2688,0.0812244871291,0.196846794331,-0.526308126471,2.71800825534,0,6.61831845422,-0.00355137402367,0.0598487479694
2689,0.0864895294729,0.195776099403,-0.450478220816,2.71324867659,0,7.64397487553,0.00179164227869,0.0636886018148
2690,0.074331556134,0.192099691183,-0.549465225377,2.71568339622,0,5.45118160289,-0.00935011123112,0.0608261785861
2691,0.0878570872009,0.187196940547,-0.469445968988,2.71097807121,0,7.93136926522,0.00105027262981,0.0565534198218
2692,0.0682659827183,0.206198903879,-0.649123807426,2.70992593523,0,4.56805656491,-0.0143810649326,0.0645713026997
2693,0.0828451285887,0.194445476996,-0.54130748128,2.71603235418,0,6.92086011397,-0.00267080132653,0.058441787034
2694,0.085953399857,0.198921873522,-0.619204480854,2.71162077553,0,7.53375057768,0.00176210360563,0.0709891645551
2695,0.0822069045643,0.201566554015,-0.562872646493,2.69571106626,0,6.80036238954,-0.000696817085401,0.0649956520681
2696,0.116262108831,0.196206814172,-0.540106174892,2.70645373335,0,16.4576646349,0.0289919064238,0.0582574737876
2697,0.0809090849862,0.187776231339,-0.416432307294,2.69817461255,0,6.56074513958,-0.00536458403376,0.0678133712104
2698,0.0918837732118,0.198811994877,-0.504448153806,2.70562740735,0,8.83193433212,0.00703115677706,0.0573891998442
2699,0.112414060869,0.197655963526,-0.535845750123,2.71133940425,0,14.9584808695,0.026203740713,0.0612735320166
2700,0.0814923878514,0.203800157524,-0.578998541449,2.69981046331,0,6.66755177136,-0.00201731692103,0.0606525921018
2701,0.0756599476974,0.189204302964,-0.537319846517,2.70973759387,0,5.6618263326,-0.0086742641242,0.0649588803002
2702,0.0771221999713,0.192060841755,-0.551685496388,2.70928279748,0,5.90134232329,-0.00760671295004,0.0574268188798
2703,0.0847973375075,0.193446932576,-0.52440734812,2.71799918799,0,7.30065312109,0.000112882580421,0.063636929122
2704,0.0620591737615,0.195054338456,-0.548054189099,2.71022873319,0,3.78522513499,-0.0212114019122,0.058795421282
2705,0.0654834850178,0.197300715516,-0.571005408323,2.70864325936,0,4.20298406164,-0.0199095688144,0.0583337401235
2706,0.0862661642672,0.196452764256,-0.583314546574,2.72687395947,0,7.59788728802,0.000964670581916,0.0637725240817
2707,0.116852988144,0.190626098177,-0.517954249296,2.71804573929,0,16.6995398588,0.0279479068036,0.0558106390626
2708,0.0851630411756,0.204138583016,-0.609001288187,2.70953334283,0,7.37371998461,0.00178603965601,0.0682402879307
2709,0.0603794691119,0.20017135134,-0.599109995749,2.71915849318,0,3.59228597691,-0.0232251601858,0.0588544550348
2710,0.0768910085219,0.190501907959,-0.491771305971,2.70233069385,0,5.86292989643,-0.00921058349346,0.0590754842568
2711,0.0777511999213,0.192619829236,-0.622501715726,2.71014348982,0,6.00689979511,-0.00632871562922,0.0612804486662
2712,0.0998644315055,0.210590018488,-0.630056294534,2.7103655213,0,10.8815934652,0.0168780374345,0.0656558773301
2713,0.0814541881535,0.1814326649,-0.461241283944,2.69285337316,0,6.66051298724,-0.00558047082705,0.0596275187917
2714,0.0667063496896,0.207070191995,-0.56893369947,2.69289411615,0,4.36049973359,-0.015326435671,0.0676700071079
2715,0.0952572731945,0.206151081531,-0.628814255746,2.70686676566,0,9.65304806954,0.0119295685134,0.0688405546736
2716,0.0845950341274,0.197643029397,-0.562264294844,2.70014148043,0,7.26049708,0.00111363841742,0.0600766241101
2717,0.0676661136163,0.1982300731,-0.534781261357,2.70681867371,0,4.48732722894,-0.0163040399103,0.0675956869475
2718,0.0749407258894,0.192165616909,-0.506273900528,2.70521058957,0,5.54697087769,-0.0105698565718,0.0593401253154
2719,0.0850622236505,0.201925147108,-0.579726759037,2.70047151097,0,7.35351533207,0.00175268380311,0.0636866692323
2720,0.0871954283711,0.192367748767,-0.511035767494,2.70600684661,0,7.79119185955,0.00185240919261,0.0608763557168
2721,0.0788116796075,0.190507577206,-0.539134576977,2.71348857018,0,6.18839164379,-0.00559612949149,0.060994115512
2722,0.0923595745672,0.190826258174,-0.524784066111,2.70731573025,0,8.9439430925,0.00695184940618,0.0589448919545
2723,0.0681759444491,0.19175465627,-0.47488876694,2.71131413295,0,4.55586694738,-0.0160917839725,0.0622499876823
2724,0.0669260372416,0.205945330918,-0.537723200225,2.6991471311,0,4.38927905565,-0.0151226841154,0.0636164069023
2725,0.0738676036754,0.205528277133,-0.567025284486,2.70120551529,0,5.37913261481,-0.00896529150949,0.0611906775379
2726,0.0791313811199,0.192881106062,-0.589900543769,2.70928390815,0,6.24398676549,-0.00561692275726,0.0595251327107
2727,0.0726841364311,0.193454008587,-0.53799667542,2.7046111383,0,5.19883423023,-0.0138345426163,0.0649522309558
2728,0.12412514071,0.189367208013,-0.541503046398,2.70531101074,0,19.9532185007,0.0346365599148,0.0570423855152
2729,0.090025617611,0.20022658756,-0.574855412434,2.72065405177,0,8.4060129507,0.00488012246104,0.0572705626841
2730,0.0692988510681,0.195820136321,-0.581951290855,2.70707625756,0,4.70974140384,-0.0128530171628,0.0628069244221
2731,0.0851145910981,0.193792776265,-0.545609155706,2.70714414449,0,7.36400433695,-0.000153020678996,0.0601301825656
2732,0.0865050231287,0.20005005731,-0.564966120863,2.72104145295,0,7.64718052099,0.00257949743881,0.0612357704224
2733,0.117092518833,0.193600621132,-0.514805564141,2.7119272855,0,16.7985063402,0.0293384822474,0.0604661359914
2734,0.0969037447782,0.189692524499,-0.468540693987,2.70805430277,0,10.0773654982,0.00996562676204,0.0605047546025
2735,0.0764841703213,0.208103670023,-0.605497102977,2.71712444136,0,5.79583243409,-0.00482371447235,0.0670238958251
2736,0.105871149561,0.188602743869,-0.479555082068,2.70042917803,0,12.6891839721,0.0189594985241,0.0584352156836
2737,0.0826822859526,0.208254492423,-0.621891938487,2.71561834727,0,6.88994619124,0.000117722686834,0.0655030609968
2738,0.0576255689144,0.19976832029,-0.58819703098,2.71640436244,0,3.29204030984,-0.0257517352408,0.0621688744599
2739,0.0879469098003,0.189752160956,-0.508170559554,2.70899854038,0,7.9505637456,0.00360668393983,0.0556834884901
2740,0.0810907631839,0.194151949463,-0.481448721636,2.71184402803,0,6.59385727762,-0.00461778035682,0.0598021127839
2741,0.0831544404417,0.198120629567,-0.605751212453,2.70898718752,0,6.97990065396,-0.00125156263768,0.0646789662912
2742,0.089040458662,0.202395845568,-0.583540449687,2.70868651151,0,8.18745204745,0.00394182076274,0.0571855930479
2743,0.108702879896,0.190012911218,-0.471339231169,2.71729576069,0,13.6303903942,0.0208362260808,0.0639865087455
2744,0.0896978131505,0.193675278417,-0.613700095814,2.71790503253,0,8.33273924809,0.00411041944259,0.0618074576511
2745,0.0861673283045,0.189745168728,-0.500678442028,2.70479403144,0,7.57756966871,0.000752307602471,0.0542201959712
2746,0.0920436831584,0.189003266197,-0.467666119758,2.7190753859,0,8.86944281898,0.00613229166634,0.0574947355945
2747,0.0841446686133,0.181884640808,-0.533601063838,2.69389720947,0,7.1717718303,-0.00128359375508,0.0568525565681
2748,0.0832666803838,0.201210584243,-0.565660620447,2.72491184441,0,7.00142913643,-0.000204769717539,0.0568634291346
2749,0.0869975330229,0.199344894372,-0.581914066792,2.71652221369,0,7.749678866,0.00235107192826,0.0602415721403
2750,0.104153813854,0.199465180058,-0.490157982011,2.71493369582,0,12.1470375483,0.0192001777623,0.0570853545185
2751,0.0794868754528,0.195037270387,-0.559087756838,2.72211279648,0,6.30629159339,-0.00646896944202,0.0575902962625
2752,0.0878804106347,0.201783168762,-0.605030627012,2.71805968317,0,7.93634951707,0.004089934559,0.0623866814082
2753,0.0658346827009,0.198169768362,-0.548770804129,2.70969300108,0,4.24775994109,-0.0179553651089,0.0564249096619
2754,0.055460399456,0.190801097352,-0.543665881488,2.71062026459,0,3.06932725825,-0.0297544219458,0.0599920984467
2755,0.0956267919749,0.205788579031,-0.618932871007,2.71632365934,0,9.74689567246,0.0115794134918,0.0677665231026
2756,0.0836756570393,0.190575811412,-0.563481574204,2.7024028467,0,7.08034747281,-0.000843532792117,0.0619849944132
2757,0.081804286607,0.19782276133,-0.547183902242,2.71045599867,0,6.7252562597,-0.00186003854201,0.0615054476325
2758,0.0737392000925,0.20342355168,-0.599940423389,2.72155799058,0,5.35932942125,-0.0101573701203,0.0599146465736
2759,0.0899970501596,0.194535665488,-0.496112709643,2.70393587657,0,8.3996053668,0.00598965248299,0.0617343927415
2760,0.0834763307172,0.202018486181,-0.634069436861,2.71788681007,0,7.04179135256,-0.000568877052696,0.0634907614733
2761,0.0939735898478,0.191411770593,-0.561543482257,2.71027889601,0,9.33311291735,0.00741293063907,0.0583904166398
2762,0.0798459175705,0.198868037424,-0.585218277556,2.71580523569,0,6.36974106321,-0.00370667905805,0.0598911633374
2763,0.0719115726247,0.205736515233,-0.645930682098,2.70520344906,0,5.0837903202,-0.01056958566,0.0639770251925
2764,0.0667587439876,0.199741630353,-0.576169297051,2.70525113732,0,4.36734999777,-0.0178850538951,0.0595545726054
2765,0.0656943689728,0.194849650982,-0.568850736098,2.71470241747,0,4.22982640438,-0.0193408132751,0.0612191386564
2766,0.0838794800193,0.189261822267,-0.446403751557,2.70850753317,0,7.11995717014,-0.00091297279651,0.0667566808229
2767,0.0815042697361,0.202610697074,-0.604959620487,2.70717593171,0,6.66974242865,-0.00205788572804,0.0640223731274
2768,0.116057563754,0.183299713605,-0.417935459401,2.70287095684,0,16.3746775109,0.0274483616307,0.0617411476939
2769,0.0758756214492,0.185104870283,-0.487482931505,2.71455885626,0,5.69664408458,-0.00949929258572,0.0534041719464
2770,0.0912250255372,0.191411864175,-0.49306639876,2.70332827789,0,8.67885873811,0.00527027211902,0.0588248894861
2771,0.0759862337609,0.196582179013,-0.559631403987,2.71221847782,0,5.71456883405,-0.0083769997106,0.0628144030499
2772,0.0715655475483,0.194656252265,-0.550833303769,2.71886463677,0,5.03293135497,-0.0129382085139,0.0684123770427
2773,0.0981642964749,0.194747854733,-0.610345742803,2.71453028005,0,10.4131621062,0.012385304691,0.061535614926
2774,0.0651229913965,0.199737671382,-0.520091141668,2.70306796211,0,4.15740516277,-0.0188503385002,0.0632617718753
2775,0.0565984834568,0.197335665853,-0.56842677464,2.71032523796,0,3.18496942211,-0.0269983232339,0.0609105851361
2776,0.0815679589523,0.197143586649,-0.606796617794,2.71604490266,0,6.68149504074,-0.00351500290154,0.0665009157604
2777,0.0803968817254,0.190822796522,-0.475487605457,2.69745393789,0,6.46813820159,-0.00392816070374,0.0638710961962
2778,0.0970178873011,0.188645039088,-0.437042267502,2.71046819379,0,10.1073762367,0.010805156424,0.0653423852435
2779,0.0926447458679,0.199014670576,-0.575246279412,2.70307420539,0,9.011662473,0.00780331757974,0.0602372476555
2780,0.071966482308,0.198631785535,-0.561771790113,2.71681065899,0,5.09189878357,-0.011144160306,0.0667512697665
2781,0.0921506157631,0.192646667612,-0.529638210131,2.70551009613,0,8.89460166273,0.00787614988284,0.059787117863
2782,0.0727873887224,0.18962016716,-0.530203558823,2.70632188708,0,5.21436728006,-0.0121504695874,0.0556223725432
2783,0.0822218344644,0.196220575924,-0.586722495715,2.71014588045,0,6.80316093582,-0.00273795114747,0.0540379843968
2784,0.0597974165256,0.205848381183,-0.584919320868,2.70621213639,0,3.52719078718,-0.0215442624793,0.0675769748749
2785,0.0838801370113,0.188373739683,-0.524213864384,2.70958293903,0,7.12008514726,-0.00215290756952,0.0628706636364
2786,0.10289454581,0.189560990135,-0.493379027931,2.69969879687,0,11.7626817461,0.0167639860831,0.0560093811408
2787,0.0796207122496,0.196020398406,-0.618244849368,2.70565864535,0,6.32988141315,-0.00413080227421,0.0588837833964
2788,0.0946544223135,0.195308952782,-0.537164105168,2.71101900855,0,9.50162971606,0.00778167513205,0.0559503940762
2789,0.095170331701,0.196869242405,-0.582971076078,2.71255778002,0,9.63108211106,0.0104394812498,0.0596836032081
2790,0.0684178127998,0.194990073831,-0.578778960653,2.71160803208,0,4.58866998612,-0.0154318594792,0.0641456784376
2791,0.104924850395,0.193299936008,-0.533982137065,2.69839252441,0,12.3878423901,0.0198547201205,0.0580251889799
2792,0.0719386641354,0.191654513786,-0.586045247236,2.71190863404,0,5.08778960131,-0.0133715306535,0.0604187236863
2793,0.0957865858537,0.203818972057,-0.588282946337,2.70546457275,0,9.7877246725,0.0107853502416,0.0588913597588
2794,0.0857357967172,0.19037126006,-0.57137509654,2.71802910219,0,7.48939965588,-0.000416198110248,0.0603718248855
2795,0.0958054822846,0.20163147266,-0.623910137382,2.70474578294,0,9.79256275752,0.0102739803883,0.0597248659233
2796,0.0874754658376,0.202769706842,-0.568904200954,2.71307227078,0,7.85025975653,0.00396953521238,0.0634237182689
2797,0.0944555049425,0.193117233233,-0.494671663637,2.70594661679,0,9.45212319994,0.00935706986135,0.058351701302
2798,0.0776007370348,0.200627084093,-0.604976672296,2.71982256254,0,5.98150906147,-0.00589191360705,0.0631850723765
2799,0.0949553439438,0.206721129887,-0.611886438445,2.71591843059,0,9.57695181858,0.0114019802054,0.0641017492147
2800,0.0886710818494,0.193067583892,-0.551070499191,2.71396433498,0,8.1067700529,0.00346963934256,0.0585332250878
2801,0.0907971170044,0.203593066894,-0.590196610754,2.70198529721,0,8.58065465199,0.00688945272947,0.0613271280405
2802,0.0812430829701,0.184789674422,-0.460853561921,2.70841520182,0,6.62172605464,-0.00412963736431,0.0527325971827
2803,0.108054954184,0.192083905907,-0.478203382121,2.69368638365,0,13.4096952791,0.022050289705,0.0592501714517
2804,0.0859408390124,0.198441810986,-0.539722418365,2.71218517532,0,7.53118443373,0.00220662153396,0.0613438530814
2805,0.0710944645264,0.190111823336,-0.548948003407,2.70137798948,0,4.96434804356,-0.0140165127951,0.0573742509248
2806,0.0774637746999,0.191383448249,-0.526519909103,2.72629196286,0,5.9584734935,-0.00765678066053,0.05452160936
2807,0.0782847140191,0.188539843377,-0.536494508214,2.71022565003,0,6.09764826551,-0.00726252196727,0.0637555636296
2808,0.0675006627318,0.202307037381,-0.616672015095,2.7161685471,0,4.46525990686,-0.0162729330255,0.0544611100654
2809,0.0931320884565,0.198805438255,-0.644698482894,2.71840523319,0,9.12841898844,0.00823064649583,0.0629155019249
2810,0.0929066060895,0.198888706222,-0.620736626404,2.71422971542,0,9.07423657156,0.00794690649068,0.0642236415278
2811,0.093928023612,0.202526503616,-0.620629681967,2.70835755737,0,9.32192787603,0.00740619081626,0.0585855770107
2812,0.0614552937535,0.19927296596,-0.490416952922,2.71451634567,0,3.71497992458,-0.0218386472605,0.0590606106478
2813,0.08845393354,0.191136861907,-0.543634786459,2.70972193531,0,8.05965736812,0.00308525059578,0.0549815200317
2814,0.0993694692488,0.190914391394,-0.529369523424,2.70393313818,0,10.7433442745,0.0132098119086,0.0616232962879
2815,0.0892080110763,0.196103540298,-0.554109117825,2.7009871366,0,8.22427625971,0.00411316987932,0.0633460592406
2816,0.08013657719,0.197989725494,-0.494527823085,2.71987930124,0,6.42149380299,-0.00285977682352,0.0641038767926
2817,0.108740563886,0.195409007026,-0.445114342778,2.70000549864,0,13.6433257498,0.0226606525989,0.0622219035162
2818,0.0937695427716,0.188167984791,-0.497734716307,2.71110950905,0,9.28311652714,0.00710560449461,0.060137872579
2819,0.0751796305697,0.196522705417,-0.5337971832,2.70784713388,0,5.58490969762,-0.00891296851872,0.0587873215868
2820,0.105075364463,0.197845174177,-0.51962844115,2.71973718129,0,12.4353420909,0.0186855777946,0.0649958551952
2821,0.106478233028,0.202025413099,-0.592395915271,2.71179246033,0,12.8859276683,0.0214186128914,0.0610574361724
2822,0.114454269447,0.189976631764,-0.508202255696,2.71127012935,0,15.737206918,0.0256060108865,0.0596357886623
2823,0.062477467715,0.200508448019,-0.588579868041,2.72024370051,0,3.83447115613,-0.0212361227843,0.064121355846
2824,0.0803512651183,0.191612240764,-0.510660226013,2.71029323437,0,6.45994376664,-0.00545448764064,0.0557398317537
2825,0.0565527078251,0.208242988139,-0.624365370759,2.71207290084,0,3.18025772155,-0.0264507988084,0.0563878712963
2826,0.0897727775763,0.193784678726,-0.556595345965,2.71185209131,0,8.3494473844,0.00499023479226,0.0604836683327
2827,0.0871132165041,0.197178319107,-0.529706273512,2.71259111831,0,7.77392312994,0.00145946893821,0.0556520313691
2828,0.0757886327816,0.194126863766,-0.611658893792,2.71531337021,0,5.68257988077,-0.0100728315956,0.0547307058658
2829,0.0900537850599,0.201336537312,-0.523213701194,2.70433660544,0,8.41233492743,0.00682158991732,0.0591464806575
2830,0.103818072631,0.198898075388,-0.498438080359,2.71567254133,0,12.0434877417,0.0174743403611,0.0640239821514
2831,0.105475542834,0.19108253924,-0.524871289451,2.70862903383,0,12.5624211193,0.019845526211,0.0543955744983
2832,0.0755743863135,0.195975979319,-0.590136608045,2.70501589108,0,5.64806182927,-0.00830939543225,0.0587506213397
2833,0.0765429403234,0.200083550529,-0.56925405823,2.71255046027,0,5.80548590191,-0.00679846139656,0.0562196172672
2834,0.0643260833483,0.188151544176,-0.489126880841,2.70606897591,0,4.0580067692,-0.020192990487,0.0588026858663
2835,0.0775230304349,0.19547060292,-0.498150202605,2.70826084043,0,5.96843067677,-0.0056603879488,0.0630217241452
2836,0.05825636213,0.1950033689,-0.548626637299,2.7085597221,0,3.35909921024,-0.0251262138421,0.060301975944
2837,0.078009269317,0.191256161721,-0.527661558477,2.71842112891,0,6.05065609931,-0.00647142594701,0.0550755198275
2838,0.0617573526942,0.194872612769,-0.517138136421,2.7045094315,0,3.74999150745,-0.0225175170827,0.0610401859686
2839,0.0755247184214,0.186689966981,-0.568180109483,2.71064902865,0,5.64008416306,-0.0111716727661,0.0612730247423
2840,0.073067279439,0.207003295722,-0.600094291557,2.71116863712,0,5.25666189103,-0.0101075102203,0.0642400791679
2841,0.0723328562112,0.197383724797,-0.588009149039,2.71981355544,0,5.14626746856,-0.0115124905782,0.0639304563812
2842,0.0877656189093,0.196527549211,-0.584051014673,2.70951901023,0,7.9118637883,0.00154040907181,0.0608850243587
2843,0.114358529293,0.189993333139,-0.51169230099,2.69981987065,0,15.6998608616,0.0261173645661,0.0590869489902
2844,0.10625586383,0.205241894786,-0.566670067413,2.69918262207,0,12.8135487336,0.0216526308219,0.0612608377374
2845,0.0884024474052,0.177688295445,-0.537965703085,2.70822670423,0,8.0485213112,0.00121327886228,0.0597703010543
2846,0.0834875239317,0.205608497488,-0.629229551252,2.71501120141,0,7.04395178405,0.000530905539856,0.0652364101362
2847,0.10016346782,0.197023106296,-0.515795110575,2.71247576178,0,10.9658749998,0.0138502126585,0.0565990805657
2848,0.0813667243218,0.189647270184,-0.469540439987,2.70099215119,0,6.64442004597,-0.00517820201168,0.0642198118874
2849,0.0605790575823,0.196435641492,-0.53465132659,2.70915468406,0,3.61481391669,-0.0229854419781,0.0645566571826
2850,0.0767798901542,0.191332886495,-0.498845267661,2.70038356809,0,5.84454082527,-0.00719592075922,0.0598986137715
2851,0.104624309804,0.192449839703,-0.491348619221,2.70233971906,0,12.2934795041,0.019018315593,0.0600128810013
2852,0.094324102463,0.190925000517,-0.52760282623,2.70552721143,0,9.41954294286,0.00904955330017,0.062487299108
2853,0.0805905516354,0.194801020322,-0.458835207981,2.70198901525,0,6.50302498122,-0.00331870149813,0.0593927173632
2854,0.084473472583,0.196041178716,-0.504411843535,2.70838979119,0,7.23645773493,2.67125538791e-05,0.0616461376705
2855,0.113071237316,0.188689644644,-0.445199847239,2.70762462327,0,15.2054336106,0.0252710496992,0.0614530752082
2856,0.0778272628431,0.19026169248,-0.460033832499,2.71061041672,0,6.01976923986,-0.00647982049476,0.0602676954343
2857,0.0805398337544,0.187521384731,-0.500899880007,2.70421974087,0,6.49387378746,-0.00444077377198,0.0598717089545
2858,0.109385592068,0.192946569271,-0.476610637978,2.70809259527,0,13.8664497574,0.0239622858796,0.0647765669674
2859,0.0848383496547,0.189918610342,-0.467347891964,2.70573210425,0,7.30881664443,4.09082210441e-05,0.0609102118169
2860,0.0956053159482,0.207374825693,-0.586343633132,2.71960383441,0,9.74141966382,0.0104560880292,0.0559836960889
2861,0.0596922373593,0.184556899003,-0.479783795673,2.69864699633,0,3.51552287438,-0.0264218548505,0.0602085191748
2862,0.0924900492865,0.196216722779,-0.579884130964,2.7039296245,0,8.97487197184,0.00662579006636,0.0560112916868
2863,0.0807341613514,0.193639895383,-0.571792469184,2.71532695017,0,6.52899527953,-0.00554268795774,0.0572406321013
2864,0.0817896643877,0.199036886668,-0.552544253143,2.70935569138,0,6.72254169421,-0.0018428124701,0.0604158436189
2865,0.081727918332,0.190386890462,-0.536576282281,2.71121076254,0,6.71108885863,-0.00288990321098,0.0602667628428
2866,0.0858207605398,0.192096064556,-0.525920154075,2.70784981917,0,7.50669017292,-0.00083249782725,0.0659525506731
2867,0.103754389669,0.199639248159,-0.554902834177,2.70987563227,0,12.0239352319,0.0196223800594,0.0613058489154
2868,0.0812117086713,0.199425560639,-0.620088608894,2.70738703352,0,6.61597771116,-0.00259121812301,0.0671468497349
2869,0.0924508725948,0.200160273563,-0.588887436226,2.71369700935,0,8.96557547895,0.0065956257767,0.0582650108127
2870,0.0807040838343,0.20027800059,-0.57803331828,2.70501928428,0,6.52354893317,-0.00285377494779,0.0592399987941
2871,0.0791502037473,0.194557633895,-0.498237470782,2.70990434069,0,6.24727281788,-0.00590759811051,0.0601703534318
2872,0.0945758551112,0.205477428956,-0.563673726056,2.71043856127,0,9.48204904557,0.0101830196094,0.0586013325371
2873,0.0748669108133,0.194522962126,-0.535611161843,2.7080026647,0,5.53529137314,-0.0102698160678,0.0648201640109
2874,0.10489746853,0.199519804693,-0.573558030472,2.71364903473,0,12.3792185129,0.0181398632695,0.0621331367329
2875,0.10958516945,0.186189042246,-0.493093927651,2.70593183216,0,13.9361459825,0.0223237116342,0.0583638197805
2876,0.0763189174985,0.188917624113,-0.525096355909,2.69833412799,0,5.76875877681,-0.00853199974245,0.0582519682568
2877,0.104312002519,0.194824555173,-0.513115611315,2.69914563873,0,12.1960998466,0.0195605504965,0.0605033594376
2878,0.0683283256458,0.198643582148,-0.522999285267,2.7105135158,0,4.57651177702,-0.0164571680618,0.0614092704614
2879,0.0801459757208,0.203856501748,-0.546153005787,2.72019733516,0,6.42317305578,-0.00342471296729,0.0624561370412
2880,0.0893290907913,0.190432186994,-0.476546341227,2.69865167092,0,8.25097511844,0.00407996085328,0.0629365538022
2881,0.0945363385258,0.184616650852,-0.440794646684,2.71102365343,0,9.47221391881,0.00627909308114,0.059592627281
2882,0.0847739194829,0.200080721221,-0.601245960384,2.71857683734,0,7.29599519136,0.000744420227044,0.060518553066
2883,0.0679037769866,0.201640454974,-0.524759869462,2.70408082424,0,4.51917601116,-0.0151901068134,0.0606570565623
2884,0.0977185842146,0.200636141971,-0.569892323501,2.71132993218,0,10.2933260344,0.0135647573457,0.0621250963577
2885,0.100774448716,0.194176138974,-0.499331673337,2.69721293507,0,11.1398668968,0.0140809861295,0.0603938889325
2886,0.0956848413395,0.188176931663,-0.554867116495,2.71194239282,0,9.76171067541,0.0100761894065,0.0548694234263
2887,0.0617856214169,0.199163742151,-0.615637921153,2.71894988845,0,3.75328089092,-0.0223977176542,0.0569219319617
2888,0.0427285761619,0.191395512331,-0.491526694651,2.69671490662,0,1.96809666728,-0.0413405424787,0.0670438520812
2889,0.0712329451684,0.192495605903,-0.514044803685,2.70431435916,0,4.98443076437,-0.0131582035902,0.0565911617803
2890,0.09590932409,0.19465869256,-0.540039167051,2.71275444884,0,9.81918680681,0.0111609195375,0.0559415501574
2891,0.0652710888154,0.194353830339,-0.539536279553,2.70767422368,0,4.176083157,-0.0191029788889,0.0547272350722
2892,0.0757159077975,0.192548208371,-0.569919833648,2.70818960894,0,5.67084361076,-0.00919500141413,0.0610695173
2893,0.0845818335216,0.195331590211,-0.63059469418,2.70687824332,0,7.25788333889,0.00048017730615,0.0592255019206
2894,0.0930858608451,0.19150179419,-0.495623181352,2.71916658846,0,9.11728791331,0.00698688458722,0.066386390175
2895,0.0741549823572,0.191143857002,-0.464724078771,2.7149050618,0,5.42366902267,-0.0102849249131,0.0651611384371
2896,0.0767982497562,0.197904739104,-0.560902909012,2.70878034708,0,5.84757590026,-0.00768051422418,0.0611435451374
2897,0.107008227814,0.185757473174,-0.485665654276,2.6986277045,0,13.0599089208,0.0187878673571,0.0555636962014
2898,0.100005579183,0.194560966909,-0.561405717625,2.6968315251,0,10.9213036902,0.0140247956298,0.0558185858375
2899,0.100261909528,0.191262898771,-0.484847294439,2.70223491489,0,10.9937457367,0.0128329062396,0.0588673152225
2900,0.081154873099,0.200171964111,-0.48825885319,2.70130775185,0,6.60557501249,-0.00272225380644,0.0597156650012
2901,0.0782623002964,0.207476364415,-0.588815352335,2.71390768337,0,6.09381315054,-0.00445551546026,0.0624365096868
2902,0.0732850768205,0.195743915242,-0.487276805091,2.70938813264,0,5.28976485619,-0.0118975797266,0.0584919207108
2903,0.09674007524,0.192490404165,-0.517287638901,2.71679391533,0,10.0344689657,0.0112086064525,0.0560614302626
2904,0.0995989675426,0.186858649679,-0.424226836302,2.69639117289,0,10.8072526139,0.0114187933339,0.0678359151382
2905,0.104985443511,0.198522363318,-0.569108000738,2.71183460536,0,12.4069451052,0.0184898016277,0.0579205846373
2906,0.0875758423297,0.189909210698,-0.557940959958,2.71898546154,0,7.87152478485,0.000460933028009,0.0560428110753
2907,0.0900663368728,0.202173502211,-0.542070900953,2.71284508511,0,8.4151534053,0.006465417211,0.0662019625007
2908,0.0876539474756,0.200134252081,-0.621030772866,2.7088171384,0,7.88810554796,0.00283909940754,0.0554401741013
2909,0.0723175943121,0.206734961147,-0.623265891476,2.70549158686,0,5.14399336956,-0.00990687142391,0.0639320136429
2910,0.103538009752,0.199121355335,-0.507918468526,2.70609843751,0,11.9577106817,0.0190757500097,0.0573758793858
2911,0.0825662626872,0.201759726953,-0.629100284337,2.72532124644,0,6.86799123215,-0.0009407867297,0.0608139918497
2912,0.0978528260608,0.19817714036,-0.590531679356,2.70319413657,0,10.3292909495,0.0126716001601,0.061082098513
2913,0.0644440207252,0.198226978859,-0.578321210137,2.7223747101,0,4.07260008823,-0.0201068448462,0.0567697152836
2914,0.0827208520827,0.200047856809,-0.542934764597,2.72939105824,0,6.89725705487,-0.0015982472967,0.0620658351426
2915,0.0909835945671,0.18825220539,-0.502698567513,2.70615479931,0,8.6233324882,0.00593578383394,0.0626267633389
2916,0.0800577753706,0.186961737907,-0.521089395415,2.70170996208,0,6.40742850002,-0.00558684614983,0.0520864001693
2917,0.0692000572139,0.188303397211,-0.46463505086,2.70012732863,0,4.6960407286,-0.0159640637241,0.0689212278113
2918,0.0929734882548,0.199703421486,-0.599224612568,2.71953178381,0,9.09027891844,0.00789065153248,0.0662597244342
2919,0.0589675583403,0.19838081307,-0.526071243476,2.7010910692,0,3.43591390689,-0.0238691880154,0.0606676101808
2920,0.105002965053,0.198527395005,-0.524321465652,2.71314624968,0,12.4124738673,0.0186087929038,0.0675546890905
2921,0.090228515845,0.186274007111,-0.49009740638,2.70501201463,0,8.45164334604,0.00354892092577,0.0561259713008
2922,0.0937783377374,0.191247670358,-0.529088228885,2.70694881345,0,9.2852666979,0.00812929066134,0.0613415834359
2923,0.0754624710446,0.204658592641,-0.594961996872,2.72267576725,0,5.63009897431,-0.00797848442976,0.0660620100184
2924,0.0587372285085,0.192904961377,-0.460652281522,2.69764914372,0,3.41089510655,-0.0257969401345,0.0558752458599
2925,0.0763254560707,0.20229842107,-0.499562060996,2.70903472438,0,5.76982802909,-0.00683331336167,0.0638644281836
2926,0.0898594850172,0.205018116755,-0.642817346544,2.71326950924,0,8.36880868752,0.00574695123938,0.0626638352209
2927,0.103067456911,0.187331855036,-0.476722571626,2.70013839,0,11.8148106297,0.016628046417,0.0591565440684
2928,0.0876436233161,0.184785095114,-0.508430252697,2.7065409282,0,7.88591214791,-0.000570201416388,0.0610700986407
2929,0.070514946484,0.191263139901,-0.482431442082,2.70648089014,0,4.88100606611,-0.0139411491475,0.0588798202963
2930,0.0840908358369,0.209361200741,-0.638971405089,2.7148207875,0,7.16122790221,-0.000176392470678,0.0634978789525
2931,0.0774280610666,0.208010134355,-0.626249866365,2.70487834403,0,5.95247887416,-0.00428705909194,0.0648388489472
2932,0.0913170697587,0.197892416586,-0.609272062286,2.71435931269,0,8.7001088184,0.00660351455868,0.0592953468782
2933,0.0657812789795,0.207192540429,-0.540032771176,2.72248357903,0,4.24092743778,-0.0156149678444,0.0682247458514
2934,0.0799055854265,0.193842217427,-0.514563082652,2.71110153748,0,6.38033670084,-0.00458644001015,0.0633171379378
2935,0.100559721662,0.199614387267,-0.560216233841,2.71059527878,0,11.0784426416,0.0155766306366,0.065553009084
2936,0.0898329152264,0.197333055525,-0.557548395357,2.71651441035,0,8.36287170373,0.00549374058886,0.062634835469
2937,0.0793715703501,0.203666633187,-0.609309185846,2.71389740636,0,6.28602668765,-0.00390936274658,0.0626199745455
2938,0.100130458738,0.193560951011,-0.544250404132,2.71502815349,0,10.9565434446,0.0130048557605,0.0579700544015
2939,0.0984140786774,0.192308769834,-0.513462043093,2.71114117942,0,10.4808532272,0.0109280433917,0.0580235157164
2940,0.0930971864515,0.201965365415,-0.594219028368,2.71926365511,0,9.12001390022,0.00630944899752,0.0593948990924
2941,0.0865519438757,0.205246819219,-0.626051930152,2.71193676856,0,7.65689542216,0.00246209840732,0.0588712563225
2942,0.095326658815,0.201813424815,-0.514330954124,2.70782877869,0,9.67060980375,0.0117839129823,0.0625673005939
2943,0.0966509643931,0.182906784962,-0.49612727291,2.71142890778,0,10.0111808975,0.00945672267476,0.0565615489101
2944,0.118696922605,0.191828961462,-0.427085689053,2.7046651951,0,17.4752452397,0.031522675605,0.0602971421342
2945,0.0855693792825,0.188314233123,-0.508748571953,2.70351871165,0,7.45563083088,-0.000302147160285,0.057838657969
2946,0.082092084796,0.203339271078,-0.555958824353,2.70061201823,0,6.77887213977,-0.00088429988684,0.0646183090648
2947,0.0904621843034,0.19356630805,-0.539876894286,2.71179001008,0,8.50445747519,0.00484208353526,0.0602903916127
2948,0.101471945109,0.191642592173,-0.539065798093,2.70502759257,0,11.3414701811,0.0153662500989,0.0591961912835
2949,0.0746477974817,0.197378694305,-0.602916317765,2.7100571438,0,5.50073970925,-0.0100417604942,0.0607717622772
2950,0.0600488056775,0.192382039123,-0.58513345774,2.70791248439,0,3.55519587905,-0.0246017043845,0.0570523425253
2951,0.0750046705452,0.201607892648,-0.521027961759,2.69370891498,0,5.5571048414,-0.00783971291136,0.0632800128994
2952,0.0953850892911,0.189863032505,-0.500605392755,2.7038547135,0,9.6854203425,0.00969462017492,0.0548082479141
2953,0.0941319859695,0.191405952522,-0.486409797666,2.70895599771,0,9.37208479714,0.00859138831474,0.0615798616815
2954,0.103747532713,0.183023333004,-0.501719527132,2.71081680118,0,12.0218316294,0.0159060178936,0.054180081225
2955,0.0710677414311,0.194107006875,-0.569926078539,2.71110982885,0,4.96048007679,-0.0137999053218,0.05724819933
2956,0.0886024479869,0.198728733153,-0.614756832618,2.71669040876,0,8.09185378715,0.00379707076573,0.0606770080847
2957,0.0831144015041,0.198374981171,-0.506668422428,2.71880172648,0,6.97223436494,-0.000481802831771,0.0625469106198
2958,0.0846432468123,0.194046722538,-0.573253644079,2.71287389414,0,7.27005002881,-0.000618123154123,0.0546675316995
2959,0.0618416175991,0.192788126357,-0.509461970673,2.7093267257,0,3.75980314344,-0.0226033723267,0.0557509672108
2960,0.0855328524999,0.191562412628,-0.467842632583,2.70268129031,0,7.44823625279,0.000753402518522,0.057104459506
2961,0.0739952786177,0.188082856398,-0.572604198606,2.71269357931,0,5.39888221795,-0.010884185903,0.0633897248593
2962,0.10671802104,0.186626683345,-0.504814826617,2.70841353128,0,12.9643848459,0.0198131388167,0.0558254713243
2963,0.0768360588404,0.199407061625,-0.49513915362,2.70708493973,0,5.85383029837,-0.00761436667832,0.0619154256375
2964,0.0771809945361,0.192289323576,-0.57137963644,2.71725759514,0,5.91114395443,-0.00843293383803,0.0572257206317
2965,0.0641503575377,0.199223843517,-0.509456732241,2.7123501976,0,4.03633769405,-0.0193781549412,0.059994657612
2966,0.0709060347175,0.194751594964,-0.553422083336,2.71094756258,0,4.9371256544,-0.0139344686477,0.05392308828
2967,0.0801093275863,0.202136447178,-0.564446834996,2.7134527894,0,6.41662713069,-0.00289085426178,0.059764226652
2968,0.104735133471,0.19984147152,-0.521690953989,2.71669869782,0,12.3282009315,0.0183810456907,0.0618382917403
2969,0.0797482749093,0.199098529983,-0.459563537307,2.70729398039,0,6.35243351964,-0.00515084617094,0.0682786163346
2970,0.0889678075505,0.196839605513,-0.564945216721,2.69725553808,0,8.17152895502,0.00540973531361,0.0620928953109
2971,0.08031363571,0.184985649959,-0.554461871259,2.69817162676,0,6.45319063699,-0.0056708991826,0.0583138731371
2972,0.100911820884,0.189352363957,-0.559577102671,2.70471049858,0,11.1793206401,0.0144120460258,0.0524008058236
2973,0.0912082510904,0.206298406844,-0.581680362546,2.70825537129,0,8.67499087764,0.00625855238237,0.0584041685267
2974,0.0852639514192,0.193601069386,-0.439083454362,2.7067421611,0,7.39399026869,-0.000369970307932,0.0575994386085
2975,0.0696494126408,0.194179449482,-0.488333024005,2.71624886208,0,4.7586132485,-0.0146276310764,0.0614168540534
2976,0.0712849894838,0.205256026898,-0.555170680324,2.7042474333,0,4.99199512492,-0.0116985052458,0.0624117310957
2977,0.0601601989885,0.209961474407,-0.627034840668,2.71325879378,0,3.56765843501,-0.0230483793928,0.0540838881969
2978,0.0929320346573,0.19553165057,-0.585498160294,2.71599059481,0,9.08033297261,0.00661366177573,0.0589372301581
2979,0.0578171539211,0.21119882052,-0.630668776494,2.7047494112,0,3.312301891,-0.0241871347181,0.0589656692265
2980,0.0868568112112,0.196607425681,-0.485594961501,2.71006779333,0,7.72027404672,0.00145786978302,0.0707917611294
2981,0.0851706008873,0.196932215698,-0.623773095546,2.71438203441,0,7.37523690472,0.000356489063498,0.0652139640516
2982,0.099886423087,0.185947839978,-0.518377341238,2.70047590494,0,10.8877721603,0.0124493158081,0.0628296396331
2983,0.0741258165144,0.2027647561,-0.61576065738,2.71313586209,0,5.41913546077,-0.00958321709743,0.0573339244727
2984,0.0705379377929,0.189403307688,-0.470456391382,2.7077469517,0,4.88429106633,-0.014554360924,0.0618900955155
2985,0.0887234615899,0.199959402656,-0.532142435502,2.7092506713,0,8.11816962287,0.00424014802657,0.0662012658503
2986,0.0841424836042,0.195291150278,-0.42880209097,2.7189458622,0,7.17134360974,-0.000284850633795,0.0628620572596
2987,0.0935350917687,0.200984371713,-0.605014527729,2.71151584527,0,9.22595761331,0.00779501176821,0.0642536851495
2988,0.0892143365628,0.193551126396,-0.544171743014,2.71898810979,0,8.22566923416,0.00413752640072,0.0597535377033
2989,0.106249147324,0.196434408864,-0.565311984449,2.71947076703,0,12.8113682323,0.0197487590786,0.0637806850357
2990,0.0825867154771,0.202216125494,-0.598182328111,2.70433375959,0,6.8718572221,-0.000945541528099,0.0588779318524
2991,0.0885263351611,0.186449057966,-0.544697292431,2.71232435705,0,8.07533958261,0.00216340465501,0.0610162268654
2992,0.0948727312389,0.197781479982,-0.54265391984,2.71079568655,0,9.55622189887,0.00968857740002,0.0627933820026
2993,0.0746263316218,0.196354885797,-0.611556607998,2.71252508386,0,5.4973642514,-0.00954454324287,0.0641365298894
2994,0.0862434795136,0.192573826175,-0.55553315321,2.71060790545,0,7.59321991612,-0.000666211755723,0.057631892262
2995,0.0910307334745,0.207126589166,-0.643253611054,2.70514791049,0,8.63414975615,0.0077665085805,0.0649792629937
2996,0.104269283133,0.197528568606,-0.515216546642,2.70666539999,0,12.1828330822,0.0197648232742,0.0600118606423
2997,0.0822535471735,0.187127593553,-0.53163980675,2.71258650347,0,6.80910855188,-0.00448740175264,0.0633806137258
2998,0.0906642182531,0.187996376527,-0.446774928411,2.69867709248,0,8.55035015973,0.00371230586442,0.0557546113223
2999,0.0777316923328,0.195492190259,-0.549886384125,2.71198257197,0,6.00360287117,-0.00498160203473,0.0643904721201
3000,0.0727653585161,0.197480293008,-0.538129546388,2.70837079694,0,5.21104996628,-0.0123340651878,0.0620437363672
3001,0.0773551423195,0.193989480369,-0.528501355387,2.70744698485,0,5.94025470293,-0.00730792598043,0.0573626277749
3002,0.0740600827619,0.193872569719,-0.491224628748,2.71144527046,0,5.40892903173,-0.0115203345515,0.0605754896801
3003,0.096405479794,0.189562073958,-0.510638754739,2.70287460979,0,9.9472705557,0.00944921457902,0.0565648378197
3004,0.105424186552,0.188666631009,-0.484098195591,2.71459339029,0,12.5460482166,0.0178634276176,0.0632816002386
3005,0.0763173204451,0.192581486152,-0.592317792713,2.71293555557,0,5.76849763545,-0.00846364738512,0.0610840850504
3006,0.10698032129,0.209655379278,-0.586203854661,2.70334624127,0,13.0506960122,0.0219679746096,0.0628454607592
3007,0.0877674836673,0.192688471882,-0.564006008271,2.71258218891,0,7.91226103585,0.00212271099755,0.0614953550888
3008,0.0813233836894,0.197630541081,-0.564480455649,2.71225502544,0,6.63645761971,-0.00273920950041,0.0612911916984
3009,0.0753647582805,0.199737986491,-0.615113606353,2.72371929056,0,5.61445384763,-0.00800084987181,0.0631074926951
3010,0.106703739086,0.192258340172,-0.521865285726,2.69694889833,0,12.9596999643,0.0200151610615,0.0586298348001
3011,0.102495594436,0.185272502947,-0.409391065404,2.70111153102,0,11.6431834967,0.0141506640243,0.0607347137226
3012,0.11053660526,0.19655908762,-0.612506545004,2.70732812572,0,14.2727472737,0.0245492605681,0.0621068391633
3013,0.0852144961721,0.195157812611,-0.588813072183,2.6946463412,0,7.38405008763,0.0017237110806,0.0621734474709
3014,0.0906781376825,0.188159038173,-0.436040741058,2.70445338063,0,8.55351983786,0.00502599586874,0.0588296718924
3015,0.0708418467722,0.192149658855,-0.471169411103,2.7099901429,0,4.92787975436,-0.0133939959075,0.0659747166295
3016,0.0876242674133,0.189475845454,-0.537316788022,2.70088941939,0,7.88180132819,0.00206723717007,0.0589475069781
3017,0.0766542125233,0.197364827926,-0.540922031889,2.71013187791,0,5.82379942556,-0.00703910870596,0.0595647044028
3018,0.0556621311812,0.202340927919,-0.630920825172,2.70448310903,0,3.08959890762,-0.0265450983069,0.0585776046549
3019,0.0747571096567,0.189447980615,-0.517980596619,2.71478991367,0,5.51795497385,-0.0106277153801,0.0598260727972
3020,0.0889080322176,0.203357173911,-0.533242863701,2.71610679214,0,8.15844777446,0.00508635124586,0.0639722436331
3021,0.0931397303329,0.199164254731,-0.552707078659,2.7123224485,0,9.13026019787,0.00810541695045,0.0646863408689
3022,0.109158216751,0.192598021737,-0.468799776772,2.71217939414,0,13.7874270376,0.0219753411622,0.0546600432871
3023,0.07965900994,0.193765673475,-0.520075678201,2.70006132505,0,6.33664515671,-0.00529330096134,0.0560439462873
3024,0.111999908113,0.198305943164,-0.575638523778,2.71891255904,0,14.8047142908,0.0248680950635,0.0668336690603
3025,0.0945806068251,0.185949358178,-0.504349003944,2.71765700507,0,9.4832322789,0.00771413015593,0.0578765449692
3026,0.0662789356314,0.192088024478,-0.50589202355,2.71022962721,0,4.30493085582,-0.0188717652739,0.0563983329901
3027,0.0791742418953,0.197080012188,-0.480320573182,2.70308673937,0,6.25147147941,-0.00371568965454,0.059589561809
3028,0.0900319656036,0.190085140738,-0.547954551832,2.71688734305,0,8.40743735446,0.00304734682375,0.061258873567
3029,0.101719759116,0.196831270212,-0.547884475101,2.71258394933,0,11.4138699931,0.0160550992607,0.066078623888
3030,0.0852514609543,0.194011290462,-0.490450198894,2.7157400296,0,7.39147869794,-0.000260367141681,0.0620124339611
3031,0.0958980798063,0.195947956631,-0.518711379749,2.70927178792,0,9.81630083355,0.00897719828403,0.0549832145149
3032,0.108818323931,0.18371594777,-0.535794952399,2.70361750408,0,13.6700523247,0.0203963314175,0.057245838942
3033,0.0730848817306,0.207036906943,-0.623212530587,2.71822843829,0,5.25933102405,-0.00970077312438,0.0621632892641
3034,0.0773776803768,0.199379128905,-0.535658008329,2.72258080797,0,5.94403079687,-0.00680537341722,0.066261499805
3035,0.105151469427,0.191066563696,-0.499579519943,2.71135668202,0,12.4594211749,0.0185164610185,0.0621556942681
3036,0.0954092247901,0.194318174936,-0.519423206154,2.70170946153,0,9.69154380281,0.0115387140259,0.0620717369774
3037,0.0897118902237,0.198212438952,-0.614265951124,2.70998645947,0,8.33587456736,0.00477473839813,0.0621560915518
3038,0.0958799049862,0.198727100733,-0.631210650311,2.70967815299,0,9.81163762443,0.0111521632276,0.060486795255
3039,0.0887213657961,0.197025926422,-0.526031121236,2.69989407152,0,8.11771324518,0.00427699121239,0.0594294589637
3040,0.0886019709008,0.20318196958,-0.582183611793,2.7113373783,0,8.09175018383,0.00397472080542,0.0637054824836
3041,0.0779783963547,0.192705479613,-0.583515919096,2.70770672435,0,6.04540770953,-0.00811494658425,0.0581783920447
3042,0.107087892127,0.183456191416,-0.423918753318,2.69993592819,0,13.0862408347,0.0180469478124,0.0636099441633
3043,0.0931666153725,0.199712648115,-0.52043919468,2.7004829233,0,9.13674035212,0.00933908309267,0.0624501247995
3044,0.0786042822063,0.193695765261,-0.588288124533,2.72306126046,0,6.1525455146,-0.00708923068718,0.0623507203146
3045,0.094403647162,0.185372760987,-0.466150953955,2.70380702394,0,9.43925376934,0.00673739061794,0.0564600002833
3046,0.0826108200737,0.18661612008,-0.488922989498,2.70995076754,0,6.87641582205,-0.00379341249558,0.0637055456428
3047,0.0891092256005,0.187401786263,-0.496567842996,2.71155541469,0,8.20254832328,0.00181732540008,0.0634713660154
3048,0.100953922776,0.194276246028,-0.540124422373,2.71236984866,0,11.1914371066,0.0132335870758,0.0560881091275
3049,0.0895753225358,0.195151673605,-0.600333218427,2.71345841544,0,8.30550019913,0.00385874594264,0.0591093284905
3050,0.0711012938615,0.196659158117,-0.567614606032,2.71635844848,0,4.96533692552,-0.0135798829958,0.0602469047463
3051,0.0891853433944,0.196160607087,-0.581222776055,2.7115642827,0,8.2192861302,0.0037897459189,0.0636541434059
3052,0.0932975929053,0.190699754452,-0.497605950644,2.71266883461,0,9.16836717665,0.00683318072396,0.0579500745879
3053,0.103726383272,0.184759279736,-0.473446126502,2.70926101991,0,12.0153453836,0.0164758260506,0.058307290553
3054,0.0901634667949,0.200124659828,-0.544313423899,2.71466331192,0,8.43699113816,0.0051399432811,0.0591803214448
3055,0.0781420248117,0.193923507686,-0.563397293293,2.71351360061,0,6.0732673441,-0.00619093024687,0.0570302616814
3056,0.0815246943802,0.205731238508,-0.607797593867,2.7213573477,0,6.67350951681,-0.00228006086981,0.0581906753866
3057,0.0817460940011,0.192479998594,-0.504798045211,2.71174074538,0,6.71445843663,-0.0029390406342,0.0568626057716
3058,0.0786655814254,0.203157192106,-0.593064979942,2.72436718999,0,6.16312241015,-0.00380083756381,0.063049886662
3059,0.0787201219736,0.192498618418,-0.532129026689,2.7125145368,0,6.17254577038,-0.00582638840569,0.0560778778865
3060,0.0763960353062,0.197180186863,-0.540400156601,2.70017048976,0,5.78138019001,-0.00670163398597,0.0616710428874
3061,0.0760217860599,0.203489887476,-0.563372701921,2.71668284946,0,5.72033988237,-0.00566713081805,0.0640181101849
3062,0.0786821294748,0.195248681688,-0.541081400349,2.70549803944,0,6.16598027615,-0.00567004971887,0.060170141141
3063,0.0804742902377,0.195299325968,-0.490197148732,2.70534459178,0,6.48206345103,-0.00364546389743,0.0597431988511
3064,0.0746943790391,0.193040011336,-0.559223084035,2.7075478562,0,5.50807035419,-0.0102395904316,0.0595401430373
3065,0.111059024795,0.198815235634,-0.547741525899,2.70997589023,0,14.4606598792,0.0249126205785,0.0623942038693
3066,0.0747188707411,0.198291774172,-0.548266388254,2.71030912609,0,5.51192785628,-0.0100601769263,0.0635023884741
3067,0.0907128140143,0.193673919248,-0.539669302083,2.70418045137,0,8.56142059624,0.00616327949467,0.0588944658228
3068,0.100597385634,0.19189599019,-0.527841299372,2.714226891,0,11.0891950427,0.0129162773339,0.0557261463643
3069,0.067046294152,0.19058666138,-0.499826428616,2.70380472047,0,4.40509571106,-0.0175605026833,0.0653938956437
3070,0.08332771722,0.191780089606,-0.594360892614,2.71193166194,0,7.01315990137,-0.00134046093566,0.059677261044
3071,0.0741360943358,0.202314486953,-0.625843717495,2.70921201367,0,5.42073270237,-0.00867765668748,0.0631372957907
3072,0.0809908245531,0.189528255082,-0.512076103443,2.70339523622,0,6.57562553859,-0.00423428783938,0.0602323916654
3073,0.0837481884494,0.191953694062,-0.529439165771,2.7142020678,0,7.09442143766,-0.00155766906215,0.0557040150575
3074,0.106279557398,0.187005724617,-0.494115579826,2.70574888561,0,12.8212434502,0.0183009654214,0.062941644381
3075,0.0826407635204,0.200388704988,-0.530601988428,2.6956425306,0,6.88208218566,-0.000513825906346,0.0597754132004
3076,0.089520182951,0.196349629859,-0.506207112456,2.70709486322,0,8.29326341069,0.00396211185885,0.060047079039
3077,0.0917892611992,0.201032534326,-0.555922386631,2.70365929921,0,8.80983007478,0.00659426444737,0.0583673983203
3078,0.0845029624288,0.190313763131,-0.422794512545,2.70178235478,0,7.24228329778,-0.00194237548111,0.0562436087656
3079,0.0718929044086,0.195204891349,-0.486663135303,2.70811358731,0,5.08103596616,-0.0120448645081,0.056044680227
3080,0.0624196843762,0.20266837428,-0.551109449878,2.71543800447,0,3.82763939203,-0.0197779010269,0.0615869872702
3081,0.0891326157713,0.206263662098,-0.595638899195,2.70563884409,0,8.20768855711,0.00585822605877,0.0682575288507
3082,0.0772242135586,0.19347568316,-0.507651073487,2.70788137985,0,5.9183575244,-0.00765741096636,0.0641756506508
3083,0.0786244050563,0.189962503805,-0.494843382403,2.71132009945,0,6.15601596212,-0.00688335026116,0.060394107361
3084,0.101418933838,0.183973955765,-0.40612208797,2.708604306,0,11.3260355368,0.0126348500914,0.0618311664986
3085,0.0839472672824,0.189447314815,-0.511353983192,2.70395942637,0,7.13317184952,-0.00215777066739,0.0591688475721
3086,0.0997556389301,0.197882008099,-0.550229400701,2.70498532613,0,10.8510727933,0.0153181469788,0.0661921582054
3087,0.0960662988602,0.193031072772,-0.501016863186,2.70123236528,0,9.85955356681,0.0119394104563,0.0642358406692
3088,0.0952055463408,0.188486159756,-0.531222171816,2.70521414441,0,9.63997391427,0.00815823226729,0.0612361562677
3089,0.0882903792208,0.187441135398,-0.515486622979,2.69943024182,0,8.02432730679,0.00178664097481,0.057510503697
3090,0.077367990941,0.187831944039,-0.525726906186,2.70907309797,0,5.94240715761,-0.00763110791181,0.0560041967669
3091,0.0811966268846,0.198792930605,-0.585502575089,2.69991295069,0,6.61321593672,-0.00316038914903,0.0507341711671
3092,0.0666391887347,0.190331319979,-0.489686304135,2.70729909208,0,4.35173110455,-0.0185747999324,0.0546539695707
3093,0.0847097277637,0.200222497761,-0.571392102271,2.71129338574,0,7.28324010952,0.000906062321848,0.0683649590523
3094,0.098195570878,0.187708599407,-0.57884875592,2.70969595792,0,10.4216164232,0.0115777016881,0.0614805483031
3095,0.0909700954965,0.204659175913,-0.570659051567,2.71183357616,0,8.6202369214,0.00807276902625,0.0693342155138
3096,0.0916535400096,0.19550661354,-0.612803311955,2.7001905748,0,8.77817146764,0.00772692776553,0.0596329194648
3097,0.0493185453342,0.187851967187,-0.48141122169,2.70366653267,0,2.49638849147,-0.0353966490152,0.062467593962
3098,0.0665352310741,0.204327749603,-0.596678956745,2.71146181732,0,4.33818543656,-0.0151611675646,0.0620847915012
3099,0.0964403232273,0.200147756635,-0.596888339487,2.70546788239,0,9.95632005082,0.0112380978219,0.0613006053714
3100,0.0925740790003,0.189269778802,-0.536959171954,2.70898499079,0,8.99484006381,0.00727151296935,0.0588738050499
3101,0.0806939275411,0.20149371666,-0.575138780038,2.70958057318,0,6.52171071786,-0.00318087612897,0.0649103251733
3102,0.0719749311883,0.199081843196,-0.545933477675,2.71260326946,0,5.0931473442,-0.0126256797359,0.0562367714298
3103,0.0814907201318,0.192687968469,-0.566363299142,2.71170820974,0,6.66724434287,-0.00398653977115,0.0543130258561
3104,0.0918426128462,0.188471179352,-0.500817927512,2.7143930892,0,8.82230195774,0.00625226724494,0.0551330349279
3105,0.116386196287,0.199166315739,-0.623669406225,2.70433087262,0,16.5081944467,0.0297181579859,0.0618334535924
3106,0.0961658602637,0.194846502256,-0.52666196839,2.70420013731,0,9.88523123552,0.0110158026967,0.061465851586
3107,0.0900890183582,0.20174764746,-0.616347373114,2.72258174524,0,8.42024853387,0.0051339622819,0.0585316510281
3108,0.0789499576355,0.187007636658,-0.464103670741,2.7181702874,0,6.21238723771,-0.00657810427028,0.0557883149761
3109,0.0746033418285,0.200018371701,-0.539218469126,2.70881368807,0,5.49375102748,-0.00952744858806,0.0578809372602
3110,0.109712579966,0.189152563447,-0.428161655506,2.71190353872,0,13.9808043573,0.0210925551346,0.0604126713803
3111,0.0918268468458,0.21213284821,-0.641946711644,2.70189596287,0,8.81861479256,0.00938889965909,0.0673258004775
3112,0.0875663629394,0.190652083638,-0.506816166885,2.71525015064,0,7.86951445176,0.00241501982626,0.057428570262
3113,0.0777769878674,0.193239490061,-0.500263325244,2.70300328228,0,6.01126043544,-0.0078707280814,0.0585189704075
3114,0.112625610359,0.185774498518,-0.425245782798,2.70842508874,0,15.03757897,0.0233324911672,0.0629881176489
3115,0.0690547274984,0.202867299232,-0.594893900737,2.7106032858,0,4.67594392456,-0.0155221631926,0.0586430283784
3116,0.0700607522274,0.198370793943,-0.575526092672,2.70737915988,0,4.81647110283,-0.0133238202873,0.0550585362783
3117,0.0709809913713,0.206047059026,-0.631688649818,2.71322014701,0,4.94794027578,-0.0124727769272,0.0583161907098
3118,0.075195690287,0.191427301173,-0.51248583112,2.70860049554,0,5.58746760019,-0.0101680485119,0.0584427863023
3119,0.0816734445328,0.203608567632,-0.577885847938,2.70920348423,0,6.70099846337,-0.00180370983982,0.057731073037
3120,0.0768506176095,0.200923009875,-0.530553989508,2.71411688081,0,5.8562400819,-0.00855253398806,0.0551276349144
3121,0.0801353607675,0.209291579467,-0.597694850989,2.7095141531,0,6.42127648924,-0.00299828357179,0.0636137966996
3122,0.0770828941958,0.205351082623,-0.605282086366,2.71321199578,0,5.89479712096,-0.00582681298427,0.0589658725346
3123,0.0682717590745,0.206962355558,-0.635941722815,2.71583801715,0,4.56883946038,-0.0137882687287,0.0597385985325
3124,0.0877391498186,0.204474436044,-0.607658105273,2.70394656622,0,7.90622694001,0.00453801209054,0.0602499276466
3125,0.0867459643267,0.197241017894,-0.520589389835,2.70806081305,0,7.69717873054,0.00338487822525,0.0589848354259
3126,0.095796397001,0.196226255839,-0.543031325425,2.71578593873,0,9.7902363767,0.010363763803,0.0546515810349
3127,0.0770534201975,0.205718149184,-0.634291005544,2.71365966472,0,5.88989302368,-0.00585444861634,0.0600201506677
3128,0.0590646756534,0.196832592821,-0.460490429986,2.70907753367,0,3.4465037931,-0.0242714482546,0.0606657285445
3129,0.0626518243488,0.195868131725,-0.542723777168,2.71436708311,0,3.85514185242,-0.0209976279728,0.0643077815462
3130,0.0798434469561,0.196392282548,-0.580359611437,2.70732583143,0,6.36930265449,-0.00517468365455,0.0576200558002
3131,0.0783118182613,0.190083530336,-0.480774330227,2.70980917161,0,6.10228861808,-0.00706887896315,0.0588655632413
3132,0.0687504318522,0.187098714446,-0.592722450866,2.70910498858,0,4.63408524003,-0.0163713898353,0.0677654088964
3133,0.0620334962174,0.199770449798,-0.564688474741,2.7108037184,0,3.78221786717,-0.0206950489068,0.058334324084
3134,0.075109453311,0.190267233336,-0.468133070198,2.6963590625,0,5.57374345403,-0.0100398505099,0.0593855358361
3135,0.0931014076588,0.201894481115,-0.627643105957,2.71463460045,0,9.1210300932,0.00935741223269,0.062315532976
3136,0.0889560846657,0.197068555501,-0.598451297315,2.70846600616,0,8.168962114,0.00394666175326,0.0629064362115
3137,0.088221814401,0.196752064498,-0.5964145189,2.70602362123,0,8.00955577273,0.00251934710948,0.0609774441361
3138,0.0696883476632,0.191645361331,-0.484159930469,2.70773334822,0,4.76406593744,-0.0157927179694,0.0579263046982
3139,0.104371451168,0.193159834682,-0.503761467433,2.7089772307,0,12.2145833498,0.016959749718,0.0637202456259
3140,0.0766020391246,0.195357367426,-0.543923586276,2.70794386425,0,5.81520667328,-0.0078892191546,0.0620846297947
3141,0.0895734081011,0.190688815723,-0.475053829884,2.70791728991,0,8.30507508095,0.00296528879319,0.0582435815883
3142,0.0820618436612,0.199867533455,-0.613943683331,2.71536033489,0,6.77322153419,-0.00142161883419,0.0569645539665
3143,0.0694870213592,0.18594318013,-0.504911478985,2.70463728403,0,4.73592445596,-0.0163616342457,0.056226492577
3144,0.0836320832526,0.18699634419,-0.519203914502,2.70850828378,0,7.07190375024,-0.00303582781721,0.0666728698052
3145,0.091737721479,0.191314741812,-0.538212717276,2.71716230785,0,8.79779622255,0.00588437177547,0.0616681291118
3146,0.0931759715463,0.191508479429,-0.506184049344,2.71725509402,0,9.13899642393,0.0074678286079,0.0608133572311
3147,0.108068359344,0.193301296165,-0.468971210923,2.72137642272,0,13.4142287139,0.0215851130517,0.0643935499779
3148,0.0879970161106,0.1952931512,-0.507740517741,2.70880198767,0,7.96128835243,0.00143825666885,0.0600473535282
3149,0.0863561685115,0.194553366773,-0.587083054531,2.71291623032,0,7.61642963014,0.00220703057363,0.0626235945215
3150,0.0838559152285,0.197421226741,-0.611327705259,2.7096398866,0,7.11536820754,-0.00136532826427,0.0595605481009
3151,0.0896868063725,0.202969546732,-0.552720053617,2.72047900501,0,8.33028846634,0.00593978534109,0.0632644470421
3152,0.102525848814,0.192059546772,-0.443471667939,2.70668581648,0,11.6522077861,0.0160326373564,0.0580104109625
3153,0.10309716676,0.190615946245,-0.498890158987,2.70370979485,0,11.8237880799,0.0164706759951,0.0591998908274
3154,0.0865929033507,0.198830171116,-0.515028365213,2.70430268851,0,7.6653846256,0.00309978393237,0.0621797001643
3155,0.0876208094799,0.189035006801,-0.454697990497,2.71092714295,0,7.88106712251,0.00254987681433,0.0577091584902
3156,0.100349894807,0.191373956144,-0.559618489424,2.70731125108,0,11.0187088754,0.0124748961227,0.0532200010071
3157,0.0848954781132,0.185697350954,-0.476189842872,2.69917379161,0,7.32020100875,-0.000121222405093,0.0596933028727
3158,0.0784398673275,0.197029610507,-0.509697838555,2.70670332058,0,6.12425059363,-0.00509763086016,0.0608055914191
3159,0.0697537861983,0.206872882803,-0.60642870413,2.7119951491,0,4.77324151927,-0.0140118599251,0.055723040284
3160,0.0784901558434,0.196175150188,-0.511352338123,2.71401746912,0,6.13289353293,-0.00637952099142,0.0590241743692
3161,0.0750438577464,0.194370878038,-0.505479955037,2.72204050107,0,5.56332269013,-0.00983249603068,0.0617664129243
3162,0.105638747468,0.20123189557,-0.523874326409,2.71466860067,0,12.6145788262,0.0209807704668,0.0658342550695
3163,0.0649813017781,0.187597902929,-0.468699842535,2.70688241629,0,4.13959599171,-0.020524253051,0.0557712035584
3164,0.0940056491805,0.191970674245,-0.553565148203,2.70681036272,0,9.34098943292,0.00857249406733,0.0640751684712
3165,0.0556451571414,0.20625061603,-0.568934759519,2.71489352379,0,3.08788948316,-0.0268098665847,0.0622631929104
3166,0.0738065340839,0.188146722694,-0.51286941415,2.70514860643,0,5.36970670218,-0.0117903237039,0.0593439825113
3167,0.100760916439,0.192482882825,-0.488350017208,2.71128132807,0,11.1359870378,0.0136223244238,0.0624698130499
3168,0.0858896064772,0.196214933581,-0.562824369065,2.7137394679,0,7.52072545888,0.00108924820945,0.0579061394386
3169,0.106050621689,0.195478507368,-0.523804611418,2.70910731158,0,12.7470665116,0.0203233476847,0.059080673627
3170,0.0974460493294,0.199241808572,-0.55944307038,2.71533693183,0,10.220648217,0.0118826412455,0.0577949971912
3171,0.073589627466,0.202673372234,-0.526450382244,2.70747837946,0,5.33633593778,-0.0094524878785,0.058019826351
3172,0.0813663267328,0.192556051086,-0.570287225455,2.70586940997,0,6.64434696569,-0.00399291571689,0.0532910708494
3173,0.107885165592,0.186137813182,-0.542683718694,2.70402545854,0,13.352393705,0.0195644854608,0.057298776857
3174,0.111648361264,0.198895074171,-0.607101946693,2.71327464314,0,14.6753108106,0.0242383324395,0.0572085215337
3175,0.0719749311883,0.199081843196,-0.545933477675,2.71260326946,0,5.0931473442,-0.0126256797359,0.0562367714298
3176,0.0946829401024,0.186661205047,-0.487100136974,2.69938002846,0,9.50874567069,0.00900230041839,0.0530352720941
3177,0.0893382766575,0.188227901006,-0.474709475526,2.7118421438,0,8.25300369086,0.00318208487539,0.0636132954499
3178,0.0786377957247,0.203761856917,-0.643975707967,2.71047745285,0,6.15832625441,-0.00539634120829,0.063455775946
3179,0.0776827159863,0.191585977698,-0.483404187634,2.70730944699,0,5.99533208559,-0.0077449452848,0.0604690674474
3180,0.0755110394385,0.199505014739,-0.535172349533,2.71995388581,0,5.63788865941,-0.00864021759611,0.0588635989138
3181,0.0888187002387,0.195284285333,-0.528877895523,2.71061222546,0,8.13893187732,0.00480886776857,0.0556783187596
3182,0.0642858711839,0.198350741588,-0.54985155174,2.71486193673,0,4.05304023694,-0.019630852267,0.0591184643721
3183,0.0978092446756,0.187724124738,-0.521414603502,2.70996328985,0,10.3176029456,0.0110452318278,0.0660619468246
3184,0.101445609085,0.201842760481,-0.568263340476,2.71618683195,0,11.3337999212,0.0173819844875,0.05961931046
3185,0.0887523135716,0.194001509207,-0.510332858679,2.70269005,0,8.12445463074,0.00351762969464,0.0576096059412
3186,0.076241517834,0.19008557347,-0.543033749977,2.70472275072,0,5.75611394671,-0.00878774154486,0.0596680162683
3187,0.0954500320805,0.191004414447,-0.473281937468,2.71393918049,0,9.70190476901,0.00897221997856,0.0631570042657
3188,0.0930518207008,0.192315847497,-0.630036660695,2.71887798879,0,9.10909896025,0.00756475782976,0.0614843819729
3189,0.0916041207696,0.188705375629,-0.500494591921,2.71131400779,0,8.76666824974,0.00512016255821,0.0624137065591
3190,0.103418965192,0.19542093343,-0.592283758401,2.71289079309,0,11.9214144778,0.0164233009092,0.0637564842478
3191,0.0930692408715,0.188395288476,-0.497853204215,2.71357808419,0,9.11328889098,0.00649607461862,0.0656453495246
3192,0.10158448717,0.187413503291,-0.481417551784,2.70681900819,0,11.3742993082,0.015069841123,0.062448738949
3193,0.0659772689519,0.196561384404,-0.620014528807,2.71455795972,0,4.2660444975,-0.0174521074383,0.0583645853001
3194,0.0744915609837,0.191615480539,-0.563554835617,2.71608966191,0,5.4762103475,-0.0114981681848,0.0599725382303
3195,0.071285789914,0.202530672804,-0.604975199709,2.71330056744,0,4.99211153489,-0.0109233159653,0.0646351227586
3196,0.0899297255764,0.202878418234,-0.569811958626,2.71849107092,0,8.38452128441,0.00528894656088,0.0582204114348
3197,0.045532485328,0.206076035483,-0.62493395711,2.71875943642,0,2.18274820365,-0.038185441909,0.0560634527775
3198,0.10285071661,0.203157553522,-0.571537647919,2.70774037304,0,11.7495006364,0.0164399785483,0.0595332909684
3199,0.0538931617772,0.199642800219,-0.589192784727,2.71115734283,0,2.91509638248,-0.0289972955578,0.0568982847658
3200,0.0734043623519,0.193025521653,-0.5293180893,2.71299669514,0,5.30796634023,-0.012441665937,0.0652640413863
3201,0.0585489273922,0.194424216146,-0.515488175389,2.70660721856,0,3.39054238991,-0.0261779875188,0.0597441885485
3202,0.103995291112,0.194352118277,-0.545183719234,2.71046588347,0,12.0980476118,0.0179339833022,0.0566412725156
3203,0.0727203492778,0.195219758235,-0.450031536232,2.7039153099,0,5.2042777566,-0.0115997515393,0.0642091561642
3204,0.0880328788889,0.195647370007,-0.477678299333,2.71936431672,0,7.96897190124,0.00389438277284,0.0565378944907
3205,0.0869175872681,0.188315164565,-0.572650013263,2.70569486283,0,7.73296195845,0.00048242998647,0.0628228608357
3206,0.0640721606207,0.195361140135,-0.589078934548,2.70473693911,0,4.02672381164,-0.018854334293,0.0661609344162
3207,0.0739734559637,0.184637799483,-0.549828029918,2.70296286231,0,5.39550238515,-0.0108685497284,0.0576446426371
3208,0.0684959828164,0.196293532122,-0.480421241718,2.71103467863,0,4.59931144132,-0.0160918600159,0.061337255242
3209,0.0998547286951,0.19524199311,-0.541329128602,2.71741122297,0,10.8788683718,0.0134026833036,0.0637045457603
3210,0.0639642512502,0.201254923474,-0.628575344507,2.72153973367,0,4.01348591911,-0.0194332310834,0.059710430084
3211,0.0828015349959,0.198061271623,-0.529721463357,2.6966865954,0,6.91257294249,-0.00134624407694,0.0588239581751
3212,0.103535176304,0.203094457841,-0.59382930762,2.70133391216,0,11.956845637,0.0188176942866,0.0617285191049
3213,0.0843694860057,0.1819096524,-0.434449106733,2.6975364153,0,7.2159473147,-0.00309677128731,0.0638041199361
3214,0.0897295365099,0.191500582543,-0.498934683806,2.71162472987,0,8.33980627094,0.00487937451001,0.0616241944189
3215,0.0755996458665,0.191302704394,-0.480522708119,2.70657981066,0,5.65212255798,-0.00976988760549,0.0704965298042
3216,0.0708924515042,0.193662886491,-0.602787578214,2.71475731254,0,4.93516791559,-0.0136522816351,0.0634580414004
3217,0.0749349538387,0.192508177625,-0.570860662404,2.71165924367,0,5.54605686317,-0.0100776534177,0.0657616876541
3218,0.0772923727771,0.195172347307,-0.560567413096,2.71523977801,0,5.92974850879,-0.00789668494413,0.0579460630534
3219,0.0836336466914,0.191702587947,-0.520984962638,2.70581728747,0,7.0722065664,-0.00188676699129,0.0576477388163
3220,0.0716799849036,0.194638043129,-0.524662266374,2.70679522959,0,5.04970600859,-0.0121570653368,0.0633544673515
3221,0.129640596849,0.191256628163,-0.474961485178,2.70307317511,0,22.7968817645,0.040271423728,0.0578011260214
3222,0.09357181363,0.18472558579,-0.479351983175,2.69470638747,0,9.23489014331,0.00591074424867,0.0659611882085
3223,0.0771854602229,0.197076554854,-0.598580661371,2.70960717486,0,5.91188897495,-0.0061636989486,0.0607459197136
3224,0.0957365269961,0.184684604639,-0.492219343499,2.70020794676,0,9.77491809656,0.00860900625894,0.0618316870854
3225,0.0699573164494,0.194743423605,-0.562550931436,2.70355681959,0,4.8018697383,-0.0140767904602,0.0606411902293
3226,0.104378588016,0.188238632366,-0.48670597444,2.70209871936,0,12.2168039792,0.0164859198052,0.052000376499
3227,0.0819733503508,0.19701204609,-0.466309012053,2.69989714801,0,6.75670907766,-0.00248068361049,0.0568448994991
3228,0.0821240385325,0.204110170792,-0.597743275498,2.71352583912,0,6.7848470392,-0.00120035309763,0.0636394545491
3229,0.084081883757,0.193890699962,-0.480170986578,2.70996911298,0,7.15947577689,-0.000987252744059,0.0584763925148
3230,0.0826712424174,0.205334340752,-0.537825876539,2.69446335514,0,6.88785390082,-0.000279203095195,0.0651477164866
3231,0.0820988819381,0.196917633283,-0.55785006708,2.71097946553,0,6.78014274044,-0.00298698867442,0.057893264691
3232,0.0917541315861,0.194371955278,-0.561571093811,2.70607412116,0,8.80162622739,0.00621911910546,0.0634294315237
3233,0.0788708129152,0.191529819095,-0.566686172573,2.70923846218,0,6.19864372614,-0.00592974581941,0.0679922412101
3234,0.0785005770046,0.186660041814,-0.538762052539,2.70649181937,0,6.13468584796,-0.00638302503239,0.0657214713127
3235,0.0800405289659,0.195742833686,-0.491809946683,2.71653438103,0,6.40435361714,-0.00497916686746,0.0550688733205
3236,0.0803994828916,0.200453889185,-0.543890709839,2.70583834992,0,6.46860572827,-0.00391826510287,0.0567184503998
3237,0.0702734851906,0.191591087437,-0.531503622454,2.70905858094,0,4.846612392,-0.0152357625869,0.0686829591903
3238,0.090490854096,0.185024271333,-0.451442676562,2.70096942928,0,8.51095697938,0.00275197054092,0.0682510023473
3239,0.093599262222,0.201521436122,-0.520667289565,2.7112763105,0,9.24157186584,0.0103691663501,0.0602883775667
3240,0.0887977651985,0.191133173306,-0.534952715851,2.70630391048,0,8.13436409392,0.00449990772718,0.0634980459884
3241,0.0827345370463,0.194490882657,-0.587466492194,2.70389277001,0,6.89985283709,-0.0021597477377,0.0550101487487
3242,0.0756623607453,0.194267022064,-0.479386671771,2.71158845391,0,5.6622149235,-0.0092560804161,0.0552516158219
3243,0.0827567736654,0.200323493599,-0.532774359009,2.71418385158,0,6.90407245846,-0.000279573372279,0.0641126947536
3244,0.0682534603097,0.203525286756,-0.638807028828,2.71142920042,0,4.5663597101,-0.0130887606255,0.0678200054818
3245,0.0905336770107,0.193525240602,-0.520122940202,2.7015707259,0,8.52067298673,0.00390520020598,0.0615448296928
3246,0.0862657733022,0.195895902781,-0.512302752903,2.71097245991,0,7.59780682659,0.00282291024073,0.0639633876691
3247,0.110844368219,0.19856774987,-0.483917622932,2.71485429559,0,14.3831810976,0.0246194280315,0.0637515849528
3248,0.0692288211921,0.20863023281,-0.620764127413,2.70328454505,0,4.70002643529,-0.0134723916533,0.0662784129694
3249,0.0780114026188,0.189190739035,-0.524213864384,2.71174985582,0,6.05101889847,-0.00734743340923,0.0632192832835
3250,0.0703445576346,0.204267152881,-0.579442500426,2.71401221527,0,4.85671579224,-0.0118517693951,0.0705677704998
3251,0.0597913640621,0.198216143237,-0.568495019906,2.72619414727,0,3.52651857972,-0.0231104873607,0.0594854145196
3252,0.100773346842,0.199068869951,-0.454025320618,2.69978627874,0,11.1395509324,0.0162869842013,0.0613441147712
3253,0.0913746273682,0.194943636174,-0.550830231584,2.718002659,0,8.71341982744,0.0056754457221,0.0576536366555
3254,0.0774537020836,0.195896976679,-0.544269461333,2.71824918272,0,5.95678227759,-0.00640828919833,0.0639873270887
3255,0.0734985330461,0.19760373345,-0.573961164406,2.71047991933,0,5.32237137658,-0.00993632493978,0.0659810806078
3256,0.0596579222432,0.183450019105,-0.522726716735,2.70039584409,0,3.51172243169,-0.025905569026,0.0611026607566
3257,0.101928145274,0.196752586469,-0.479155263562,2.71115376498,0,11.4750667412,0.017099312153,0.0577808151568
3258,0.060785970185,0.203463590374,-0.569523552234,2.7165867915,0,3.63828071421,-0.0222410091447,0.0585093921434
3259,0.0639366629048,0.197211278736,-0.474821378364,2.7086996796,0,4.01010687496,-0.0206987433243,0.058305646822
3260,0.0904890363396,0.191860647929,-0.5797251402,2.7077803073,0,8.51054476321,0.00484247307178,0.0576713292635
3261,0.0968301742598,0.208023551361,-0.597175162888,2.70632350565,0,10.0580634271,0.0137170349137,0.0606196339959
3262,0.0840714343522,0.202227367868,-0.610048420316,2.71347825659,0,7.15743104859,0.000636314913782,0.0635045099542
3263,0.0709720761614,0.200492813593,-0.61217930865,2.70618222836,0,4.94665301235,-0.0127942242735,0.0590156076223
3264,0.094140707175,0.186650833955,-0.427984846319,2.69614713944,0,9.3742346679,0.00761702791164,0.0616286342676
3265,0.0918332948953,0.18663066122,-0.455943555014,2.70061683435,0,8.82012262503,0.00434509560532,0.0643026671444
3266,0.102667201328,0.1941614711,-0.510355406717,2.7091990095,0,11.6944526077,0.0172144997393,0.0558176309529
3267,0.0967326974718,0.188866113326,-0.468315626807,2.70262098765,0,10.0325390763,0.0104746076753,0.0606636001822
3268,0.0914215391279,0.20323088366,-0.608785569891,2.71016378969,0,8.72428182303,0.00644360522568,0.062799181357
3269,0.0859742810579,0.191175981741,-0.498712578649,2.70988827146,0,7.53801818878,-0.000653158871648,0.062468406572
3270,0.0663962520227,0.191042694551,-0.539436546755,2.70385866374,0,4.32012797398,-0.0185330262801,0.0606258736455
3271,0.098347325748,0.195420127646,-0.535414732193,2.70724782281,0,10.462725443,0.0135334919359,0.0620779647221
3272,0.0846126585836,0.19484799329,-0.539372481932,2.71436920225,0,7.26398799066,0.000283732179211,0.0655168010775
3273,0.0799070600632,0.200892616517,-0.552899888791,2.70512663926,0,6.38059874775,-0.00277582543362,0.0676670998641
3274,0.121478637623,0.193844458602,-0.4766910375,2.69865187375,0,18.7076254646,0.0345647293749,0.0598989512394
3275,0.0721932462454,0.191739291451,-0.517942445984,2.71635034107,0,5.12549501369,-0.0116813740174,0.0596686954031
3276,0.0996635341201,0.18761343025,-0.430971584884,2.70711816206,0,10.8252926468,0.0124647384895,0.0599183965734
3277,0.0823219681994,0.200619471358,-0.518401178529,2.70506121269,0,6.82195554525,-0.000493765908191,0.0634208521583
3278,0.102190752856,0.198553284069,-0.521048144923,2.71069488453,0,11.5525998916,0.0173606667472,0.0565089318226
3279,0.0716752995177,0.187449892852,-0.473470434073,2.70520371418,0,5.04901832764,-0.0129234273899,0.0578183609396
3280,0.111839021073,0.192670787229,-0.595458563388,2.70228910279,0,14.7453652243,0.0249816791498,0.0584753081201
3281,0.0970202598824,0.201562330954,-0.578445067456,2.7046038373,0,10.1080008725,0.0118116225852,0.0634221396631
3282,0.107600749596,0.200505605339,-0.563131399006,2.71873920463,0,13.2568973657,0.0204992913019,0.0606759054438
3283,0.0762816306826,0.198497707852,-0.600426126939,2.7153831619,0,5.76266436901,-0.00955158174078,0.06148118493
3284,0.0886994745385,0.197515942438,-0.593567409053,2.70481285686,0,8.11294754246,0.00355512361308,0.0553134102363
3285,0.0684876325567,0.196301097272,-0.610560185918,2.70151212757,0,4.59817377343,-0.0140985991326,0.0616335022327
3286,0.0872411731014,0.198822812824,-0.574598971642,2.71457191283,0,7.80081475729,0.00312456341682,0.0639536934902
3287,0.084394796399,0.193205949301,-0.480942312708,2.69553732601,0,7.2209350361,-0.000551393955512,0.0626949086629
3288,0.0741520548129,0.190899498531,-0.429960636554,2.70444550292,0,5.42321382389,-0.0118159420771,0.0601605631137
3289,0.112911070925,0.194085256372,-0.504548028233,2.71353032019,0,15.1449100751,0.0248394621344,0.0593893032462
3290,0.0833887216406,0.194523855923,-0.579529980919,2.70304008671,0,7.02490095905,-0.000806299918087,0.0568787762503
3291,0.0755308506082,0.194918865264,-0.558626539242,2.70855669983,0,5.64106861774,-0.00931442042684,0.0608347181127
3292,0.0958463920341,0.187127930723,-0.471161211244,2.70094444938,0,9.80304409828,0.00951646577298,0.064861980159
3293,0.0750636447037,0.194237190436,-0.5103537087,2.70657580998,0,5.56646444815,-0.00905470189749,0.0562720986322
3294,0.0946610953884,0.193226190757,-0.51698151669,2.70109588391,0,9.50329441222,0.00821194114609,0.0561531352337
3295,0.107205501395,0.188936530627,-0.53714932917,2.69976063887,0,13.125201612,0.0194249592324,0.0597307012884
3296,0.0628135459855,0.190173624239,-0.506019675396,2.71197941436,0,3.87439056606,-0.0208902146848,0.0620711167925
3297,0.0850657540489,0.195334256319,-0.590079598646,2.7111121213,0,7.35422205996,-0.000124857797469,0.0565685369578
3298,0.0605362065811,0.192320291729,-0.550225415632,2.70814069385,0,3.60996830063,-0.024076933976,0.0704446766941
3299,0.0999097057409,0.194772021458,-0.578047846544,2.71408179376,0,10.8943169584,0.0131036848442,0.0590661517228
3300,0.102624875342,0.191241355009,-0.510065342631,2.70191560092,0,11.681788796,0.0170461974608,0.0580375252373
3301,0.0977834180569,0.196244406567,-0.562742258627,2.71044763939,0,10.3106820289,0.0106850919826,0.0621289122943
3302,0.101991395799,0.191612980286,-0.568027808458,2.71587789743,0,11.4936988325,0.0147799486467,0.062576289167
3303,0.0764308394158,0.198276850013,-0.502041843661,2.7058383399,0,5.78708377996,-0.00750628475949,0.0600758205395
3304,0.0883399966405,0.19415230955,-0.59181436092,2.70266196107,0,8.03503135302,0.00170968218849,0.0571979316011
3305,0.101360152219,0.196975080114,-0.516163248268,2.71494964486,0,11.308942512,0.0147404553205,0.061222100532
3306,0.107349238752,0.186072159697,-0.449801848228,2.70788108509,0,13.1729586341,0.0194882460565,0.0577702858851
3307,0.0802572183616,0.205409707303,-0.582972269995,2.70452254212,0,6.44307675774,-0.00333825612925,0.0591893636583
3308,0.0869514312268,0.191728550734,-0.498712578649,2.71972328859,0,7.74003508416,0.000436910110729,0.061416719981
3309,0.106676226585,0.187500108051,-0.495998532836,2.70678616868,0,12.9506793517,0.0195091354904,0.0641890924932
3310,0.0854401517156,0.190775433882,-0.55079390902,2.71569979756,0,7.42949756591,0.000288146062317,0.0646064895221
3311,0.0916901153149,0.186213791243,-0.483013583713,2.70528535183,0,8.78669341605,0.00525229931155,0.0626182682023
3312,0.0787995365176,0.191338560167,-0.568407591985,2.71063085997,0,6.18628810557,-0.00692990606706,0.0572024031166
3313,0.0833106617697,0.205904327959,-0.617099309891,2.71143345187,0,7.00988032395,0.000941188059482,0.0608787103217
3314,0.0879798854302,0.195491861081,-0.508538730231,2.71069621494,0,7.95762036282,0.00372810624887,0.0582895125052
3315,0.082034589276,0.196651851348,-0.576532055439,2.70579043147,0,6.76813238914,-0.00415377315641,0.0580242702695
3316,0.06088015719,0.201727932683,-0.544133534547,2.7083772438,0,3.64900080777,-0.0220530319051,0.0636057802696
3317,0.0804034571206,0.188646841013,-0.553435647909,2.71304785158,0,6.46932009997,-0.0050495616423,0.0581477666254
3318,0.114604025245,0.189266516972,-0.565045137509,2.70999576067,0,15.7957843442,0.0265018091444,0.0566014446851
3319,0.0736562710693,0.19800064629,-0.589922313431,2.7102674295,0,5.34657102657,-0.00969494697981,0.0633905238698
3320,0.0844726487525,0.188276917924,-0.511836582641,2.70506646239,0,7.23629504845,-0.00179658189655,0.0581367901493
3321,0.0832847514915,0.18919454451,-0.482504428836,2.7128085127,0,7.00490052904,-0.00233445034442,0.0584808838435
3322,0.0747957426766,0.199062167211,-0.530967836239,2.70524402287,0,5.52404965601,-0.00820335803899,0.0593261933107
3323,0.0887920018385,0.191734285386,-0.469970544392,2.69614023822,0,8.13310698092,0.00385659908646,0.0594023087848
3324,0.0898435841549,0.18215483002,-0.476531870998,2.70672766927,0,8.36525522657,0.00215419285086,0.0553970597205
3325,0.108979189993,0.190593520417,-0.558719947335,2.70918777872,0,13.7254918806,0.0222793356736,0.0594512058941
3326,0.0964379276995,0.198618582046,-0.586777778979,2.70941654462,0,9.95569765699,0.0107481406954,0.0639725574276
3327,0.10905356399,0.196080746388,-0.578958248753,2.70647685635,0,13.7511915708,0.0218921963957,0.0600199170071
3328,0.0806490138727,0.193647036491,-0.595024634115,2.71627988943,0,6.51358684637,-0.00439938719059,0.0569116414279
3329,0.0922405988248,0.192317204499,-0.549230405381,2.70455110804,0,8.91582042865,0.00596277952611,0.0586723768109
3330,0.0996052020882,0.193786119034,-0.540440287468,2.71278820479,0,10.8089934037,0.0136852426318,0.0692956855181
3331,0.0923168493,0.198703289352,-0.607751631613,2.69938801748,0,8.93383517513,0.00695641170342,0.0628139784891
3332,0.0982791447493,0.19615328593,-0.511375348279,2.71780319484,0,10.4442382578,0.0117873173521,0.0675157319268
3333,0.072547942527,0.202036815449,-0.532444466827,2.70364551048,0,5.17840260529,-0.0110513759332,0.0576585360793
3334,0.0816123860971,0.194447636509,-0.510712116433,2.70569888925,0,6.68970346089,-0.00311583317444,0.0626482291712
3335,0.0754387870835,0.20452329978,-0.625035875194,2.70594357534,0,5.62630359005,-0.00744687681635,0.0586891422977
3336,0.0873837327718,0.194359123929,-0.565378694068,2.72303460623,0,7.83086873082,0.00243737877569,0.0613339231461
3337,0.0924254786877,0.198606911067,-0.51274706054,2.70637599281,0,8.95955404377,0.00602274258418,0.0626043704475
3338,0.0986123692095,0.191141931126,-0.58276034135,2.70869490179,0,10.5348647769,0.0116389338481,0.0566279755974
3339,0.077977323561,0.195034008356,-0.499300505057,2.71403588308,0,6.04522540262,-0.00628505039488,0.0610851343111
3340,0.0821906802926,0.197134593739,-0.559700322617,2.7267181318,0,6.79732231302,-0.00289570137527,0.0583837951
3341,0.09465842639,0.196035570565,-0.560216233841,2.70791653493,0,9.50262856108,0.00929316300981,0.066755024988
3342,0.0924995825406,0.206250387186,-0.619077894072,2.7125427879,0,8.9771354411,0.0083088724227,0.0627388505096
3343,0.0947530966377,0.194324440629,-0.603021626111,2.71710912582,0,9.52627134966,0.00838947087601,0.0586522409447
3344,0.0644905593072,0.202659312935,-0.535866532331,2.70977472346,0,4.07836980557,-0.0190522944633,0.0570144192819
3345,0.093502183047,0.193537284715,-0.544328543339,2.71882095656,0,9.21795899229,0.00763769609776,0.0613817763572
3346,0.0994371110399,0.186257768588,-0.471993278449,2.71079633198,0,10.7621458179,0.0116283376377,0.0628822161516
3347,0.0879242650301,0.191747771429,-0.552536779369,2.71102872824,0,7.94572097582,0.00199877566212,0.055967748428
3348,0.0721681668477,0.1885680643,-0.522374968009,2.70577039516,0,5.12177062964,-0.0130890243542,0.0611827226231
3349,0.0782071626822,0.191632503268,-0.460475654288,2.70104768055,0,6.08438727029,-0.00658122092608,0.0601605931252
3350,0.0947782328967,0.194812781951,-0.55403469816,2.70646208903,0,9.53255742951,0.0102491369748,0.0552196442482
3351,0.106437211549,0.188294628785,-0.502858204562,2.70400439861,0,12.8725482174,0.0197251336081,0.0612645266186
3352,0.0816920270522,0.192464564267,-0.515283468572,2.71208848283,0,6.70443914864,-0.00157274475387,0.0610423277781
3353,0.0838553610142,0.201390682647,-0.60224663261,2.702651721,0,7.11526031092,-0.000100996584511,0.0632086648214
3354,0.0742972400657,0.210583812103,-0.632774620147,2.71476032882,0,5.44582584088,-0.00722357829813,0.0600758119442
3355,0.0787128057187,0.21267355497,-0.651954913171,2.71301803616,0,6.17128099686,-0.00350368525179,0.0668056838781
3356,0.0700302215448,0.197571181757,-0.595958634106,2.7074048939,0,4.81215761103,-0.0135921417364,0.0634368543766
3357,0.0766738109329,0.205371192546,-0.558148855368,2.69310721349,0,5.82702989681,-0.00528099244953,0.0672400261078
3358,0.0940523831739,0.202947071659,-0.574058236316,2.70501351796,0,9.35248164335,0.00995490591932,0.0626526683921
3359,0.0668846060616,0.194804936516,-0.614823614478,2.71759313565,0,4.38384018076,-0.0175607675202,0.0638215293044
3360,0.0926969874674,0.19167678634,-0.497654556975,2.70299616017,0,9.02411620423,0.00636082117863,0.0579367334836
3361,0.0878016525535,0.195842575992,-0.542030349379,2.71506154457,0,7.91954301458,0.00239090175913,0.0570888269729
3362,0.0849010053592,0.202378580335,-0.591951377242,2.71771457052,0,7.3213032549,0.00112840444146,0.0607904364236
3363,0.0793485376812,0.206430228541,-0.605092521502,2.71453233459,0,6.28198517058,-0.0027284807559,0.0647865360361
3364,0.0701954609414,0.190305453797,-0.570352637138,2.7057715549,0,4.83554004674,-0.014024993179,0.0576671913043
3365,0.0803550295148,0.195212331407,-0.583225298777,2.71609991079,0,6.46061966448,-0.00485044405274,0.0597228249031
3366,0.105419841695,0.187883500019,-0.503150915556,2.70479468775,0,12.5446639045,0.019250488712,0.0596712172724
3367,0.0720073068341,0.204843081804,-0.574046287546,2.71474351501,0,5.09793403834,-0.0115899155735,0.0584941807238
3368,0.0939065300434,0.204306200439,-0.611735906998,2.7121378499,0,9.3166559398,0.0110514338274,0.0627258973424
3369,0.0825340942437,0.192753369883,-0.531133303232,2.71179803655,0,6.86191444077,-0.00158351140544,0.0632421838461
3370,0.0785912639204,0.191531935385,-0.474949854032,2.72043927149,0,6.15030120389,-0.00683923055147,0.0610878824005
3371,0.0979787613781,0.191442293439,-0.551104749248,2.71097149562,0,10.3631305515,0.0108849278023,0.0607432132377
3372,0.073507417708,0.194162016401,-0.552901313494,2.70520248451,0,5.32373207099,-0.0118244708826,0.0591314136839
3373,0.0897285132111,0.188723715075,-0.434600508297,2.71556214051,0,8.33957823003,0.00396550712437,0.0577246696032
3374,0.106178359584,0.1856962075,-0.431690944334,2.71346830561,0,12.7884072395,0.0168284182074,0.0649444191442
3375,0.0834330995215,0.186578137444,-0.471009440517,2.69497402654,0,7.03345242444,-0.00277048256815,0.0592893116797
3376,0.0986298052943,0.191239461335,-0.52843155859,2.71918409174,0,10.53962579,0.010751146069,0.0624048059125
3377,0.0759601507322,0.199362620332,-0.576519906787,2.70867901344,0,5.71033792149,-0.0077887813074,0.0610611481955
3378,0.0698087491607,0.207863493225,-0.56485284019,2.71084223472,0,4.78095910034,-0.0135563418977,0.0585649330891
3379,0.0706166039662,0.197420223976,-0.55068608118,2.69858032272,0,4.8955442475,-0.0135094287479,0.0624352933905
3380,0.0877851459386,0.195994198303,-0.529499442996,2.71884873952,0,7.91602445634,0.00153899089731,0.0590028038822
3381,0.0651106220265,0.194706971225,-0.57015560835,2.70897078572,0,4.15584807806,-0.0186885132041,0.0641786882364
3382,0.086677137214,0.204931437195,-0.596767213045,2.7166558156,0,7.68286798277,0.00286473194217,0.0588436566189
3383,0.0846921692912,0.193939676734,-0.523578238848,2.70821345342,0,7.27975447552,-0.00115210990415,0.0623373845671
3384,0.0866817880828,0.191285977264,-0.575938712441,2.70174125072,0,7.68383429219,0.00169963328718,0.059713562418
3385,0.108558256559,0.187277996243,-0.440427207846,2.70611690764,0,13.5808491036,0.0201996393657,0.0556220738084
3386,0.101905143223,0.184971331006,-0.448723604448,2.6967352772,0,11.4682975146,0.0150043868579,0.0601717771237
3387,0.0923724160883,0.191404146918,-0.568656626703,2.70470011304,0,8.94698306403,0.00669017977219,0.0538275609379
3388,0.0782136579036,0.200308745374,-0.642392151188,2.7068233697,0,6.08549701467,-0.00633498931967,0.0681891960288
3389,0.0752151490106,0.211033639129,-0.611941144371,2.71302816432,0,5.59056815774,-0.00670686326168,0.0654146843976
3390,0.102971773222,0.191071771121,-0.492439567003,2.70414381453,0,11.785938861,0.0170229727596,0.0578552481009
3391,0.0945157033466,0.197512423205,-0.522905365039,2.70779669771,0,9.46708163777,0.0107092081901,0.0627699453537
3392,0.101537663122,0.188482722066,-0.49277447772,2.70342929438,0,11.3606302931,0.0157799004386,0.056840145069
3393,0.0785889021628,0.189536410625,-0.550647522463,2.7052670044,0,6.14989411701,-0.0066418707953,0.0502463029522
3394,0.0869013350444,0.188994024848,-0.502597655158,2.70547421833,0,7.72956732582,0.0010421296453,0.0629559021348
3395,0.0750955033453,0.201115727097,-0.526846236627,2.70328759177,0,5.57152597775,-0.00837554932829,0.0629792740107
3396,0.0851902915052,0.187208057085,-0.49106119609,2.71441092219,0,7.37918923429,-0.00132614210326,0.0587386302633
3397,0.0739031143889,0.196097721,-0.5504109427,2.7142889601,0,5.38461975477,-0.00890366185939,0.0617989437135
3398,0.0916936311313,0.195613481572,-0.537084370519,2.71383342397,0,8.787512968,0.00620759812096,0.06127011875
3399,0.0977944529666,0.205212677618,-0.597862797058,2.70733598374,0,10.3136386229,0.0126268383365,0.0614459831086
3400,0.097210207188,0.190504146678,-0.449493602626,2.71043556139,0,10.158118547,0.011115571529,0.0618752339603
3401,0.0779318741152,0.191621147498,-0.469388497486,2.70219160474,0,6.03750604442,-0.00644637609359,0.0577479627743
3402,0.106050100518,0.192197419498,-0.48849454201,2.71212876976,0,12.7468980856,0.0202123693817,0.0562188923395
3403,0.0913478605187,0.189102731248,-0.487735606595,2.70205372545,0,8.70722743271,0.0050940851643,0.0576054915099
3404,0.0791997526272,0.187856494411,-0.452177354251,2.70427843325,0,6.25592991038,-0.00646887287598,0.06374906618
3405,0.0828477629155,0.205330135269,-0.568403272358,2.71767242547,0,6.9213611686,-0.000134613535665,0.0613937003224
3406,0.0773297261718,0.192251625029,-0.497906319458,2.70804812915,0,5.93599877379,-0.00707677176208,0.0596993646831
3407,0.0696047065194,0.196239846452,-0.541066135427,2.70863508715,0,4.75235845791,-0.0148257806045,0.063862125154
3408,0.0723384791842,0.191683244207,-0.520192820684,2.69930792781,0,5.14710552355,-0.0126641530808,0.064822779504
3409,0.0913746273682,0.194943636174,-0.550830231584,2.718002659,0,8.71341982744,0.0056754457221,0.0576536366555
3410,0.0775529050822,0.193264327033,-0.523535923834,2.71159676267,0,5.97345592998,-0.00740789104146,0.059129376917
3411,0.0821405679931,0.204197969895,-0.555740149023,2.70099147973,0,6.78793954744,-0.0023362651782,0.0628209669687
3412,0.0751872615071,0.200126054189,-0.551023069891,2.7077653944,0,5.58612499184,-0.00914402475256,0.0615650312719
3413,0.0790058599576,0.19343563763,-0.618983082554,2.71825074835,0,6.22210989788,-0.00574614831068,0.0584340085421
3414,0.0652100650229,0.192872923082,-0.519755139357,2.70832845045,0,4.16837899253,-0.0184167019048,0.0638542338384
3415,0.0954705593071,0.193331895474,-0.502780807927,2.70874059226,0,9.70712027841,0.00907069840217,0.0571852004635
3416,0.0576284538972,0.189099467779,-0.573177309489,2.71520324291,0,3.29234473889,-0.0267219351195,0.0593330384646
3417,0.0865378758644,0.188777669821,-0.466265720602,2.71045506074,0,7.65398155123,0.0012090512484,0.0650369495338
3418,0.0816390744522,0.209905663071,-0.644614278941,2.70914550129,0,6.69463849234,-0.000400448905276,0.0638211518457
3419,0.130729730319,0.189291036162,-0.463398936183,2.70466334712,0,23.4006916313,0.0407717337492,0.0573055620613
3420,0.0715404047575,0.200966196192,-0.522265597361,2.70705868914,0,5.02925182826,-0.0121266104239,0.0596499195478
3421,0.0709419716831,0.191575760495,-0.531206245443,2.71305059826,0,4.94230821854,-0.0137094453024,0.0592543427782
3422,0.0788183905429,0.187789327481,-0.481546638213,2.71154367121,0,6.18955442801,-0.00726797739804,0.0610448682178
3423,0.0921918489604,0.185806899701,-0.536840897807,2.71829819659,0,8.90431937388,0.00490064376099,0.0573641569489
3424,0.0807745130239,0.208782858784,-0.638322190249,2.70458841144,0,6.53630799399,-0.00237820356274,0.0606604516637
3425,0.0748898816724,0.198996690594,-0.556887400761,2.71208471865,0,5.53892382394,-0.00777534643003,0.0613603271536
3426,0.0915900194343,0.193698729347,-0.463201752266,2.70638393604,0,8.76338829697,0.00560137250481,0.0619345245652
3427,0.106391842783,0.201737715263,-0.603264291365,2.70500603356,0,12.8577653032,0.0206751447519,0.0606520036811
3428,0.0946718041411,0.203151742641,-0.595395443546,2.71763865572,0,9.50596639755,0.0100543336036,0.0618572319574
3429,0.089969126322,0.194104554844,-0.508590764686,2.71011326574,0,8.39334619978,0.00512641828354,0.059447365676
3430,0.110475478435,0.186699137297,-0.397373092227,2.70678792222,0,14.2509042103,0.0216556124104,0.0624558795924
3431,0.0954333898609,0.195965968656,-0.567948602164,2.72052212737,0,9.69767814616,0.00905658536289,0.0553677856226
3432,0.0748389357114,0.184606331389,-0.436520255891,2.69811753807,0,5.53087020675,-0.0114786174668,0.0628666698146
3433,0.0535692117085,0.189478302713,-0.486562264141,2.70885634877,0,2.88392527179,-0.0315384579409,0.0616128137275
3434,0.110427713606,0.193943363493,-0.472666822896,2.71346619682,0,14.2338568336,0.0243656676885,0.0597399095706
3435,0.0718159601903,0.185281733906,-0.529815549083,2.70384797766,0,5.06969607936,-0.0146118927768,0.0558762877426
3436,0.0814601209381,0.201155717629,-0.582020666898,2.70901115609,0,6.66160577117,-0.00229529713878,0.0663643625145
3437,0.0886337848758,0.204698673605,-0.609669105832,2.71598323712,0,8.09866134776,0.00508953066584,0.0647836491646
3438,0.0968370290596,0.19649029912,-0.62349022622,2.70347029231,0,10.0598604955,0.0117518224604,0.0566886008363
3439,0.0881302789453,0.198420678165,-0.600964101493,2.7061125412,0,7.98987170176,0.00387580847512,0.0613216970142
3440,0.0773065660595,0.186604401222,-0.510528102869,2.69751620363,0,5.93212280267,-0.00897785365586,0.0672233136822
3441,0.076115319153,0.209116233047,-0.618862587484,2.72386088031,0,5.73554548613,-0.0070395458713,0.0680135614816
3442,0.0840837216368,0.201913955979,-0.5370847437,2.72162733597,0,7.15983546219,-0.000131584732676,0.0621242029341
3443,0.0994469532016,0.192315623109,-0.529814510639,2.7038295338,0,10.7648839316,0.0140592689767,0.0563043174254
3444,0.0782356971293,0.194148040367,-0.538176155718,2.71335610385,0,6.08926378388,-0.00621831400551,0.0591430244249
3445,0.0726641852451,0.191471368343,-0.53428566095,2.70935397208,0,5.19583712408,-0.0123279663608,0.0652494756116
3446,0.0990009325674,0.196666421621,-0.62002346457,2.70592979459,0,10.6414132964,0.0138245701642,0.061253149357
3447,0.0850074584947,0.198702040383,-0.495801005036,2.70265728509,0,7.34255960552,-6.01153072753e-05,0.061080003336
3448,0.100308433737,0.203219720138,-0.592957435794,2.70059188515,0,11.006939344,0.015107801182,0.0567705827914
3449,0.069765563741,0.193776587975,-0.481649205326,2.69793983263,0,4.77489441921,-0.0143773945584,0.0645764879037
3450,0.0807437863728,0.194818345312,-0.570060677616,2.70751147918,0,6.53073895001,-0.00385182199423,0.057943672819
3451,0.101803325194,0.183100560089,-0.48141110549,2.69733509732,0,11.438376089,0.0144139382917,0.0549793212516
3452,0.0682613173549,0.201538989113,-0.554281315624,2.71855712152,0,4.56742432456,-0.0148159566008,0.0618106907967
3453,0.106985943133,0.201405082909,-0.566383590812,2.71879068098,0,13.0525515101,0.0204424344516,0.0643437198521
3454,0.0610101328358,0.201875963759,-0.531673914794,2.70564577117,0,3.66383339039,-0.0217210626382,0.058224367421
3455,0.0795306399921,0.183284435001,-0.487814709711,2.69856109737,0,6.31399740391,-0.00670830746878,0.0581190362138
3456,0.0606494694678,0.187100639951,-0.509142141668,2.70330286875,0,3.62278677059,-0.0239086133642,0.0598997214833
3457,0.0528802990529,0.195251892692,-0.547761579775,2.70839462103,0,2.81842813562,-0.0310091790914,0.0651765168248
3458,0.0868053119,0.197348773154,-0.567012922929,2.71008416714,0,7.70953666948,0.00271806225145,0.0626554047158
3459,0.0797369881924,0.200157486864,-0.484079082474,2.7029469511,0,6.35043542671,-0.00340611154281,0.0605763528262
3460,0.0893337514314,0.189267885801,-0.509808526662,2.71080277052,0,8.25200430335,0.00372440704243,0.0611863615508
3461,0.0639281485275,0.194522735547,-0.530473432809,2.71531606726,0,4.00906446903,-0.0197326514191,0.0669167990087
3462,0.0874536106762,0.189946449548,-0.478040425336,2.71076813762,0,7.84563618397,0.00194976084509,0.0599813984456
3463,0.0965150164537,0.195629789047,-0.495355399361,2.69955208047,0,9.97574353017,0.0113866683737,0.0566143121206
3464,0.089100609652,0.193512152679,-0.438055742478,2.69466476914,0,8.20065557426,0.00402424557793,0.0581621476893
3465,0.0738535699354,0.19229309575,-0.548730828368,2.70657198278,0,5.37696536195,-0.0113828974976,0.062572392699
3466,0.0676029753135,0.194495094943,-0.444111981684,2.70251223915,0,4.47889594921,-0.0176998113957,0.0582141901315
3467,0.0623902580249,0.195898229286,-0.550403292857,2.71931101404,0,3.82416386252,-0.0218092570573,0.0654191786794
3468,0.0676536646005,0.193151729085,-0.535089068643,2.70631474206,0,4.48566384183,-0.0176874539026,0.064264601868
3469,0.0796319459733,0.196540992603,-0.564546900708,2.71032052658,0,6.33186477604,-0.00494530734789,0.0617092846262
3470,0.106849988219,0.195901059146,-0.517233414804,2.70520873203,0,13.0077453646,0.0206999869015,0.0615237663858
3471,0.0944868908635,0.197765739639,-0.584956433966,2.71209550871,0,9.45991958349,0.00855447219503,0.0646678299459
3472,0.0928301081182,0.209508570179,-0.645651655707,2.70797774378,0,9.05591784538,0.00998632222067,0.068762949661
3473,0.0886987777042,0.191825048288,-0.61598259317,2.70283730454,0,8.11279588173,0.00330280666589,0.0640625871021
3474,0.0738445858291,0.204250387035,-0.601838109111,2.70640465258,0,5.37557830381,-0.0102321833483,0.0581194242141
3475,0.0796580158895,0.186838784667,-0.527545127036,2.70352015014,0,6.3364695219,-0.00690692698222,0.0622229746443
3476,0.0744468585874,0.185572602839,-0.50650942338,2.70860565861,0,5.46920839585,-0.0110743616068,0.0608725220878
3477,0.0745709882179,0.205850659156,-0.549916147608,2.70989608769,0,5.4886693983,-0.00825312493077,0.0588313773357
3478,0.0886546039428,0.186263374005,-0.532393161691,2.70563693095,0,8.103186748,0.00359692373256,0.0567224194921
3479,0.0700037446585,0.191925521658,-0.505092605459,2.71200952764,0,4.80841934561,-0.0148391726371,0.0579296101901
3480,0.0846432533104,0.192657409585,-0.582183438143,2.71482100078,0,7.27005131707,-0.00183099641596,0.058338496594
3481,0.0784822663278,0.208643424389,-0.623716343407,2.71513209927,0,6.13153691863,-0.00305850210895,0.059707261418
3482,0.10022941342,0.194120523124,-0.537604465436,2.69995202474,0,10.9845385704,0.0146695601905,0.0564900198872
3483,0.0990356409006,0.189445728798,-0.451690614816,2.70800345589,0,10.6509766252,0.0110894089121,0.0637192695585
3484,0.0866120410526,0.197297807049,-0.522486005354,2.71580888078,0,7.6693538221,0.00349032007801,0.0570010933267
3485,0.0890890772743,0.190864160121,-0.544358316504,2.70836736866,0,8.19812273075,0.00382541527099,0.0601563954594
3486,0.0637053267447,0.200252933461,-0.592880838561,2.71044119225,0,3.98185866351,-0.0196799797578,0.0564103028647
3487,0.0851501683531,0.194444758696,-0.627153380677,2.70522507016,0,7.37113755178,0.000269513400208,0.0611781377402
3488,0.0861539636709,0.194493229613,-0.524866821396,2.7098472182,0,7.57482585898,0.00132589431797,0.065841858087
3489,0.0763396793347,0.18477091726,-0.5621839582,2.70978022311,0,5.77215451942,-0.00915550334748,0.0643378397098
3490,0.070938922453,0.206850212698,-0.632707402262,2.71488631974,0,4.94186831223,-0.0131551348402,0.0572028773416
3491,0.068830307734,0.207653414911,-0.605422341975,2.72062278465,0,4.64504408519,-0.0146484777804,0.0593415429144
3492,0.0767314193123,0.189449762973,-0.504540254498,2.7092961797,0,5.83653419461,-0.0083819607611,0.0612683297998
3493,0.0828457896171,0.200354042154,-0.605115090267,2.70967564862,0,6.92098584014,-0.00286155272398,0.0571036036897
3494,0.0880078556188,0.194059146208,-0.498390134801,2.71358518105,0,7.96361003387,0.00437911173885,0.057853211993
3495,0.0859462619195,0.198205608297,-0.561181663937,2.70807825949,0,7.53229222682,0.00126010872665,0.0607897983962
3496,0.0632914977127,0.193024826569,-0.523200217906,2.70880546941,0,3.93170801426,-0.0214442594459,0.0662089338639
3497,0.0618368072691,0.205827365661,-0.599525180701,2.72104769383,0,3.7592425142,-0.0197470414378,0.0623163292459
3498,0.10047635725,0.191393751554,-0.485665897371,2.70846775011,0,11.0546762605,0.0151136607571,0.0607024893669
3499,0.10160713957,0.196771844759,-0.547662657208,2.69977256157,0,11.3809172795,0.0164092401282,0.0614630669159
3500,0.0739734559637,0.184637799483,-0.549828029918,2.70296286231,0,5.39550238515,-0.0108685497284,0.0576446426371
3501,0.0682215659126,0.191077731811,-0.525982235179,2.71043780208,0,4.56204009065,-0.0175994951846,0.0663137174122
3502,0.0872953076697,0.199449834011,-0.542925153195,2.71716020862,0,7.81221563317,0.00288217945223,0.0654036876689
3503,0.100644503007,0.196576216448,-0.538651903939,2.71732453275,0,11.1026591831,0.0145873708138,0.0603068014037
3504,0.0885908714129,0.194429725964,-0.583922723715,2.7013800721,0,8.08934015531,0.00376383094794,0.0567681736293
3505,0.0892785007316,0.192413131146,-0.501063608778,2.71472195249,0,8.23981065881,0.00347762960721,0.0645263168334
3506,0.0662155412627,0.201954172358,-0.577948699461,2.7031519448,0,4.29673615594,-0.0166412553098,0.0633253841816
3507,0.0720728689129,0.18914059602,-0.550431150212,2.71474793033,0,5.10763837753,-0.0122166922266,0.055165732872
3508,0.0671538272587,0.206852525303,-0.604755686353,2.69636218201,0,4.41927667468,-0.0134620024535,0.0675755682395
3509,0.0867284398724,0.193100381669,-0.595235808728,2.71857460165,0,7.6935328408,0.000559044618855,0.0605322942882
3510,0.0987875287575,0.185386025754,-0.444102135991,2.70413636655,0,10.5827789364,0.0115676247164,0.0587278504188
3511,0.0886908457573,0.19468231809,-0.604304875824,2.70859972253,0,8.11106972445,0.00277632993207,0.0653167118911
3512,0.0709121863965,0.194757723193,-0.455961765397,2.70113369737,0,4.93801249576,-0.014999939466,0.0589588384018
3513,0.0854754014433,0.199565147789,-0.562109762262,2.71411939165,0,7.4366182891,0.000664158873698,0.0629746885353
3514,0.0867584202264,0.195536464988,-0.517036287157,2.7049325758,0,7.69977102243,0.0013030356793,0.0572125821597
3515,0.111749935629,0.197571773809,-0.548568910249,2.71152484765,0,14.7125950422,0.0238739609563,0.060922710226
3516,0.0403454093814,0.19370709902,-0.538537473119,2.71118901048,0,1.79666178886,-0.0437279146343,0.0614971848856
3517,0.0745952521355,0.20509905327,-0.644270222891,2.70977968844,0,5.49248005885,-0.0079577587756,0.0633627146725
3518,0.0694906836075,0.199009665174,-0.583076527713,2.70624189685,0,4.73643518493,-0.0143801803176,0.0581941608653
3519,0.10197772905,0.18725384862,-0.521974538701,2.70742905567,0,11.4896706704,0.0146610038802,0.0565667393975
3520,0.0776447726096,0.18885330064,-0.553162643422,2.71302618849,0,5.98893092864,-0.00897576441997,0.0640861293223
3521,0.0687211256564,0.203764222036,-0.612581843433,2.70842871675,0,4.630069608,-0.0154932643314,0.0593469687398
3522,0.0623330013231,0.19933637651,-0.615104261486,2.71962604723,0,3.81740819996,-0.0211737121896,0.0622991438168
3523,0.0818207460968,0.211311180613,-0.555017914419,2.70939571801,0,6.72831300589,-0.000701106453357,0.0581749393854
3524,0.0716428867871,0.199473477369,-0.57991323264,2.71300187551,0,5.04426312179,-0.0131034745432,0.0608393689093
3525,0.0866275120593,0.186541753984,-0.505247811229,2.70589905785,0,7.6725638167,0.000587030772994,0.0626608151462
3526,0.0678477070288,0.196412620519,-0.505008338641,2.71434523992,0,4.51164620939,-0.015719444202,0.0621561173795
3527,0.09641357947,0.197072772052,-0.553656354309,2.70557952273,0,9.94937355255,0.00955127391682,0.0603737823307
3528,0.0885753508627,0.209403293154,-0.592321074759,2.715585234,0,8.08597121286,0.00418768219175,0.066267270576
3529,0.0805235444103,0.192526783603,-0.579601750407,2.714188542,0,6.4909369253,-0.00367606520671,0.0585682316377
3530,0.0949782272789,0.196156703386,-0.53767270878,2.71380270243,0,9.58270082926,0.0109361978924,0.060306583564
3531,0.0807696088661,0.187675091962,-0.509846269317,2.71104519927,0,6.53541887566,-0.00620810325161,0.0642430718355
3532,0.107098548711,0.186537884692,-0.55177895689,2.70353590751,0,13.089766812,0.019087863507,0.0535774500504
3533,0.0905085524791,0.18803769217,-0.502674170235,2.70433327909,0,8.51497137444,0.00320604716662,0.0575133707661
3534,0.083590603777,0.186459529609,-0.566714685828,2.70203275558,0,7.06387374566,-0.00221946485757,0.0577094221173
3535,0.0952104642359,0.19519582026,-0.541796055057,2.7133782663,0,9.6412162666,0.00843911168326,0.0607297706184
3536,0.0900345636007,0.190247644753,-0.518181685143,2.7028535655,0,8.4080203697,0.00393050139819,0.065217969636
3537,0.103294240732,0.190055991706,-0.542064937404,2.70514000486,0,11.88349137,0.0171352313163,0.0614867857302
3538,0.0907537968972,0.191500090902,-0.465693159253,2.71381224301,0,8.57076635851,0.00505297111154,0.0565855545776
3539,0.0850401647533,0.20422492629,-0.586801915531,2.70361299178,0,7.34910080408,0.00185046182238,0.0605419081347
3540,0.103445230326,0.200819248551,-0.523420397202,2.70095358827,0,11.9294141957,0.017630778408,0.0564628174283
3541,0.0745475130439,0.203793225087,-0.593260228116,2.70650836809,0,5.48498465727,-0.00924593512679,0.063959776326
3542,0.0724748483502,0.203151388471,-0.590757903609,2.72245520836,0,5.16746383398,-0.0118553008214,0.0630428721947
3543,0.0808155551321,0.196829324485,-0.522888795426,2.70735420151,0,6.54375283789,-0.0027943945895,0.0605454165959
3544,0.102853886787,0.196367956053,-0.59333733411,2.72112247434,0,11.75045359,0.0159786399362,0.0620334689136
3545,0.0683321825616,0.199873296441,-0.586477393488,2.72156358254,0,4.57703527361,-0.0153384969586,0.061739700603
3546,0.0651408990067,0.198356638702,-0.645369725558,2.71164422167,0,4.15966021506,-0.0189246935832,0.0575668746147
3547,0.0708528280682,0.188044298157,-0.530203558823,2.71159400829,0,4.92946056385,-0.0153215574816,0.0555279605188
3548,0.082820437673,0.196856762378,-0.608563224063,2.71870555996,0,6.91616532992,-0.00263420604866,0.0603769985262
3549,0.0714328606709,0.195049597499,-0.513958657218,2.70764589986,0,5.01353760778,-0.0130954540381,0.0589690803337
3550,0.0906247497536,0.198586035286,-0.616283669643,2.70102068614,0,8.54136804474,0.00589933884111,0.0571456387336
3551,0.0795174589042,0.204777377924,-0.610268164021,2.70963597915,0,6.31167573113,-0.00478036544184,0.0595876084369
3552,0.0844945068685,0.190547730281,-0.519049309193,2.70627081839,0,7.24061254162,-0.000369280271522,0.0600650093005
3553,0.0756452291684,0.202598036029,-0.614380617461,2.71210334388,0,5.65945657106,-0.00844692118269,0.0594946151381
3554,0.0781159887712,0.199763570019,-0.606792837725,2.71824871561,0,6.06882733201,-0.00726228727581,0.0560574421695
3555,0.0715912529004,0.198879303105,-0.53845883102,2.71210903613,0,5.03669544195,-0.0125087965244,0.0579026923325
3556,0.0705629618764,0.193009029943,-0.549859331224,2.71530943079,0,4.8878685148,-0.0135455884577,0.0564032960014
3557,0.0996430786813,0.194958002229,-0.566812464061,2.708023036,0,10.8195744894,0.0139872939604,0.0580109362258
3558,0.0937035831901,0.19307750124,-0.484140130273,2.70824130904,0,9.26700466721,0.00773645600579,0.0595642389601
3559,0.0886574062325,0.187292380763,-0.513006443825,2.71634900372,0,8.10379604152,0.00226097205792,0.0599777174267
3560,0.0848691665006,0.196579206323,-0.523553105885,2.70011100993,0,7.31495585845,-0.000777826519907,0.0599221317325
3561,0.095687360812,0.198126711422,-0.653582250702,2.71376086393,0,9.76235412416,0.00930781024646,0.0617641620533
3562,0.0824010259694,0.203683203852,-0.561628977936,2.71181446142,0,6.83682504135,-0.00116766372814,0.0568826214258
3563,0.0900050747495,0.190549139408,-0.493015730268,2.71945548969,0,8.40140483147,0.00346939817957,0.0654469495363
3564,0.101785772799,0.185919120359,-0.572047588069,2.70899271389,0,11.4332249212,0.0140493599361,0.0585396788642
3565,0.111924340843,0.19235428873,-0.533688944885,2.70225777516,0,14.7768118014,0.0249987947564,0.0600122338394
3566,0.0886515285056,0.203754426368,-0.539035485883,2.69532404126,0,8.10251810995,0.00433407850152,0.0653051481374
3567,0.0818869079045,0.197230761898,-0.534404434122,2.71328921006,0,6.74061187088,-0.00129476932647,0.0548059307736
3568,0.100031285444,0.200069796328,-0.609046704735,2.71209388982,0,10.9285495656,0.0153732998998,0.0611027070368
3569,0.0623215716359,0.18805628894,-0.554742291818,2.70174461207,0,3.81606071191,-0.0234869700429,0.0637391212111
3570,0.0793788984236,0.201650938574,-0.592301847377,2.71520192803,0,6.28731298883,-0.00429653830048,0.0613512057296
3571,0.0979508744656,0.186947813766,-0.486852412492,2.70153466882,0,10.3556287974,0.0104423626668,0.060837485408
3572,0.102415110872,0.189798207134,-0.42237480588,2.71130750682,0,11.6192069453,0.0161744885993,0.0621196319017
3573,0.0764374783932,0.189438450615,-0.491449706527,2.70767543181,0,5.78817227879,-0.00823062586029,0.056111222243
3574,0.0934998022078,0.199085896695,-0.538273525004,2.71167213214,0,9.21738055145,0.0103836919206,0.0585067424841
3575,0.0809746907275,0.198940152528,-0.54788289624,2.7137887712,0,6.57268620392,-0.00359347098553,0.064102051782
3576,0.091652688889,0.196943581235,-0.541522721977,2.70340221519,0,8.77797324379,0.0057669647547,0.0543000631961
3577,0.0698772231323,0.200389754457,-0.579401048278,2.71903296342,0,4.7905876973,-0.0125711786194,0.0631452234392
3578,0.0867985396079,0.191822737182,-0.460778765838,2.70165295576,0,7.70812562285,0.000953433094497,0.0589075042031
3579,0.0886395192501,0.194891819023,-0.564432382017,2.72182234833,0,8.09990760167,0.00335075581777,0.0607675254206
3580,0.0795024227746,0.209096336336,-0.607708721316,2.70784441314,0,6.30902818272,-0.00260704091729,0.0680191050768
3581,0.0853367887084,0.194538827258,-0.48328919741,2.69715819679,0,7.40865072472,0.000337798181431,0.0623648273786
3582,0.0892170670936,0.186626778094,-0.496857469615,2.70214185553,0,8.2262706037,0.00351861916974,0.0553212752781
3583,0.0843676102317,0.202269362508,-0.479047655988,2.70545158512,0,7.2155777864,0.00120170905875,0.0601813373184
3584,0.0901295931328,0.194928187063,-0.600068568871,2.71131435834,0,8.42936979341,0.00559125597597,0.0636617803051
3585,0.0847546394644,0.195248292013,-0.544478314425,2.714681149,0,7.29216221247,-0.00127405025747,0.0620430516841
3586,0.0677148940634,0.198185179064,-0.535861509118,2.71107998424,0,4.49384974945,-0.0150109603403,0.0599788567608
3587,0.0740603989694,0.188594232385,-0.554688173161,2.71238719775,0,5.40897809166,-0.011034608207,0.055084237129
3588,0.079117835334,0.184603834983,-0.476113196561,2.69781224557,0,6.24162283011,-0.00749073109408,0.0659707321338
3589,0.0638154936811,0.195669113812,-0.563738141054,2.711483703,0,3.99529187741,-0.0206784866808,0.0607698057653
3590,0.0828096843555,0.197848032272,-0.592161587798,2.705427522,0,6.91412150742,-0.00254543477918,0.0558966046525
3591,0.0843760534919,0.19203086348,-0.50987509228,2.70750787213,0,7.21724123826,-0.000692478795978,0.0576237633854
3592,0.0846959541349,0.191966282036,-0.471908054489,2.7052939639,0,7.28050570749,5.88873562983e-05,0.0611603982644
3593,0.0721924266149,0.210504336467,-0.616367218731,2.71449905849,0,5.12537326107,-0.00883791807808,0.0605609457157
3594,0.0868735408553,0.193846319866,-0.552105517316,2.70806016678,0,7.72376484125,0.00036463550712,0.056637940319
3595,0.071732409454,0.197371029193,-0.502725165876,2.70181858824,0,5.0574055645,-0.012274168823,0.0538142274223
3596,0.0774975018866,0.193922651331,-0.581032420731,2.70992946275,0,5.96413924574,-0.006824210146,0.0607420088255
3597,0.0596318218385,0.203671551546,-0.596477645025,2.71388933353,0,3.50883383824,-0.0238712027686,0.0602195256306
3598,0.0835010628655,0.197034981239,-0.514528715668,2.71503473573,0,7.04656571472,-0.000704710433027,0.0583425541805
3599,0.0908338751409,0.191348127024,-0.49389059932,2.71340617844,0,8.58905280655,0.00551481875677,0.055997837283
3600,0.0807072843164,0.195427340035,-0.532636965661,2.70589902945,0,6.52412828671,-0.00335198602616,0.0589566556967
3601,0.0783954703024,0.193634470393,-0.572199034312,2.70857295601,0,6.11662857766,-0.00737846660022,0.0634656156391
3602,0.061304272967,0.202291937715,-0.604514707376,2.71678273561,0,3.69756831763,-0.0217231793861,0.0600384108583
3603,0.074316881151,0.191655458543,-0.515172348987,2.70780504352,0,5.44889073208,-0.0120063031227,0.0639739768174
3604,0.0725507723138,0.20011158188,-0.486488282221,2.70933145358,0,5.17882646658,-0.0104424713455,0.061774917697
3605,0.0956099116593,0.191266417302,-0.492632972725,2.70359548981,0,9.74259126353,0.0108082552389,0.0628295205044
3606,0.111149203842,0.186757102094,-0.540054580013,2.71022078672,0,14.4933211784,0.0240259476933,0.0589510300017
3607,0.0779940788086,0.193577508838,-0.565604775271,2.71846351069,0,6.04807325005,-0.00739546996959,0.060251910111
3608,0.0879960089669,0.193623773092,-0.550700995201,2.71734009968,0,7.96107266473,0.00378255945496,0.0606097329525
3609,0.0820013355114,0.18934145431,-0.594728444049,2.70859753017,0,6.76192733368,-0.00328378634813,0.0564940647507
3610,0.0791000856057,0.203011534175,-0.577823206956,2.70080074806,0,6.2385263688,-0.00577972228929,0.0584083232879
3611,0.0751075456836,0.190807527752,-0.551758952961,2.71159060109,0,5.57344017651,-0.0109179337297,0.0661536565141
3612,0.0987927545307,0.192871088929,-0.449570870051,2.71500070993,0,10.5842113606,0.0133498892966,0.0644148293458
3613,0.0872529958057,0.18194616574,-0.457635319902,2.70296325954,0,7.80330343735,0.000153760601518,0.0599992556091
3614,0.105062186082,0.182058642108,-0.41767140131,2.699865228,0,12.4311767517,0.0169150925373,0.0528108125257
3615,0.102732164645,0.190278136782,-0.505956887914,2.70705257101,0,11.7139130992,0.0159559186912,0.0603045283953
3616,0.0787350744129,0.192745943313,-0.537506087764,2.7051594197,0,6.17513129135,-0.00606972424702,0.0595713160905
3617,0.0648463686818,0.1883395352,-0.449714183051,2.70202310803,0,4.12269103746,-0.0208455841094,0.067654746715
3618,0.0926475738364,0.198546403147,-0.585433392786,2.70936215602,0,9.0123362436,0.00798866928322,0.0663527867652
3619,0.110831204194,0.196556810422,-0.512138986554,2.71676002277,0,14.3784418052,0.0240149025705,0.0693959021979
3620,0.0872385623692,0.199876971336,-0.610621869884,2.71160652513,0,7.80026528919,0.00286498879376,0.0649365873259
3621,0.0750006023668,0.190059366466,-0.49642480749,2.70606194399,0,5.55645966654,-0.0106051789607,0.066614431024
3622,0.0791245147443,0.201938210227,-0.560336564615,2.70496558581,0,6.24278839101,-0.00471217156351,0.0664748361493
3623,0.0561408103521,0.197089756825,-0.510662543086,2.70832031157,0,3.13808980084,-0.0278887740332,0.0623162664129
3624,0.0970676439099,0.19266547985,-0.520636188271,2.71039334196,0,10.1204828661,0.0115221989234,0.06104975358
3625,0.0823234134459,0.197356409504,-0.615661524819,2.71058076812,0,6.8222271293,-0.00192887208663,0.0600028053217
3626,0.105742006875,0.192640032632,-0.491705072289,2.71155837835,0,12.6476785152,0.0200659524857,0.0644380591196
3627,0.0660976069465,0.198613862147,-0.622153867351,2.70998698966,0,4.28152369928,-0.0184481202886,0.0566103290012
3628,0.0912378273187,0.193842573357,-0.524772528706,2.71424098814,0,8.68181157972,0.00530187096807,0.0618459235183
3629,0.102779040929,0.191874858216,-0.474711752018,2.7115027444,0,11.7279732309,0.0164635297206,0.0538640041744
3630,0.100894699256,0.206747753882,-0.620087516838,2.71459509404,0,11.1743965343,0.0168061823947,0.0680704390266
3631,0.0801089604081,0.191423869427,-0.548426624483,2.70975548099,0,6.41656157505,-0.00401837665489,0.060855453629
3632,0.0834904015792,0.19288965169,-0.5218735997,2.70861122837,0,7.04450729647,-0.000415934516882,0.0574539348009
3633,0.0820191552091,0.195343689432,-0.591647525652,2.7045638986,0,6.76525184437,-0.00242962557383,0.058816756369
3634,0.0733426113191,0.195990597657,-0.615148384308,2.71099800917,0,5.29853758932,-0.0113243331577,0.063883466545
3635,0.110815917192,0.184925161844,-0.507569578709,2.70497867789,0,14.3729399637,0.0233010441405,0.0601022676915
3636,0.0977996737192,0.198640712578,-0.573532043566,2.71708819482,0,10.3150376832,0.0131892614562,0.0602431481304
3637,0.119916856386,0.186972710605,-0.534231081061,2.70132563753,0,18.0063030496,0.0317940211968,0.057661029301
3638,0.0830312386875,0.193455298004,-0.561371072563,2.71614238235,0,6.95633373452,-0.000352350055922,0.0643040348587
3639,0.0672416310659,0.195695205564,-0.551922315444,2.72001919151,0,4.43088235519,-0.0180925962888,0.0569607847849
3640,0.0914235714637,0.201214827644,-0.613698051846,2.70610503702,0,8.72475265593,0.00657555305693,0.064319791118
3641,0.0942422133894,0.198458901009,-0.597186025775,2.71247240706,0,9.39928857589,0.0105659859196,0.0647408626833
3642,0.0728052971864,0.191364199056,-0.574225571901,2.70770059467,0,5.21706519616,-0.0135551986767,0.0648734891088
3643,0.11775517525,0.181800011394,-0.450138954125,2.70214469127,0,17.0750749155,0.0280244969232,0.0601007252395
3644,0.0697742622112,0.206043249215,-0.641544099254,2.72212146691,0,4.7761154839,-0.0128414609194,0.0615673451614
3645,0.0717862566438,0.206660820566,-0.641879244897,2.7090899696,0,5.06532387152,-0.0104114578905,0.0610071403874
3646,0.0914937277365,0.188005805425,-0.523861810437,2.71482884809,0,8.74101926272,0.00533307071599,0.0541990534664
3647,0.085078247748,0.191598925977,-0.56381162566,2.71068787055,0,7.35672355545,-0.000385956955004,0.0587724449077
3648,0.0865288375796,0.202535155015,-0.5763164748,2.70412697478,0,7.6521099722,0.00267455976479,0.0573466305704
3649,0.0879012573327,0.191602911817,-0.538421287791,2.71883282894,0,7.94080317148,0.0020674619107,0.0650433689956
3650,0.0830210227954,0.192923345535,-0.506644751044,2.70061596098,0,6.95438257261,-0.00231078622363,0.0651211492242
3651,0.091561252395,0.190357213492,-0.618291088827,2.7165656467,0,8.7567004039,0.00520351219446,0.0639122549785
3652,0.0990632682438,0.184614030325,-0.499501698293,2.71153825154,0,10.6585942989,0.0120025770558,0.0589351158268
3653,0.0877479728631,0.18964250236,-0.52533408046,2.71396112007,0,7.90810551147,0.00314311909762,0.0628480197025
3654,0.0976809352447,0.186545286686,-0.470008147041,2.70308638349,0,10.2832591757,0.0108947785391,0.0606454267179
3655,0.089406567398,0.208197048305,-0.617074950356,2.72317184557,0,8.2680981789,0.00459094870383,0.0643643413257
3656,0.0968905347915,0.193981357615,-0.487870103761,2.70058481035,0,10.0738973218,0.0128284944354,0.0613879104549
3657,0.1085875368,0.190141769122,-0.578047846544,2.70769134736,0,13.5908661241,0.0201448730665,0.0584310404542
3658,0.093142737795,0.193399325817,-0.582468190042,2.71225661014,0,9.13098489447,0.00838903614957,0.0617765971183
3659,0.0757493874548,0.200508823408,-0.616978963068,2.7186863058,0,5.67624405346,-0.00842884082818,0.0590446378707
3660,0.0832676987332,0.18653713539,-0.503156504782,2.70042430835,0,7.00162471907,-0.00317642240432,0.066848866063
3661,0.0870941967978,0.192512191501,-0.617416650544,2.71623162499,0,7.76993265959,0.00214987861819,0.055986421931
3662,0.0994444789502,0.188808095918,-0.454310272523,2.71063060203,0,10.7641955311,0.0124175537925,0.0531612009453
3663,0.0942409012463,0.204795945047,-0.606922461285,2.70868270991,0,9.39896434,0.010422781929,0.0584183854129
3664,0.101702586352,0.185841359862,-0.453125313846,2.70143030629,0,11.408839763,0.0139338363923,0.0685363133242
3665,0.0994045302822,0.194117503808,-0.537846840827,2.70750711522,0,10.7530861415,0.0144417346402,0.0611716426284
3666,0.088164857301,0.20293924263,-0.574322763327,2.71219467415,0,7.9973026747,0.00297238154209,0.0546938493976
3667,0.0766456528446,0.201904456263,-0.602181666633,2.7206791749,0,5.82238896637,-0.00804923877304,0.0643506116787
3668,0.0748062074202,0.198743311845,-0.56407603097,2.71163922212,0,5.52570149984,-0.00906111158509,0.0646438628771
3669,0.0884597771642,0.199186790847,-0.524692912232,2.7130308841,0,8.06092213173,0.00486966137213,0.0620525313762
3670,0.106782049111,0.195350314762,-0.479841983941,2.70657178556,0,12.9854064365,0.0209572749441,0.064785196134
3671,0.0463240347703,0.208825443746,-0.619564313,2.71237703742,0,2.24599734171,-0.0356880401514,0.0671263446701
3672,0.0597428956849,0.206590928527,-0.591834845482,2.71548064371,0,3.52113897514,-0.0219139868496,0.0624764535114
3673,0.0773600624284,0.190925493735,-0.547118124494,2.70791966306,0,5.94107886428,-0.0086828945088,0.0555916775484
3674,0.0782693351009,0.186605007358,-0.529812888438,2.70401656123,0,6.09501663085,-0.00731427956361,0.0556222303667
3675,0.0809177505974,0.203571422107,-0.583540449687,2.71388120289,0,6.56232135063,-0.00263495465813,0.0591303949163
3676,0.0829725674685,0.188896316312,-0.524117701243,2.71116460311,0,6.94513421847,-0.00208006333339,0.0517206018187
3677,0.066533731473,0.208880567695,-0.625490408749,2.71678414783,0,4.33799028017,-0.0146947739593,0.0674893014042
3678,0.0813921255766,0.190527401921,-0.510949026645,2.71404673022,0,6.64909040703,-0.00393657394078,0.0643782905641
3679,0.100930182359,0.19406356808,-0.544436253455,2.7184498081,0,11.1846034483,0.0138942348408,0.0647910748895
3680,0.101924011544,0.190989982837,-0.488139484708,2.71851964688,0,11.4738499737,0.0142326340889,0.0598145530256
3681,0.0731610611123,0.194323024059,-0.556272085468,2.72177601497,0,5.27089515383,-0.0124878203056,0.0591323641614
3682,0.0955278963637,0.200611301619,-0.536894591547,2.71796534214,0,9.72170129347,0.00982266327492,0.0587302109368
3683,0.0900575592148,0.190776665785,-0.525997735114,2.71167630325,0,8.41318231908,0.00500014119288,0.0631933099055
3684,0.108552670033,0.197701535628,-0.564114363841,2.70980559649,0,13.5789386568,0.0230792781191,0.0655790012788
3685,0.0704759703533,0.195409030753,-0.484730857438,2.70890974275,0,4.8754411813,-0.0132213157149,0.0606785242923
3686,0.0881977204177,0.189024171547,-0.570235764827,2.708679835,0,8.00437051232,0.00195748256912,0.0591781008985
3687,0.084501319026,0.1968819147,-0.510302788468,2.71113628613,0,7.24195854804,0.00150130398048,0.0658115479798
3688,0.0741302051182,0.198982138041,-0.531000478355,2.72246772833,0,5.41981743216,-0.00976327136771,0.0597357682357
3689,0.079340341906,0.18581859992,-0.490028348607,2.71810476851,0,6.28054758697,-0.00616836018698,0.0583462324616
3690,0.113552194032,0.189089725176,-0.465659414736,2.70414292297,0,15.3884911121,0.0261587675746,0.0587927665708
3691,0.0974324729878,0.189655158147,-0.549738764494,2.71133682431,0,10.217039552,0.0111842118132,0.0587705817273
3692,0.0933131206296,0.197603466434,-0.512298655638,2.71393127287,0,9.17212290317,0.00888937003448,0.0598653279468
3693,0.0635281419511,0.202628304481,-0.649511221625,2.7032419506,0,3.96032645037,-0.0176417531672,0.0684193016052
3694,0.0845647835888,0.194168121579,-0.528056959042,2.71504779974,0,7.25450860167,0.000737370597129,0.0624552437968
3695,0.0652556141575,0.193898844665,-0.571896990367,2.71447617505,0,4.1741284597,-0.0190655540855,0.0552821712155
3696,0.0918140790969,0.199215951318,-0.600488896848,2.71565876553,0,8.8156297982,0.00515236759543,0.0613789399164
3697,0.088437331181,0.191638498141,-0.470730453479,2.71481386239,0,8.05606496614,0.00416203298509,0.0583568572223
3698,0.095008928481,0.190281878309,-0.582110575731,2.71032980984,0,9.59041865299,0.00884428063741,0.0613644071085
3699,0.0831541288791,0.201815500841,-0.519919839034,2.70509910253,0,6.97984097145,0.00078124182973,0.0614085142387
3700,0.0716956034704,0.190911080558,-0.561415266354,2.70283564487,0,5.0519989115,-0.013186533808,0.0585543011171
3701,0.0711012938615,0.196659158117,-0.567614606032,2.71635844848,0,4.96533692552,-0.0135798829958,0.0602469047463
3702,0.0945774025296,0.195862844994,-0.565529295478,2.71280934122,0,9.48243435708,0.009294444762,0.0627946472964
3703,0.100870254633,0.186163830286,-0.484299987409,2.69640495996,0,11.1673696845,0.013820507078,0.0624513607188
3704,0.0845774236726,0.192746668556,-0.544387640504,2.69846152809,0,7.25701035892,-0.000965497685633,0.0615674997344
3705,0.0632914977127,0.193024826569,-0.523200217906,2.70880546941,0,3.93170801426,-0.0214442594459,0.0662089338639
3706,0.103024307379,0.192043994495,-0.543836396393,2.69819349937,0,11.8017828601,0.0168175839701,0.0604971103213
3707,0.0995107429098,0.191568875866,-0.49190512646,2.71140070301,0,10.7826452507,0.0137554688494,0.0544685487966
3708,0.0850834581423,0.186898825817,-0.501522582782,2.7081218771,0,7.35776699634,-0.00114703567027,0.0593831019746
3709,0.085143864071,0.193459518072,-0.467927432103,2.71206124604,0,7.36987312132,0.000655748394191,0.0614043943274
3710,0.106145290926,0.186254905138,-0.454206523452,2.70388782485,0,12.7776935407,0.0187296765282,0.0576013603008
3711,0.0813752276004,0.196238198769,-0.52708437267,2.71521089871,0,6.64598318228,-0.00315108367489,0.0584949772335
3712,0.069095442479,0.205048801975,-0.567034122471,2.69062079952,0,4.68156727799,-0.0125078598379,0.0682281914456
3713,0.0744773650597,0.196941736445,-0.567827159359,2.70801032535,0,5.47398598231,-0.010055734067,0.0589712758138
3714,0.0886888492231,0.196664269751,-0.5023615168,2.71331499999,0,8.11063528643,0.00444514724373,0.0569041043931
3715,0.0831750529886,0.20140545294,-0.564288848922,2.71004060331,0,6.98385011913,-0.00134854280107,0.0571816449856
3716,0.0879907364265,0.192284338006,-0.473012602804,2.71044288456,0,7.95994359044,0.00283310847783,0.0605457438386
3717,0.0730853532845,0.192975164567,-0.489287057578,2.71641910027,0,5.25940254343,-0.0114943201842,0.0630320850315
3718,0.0985955145876,0.202662704541,-0.627075256782,2.71064846207,0,10.5302643306,0.012769676746,0.0595384393446
3719,0.0755184959369,0.195473155352,-0.586647141605,2.71037550256,0,5.63908535551,-0.00982646813197,0.0578390707425
3720,0.0840747183155,0.191840923759,-0.535156544989,2.71200801512,0,7.15807359791,-0.00074392362379,0.0588201560723
3721,0.0682305744542,0.198368248355,-0.568885811105,2.70776269345,0,4.56325983626,-0.015499799463,0.0623175136965
3722,0.0963547788532,0.200639057306,-0.593364127956,2.7153864583,0,9.93411540419,0.0109341542861,0.0642671126007
3723,0.076544881347,0.186780773314,-0.498796722914,2.69799272703,0,5.80580495621,-0.00947903036589,0.0611810447848
3724,0.0987561973228,0.206798635716,-0.612745153992,2.71729210385,0,10.574194323,0.0150587592434,0.0624713670447
3725,0.0709523522147,0.193224463238,-0.489593478051,2.71291528628,0,4.94380603178,-0.0123622308703,0.0616700308132
3726,0.0891006738039,0.192839485776,-0.46667038499,2.71062137027,0,8.20066966575,0.00475421654823,0.0708654187524
3727,0.078585938165,0.202654580813,-0.612155936018,2.7167253846,0,6.14938325592,-0.00548172793322,0.06121352104
3728,0.0737669200224,0.192848229795,-0.540328866829,2.70883828773,0,5.36359955047,-0.011840425098,0.0606933385334
3729,0.0822450564239,0.186565579449,-0.504802923156,2.71070814735,0,6.80751571208,-0.00417907424864,0.0618188935724
3730,0.0861389294092,0.20046552813,-0.646400213937,2.70275191606,0,7.57174027698,0.00246111196649,0.0645146864379
3731,0.0745307180698,0.193275282769,-0.611538513639,2.70420857375,0,5.48234969724,-0.0107397564008,0.0591498625933
3732,0.102183530607,0.190108593102,-0.504836509122,2.71110089771,0,11.5504613876,0.0146294771838,0.0622472008548
3733,0.0941903210911,0.189293790403,-0.459403246584,2.7052150552,0,9.38647318531,0.00774096660139,0.0694666463602
3734,0.0723723798765,0.197784457469,-0.456913846666,2.70755672828,0,5.15216045418,-0.0123792816353,0.0577223785017
3735,0.0766398790309,0.194505556658,-0.534818544845,2.72144166229,0,5.82143771882,-0.00736511445342,0.0578500017465
3736,0.0692442046048,0.196362297754,-0.537609770003,2.71297832466,0,4.70215915227,-0.0148508244214,0.0636612512692
3737,0.0543615813981,0.200340263364,-0.623726155386,2.71718984946,0,2.96059435407,-0.0289056378255,0.0614465090891
3738,0.0944631310642,0.192925051942,-0.566152794665,2.70408966457,0,9.45401704387,0.00881594087938,0.0599730901472
3739,0.0883301134448,0.19769378021,-0.567530217351,2.71016613677,0,8.03289826201,0.00302965758446,0.0561115416466
3740,0.0777105378502,0.194262788274,-0.48523758306,2.70560183767,0,6.00002929603,-0.00765370528925,0.0600243767383
3741,0.0847340830006,0.182368976704,-0.494908104879,2.708254017,0,7.28807734457,-0.00207483298123,0.0523351380799
3742,0.090005856959,0.20132235428,-0.574921652246,2.71823408997,0,8.40158025483,0.00630388353794,0.0640353675937
3743,0.0920139574896,0.195930680783,-0.580799268229,2.72261626024,0,8.86245996915,0.00582952836173,0.0558319428347
3744,0.0537073293467,0.192736593714,-0.519764220085,2.71093762651,0,2.89718592832,-0.0310787324556,0.0641403186229
3745,0.0954981235619,0.187552469482,-0.456553713132,2.7016512162,0,9.7141275839,0.00798624410456,0.0650175981238
3746,0.0656197377883,0.188274658876,-0.526403043168,2.70861514265,0,4.22031179415,-0.0189930691752,0.0589835221954
3747,0.0589814017522,0.205806087047,-0.592959530799,2.71183292971,0,3.43742193966,-0.0226591632871,0.058114662189
3748,0.0887540354815,0.197338249532,-0.509814181666,2.71372103389,0,8.12482985683,0.0033905833608,0.0589457647522
3749,0.0849388788986,0.201020132447,-0.541791493426,2.70846472046,0,7.32885979305,0.000779348392965,0.0647718956694
3750,0.0793207647279,0.198307355191,-0.547874542309,2.70656345138,0,6.27711474769,-0.00562780313627,0.0574302535544
3751,0.0599785306813,0.198770091249,-0.566816213964,2.71015090562,0,3.54735041977,-0.02548263449,0.0586446484317
3752,0.0824279810675,0.192189647708,-0.559872594064,2.7233025367,0,6.84190107263,-0.00298334502764,0.0611636329079
3753,0.059297148122,0.206444520947,-0.625765308889,2.70835926724,0,3.47195193533,-0.0245771639923,0.0595311495678
3754,0.0652929433172,0.201336265865,-0.644105177404,2.70118715447,0,4.17884494038,-0.0168632149537,0.0697124791227
3755,0.0945569331601,0.193668205533,-0.524487746123,2.70863261666,0,9.47733852826,0.00841688019641,0.0579132088638
3756,0.0807224465955,0.189211325236,-0.421483927623,2.70541847934,0,6.52687355619,-0.00537125458961,0.0593054561179
3757,0.0774592356654,0.193828505965,-0.536825243487,2.71271410118,0,5.95771133004,-0.00791767769069,0.0645042449365
3758,0.0964652388937,0.192818894453,-0.485408434028,2.70638346576,0,9.96279552841,0.0108464400111,0.0624740541017
3759,0.0883672277194,0.196303038819,-0.560972268169,2.71021568858,0,8.04091114524,0.00358658909064,0.0630906433898
3760,0.0791470541515,0.184532970104,-0.526909393985,2.7120630943,0,6.24672286192,-0.00774932087839,0.0627624213635
3761,0.106571799426,0.201343976532,-0.613447071071,2.71048384013,0,12.9164914649,0.0203339505057,0.0617898214745
3762,0.093431497404,0.202337376526,-0.611762081111,2.71725006519,0,9.20079884427,0.00897621569627,0.0626698539094
3763,0.0882653969627,0.192114013443,-0.573775986073,2.71358026907,0,8.01894246023,0.00211780285141,0.0647202002631
3764,0.0607179133977,0.195906769851,-0.595378815079,2.71696628346,0,3.63054948318,-0.0230143695493,0.0553096713122
3765,0.108844096487,0.189673910465,-0.482686347439,2.7053856743,0,13.678920845,0.0213947415842,0.0607621671754
3766,0.102234007358,0.201448791215,-0.595746769108,2.71997488189,0,11.5654148594,0.0172363638697,0.0626689857735
3767,0.064245712696,0.193332747331,-0.57526994312,2.71044815015,0,4.04808501412,-0.0188568527407,0.0607173346648
3768,0.0723061858864,0.190100415427,-0.490624411295,2.70767221333,0,5.14229398573,-0.0125591966804,0.0566574648607
3769,0.0702123211176,0.209915270399,-0.616332208033,2.71670658543,0,4.8379309489,-0.0110977232103,0.0573752511161
3770,0.0921989933481,0.200280604503,-0.519604373245,2.711292163,0,8.90600407337,0.00890577622538,0.069165832914
3771,0.0886568085441,0.186951128457,-0.538701463539,2.71056596966,0,8.10366608462,0.00341597558277,0.0501601460057
3772,0.082027594482,0.199128384962,-0.45621876974,2.70006993293,0,6.766826785,-0.00225305321973,0.0619363294702
3773,0.0934792256604,0.185742616807,-0.492304443551,2.7089998194,0,9.21238265302,0.00678086666489,0.0563710600099
3774,0.0898871288084,0.186042468038,-0.48053669082,2.70565687427,0,8.37498949746,0.00368606543603,0.0546878611899
3775,0.109227546437,0.196396274261,-0.559840639361,2.70652071041,0,13.8114791897,0.0239732086696,0.0577513041059
3776,0.0740316077116,0.202561000181,-0.557999022403,2.70447975064,0,5.4045125781,-0.00954692048154,0.0618099993718
3777,0.0802281332332,0.191837241602,-0.448118814366,2.71659812286,0,6.43786785373,-0.00414398151545,0.0552234724213
3778,0.0992108150399,0.194740333639,-0.597557396725,2.70659665606,0,10.6993584584,0.0119627958646,0.0572850576433
3779,0.0819365542476,0.189218077161,-0.59108522453,2.70962790131,0,6.74985302158,-0.00434598240898,0.0610373379715
3780,0.10510871941,0.199073627151,-0.616421694028,2.7139820289,0,12.4458902621,0.0185901473341,0.0619804894433
3781,0.0699272872927,0.202420534317,-0.577501421632,2.71563389176,0,4.79763732072,-0.0131167770421,0.0613868295054
3782,0.0771377076466,0.19416626707,-0.531954884309,2.71325282684,0,5.9039263064,-0.00805733616922,0.068166322611
3783,0.0893001975158,0.188937504278,-0.485688734884,2.69840427294,0,8.24459722274,0.00313747455711,0.057173597096
3784,0.0741960217595,0.197763659643,-0.564228728097,2.70964401453,0,5.43005343437,-0.0100590693332,0.0592580563091
3785,0.104039289156,0.186715395616,-0.508764310054,2.70263962616,0,12.1116271594,0.0171045125824,0.0594294618988
3786,0.102017898359,0.192865082604,-0.449572278731,2.70015215775,0,11.5015138047,0.0166506781628,0.0606248281438
3787,0.0763820171562,0.191502729485,-0.54668152877,2.70690998981,0,5.77908424111,-0.00826194581106,0.0591505212473
3788,0.0983778700604,0.194530507657,-0.465220140398,2.70705880272,0,10.4710168025,0.0123527899028,0.0602302926883
3789,0.114110130062,0.189983475771,-0.508128202232,2.7045309197,0,15.6033392238,0.0264403304009,0.05534905374
3790,0.0448216379729,0.194049635345,-0.52457013315,2.71047733548,0,2.12695894355,-0.0392777890781,0.0635778843215
3791,0.0825180142364,0.197918627075,-0.462103013412,2.70856800964,0,6.85887853322,-0.00104061728599,0.062394631138
3792,0.0933210831409,0.201079601176,-0.637237373081,2.70546312339,0,9.1740493315,0.008572510073,0.0687404355657
3793,0.0846523544963,0.198720225742,-0.542746998353,2.71976307809,0,7.27185583433,-0.000390850496437,0.0539033198399
3794,0.104241183149,0.188598987737,-0.458254332578,2.71452749407,0,12.1741134554,0.0161183521425,0.0654356660898
3795,0.0934796116454,0.189301346772,-0.453289305903,2.70342880913,0,9.21247638442,0.00596206437087,0.0643932063257
3796,0.0599511700846,0.205166458647,-0.56831082901,2.70885066679,0,3.54429941419,-0.0233679818371,0.0627869914229
3797,0.103308899269,0.191051252294,-0.540099371562,2.71229485958,0,11.8879428169,0.015522130564,0.0632288478414
3798,0.101225367131,0.187896638094,-0.488922989498,2.71773081769,0,11.2698345498,0.0134891153452,0.0611482167319
3799,0.0795596649969,0.189992671835,-0.551200979346,2.71646440361,0,6.31911227057,-0.00550685357415,0.0602322286996
3800,0.0747623209133,0.20192579151,-0.555823351553,2.7027757537,0,5.51877677364,-0.00905392597112,0.0600234432436
3801,0.079979890805,0.201280586166,-0.600456813296,2.71546176976,0,6.39355210502,-0.00306211852655,0.0606918613643
3802,0.0943291867852,0.201125347532,-0.555215935845,2.71036559019,0,9.42080174422,0.0101876178961,0.0662133260057
3803,0.0831545093195,0.202980704704,-0.575132340082,2.70569211577,0,6.97991384815,-0.000121518484601,0.0636784917063
3804,0.0891536306338,0.197553386954,-0.603681107033,2.70656683021,0,8.21230914653,0.00524324991854,0.0669389649983
3805,0.0680431175575,0.19904466581,-0.519069069676,2.71205455215,0,4.53793133028,-0.0150903191861,0.0579408648794
3806,0.0846392822201,0.198989163977,-0.547100049906,2.71780210204,0,7.26926407666,-0.000207110531556,0.0620300757413
3807,0.0612606127473,0.195057807849,-0.629448421591,2.71490741349,0,3.69254614081,-0.0228393309229,0.0617289129856
3808,0.0727629256558,0.198533263192,-0.542057895322,2.70935136762,0,5.21068373001,-0.0113006856563,0.0611572611707
3809,0.107034634111,0.188174842197,-0.522499433954,2.71591650061,0,13.0686319011,0.0187968550228,0.0565542041582
3810,0.0952127593737,0.196457856013,-0.473794801732,2.70493737493,0,9.6417961091,0.0093176702437,0.0598233888694
3811,0.0828316445994,0.198173931198,-0.532181626181,2.70778513504,0,6.91829590741,-2.49230053721e-05,0.065856096584
3812,0.0913955107683,0.194084288844,-0.592168361979,2.70737585959,0,8.7182537492,0.00726453415406,0.0607474299509
3813,0.0679760508376,0.189428284987,-0.560455397667,2.70622689997,0,4.52889647522,-0.0155840112014,0.0601000518497
3814,0.0909266667796,0.195678230198,-0.55918968782,2.71861957778,0,8.61028447071,0.00523344139131,0.0590169906325
3815,0.0984629906324,0.192362147195,-0.533705767516,2.71143775756,0,10.4941535162,0.0126967269361,0.0576522123961
3816,0.0870621747141,0.193633289943,-0.476525242254,2.70107834185,0,7.76321813957,0.00290204139412,0.0599921762138
3817,0.102620182587,0.188786164582,-0.545948166368,2.71540391069,0,11.6803854857,0.0145151242425,0.0595074125076
3818,0.0990363353801,0.186560515058,-0.497173774766,2.70541834283,0,10.651168055,0.0124999831904,0.0622242772211
3819,0.0924728965515,0.189339703285,-0.555849615362,2.71343491595,0,8.97080066163,0.005145000362,0.0626910431905
3820,0.0769155093116,0.187084665363,-0.488872518644,2.70755141894,0,5.86699093981,-0.00901297475052,0.0670656644353
3821,0.0565538466632,0.208613619983,-0.572107539652,2.72024591244,0,3.18037488063,-0.0245740608958,0.0667802526178
3822,0.0834695387271,0.204951450025,-0.50957596941,2.70643829753,0,7.04048068486,0.00127411195612,0.0667906877384
3823,0.0841045536832,0.196391144184,-0.530160289092,2.70211258025,0,7.1639134982,0.000107889171146,0.0600090003914
3824,0.0572910049839,0.207644759048,-0.640638166717,2.71548492863,0,3.25687691825,-0.0247301115411,0.0589738466278
3825,0.0816189092509,0.199349164608,-0.613320437021,2.71217746589,0,6.69090939759,-0.00242986833885,0.0680572209401
3826,0.0720230368777,0.190489521601,-0.525426276052,2.71175439461,0,5.10026100831,-0.0133953431083,0.0578616415801
3827,0.0922474977482,0.194912281899,-0.504550021436,2.71638181101,0,8.91744905764,0.00593949927907,0.0527129643006
3828,0.109628118244,0.194018227842,-0.51168796047,2.71541669793,0,13.9511855464,0.0223592728739,0.0551704907184
3829,0.0794384336801,0.202108156244,-0.580415312703,2.71807914066,0,6.29777134472,-0.00420196982455,0.0592414717093
3830,0.0749028990821,0.19934701088,-0.577902443364,2.70782502286,0,5.54098316766,-0.0101658668622,0.0592130926197
3831,0.0908840796472,0.182948090974,-0.483764835023,2.70504027678,0,8.60053449851,0.00292079946823,0.065225921101
3832,0.0989237526783,0.189350122436,-0.555685784617,2.70746409852,0,10.620174652,0.0121225771824,0.0608193715272
3833,0.079327401507,0.195014264121,-0.579247380607,2.7090126557,0,6.27827832608,-0.0045537538992,0.0608392009479
3834,0.0633455815687,0.203909632648,-0.621605238116,2.70874561269,0,3.93823458491,-0.0192056821754,0.0544289422368
3835,0.0969464402623,0.197788577154,-0.514163919017,2.7044925769,0,10.0885820005,0.0119520462902,0.0585528085053
3836,0.0811663024742,0.201333528866,-0.585958221856,2.71068987683,0,6.60766584981,-0.00330055449023,0.0581762027865
3837,0.053794887961,0.198175598688,-0.608308129946,2.71007888739,0,2.90561495462,-0.0300293423713,0.0599934969103
3838,0.0984937065166,0.194918870231,-0.494808849581,2.71412692486,0,10.5025134457,0.0139648852169,0.0650176127104
3839,0.0787630713571,0.207802960216,-0.553271176166,2.70865835714,0,6.1799748304,-0.00435367552758,0.0583138869513
3840,0.0897585684668,0.208546128161,-0.573588097897,2.70712513587,0,8.34627823819,0.0073349048003,0.0698963609691
3841,0.098370914428,0.202909902493,-0.574850641337,2.71708841509,0,10.469128165,0.0124194026806,0.0554765967658
3842,0.0859719452682,0.187705005263,-0.49089735417,2.70724503121,0,7.53754070808,-0.000458299706359,0.0553494912722
3843,0.0759006174646,0.190735307294,-0.527140932982,2.70308488883,0,5.70069066602,-0.00926523040804,0.0566676010862
3844,0.0825384469489,0.18561022979,-0.481194770525,2.70534709582,0,6.86273642603,-0.00342433220881,0.0597824084241
3845,0.0795159830812,0.199001855515,-0.582452327426,2.71327754,0,6.31141582871,-0.00309483574884,0.0669089490138
3846,0.0893549926008,0.189304049231,-0.573101181092,2.71018963614,0,8.25669627486,0.00279862461247,0.064577742662
3847,0.092714761396,0.196127506638,-0.55632167364,2.7127080567,0,9.02835667725,0.00752539330453,0.0556614375133
3848,0.0825175475459,0.190987992413,-0.49528631449,2.70926144274,0,6.85879043882,-0.00385670511895,0.0651884926199
3849,0.0828064992201,0.1883865787,-0.507693926177,2.71896725661,0,6.91351622407,-0.00308064927467,0.0579867867601
3850,0.0964312990768,0.196018508841,-0.486317153276,2.70201187573,0,9.9539756192,0.0124063873913,0.0607477964222
3851,0.0697219888068,0.191976834962,-0.536719629417,2.71524227,0,4.76878123807,-0.0143810427887,0.0597000723477
3852,0.092478894748,0.208020692604,-0.63531383371,2.70757697801,0,8.97222418982,0.00971655561034,0.0624787616802
3853,0.0930248352965,0.194696799495,-0.570094416055,2.71111595358,0,9.10261167773,0.00786605068031,0.0594359371688
3854,0.0487145375935,0.201261003785,-0.616405698005,2.70512056714,0,2.44443327266,-0.0334562787682,0.0613523076757
3855,0.0991830990976,0.200323364089,-0.609492426137,2.71309565982,0,10.6916906715,0.0126114668301,0.0568604458116
3856,0.0784862575481,0.192198052888,-0.536671859574,2.70213217292,0,6.13222318407,-0.00798119069302,0.0555285229849
3857,0.0783122473187,0.187570656657,-0.424336019474,2.70346012316,0,6.10236209784,-0.00764738128836,0.0581560627243
3858,0.0769405130021,0.198903012145,-0.531482165693,2.71693707663,0,5.87113772201,-0.00649072019959,0.0592501443292
3859,0.0722393063683,0.194402205441,-0.499941058662,2.70216187049,0,5.13234078944,-0.0117944367989,0.0611673591944
3860,0.0713317636327,0.199228139939,-0.475130939124,2.71015925873,0,4.99880133884,-0.0125082850153,0.062429120035
3861,0.0878926505493,0.193550667477,-0.462001978192,2.70125525466,0,7.93896417376,0.00318171949601,0.0611549395738
3862,0.0981632067991,0.187023583771,-0.501970404314,2.70079279381,0,10.4128676459,0.0110355047331,0.0587728326063
3863,0.0534129022745,0.189261924665,-0.570947274032,2.70978886283,0,2.86897035659,-0.0318809807406,0.0666719704599
3864,0.108361097242,0.194473974062,-0.469637778543,2.69032893553,0,13.5135711834,0.0214464254322,0.0557891935919
3865,0.111619926846,0.191943563523,-0.502013721259,2.71118090712,0,14.6648888259,0.0244904469468,0.0632692689392
3866,0.104898721074,0.190368932086,-0.611222422938,2.70955815103,0,12.3796128832,0.0171397676102,0.0599999058696
3867,0.110959688647,0.205985076517,-0.566885365122,2.70191914296,0,14.424758667,0.0262944131936,0.0619243287679
3868,0.110905407668,0.19552500782,-0.492136625121,2.70894821042,0,14.4051747875,0.0245160796839,0.0628683312876
3869,0.0835713737526,0.202274281671,-0.620976278776,2.71623601293,0,7.06015361498,0.00123660895474,0.0635695766311
3870,0.116114395836,0.196614577092,-0.567588016135,2.70683757086,0,16.3976970388,0.0290865432835,0.0597725370736
3871,0.0842515500523,0.194384188365,-0.556363528889,2.71246587045,0,7.19274493923,-0.00070305762367,0.0616809915856
3872,0.0801849952416,0.190914301349,-0.579987849915,2.70324441146,0,6.4301486532,-0.00553591488157,0.052886207748
3873,0.0985470704086,0.192762640979,-0.526186942022,2.7029548009,0,10.5170513781,0.0137316221554,0.0584211569898
3874,0.102519679899,0.191985144238,-0.542590614002,2.71527105007,0,11.6503672168,0.0157335545287,0.0598410441452
3875,0.0876461687067,0.1937929744,-0.478596366848,2.72320460598,0,7.88645287577,0.0024065326014,0.0622196826418
3876,0.0722097988316,0.209955475995,-0.623875736178,2.71793193925,0,5.12795432784,-0.00860187861706,0.0657475228573
3877,0.0749230839131,0.199319489942,-0.573278180002,2.70455764706,0,5.54417762489,-0.0107648745242,0.0584475409598
3878,0.0863643694832,0.199552807332,-0.503681924199,2.70593180844,0,7.61812107413,0.00269589074437,0.0577925002855
3879,0.105567536619,0.192156393694,-0.525658238344,2.7039866902,0,12.5917972529,0.0190407681066,0.06032684313
3880,0.1163671756,0.19001681836,-0.522879757658,2.70853637576,0,16.5004398927,0.0291444207681,0.0608111974903
3881,0.0769254064247,0.201807295566,-0.607525264931,2.71638424266,0,5.86863205659,-0.00669327803064,0.0607339963926
3882,0.0853829498642,0.200855543464,-0.594505559427,2.70949257546,0,7.41795463678,0.00140588051197,0.0592348351938
3883,0.103985540025,0.191961453747,-0.53970034144,2.70263974766,0,12.0950398696,0.0176306549859,0.0590707367736
3884,0.056587086137,0.204683863817,-0.61681218552,2.71398696119,0,3.18379581509,-0.025931999804,0.0623001004378
3885,0.0735354315778,0.190537232001,-0.515709594992,2.70039321221,0,5.32802426565,-0.0118277818328,0.0618810645944
3886,0.0924321590444,0.189101586407,-0.46342358407,2.70517322264,0,8.96113775915,0.0071033441478,0.0527370151206
3887,0.100239638038,0.18820061266,-0.502547880141,2.70566966468,0,10.9874347922,0.0140443474431,0.0599812176057
3888,0.114206371967,0.201830858905,-0.538185897015,2.708127999,0,15.6406725594,0.0274841408625,0.0611112589706
3889,0.0529622263398,0.201082176709,-0.573852747381,2.72489439067,0,2.82616122285,-0.0293833544102,0.0644670292471
3890,0.0838533061378,0.183312920884,-0.469383246886,2.70042917702,0,7.11486027154,-0.00215388380637,0.0594698747632
3891,0.0927882175035,0.191245497993,-0.470601861859,2.71472239993,0,9.04590000933,0.00607104768981,0.0588260398345
3892,0.0642696144917,0.194546258915,-0.530759633147,2.71891893764,0,4.05103373339,-0.0206779628354,0.0617678757336
3893,0.083202523474,0.191508832355,-0.530927629423,2.71417855788,0,6.9891165206,-0.00169353294478,0.0605920253542
3894,0.0747231266635,0.191720254402,-0.488236567463,2.70420590002,0,5.51259839848,-0.0103216990371,0.0566332237844
3895,0.0660819118615,0.189839486196,-0.579267554608,2.70457447517,0,4.27950234597,-0.0197750611454,0.0578317347177
3896,0.0936436103605,0.197881817553,-0.547335628913,2.71903027788,0,9.25237625432,0.00853173079565,0.0586559338764
3897,0.0735455060029,0.196614163716,-0.564822038278,2.70903721095,0,5.32956852125,-0.0106663324387,0.062158978742
3898,0.0580490734901,0.198405192281,-0.543280896955,2.70602867242,0,3.33695222937,-0.0244371048872,0.0595565279242
3899,0.0775090015263,0.19345545264,-0.517124047624,2.70866178821,0,5.9660720575,-0.00776964458527,0.0539213893308
3900,0.076370478809,0.197116264483,-0.496523233653,2.70897116696,0,5.77719500509,-0.00785879217005,0.059247572735
3901,0.0878227042897,0.18869651379,-0.568232813837,2.70281247318,0,7.92403235036,0.00274398216384,0.0571168674728
3902,0.0720248680631,0.199058608289,-0.56794056357,2.71008502969,0,5.10053195391,-0.0120305196254,0.0618692302623
3903,0.107273888777,0.193148190005,-0.586288350539,2.70702365783,0,13.1479041271,0.0209068741743,0.0596268204561
3904,0.0938435052291,0.19766916926,-0.554807291653,2.71577129689,0,9.30121215419,0.0089546010008,0.0611840878591
3905,0.107881135907,0.192934859749,-0.473766716408,2.72073554716,0,13.351036401,0.0203367506718,0.0554576478947
3906,0.0915484895557,0.19581835625,-0.537232077149,2.70800009737,0,8.75373465145,0.0054668164953,0.0627633569997
3907,0.121365388214,0.183126489697,-0.433622027083,2.70894120566,0,18.6559448915,0.0309965497782,0.056591814863
3908,0.103140642835,0.185890718626,-0.485459306724,2.70934517666,0,11.836936183,0.01509214101,0.0596572716536
3909,0.0854220810839,0.187703473098,-0.522636425595,2.71824566595,0,7.4258493967,-0.000869400985347,0.0605589797877
3910,0.0880283003572,0.202563036044,-0.557755943652,2.71115922755,0,7.96799060477,0.00378549077808,0.0663261049119
3911,0.0927830412957,0.186939115148,-0.456187169191,2.70595735519,0,9.04466282317,0.00606082125681,0.0606012965874
3912,0.0619897232961,0.193550464325,-0.526370674671,2.71309225618,0,3.77709551844,-0.02089854742,0.0606682021945
3913,0.0880594303872,0.199798059992,-0.549388317243,2.7113542982,0,7.97466460233,0.00431323924487,0.0641011409617
3914,0.0725228330636,0.20097265223,-0.585081249172,2.72322265951,0,5.17464279404,-0.0108506592873,0.0551756021882
3915,0.0840190597141,0.188965282178,-0.531330328272,2.70050690412,0,7.14718985698,-0.000509679381297,0.0632054376832
3916,0.0758023184216,0.200520110454,-0.550018649566,2.7169329888,0,5.68479067131,-0.00769326902577,0.0629255382361
3917,0.0730411873809,0.191313485715,-0.548571356771,2.7057517189,0,5.25270742106,-0.0125166259184,0.0578966264662
3918,0.0989074604357,0.191941997984,-0.519505956514,2.7001155595,0,10.615696058,0.0123157794206,0.0546946370395
3919,0.10089159326,0.204384919918,-0.611637430641,2.71512910259,0,11.1735034686,0.016726508179,0.0607760040038
3920,0.0773787245755,0.187987612912,-0.484024189189,2.70549907654,0,5.94420579292,-0.00845639892204,0.0642143655486
3921,0.0890573525944,0.185249339632,-0.472465768132,2.71299452996,0,8.19115853253,0.00172756476735,0.0613649390062
3922,0.0972400214971,0.197989700937,-0.528727683348,2.71121065857,0,10.1660047804,0.0121671179005,0.0595289733093
3923,0.0860284262964,0.206116877775,-0.599037996406,2.71212737813,0,7.54909372408,0.00353108095378,0.0594973707934
3924,0.0559489287309,0.201539592456,-0.610113843641,2.71757549364,0,3.11858589256,-0.0268916741738,0.0589017982621
3925,0.0840956892167,0.200267402402,-0.547417962818,2.71332687917,0,7.16217797008,0.000184104014306,0.0676502303906
3926,0.0928318253397,0.19454844645,-0.553824422965,2.71327868806,0,9.05632871131,0.0077064208402,0.0632139512931
3927,0.0757281256485,0.192758114342,-0.560007850806,2.70554395014,0,5.6728139267,-0.00965155876627,0.0556604297991
3928,0.0838935395729,0.204964408714,-0.618321844371,2.72191956827,0,7.12269628924,-0.000748592135207,0.0653326493678
3929,0.0863355475686,0.192463446561,-0.561209267496,2.70999404525,0,7.6121779871,0.00162766409103,0.057779071953
3930,0.0908051514922,0.197004339882,-0.565103524293,2.72329204807,0,8.58248969227,0.0070016058268,0.0638459301331
3931,0.0691418424567,0.189853810364,-0.536309782491,2.70699246287,0,4.68798234655,-0.0155894331527,0.059663513988
3932,0.0551462317764,0.186523307204,-0.51499086096,2.70580876503,0,3.03794940353,-0.0297693980169,0.0622908372134
3933,0.0749441912536,0.200412930155,-0.582029024597,2.7157244365,0,5.54751968323,-0.00834723275146,0.0630646797811
3934,0.067756006094,0.203343454043,-0.584357935927,2.7125183812,0,4.49935270081,-0.0146405279145,0.0610973576857
3935,0.0669883064023,0.199903365429,-0.530443285231,2.70715152878,0,4.39746337314,-0.0170155433027,0.0577170931099
3936,0.0841078852972,0.193479996909,-0.542214928662,2.70484760587,0,7.16456586942,0.000202813756242,0.0539620788101
3937,0.0930383892871,0.203343656639,-0.602804300627,2.71492834002,0,9.10586955219,0.00901509089943,0.0578066097344
3938,0.0854434749074,0.195672805009,-0.550120509668,2.71219777695,0,7.43016863008,0.00145154522295,0.0620856925956
3939,0.0741171860231,0.193594343149,-0.57261748629,2.71031953574,0,5.4177945203,-0.0102863342087,0.0545801172764
3940,0.082362511158,0.192953039317,-0.633434692281,2.70903379216,0,6.82957763222,-0.00186013248297,0.0595619097929
3941,0.102366919719,0.194244025991,-0.496246734318,2.70776521179,0,11.6048714358,0.0152258267003,0.0621718307164
3942,0.0851579617154,0.203921938286,-0.552774324925,2.70958111934,0,7.37270089634,0.0024929679197,0.0652907401828
3943,0.0890217336246,0.196546425477,-0.556670656469,2.71492252573,0,8.183345502,0.00365776627329,0.0620072477891
3944,0.0710351181442,0.190887518187,-0.576609562875,2.71344572608,0,4.95576137123,-0.0135153752411,0.0571472185945
3945,0.0963779422822,0.194263819583,-0.593567409053,2.70462189888,0,9.94012363086,0.00954653111588,0.0556089661783
3946,0.0789930479909,0.182223717479,-0.46245765061,2.70208767633,0,6.21988049867,-0.0074403030662,0.061636339474
3947,0.0770352392811,0.192063709046,-0.579659173591,2.71182857883,0,5.88686962389,-0.00761737419516,0.0555601433582
3948,0.105958997482,0.1872272598,-0.485891285714,2.70397040623,0,12.7174869451,0.0183501181095,0.0629209937821
3949,0.0811782290929,0.200293955352,-0.627999722087,2.70578062984,0,6.60984823981,-0.00194339770682,0.067309426883
3950,0.0786132595653,0.204450539022,-0.639000081563,2.71475640835,0,6.15409357708,-0.00435574726593,0.0652410276798
3951,0.0657318368283,0.209259201982,-0.600913048347,2.71699167846,0,4.2346094061,-0.0169639551964,0.059279327155
3952,0.07117446318,0.192519903941,-0.523208193361,2.7198960006,0,4.97594167876,-0.0128245656836,0.0597586118545
3953,0.0335187666302,0.196635954153,-0.583217550976,2.70856028562,0,1.3566611451,-0.0506569241729,0.062250130212
3954,0.0624334453032,0.196745007112,-0.554614259059,2.71539189366,0,3.82926551334,-0.0219720176916,0.0596034346548
3955,0.107622322234,0.203174184652,-0.584864963492,2.71636726445,0,13.2641191914,0.0211259158253,0.0628771854199
3956,0.06512442473,0.191685131487,-0.545287249467,2.71685738826,0,4.15758562331,-0.0199777523267,0.0535792091938
3957,0.0778039338557,0.208151999249,-0.627012432516,2.7172060704,0,6.01581968391,-0.00619407256354,0.0599470865154
3958,0.113654147052,0.192166314513,-0.595823810798,2.70727325257,0,15.4275501766,0.0264608914715,0.0619080981497
3959,0.0915163567118,0.192515432508,-0.494786986799,2.71302411895,0,8.74627165092,0.00664527006612,0.0610196572087
3960,0.0971645208188,0.207907033059,-0.63537716433,2.71586613629,0,10.1460443585,0.0129205992002,0.0669071405512
3961,0.0935306667489,0.185036936304,-0.51746991834,2.70091349364,0,9.22488174102,0.00726153374171,0.0565505564229
3962,0.100733861069,0.191913884603,-0.480867131676,2.71573428639,0,11.1282335276,0.0139450141306,0.0603419765696
3963,0.0769458837378,0.204019330298,-0.56427613475,2.71156295902,0,5.87202875546,-0.00664330476797,0.0621982832508
3964,0.0626988165419,0.19626331157,-0.530610219567,2.69971463148,0,3.86072749259,-0.0208120355028,0.0671233966697
3965,0.0570241170689,0.202560915927,-0.547560300094,2.70905283427,0,3.22902520806,-0.0261192283085,0.0584962407619
3966,0.112359912395,0.191970497256,-0.503041735628,2.71142141567,0,14.9382951945,0.0254414543204,0.0633944156575
3967,0.100515757805,0.189224377971,-0.43236739136,2.71050938142,0,11.0659033654,0.0136768199206,0.0548811133945
3968,0.0781003200719,0.194013611604,-0.505226546704,2.70727912251,0,6.06615658872,-0.00567946580973,0.0587224792447
3969,0.0861965712691,0.196491679481,-0.485645644193,2.70695399777,0,7.58357630453,0.00301436216034,0.0609131600339
3970,0.106205717736,0.193647866447,-0.487970942379,2.71713773034,0,12.7972768834,0.0189843104351,0.0546192696808
3971,0.0802033928653,0.200744497213,-0.588829407796,2.71048853005,0,6.43343981911,-0.00265047028023,0.0615793042079
3972,0.0865967384187,0.188270432131,-0.589826288028,2.70429446114,0,7.66617988612,0.00154457197571,0.0624036617987
3973,0.0743023831454,0.190755260223,-0.537684801153,2.71656810791,0,5.44662825685,-0.0112293440298,0.062111606192
3974,0.0655551231094,0.192104607256,-0.625355572237,2.71638015634,0,4.21208761739,-0.018424548379,0.0644892844054
3975,0.110607541009,0.181232432413,-0.440263128912,2.71251322473,0,14.2981331684,0.0201712714714,0.0556261539582
3976,0.084224324359,0.191296502535,-0.540333781196,2.703402879,0,7.18739759396,0.000218671052604,0.06186529914
3977,0.105474012806,0.18990306498,-0.511537831022,2.70607461135,0,12.561933056,0.019513145231,0.0592685776191
3978,0.0938008838484,0.189890181056,-0.497744642153,2.71202119329,0,9.29078068829,0.00783691207244,0.0646240148263
3979,0.0849578763702,0.195612522032,-0.591662103962,2.71752547076,0,7.33265265784,-0.00077573256868,0.0564610730818
3980,0.0909916380804,0.194001032615,-0.519484916322,2.71481416294,0,8.62517745815,0.00568639897601,0.0581300502932
3981,0.0981672023718,0.192357454701,-0.568231959747,2.70685781847,0,10.4139473951,0.0118289676733,0.0580670972129
3982,0.0955817880632,0.179914673774,-0.498473136461,2.70145890435,0,9.73542354714,0.00808820548843,0.0588200616108
3983,0.0876268196212,0.195509803732,-0.512623282232,2.71927131295,0,7.88234326315,0.00223097208139,0.0566210078599
3984,0.0623688030924,0.193044527533,-0.555179749678,2.70446080305,0,3.82163134941,-0.0224141316194,0.058464658536
3985,0.0780068088555,0.19265342927,-0.519753791221,2.70697725472,0,6.05023768412,-0.00589649725368,0.0574694127142
3986,0.0765193773576,0.192739476446,-0.605080108691,2.71786281,0,5.80161390392,-0.00844263088014,0.0607033808054
3987,0.0977213496079,0.193102629341,-0.441845864332,2.70310567595,0,10.2940658059,0.0118911929638,0.0602965554232
3988,0.0787139316866,0.202026321964,-0.58798246413,2.71654511332,0,6.17147563089,-0.00464981491797,0.0626746901215
3989,0.089511913809,0.195122741328,-0.533596391841,2.70317921307,0,8.29142962563,0.00447509675134,0.0614363221943
3990,0.104148735064,0.192422127984,-0.530674988524,2.70277389416,0,12.1454652684,0.0174529666703,0.0604124277672
3991,0.0798690050407,0.194172139079,-0.586142639054,2.71127963158,0,6.37383913042,-0.00536683458067,0.0654103850665
3992,0.101541092225,0.200258266269,-0.582434289641,2.71331556151,0,11.361630834,0.0167643556923,0.0625720364885
3993,0.111795176386,0.192101578908,-0.59194082506,2.70636457509,0,14.7292287021,0.0238002913582,0.0580055416868
3994,0.093175783266,0.190172985018,-0.557364777939,2.707230303,0,9.13895101879,0.00695189871697,0.063586791564
3995,0.092899108887,0.198971206818,-0.56291145284,2.72089945014,0,9.072439823,0.0069479635201,0.0648794943537
3996,0.0878631287218,0.201599668731,-0.615522390637,2.71073092215,0,7.93265905477,0.00239273230062,0.0632219096076
3997,0.0696849532811,0.197105140735,-0.564584494896,2.71794567173,0,4.76359037079,-0.0157321375478,0.0620953547617
3998,0.0640981685082,0.204386217123,-0.588885885641,2.71886141637,0,4.02991937869,-0.0179341235731,0.0675227954007
3999,0.0780231901719,0.192038701846,-0.504275244707,2.71322207315,0,6.05302386794,-0.00540985412379,0.0657043500308
4000,0.0559355443249,0.200267571161,-0.574224332162,2.71194406982,0,3.11722873047,-0.0280884865575,0.0579565413092
4001,0.0652510204866,0.205610165081,-0.610490737002,2.71039794464,0,4.17354834209,-0.0178619621998,0.0608415530771
4002,0.0802960659283,0.196650067519,-0.507939023001,2.71139003707,0,6.45003950452,-0.00485762126227,0.0575514927453
4003,0.0968959146741,0.19745924056,-0.577938070517,2.71094487825,0,10.0753096409,0.0116402400037,0.0626960989538
4004,0.0741896999598,0.194773365336,-0.48774234001,2.70371278035,0,5.42906956818,-0.0101907251011,0.058676464394
4005,0.110378232441,0.191786186817,-0.557933860482,2.71785251402,0,14.2162162148,0.0227642781692,0.0622566362363
4006,0.0911723044603,0.190431646381,-0.500732646376,2.71699179038,0,8.66670728968,0.00547562211176,0.0609109211629
4007,0.090675332213,0.191772027915,-0.542267082495,2.70795606927,0,8.55288090592,0.00604909759259,0.0590992473755
4008,0.0859647374092,0.193430579083,-0.59274147241,2.70798798945,0,7.53606744386,0.000930321071538,0.0606719542284
4009,0.0895549506826,0.185685282067,-0.537292560041,2.70179848874,0,8.3009773957,0.0036439877976,0.0581972836856
4010,0.0885299438179,0.195289121347,-0.505548842663,2.71458572428,0,8.07612190135,0.00442181505014,0.0622735453101
4011,0.099268824266,0.201349648035,-0.571336807824,2.70185765813,0,10.7154227239,0.0136731774038,0.0580187532662
4012,0.0400158059777,0.196880379472,-0.54599303002,2.71566825532,0,1.77371450786,-0.0436595611286,0.0619471363601
4013,0.0743669528357,0.204766123789,-0.580828034226,2.70693400817,0,5.45671050406,-0.0082583489304,0.0595932044057
4014,0.0909557847535,0.188123676631,-0.43791810992,2.71037555079,0,8.61695626985,0.00505204103954,0.0599195010607
4015,0.111626773496,0.200278626427,-0.603782541249,2.70917611546,0,14.6673976993,0.0252385806087,0.0643008059318
4016,0.0788048910566,0.201145919029,-0.652803267405,2.71209148958,0,6.18721559532,-0.00453752016882,0.0606208557588
4017,0.0712764608627,0.198559306499,-0.556610899532,2.70514178837,0,4.9907549063,-0.0124692960437,0.057344133583
4018,0.0742069534726,0.202363751471,-0.591345777594,2.70384857207,0,5.43175508629,-0.00858082540753,0.0630821418821
4019,0.0829180784904,0.200455209424,-0.612387779121,2.71951294805,0,6.93474661107,-0.00169769195734,0.0552641064932
4020,0.0669909304803,0.197432233177,-0.522263049581,2.70880195306,0,4.39780852986,-0.0168051000275,0.057440362276
4021,0.0868690207963,0.184805228335,-0.530884263163,2.702686104,0,7.7228215568,0.000858452406335,0.0624449781159
4022,0.0796688924018,0.209242281596,-0.615819960995,2.71166353091,0,6.33839146916,-0.00305470854928,0.0603017637863
4023,0.0610950374147,0.209501489235,-0.618561156698,2.70929633196,0,3.67354710461,-0.0213987684306,0.05698087117
4024,0.0839267968408,0.190357795738,-0.484543683546,2.70738105267,0,7.12917909421,-0.00149683214279,0.0604929049259
4025,0.0826931755917,0.18539553301,-0.410869150032,2.70999930145,0,6.89200984729,-0.0032597782807,0.0586269194984
4026,0.104800374662,0.187191153051,-0.432185965602,2.70169964843,0,12.3486819763,0.0176367845558,0.057686712765
4027,0.082301515603,0.201513086094,-0.528211664076,2.71903113117,0,6.81811315966,-0.00183873645866,0.0607499520442
4028,0.0894671756806,0.193912699964,-0.48463323399,2.7055617037,0,8.28151442124,0.00548281018478,0.0625347031397
4029,0.0834713657227,0.202680806308,-0.561522388663,2.70787731065,0,7.04083322468,-0.000319604188391,0.0569137926933
4030,0.0978701797894,0.185501025323,-0.50792159327,2.70665255934,0,10.3339482412,0.0113415323174,0.0556950044668
4031,0.0749220402865,0.198108652193,-0.540396861576,2.70739687539,0,5.54401242348,-0.00847578741417,0.0578747594069
4032,0.081183839694,0.199437506095,-0.602839988466,2.71408225137,0,6.61087510276,-0.00490742143355,0.0605956265191
4033,0.0655230343066,0.199118275347,-0.579072573277,2.70460840638,0,4.20800797561,-0.0181790843105,0.0632044216333
4034,0.0794835762051,0.192368510683,-0.577252572164,2.70477022687,0,6.30571099721,-0.00447716144135,0.057580488759
4035,0.0683411595867,0.187663614028,-0.531925950965,2.70412266279,0,4.57825390217,-0.0172631516674,0.0599893091198
4036,0.0776117486845,0.200094062471,-0.596788510964,2.71191526631,0,5.98336428185,-0.00409572111629,0.0632687613668
4037,0.083769193269,0.188816603077,-0.479635940427,2.70566860679,0,7.09850160358,-0.00221369769339,0.0663888183569
4038,0.0644431505411,0.198272326866,-0.519443512102,2.71193540483,0,4.0724922654,-0.0193766619087,0.0607490982127
4039,0.0784260017372,0.197031518897,-0.50880964622,2.70939430779,0,6.12186932697,-0.00706479802726,0.0571525420532
4040,0.0532218236569,0.192845343236,-0.597744907692,2.71031696151,0,2.85076410153,-0.0303234911937,0.0646558547103
4041,0.0994536878838,0.193360969845,-0.495927175368,2.70362819785,0,10.76675789,0.0149213946981,0.0584599219369
4042,0.101768165843,0.190039403203,-0.514227300064,2.72053408681,0,11.4280598016,0.0134215389049,0.0601885977409
4043,0.0591039511201,0.191542463824,-0.585038359716,2.71198864562,0,3.45079337633,-0.0255200982551,0.0620458930365
4044,0.0997384803176,0.191289254069,-0.550696991494,2.71111545773,0,10.8462660033,0.0137906990714,0.0530145082347
4045,0.0838161909274,0.196028806723,-0.592592560516,2.70530274223,0,7.10763801713,-0.000700584832092,0.0581024383044
4046,0.0626004127457,0.198952860187,-0.569121029985,2.71518164011,0,3.84903797707,-0.020426759558,0.0612233530164
4047,0.0881810760033,0.193668321094,-0.606340630219,2.70607657027,0,8.00079014781,0.0029802649169,0.0597510426225
4048,0.112361817049,0.200675749876,-0.582426694231,2.70569764916,0,14.939004802,0.0261256940902,0.0597106584003
4049,0.0873881416573,0.196850518454,-0.604147977718,2.7022927391,0,7.83179976933,0.00216590314796,0.0580656188462
4050,0.0865522392431,0.194419905435,-0.594523849908,2.71429983922,0,7.65695661096,-1.41516596434e-05,0.0575328189281
4051,0.0774696427195,0.20132472635,-0.534052739661,2.70947872981,0,5.95945892997,-0.00653268771089,0.0611902803589
4052,0.0600491763226,0.196633495303,-0.577554098966,2.71087517258,0,3.55523729213,-0.0244721444779,0.0559332944988
4053,0.0982029505064,0.190813807863,-0.526472389021,2.70996011057,0,10.4236122143,0.0113082796396,0.0572861474425
4054,0.0832010342411,0.194785973511,-0.544250404132,2.71593953058,0,6.98883093228,-0.00199424683422,0.057062614956
4055,0.0774086938489,0.206698482076,-0.627100068962,2.71583321879,0,5.94923011695,-0.00523229199693,0.0588255542292
4056,0.0989082982555,0.203855576426,-0.649179701474,2.71563070253,0,10.6159263268,0.0151280611658,0.0617223666102
4057,0.072272763116,0.205494744171,-0.578358750362,2.71120961892,0,5.13731797578,-0.00939079773923,0.0648297802995
4058,0.0754374856053,0.198082676315,-0.499620130873,2.711029733,0,5.62609508712,-0.00845453521808,0.0571712168104
4059,0.0789446693289,0.190483364285,-0.535165825285,2.71165023752,0,6.21146813518,-0.00667349031835,0.0608412900984
4060,0.0889129608227,0.194843174113,-0.470497122682,2.70984534857,0,8.15952566705,0.00531808673074,0.0670550860893
4061,0.0671070592578,0.207247602131,-0.55765772337,2.70637571036,0,4.41310473872,-0.015801241658,0.0621527784636
4062,0.0880802725053,0.201370004169,-0.621421417646,2.71208104311,0,7.97913563324,0.00475928458926,0.0637351329229
4063,0.0646269406164,0.20545368098,-0.58174566412,2.70577856405,0,4.09531432623,-0.0176361660536,0.0639660329233
4064,0.0756525806316,0.189006995604,-0.527177609153,2.71040227328,0,5.66064009443,-0.010088113867,0.0622410688422
4065,0.0927106247485,0.195028264399,-0.541844687294,2.70095968009,0,9.0273696091,0.00617962311866,0.0607361424484
4066,0.0829420527234,0.191293594266,-0.507846202736,2.71569819997,0,6.93931537363,-0.00134640876102,0.0567898638555
4067,0.0735399104287,0.197433746421,-0.515955799092,2.7106223164,0,5.3287107604,-0.00976200457112,0.0587219519635
4068,0.065958702109,0.202191877085,-0.554684855358,2.7116366974,0,4.26366011294,-0.0181977468339,0.0622140844323
4069,0.0831833335889,0.196076023527,-0.56505684342,2.70747001869,0,6.98543725191,-0.0015646797852,0.0631919794227
4070,0.0737584349134,0.187230635276,-0.50962208943,2.70604665467,0,5.36229216527,-0.0119076982396,0.0654405874725
4071,0.0703730118023,0.192002391022,-0.536183863131,2.70637214675,0,4.86076543745,-0.0144867959952,0.0595091072256
4072,0.082427970802,0.188875137763,-0.496983672479,2.70454050864,0,6.84189913889,-0.00228804296432,0.0684029630518
4073,0.0998673880472,0.201345687749,-0.526421069558,2.69903847694,0,10.8824239474,0.015072861876,0.0598578787752
4074,0.115895100884,0.192639608014,-0.604567557676,2.70645307504,0,16.3090342111,0.027469603261,0.0600069389182
4075,0.110947338108,0.19037980735,-0.465486739719,2.72133552899,0,14.4203006488,0.0224317870307,0.0648486908099
4076,0.0956706618801,0.190501069923,-0.541540763028,2.70375503286,0,9.75809006921,0.009415146137,0.0576865098859
4077,0.0681159331261,0.195838038261,-0.478420903572,2.70759215292,0,4.54775671157,-0.0166105841975,0.0621462293542
4078,0.0674799197806,0.193687938267,-0.505452454681,2.70293896812,0,4.46249930397,-0.0158907119667,0.0631422474791
4079,0.0927092158468,0.206181240265,-0.608442462794,2.709890963,0,9.02703344465,0.00824358759508,0.0635762886088
4080,0.0951319453138,0.191069262702,-0.518735918047,2.71003632788,0,9.62139757149,0.00952579182381,0.0582416687776
4081,0.0729860536416,0.189060057192,-0.428873531486,2.7046326307,0,5.24435934385,-0.0126721191385,0.0594285034188
4082,0.0478466329882,0.198449278621,-0.553653333812,2.72283685089,0,2.37107615742,-0.0349866270901,0.0615282296397
4083,0.104080599245,0.199380126712,-0.578735648565,2.7065440382,0,12.1243894186,0.0193040364935,0.060652416038
4084,0.084983885948,0.18597824934,-0.468408239466,2.69910433369,0,7.33784819041,-0.00125974025095,0.0565094902089
4085,0.090711555213,0.19131309535,-0.587117088944,2.70358097453,0,8.56113367734,0.00525680351819,0.0642622154674
4086,0.10739470403,0.187214132003,-0.523932482717,2.71633955378,0,13.1880968566,0.0195500047229,0.0582498712292
4087,0.10053837664,0.18547460837,-0.463547897466,2.70345275089,0,11.0723530963,0.01357427238,0.0534342885191
4088,0.0663062479669,0.195678588706,-0.515183984368,2.70222261318,0,4.30846515262,-0.0180090541372,0.0583527588923
4089,0.113591300109,0.185098261938,-0.500359556193,2.71100587257,0,15.4034624125,0.0247184156653,0.0536521109194
4090,0.0793623106084,0.184344809737,-0.506114077417,2.69853642145,0,6.28440163178,-0.00620825964259,0.0537935360528
4091,0.094461146609,0.18549082062,-0.517651949241,2.71427437966,0,9.45352419957,0.00722081492849,0.0591829243036
4092,0.0656041812786,0.192392298099,-0.528166767769,2.70552901716,0,4.21833061699,-0.0193855782888,0.0682056660841
4093,0.0735384775203,0.201069719449,-0.562956594715,2.71207225958,0,5.32849112394,-0.00887309273072,0.0633831085912
4094,0.0830561765176,0.191343543452,-0.488834236405,2.7071304402,0,6.96109861374,-0.00210944589256,0.0604952040669
4095,0.0798560866605,0.192157904882,-0.483732147103,2.71099104482,0,6.37154582493,-0.00420259088705,0.0611969417112
