path_id,cagr,annualized_volatility,max_drawdown,annualized_half_gross_turnover_ex_initial,annualized_fee_fraction_including_initial,total_return,annualized_arithmetic_active_vs_ew9,tracking_error_vs_ew9
0,0.0756415163524,0.19232191296,-0.584840326232,2.71166189975,0.00546174489194,5.65885891595,-0.0085850412897,0.0604412610346
1,0.0652812419074,0.195202620521,-0.573802688111,2.70203630595,0.00544249370433,4.17736604099,-0.0162210349951,0.0679708407421
2,0.0814564878772,0.185601517313,-0.508500715941,2.71785543123,0.00547413195489,6.660936565,-0.00407081934063,0.0575958075696
3,0.0916333077533,0.200663202495,-0.628391274976,2.70907110586,0.00545656330416,8.77346047162,0.0077197926255,0.0618522598364
4,0.0664309524653,0.185756956496,-0.557284556327,2.70539124702,0.00544920358648,4.32463107165,-0.0190825162394,0.0615568102556
5,0.0809060292637,0.198547055979,-0.535768258705,2.70817468833,0.0054547704691,6.56018940141,-0.00341190351949,0.0570297346683
6,0.0757380176173,0.185710209651,-0.538329439495,2.70422050447,0.00544686210138,5.67440956836,-0.00997877079182,0.0620520924977
7,0.0912437025398,0.193991260681,-0.602788776439,2.70948963374,0.00545740035992,8.68316704024,0.00556960263387,0.059852097713
8,0.0930880270557,0.198302611866,-0.585192374241,2.71836873267,0.00547515855778,9.11780924905,0.00715918935723,0.061860173507
9,0.0918716229,0.194041131549,-0.500621156881,2.70570309377,0.00544982727998,8.82908996413,0.00713908926306,0.0658296949478
10,0.0726187652707,0.203944182818,-0.597107568868,2.71119232298,0.0054608057384,5.1890192426,-0.0104755928052,0.0623608681518
11,0.092459046051,0.199265416433,-0.602277790404,2.70756778436,0.00545355666116,8.96751432373,0.00838171493184,0.059522052192
12,0.104686104243,0.193108322575,-0.505350122374,2.70936728486,0.00545715566216,12.3128291675,0.0180742389711,0.0671059879651
13,0.0840063019686,0.205892693776,-0.533368400338,2.70600798427,0.00545043706097,7.14469711588,0.00113614607752,0.062589961708
14,0.0940875434663,0.19336914975,-0.454788062108,2.70398140327,0.00544638389898,9.36113589518,0.00940425970662,0.058381096336
15,0.109950796121,0.197722459204,-0.523934968496,2.70767697506,0.00545377504256,14.0646456362,0.0232772722368,0.0584007174297
16,0.0968892103774,0.202753712328,-0.608145628153,2.71742627977,0.00547327365198,10.073549665,0.011830109225,0.0683964275645
17,0.0824663162344,0.202409102478,-0.595099297204,2.70621455431,0.00545085020107,6.84912557945,-7.71409749111e-05,0.0623575737681
18,0.094201849994,0.181561113138,-0.524015141338,2.70358543976,0.00544559197196,9.38931906563,0.00643428313334,0.052885028253
19,0.0611414653225,0.207896730357,-0.628327148518,2.71300893992,0.00546443897227,3.67886702617,-0.0209996673147,0.0612162721978
20,0.0777621517843,0.200572252061,-0.596095238525,2.70696592357,0.00545235293957,6.00875139343,-0.0045872235913,0.0610836162662
21,0.0631738045807,0.204208110143,-0.608262997369,2.71523460114,0.00546889029472,3.91753404311,-0.018580216647,0.0633590820647
22,0.080372538842,0.191901279959,-0.503030979937,2.71199204949,0.00546240519143,6.46376424026,-0.0046295469964,0.0565929686833
23,0.0808113808128,0.197978942109,-0.509936683501,2.71050896797,0.00545943902837,6.54299531322,-0.00202436216575,0.062724113573
24,0.0775346572755,0.18441001402,-0.520789114774,2.69813763869,0.00543469636982,5.97038602871,-0.00711458196302,0.0541019563287
25,0.0882643815567,0.205189699413,-0.595385293317,2.70201001671,0.00544244112586,8.01872365805,0.00467246625792,0.0629768214046
26,0.0898901637684,0.193237875443,-0.47488653778,2.7013579685,0.00544113702944,8.37566831579,0.00459187245114,0.0661222341654
27,0.0608746909686,0.198932468949,-0.522441713114,2.70323231477,0.00544488572197,3.64837800755,-0.0215994457822,0.064857622269
28,0.0805616500416,0.193935724665,-0.517266717279,2.71061304439,0.00545964718122,6.49780885567,-0.0023663401171,0.0591383941507
29,0.0484034601765,0.190096435574,-0.489600279055,2.70020332189,0.00543882773622,2.41796560713,-0.0361317278326,0.0642958162947
30,0.0824928092146,0.197174970597,-0.518766314671,2.69626021852,0.00543094152947,6.8541220898,-0.002074147118,0.0593093594774
31,0.0575687347146,0.198191592235,-0.525850114453,2.70287183313,0.0054441647587,3.28604728468,-0.0265181814375,0.0595943434953
32,0.0805694994189,0.196951072735,-0.604703388732,2.70311988432,0.00544466086108,6.49922515702,-0.0031603677857,0.0660467466029
33,0.0836760664597,0.186325246458,-0.521024380362,2.71380223125,0.00546602555494,7.08042685049,-0.00168284051769,0.063594571066
34,0.0579332294146,0.192907327061,-0.535781369586,2.711638179,0.00546169745043,3.3246224708,-0.0249122392352,0.0602745141193
35,0.0610342796663,0.190414265016,-0.553988322057,2.71030935127,0.00545903979498,3.66659398987,-0.0224023965447,0.0685438346285
36,0.0883059248474,0.195838921028,-0.577031155799,2.70173706132,0.00544189521507,8.02767967758,0.00404487484271,0.0554653369616
37,0.0671084587104,0.205779759824,-0.572079611935,2.70898884903,0.0054563987905,4.41328932523,-0.0150294874095,0.0582529859996
38,0.0851476417625,0.198372574426,-0.623116663171,2.71419861652,0.00546681832547,7.37063077922,0.00113995300972,0.0527218177722
39,0.086137490823,0.194660796798,-0.552543029263,2.71468778649,0.00546779666542,7.5714450823,0.000937569452452,0.0627947028257
40,0.0725362230549,0.19986487113,-0.515930825243,2.69498114185,0.00542838337613,5.17664749491,-0.00957986606365,0.0633758751506
41,0.0818343311769,0.199710677809,-0.560470524145,2.7094767551,0.00545737460264,6.73083681203,-0.00201701864473,0.0582436205758
42,0.099720440541,0.20154001826,-0.580834627768,2.70745241694,0.00545332592633,10.8412143868,0.0139482728137,0.0561579193451
43,0.102203799657,0.183081195642,-0.407716398991,2.71059539998,0.0054596118924,11.55646393,0.013613559502,0.0604412497059
44,0.0755617649519,0.203424524683,-0.547879805061,2.71868225986,0.00547578561216,5.64603371082,-0.00639274588208,0.0630424218205
45,0.0693445847096,0.209381516263,-0.651425006619,2.71211895795,0.00546265900833,4.71609444326,-0.0120753122392,0.0634428983097
46,0.0780917416506,0.204169520483,-0.527396656098,2.71202999961,0.00546248109165,6.06469480047,-0.00392372648044,0.0634671610225
47,0.0767772547061,0.206070499359,-0.60818349877,2.69785131943,0.0054341237313,5.84410525846,-0.00456184812981,0.0641380194663
48,0.0711909333057,0.194195313412,-0.517853091014,2.70239554423,0.0054432121809,4.97833126519,-0.0127563586869,0.0590134919256
49,0.0951070517296,0.20059246364,-0.593922756134,2.71747239075,0.00547336587395,9.6151216795,0.0102267350477,0.0640331180337
50,0.0876620127888,0.191808330517,-0.483947819099,2.70496503731,0.00544835116705,7.88981941124,0.00225240953022,0.0576437148997
51,0.0738047685338,0.197885985934,-0.634753936965,2.70543064812,0.00544928238867,5.36943439398,-0.0104144217826,0.0594720013573
52,0.0722594918685,0.190611070488,-0.552095875371,2.70522977053,0.00544888063349,5.1353432167,-0.0117076172987,0.056895410488
53,0.107255954109,0.192375235985,-0.553080305826,2.70607975336,0.00545058059916,13.141946975,0.0207125386005,0.0601770547007
54,0.0583250031216,0.204430565478,-0.534969477355,2.71248772973,0.0054633965519,3.36645683785,-0.0241145497135,0.057872531955
55,0.0456359305114,0.200521274685,-0.617275789538,2.71164335571,0.00546170780385,2.19094621424,-0.0359742222436,0.0576240154577
56,0.0707668862126,0.191523731024,-0.492771641023,2.70610843759,0.00545063796761,4.91709964679,-0.0147563717514,0.0609069807935
57,0.0737916502048,0.187492505966,-0.556804281223,2.7084542314,0.00545532955524,5.36741144956,-0.0112645705552,0.0558915872168
58,0.0955224462562,0.196503498532,-0.507358885364,2.71448070618,0.0054673825048,9.72031449124,0.010362661921,0.0626215594858
59,0.0850624283891,0.186258061731,-0.496646153939,2.70898174883,0.0054563845901,7.35355631581,2.6496497705e-05,0.0573836700559
60,0.099384359668,0.19992784371,-0.490612942895,2.70866168915,0.00545574447074,10.7474806961,0.0137847884788,0.0622936200913
61,0.0739789765325,0.19060259131,-0.515939382357,2.71959215385,0.00547760540013,5.39635723348,-0.00947114586762,0.055454050857
62,0.0675509547369,0.198950094173,-0.545526615791,2.71311868011,0.00546465845267,4.47195865458,-0.0164042974252,0.0599152980577
63,0.0665902919002,0.183887339165,-0.46513935196,2.69657116822,0.00543156342888,4.34535574252,-0.018638334758,0.0607826871772
64,0.0992468705285,0.2028673135,-0.619170315443,2.72074494055,0.00547991097354,10.7093406693,0.013842572948,0.0679556125407
65,0.0569872205875,0.197821911022,-0.617190590828,2.70041287163,0.00543924683571,3.22518860339,-0.0259551691147,0.0596473013749
66,0.0690258014476,0.196747703938,-0.489544861545,2.70207262907,0.00544256635057,4.67195205237,-0.0137608843242,0.0594295879174
67,0.0986084416163,0.188915278616,-0.477890371818,2.70682477859,0.00545207064963,10.5337925879,0.0118693248213,0.0561826503534
68,0.0809821688313,0.196343234401,-0.488051218829,2.70603064962,0.00545048239169,6.57404846295,-0.00258214572061,0.0625235684303
69,0.0884014640337,0.185048450433,-0.418514906531,2.70894747046,0.00545631603336,8.04830874362,0.00193342826563,0.0637901880951
70,0.0807950675974,0.190465263096,-0.478423612652,2.70233698734,0.00544309506711,6.54003561268,-0.0047830410294,0.0551794012193
71,0.0871950609161,0.196177750736,-0.531948721132,2.71420529436,0.00546683168115,7.7911146024,0.00233653234774,0.0640359532093
72,0.0838639164346,0.201482595628,-0.551518613314,2.72109908706,0.00548061926656,7.11692606754,0.000710557032989,0.0604300796572
73,0.0618851760708,0.195150428747,-0.491165305098,2.69641956615,0.00543126022474,3.7648826417,-0.0208967484575,0.0624621212189
74,0.0785696133481,0.199328852048,-0.561677774736,2.69929425359,0.00543700959962,6.14657021409,-0.00547879151321,0.0562493955617
75,0.083691508489,0.193377410604,-0.543347849859,2.70925190474,0.00545692490192,7.08342127088,-0.00177610071662,0.0590476927367
76,0.0462980009809,0.194352066528,-0.50932362374,2.6980675559,0.00543455620423,2.24389801281,-0.0376153719792,0.0568651600072
77,0.0853271856117,0.186955387448,-0.474974059919,2.69999258816,0.00543840626876,7.40671643613,-0.000271103236505,0.0589495766174
78,0.0851905780856,0.184995218926,-0.553626048074,2.70870687518,0.0054558348428,7.37924677037,-0.00119712542448,0.0607872536606
79,0.0648905813824,0.200883934797,-0.652160590396,2.70673126072,0.00545188361388,4.12822428239,-0.0179717607154,0.0597031294441
80,0.0753685620203,0.18759024247,-0.499271794953,2.70068993877,0.00543980096997,5.61506221288,-0.00999642120677,0.0630333783541
81,0.0683272522716,0.195780256092,-0.494920256239,2.70196339168,0.0054423478758,4.57636609707,-0.0144370015573,0.0607040387478
82,0.0570513533193,0.20194258731,-0.560389646083,2.72078434339,0.00547998977921,3.23185946229,-0.0241402457806,0.0687315730776
83,0.0833546891109,0.207075666892,-0.556903990138,2.70110175499,0.00544062460241,7.01834893798,0.000192140674456,0.0624451862991
84,0.0899063207093,0.205062365609,-0.629457647877,2.70425399311,0.00544692907866,8.37928287494,0.00670314562644,0.0603718097211
85,0.0834312340115,0.194196769829,-0.563974417747,2.71645522562,0.00547133154368,7.03309277072,-0.000841955975609,0.0678290047158
86,0.10593242725,0.189812768884,-0.525965805617,2.70884487197,0.00545611083637,12.7089205784,0.0191977335185,0.0628000600665
87,0.0916447886453,0.186035255573,-0.530935653625,2.70555831759,0.00544953772762,8.77613348125,0.00417579638792,0.0645868737266
88,0.0765989116101,0.196567513135,-0.561551397643,2.70980615206,0.00545803339655,5.81469191469,-0.0080246963112,0.0556715524903
89,0.0870079015893,0.203134402688,-0.602033003486,2.7131442422,0.00546470957683,7.75184921847,0.00363515254999,0.065374407518
90,0.0801445222631,0.198225184038,-0.601476232987,2.71200646285,0.00546243401815,6.42291333993,-0.00171729459701,0.0641245996181
91,0.0927354515406,0.195945639683,-0.557997010149,2.70755873289,0.00545353855823,9.03329506856,0.00953480261152,0.0632367949399
92,0.0975351671544,0.186379455963,-0.47347318038,2.70576146422,0.00544994402087,10.2443639461,0.0110861016282,0.0547928598219
93,0.0663744765624,0.197882035298,-0.519067884771,2.71479899344,0.00546801907931,4.31730402938,-0.0165630530782,0.0650513828462
94,0.0964952521004,0.202166884511,-0.614997717079,2.71066238213,0.00545974585669,9.97060072189,0.0112608620318,0.0622115472919
95,0.0643582521241,0.207590092327,-0.58470004992,2.70306444694,0.00544454998632,4.061983256,-0.0166486554448,0.0614257463371
96,0.0845023044644,0.19040380298,-0.5441594228,2.70874669172,0.00545591447588,7.24215327721,-0.00155862609823,0.0614129183716
97,0.0624532811619,0.196701756328,-0.555582787951,2.71752326017,0.00547346761279,3.83161043281,-0.022009807728,0.0613037774321
98,0.0744537023532,0.208193377401,-0.611254955105,2.72138227453,0.00548118564149,5.47027989575,-0.00864872025135,0.0560213312348
99,0.0876315216737,0.199262887919,-0.610990977555,2.70745518741,0.00545333146725,7.88334177864,0.00317010273811,0.0629871713547
100,0.0915938810874,0.187800528951,-0.503248985354,2.70489017824,0.00544820144891,8.76428640727,0.00576184759632,0.0555279808297
101,0.0734853796946,0.199465964848,-0.540892222461,2.71167065349,0.00546176239942,5.32035744521,-0.00952637946859,0.0610307634532
102,0.0721484776719,0.195622948564,-0.534059035317,2.7053490788,0.00544911925004,5.11884823946,-0.0110593733095,0.0604724301285
103,0.0921248330222,0.194093541282,-0.439956356864,2.71078383359,0.00545998875963,8.88852992619,0.00705137518663,0.0582699607944
104,0.0892647879247,0.203743244044,-0.595192792556,2.7047636257,0.00544794834384,8.2367866826,0.00582708598591,0.0645581383662
105,0.0390683188862,0.19846560994,-0.582358390154,2.71867965412,0.00547578040067,1.70875342473,-0.043785893912,0.0634241480773
106,0.0805461026886,0.18188567252,-0.488964842049,2.69459221478,0.00542760552201,6.49500433028,-0.00591271993838,0.0606270653463
107,0.0773147045996,0.188989900685,-0.472404293905,2.70787116016,0.00545416341276,5.93348459434,-0.00737869767292,0.0602945091619
108,0.0977202522134,0.196292451051,-0.567883942704,2.71776561728,0.005473952327,10.2937722359,0.0116714606603,0.059281615231
109,0.0744854420984,0.193670052405,-0.585360133502,2.7107050943,0.00545983128105,5.47525148675,-0.0103198495178,0.0592645620743
110,0.0647205358177,0.20560786598,-0.592593797737,2.70585275243,0.00545012659731,4.10697438338,-0.0170823167131,0.0624251017999
111,0.0799505417696,0.200885130132,-0.569894126446,2.71302747373,0.00546447603989,6.38832958653,-0.00225141119147,0.061597423226
112,0.0579646429865,0.199647892163,-0.556431681596,2.71675700785,0.00547193510813,3.32796261094,-0.025273536022,0.0635712323941
113,0.0682473686949,0.209163123527,-0.613418927546,2.71063337438,0.0054596878412,4.56553444278,-0.0140248437773,0.0625168594071
114,0.066693559524,0.204005042928,-0.60075203038,2.71712730326,0.00547267569895,4.35882876731,-0.0155492894468,0.0590472454479
115,0.0646418579048,0.202796388722,-0.583513616667,2.69785120547,0.00543412350338,4.09717100041,-0.0171794143857,0.0621471218977
116,0.0899716289557,0.206526359289,-0.613073597229,2.7076512221,0.00545372353663,8.39390700507,0.00788341590129,0.0636406753407
117,0.0749116659573,0.178940552466,-0.511515938648,2.70582011562,0.00545006132367,5.54237043166,-0.012118689733,0.0628797047422
118,0.068558115779,0.190729633158,-0.537167497445,2.70354276946,0.00544550663135,4.60778363221,-0.0169445566026,0.0551354125212
119,0.0548810554774,0.201032323322,-0.621243481041,2.71798122855,0.00547438354955,3.01164579429,-0.0274994524968,0.0587525885899
120,0.0985281014355,0.186895037966,-0.50160589548,2.69962815948,0.00543767741141,10.5118816354,0.012095644513,0.0610109016649
121,0.0800325814599,0.205704110201,-0.616628487795,2.71067002335,0.00545976113914,6.40293705957,-0.00306364711359,0.0626858090587
122,0.0780558191624,0.192652482225,-0.49466156001,2.71203246008,0.0054624860126,6.05857666027,-0.00569148762306,0.0620520561293
123,0.105667692129,0.197114946224,-0.518991660339,2.70874955232,0.00545592019708,12.623849211,0.0203989788903,0.0607357676871
124,0.0887193697334,0.195349499157,-0.528930582688,2.69751644396,0.00543345398037,8.11727860525,0.00468430622437,0.0624342187091
125,0.0557105209837,0.195697646804,-0.573713145558,2.71099854159,0.00546041817563,3.09447592959,-0.0280318438178,0.0612819236965
126,0.0909078955504,0.191554072534,-0.548423421807,2.70351155033,0.00544544419309,8.60598577998,0.00517728846776,0.0588769551637
127,0.0595277686322,0.193620337342,-0.522757996689,2.70426349579,0.00544694808402,3.49733569013,-0.0228931810734,0.0643938777913
128,0.0736283328037,0.194052336016,-0.497130940205,2.70683274397,0.00545208658038,5.34227834898,-0.0102519479146,0.0625826831959
129,0.0914710124416,0.189304242561,-0.500070475199,2.70682126239,0.00545206361722,8.73574957631,0.00477909014234,0.0607422279962
130,0.0710167171157,0.199842946444,-0.623473162589,2.71086975323,0.00546016059889,4.95310138971,-0.0127519546491,0.0637824047669
131,0.0691755885349,0.201325961293,-0.575040567702,2.71432236506,0.00546706582256,4.69265231347,-0.0136823293735,0.0607905621587
132,0.0765471331132,0.200657894829,-0.537905125328,2.70544716263,0.00544931541771,5.80617510661,-0.00634901566289,0.0594890368223
133,0.0920364315787,0.20374656579,-0.604063772711,2.70917666077,0.00545677441397,8.86773891384,0.00937902776629,0.0610685679311
134,0.0718908999862,0.20301616484,-0.652753807771,2.71459980499,0.00546762070243,5.08074030009,-0.0116844615574,0.063940484921
135,0.0764745383729,0.193626908687,-0.500585508971,2.69693285982,0.00543228681207,5.79425156176,-0.0075128173251,0.060501965906
136,0.0708812224789,0.205321439357,-0.651570614277,2.70782741885,0.00545407593014,4.9335499529,-0.0109788204252,0.0609403333477
137,0.0684796609558,0.191526589184,-0.517879363129,2.69972343742,0.00543786796727,4.59708790268,-0.0140041646481,0.0579581691228
138,0.0631752380572,0.192295960878,-0.52002593981,2.71398486205,0.00546639081653,3.91770644309,-0.0212642251494,0.0590178182492
139,0.0673600382226,0.191523671027,-0.500532495965,2.70858939973,0.00545559989189,4.44657095729,-0.0178085804292,0.0587496664138
140,0.0716662986521,0.200284558394,-0.589793014602,2.70605344084,0.00545052797412,5.0476974683,-0.0119016398581,0.0574891255611
141,0.0507559414276,0.198971286158,-0.531480618652,2.70718501283,0.0054527911181,2.62307770149,-0.0323921017207,0.0542129484593
142,0.0777051937661,0.204315595385,-0.609395247902,2.70901431233,0.00545644971711,5.99912681037,-0.00485498621743,0.0601373997478
143,0.10507845507,0.191387610565,-0.509389632248,2.69952183757,0.00543746476758,12.43631913,0.0193099892842,0.0549470826674
144,0.0886316452294,0.196172193894,-0.454861588752,2.7109896752,0.00546040044284,8.09819637956,0.00397085813493,0.0626547439665
145,0.0489570565651,0.189749851226,-0.532808588357,2.70678314062,0.00545198737367,2.46520432009,-0.034359708266,0.0586703750745
146,0.0664460635387,0.189548853712,-0.50073870721,2.70195887648,0.00544233884541,4.32659319016,-0.0174379440638,0.0572771519479
147,0.0916213641396,0.189787247275,-0.466155478226,2.70458733412,0.00544759576068,8.77068047576,0.00608575999916,0.057731921307
148,0.0775694853734,0.193061446326,-0.586132962892,2.72023591827,0.00547889292898,5.97624642573,-0.00749566784707,0.059205816268
149,0.0771000706263,0.189480859615,-0.51830206155,2.71125534922,0.00546093179088,5.8976566076,-0.00788819638101,0.0641307716694
150,0.0824002021486,0.185172371655,-0.454541517979,2.70880967604,0.00545604044452,6.83666995384,-0.00404456157697,0.0615981662451
151,0.0789930150444,0.191125041759,-0.587566631512,2.6956402955,0.00542970168344,6.21987476653,-0.00484310817994,0.0577428260796
152,0.0927562064237,0.182892511264,-0.472343952818,2.70309488352,0.00544461085948,9.03825126116,0.00630686784829,0.0626658067243
153,0.0736321363303,0.198678357096,-0.59127666483,2.71069001603,0.00545980112449,5.34286259161,-0.0103789166262,0.064172376293
154,0.0861188489414,0.188049205888,-0.442384059217,2.70255397421,0.00544352904085,7.56762069363,0.00146469648912,0.0592998013896
155,0.0682231284289,0.205971495862,-0.604662815538,2.71666035567,0.00547174180378,4.56225163504,-0.0131117028775,0.063835006342
156,0.0854002200522,0.194370223484,-0.557774021964,2.71020342876,0.00545882794995,7.421438036,0.000664839856194,0.0575579937787
157,0.0763189083017,0.196768697885,-0.516366667885,2.69073155684,0.00541988420611,5.76875727297,-0.00646950381309,0.0633612558616
158,0.0821762080247,0.189468724774,-0.532160949081,2.71305330511,0.00546452770265,6.79461148541,-0.00323386108307,0.0611470234706
159,0.0648529647128,0.196791909802,-0.627822622088,2.7079520539,0.00545432520024,4.12351617005,-0.0177237076514,0.0613870081897
160,0.0870995947898,0.200214753808,-0.560029893343,2.70914268692,0.00545670646627,7.7710650195,0.00405761600732,0.0661817153004
161,0.0783882084441,0.191496278886,-0.509363193625,2.70662229835,0.00545166568914,6.1153826189,-0.0054077848198,0.0578932832658
162,0.0822444711326,0.201303795106,-0.572574405393,2.71415682262,0.00546673473768,6.80740592465,-0.0035806518227,0.0614246440864
163,0.0629227914784,0.200183092601,-0.620548420305,2.70607915611,0.00545057940467,3.88743487646,-0.0200004206378,0.0566630912487
164,0.0986980617042,0.191965238084,-0.502261161063,2.69549171251,0.00542940451746,10.5582817385,0.013021105969,0.0556089793301
165,0.0769611077854,0.198265659431,-0.474966283949,2.70276638739,0.00544395386721,5.87455510932,-0.0055918801107,0.0600404545644
166,0.102547136695,0.18883040439,-0.547994888175,2.7044700047,0.00544736110185,11.6585612564,0.0154498292859,0.0642997709898
167,0.0649118706337,0.19262767949,-0.479564888792,2.70274632671,0.00544391374585,4.13089069385,-0.0192254752372,0.0594273077757
168,0.0972651624186,0.190705414924,-0.476197704022,2.70364239026,0.00544570587297,10.1726590129,0.0116167897798,0.0522781434199
169,0.0665063656624,0.191631396538,-0.51828905812,2.70242882542,0.00544327874329,4.33443012917,-0.0175885924575,0.0587847932378
170,0.0774330869607,0.193054233154,-0.539358588856,2.71095561918,0.00546033233079,5.95332218227,-0.00706235902675,0.0576007668802
171,0.0771981581439,0.199574830766,-0.570512172919,2.70808413697,0.00545458936638,5.91400781954,-0.00502461758814,0.0620241876663
172,0.0842192389193,0.192716103034,-0.55698184641,2.70875805929,0.00545593721101,7.1863991447,-0.00132645107809,0.064465582566
173,0.0565369255402,0.190104457156,-0.532245462302,2.70517664246,0.00544877437736,3.17863442866,-0.029222520899,0.0640114938243
174,0.0605093444486,0.199887975746,-0.53129835357,2.71999618025,0.00547841345294,3.6069332102,-0.0220452099838,0.0604842473851
175,0.0785638776691,0.200870184858,-0.583447004823,2.72055813454,0.00547953736151,6.14558211235,-0.00668006276295,0.0548022165726
176,0.0806236731527,0.194334866969,-0.527787988191,2.70711002401,0.00545264114046,6.50900700419,-0.00368045867942,0.0576260068947
177,0.0704794516842,0.196269099419,-0.600588548337,2.71490996947,0.00546824103138,4.87593802838,-0.0133965893799,0.0581442484743
178,0.0812088090332,0.197014353545,-0.53649756432,2.71229500779,0.00546301110801,6.61544665509,-0.00228783259434,0.0592388271825
179,0.0922684131833,0.191866378504,-0.560720698161,2.70636466609,0.00545115042462,8.92238813696,0.00791332859086,0.0563090674929
180,0.0575759691891,0.196397152319,-0.539009714749,2.71117658471,0.00546077426185,3.28680969487,-0.0270503810461,0.0570713216418
181,0.0645763400368,0.194123976007,-0.502000926502,2.70501039106,0.00544844187456,4.08902118872,-0.0185980212813,0.0649657677491
182,0.0945065908943,0.193513117716,-0.596687752689,2.70467604791,0.00544777318825,9.46481600301,0.0105336691802,0.0565908022812
183,0.0880569911733,0.193954594314,-0.578905378621,2.71581470523,0.00547005050289,7.97414148448,0.00252256068865,0.0575204625594
184,0.0844240155969,0.193593764237,-0.513321788922,2.70763912261,0.00545369933766,7.22669665578,0.000647883724041,0.0530777183956
185,0.0893280094315,0.198191916332,-0.537777052564,2.71107418125,0.00546056945494,8.25073634309,0.00593382300498,0.0609192892115
186,0.0897016287292,0.190512987652,-0.477781430974,2.71567917858,0.00546977944959,8.33358897368,0.00467347267513,0.058766464821
187,0.0785064980662,0.192714526232,-0.559473178265,2.71882201788,0.0054760651282,6.13570439261,-0.00730856667238,0.061922112815
188,0.0704264007674,0.193596194865,-0.522322998845,2.70393893944,0.00544629897133,4.8683711117,-0.0127875261638,0.0635165947468
189,0.0892336726443,0.188561366042,-0.562255777654,2.69979514468,0.0054380113818,8.22992860636,0.00354537449005,0.0622269482196
190,0.0884483984662,0.194267666023,-0.501945960092,2.71343113114,0.00546528335472,8.05845954209,0.00336380953037,0.0646461833941
191,0.0952871152821,0.185356705511,-0.402721897488,2.70145743319,0.00544133595881,9.66059779369,0.009509956263,0.0675316006129
192,0.0671708873105,0.184641237564,-0.495107323787,2.69763940736,0.00543369990715,4.42152976006,-0.0175280484616,0.056795814054
193,0.0738879189286,0.188575886478,-0.523899718736,2.70037071756,0.00543916252756,5.38227118647,-0.0108520543752,0.055104654166
194,0.0694248933117,0.197248630804,-0.638006199357,2.70767325669,0.00545376760581,4.72726687666,-0.013456249013,0.0591926375039
195,0.0663860002121,0.189953981419,-0.520245933786,2.70219118068,0.0054428034538,4.31879829114,-0.0176992352203,0.0660583407825
196,0.0663669084988,0.197649834967,-0.537921277129,2.71779955134,0.00547402019512,4.31632290468,-0.0165127451791,0.0580698576923
197,0.0932067048668,0.18355675652,-0.455392267483,2.70660486054,0.00545163081352,9.14641060567,0.00583316126821,0.061458628574
198,0.0878821828958,0.199579958956,-0.550783492074,2.71069073585,0.00545980256414,7.93672805704,0.00469700639765,0.0667404739304
199,0.0574288981167,0.198314957481,-0.577453748373,2.72247371299,0.00548336851842,3.27133609689,-0.0250989517416,0.0668263168524
200,0.103370307321,0.198649432746,-0.600857653459,2.71090980811,0.00546024070867,11.9066070526,0.0171694889544,0.0611770118728
201,0.0671575354644,0.191402722085,-0.605574994406,2.70886861616,0.00545615832476,4.41976633305,-0.0172204898816,0.0616821451246
202,0.086150046614,0.195333144775,-0.471218249546,2.71256097662,0.00546354304567,7.57402183236,0.00132341169319,0.0601083299699
203,0.083279971462,0.193089954551,-0.574584485778,2.70943737399,0.00545729584041,7.00398216231,-0.00192869850669,0.059965400507
204,0.078765411642,0.192248421265,-0.55522476626,2.70543409572,0.00544928928387,6.1803798477,-0.00663228048271,0.0596454708209
205,0.0774585776227,0.195239219458,-0.632775315311,2.7127010422,0.00546382317683,5.95760084268,-0.00548850227882,0.0569834415134
206,0.0611893341158,0.201342635414,-0.555862539083,2.70502818461,0.00544847746165,3.68435814743,-0.021325513334,0.05872416386
207,0.0676631609411,0.183400721179,-0.549353601224,2.71358758026,0.00546559625296,4.48693266056,-0.0170007120923,0.0627401416188
208,0.0764249989198,0.19004716694,-0.511791986979,2.70886012456,0.00545614134155,5.78612633555,-0.00715774799748,0.0614688379496
209,0.0711593423372,0.194611209381,-0.559693280323,2.70442547593,0.00544727204429,4.97374866318,-0.0136952277802,0.0568529043856
210,0.0874253839694,0.196188897887,-0.565021433346,2.71215259303,0.00546272627851,7.8396681148,0.00229480173861,0.0598451424204
211,0.0832019170988,0.192453833482,-0.509519100322,2.71693051249,0.00547228211742,6.98900023561,-0.000116825813067,0.0600375137978
212,0.0838597349995,0.196642877877,-0.480276052015,2.70903545169,0.00545649199581,7.11611189311,-0.000605292732913,0.0618653288157
213,0.0607623222212,0.198229558173,-0.548941404722,2.71383825718,0.00546609760681,3.63559290644,-0.0220045052758,0.0595172078652
214,0.0599018092644,0.193978964437,-0.533275705132,2.71232599675,0.00546307308594,3.53880012119,-0.0236708108523,0.0611688460216
215,0.0667931320559,0.192062919959,-0.603066669337,2.70563743527,0.00544969596298,4.37185062163,-0.0172984585575,0.0659661080176
216,0.0722970573813,0.196140222673,-0.573988260803,2.70796473177,0.00545435055598,5.14093454134,-0.011941096553,0.057368479567
217,0.0915091491737,0.188320560299,-0.500671053158,2.69832789329,0.00543507687902,8.74459842118,0.00492539777404,0.0601650529467
218,0.0867801153322,0.197493980852,-0.537200909437,2.69976345187,0.00543794799619,7.70428792973,0.00255296895213,0.0585599774963
219,0.0804671200491,0.189143036012,-0.582490752597,2.7127131205,0.00546384733343,6.48077253583,-0.00391663173724,0.0599617083425
220,0.0714034489545,0.198081497357,-0.521905822264,2.70807538741,0.00545457186726,5.00924686351,-0.0134695989295,0.0574860928907
221,0.0707092016178,0.194989722454,-0.566142805348,2.71135549717,0.00546113208678,4.9088168393,-0.0137868447498,0.057663221938
222,0.0642205682895,0.203788243866,-0.584763928955,2.71984034577,0.00547810178397,4.04498478286,-0.0188119932956,0.0571334068893
223,0.0737720480998,0.19532165926,-0.625984328105,2.71112697695,0.00546067504634,5.36438980963,-0.0109666465428,0.0590217651277
224,0.0939271500175,0.198385056156,-0.573012610869,2.713214784,0.00546485066044,9.32171355053,0.00918533783589,0.0581966000455
225,0.0794491062647,0.198663066349,-0.594349236827,2.71024879298,0.00545891867841,6.29964768618,-0.00499827234382,0.0603954589214
226,0.0560971779411,0.192558541897,-0.5330282806,2.70350436561,0.00544542982366,3.1336469755,-0.0286926271625,0.0574612363115
227,0.0508480107469,0.197046450996,-0.526729686337,2.71377099451,0.00546596308147,2.63134117634,-0.0321648601205,0.0572784280838
228,0.0842417300605,0.193040114706,-0.569493564987,2.7098104776,0.00545804204763,7.19081582675,-1.06034343297e-05,0.0557004753869
229,0.085749311072,0.188411053608,-0.518107235213,2.70222104011,0.00544286317267,7.49214762552,0.000733881286562,0.0573809269308
230,0.0842301668301,0.203489976611,-0.558525577198,2.71703186034,0.00547248481312,7.18854481941,0.0007750116666,0.0585212574875
231,0.103261683727,0.186293735907,-0.48363677104,2.70922235238,0.00545686579721,11.8736098744,0.0158809681614,0.0582137964899
232,0.11762332828,0.190447350829,-0.421784529412,2.70864292412,0.00545570694068,17.0197195747,0.0300462748711,0.0543715119724
233,0.0735959312162,0.210979268334,-0.581861468109,2.69978040419,0.00543798190082,5.3373033843,-0.00768788906304,0.0631871856629
234,0.0556406986335,0.20413117998,-0.642200216712,2.72173477119,0.00548189063482,3.08744058895,-0.0261237430773,0.0603454339273
235,0.07132637756,0.192228289621,-0.487995608721,2.70274608863,0.0054439132697,4.99801722048,-0.0128510119462,0.0591645753121
236,0.0943404595869,0.195464170521,-0.559433607017,2.70527348103,0.0054489680545,9.42359324117,0.00906265856071,0.0595085442026
237,0.0792546591499,0.199122849639,-0.581166781288,2.706881537,0.00545218416644,6.265534695,-0.00393392134437,0.0613282613977
238,0.0916099104078,0.184964152234,-0.514823786106,2.69748322504,0.00543338754251,8.76801521905,0.00512853973788,0.0611043346201
239,0.0954050346468,0.191387891883,-0.527673931603,2.70559052522,0.00544960214288,9.69048047211,0.00988864657298,0.0602628156111
240,0.0785023550444,0.18800554151,-0.559098252051,2.71223473852,0.00546289056947,6.13499169277,-0.00671305771822,0.058253103438
241,0.0947514262229,0.201904567896,-0.493200401846,2.70512944625,0.00544867998494,9.52585373989,0.0109951999052,0.0592877614233
242,0.0843352224729,0.194126186506,-0.498251238325,2.7053430428,0.00544910717803,7.20919990351,-0.000604447937662,0.0588345938867
243,0.0698327861247,0.202245227541,-0.611901770277,2.71024083026,0.00545890275295,4.78433734861,-0.0133831706212,0.0606501113658
244,0.054808076518,0.193634843392,-0.510098136753,2.7086978324,0.00545581675724,3.00443575844,-0.0275535285417,0.0658751533327
245,0.103242765102,0.197947644347,-0.596610442151,2.70051295108,0.0054394469946,11.8678711614,0.0169555070249,0.0556686866957
246,0.0810573711795,0.190791082915,-0.539746607598,2.70660888213,0.0054516388567,6.58776090789,-0.00236636704592,0.0615462857189
247,0.08773437418,0.191337212198,-0.606696857029,2.70047263111,0.00543936635467,7.90521028682,0.002635361572,0.0616254213196
248,0.0900645852171,0.189793124325,-0.502904529208,2.71157962102,0.00546158033447,8.41476002672,0.00415720630915,0.0622971821202
249,0.0950327800884,0.191637381185,-0.510385857929,2.71438856609,0.00546719822461,9.59641832615,0.00980681825855,0.0580612713469
250,0.0870550586561,0.199053395383,-0.62243849537,2.7016272554,0.00544167560323,7.76172668719,0.00389973587639,0.0664591206338
251,0.060076124632,0.194809349597,-0.521339038745,2.70429292655,0.00544700694553,3.55824926289,-0.0239463026395,0.0613444690575
252,0.0826212743864,0.185939303508,-0.473614104254,2.70544790903,0.0054493169105,6.87839370414,-0.00458504112437,0.0586945830065
253,0.0979228528868,0.189506796808,-0.523260885291,2.70489528043,0.00544821165329,10.348095614,0.0117120504879,0.0647356658861
254,0.0975447156936,0.19551783753,-0.549951316004,2.71415161851,0.00546672432946,10.2469078274,0.0125424860842,0.0635556679884
255,0.0850211197824,0.198895986647,-0.54503113786,2.70823794978,0.005454896992,7.34529124137,0.000126340446297,0.0578903332716
256,0.0611835884519,0.205527478171,-0.604386584414,2.714264806,0.00546695070444,3.68369872419,-0.0197816744527,0.0670524503351
257,0.0886308839565,0.19383277167,-0.502304401627,2.70255577186,0.00544353263616,8.09803095227,0.00484300016818,0.060240677567
258,0.0909287435148,0.200415396053,-0.56035429251,2.70102733016,0.00544047575276,8.61076016546,0.00708871344438,0.0607639914629
259,0.0532562573182,0.20316537514,-0.512314714084,2.70726767379,0.00545295644002,2.85403889551,-0.0285495378128,0.062468394479
260,0.0874202671856,0.193085293147,-0.527805229647,2.70704972732,0.00545252054708,7.83858667033,0.00206637378145,0.0599652456363
261,0.0945992078512,0.196831296156,-0.556841892921,2.71202567763,0.0054624724477,9.48786539129,0.0100367923615,0.0577817448817
262,0.0826599453659,0.20140454249,-0.581695541293,2.71989245707,0.00547820600658,6.88571413162,-0.000615534632403,0.0614184004436
263,0.0647071295343,0.198996183695,-0.594672592898,2.71888910423,0.00547619930089,4.10530266045,-0.0174683406633,0.0675242824232
264,0.049671651633,0.193623144138,-0.533541422879,2.71279137989,0.00546400385221,2.52710996152,-0.0338580809194,0.0597675043829
265,0.101561540002,0.191990313756,-0.490321951364,2.70395788421,0.00544633686086,11.3675986876,0.0167489370378,0.0585399025783
266,0.0660692255696,0.196563568672,-0.572561660209,2.71534450959,0.00546911011161,4.2778690356,-0.0171607975532,0.0627376592587
267,0.0703680292609,0.194732914314,-0.567186485538,2.72232080197,0.00548306269638,4.86005611934,-0.0135113964804,0.0580225380135
268,0.0710844380337,0.192358267087,-0.503135468487,2.70715533444,0.00545273176133,4.96289650145,-0.0139105964744,0.0601604193432
269,0.09323640976,0.200028734369,-0.570805259255,2.70770444361,0.00545382997966,9.15358164131,0.00831733790561,0.061950074172
270,0.0993042188649,0.185932243677,-0.469719561903,2.70348604143,0.00544539317529,10.7252348264,0.0127148481255,0.0612193440349
271,0.0553038022064,0.204311308595,-0.577049603517,2.70738320207,0.00545318749657,3.05365773667,-0.026207601023,0.0573778319921
272,0.0861684485572,0.190575335826,-0.493802881395,2.70277962383,0.00544398034009,7.57779969916,0.000902715120049,0.0593035237732
273,0.0917773173548,0.192834727176,-0.546509144271,2.70945263024,0.00545732635292,8.80704007848,0.00610873451371,0.0593237402371
274,0.0782361382527,0.20066366302,-0.628072513259,2.71067223784,0.00545976556812,6.08933919684,-0.00591278364385,0.0651467843662
275,0.0839137842249,0.199201082266,-0.514987738865,2.70747092563,0.00545336294371,7.12664196614,0.000168907226353,0.0585977594677
276,0.0913840219477,0.190724272968,-0.533456172965,2.70566905243,0.00544975919729,8.71559412312,0.00640140956542,0.0585521794491
277,0.0725975874861,0.198005123187,-0.534017822573,2.70426337363,0.0054469478397,5.18584276354,-0.0108819649561,0.0592864458494
278,0.0868146258649,0.20453478205,-0.622101205556,2.7120810319,0.00546258315624,7.71147764758,0.00331624434206,0.0676423147111
279,0.110862800729,0.189846585206,-0.557052083193,2.70894809891,0.00545631729026,14.3898195022,0.0237019418947,0.0574515984646
280,0.088207345997,0.190803892731,-0.559473723259,2.70965462189,0.00545773033621,8.00644168665,0.00224815018385,0.0613443897407
281,0.0727260468374,0.199102888743,-0.492566633794,2.70514784532,0.00544871678308,5.20513463391,-0.0103115165855,0.056796496246
282,0.0586052338242,0.196509828479,-0.566216330726,2.70507183491,0.00544856476225,3.39661884461,-0.0242766681527,0.0563862071895
283,0.0953312948977,0.186258042475,-0.539256830231,2.70731433012,0.00545304975269,9.67178420348,0.0094494238936,0.0564747250636
284,0.0789027802201,0.193434131721,-0.492660308368,2.70922986906,0.00545688083056,6.20419182695,-0.00561703713482,0.0589183596725
285,0.0760702858521,0.196901629524,-0.531581030475,2.70882748886,0.00545607607015,5.72822033179,-0.00925921434868,0.0605012009875
286,0.0881384561263,0.183726595146,-0.533882181325,2.70268153051,0.00544378415346,7.99162846493,0.00203627653987,0.0564729713131
287,0.0704161275567,0.209723286444,-0.567699192282,2.70823224579,0.00545488558403,4.86690687575,-0.0107000553076,0.0644371032782
288,0.0662041867206,0.209638779536,-0.588630604801,2.71189049384,0.00546220208013,4.29526969212,-0.0150616527748,0.0564219960788
289,0.0886765503133,0.189725771376,-0.574295448109,2.70159166882,0.00544160443008,8.10795953119,0.0031928363968,0.0548135064854
290,0.0831130022816,0.191208236858,-0.498625985436,2.70491056336,0.00544824221915,6.97196658272,-0.00166362542217,0.063312589191
291,0.0708317719072,0.19445173085,-0.620907119864,2.70724144612,0.00545290398467,4.92642978634,-0.0124963354598,0.0664519224957
292,0.0831752731729,0.200105303694,-0.499797980928,2.70064492484,0.00543971094212,6.98389231766,-0.000207077289336,0.0612707221394
293,0.0739000006822,0.195136838646,-0.542718071771,2.70876283839,0.00545594676922,5.38413844119,-0.00961413313984,0.0601977831394
294,0.0909741537978,0.197361562164,-0.499356382748,2.69681501515,0.00543205112275,8.62116745835,0.00779749763408,0.0636773976686
295,0.0637373878052,0.193262624136,-0.518290852775,2.70816772514,0.00545475654272,3.98576444378,-0.020556446252,0.0636311645452
296,0.0952134138106,0.185395563026,-0.525985869312,2.70094019886,0.00544030149016,9.64196145128,0.00943652670683,0.0596667565089
297,0.107214523539,0.194992995934,-0.54939155445,2.70711053687,0.00545264216617,13.1281946804,0.0212091273523,0.0651505869184
298,0.0722770419863,0.189974012269,-0.488096836352,2.70204678312,0.00544251465868,5.13795480114,-0.0129185921097,0.0556934714345
299,0.0965485016145,0.189494206989,-0.481133740942,2.70363464536,0.00544569038315,9.98446186947,0.0110636818987,0.058162461958
300,0.0830601693125,0.198330743249,-0.57903335683,2.71722565613,0.00547287240469,6.96186177312,-0.00149848194576,0.0574552050334
301,0.0645625157897,0.19411997446,-0.548773908129,2.7076275748,0.00545367624203,4.08730318281,-0.019434059356,0.0624043522539
302,0.0701556088548,0.182955306007,-0.536195519199,2.69371206208,0.00542584521661,4.82989245784,-0.0143523557321,0.0567025202533
303,0.0999689410297,0.198595273944,-0.608602605351,2.70366734667,0.00544575578578,10.9109837344,0.0143409032327,0.0569142526746
304,0.0702096301351,0.20562641743,-0.613259423122,2.71932328959,0.00547706767162,4.8375492838,-0.0113215906559,0.0599632685232
305,0.0779016992586,0.199796756719,-0.565338677083,2.7090620376,0.00545654516765,6.03238549069,-0.00484838876937,0.0643544274662
306,0.105439615593,0.185213854804,-0.510024574336,2.69921803983,0.0054368571721,12.5509651527,0.0181508132782,0.0606269754119
307,0.0753884104053,0.195089588579,-0.507332007921,2.713988471,0.00546639803445,5.61823761108,-0.00769172075608,0.0663787811888
308,0.0713703178897,0.203112510549,-0.629144757786,2.71546905251,0.00546935919745,5.00441704579,-0.0122369990057,0.0573166807772
309,0.085387166311,0.184792721589,-0.561014922016,2.71067443902,0.00545976997047,7.41880496681,-0.000773874537274,0.0605257286531
310,0.100866639491,0.188788010161,-0.532733319986,2.71234566389,0.00546311242022,11.1663308071,0.0135645569512,0.0606371406719
311,0.0752695022764,0.195007679877,-0.63011478107,2.70552589136,0.00544947287515,5.59923625556,-0.00836362559832,0.0584525154906
312,0.0750704231741,0.199392906971,-0.519034990847,2.70807069297,0.00545456247837,5.56754106102,-0.00760304999416,0.0609693816174
313,0.0706039093893,0.193817959418,-0.473551956489,2.7045607644,0.00544754262124,4.89372689152,-0.0142789485404,0.0642965595096
314,0.0767457515103,0.204840009361,-0.587703395826,2.71240764458,0.00546323638159,5.83890071299,-0.00482580008599,0.0652521371403
315,0.103830540061,0.194519571229,-0.547383847388,2.70611086219,0.00545064281682,12.0473189054,0.0177161098152,0.0620548005395
316,0.0833369443049,0.203560657156,-0.596527789463,2.71110362586,0.00546062834416,7.01493470753,-2.87848538635e-06,0.0636120844931
317,0.088948974548,0.200774854132,-0.574536384048,2.71816509641,0.00547475128526,8.16740562029,0.00358811566188,0.0610153357269
318,0.072375597813,0.192909419366,-0.628821246882,2.70534318588,0.00544910746421,5.15264048819,-0.0112343554509,0.0531559912657
319,0.0825460059102,0.192605495813,-0.585774713636,2.70032612193,0.0054390733363,6.86416409207,-0.00206593989234,0.0653794779844
320,0.0962240764829,0.184345251996,-0.517423526714,2.71698809629,0.00547239728502,9.9002726941,0.00864325120911,0.0586874119102
321,0.0872998481291,0.193013166447,-0.638079878091,2.71108655371,0.00546059419987,7.81317251054,0.00242645449922,0.0638935004322
322,0.0798390921844,0.190949026842,-0.486312671326,2.70873009618,0.0054558812848,6.36852996445,-0.0049501457646,0.0533147385384
323,0.084849141192,0.202119116859,-0.529029279808,2.71621720547,0.00547085550338,7.31096599711,0.00185815427971,0.0629757790045
324,0.0864400404385,0.198559604151,-0.570532839368,2.71064486925,0.00545971083095,7.6337432208,0.00296783591051,0.0588693583899
325,0.0714194844491,0.191587992655,-0.523840112467,2.71041119621,0.00545924348485,5.01158584529,-0.0131750648263,0.06252794602
326,0.0658496804162,0.194880038844,-0.612565552683,2.71499907611,0.00546841924467,4.24968029744,-0.0185286668151,0.056547617526
327,0.0579499125073,0.194908762761,-0.533524711214,2.71788184745,0.00547418478735,3.3263960408,-0.0246961139462,0.066373904851
328,0.100470425775,0.200964780875,-0.600647539452,2.70912446466,0.00545667002175,11.0529869694,0.0157749562851,0.0632207789933
329,0.0977499116781,0.192598236654,-0.548171112517,2.70781583994,0.00545405277231,10.3017091844,0.0131111468947,0.0564538399325
330,0.0780501921239,0.19002008838,-0.5020340719,2.70628905005,0.00545099919254,6.0576187526,-0.00620150794023,0.0600178503945
331,0.0912288899527,0.194342370198,-0.504016523548,2.70776028066,0.00545394165375,8.67975000771,0.00586402613451,0.0666022540068
332,0.0872882790332,0.194955571608,-0.634449656424,2.70791866129,0.00545425841501,7.81073458287,0.00420479538325,0.0600989518487
333,0.0721598395537,0.192839417984,-0.536546312045,2.70310264108,0.00544462637459,5.12053447703,-0.0126966194602,0.0592442008192
334,0.0807928689244,0.202262866253,-0.6366669719,2.70671587647,0.00545185284538,6.53963679367,-0.00263738505599,0.060117885434
335,0.097306865892,0.190470562523,-0.503564262767,2.70390811965,0.00544623733173,10.183705387,0.0121429940347,0.0598713414172
336,0.108163594129,0.194804642801,-0.565667482522,2.69353259524,0.00542548628292,13.4464752708,0.0221589855263,0.060216287683
337,0.0836332403435,0.19315513295,-0.631339616948,2.71446574246,0.00546735257737,7.07212786146,-0.00118412478072,0.059161614161
338,0.103026921875,0.186102479704,-0.410851669866,2.70498954851,0.00544840018946,11.8025718699,0.0160241497034,0.0642944694451
339,0.0796219025653,0.190528883782,-0.578546023183,2.70594816287,0.00545031741818,6.33009154413,-0.00578184700932,0.0642541182536
340,0.0887939312999,0.181986733327,-0.491693946661,2.70350401338,0.0054454291192,8.13352781951,0.0022254053399,0.0567781624255
341,0.0734721441742,0.199041131384,-0.565966420167,2.69743794877,0.00543329698998,5.31833155546,-0.011445906218,0.0604727506707
342,0.0675173406577,0.185661914349,-0.48443668304,2.703349366,0.00544511982444,4.46748048337,-0.0178627758165,0.0588428243995
343,0.0729252674066,0.195771744556,-0.467973300507,2.70619964305,0.00545082037853,5.23516781533,-0.0108812531315,0.0613803916204
344,0.0801222658251,0.193344124312,-0.517598564473,2.70901795226,0.00545645699695,6.41893746665,-0.00459953551396,0.0575810161683
345,0.0527398692012,0.203060234226,-0.592069657297,2.72241435295,0.00548324979833,2.80520795644,-0.0293132146374,0.060753054923
346,0.0888921359241,0.196401805743,-0.643545710668,2.70758247576,0.00545358604395,8.15497206469,0.00359039978541,0.0615991976248
347,0.0768622400214,0.21159349462,-0.623721391309,2.70198793853,0.00544239696951,5.85816442109,-0.00423069428685,0.066359098574
348,0.0776531965046,0.188525871344,-0.522254942669,2.70997458837,0.00545837026917,5.9903515774,-0.00717989204876,0.0581787135164
349,0.0560440180388,0.198480662875,-0.548383397845,2.71815871797,0.00547473852839,3.12824022114,-0.0265195424649,0.0615194724601
350,0.110826229588,0.19238704731,-0.516623727903,2.70826090089,0.00545494289422,14.3766512206,0.0248743586834,0.0570322901693
351,0.0884482647222,0.194448507501,-0.477723813061,2.71084618942,0.00546011347129,8.0584306009,0.00278794496683,0.063301906553
352,0.0624339016988,0.195853495886,-0.443101817054,2.70641208375,0.00545124525994,3.82931945438,-0.0210605286263,0.063569098591
353,0.0853337771652,0.194027995223,-0.487659454114,2.70549068554,0.00544940246352,7.40804408333,0.000260509958067,0.069267607587
354,0.097673158494,0.197915730393,-0.591510107246,2.70875952793,0.0054559401483,10.2811808463,0.013365039042,0.0627827128964
355,0.0832742770824,0.191562166519,-0.602632915106,2.71067030626,0.00545976170495,7.00288825761,-0.00223168325551,0.063002522044
356,0.0573210225556,0.207939586298,-0.614505460316,2.70566197762,0.00544974504767,3.26002048342,-0.0235172534779,0.064941726341
357,0.0738868220526,0.196354935351,-0.597279527402,2.70562088402,0.00544966286048,5.3821016885,-0.0086326617441,0.0608849491156
358,0.0801132465884,0.19436460205,-0.567912768523,2.71005596912,0.00545853303067,6.41732686011,-0.00457686733498,0.054557227847
359,0.0752888153765,0.187856776921,-0.505717380732,2.7027131805,0.00544384745344,5.60231889028,-0.00989722618761,0.0644806146845
360,0.0685812796704,0.19831523325,-0.596850393692,2.70835655643,0.00545513420529,4.61094531669,-0.0148351925646,0.0555404194973
361,0.0842358856401,0.192323626361,-0.569586054045,2.71880278929,0.00547602667101,7.18966791252,-0.00211121053723,0.0619963362939
362,0.0445609957994,0.20793481091,-0.572029044539,2.7083740223,0.00545516913704,2.10673959326,-0.0351946968612,0.0650800861187
363,0.0657125606919,0.196464697102,-0.569907858104,2.7060193937,0.00545045987984,4.23214816391,-0.0176814501841,0.0601079591332
364,0.0790338719087,0.203758655459,-0.539671909883,2.70558517712,0.00544959144667,6.22698653916,-0.00326303876544,0.0584596429702
365,0.0690830373104,0.191059567901,-0.512780688253,2.7127035031,0.00546382809865,4.67985336974,-0.0151119469924,0.0608016556338
366,0.0730864120548,0.1971919299,-0.55642261827,2.70939628507,0.00545721366258,5.25956312732,-0.0116373641008,0.0561130607696
367,0.10316073557,0.192188138429,-0.496705654095,2.70373121748,0.0054458835274,11.8430170379,0.0178370574424,0.0615430051426
368,0.0731316888197,0.196825852169,-0.574660438877,2.70494072988,0.0054483025522,5.26643397009,-0.0114385410741,0.0557914720543
369,0.0784428220804,0.182593255749,-0.515125208929,2.70394867011,0.00544631843266,6.12475813974,-0.00796916809566,0.0626067743501
370,0.0644984407252,0.194693130514,-0.483069626984,2.70521017705,0.00544884144654,4.07934754533,-0.0195308215374,0.0616779490227
371,0.0773426288292,0.204262507159,-0.585026989879,2.71755514522,0.00547353138288,5.93815900763,-0.00547814775872,0.0656566167303
372,0.080764942276,0.196429471487,-0.472230961302,2.70763783176,0.00545369675596,6.53457292176,-0.00183676101157,0.0678512851836
373,0.103221974021,0.19321450847,-0.50699779738,2.72168240111,0.00548178589465,11.861567301,0.0166574849847,0.0585338126384
374,0.0724341940131,0.186803539777,-0.54894832814,2.70817191207,0.00545476491658,5.16138784734,-0.0119592262255,0.0643683327305
375,0.0705104582279,0.195464303859,-0.513363690597,2.70493170514,0.00544828450272,4.88036498944,-0.0123086991406,0.0580415427787
376,0.0779564342421,0.195331895052,-0.527824237554,2.70673023146,0.00545188155535,6.04167644708,-0.00600352982031,0.057696228285
377,0.0648640388042,0.19654803871,-0.611010476029,2.70934513279,0.00545711135802,4.12490177443,-0.0193115874357,0.0582924871087
378,0.0491034896807,0.204173397265,-0.569651901023,2.71247353194,0.00546336815631,2.47780415103,-0.0330384611366,0.0603287797487
379,0.0683287787306,0.201581534275,-0.603315946941,2.70309248846,0.00544460606936,4.57657327148,-0.015779675103,0.0570379673873
380,0.0549884890213,0.209590088729,-0.655265195407,2.70523512126,0.00544889133496,3.02228252615,-0.0264479637668,0.0637418557665
381,0.0772339255348,0.207866156712,-0.634782860672,2.71440861623,0.0054672383249,5.91997951998,-0.0041093533701,0.0638810660336
382,0.0606601350357,0.193012270136,-0.526984082263,2.69977830474,0.00543797770192,3.62399560489,-0.023895076339,0.0603843899546
383,0.066902820728,0.19946066439,-0.592180939947,2.72469735536,0.00548781580315,4.38623065923,-0.0155014621327,0.0633468433317
384,0.0667984984109,0.194873742426,-0.556001994898,2.70412340505,0.00544666790254,4.3725532839,-0.0165912049629,0.0577047007433
385,0.0909801681483,0.18852845801,-0.439257251357,2.70269981306,0.00544382071856,8.62254666133,0.00531450014065,0.0657040399543
386,0.0797007337833,0.196727812439,-0.497234552897,2.70061099027,0.00543964307297,6.34402082267,-0.00308906207769,0.0657587853078
387,0.105566370889,0.191925023602,-0.503825974793,2.70995503659,0.00545833116562,12.5914246208,0.0193275701839,0.0632144680039
388,0.092484489342,0.199289155718,-0.508522801169,2.71771925724,0.00547385960691,8.97355210877,0.00800039428741,0.0624739797813
389,0.0787982322914,0.200071982156,-0.498492596699,2.70423706482,0.00544689522209,6.18606221066,-0.00403368501042,0.0619603600447
390,0.07068046133,0.19460862545,-0.566496555554,2.70707269776,0.00545256648797,4.90469424499,-0.0130351929619,0.064430320374
391,0.0803675828233,0.191419170637,-0.515405351048,2.7108774613,0.00546017601503,6.46287403815,-0.00423411147979,0.0566954302442
392,0.0741472133037,0.194973706049,-0.62593899491,2.71437529201,0.00546717167645,5.42246109407,-0.0100563057211,0.0617336461647
393,0.0747702857846,0.197511510366,-0.579320485862,2.71128815813,0.0054609974087,5.52003300285,-0.00713402749355,0.0655748373602
394,0.110587158629,0.186915221397,-0.492926392295,2.70561361474,0.00544964832192,14.2908347409,0.0221217925332,0.0601533752818
395,0.0877611538468,0.193503488293,-0.555279493426,2.70455310428,0.005447527301,7.9109126697,0.00271165015386,0.0608131735519
396,0.076269601474,0.201550443948,-0.572396329006,2.71049997599,0.00545942104443,5.76069936022,-0.00664740416632,0.0593477230979
397,0.0899104677951,0.193184042735,-0.527117483562,2.71610205237,0.00547062519718,8.38021085864,0.0040939980051,0.062452433997
398,0.0763231918345,0.198406355517,-0.598662754512,2.70502360438,0.0054484683012,5.76945774031,-0.00880557588366,0.0601862297078
399,0.0600923460049,0.196856062993,-0.605943626546,2.71365536234,0.00546573181712,3.56006322377,-0.0247206075452,0.0596704692118
400,0.0670646356749,0.200348388152,-0.591002877154,2.71247680014,0.00546337469271,4.40751197879,-0.015610231798,0.0588273833817
401,0.07279410967,0.191201899205,-0.544844732658,2.70381376112,0.00544604861468,5.21537966108,-0.0117494251528,0.0576751067194
402,0.0845311533814,0.19392118251,-0.450511415093,2.71508900188,0.00546859909619,7.247855975,0.000213341973999,0.0578219869173
403,0.091713718971,0.191688300032,-0.499557000046,2.70803665621,0.00545449440486,8.79219679581,0.0075949717595,0.060440791187
404,0.0829022935346,0.197640950127,-0.530170978364,2.71810904474,0.00547463918192,6.93173985699,-0.00155614056763,0.0616326454264
405,0.0885838402666,0.198485267072,-0.593972403181,2.71221370971,0.00546284851186,8.08781380243,0.00375300643756,0.0586313653406
406,0.076867361557,0.200137243184,-0.542542259226,2.71040611726,0.00545923332696,5.85901256583,-0.00651469749308,0.0605897197829
407,0.0741722145736,0.189622645525,-0.491889862324,2.71295491765,0.00546433092774,5.42634905886,-0.00959971175269,0.0614700256486
408,0.0924164463133,0.192506835368,-0.517042551809,2.7178202939,0.00547406168024,8.95741311937,0.00677981864077,0.0596997613588
409,0.0423290796926,0.199441561748,-0.60191205859,2.71201889937,0.00546245889118,1.93867025355,-0.0397536558114,0.0650769225991
410,0.0563344514648,0.206704893615,-0.604386584414,2.71551878711,0.00546945866665,3.15786257382,-0.0242870371533,0.0632781443184
411,0.0584153894709,0.18927990601,-0.532976011925,2.704622744,0.00544766658044,3.37616356688,-0.0248239404054,0.0625993788272
412,0.0979522933811,0.190064436462,-0.504402624295,2.70907723705,0.00545657556654,10.3560103796,0.0102240733646,0.063722054188
413,0.0765912007577,0.194829813066,-0.578374736282,2.70883987809,0.00545610084862,5.81342294276,-0.0077469113267,0.057142797177
414,0.0688365201056,0.183260164706,-0.524062975281,2.70103573012,0.00544049255268,4.64589727129,-0.0155441418002,0.0658612744672
415,0.0743407960616,0.19928681225,-0.625458351565,2.71145669421,0.00546133448086,5.45262442374,-0.00813287246434,0.0609697322468
416,0.0834989163,0.190382450248,-0.449141219171,2.69884890356,0.00543611889956,7.0461512278,-0.00155379740553,0.0607762350494
417,0.0927708980075,0.198677171649,-0.599452959964,2.71484763821,0.00546811636887,9.04176098222,0.00675582310319,0.0602016135777
418,0.0913385849816,0.185064224524,-0.470914935144,2.70069035754,0.00543980180752,8.7050824631,0.00410159201179,0.060872260461
419,0.063550702455,0.189191267669,-0.556577738656,2.70609021326,0.00545060151896,3.96306311419,-0.0218000041801,0.0539393066791
420,0.0929545883245,0.203701812818,-0.608571463933,2.71469352619,0.00546780814482,9.08574309561,0.00980674962382,0.0564759917191
421,0.0617557522349,0.188373308412,-0.457666699564,2.71334187901,0.00546510485045,3.74980534151,-0.0240063572184,0.0584912072614
422,0.0757204303202,0.204744230503,-0.516359426287,2.70921472023,0.00545685053289,5.67157287172,-0.0056069164217,0.0717027327261
423,0.0600179005186,0.204418322341,-0.631367497529,2.69653971009,0.00543150051262,3.55174404332,-0.0208336044733,0.0647376555388
424,0.0792544259921,0.188740824599,-0.506569200643,2.70506072296,0.00544854253835,6.26549388292,-0.00609846241994,0.0576472736095
425,0.0892620385101,0.195096607383,-0.55679443819,2.71316422233,0.0054647495371,8.2361804906,0.00354373372097,0.0601341184402
426,0.0809367074594,0.205345417511,-0.602332704544,2.70796990567,0.00545436090378,6.56577056634,-0.0017805794798,0.0650520886456
427,0.0960162276325,0.196149615778,-0.587803555992,2.71949909725,0.00547741928693,9.84666182465,0.0102433356303,0.0595886181892
428,0.0856216451519,0.200475717308,-0.611901770277,2.70973906372,0.00545789921987,7.46622249566,0.00170862593319,0.0655457805359
429,0.0907464422331,0.192940866371,-0.555607294133,2.71079477588,0.00546001064419,8.56908854985,0.00488206481222,0.0626590556611
430,0.0680741638245,0.194321133738,-0.483270894941,2.7046825093,0.00544778611105,4.54211851578,-0.0156196328815,0.0603324467361
431,0.0888737248496,0.197837519816,-0.556000599286,2.71341968178,0.005465260456,8.15094808555,0.00407968255031,0.0607819185063
432,0.0628868340358,0.189644780148,-0.44642224241,2.70217907141,0.00544277923526,3.88313772532,-0.022197599906,0.060835176073
433,0.0620521295982,0.189893055436,-0.552928116763,2.70764423033,0.00545370955311,3.78439996527,-0.0214205457986,0.0575378784658
434,0.100032380625,0.186043906247,-0.496460122492,2.70680952566,0.00545204014375,10.9288583605,0.0137230473119,0.0604862662029
435,0.1057155934,0.184837488154,-0.464348367302,2.71772362553,0.00547386834349,12.6392043475,0.0174537588953,0.0539878850073
436,0.0684928430805,0.204164751585,-0.578424319201,2.70881832809,0.00545605774862,4.5988836469,-0.0146407508696,0.0603809967482
437,0.09144712965,0.198115995794,-0.596382289319,2.7020371229,0.00544249533823,8.73021200029,0.00612466913,0.0618377641646
438,0.0666292417117,0.186413127914,-0.494333958698,2.70503907566,0.00544849924376,4.35043358038,-0.0172369101785,0.0638908226456
439,0.0790006346482,0.195671105397,-0.536996482704,2.69999905314,0.00543841919871,6.22120056641,-0.00351597181971,0.0581335230378
440,0.0793616135065,0.194975442798,-0.592717781987,2.7082471596,0.00545491541165,6.28427930668,-0.00548574317498,0.0597199008312
441,0.0883583363895,0.195054088463,-0.537700606501,2.70110404868,0.0054406291898,8.03899090603,0.00403708685578,0.0573168736252
442,0.080902038646,0.186518828847,-0.486494318831,2.6998580238,0.00543813714005,6.5594636949,-0.00401282390876,0.0617819819342
443,0.0627049790576,0.211249435782,-0.647590283275,2.70999068756,0.00545840246755,3.86146044674,-0.0179752562312,0.0628337390354
444,0.06999180256,0.188976610673,-0.533992247682,2.70641299236,0.00545124707717,4.80673400014,-0.0146048088621,0.06558152101
445,0.0923630083453,0.181193159985,-0.416354852362,2.69413401649,0.00542668912541,8.94475588282,0.00552801328866,0.0616565916787
446,0.0863248930036,0.197006863092,-0.516641927765,2.70471653913,0.0054478541707,7.60998201055,0.00347952924824,0.0665046384994
447,0.0795346388989,0.203871638504,-0.570989869997,2.70475830816,0.00544793770875,6.31470189814,-0.00357437485295,0.0605015343376
448,0.0907424310392,0.194201283034,-0.426031275959,2.69709972638,0.00543262054519,8.56817360131,0.00668926012706,0.0618285565901
449,0.0824818978889,0.19411333567,-0.534993913464,2.69859029936,0.00543560169116,6.85206387055,-0.00182756432866,0.0589805303316
450,0.0755554340836,0.194159510261,-0.618374942272,2.712505795,0.00546343268243,5.64501663174,-0.00814645560607,0.0559993837021
451,0.0969824974983,0.209277375364,-0.635657945453,2.71124607266,0.00546091323777,10.0980630781,0.0131660743872,0.0732162354062
452,0.0982417565397,0.191616396075,-0.433455623227,2.70619928918,0.0054508196708,10.4341126703,0.0132924700805,0.0616174123082
453,0.0827520951349,0.196817382148,-0.484476617014,2.7094253354,0.00545727176323,6.90318448043,-0.000912397508334,0.0580733895753
454,0.0800830600344,0.184618993191,-0.465430475558,2.69708836843,0.0054325978293,6.41193875377,-0.00566347893162,0.0623558397537
455,0.0841074846335,0.19055004291,-0.57938877278,2.71350789478,0.00546543688199,7.16448741187,-0.00108561805526,0.0627959702436
456,0.0935160069646,0.184122469255,-0.469931271473,2.7103272666,0.00545907562563,9.22131822804,0.0060787065885,0.0585491078382
457,0.075915561181,0.187570788104,-0.523592149615,2.70354004593,0.0054455011843,5.70311101311,-0.00951475902288,0.0649662857605
458,0.0544804371476,0.189478887939,-0.570003704635,2.70977306732,0.00545796722708,2.97221952418,-0.0298579169141,0.0612989114015
459,0.0796589866701,0.192064145489,-0.535362332714,2.7070546938,0.00545253048005,6.33664104521,-0.00379274367928,0.0562875239698
460,0.0845619362834,0.191219884903,-0.529880003568,2.69700297243,0.00543242703729,7.2539451564,-0.00102238532625,0.0590463421555
461,0.0651423078303,0.208013092913,-0.616923829748,2.71169776999,0.00546181663243,4.15983766425,-0.0160626947293,0.0614715137226
462,0.0668141384748,0.202606813897,-0.543745616244,2.70821922155,0.00545485953553,4.37460167399,-0.0155941295079,0.0600808275843
463,0.0926138904353,0.199273925609,-0.579001516586,2.70564718317,0.00544971545877,9.00431392105,0.00895485487703,0.0628601279626
464,0.0939107976618,0.190142806903,-0.526970566001,2.71118355664,0.00546078820573,9.31770249396,0.0083258105795,0.0587087979224
465,0.0957957825061,0.190491550663,-0.481521353885,2.71096893699,0.00546035896643,9.79007904634,0.0103538213805,0.0548289418979
466,0.100423709811,0.190836913963,-0.515110354108,2.70917794587,0.00545677698417,11.0396901617,0.0137457535948,0.0596729860578
467,0.0541405334763,0.194938575516,-0.614506007669,2.70585917048,0.0054501394334,2.93906080234,-0.0288864976658,0.0583165700085
468,0.0724154003014,0.198735155815,-0.547377300279,2.70337080614,0.00544516270472,5.1585809823,-0.0107624099339,0.0599654043722
469,0.0702482641414,0.201559942945,-0.610735469705,2.71070381642,0.00545982872528,4.84303108979,-0.0134532223061,0.0586620046458
470,0.0735320017291,0.204752466596,-0.607312355852,2.70937096785,0.00545716302815,5.32749860485,-0.00931680411756,0.0578264586467
471,0.077261875886,0.18176866341,-0.465894494908,2.70103879385,0.00544049868015,5.92464954425,-0.00840435931938,0.0577339104832
472,0.100559583359,0.195765467189,-0.536921533645,2.70964764327,0.00545771637897,11.0784031755,0.0151544379976,0.0578262251224
473,0.0870556814514,0.191620590185,-0.485676190514,2.7107486995,0.00545991849144,7.76185720892,0.00142868471985,0.0569792598446
474,0.0641041315692,0.19046226897,-0.514835260648,2.71013730216,0.00545869569676,4.03065233016,-0.0202851120033,0.0615222689663
475,0.0625637954827,0.188297906141,-0.534177896925,2.70567579244,0.00544977267732,3.8446950691,-0.0220625531471,0.0579148095204
476,0.0652740502489,0.186634681995,-0.493403995483,2.70652682648,0.00545147474541,4.17645731446,-0.0193374246586,0.0583723184115
477,0.0733418034264,0.202970124879,-0.563141467329,2.69333565307,0.00542509239858,5.29841432222,-0.00862683054038,0.0660525426873
478,0.0693270861274,0.19977090396,-0.569395645032,2.71731869576,0.00547305848396,4.71366284422,-0.013564465936,0.0575964479694
479,0.0708055175181,0.181447687915,-0.527234657362,2.69552344645,0.00542946798533,4.92265287383,-0.0141503676513,0.0592023262057
480,0.0537267035353,0.201787169626,-0.552738105245,2.71261348907,0.00546364807058,2.89904951967,-0.0300795521187,0.0559148391574
481,0.0802457842135,0.196942450428,-0.55451715495,2.7214042539,0.00548122960024,6.44102857887,-0.00463670883081,0.0586369218851
482,0.0793941795149,0.195910116637,-0.633286933223,2.70179758093,0.0054420162543,6.28999599051,-0.00480495597029,0.0607878813272
483,0.0798119756663,0.191566446755,-0.583752499635,2.70615021414,0.00545072152072,6.36372029068,-0.00487440084231,0.0575030507498
484,0.0851400309821,0.197693054251,-0.593914877016,2.70241009592,0.00544324128427,7.36910442025,0.000678934534844,0.0555481352483
485,0.0684811993366,0.189381966844,-0.511907012671,2.71822853926,0.00547487817095,4.59729744114,-0.0165221566753,0.0643839197352
486,0.0765940304547,0.201552511784,-0.579056699303,2.71483523537,0.00546809156317,5.81388859849,-0.00553527594787,0.0669732525347
487,0.0697515992963,0.187682661114,-0.464494385454,2.70665602478,0.005451733142,4.77293465216,-0.0145354079598,0.0668724524227
488,0.0706894745235,0.202993205722,-0.619590695478,2.70365651341,0.00544573411925,4.90598682712,-0.0119335875471,0.0584837159206
489,0.0639814213095,0.203447978213,-0.551521451822,2.71067908393,0.0054597792603,4.01559002885,-0.0194252160986,0.0584997915068
490,0.0756140267508,0.199383978598,-0.50018657785,2.71330927685,0.00546503964614,5.65443549594,-0.00777504999754,0.0615299170693
491,0.0819680046506,0.187748844457,-0.561072881164,2.70267755787,0.00544377620817,6.75571267488,-0.00227013267245,0.0570607180586
492,0.0620423332607,0.204294501268,-0.603185437737,2.71267817065,0.00546377743373,3.78325262689,-0.0186994619214,0.059124831266
493,0.0738022857079,0.188433538937,-0.506774589606,2.70911157485,0.00545664424213,5.36905147626,-0.0109707658507,0.054213908263
494,0.0880270580668,0.192402149865,-0.431855967908,2.69827926125,0.00543497961494,7.96772436795,0.00342192286351,0.0624239444711
495,0.072267703993,0.191933703401,-0.53845428695,2.70376980084,0.00544596069411,5.13656510717,-0.0130196911613,0.0619642425332
496,0.094640804838,0.197576560203,-0.562998790382,2.7075526276,0.00545352634764,9.49823342467,0.0115868385987,0.0639304662092
497,0.0900007812627,0.200133582672,-0.524218794551,2.70777734377,0.00545397577998,8.40044200241,0.00667001371254,0.0592260009484
498,0.070149351715,0.202650700577,-0.579471651631,2.72194794734,0.00548231698713,4.82900621256,-0.012025815043,0.0623244971731
499,0.0764531932009,0.199135036546,-0.587002277954,2.71431563952,0.00546705237147,5.79074948156,-0.0093549984572,0.0578747366373
500,0.0941338450011,0.199948165542,-0.614518134795,2.71086703558,0.0054601551636,9.37254303246,0.00965719721709,0.0632121283101
501,0.07163617128,0.18773822957,-0.544777834386,2.7083630988,0.00545514729003,5.04327835299,-0.0130674407728,0.0571440477183
502,0.0739804043935,0.19359699673,-0.525648693302,2.70565274393,0.0054497265803,5.3965783526,-0.00881715080949,0.0661454161563
503,0.0779125883598,0.191911983278,-0.474960129938,2.71194615083,0.00546231339409,6.03423291479,-0.00581080673993,0.0691810162568
504,0.095241373289,0.204666081519,-0.623065431,2.71255941585,0.00546353992414,9.64902766562,0.0111686427975,0.067211721229
505,0.0503654313955,0.200727993927,-0.59743303683,2.71366337467,0.00546574784179,2.58822889947,-0.0320047856807,0.063032559243
506,0.0733904891952,0.206094824098,-0.551299297667,2.70617228192,0.00545076565628,5.30584686985,-0.00867802829676,0.0623702042646
507,0.0798921945574,0.191306286813,-0.530689695317,2.70801582576,0.00545445274395,6.37795751674,-0.00447704637342,0.0585593226519
508,0.0838125081251,0.196717233083,-0.553552811175,2.71117142192,0.00546076393628,7.10692171725,0.00136306836491,0.0578812968431
509,0.107469726353,0.19097946827,-0.560425216332,2.70559927472,0.00544961964188,13.2131104602,0.0215983330547,0.0559810361385
510,0.112927717778,0.189220209636,-0.528832102076,2.71253436952,0.00546348983147,15.1511904382,0.0233665450429,0.0581606474362
511,0.0872916816008,0.187280978368,-0.567901195844,2.70562837547,0.00544967784337,7.81145153042,0.00128232175347,0.0572792852743
512,0.0908567901972,0.193800989194,-0.531479146863,2.71944433568,0.0054773097638,8.59429180519,0.00433158276178,0.061186134521
513,0.0669831707631,0.199794655355,-0.518423408321,2.70725824057,0.00545293757359,4.39678792091,-0.0168394292718,0.0650652361769
514,0.0838565245805,0.197458276117,-0.53459278549,2.71528803266,0.00546899715776,7.11548684018,0.000428480690107,0.0580143324028
515,0.0587146090333,0.190014169633,-0.505500203534,2.70309314905,0.00544460739054,3.40844547199,-0.0262810727651,0.0534992268518
516,0.0957479846124,0.200065106993,-0.497286867573,2.71371855708,0.00546585820661,9.77784801206,0.0114998878629,0.0656356697978
517,0.0904464240506,0.197812747374,-0.493734176431,2.71445059676,0.00546732228595,8.50088641103,0.00481862262282,0.0630196963069
518,0.0766839123322,0.196980688089,-0.539456834972,2.71071817992,0.00545985745227,5.8286955184,-0.00665862300165,0.0648365365634
519,0.0724620293331,0.199331949054,-0.611705538775,2.70543889137,0.00544929887518,5.16554734846,-0.0103657565227,0.0580516137917
520,0.0599084584612,0.194369176975,-0.522459997715,2.7167310374,0.00547188316724,3.53954053563,-0.0232582783643,0.0676025093564
521,0.0693921717443,0.191198028539,-0.512988676773,2.71997502087,0.00547837113418,4.72271216027,-0.0151371026641,0.0577052117886
522,0.0670931692853,0.206159738492,-0.639227450126,2.70413875041,0.00544669859325,4.41127299221,-0.0135349984226,0.0690660639315
523,0.0826505064911,0.188961688412,-0.611992394312,2.70593479824,0.00545029068891,6.8839267468,-0.00306474450619,0.0631523258757
524,0.0752243109102,0.209721336948,-0.625913639284,2.71260202297,0.00546362513838,5.59202850279,-0.00496412299645,0.0612213701568
525,0.0782994409516,0.184874711723,-0.566936459459,2.70171635626,0.00544185380495,6.10016921232,-0.00760369501278,0.0577083690061
526,0.091471288089,0.186769216873,-0.446032138413,2.71338510458,0.0054651913016,8.73581350689,0.00578593478662,0.0553614862804
527,0.100442759208,0.18942596147,-0.518471873662,2.70936587139,0.00545715283522,11.0451105051,0.013967946763,0.0610147650188
528,0.0676710678357,0.196878315042,-0.571462742181,2.70544506222,0.00544931121687,4.48798932658,-0.0158472536159,0.0587595498142
529,0.0735467532914,0.185481507213,-0.551036683058,2.70329036743,0.0054450018273,5.32975973675,-0.0123242758253,0.0642460334201
530,0.0827986033615,0.198259578672,-0.638544007488,2.70470472681,0.00544783054606,6.91201593608,-0.000163565431508,0.0588020806917
531,0.0952337303188,0.200863090868,-0.523456056148,2.71144069471,0.00546130248187,9.64709560562,0.0102164155436,0.0652157236792
532,0.0898308467899,0.198556142512,-0.580571053507,2.71637337326,0.00547116783896,8.36240966619,0.00451143028066,0.0631532754352
533,0.0811407467389,0.19789261245,-0.531947750054,2.70815570264,0.00545473249772,6.60299156466,-0.00290554064173,0.061659817452
534,0.0899682601792,0.199293592909,-0.530585282208,2.71454448557,0.00546751006357,8.39315211677,0.00512844907261,0.0651346215115
535,0.122901368587,0.190830438516,-0.467797149298,2.7073197384,0.00545306056924,19.3681133795,0.0346863787648,0.0551979326867
536,0.0995265099307,0.182599172894,-0.458007075062,2.69967496084,0.00543777101412,10.7870393214,0.0115681032053,0.0602181697153
537,0.0968426869492,0.205765781849,-0.620273955153,2.70962938128,0.00545767985499,10.061343991,0.013011686186,0.0619982920357
538,0.0960182520109,0.194718781564,-0.471995322769,2.69255057577,0.00542352224398,9.84718275188,0.0111210612047,0.0590333685099
539,0.0888125055757,0.203868622119,-0.519461464541,2.7129880183,0.00546439712904,8.13758004483,0.00556752888803,0.0677986680834
540,0.0934336135892,0.192651474384,-0.605997218185,2.71161777737,0.00546165664718,9.20131218178,0.00777725452155,0.0603897150493
541,0.0742210060441,0.189008388361,-0.460566659929,2.70452200192,0.00544746509629,5.43394317326,-0.00999973450536,0.0601906842988
542,0.0615921817093,0.191474228513,-0.542576406405,2.6956143688,0.00542964983005,3.73081572008,-0.0219865173283,0.0617897708687
543,0.0621633323194,0.203685157341,-0.559146087182,2.70060418086,0.00543962945415,3.79744249456,-0.0199919994026,0.0589804879835
544,0.0723399963248,0.202120424307,-0.532918884052,2.71490005805,0.00546822120855,5.14733165894,-0.0109141512412,0.05945377155
545,0.0538734261984,0.207151531484,-0.611604493183,2.71265420515,0.00546372950275,2.91319052557,-0.0264561904816,0.063333318609
546,0.0575588002383,0.196062320444,-0.529546366945,2.71738879165,0.00547319867573,3.28500054533,-0.0246493689971,0.0608761267438
547,0.0763670535683,0.19804100467,-0.616269098066,2.71100391963,0.00546042893171,5.77663426934,-0.00703899979247,0.0588433468824
548,0.0832053328123,0.189210594828,-0.548187610848,2.71012592621,0.00545867294487,6.98965529062,-0.00188404747609,0.0557426298036
549,0.0913112541882,0.194716565507,-0.626845736418,2.71317952034,0.00546478013312,8.69876486174,0.00657756828,0.0625932907531
550,0.0930222214435,0.182217869072,-0.441738565387,2.70386536978,0.00544615183199,9.10198352098,0.00538595348782,0.056408544384
551,0.0986747257422,0.193590516308,-0.494239654182,2.70850937526,0.00545543984296,10.5519002567,0.0117448405341,0.0620239099279
552,0.0773058933326,0.201707586695,-0.579286266942,2.69298865967,0.00542439841178,5.93201024928,-0.00488336395937,0.063920271467
553,0.0945246373246,0.199553686863,-0.578769262794,2.70905397554,0.00545652904351,9.46930335621,0.00992811833292,0.0630260047669
554,0.0737496440443,0.209150556385,-0.618748534688,2.69768499625,0.00543379108493,5.36093794099,-0.00801604892264,0.065292101941
555,0.0878436327,0.19525160368,-0.574342742705,2.70593614566,0.00545029338375,7.92849754014,0.00225945925652,0.0585495278927
556,0.0928509520464,0.203748754957,-0.577060903289,2.71989076437,0.00547820262117,9.06090609755,0.00872460086251,0.0660638068544
557,0.0737615220444,0.192933200434,-0.503240663664,2.70263107201,0.00544368323645,5.36276780037,-0.0104463855068,0.0559464373533
558,0.0820110998464,0.198240267379,-0.538983070059,2.70512646135,0.00544867401513,6.76374883569,-0.00165828083099,0.0585510583697
559,0.0817527532964,0.2126575058,-0.60485887655,2.70347137667,0.00544536384577,6.71569335434,0.00062412994181,0.0634887202981
560,0.082991851326,0.204111983524,-0.594663448273,2.70738623993,0.00545319357229,6.94881356409,0.00193124885454,0.0703500802247
561,0.0679225918888,0.195109142589,-0.582595072759,2.7102635079,0.00545894810824,4.52170493618,-0.0158227599209,0.061314000228
562,0.0786685644085,0.186692239951,-0.506734720477,2.71118429095,0.00546078967434,6.16363749358,-0.00650702095166,0.0598521134979
563,0.0926052898678,0.210647222464,-0.640435602129,2.70944709825,0.00545731528894,9.00226652821,0.00860043809732,0.067675761539
564,0.0808892280034,0.187305797192,-0.476866761991,2.70583796096,0.00545009701436,6.55713449138,-0.0045622568127,0.0615084531687
565,0.067303599171,0.204003820668,-0.609055212168,2.71955671566,0.00547753452376,4.43908752032,-0.015381431894,0.0619441420547
566,0.0955394794379,0.199584965148,-0.580516984918,2.70698068953,0.0054523824715,9.7246492272,0.0114889567368,0.0609330997193
567,0.0751351101094,0.188109009307,-0.530968116393,2.70918775694,0.00545679660633,5.57782371847,-0.0110408674852,0.0562632281117
568,0.0741321355301,0.206142939578,-0.580787245667,2.70995758345,0.00545833625933,5.42011743247,-0.00812329250392,0.0652584989479
569,0.0809436596536,0.199327719342,-0.519362105716,2.70969408621,0.00545780926485,6.56703590254,-0.00232851931042,0.0565866459366
570,0.0751042614984,0.199608088798,-0.568849421327,2.71889545811,0.00547621200866,5.57291808326,-0.00839179680812,0.0639052792266
571,0.0905420221732,0.198642832931,-0.561410250751,2.69806552638,0.0054345521452,8.52256751513,0.00671766204463,0.0599658161202
572,0.0777280418971,0.201484068277,-0.530982551395,2.70993371853,0.0054582885295,6.00298608677,-0.00576072047851,0.0573758049012
573,0.0601226471084,0.205383910522,-0.626142237906,2.70684869173,0.00545211847589,3.56345351503,-0.0220664727411,0.0605187092477
574,0.0766498698852,0.188009207695,-0.546288232595,2.71321233937,0.00546484577118,5.82308381297,-0.0085735920431,0.0593410795483
575,0.0563307493247,0.192615118262,-0.556611431478,2.71145893961,0.00546133897167,3.1574836964,-0.0271484687811,0.0629678374174
576,0.0865671487956,0.194838407424,-0.497488064159,2.71106970324,0.00546056049892,7.66004583885,0.00177354502382,0.0561921696125
577,0.0699441890524,0.188161632108,-0.50799711495,2.70431824056,0.00544705757355,4.80001915028,-0.0143412617468,0.0642551685597
578,0.10044237927,0.194396671475,-0.468666213012,2.70775108326,0.00545392325895,11.0450023741,0.0155690928302,0.0633253788099
579,0.0795069081674,0.196191737922,-0.519904252866,2.70541013956,0.00544924137156,6.30981787023,-0.00492700058199,0.0593709875055
580,0.0956263206598,0.188170503102,-0.507233790054,2.70568424914,0.00544978959071,9.74677546659,0.010091591635,0.0581506838231
581,0.0727731598508,0.192302492313,-0.531926130392,2.70803465073,0.00545449039391,5.21222449837,-0.0113385975528,0.0597738756965
582,0.0895387070403,0.190144911707,-0.561373057221,2.70727673033,0.00545297455309,8.29737262085,0.00401852983569,0.0592579974442
583,0.0902951687902,0.196005580726,-0.532422404661,2.71488439492,0.00546818988228,8.46667951825,0.00602218106226,0.0609967668894
584,0.0516125117175,0.202532832464,-0.61004661962,2.70746828751,0.00545335766747,2.70066077753,-0.031438586233,0.0562255586249
585,0.0798304982731,0.189801413866,-0.583807863705,2.70392411551,0.00544626932345,6.36700533016,-0.00543932984779,0.062805722786
586,0.0840563187648,0.196249238568,-0.602297882784,2.71751815061,0.00547345739365,7.1544741185,-0.000437032590052,0.0604996030062
587,0.0689827150581,0.194164977101,-0.562537872894,2.71242728414,0.00546327566072,4.66601102047,-0.0157171294815,0.0609199752906
588,0.0795080087472,0.199088997139,-0.573798695398,2.71099446296,0.00546041001837,6.3100116482,-0.00467181181735,0.0614602427595
589,0.0669814447313,0.192372448152,-0.476355155371,2.69649432033,0.0054314097331,4.39656092711,-0.0166822454367,0.0634797764508
590,0.0875471658878,0.193246838843,-0.467240872077,2.71617424167,0.00547076957577,7.86544459619,0.00193365477992,0.0659031856868
591,0.0663438804924,0.208065357922,-0.602878646263,2.70685245298,0.0054521259984,4.31333862163,-0.0158910877406,0.0581936640054
592,0.0776383252308,0.194871473769,-0.600079770553,2.70891361886,0.00545624833015,5.98784379722,-0.00576996586467,0.0662688687634
593,0.0670755180647,0.200194785422,-0.591158082783,2.72206383694,0.00548254876632,4.40894608932,-0.0153881529275,0.0632563243431
594,0.0654228775763,0.207884899282,-0.567267284271,2.70924561124,0.00545691231492,4.19529418888,-0.015833103063,0.0614891333346
595,0.0880149803091,0.196344210448,-0.611220862321,2.70072051544,0.00543986212331,7.9651363647,0.00452434110918,0.0632781467972
596,0.0787292802393,0.19781052409,-0.570142853618,2.70552950881,0.00544948011006,6.17412927776,-0.00372551737095,0.0688748165539
597,0.0594644403215,0.20520064692,-0.590653184526,2.71058397181,0.00545958903605,3.4903515552,-0.0231579239695,0.0548590567757
598,0.0873886852775,0.209059271342,-0.599979290211,2.7103760297,0.00545917315185,7.83191457388,0.00302544014575,0.0587601555527
599,0.101009050838,0.183065418994,-0.497629739297,2.71519735428,0.005468815801,11.2073198883,0.0131212409923,0.0572886299878
600,0.082583262238,0.187492194964,-0.493635833869,2.70991222469,0.00545824554182,6.8712043621,-0.00360934386549,0.0568283246667
601,0.0703400077409,0.193827594107,-0.547806517086,2.70638724218,0.0054511955768,4.85606849324,-0.013777505476,0.0607800813173
602,0.0956645588492,0.187350536498,-0.524073898462,2.69588833697,0.00543019776638,9.75653207196,0.00992540140403,0.0592699477676
603,0.0778116272315,0.183105759847,-0.499989624988,2.69411682399,0.00542665474041,6.01712192251,-0.00759574069263,0.0536891811363
604,0.0796510238912,0.2021031445,-0.58430225971,2.71423193506,0.00546688496255,6.33523424798,-0.00376578491969,0.0601048179315
605,0.0733419065491,0.200928680245,-0.540103640225,2.7149648382,0.00546835076885,5.2984300564,-0.0087671767512,0.058194433083
606,0.0540108188489,0.189511864326,-0.535511539794,2.70091034331,0.00544024177907,2.92647701321,-0.0295632398144,0.0670310562944
607,0.0718461801448,0.190970887288,-0.522372685156,2.70583874997,0.00545009859237,5.07414740968,-0.0119716444653,0.0601233646251
608,0.0789950076095,0.19987280724,-0.560587509733,2.71624146278,0.005470904018,6.22022144734,-0.00426191800948,0.0568662975817
609,0.0737107262138,0.200474690082,-0.621291378696,2.71180371422,0.00546202852088,5.3549460183,-0.00887305136463,0.0580774753589
610,0.0607185569868,0.202997301298,-0.565556527591,2.70182413445,0.00544206936134,3.63062253663,-0.021362922245,0.0587243277537
611,0.0709578713568,0.200551505681,-0.586355703544,2.7133572722,0.00546513563685,4.94460253997,-0.0117367841448,0.0566025512236
612,0.0868694021079,0.192505402183,-0.514277429712,2.71080695944,0.00546003501132,7.72290112838,0.00171501520256,0.0655163061672
613,0.0658726557369,0.19498525451,-0.491410525923,2.70998771675,0.00545839652594,4.25262344288,-0.0170642445513,0.0573607630744
614,0.0697338036409,0.192650556903,-0.480708485533,2.71457276148,0.00546756661539,4.77043814056,-0.0133002818603,0.0576677388114
615,0.0740289221837,0.193211820037,-0.495708102919,2.69929972712,0.00543702054667,5.40409620629,-0.0105445944943,0.0604287658652
616,0.0679954015105,0.190494431987,-0.482238722117,2.70441522066,0.00544725153377,4.53150183437,-0.0160069505883,0.0586264224316
617,0.0766445418865,0.1973313639,-0.525040893286,2.70120335267,0.00544082779779,5.82220592385,-0.00533158971732,0.0633100230292
618,0.0811879135779,0.193943885832,-0.585634994304,2.71061731082,0.00545965571408,6.61162079628,-0.00374555578573,0.0569270205857
619,0.0824442739933,0.197543244034,-0.608044813388,2.71526008645,0.00546894126533,6.84497079685,-0.000720477173649,0.0597713703206
620,0.0756264150268,0.198906244199,-0.612601044903,2.72444250455,0.00548730610153,5.65642857432,-0.00874743646862,0.0597984351515
621,0.0591579119792,0.198860084221,-0.509219228349,2.70178101458,0.0054419831216,3.45669335637,-0.0239370984269,0.0638694933007
622,0.0893729124472,0.189994927106,-0.495293115907,2.7057372598,0.00544989561204,8.26065637705,0.00479000611934,0.0594255661845
623,0.0993094133791,0.189266218047,-0.561274468268,2.70596590354,0.00545035289953,10.7266755161,0.0125181887167,0.0581647941006
624,0.0993153170508,0.191136182635,-0.563060486418,2.71082440975,0.00546006991194,10.7283130961,0.0133082951999,0.0646309055182
625,0.10526623961,0.183541566991,-0.494407735132,2.70801438657,0.00545444986558,12.4958121563,0.0174163467024,0.0558725169829
626,0.0691415638522,0.196603658887,-0.489866991385,2.71539170072,0.00546920449387,4.68794380708,-0.0135394494447,0.0584931450509
627,0.0869426664736,0.192710676137,-0.505666106269,2.70747822759,0.00545337754762,7.73820279014,0.00235149493486,0.0578483868527
628,0.0705907345272,0.201790651301,-0.600818956681,2.70826119328,0.005454943479,4.89184134755,-0.0120842796163,0.0650598121367
629,0.0799473937487,0.188389405089,-0.480931827685,2.70511482854,0.00544865074952,6.38776962217,-0.00547550574279,0.0632227566762
630,0.0649626073526,0.20610949544,-0.599627810734,2.70674311853,0.00545190732949,4.13725068288,-0.0177482442037,0.0599038104347
631,0.0626248208882,0.206049995065,-0.567200386211,2.71097135166,0.00546036379576,3.85193492879,-0.0197904566964,0.0615555632467
632,0.0842902773421,0.19685998106,-0.511177756081,2.70918814614,0.00545679738472,7.20035707675,-5.27109117604e-05,0.0548163635329
633,0.0772521808143,0.185273091518,-0.464480373882,2.70080493417,0.00544003096078,5.9230293209,-0.00851877306514,0.062116722933
634,0.0939912634788,0.187413144478,-0.477781430974,2.71438423706,0.00546718956656,9.33745435977,0.00871292661178,0.0582446932838
635,0.0636918638185,0.19497501928,-0.54433916695,2.70442046488,0.00544726202219,3.98021944429,-0.0192942078463,0.0564180645491
636,0.081314108628,0.192624518144,-0.497953105618,2.70785760122,0.00545413629488,6.6347546662,-0.00168650411747,0.0669445912817
637,0.084964081609,0.197368135134,-0.577852366963,2.71051907116,0.00545945923476,7.33389189996,0.0023730129529,0.0633903606676
638,0.0837557332201,0.206903017466,-0.615459305361,2.70239442797,0.00544320994838,7.09588677456,0.000210477635606,0.0618304247111
639,0.0955446914955,0.198892251569,-0.66693256924,2.71019892391,0.00545881894026,9.72597596871,0.0106869849585,0.0682556319773
640,0.0844367403379,0.196498139511,-0.58950429634,2.7122112386,0.00546284356963,7.22920701128,-0.000102254515956,0.0586511642148
641,0.0782457586629,0.197461335737,-0.590870412286,2.71325590475,0.00546493290194,6.0909840613,-0.00603380888762,0.0583908048113
642,0.081232664026,0.199746383855,-0.609178817612,2.71130857087,0.00546103823417,6.61981665164,-0.00173138993892,0.0640531491896
643,0.0651412421873,0.193117725594,-0.530698424705,2.71295851577,0.00546433812398,4.15970344003,-0.0184894724221,0.0588553476961
644,0.0742108343757,0.194494705072,-0.549646275366,2.71414679367,0.00546671467977,5.43235929943,-0.0100965775859,0.0590810133126
645,0.0933765523913,0.192477151685,-0.510096263653,2.71669717898,0.0054718154504,9.18747914829,0.00647185449469,0.0570851005951
646,0.0733623968259,0.193249159901,-0.504704360998,2.71146754305,0.00546135617853,5.3015571574,-0.0107457938086,0.064081375774
647,0.079325794805,0.19592376417,-0.590787527614,2.6989689892,0.00543635907083,6.27799661826,-0.00449961728941,0.0562807878407
648,0.0848867466953,0.187310010467,-0.449083409956,2.70648120275,0.00545138349794,7.31846007111,-0.000703131935457,0.0594508796433
649,0.0563534914332,0.202743630021,-0.654357639346,2.71215868957,0.00546273847157,3.15981165074,-0.0257750910715,0.0608757211721
650,0.0786442893001,0.199735490043,-0.590191570151,2.7172885738,0.00547299824003,6.15944684929,-0.00426103532375,0.0575108858788
651,0.0841259292159,0.189825052533,-0.575524814785,2.71009158879,0.00545860427002,7.16809996288,-0.00167870344879,0.0636681107583
652,0.0929403564157,0.197611654896,-0.573922970212,2.70257044231,0.00544356197705,9.08232885237,0.0086051145761,0.0597751913441
653,0.0730153227699,0.183932433676,-0.502074325811,2.70483638698,0.00544809386639,5.24878979459,-0.0129903716287,0.0614855917583
654,0.0856974552458,0.200461208606,-0.607997626983,2.71260091501,0.00546362292246,7.48160806564,0.00125147826435,0.0634390979267
655,0.0866784609975,0.185015746861,-0.411060497038,2.69351968084,0.00542546045412,7.6831430143,-0.000277748168412,0.0660247711784
656,0.0877941062733,0.203285585929,-0.597703303222,2.71342594432,0.00546527298109,7.9179342801,0.00452971809965,0.0603257725036
657,0.0970186802825,0.193168693545,-0.547626887763,2.71523585137,0.00546889279518,10.1075850033,0.0114717481199,0.0601028019632
658,0.0677745459062,0.196133627724,-0.586139840434,2.71898083202,0.00547638275647,4.50183603612,-0.016691078583,0.0598515455888
659,0.0764342355187,0.20237687569,-0.56983921024,2.71557141841,0.00546956392926,5.78764056974,-0.0070704415476,0.0620080476067
660,0.0687942987405,0.190600977511,-0.502558302587,2.70613142331,0.00545068393905,4.64010117316,-0.0165124428286,0.0605581066969
661,0.0746239969251,0.187379276382,-0.616491792554,2.70268328507,0.00544378766259,5.49699722728,-0.0107395101412,0.0639979801853
662,0.0886404885677,0.184839719537,-0.493504279436,2.71191228477,0.00546224566197,8.10011828008,0.00165835805375,0.059464137556
663,0.0530135884146,0.198216563238,-0.555630745709,2.71488774892,0.00546819659027,2.8310169479,-0.030846002399,0.0597475251894
664,0.0612963367896,0.201933077324,-0.641120823887,2.70280977443,0.0054440406413,3.69665504555,-0.020133279394,0.0635542874591
665,0.0771857516705,0.195334678876,-0.592226331888,2.7095672047,0.00545755550184,5.9119376005,-0.00743464334617,0.0587196725405
666,0.0778761396487,0.192615447472,-0.614672815099,2.71269454138,0.0054638101752,6.02805092871,-0.00762856903184,0.0647477016487
667,0.0778894827837,0.199942938569,-0.63738305693,2.71336378739,0.00546514866721,6.03031342222,-0.00599635729578,0.0658419550742
668,0.070024209388,0.204947261319,-0.558669442051,2.71313758782,0.00546469626808,4.81130855304,-0.0127827081436,0.0563963925712
669,0.0951621759298,0.196965798513,-0.515001366052,2.71152431452,0.00546146972148,9.6290237734,0.0105852903803,0.0550718319016
670,0.0876556264399,0.204947354439,-0.56753359726,2.7048397187,0.00544810052984,7.88846229841,0.00513695987278,0.0604196628397
671,0.0800854288258,0.200588310778,-0.559412101821,2.72068817466,0.00547979744176,6.41236143174,-0.00265286150652,0.060814683371
672,0.0872848889807,0.191611930886,-0.496214323915,2.70466831565,0.00544775772375,7.81002032816,0.00226782606203,0.0614027144855
673,0.0854552631357,0.196137967907,-0.555829829103,2.7018773255,0.00544217574344,7.43254948407,0.00158578787753,0.055289988655
674,0.0830488147907,0.197539521658,-0.542154966528,2.70713025248,0.0054526815974,6.95969172084,-0.00104970611533,0.0619794720901
675,0.0930380918397,0.191254179595,-0.549381970412,2.70973930495,0.00545789970233,9.10579804608,0.00729740296317,0.0557844081287
676,0.0903221320164,0.184323512735,-0.407460543801,2.70121164917,0.00544084439077,8.4727686577,0.0038311863293,0.0617865112284
677,0.0807116927696,0.194364282504,-0.525857609944,2.70254790585,0.00544351690413,6.52492637824,-0.002527574459,0.0580759825012
678,0.0916197124798,0.195313918826,-0.490849232946,2.71551317667,0.00546944744578,8.77029609524,0.00675042959037,0.0582638853607
679,0.0731115573727,0.2004633699,-0.495605605123,2.70056643585,0.00543955396414,5.26337808646,-0.00943632588112,0.0603216108091
680,0.0837738994796,0.191039326186,-0.495227059827,2.71000393298,0.00545842895839,7.09941605158,-0.000506081751146,0.0645544689207
681,0.087752355955,0.200821037036,-0.582091298472,2.70785074856,0.00545412258957,7.90903888553,0.00449275394791,0.0610731223163
682,0.096214492385,0.200758599,-0.53979779847,2.70809243449,0.00545460596142,9.89779505517,0.0125591723286,0.0715625354389
683,0.0749151278539,0.188054871382,-0.56023156388,2.70815799015,0.00545473707274,5.54291831757,-0.00981523552777,0.0607862448089
684,0.0763438370799,0.190482353569,-0.535801494787,2.71182400793,0.0054620691083,5.77283474438,-0.00915104413181,0.0539978595707
685,0.0637709374601,0.199945464359,-0.599212501007,2.70611319871,0.00545064748987,3.98985472191,-0.0174355555305,0.0598791526336
686,0.0753579176203,0.201026077416,-0.625997968516,2.70499957903,0.00544842025049,5.61335989658,-0.00775837833381,0.059598522446
687,0.0844502191116,0.191619722111,-0.456277581313,2.71275196135,0.00546392501514,7.23186692677,0.000291375303871,0.0571867567946
688,0.0667444446502,0.190707157336,-0.560758964067,2.71437710875,0.00546717530993,4.36547960394,-0.018123010317,0.0543399131051
689,0.0919294369543,0.207017874001,-0.574303140627,2.70545904288,0.00544933917819,8.84263121733,0.0093302317723,0.0703155635334
690,0.0731637784421,0.191890067634,-0.529819409318,2.70867894516,0.00545577898277,5.27130802726,-0.0099565055943,0.0617505025902
691,0.0779228808948,0.196732375939,-0.520012444557,2.70518840312,0.00544879789868,6.03597955562,-0.0058331741765,0.0589809535906
692,0.0604708845753,0.191944545532,-0.580887787599,2.70934216926,0.00545710543096,3.60259106234,-0.0218610108573,0.0567978879793
693,0.0622007506889,0.191468091809,-0.491397358212,2.71207381624,0.00546256872493,3.80183882991,-0.0212303689086,0.0614349257322
694,0.0862898569148,0.186969451709,-0.483951562349,2.70882095329,0.00545606299902,7.60276463575,0.000243213343507,0.0583620365827
695,0.0679803205493,0.199720940651,-0.52638043735,2.71519197894,0.00546880505032,4.52947124431,-0.0153456287032,0.0553996821573
696,0.0745042359483,0.200800907333,-0.622863538323,2.71460309217,0.00546762727677,5.47819701392,-0.0094215147417,0.0604591493631
697,0.0740015064974,0.204329161463,-0.570502034407,2.71126096539,0.00546094302321,5.39984708984,-0.0074098191092,0.0656045857617
698,0.0878319615705,0.196003332867,-0.50655923614,2.70679600309,0.00545201309862,7.9260071765,0.00236756530177,0.0543770377795
699,0.0880722938943,0.186701533745,-0.523213449059,2.71442145695,0.00546726400634,7.97742381643,0.0017838363191,0.0599773627537
700,0.0787551191163,0.195062553993,-0.536497524427,2.71524779941,0.00546891669126,6.17859875394,-0.00550744730857,0.0589591438972
701,0.0562063287898,0.187724412962,-0.482739105632,2.70567597647,0.00544977304537,3.14476977311,-0.0279048586196,0.0638646074713
702,0.0870250672026,0.193953203752,-0.465314552637,2.69805219996,0.00543452549236,7.75544346943,0.00308098522475,0.0594089520821
703,0.104990295172,0.185548236035,-0.462583716916,2.71184535386,0.00546211180016,12.4084757829,0.0178703446298,0.0590670042501
704,0.0819846761093,0.190846099627,-0.573936249974,2.71663658083,0.0054716942541,6.75882052998,-0.00374928766964,0.0647905353338
705,0.0835850573027,0.189846672196,-0.495988803669,2.70645577062,0.00545133263368,7.06280058703,-0.00171946111122,0.0605121740803
706,0.0747789509465,0.19641771997,-0.54791644134,2.70850785071,0.00545543679385,5.52139994712,-0.00857153993172,0.0587431797
707,0.0682132564243,0.187464103252,-0.459176139458,2.70647626942,0.00545137363127,4.56091522401,-0.0169242541789,0.0652005530522
708,0.0688477075689,0.184229495043,-0.474389025146,2.69685397468,0.0054321290418,4.64743403236,-0.0167367623666,0.0662043248015
709,0.0865842555743,0.189578218242,-0.58701312248,2.70733387941,0.00545308885127,7.66359163323,0.00117703144733,0.061615985907
710,0.0625415134653,0.195926984365,-0.578228402581,2.71416509009,0.00546675127262,3.84205419124,-0.0191657038319,0.0645831139581
711,0.0949204029988,0.203895055609,-0.569749496029,2.71067117487,0.00545976344218,9.56817935153,0.00999712113496,0.0594446014993
712,0.098745777534,0.194554124701,-0.475304540257,2.70401474278,0.005446450578,10.5713407231,0.0128955970079,0.0600315914095
713,0.078677982118,0.207736607483,-0.594749517676,2.71263871109,0.00546369851462,6.16526392023,-0.00327741052025,0.0661523170852
714,0.083523122235,0.196181932941,-0.622378053381,2.70742626471,0.00545327362186,7.05082641578,-0.000653363271818,0.066568211685
715,0.0879039674376,0.194690120819,-0.534206133673,2.71185104424,0.00546212318092,7.9413823106,0.00412839043822,0.059435312094
716,0.0518589385607,0.196139027949,-0.545560281755,2.714337229,0.00546709555045,2.72327493784,-0.031535435245,0.0643970646216
717,0.0895126693358,0.183778937213,-0.461993482042,2.69673615364,0.00543189339972,8.29159715865,0.00378803527087,0.0594682950492
718,0.107261491771,0.189811667718,-0.467304342056,2.71512352431,0.00546866814106,13.1437860992,0.0197791288292,0.0625432447508
719,0.0737086628352,0.19898320565,-0.599948713278,2.71054804798,0.0054595171884,5.35462848499,-0.00999415976066,0.0587923642752
720,0.0767080025881,0.198419298829,-0.618081290947,2.7061107364,0.00545064256523,5.83266934238,-0.00686293371862,0.0528432010634
721,0.100823747596,0.199832158759,-0.613081080169,2.71818132995,0.00547478375234,11.1540115405,0.0151170662031,0.0661820961539
722,0.0678709597064,0.194193912321,-0.536693089505,2.7087969655,0.00545601502344,4.5147676812,-0.0160763025965,0.060673426681
723,0.057622250572,0.19604663067,-0.551511949197,2.70859889158,0.0054556188756,3.2916901775,-0.0270945161057,0.0639857302265
724,0.0764581760361,0.183639025819,-0.474702742974,2.69715091593,0.0054327229243,5.79156685481,-0.00931399838261,0.063236040095
725,0.0822108543385,0.197705379189,-0.543968021078,2.6992902071,0.00543700150664,6.80110266403,-0.00240371508638,0.0583274377038
726,0.0825204127309,0.187484096744,-0.600151935139,2.70988496708,0.00545819102659,6.85933129775,-0.00321765468363,0.0602752293354
727,0.0669282366256,0.204998793448,-0.583471507633,2.69911461752,0.00543665032748,4.38956792723,-0.0156162509331,0.0608938551256
728,0.0528441861617,0.186996645147,-0.447435759273,2.70042489695,0.00543927088634,2.81502422697,-0.0312712106415,0.0652323580949
729,0.058250063963,0.194342020624,-0.517719975156,2.70800606795,0.00545443322834,3.35842470714,-0.0251682897125,0.0644527687265
730,0.0680161685054,0.196734323855,-0.567080495198,2.71260379053,0.0054636286735,4.53429919924,-0.0155611324151,0.0544797148942
731,0.102725409812,0.199690844021,-0.610012152995,2.70169409896,0.00544180929036,11.7118882776,0.0182844635292,0.0617816423984
732,0.0839058353612,0.20205390218,-0.634672926825,2.71888774197,0.00547619657637,7.12509251517,0.000784894390077,0.0641170728482
733,0.0832089322369,0.208298844852,-0.552713268467,2.69992785646,0.00543827680536,6.99034563309,0.000743166575794,0.0611540137459
734,0.0951693015444,0.207306398397,-0.58958390118,2.71057201025,0.00545956511295,9.63082210099,0.0117282010825,0.0657777889149
735,0.0798219511103,0.197191031479,-0.585714087272,2.70845675341,0.00545533459925,6.36548929032,-0.00461014823476,0.0640543353304
736,0.0909611013953,0.189251302526,-0.462936523616,2.70920122973,0.0054568235519,8.61817495232,0.00681164649147,0.0599876327888
737,0.0891596889397,0.19911841341,-0.524329047534,2.71472152124,0.00546786413492,8.21364161509,0.00491132677661,0.0567335742524
738,0.0813620730231,0.196858101203,-0.602766317733,2.71527468805,0.00546897046854,6.64356513944,-0.00354469558847,0.0656130644354
739,0.0677654924757,0.196404542878,-0.506990470238,2.71596475148,0.0054703505954,4.50062322984,-0.0146801056771,0.0657295907946
740,0.0849938100433,0.190722324293,-0.50598689028,2.70483545072,0.00544809199388,7.33983139488,0.0005900428395,0.0559505846292
741,0.0940219427729,0.200577365993,-0.598871352872,2.7021602647,0.00544274162184,9.34499474585,0.00979069891598,0.0631345763248
742,0.0711931239734,0.190769427161,-0.5423606753,2.70919697268,0.0054568150378,4.97864916987,-0.0132495838556,0.0598495322799
743,0.0827248597862,0.200262232026,-0.601918549881,2.71985600505,0.00547813310253,6.8980171565,-0.0015960716338,0.0592378817321
744,0.0906468902995,0.187706586513,-0.496530792204,2.70954370424,0.00545750850092,8.54640571868,0.00569302088711,0.0537523759338
745,0.0779581617383,0.192593437573,-0.566117031887,2.69995408634,0.00543832926511,6.04196987192,-0.00615452492286,0.0580513739578
746,0.0563257214596,0.18927640808,-0.52468903319,2.70356725062,0.00544555559368,3.15696919729,-0.0288251637108,0.0655367633559
747,0.0663100982572,0.184830707075,-0.48170606937,2.70102430632,0.00544046970508,4.30896357359,-0.0182352251959,0.063860144721
748,0.0729020186338,0.194322941779,-0.560578221156,2.71951533885,0.00547745177013,5.23165579286,-0.0121800321955,0.0553791372689
749,0.062275833181,0.187029212725,-0.477370548774,2.6968284534,0.00543207799923,3.81067206252,-0.0224327301771,0.0741443779969
750,0.0772080096666,0.183112591316,-0.479310741768,2.70260639525,0.00544363388295,5.91565212877,-0.00813137211162,0.058346986439
751,0.085785769755,0.19072906736,-0.485795148064,2.70542262966,0.00544926635177,7.49956529494,0.000212527207696,0.0640210905478
752,0.0714337631831,0.195737402396,-0.582488352295,2.70330410493,0.0054450293023,5.01366931783,-0.0111298163607,0.0550085722118
753,0.0851707386699,0.200345557388,-0.56841431401,2.70953968284,0.00545750045812,7.37526455441,8.19134878635e-05,0.0613062550597
754,0.0917610221638,0.197726400608,-0.605084215937,2.70836342326,0.00545514793895,8.8032348694,0.00765532199886,0.0633157578565
755,0.043944549928,0.199489159347,-0.49247054837,2.70609160407,0.00545060430058,2.05941775381,-0.0388592854029,0.0626948746108
756,0.0886659042689,0.193446577248,-0.577799528033,2.71604274198,0.00547050657639,8.10564398407,0.00222246610462,0.0581799605093
757,0.0860661361701,0.18987005882,-0.545879230003,2.70776433772,0.00545394976788,7.55681552672,0.000712563272723,0.0637655613877
758,0.0863273357892,0.183696860779,-0.508832098168,2.71055636597,0.00545953382438,7.61048543729,-0.000471714691259,0.058818707034
759,0.0934188595271,0.190339601893,-0.441086778519,2.7008693522,0.00544015979684,9.19773370516,0.00736089219348,0.0610094407011
760,0.0765776698044,0.185974352479,-0.529407182926,2.70682516463,0.00545207142169,5.81119670832,-0.00790152277306,0.0585326324802
761,0.0833623078425,0.205371844364,-0.586988229257,2.70658575435,0.00545159260114,7.01981526674,0.00139359686251,0.0662629548886
762,0.0615010149367,0.205374708738,-0.622847522821,2.70430681354,0.00544703471952,3.72026347286,-0.0216099360213,0.0599574862489
763,0.0927052978269,0.191341359088,-0.540366582876,2.70170401552,0.00544182912348,9.02609866071,0.00743035247705,0.0558039163145
764,0.0608927367312,0.183090682238,-0.509558844111,2.7056400482,0.00544970118884,3.65043437704,-0.0243447040229,0.0618915777599
765,0.0620969765322,0.200592545299,-0.55369167675,2.71642494851,0.00547127098946,3.78965577797,-0.0211778586498,0.056373576968
766,0.0703228480587,0.194331895541,-0.493739086736,2.71566162048,0.0054697443334,4.8536278584,-0.0130649738335,0.0599875396144
767,0.102273921851,0.199997408248,-0.556281285203,2.70732352721,0.00545306814685,11.5772514456,0.0182148174453,0.062509993931
768,0.0588514321124,0.196413022306,-0.591390717354,2.70797171516,0.00545436452276,3.4232830807,-0.0251552646409,0.0624543709636
769,0.0816768361385,0.195560635243,-0.53211909236,2.70956032055,0.00545754173354,6.70162633299,-0.00268569353813,0.0610543253915
770,0.0733148052668,0.188155962448,-0.46155558778,2.6987237872,0.00543586866683,5.29429631595,-0.0117916649329,0.0692865369613
771,0.0518266316881,0.210382780148,-0.624481126487,2.71485097953,0.00546812305151,2.72030264223,-0.0295040024489,0.0541750117762
772,0.0944570971614,0.203074937835,-0.561764071374,2.70938517354,0.00545719143952,9.45251857866,0.00960256274724,0.0629855506433
773,0.0733060138633,0.1965836229,-0.593191789573,2.70891923201,0.00545625955646,5.29295592952,-0.00958479945652,0.0623370789209
774,0.0904813372504,0.183679470293,-0.516083430242,2.70167020014,0.00544176149272,8.50879901613,0.00376205519353,0.0551674103582
775,0.0601098356581,0.197258861006,-0.619178482613,2.71148048562,0.00546138206367,3.56201978817,-0.0227443992714,0.0588648776657
776,0.091030205504,0.209068891104,-0.628004493893,2.70954683639,0.00545751476521,8.63402853465,0.00809742223081,0.065268147291
777,0.0876476275819,0.186143116812,-0.511881568792,2.71330997469,0.00546504104181,7.88676280493,0.00142376683782,0.0574437171441
778,0.0864180003339,0.196737121246,-0.499910969584,2.70363365814,0.00544568840871,7.62919026853,0.00192770322002,0.0594235730351
779,0.0953928495279,0.190083874987,-0.619760655954,2.70474518375,0.00544791145994,9.68738883805,0.00982665782896,0.0580820779671
780,0.0733735718846,0.186413488295,-0.51297937871,2.70647879423,0.0054513786809,5.30326325571,-0.0116561843226,0.0643691576449
781,0.0847280768124,0.192776138558,-0.566124942661,2.70816627989,0.00545475365222,7.28688419305,0.000502398570147,0.0575235050794
782,0.0664188594158,0.18709243377,-0.576194007298,2.71587151181,0.00547016411605,4.32306133331,-0.0183238759104,0.0632777568143
783,0.0873201617641,0.200774334764,-0.509424113826,2.70723056723,0.0054528822269,7.81745472322,0.00401024941012,0.0585105739271
784,0.0641687699204,0.187675865998,-0.492799222159,2.70264739345,0.00544371587934,4.03860396582,-0.0205573095752,0.0621208523209
785,0.083463513004,0.198977510458,-0.613213491279,2.71162174388,0.00546166458019,7.03931805761,-0.000901116978711,0.0635873171719
786,0.0826311644601,0.188647388336,-0.425579449833,2.70898714491,0.00545639538226,6.8802652758,-0.00235375543175,0.060322100307
787,0.0966910557735,0.188193375779,-0.54142890677,2.71032006144,0.00545906121531,10.0216524526,0.0107457297208,0.0628980834881
788,0.0610804351029,0.199221844681,-0.604273020083,2.7105201722,0.00545946143684,3.67187510773,-0.0220981117925,0.0626443567359
789,0.0606965305838,0.206022755725,-0.600830964774,2.71432867592,0.00546707844428,3.62812296104,-0.0202022903504,0.061869065526
790,0.0875705568029,0.18617910943,-0.467520134188,2.70585186708,0.0054501248266,7.87040380752,0.0014634019356,0.0659093751206
791,0.093300982285,0.193722537511,-0.511693557911,2.70695971968,0.00545234053179,9.16918685997,0.00868893110998,0.0529350478098
792,0.0720469344023,0.19836828935,-0.540326117037,2.72316206847,0.00548474522937,5.10379784054,-0.010883183084,0.0648902412456
793,0.091995419263,0.197516720939,-0.549530463751,2.7077182871,0.00545385766663,8.85810756412,0.00804000053537,0.0628818948959
794,0.0617479993376,0.198177064003,-0.61005992218,2.71578272113,0.0054699865347,3.74890362132,-0.0213506642475,0.0550434919989
795,0.0938520898472,0.186367972791,-0.495983291601,2.70773967112,0.00545390043469,9.30331444572,0.00733610371207,0.0603632199926
796,0.0549653285289,0.204036965579,-0.614304359074,2.72264897016,0.00548371903276,3.01998717215,-0.0271983736301,0.0631724082411
797,0.0720738286765,0.186208614047,-0.522756047566,2.70675827696,0.00545193764636,5.10778054963,-0.0133396517223,0.0627205091726
798,0.0738460926027,0.184305265584,-0.490666423135,2.7015278101,0.00544147671265,5.37581091466,-0.0118574588841,0.0641979606479
799,0.089837674716,0.188603307249,-0.458284077213,2.71826970302,0.00547496049848,8.3639349392,0.00317255708566,0.064282750691
800,0.0936711511357,0.195250739371,-0.580803181896,2.7099112152,0.00545824352284,9.25909143668,0.00856184677453,0.066086801744
801,0.0587334009566,0.191599813895,-0.521150136563,2.71323301843,0.0054648871293,3.41048049994,-0.0260704823957,0.0599060602236
802,0.0617691559428,0.19982572557,-0.530743613945,2.71941647374,0.00547725403992,3.75136468178,-0.0203125036187,0.0637204666765
803,0.0581989112771,0.199356355673,-0.618381091105,2.70228434612,0.00544298978468,3.35295021924,-0.0243103410639,0.0569132702515
804,0.0771497867697,0.198492255053,-0.565121366319,2.70660773367,0.00545163655978,5.90593964778,-0.00741484889109,0.059316100767
805,0.100338626916,0.200404629815,-0.513252069427,2.71118731119,0.00546079571482,11.0155091682,0.0159048168832,0.0612068045603
806,0.0521164418186,0.191583223709,-0.535842588657,2.70525093817,0.00544892296878,2.74704750987,-0.030783351415,0.0597761927239
807,0.0781308604258,0.188957592593,-0.528162057563,2.70834103749,0.00545510316741,6.07136311616,-0.008611076523,0.0641880296796
808,0.0502005109082,0.206591804265,-0.593316950941,2.71663662959,0.00547169435162,2.57360852962,-0.0316325079867,0.0607909843071
809,0.0783182911197,0.186402621702,-0.568855715769,2.70879560606,0.00545601230455,6.10339722826,-0.00683994755111,0.0576500051909
810,0.075178391008,0.201157680789,-0.552161780244,2.7073552973,0.00545313168703,5.58471230682,-0.00838729995216,0.0604016486032
811,0.0744882434762,0.204278238603,-0.578925375139,2.69889575594,0.00543621260433,5.47569046008,-0.00711912373239,0.0611988236416
812,0.0742329092325,0.202138634349,-0.567104802466,2.69721261605,0.00543284632453,5.43579714564,-0.00890493423393,0.0578782483742
813,0.0785073579393,0.18554043721,-0.444919623846,2.7112063034,0.00546083369924,6.13585232013,-0.00792012808088,0.0674306689274
814,0.0801751365445,0.194520659843,-0.583588863001,2.71186135053,0.00546214379349,6.42838559947,-0.00368476438874,0.0586920432757
815,0.0910592261815,0.185682891584,-0.481839723266,2.70668807183,0.0054517972361,8.64069382892,0.00511041533692,0.0527458565992
816,0.0999641241628,0.203585107086,-0.585068437997,2.70355206267,0.00544552521778,10.9096275951,0.0154892750592,0.0583252098938
817,0.0692689928914,0.205592952667,-0.635739417749,2.7075762785,0.00545357364944,4.70559735134,-0.0136700767684,0.0622715587797
818,0.0865738097772,0.201151733025,-0.563390317912,2.71022549005,0.00545887207254,7.66142632278,0.00270128140919,0.0596931936966
819,0.0711692905012,0.194169155275,-0.535616506097,2.7135434076,0.00546550790763,4.97519138446,-0.0123297239914,0.0634375758734
820,0.0730248823704,0.195604195535,-0.586307805469,2.71303184857,0.00546448478958,5.25023748041,-0.0100702763086,0.0601655554243
821,0.0755098373706,0.199446511746,-0.657374152294,2.70415710554,0.00544673530351,5.63769575853,-0.00652784459692,0.0650575947015
822,0.0636051948866,0.194762237556,-0.509584099885,2.71345586265,0.00546533281773,3.9696792161,-0.0207399668064,0.0597174788365
823,0.0712034286388,0.191010308758,-0.557659971256,2.71161461671,0.00546165032587,4.98014477735,-0.0128704128094,0.0636421989824
824,0.0674152953736,0.204909539325,-0.577966932671,2.71470903366,0.00546783915976,4.45390727302,-0.0155758614598,0.0585412205716
825,0.0794073762624,0.192281718601,-0.521800559455,2.71196034171,0.00546234177585,6.29231379454,-0.00434783204465,0.063378257097
826,0.0837790122717,0.188066755382,-0.492366723777,2.70006534096,0.00543855177436,7.1004096136,-0.00207061196587,0.0590977927221
827,0.0759899059917,0.199846366055,-0.555343758227,2.71140686382,0.00546123482008,5.71516471038,-0.00591559261305,0.0699744518159
828,0.0756123006902,0.194079718474,-0.522005744469,2.71251665905,0.00546345441053,5.65415784554,-0.00881136153312,0.0589866713588
829,0.0721437630341,0.202935660024,-0.622924731417,2.70936277319,0.00545714663882,5.11814866261,-0.00958071028985,0.0608274333098
830,0.0895871787756,0.190480577291,-0.496649271415,2.70615525485,0.00545073160215,8.30813340449,0.00417653333217,0.0602447262059
831,0.0781090141405,0.198156386746,-0.475968614185,2.70176514658,0.00544195138559,6.06763838036,-0.00540295172957,0.0606281417476
832,0.0839264463535,0.185986502276,-0.482750840458,2.70323948814,0.00544490006871,7.12911074815,-0.000908724646569,0.054966987237
833,0.0913774488527,0.197331193864,-0.486274827468,2.69623341464,0.00543088792172,8.71407278691,0.00790200635439,0.0623378365721
834,0.107095188585,0.197992620196,-0.560384711963,2.71499238709,0.00546840586662,13.0886549449,0.0217864010618,0.0576440299726
835,0.0792774720703,0.203809523737,-0.619472994631,2.71331672794,0.00546505454832,6.26952894742,-0.00430419551499,0.0620194241272
836,0.0838320066328,0.195430134125,-0.623769328179,2.7037072484,0.00544583558924,7.11071484162,0.000350545416776,0.0635592813843
837,0.0978349888442,0.193304152178,-0.514505569001,2.71015347942,0.00545872805129,10.32450582,0.0113524399932,0.0581771340928
838,0.093754388064,0.18979576566,-0.509769572132,2.70356747391,0.00544555604025,9.27941255691,0.00714532351,0.062991032608
839,0.0933133103454,0.1920486666,-0.538205997076,2.71466354813,0.00546774818869,9.17216879843,0.00661723310756,0.0572472160769
840,0.0724376055488,0.197788064177,-0.584014763217,2.70910560183,0.0054566322961,5.1618974965,-0.0115758023838,0.0594703705682
841,0.081736940389,0.196277522814,-0.606380017763,2.69743459412,0.00543329028069,6.71276127624,-0.00252651493021,0.0570171799369
842,0.0889205915058,0.190308496365,-0.448426994492,2.7024139479,0.00544324898824,8.16119474834,0.00371893104279,0.0591323016582
843,0.112750155495,0.201404460825,-0.602366549277,2.70761243668,0.00545364596579,15.0843223988,0.0262996908903,0.0645474205206
844,0.0887399593162,0.195988235918,-0.579050638371,2.71298070657,0.00546438250559,8.12176291612,0.00278462650226,0.0638328895415
845,0.0852875041361,0.196207224513,-0.537678631824,2.70633808314,0.00545109725873,7.39872819318,0.000463339946201,0.0645819839101
846,0.0569227528415,0.202776967222,-0.582538863396,2.71700304295,0.00547242717835,3.21849308859,-0.026155655552,0.0588371209113
847,0.0845537088127,0.191727570109,-0.531006389014,2.71455079935,0.00546752269114,7.25231725315,-0.000956907097162,0.0636620770733
848,0.0763215479324,0.1917491778,-0.579717083228,2.70047133751,0.00543936376746,5.76918891197,-0.00787369694399,0.0603644602391
849,0.0875862797301,0.194152007233,-0.499534103093,2.69883882101,0.00543609873446,7.87373879382,0.00176632814373,0.0590722109994
850,0.0687177378571,0.202603828223,-0.617379338809,2.70479059052,0.00544800227347,4.629605578,-0.0130740718022,0.0642042070446
851,0.0703055943365,0.185207067018,-0.551708809403,2.70759330734,0.00545360770712,4.85117483431,-0.0142732758243,0.0605470086857
852,0.100191108923,0.192405343375,-0.478160152801,2.7057887797,0.00544999865183,10.9736944321,0.0139752323111,0.0604663789685
853,0.0823059932781,0.198972701587,-0.603469662629,2.70518147785,0.00544878404814,6.8189542157,-0.000326479474628,0.0628556028063
854,0.0587481049771,0.190417297204,-0.510408956394,2.70457047554,0.00544756204353,3.41207346778,-0.0256187244043,0.0682152493396
855,0.0745172369488,0.201510145788,-0.607039189605,2.7120640259,0.00546254914423,5.48023539179,-0.00988622508877,0.0599323585863
856,0.0609840515911,0.195816894164,-0.600692392366,2.70423673045,0.00544689455334,3.66085340198,-0.0203468962792,0.066371706289
857,0.0891415923841,0.191901417453,-0.516969017463,2.70634185374,0.00545110479991,8.20966199431,0.00495680880977,0.0595883462071
858,0.064650974642,0.188393304805,-0.550616391506,2.70787634932,0.00545417379109,4.09830603163,-0.0199317484147,0.0575877654869
859,0.104596765946,0.202570836692,-0.621179479263,2.71156392497,0.00546154894239,12.2848634245,0.0203204467579,0.0635496783278
860,0.0535518731175,0.209978075166,-0.61086625423,2.70493020788,0.00544828150819,2.8822636642,-0.0282413570862,0.0662717882663
861,0.0581098714128,0.195523049363,-0.530592844799,2.7057642847,0.00544994966185,3.34343671861,-0.0245677087648,0.0607458503255
862,0.0981166446725,0.198908901688,-0.59671166378,2.70572459044,0.00544987027333,10.400292103,0.0139555228835,0.0599472587391
863,0.094417640717,0.183174990801,-0.512664645651,2.70728528832,0.00545299166908,9.44272501711,0.00687708983891,0.0603612307064
864,0.106608402871,0.199096333556,-0.609764952579,2.70644492856,0.00545131094957,12.9284657043,0.0210550629157,0.0616327333734
865,0.0719540471066,0.196212235546,-0.580325090538,2.72039468539,0.00547921046321,5.09006157894,-0.0126772847054,0.0579145543237
866,0.0856741288346,0.199422896432,-0.606257272028,2.71018116658,0.00545878342559,7.47687113656,0.00170185516976,0.0621263750408
867,0.0602321810932,0.206644175812,-0.595934313059,2.71035944782,0.00545913998807,3.57572914117,-0.0223542385977,0.0546356933697
868,0.0602148758061,0.199355184987,-0.635613165966,2.70973976651,0.00545790062547,3.57378760387,-0.0224731210138,0.0605934396102
869,0.0799026620587,0.209366322942,-0.631776222819,2.7083598348,0.00545514076203,6.37981723694,-0.00282668653774,0.0680863672073
870,0.0721684190055,0.186501925919,-0.452146681377,2.70250581706,0.00544343272656,5.12180806518,-0.0130510923588,0.0630969356844
871,0.0701962187817,0.200043714898,-0.550904883483,2.7062176308,0.00545085635404,4.83564749409,-0.0126042131841,0.0641509854743
872,0.0751584094864,0.201727883404,-0.589824211344,2.71171122603,0.00546184354451,5.58153118607,-0.00874321319779,0.0621330276517
873,0.0839783490372,0.197808041384,-0.53325412312,2.70922076719,0.00545686262682,7.13923794468,0.000145786791447,0.0643502173379
874,0.0762331654776,0.200886919532,-0.545310109313,2.70809859645,0.00545461828533,5.75475077576,-0.00752219389828,0.0586724044185
875,0.0401714265337,0.202888546458,-0.60661502563,2.71734480115,0.00547311069473,1.78452629684,-0.0420346166752,0.0595061349117
876,0.048272200753,0.191354444877,-0.471954378664,2.69995419713,0.0054383294867,2.40685631485,-0.0360253929022,0.0642015259043
877,0.0702304835576,0.20064026103,-0.567756491613,2.70953489808,0.0054574908886,4.84050757588,-0.0135269007557,0.055723876309
878,0.0857553975738,0.183884370087,-0.421174282935,2.70157118903,0.00544156347049,7.49338551643,3.76126735553e-05,0.0591684753037
879,0.0790118432865,0.193109797384,-0.579834914009,2.71449167684,0.00546740444611,6.22315127849,-0.00634595037627,0.0555945774306
880,0.0635218447244,0.193179632437,-0.553436459275,2.70944279253,0.0054573066775,3.95956283498,-0.0204770359947,0.0613564237548
881,0.0850968912723,0.18380200764,-0.497376763843,2.7038767668,0.00544617462604,7.36045771172,-0.00071438120223,0.0609762121341
882,0.0708620075412,0.202297361641,-0.589339818123,2.71707257691,0.00547256624627,4.93078230344,-0.0125721788942,0.0579727411316
883,0.067482124372,0.185138331162,-0.491089317858,2.70656673063,0.0054515545537,4.46279264123,-0.0175065773291,0.0616568940093
884,0.0744201650051,0.192560281496,-0.564636673213,2.70626716733,0.00545095542709,5.46503072324,-0.00935806629537,0.0622057068735
885,0.0774712165239,0.188095406023,-0.538605066908,2.70300168134,0.00544442445512,5.95972324712,-0.00831516708026,0.0603972380811
886,0.0826056399824,0.192709020636,-0.545291635529,2.71332175386,0.00546506460015,6.87543596229,-0.000819654619547,0.0594409536909
887,0.063749048206,0.210654929637,-0.640667824669,2.7119789072,0.00546237890685,3.98718568089,-0.0176684527058,0.0648088590472
888,0.0711005007558,0.186902416936,-0.507197590665,2.70632226029,0.00545106561302,4.9652220764,-0.013380988644,0.0578027522287
889,0.0868350944096,0.183650710995,-0.540734444347,2.7100483549,0.00545851780223,7.71574463912,0.000594134258786,0.0598814310445
890,0.0727493127275,0.192232172598,-0.471708653504,2.70283038479,0.00544408186203,5.20863485937,-0.0110367168889,0.0590258970653
891,0.0482023100416,0.203760023516,-0.602987665904,2.71967091191,0.00547776291625,2.40095520766,-0.0353819843536,0.0582015561307
892,0.0751300768551,0.187555343615,-0.504958136252,2.70704367483,0.00545250844209,5.57702307556,-0.00964859125639,0.0587508100703
893,0.0705311785823,0.202993711841,-0.570918438781,2.71617095724,0.00547076300691,4.88332512667,-0.0120747345934,0.0582851880207
894,0.0880069377932,0.191580782605,-0.519848948549,2.69985198395,0.00543812506033,7.96341342517,0.00279486928094,0.059861408673
895,0.1006448986,0.203403103931,-0.558691756781,2.71202921557,0.00546247952357,11.1027722877,0.015691979926,0.0714248279661
896,0.0882686140094,0.195962241011,-0.523055048981,2.71758760699,0.00547359630642,8.01963571111,0.0029942421488,0.059533151443
897,0.0523691400288,0.205754926563,-0.667667299148,2.71452759664,0.00546747628571,2.7705183295,-0.0286018786122,0.0617578708614
898,0.118333629477,0.196900837867,-0.490150793557,2.70226158246,0.00544294425736,17.319874539,0.0325115030428,0.0601691486577
899,0.0907589703793,0.196916771761,-0.625223462807,2.70687395771,0.00545216900786,8.57194674681,0.00629474946072,0.0589428959962
900,0.0678166566133,0.205126290266,-0.620243272333,2.71515009684,0.00546872128612,4.50748060723,-0.0143067011836,0.0596654801047
901,0.0735147553923,0.208920145904,-0.570185622883,2.71543032674,0.00546928174593,5.3248560566,-0.00741418953357,0.0667325154607
902,0.0711150629169,0.19114206215,-0.579209888094,2.70740771522,0.00545323652287,4.9673311525,-0.013029986671,0.063064418912
903,0.0887895712275,0.192327258327,-0.510128035119,2.70567170248,0.00544976449739,8.13257686216,0.00257907330595,0.0673216100605
904,0.104120508597,0.194933684445,-0.524920294374,2.71117537103,0.00546077183449,12.1367302799,0.0189818986368,0.0592556481072
905,0.0833926770985,0.197010251217,-0.575282388508,2.70722436793,0.00545286982829,7.02566280678,-4.50660746693e-05,0.0610419954948
906,0.0878455364845,0.195526170242,-0.571091978379,2.7147678517,0.00546795679584,7.92890382948,0.00310678443842,0.0590961796378
907,0.100594175497,0.19934653833,-0.58952285979,2.71613890476,0.00547069890196,11.0882782464,0.015101128677,0.0610658020912
908,0.0811745291089,0.19457975503,-0.591385809207,2.70734216087,0.00545310541417,6.60917113455,-0.00342914613132,0.0643850847956
909,0.0726760708538,0.18978372724,-0.443507530588,2.70642262672,0.00545126634587,5.19762243562,-0.0121726501886,0.0612768892567
910,0.0930845466096,0.185591595154,-0.512690840284,2.71059370949,0.00545960851142,9.1169716326,0.00667758494248,0.0583269767518
911,0.0538497854917,0.206384597906,-0.608631507996,2.70469304726,0.00544780718697,2.91090872634,-0.0263178436802,0.0679903010081
912,0.0748795743818,0.186452761787,-0.52831930326,2.70125556832,0.00544093222908,5.53729366114,-0.0101216884411,0.0590591802838
913,0.0506015361194,0.185170694483,-0.583947530679,2.69574429376,0.00542990967996,2.60925997259,-0.0325106397669,0.0652055722256
914,0.106091879782,0.186640526865,-0.509934023379,2.71162922288,0.0054616795382,12.7604061153,0.0180235915235,0.0608243605494
915,0.0849816755128,0.197402223987,-0.516961151537,2.7146548402,0.00546773077284,7.33740652476,-0.000590777228456,0.0563842325857
916,0.0839793169586,0.188554537858,-0.540828494612,2.69817292968,0.00543476695179,7.13942691964,-0.00162427373547,0.0560344289066
917,0.0816967142635,0.20202926366,-0.623312823444,2.71025829758,0.00545893768759,6.70530725245,-0.00232695192665,0.0626931511668
918,0.0576704597207,0.1992772873,-0.566451299582,2.70587780397,0.00545017670037,3.29677962859,-0.0262347485795,0.0593595185533
919,0.0485276154653,0.205376786578,-0.589785055788,2.71319198493,0.0054648050623,2.42850568285,-0.0321982543745,0.0606286913738
920,0.0702396255749,0.195060442621,-0.544911974245,2.71398822919,0.00546639755081,4.84180492812,-0.0127028984532,0.0638568715124
921,0.0609762480718,0.190292774336,-0.5688212443,2.7089534833,0.00545632805903,3.6599621441,-0.0238125416658,0.0610545635682
922,0.0898035571863,0.188191594581,-0.553931804508,2.70257293473,0.0054435669619,8.35631589634,0.00397727670021,0.0593428542502
923,0.0965437713971,0.198567245495,-0.550832794346,2.70799401347,0.00545440911938,9.98322988615,0.012211669179,0.0618150697588
924,0.0829239155686,0.183879097571,-0.537180391095,2.7126295586,0.00546368020963,6.93585874847,-0.00436258068514,0.0630019460406
925,0.0849015567014,0.200801619198,-0.608128888145,2.70958969067,0.00545760047379,7.32141321154,0.000890295437655,0.0570219496475
926,0.0734753684149,0.189624403377,-0.555137972108,2.71558779715,0.00546959668673,5.31882501507,-0.0112042018824,0.0609562153119
927,0.0715481363571,0.204674128544,-0.558561480205,2.72400748648,0.00548643606539,5.03038308093,-0.0108659033391,0.0641824870652
928,0.0764261168811,0.200072667505,-0.596337211697,2.71513153207,0.00546868415658,5.78630959517,-0.00719180030241,0.0648700936512
929,0.0788084387811,0.203233090243,-0.580705780354,2.71565816418,0.0054697374208,6.18783017998,-0.00509918878115,0.0544917415598
930,0.0582654949009,0.200538568944,-0.507225248614,2.7116396208,0.00546170033404,3.36007746393,-0.0243424984542,0.0591840611004
931,0.0923400829006,0.20153005595,-0.641318400015,2.70420494869,0.00544683098983,8.93933053995,0.009370243948,0.0649315956966
932,0.0764677563289,0.189793815808,-0.475589173913,2.71388198338,0.00546618505919,5.79313865065,-0.00850607106419,0.0603108075603
933,0.0621586831193,0.192666613042,-0.589737891242,2.70883599726,0.00545609308696,3.79689652409,-0.0213932779659,0.0589223143442
934,0.0640096188214,0.187515100243,-0.490300336657,2.70519441954,0.00544880993153,4.01904734323,-0.0199719739505,0.0581603080635
935,0.099392644986,0.20398367634,-0.613421282235,2.71815142148,0.00547472393539,10.7497828878,0.0140762092656,0.0668660957933
936,0.0754499489135,0.197523465828,-0.592119191812,2.70689204884,0.00545220519013,5.62809202687,-0.00798435225504,0.0518915596448
937,0.081430464655,0.19309686962,-0.549628581071,2.71871582115,0.00547585273473,6.65614475636,-0.00355300595311,0.0701167672531
938,0.0619599725948,0.20307111551,-0.583471507633,2.69771076997,0.00543384263238,3.77361707496,-0.0204983397702,0.0603266972209
939,0.0777635054508,0.188333665788,-0.514151595236,2.70887478735,0.00545617066714,6.00898028639,-0.00713164022669,0.0657735307628
940,0.0616010485954,0.195082445569,-0.568231666278,2.70368018102,0.00544578145448,3.73184324179,-0.0231960029234,0.0578200107745
941,0.0824060139717,0.201861403457,-0.603198529811,2.72057215075,0.00547956539393,6.83776411538,-8.90252067526e-05,0.0651858790482
942,0.0819511695627,0.190531195945,-0.567322232428,2.7025195095,0.00544346011143,6.75257553109,-0.00232720329817,0.0607634852913
943,0.0858077195617,0.198107256053,-0.626651039875,2.70725563634,0.00545293236513,7.50403407763,0.00183276154757,0.0600342742877
944,0.0765221858393,0.204711033529,-0.659942916269,2.71633996416,0.00547110102076,5.80207529807,-0.00556082394367,0.0642156891916
945,0.0881398564687,0.19954485926,-0.506281512038,2.71550761562,0.00546943632368,7.99192934377,0.00341007030302,0.0592814530406
946,0.0720156849393,0.197947665227,-0.501275955286,2.71261348686,0.00546364806617,5.09917331832,-0.0113360144352,0.0636990597171
947,0.0809573622562,0.19704992321,-0.618178907916,2.70414455011,0.00544671019266,6.56953044461,-0.0024913149976,0.0631432864958
948,0.0672542318889,0.198277972845,-0.56883570538,2.71017632302,0.00545877373848,4.43254985911,-0.0155549576196,0.0597382819184
949,0.0596069503926,0.203575063368,-0.660974554209,2.70729119136,0.00545300347515,3.50608291125,-0.0214528933176,0.0689402792016
950,0.0770827439787,0.184448433107,-0.455776140774,2.70513677045,0.00544869463334,5.89477211823,-0.00868824318803,0.0620991730455
951,0.0673576712446,0.206821390965,-0.598599647864,2.72271950051,0.00548386009345,4.4462569132,-0.0134551041701,0.0602163257424
952,0.0953217711832,0.196651445515,-0.581172290871,2.71390987113,0.00546624083471,9.66937181682,0.0105600414148,0.0642294448662
953,0.0840675679269,0.184012241002,-0.533645899131,2.70466949333,0.00544776007909,7.15667459553,-0.00129653817495,0.0521422641225
954,0.0715991416853,0.20272005875,-0.603058477549,2.70846141811,0.00545534392866,5.03785106554,-0.0114281885025,0.0605166778891
955,0.0699964352855,0.210679868937,-0.632020108146,2.71158791391,0.00546159692026,4.80738774421,-0.0103967774514,0.0654141160755
956,0.0996455179244,0.194170055075,-0.527397107979,2.69807946396,0.00543458002036,10.820256221,0.013907175902,0.0600549079012
957,0.0733996303386,0.2051904236,-0.634991957151,2.70598669608,0.00545039448461,5.30724333031,-0.00906585454691,0.060736882372
958,0.0915513789136,0.186952714301,-0.446115674301,2.70417932157,0.00544677973558,8.75440598728,0.0056046805185,0.0609778630329
959,0.107274052659,0.194835656634,-0.540330325974,2.70595853961,0.00545033817166,13.1479585731,0.021048375857,0.0622586355426
960,0.0820742034223,0.189704424108,-0.491624070611,2.70455481695,0.00544753072634,6.77553049874,-0.00337514858126,0.0590788377968
961,0.0992863785675,0.204534668777,-0.625729664036,2.69956071423,0.0054375425209,10.7202881459,0.0141990197734,0.0650998190597
962,0.0765471331132,0.200657894829,-0.537905125328,2.70544716263,0.00544931541771,5.80617510661,-0.00634901566289,0.0594890368223
963,0.0978753516369,0.191669161625,-0.466173102488,2.71489204964,0.00546820519171,10.3353365873,0.012327907309,0.0629174615867
964,0.0920237370017,0.188478682477,-0.528313846962,2.71720949578,0.00547284008399,8.8647567475,0.00593170777256,0.0561532945229
965,0.0990903862821,0.196164311944,-0.536181637604,2.70878248434,0.00545598606112,10.6660761996,0.014026999203,0.0592499447715
966,0.0694841421778,0.193371050129,-0.581356462665,2.71329101636,0.00546500312516,4.73552296245,-0.0149839007932,0.0602760782969
967,0.0823559000301,0.192493440677,-0.552187523,2.71031196895,0.00545904503033,6.82833425127,-0.00260154070489,0.0598504016142
968,0.0896285406804,0.18760545561,-0.438619230624,2.70864527555,0.00545571164353,8.31732526579,0.00378955289221,0.055306826188
969,0.0842401913382,0.203210230906,-0.569955805669,2.71220667828,0.005462834449,7.19051358824,0.00105781624215,0.0579417161846
970,0.0674935816296,0.187950760905,-0.550111048572,2.71440358386,0.00546722826016,4.46431735831,-0.0170292547336,0.0584317097568
971,0.0866839350525,0.200875424383,-0.54154139063,2.6990237955,0.00543646868344,7.68428040222,0.0030482583539,0.058735931895
972,0.0830020856828,0.195913928634,-0.545076066478,2.70556433984,0.00544954977212,6.95076693715,-0.00132612718752,0.0629863164456
973,0.0797495772213,0.195492772482,-0.558290375181,2.72192480305,0.00548227069853,6.35266410217,-0.00443968269689,0.061582594739
974,0.0801890403711,0.188817765148,-0.517829978005,2.7058025046,0.00545002610164,6.43087216952,-0.00529942211857,0.054789839496
975,0.101773467896,0.195434877219,-0.555149146726,2.71058096716,0.00545958302677,11.4296149774,0.0150813949607,0.0597986346315
976,0.0920518602658,0.19201185575,-0.520476080564,2.71091901726,0.00546025912695,8.87136453491,0.00752765533923,0.0592175247377
977,0.0939107976618,0.190142806903,-0.526970566001,2.71118355664,0.00546078820573,9.31770249396,0.0083258105795,0.0587087979224
978,0.0900081523359,0.192745379288,-0.61266673672,2.70698431014,0.00545238971273,8.40209504907,0.00454901494998,0.0610070360456
979,0.0744938069327,0.201575740002,-0.608184523232,2.71836379874,0.00547514868992,5.47656233351,-0.00944182414576,0.0590346332062
980,0.0762370912637,0.200898348684,-0.530299169823,2.71275824259,0.00546393757762,5.75539146232,-0.00708332226662,0.0590744499483
981,0.0621187931943,0.194270042607,-0.533828041511,2.7083212867,0.00545506366583,3.79221457696,-0.0216078121744,0.0604519957603
982,0.0616688215933,0.193202262756,-0.468596672022,2.70376089794,0.00544594288832,3.73970407437,-0.0233113696842,0.0571529832588
983,0.0779077248016,0.194993403753,-0.538138506984,2.7027279627,0.00544387701784,6.03340771515,-0.00685770028059,0.0680465992341
984,0.0933827090816,0.193332482614,-0.545346314074,2.70384462889,0.00544611035022,9.1889708125,0.00892194455541,0.0579413560981
985,0.0731886933574,0.190492371533,-0.504062105547,2.71118825434,0.00546079760112,5.27509483975,-0.0121578156991,0.0586273551331
986,0.0367130983284,0.200942321094,-0.585937725529,2.71125263811,0.00546092636866,1.55355174291,-0.0453361435308,0.0665574393701
987,0.0569873165406,0.199696993,-0.555075719348,2.72562910913,0.0054896793107,3.22519857653,-0.0241815060401,0.0651885765475
988,0.0800728583643,0.202596797309,-0.620043273897,2.71542785685,0.00546927680613,6.4101186721,-0.0053737409637,0.0577065149766
989,0.0693184262125,0.184992938143,-0.47537348354,2.70950006072,0.00545742121387,4.71245983235,-0.0160303856189,0.0627306876019
990,0.0571772151667,0.190734944788,-0.491432907112,2.70514492165,0.00544871093573,3.24498061597,-0.0276330688914,0.055844363696
991,0.082347413766,0.200760420382,-0.572382810272,2.71570395734,0.00546982900712,6.82673848434,-0.000563948069211,0.0632908241009
992,0.058067018863,0.196285485049,-0.548899848827,2.7212875511,0.00548099619463,3.33886524981,-0.0254573128294,0.0612069239606
993,0.0800062778393,0.198312443453,-0.472579988017,2.70535938232,0.00544913985707,6.39825057996,-0.00346425962793,0.0583121830067
994,0.0679473005488,0.185310545972,-0.423430579578,2.70049057807,0.00543940224857,4.52502773805,-0.0175596060224,0.062277463924
995,0.0724165342725,0.196044084714,-0.593684420245,2.72161930403,0.0054816597005,5.15875030749,-0.0113407961469,0.0609090647799
996,0.0792563494654,0.197314755058,-0.50619653174,2.70863301773,0.0054556871279,6.26583057535,-0.00386220580144,0.0570328415463
997,0.0674527143811,0.183528994193,-0.541348223942,2.70060865703,0.0054396384065,4.45888067008,-0.0176146663056,0.0615530250593
998,0.0710026193147,0.190141744625,-0.491760099367,2.70934210122,0.00545710529488,4.95106423901,-0.0128739500052,0.0616768856684
999,0.0741874593551,0.194960718624,-0.594000145691,2.71394954842,0.00546632018928,5.42872089601,-0.00973146323035,0.0624415268493
1000,0.0641947176176,0.191121440864,-0.525418318487,2.70668792127,0.00545179693498,4.0417993798,-0.0211031153696,0.0590213652393
1001,0.0691949044706,0.193397799019,-0.491336637377,2.7111523302,0.00546072575284,4.69532701713,-0.0153463866753,0.0606697653383
1002,0.0921422908685,0.188817629925,-0.473588864204,2.71365459818,0.00546573028881,8.89264079025,0.00530534778904,0.0609683288735
1003,0.087320194565,0.197713143442,-0.571980034309,2.70169112085,0.00544180333414,7.81746163941,0.00106524406521,0.05656887898
1004,0.0881882401564,0.196809925994,-0.582919430812,2.70252770606,0.00544347650455,8.0023310543,0.00365801040677,0.0608171722235
1005,0.0761547959989,0.194512646183,-0.494831932562,2.70360239425,0.00544562588093,5.74197312978,-0.00861020719573,0.0597351895464
1006,0.0772522761765,0.200483191624,-0.602960441088,2.72137252242,0.00548116613728,5.92304525589,-0.00634932746548,0.0627656802261
1007,0.0615643666108,0.202241773991,-0.584053447575,2.71447754348,0.00546737617939,3.72759381385,-0.0213586223126,0.0613719417201
1008,0.0921269157729,0.188179977515,-0.448234160353,2.70932773975,0.00545707657194,8.88902027294,0.00735544481503,0.0584653589655
1009,0.0820498008914,0.191553147704,-0.537488621003,2.70628344591,0.00545098798426,6.7709724219,-0.00299413175567,0.0552003615593
1010,0.0522952912321,0.192347520215,-0.552088801294,2.70406730055,0.00544655569354,2.76364461226,-0.030397011531,0.0610980350323
1011,0.0866643486898,0.195957374735,-0.587774406907,2.71208231774,0.00546258572793,7.68021144853,0.00322636545603,0.0630011663899
1012,0.0952985926489,0.191938525482,-0.536921533645,2.7123986729,0.00546321843825,9.66350281245,0.00900973717783,0.0596959336036
1013,0.0636472998733,0.184028847684,-0.532501414632,2.698824092,0.00543606927643,3.97479712542,-0.0203724783147,0.0545047481454
1014,0.107944372634,0.196881901585,-0.531016098113,2.71217164161,0.00546276437565,13.3723504326,0.0212210719224,0.0574193156157
1015,0.0928596742274,0.207583910487,-0.576574449816,2.71072037163,0.00545986183571,9.06299414711,0.0103023601399,0.0701008238195
1016,0.0785997748186,0.194835201824,-0.557981211592,2.70096628161,0.00544035365565,6.15176837877,-0.00448059464024,0.0574614786375
1017,0.0909699772027,0.199514161824,-0.563169791744,2.71459763098,0.0054676163544,8.62020979886,0.00609739728774,0.0595077317632
1018,0.0656693389641,0.19808106055,-0.467030474472,2.71148162727,0.00546138434697,4.22663351179,-0.0174809728464,0.0593064806036
1019,0.0837466773359,0.197495540053,-0.497461307345,2.71561106647,0.00546964322538,7.09412798156,-0.00131262944732,0.0645697149136
1020,0.0752694246844,0.189779668695,-0.448723741728,2.70365206191,0.00544572521627,5.59922387359,-0.010674420686,0.0640568783459
1021,0.0591765732292,0.192430359322,-0.525898437703,2.70109127569,0.00544060364381,3.45873549226,-0.0237411817558,0.0610170023329
1022,0.0722482397193,0.206464150429,-0.617951556785,2.71289210157,0.00546420529557,5.13366937768,-0.00934024319033,0.0662564227988
1023,0.0583106522783,0.21214532342,-0.627357831757,2.70672193812,0.00545186496868,3.3649175844,-0.0211730042685,0.0688547906231
1024,0.0915265867977,0.198210400682,-0.605067323527,2.70146084799,0.00544134278841,8.74864703938,0.00652562627158,0.0613610423153
1025,0.0615770377241,0.201898828443,-0.609165437974,2.71881750151,0.00547605609546,3.72906128515,-0.0197405240307,0.0642457330346
1026,0.0908426464955,0.19259997218,-0.509731319326,2.70948472667,0.00545739054579,8.59105784927,0.00592983758287,0.0573973022791
1027,0.083889151274,0.206589810344,-0.552164999802,2.69478753127,0.00542799615497,7.12184125397,0.00146925507642,0.0647087312603
1028,0.0655993398642,0.207428410475,-0.584216887652,2.7134630013,0.00546534709504,4.21771419307,-0.0157412262202,0.0609920771869
1029,0.0704212422109,0.196524405339,-0.563487424987,2.7093530377,0.00545712716785,4.86763582112,-0.0140696657633,0.0620964070519
1030,0.0702963518292,0.200794841539,-0.592587422643,2.70368133176,0.00544578375597,4.84986120021,-0.0121510178944,0.0591268515532
1031,0.0959030726861,0.192538448108,-0.480820690864,2.70479212187,0.00544800533617,9.81758222154,0.0101495575994,0.0597662618314
1032,0.0723538905636,0.198577284183,-0.578636417111,2.71725342944,0.00547292795133,5.14940301832,-0.0118637711936,0.0570954133764
1033,0.0920246177401,0.185044244217,-0.464545618922,2.69051702215,0.00541945513674,8.86496361956,0.00630969345435,0.0571091587829
1034,0.0818792146049,0.184977363041,-0.465361970394,2.70798180596,0.00545438470437,6.73918079165,-0.0056628136947,0.0610267857338
1035,0.0825029544381,0.191971471988,-0.505179972112,2.70903667147,0.00545649443538,6.85603626349,-0.00227545161735,0.0665670411775
1036,0.090171187635,0.189734089397,-0.500472880543,2.71359864011,0.00546561837265,8.43872910363,0.00482984041585,0.0578608983629
1037,0.0934229107805,0.185633717964,-0.487069582745,2.70624918432,0.00545091946107,9.19871618318,0.00726921190007,0.05861718333
1038,0.0599445725476,0.19590098726,-0.594805936918,2.7031712089,0.00544476351023,3.5435640113,-0.0227504415021,0.0598557245169
1039,0.110321176427,0.201731126038,-0.526785520606,2.71321817865,0.00546485744974,14.1958994558,0.0247805822051,0.0636910553124
1040,0.0744350495394,0.193720838484,-0.534610788921,2.70490865155,0.00544823839554,5.4673599036,-0.00978132314752,0.0606596403194
1041,0.0579046387715,0.196896294347,-0.5186647093,2.70944648489,0.00545731406221,3.32158464148,-0.0242293028513,0.0590390123209
1042,0.0784259084919,0.185426523581,-0.455624886699,2.70203006143,0.0054424812153,6.12185331569,-0.00868019653425,0.063840152724
1043,0.0781499620386,0.189105830631,-0.469099125342,2.70186363631,0.00544214836506,6.07462143892,-0.00853445426724,0.059687569802
1044,0.077553144042,0.190974202558,-0.451378830177,2.71077158383,0.00545996426009,5.97349613977,-0.00868267939802,0.0664031351955
1045,0.0834285019705,0.190173293364,-0.499079163124,2.69898670548,0.0054363945034,7.03256608545,-0.000683272926176,0.0590169116589
1046,0.0773078126786,0.209454665528,-0.64200374683,2.70134053789,0.00544110216821,5.93233137812,-0.00373184108531,0.06855658051
1047,0.0653004840965,0.205064179123,-0.59950735183,2.71370367598,0.00546582844439,4.17979820775,-0.0169694749614,0.0650523792676
1048,0.0689321896117,0.193537436019,-0.531588672466,2.70397691867,0.00544637492977,4.65905186522,-0.0146113937545,0.057695551759
1049,0.0578702166281,0.199450546551,-0.599332682328,2.70760271267,0.00545362651778,3.31792992253,-0.0255706603884,0.0577746366532
1050,0.0872225815703,0.201616265729,-0.560797749685,2.71658297388,0.0054715870402,7.79690260703,0.00461731686169,0.0660908811296
1051,0.086595767958,0.193419259137,-0.492415915912,2.69263580608,0.00542369270461,7.66597863949,0.00193446958836,0.0584381122104
1052,0.0787959171192,0.203348490357,-0.648098629814,2.71450700646,0.00546743510537,6.18566123444,-0.00551791973561,0.0594792184448
1053,0.11382618818,0.196011740541,-0.489332530358,2.71070192901,0.00545982495046,15.4936636344,0.0270874555451,0.0682980086236
1054,0.0693487989802,0.190485391322,-0.492872532484,2.70777642428,0.00545397394101,4.71668020599,-0.0140950493001,0.0597716966907
1055,0.0879835328653,0.19448198504,-0.554515744541,2.69544833554,0.00542931776352,7.95840122391,0.00426906495169,0.0635017469465
1056,0.0682044913469,0.195985161633,-0.512720964833,2.70986975385,0.00545816060014,4.55972892073,-0.014633849403,0.0590074075542
1057,0.0689574175803,0.202141170702,-0.587505529194,2.70966879319,0.00545775867881,4.66252562793,-0.0150579242963,0.0615495041932
1058,0.0737869527282,0.195621239602,-0.482055821992,2.70280493263,0.0054440309577,5.36668721377,-0.00933206249971,0.0602116295426
1059,0.0860543230281,0.191247526357,-0.529119678106,2.71052429363,0.00545946967971,7.55439584365,-0.000884141303156,0.0661641414243
1060,0.0801631559316,0.194647223564,-0.498874316536,2.70754710487,0.00545351530219,6.42624362001,-0.00508564938772,0.0596040749727
1061,0.0668128101937,0.194417174912,-0.525500346558,2.70876930876,0.00545595970995,4.37442767891,-0.0187425856414,0.0544247812334
1062,0.0709777210786,0.199023928375,-0.556612332346,2.71656701239,0.00547155511721,4.94746804847,-0.0122238822245,0.0589987326829
1063,0.0669721473102,0.199705255552,-0.546003614551,2.71026118428,0.005458943461,4.39533836304,-0.0174356058315,0.0590443166849
1064,0.0692711987328,0.190346796955,-0.543657187807,2.70661710497,0.00545165530239,4.70590340377,-0.0144587968453,0.0578005028339
1065,0.0827501526634,0.204234427567,-0.579809563156,2.71367031676,0.00546576172596,6.90281583044,-0.00170220302188,0.0596228770269
1066,0.0633424466948,0.200853885019,-0.601541310303,2.72165901464,0.00548173912171,3.9378560573,-0.0190866731134,0.0618861667415
1067,0.0681486466545,0.188422397348,-0.493017787536,2.71180193346,0.00546202495935,4.55217637196,-0.0147534781838,0.058471713617
1068,0.0594526313466,0.193302835198,-0.489952937902,2.70983498851,0.00545809106946,3.48905036177,-0.0242107177461,0.061426033553
1069,0.076879221617,0.184834485141,-0.51530118117,2.70652943029,0.00545147995301,5.8609770217,-0.0089876748417,0.0546027290438
1070,0.0715555216928,0.192150737019,-0.537364820043,2.71782213155,0.00547406535553,5.0314638604,-0.0129105261887,0.0616896336024
1071,0.0746471869862,0.193400804233,-0.508669522984,2.7033567469,0.00544513458624,5.50064368693,-0.00883304520046,0.0576580807709
1072,0.0630553688226,0.193743393087,-0.596161993071,2.70922917353,0.0054568794395,3.90331018196,-0.0209056605769,0.060936558293
1073,0.0729337878167,0.200340809941,-0.599871342401,2.71452732146,0.00546747573535,5.23645540801,-0.0115365165286,0.0569123634665
1074,0.0753110019958,0.208146104007,-0.631519835883,2.71378959494,0.00546600028231,5.60586188687,-0.00581388423046,0.0675060455356
1075,0.0994640324112,0.192001854612,-0.598291624024,2.70095595504,0.00544033300253,10.7696368646,0.0131907328271,0.0632323172925
1076,0.0734245303019,0.188548244954,-0.511431197855,2.71206845335,0.00546255799913,5.31104871887,-0.0112761670221,0.0576170417108
1077,0.0963987506332,0.194821960424,-0.53559847701,2.70732328526,0.00545306766296,9.94552369429,0.0124749078777,0.0575142412983
1078,0.0762912205091,0.194342505372,-0.517078065928,2.70937848966,0.00545717807175,5.76423129052,-0.0067858767411,0.0637682364623
1079,0.0882779496039,0.192497092451,-0.491042410586,2.70158274703,0.00544158658651,8.02164775596,0.00290474600254,0.0556541426606
1080,0.0972946980097,0.188322494885,-0.523559748143,2.70426110008,0.00544694329259,10.180481286,0.0113426206155,0.0535855893246
1081,0.0757652293062,0.195205951602,-0.465167067274,2.71566264157,0.00546974637557,5.67880089137,-0.00724976026775,0.0598228252468
1082,0.0823710844067,0.188013129665,-0.503385171531,2.71264318972,0.00546370747188,6.83119031975,-0.00358536232556,0.0542663931702
1083,0.0601811856567,0.210593687674,-0.613981268244,2.71580164857,0.00547002438958,3.57001006672,-0.0210622880821,0.0690228201375
1084,0.0964312061043,0.187433953024,-0.480828783149,2.6954903284,0.00542940174923,9.95395146789,0.0100999740526,0.0571987439743
1085,0.078568857131,0.187457507063,-0.553986872274,2.70124132012,0.00544090373268,6.1464399309,-0.0056162137983,0.0561915025536
1086,0.0989376027634,0.201142997891,-0.592913508243,2.70597564874,0.00545037238993,10.623983224,0.0138665284788,0.0592856206019
1087,0.0977757938066,0.184740465271,-0.539174977391,2.70772859263,0.00545387827769,10.3086396901,0.0105360492,0.0623120030187
1088,0.0605507248188,0.198301506198,-0.599212130563,2.71806913064,0.00547455935372,3.61160948314,-0.0217902977787,0.0618561625769
1089,0.0694972464215,0.188790512417,-0.508297462987,2.71429254575,0.00546700618394,4.7373505297,-0.0152855993009,0.0617049845419
1090,0.0880508822158,0.195109708331,-0.484282543707,2.71402299796,0.00546646708835,7.97283147602,0.00293686108134,0.0619317416228
1091,0.0799972593076,0.198941413795,-0.580272224848,2.70563240737,0.00544968590719,6.39664441751,-0.00334342350525,0.0628595419752
1092,0.0611745038148,0.202818776524,-0.561331667272,2.71467652586,0.00546777414415,3.68265627295,-0.0211067164828,0.0628663186266
1093,0.0719435268915,0.19072864132,-0.457171904118,2.70160790753,0.0054416369075,5.08850771471,-0.0134155670739,0.0555430842363
1094,0.0596075436545,0.193877448831,-0.540447503808,2.71490829691,0.00546823768626,3.50614851069,-0.0236675272359,0.0575030994096
1095,0.0588954361897,0.201864244405,-0.587629275174,2.70185044166,0.00544212197576,3.42806524479,-0.0232914055047,0.0590502145992
1096,0.0767358096892,0.19070069821,-0.519590848865,2.69934050683,0.00543710210609,5.83725904564,-0.00717135678652,0.056266962607
1097,0.068296598105,0.201238325845,-0.638263721485,2.71661064188,0.0054716423762,4.57220721191,-0.0136571868539,0.0632296374751
1098,0.0937249854797,0.192442006092,-0.508627499562,2.70549533646,0.00544941176536,9.27222991411,0.00940743061729,0.0605223634997
1099,0.0804526690912,0.203762276373,-0.541964607112,2.70345207115,0.00544532523473,6.47817144731,-0.00312840966165,0.0615457313668
1100,0.104967631798,0.187340077162,-0.518000683423,2.70538022601,0.00544918154445,12.4013270285,0.0183613204691,0.0499636273874
1101,0.0833529248599,0.18318321299,-0.470291649927,2.70360957779,0.00544564024802,7.01800942058,-0.00264731705105,0.0632704028335
1102,0.0588239301384,0.204560754394,-0.566591327443,2.70439146177,0.00544720401599,3.42029681267,-0.0245311877489,0.0599170816659
1103,0.0977691702978,0.194806290591,-0.553456545381,2.71741064933,0.00547324239109,10.3068657119,0.0117383657605,0.0643509009236
1104,0.0541447371112,0.19561043226,-0.568062185598,2.70768482451,0.00545379074146,2.93946925058,-0.0291786319597,0.0579040448434
1105,0.0782667884707,0.191083397231,-0.503303662517,2.70632566107,0.00545107241458,6.094580943,-0.00689916949936,0.0557021316635
1106,0.0775729927812,0.197672701152,-0.611324692514,2.71025607565,0.00545893324373,5.97683686694,-0.00546202898671,0.0639458278872
1107,0.0728940161166,0.193369945973,-0.624190773555,2.72013170893,0.0054786845103,5.23044735108,-0.0113625140603,0.0603443113445
1108,0.0555112574045,0.203229875823,-0.605200840575,2.71427368273,0.00546696845791,3.07442875184,-0.0275961650309,0.0596692845754
1109,0.0956621398201,0.183018977459,-0.516209266967,2.71111734194,0.00546065577632,9.7559145961,0.00881438560012,0.0547716697109
1110,0.0663761171339,0.199503283626,-0.561694443159,2.71203909808,0.00546249928861,4.31751673623,-0.0147873663025,0.0659585219409
1111,0.068046797131,0.185488281989,-0.5678442249,2.70471436651,0.00544784982545,4.53842743252,-0.0169394447752,0.0628054139627
1112,0.0859787699504,0.18931093032,-0.543143205347,2.7167853022,0.00547199169684,7.53893587751,0.000236938022092,0.060549632098
1113,0.0881587269779,0.19329435042,-0.621884174903,2.7039077119,0.00544623651623,7.99598482273,0.00412296652138,0.0582882801143
1114,0.114680179694,0.193414909638,-0.554709352976,2.70983385612,0.00545808880468,15.8256479436,0.0275491467539,0.0548106839908
1115,0.0664095039327,0.201608092717,-0.578744495506,2.71390353139,0.00546622815522,4.32184725009,-0.017262587197,0.0642532367892
1116,0.0625887727826,0.191468315443,-0.546043618657,2.70756259998,0.00545354629239,3.84765703979,-0.0228657772526,0.055010667404
1117,0.0601022687665,0.191282028812,-0.499554870773,2.71596926664,0.00547035962571,3.5611731823,-0.0233942570148,0.0584306720786
1118,0.0768006310801,0.198036240939,-0.585646290931,2.70864757409,0.00545571624061,5.84796965808,-0.00690332874,0.0625733382504
1119,0.0715494286925,0.191657469502,-0.518781184566,2.70458946816,0.00544760002877,5.0305721895,-0.012383812836,0.0639272725428
1120,0.0751961439944,0.190297123019,-0.532324986164,2.7006013407,0.00543962377384,5.58753987807,-0.00779780039836,0.0581988612672
1121,0.0739350565066,0.199956170091,-0.612032358164,2.71170877278,0.00546183863799,5.38955934976,-0.0103057253003,0.0599092021915
1122,0.0689451271492,0.199115055621,-0.591174970294,2.70878009875,0.00545598128994,4.66083304216,-0.0146105196364,0.0605180603063
1123,0.0887531344553,0.197699060931,-0.562627017192,2.71324647889,0.00546491405021,8.12463350991,0.00397726224101,0.0579994356633
1124,0.0616464664455,0.187994875937,-0.57646917713,2.70687875496,0.00545217860235,3.73710976592,-0.0225170142119,0.0626524925013
1125,0.0935093444307,0.191600889001,-0.540380720452,2.70705651946,0.00545253413136,9.21969908831,0.00750836417558,0.0582676401348
1126,0.0699562161214,0.203944299461,-0.519259137467,2.70460152788,0.00544762414821,4.80171460169,-0.0122930702282,0.0582200987073
1127,0.0902572645672,0.194237356841,-0.535431009464,2.71201120282,0.00546244349808,8.45812592347,0.00677789397582,0.0576516144598
1128,0.0682769153683,0.193750369538,-0.607002071551,2.71187235231,0.00546216579705,4.56953840542,-0.0159526800084,0.0593496251985
1129,0.0839577448323,0.186681362803,-0.517758410724,2.7080638813,0.00545454885505,7.13521622292,-0.00270468667678,0.0565479451131
1130,0.0759630471913,0.192876387353,-0.481008552521,2.70295693803,0.00544433496849,5.71080762784,-0.00916822200297,0.0604407770606
1131,0.0930198413931,0.192636872896,-0.476203987194,2.70626318286,0.00545094745816,9.10141158395,0.00878070275671,0.0583031036134
1132,0.0853202387006,0.195263613934,-0.532064458826,2.70145373683,0.00544132856609,7.40531743222,0.00149933347011,0.0610174369751
1133,0.0736320423112,0.19615271024,-0.544027192001,2.70343683113,0.0054452947547,5.34284814913,-0.0109637675827,0.0604132257601
1134,0.0793189366461,0.188586907115,-0.494279467741,2.70692223413,0.0054522655607,6.27679427478,-0.00573591010221,0.0563350671156
1135,0.118760517537,0.190641630998,-0.514985748913,2.71213191222,0.00546268491687,17.5025730694,0.0297452511134,0.0574681199565
1136,0.0770125597437,0.202418906342,-0.562255523105,2.71379759813,0.0054660162887,5.88309991305,-0.00595603395985,0.0604668145954
1137,0.0752964818909,0.189705296977,-0.540612186268,2.70366235644,0.00544574580531,5.60354295462,-0.0101530502313,0.0626769654258
1138,0.0671874929085,0.206150204912,-0.596843877949,2.71589723279,0.00547021555801,4.42372369169,-0.0146668531915,0.0617669122991
1139,0.0778663182031,0.185310812597,-0.486822734421,2.70642120776,0.00545126350796,6.02638602851,-0.00766910280179,0.0563120876596
1140,0.0804077675633,0.207433795435,-0.575662487423,2.70717467135,0.00545277043514,6.47009498069,-0.0021953601047,0.0603011366615
1141,0.086820749355,0.201889975667,-0.598007116182,2.70971669872,0.00545785448988,7.71275397522,0.00252377755683,0.0672632591766
1142,0.0825535423748,0.203775529205,-0.653450090594,2.71625106357,0.00547092321958,6.86558775731,0.000116475346948,0.0614338961974
1143,0.086497113846,0.197647071745,-0.595534578146,2.70716676521,0.00545275462286,7.64554394349,0.00213505746999,0.0581919241064
1144,0.0858641560974,0.19460000239,-0.579508521319,2.70415120902,0.00544672351048,7.51553442167,0.00137258344192,0.0602968752721
1145,0.0990062532628,0.193954293248,-0.576158218585,2.70430009706,0.00544702128655,10.6428788393,0.0125340743742,0.0539448421135
1146,0.0644518030862,0.192818968259,-0.552508144654,2.70934755698,0.0054571162064,4.07356448351,-0.0193677473579,0.0577257253006
1147,0.0726406180771,0.19960867467,-0.615558961922,2.70059037278,0.005439601838,5.19229861308,-0.0112738808553,0.0521710459985
1148,0.0450829936572,0.197818463536,-0.489477977086,2.7054543388,0.00544932977003,2.14736066456,-0.0377906596502,0.065910997265
1149,0.0770233933199,0.189702572463,-0.551927038851,2.70978183131,0.00545798475505,5.8849003834,-0.00845633138324,0.0634061768668
1150,0.101138290319,0.185178255161,-0.494114380543,2.70853454024,0.00545549017293,11.2446327238,0.0152033644782,0.0587339854074
1151,0.0856521329819,0.194796529248,-0.546900192571,2.71049362235,0.00545940833714,7.47240673633,0.00114983725221,0.0547856153165
1152,0.0845781037848,0.185313881389,-0.504081349976,2.70620251632,0.00545082612507,7.25714498911,-0.00121858685837,0.0564758891483
1153,0.0812559678191,0.191721223536,-0.523669003735,2.71165223241,0.00546172555726,6.62408800213,-0.0031700112142,0.0594153806208
1154,0.0722167279675,0.183201777443,-0.460920552541,2.70645473262,0.00545133055768,5.12898411181,-0.0142851207275,0.0583178869182
1155,0.0642275754573,0.194416611937,-0.581819585643,2.7085584381,0.00545553796863,4.04584856196,-0.019984772682,0.0578393108976
1156,0.0767317645484,0.193009388503,-0.480242113232,2.71239443335,0.00546320995914,5.83659119041,-0.00857622513313,0.0616309020791
1157,0.0603801583879,0.188671132303,-0.476535377559,2.70492624147,0.00544827357538,3.59236359456,-0.0231796281689,0.0536339727095
1158,0.0960143913827,0.187613051739,-0.488881064828,2.71182776582,0.00546207662408,9.8461893288,0.00969104935284,0.0559548004461
1159,0.104939764304,0.192575443632,-0.556008510304,2.70364028499,0.00544570166241,12.3925417514,0.0191369662325,0.0603421972163
1160,0.0671941224659,0.198210666988,-0.474089424364,2.71547487204,0.00546937083651,4.42459982724,-0.0150944045281,0.0611525990754
1161,0.0885247905536,0.197238656363,-0.563194198743,2.7072186783,0.00545285844905,8.07500474781,0.00532715152937,0.0602296456654
1162,0.0742818650462,0.206679011665,-0.591829549734,2.7024598007,0.00544334069384,5.44342762486,-0.00857253203561,0.0597450961561
1163,0.0567521040865,0.190582255145,-0.513365831149,2.70152159091,0.00544146427427,3.20081899595,-0.0274757620385,0.0687045016161
1164,0.101340085609,0.190646948339,-0.556894378292,2.70868758641,0.00545579626526,11.3031125904,0.0149682273266,0.0577639468351
1165,0.0840076172203,0.196124957229,-0.508191679995,2.71433820793,0.0054670975083,7.14495406953,-0.00114348443616,0.061093448719
1166,0.0602065900871,0.192132596203,-0.496233038876,2.69904099582,0.00543650308408,3.57285828217,-0.0243665885875,0.0592684484923
1167,0.0754069333123,0.19755478783,-0.535578139803,2.70264186418,0.00544370482079,5.62120227779,-0.00679806708389,0.0590733333464
1168,0.0978713463818,0.187443199324,-0.527621931102,2.69253935778,0.005423499808,10.3342613904,0.0127946503029,0.0590226430558
1169,0.0735177589426,0.193454182807,-0.604379047336,2.70142972252,0.00544128053748,5.3253161955,-0.0115437647018,0.0582983407822
1170,0.0653858448751,0.207555165906,-0.592885892132,2.70176051289,0.00544194211822,4.19060085946,-0.0169890680641,0.0597838034363
1171,0.0810000921252,0.194083061477,-0.527356540104,2.71670186067,0.00547182481378,6.57731444361,-0.00396804177574,0.0647279437837
1172,0.0707940750978,0.191794550341,-0.508733121632,2.70838325279,0.00545518759801,4.92100751063,-0.0145658719272,0.0594388563441
1173,0.097109181869,0.195118799516,-0.580967722787,2.70917121031,0.00545676351306,10.1314359692,0.0116817666885,0.0628211424659
1174,0.0782746776891,0.187815693872,-0.528209109934,2.70514240595,0.00544870590433,6.09593074614,-0.00660720872723,0.0584311081063
1175,0.0914714511761,0.191187094498,-0.521913529992,2.70728974308,0.0054530005786,8.73585133169,0.00543466683842,0.0615062427396
1176,0.0849210608054,0.190923838085,-0.448355631126,2.70670270526,0.00545182650295,7.32530390107,-0.000959399937045,0.0610520810492
1177,0.0934063819779,0.190728505775,-0.475226564501,2.70296899001,0.00544435907247,9.19470832008,0.00700597825653,0.0573690136608
1178,0.0702182888938,0.204515407504,-0.626691115922,2.71868987363,0.00547580083971,4.83877745097,-0.0116649072471,0.0653176482091
1179,0.0705055997422,0.202949879747,-0.567369360492,2.71493712629,0.00546829534501,4.87967110704,-0.0111237024201,0.0576176816611
1180,0.0590755268445,0.199306714256,-0.568584211281,2.71427503692,0.00546697116628,3.44768853959,-0.0238016534212,0.0633739875932
1181,0.0655297126257,0.195472313985,-0.511619917416,2.70939379987,0.00545720869219,4.20885677724,-0.0176016276963,0.0633041920817
1182,0.0759420535338,0.198500696504,-0.564659496149,2.70358837468,0.0054455978418,5.70740389214,-0.00763237411597,0.0593509434092
1183,0.080994068598,0.200001777491,-0.563393608182,2.71671372946,0.00547184855136,6.57621668609,-0.00263845730821,0.0585427178228
1184,0.0745049178742,0.187217779893,-0.584851095103,2.71273207817,0.00546388524879,5.47830391517,-0.01131681757,0.0614738402583
1185,0.0553059121619,0.197913819905,-0.600511056809,2.71058377293,0.00545958863831,3.05386847811,-0.0274785610733,0.0605917878766
1186,0.0600450808921,0.195365722847,-0.611539101277,2.71280327272,0.00546402763788,3.55477971976,-0.0231207544727,0.0579350227126
1187,0.0913016171857,0.184127483582,-0.45925153868,2.69326690265,0.00542495489774,8.69653818055,0.00582775432284,0.055944430701
1188,0.0968328909523,0.204655707725,-0.575062779353,2.70797203392,0.00545436516028,10.0587756071,0.0143215224995,0.0626294693984
1189,0.0738606144251,0.192387137676,-0.48619513768,2.70544317938,0.00544930745119,5.37805316521,-0.010974217549,0.0692558420118
1190,0.0795827236878,0.193268746397,-0.507083231347,2.70470136998,0.0054478238324,6.32317818828,-0.00447535983739,0.0651147728817
1191,0.104401538876,0.1924109167,-0.580114346194,2.70740350077,0.00545322809398,12.2239475682,0.0175875917882,0.0563546444989
1192,0.0767997559187,0.199240603955,-0.590428327619,2.71766286141,0.00547374681525,5.84782494545,-0.00724382868567,0.0639710295182
1193,0.0827288519031,0.196463951118,-0.525499835788,2.71722173431,0.00547286456105,6.89877437192,-0.00047132370115,0.0629504565384
1194,0.0963263998285,0.194677553994,-0.573565618651,2.71583478562,0.00547009066368,9.92675865929,0.00991918801512,0.0572616591244
1195,0.0804729938349,0.193621162764,-0.543823310384,2.71431755613,0.00546705620471,6.48183003182,-0.00415409295652,0.0589131312162
1196,0.107356399467,0.193473052158,-0.513494202202,2.70628196743,0.0054509850273,13.1753418512,0.0212412639442,0.0602542078542
1197,0.0787127517671,0.188639372142,-0.563668630549,2.70298390936,0.00544438891116,6.17127167095,-0.0062427398567,0.0566002393939
1198,0.0675393617347,0.19140099549,-0.579430481375,2.70629181044,0.00545100471332,4.47041380082,-0.0170198948847,0.0605208450492
1199,0.0936948986485,0.194255424938,-0.559433607017,2.70769948177,0.00545382005599,9.26488511495,0.00760473218922,0.0612708787096
1200,0.0942664932285,0.193470489983,-0.594118593289,2.70145495043,0.0054413309933,9.40528997694,0.00933782604308,0.0571986712925
1201,0.0776926183026,0.194329841012,-0.483688524629,2.70705758619,0.00545253626481,5.99700356223,-0.0068826323478,0.0619238414688
1202,0.110576456038,0.199900658794,-0.600610919602,2.70824769265,0.00545491647774,14.2870037476,0.0240462654783,0.0684083429797
1203,0.0850987875104,0.1995686412,-0.562613363877,2.70881322929,0.00545604755101,7.36083760368,0.00101813800094,0.0614040087086
1204,0.104967500295,0.196787153493,-0.555132581245,2.70928365615,0.00545698840473,12.4012855588,0.0183039134795,0.0648111368799
1205,0.0950813450412,0.202633408071,-0.565440576004,2.69338064461,0.00542518238167,9.60864453906,0.011555171714,0.0650350639745
1206,0.0457351629103,0.200950259355,-0.60185016224,2.70815918468,0.0054547394618,2.19882944052,-0.03687855626,0.0643213738844
1207,0.0662158615187,0.201569018949,-0.614763390654,2.7202759339,0.00547897296025,4.29677752336,-0.0152195375929,0.0649979544273
1208,0.070896921916,0.202451932383,-0.588271474387,2.70078200295,0.00543998509834,4.9358121643,-0.011732057039,0.0642572914174
1209,0.076385292424,0.20166213613,-0.576554194852,2.70925349795,0.00545692808833,5.77962061069,-0.00690547352862,0.0622472316816
1210,0.0847682756333,0.18744244751,-0.539290960768,2.70422401214,0.00544686911671,7.29487298518,0.000154072767855,0.0635563406667
1211,0.0687026991319,0.193855306171,-0.561290322714,2.71931695715,0.00547705500674,4.62754615388,-0.0154691735398,0.061260855769
1212,0.0988351557256,0.200446221374,-0.538457372089,2.70957780638,0.00545757670519,10.59584015,0.014069487812,0.0579025024514
1213,0.0966040958931,0.191584643003,-0.505651958571,2.69967427883,0.0054377696501,9.99895134021,0.0111591592338,0.0606499800261
1214,0.0909463264345,0.192767816236,-0.492843935915,2.71219318109,0.00546280745462,8.61478859771,0.00413838848944,0.0672689682349
1215,0.0804658647262,0.192685431015,-0.493576954361,2.71119214431,0.00546080538106,6.4805465505,-0.0042257837106,0.0651904947237
1216,0.0599787249251,0.193788087682,-0.494712011431,2.70952825747,0.00545747760738,3.54737208712,-0.0239988345225,0.061862765734
1217,0.092011006752,0.189167654208,-0.498719016489,2.71576462224,0.00546995033693,8.86176707134,0.00473545436657,0.0645425285202
1218,0.0686259630822,0.209170654064,-0.626863219404,2.70308261341,0.00544458631926,4.6170490851,-0.0133975322239,0.0605431162724
1219,0.0793843307717,0.194480203642,-0.506856347331,2.70555861919,0.00544953833082,6.28826667312,-0.00390115461764,0.0608573039544
1220,0.0704537324145,0.203951283222,-0.62807034362,2.70528797208,0.0054489970366,4.87226838984,-0.0121771942191,0.0603615149123
1221,0.0771716921345,0.190192518699,-0.595306442508,2.70818594608,0.0054547929846,5.90959226189,-0.00692031872659,0.0607364650392
1222,0.0726556513252,0.195065857245,-0.565018040293,2.71157845976,0.00546157801195,5.19455556747,-0.0111865513036,0.0645177969988
1223,0.0739701853584,0.203540556759,-0.572624181306,2.72213036187,0.00548268181619,5.39499599071,-0.00823689137963,0.0591340476216
1224,0.0913468740834,0.197058631677,-0.501463515538,2.69771466912,0.00543385043067,8.70699929771,0.00711929751894,0.0618624430054
1225,0.0755951754092,0.195780867547,-0.476546388362,2.69759578996,0.00543361267236,5.65140371309,-0.00896930793295,0.0560250926863
1226,0.0718778634679,0.20190894651,-0.565785903777,2.70684190601,0.00545210490446,5.0788176614,-0.0105788247127,0.0579140383847
1227,0.0845995505647,0.194168595631,-0.467334109197,2.69856463353,0.0054355503595,7.26139152445,2.45771640892e-06,0.0574685795274
1228,0.0755548155897,0.182850160513,-0.504413038605,2.70662145773,0.00545166400791,5.64491727628,-0.0107460762595,0.0608754776357
1229,0.0867722597821,0.197082548398,-0.480526904012,2.71159589978,0.00546161289199,7.70265214882,0.00264901775668,0.0633241508368
1230,0.0790814690555,0.185137563867,-0.501535411935,2.70123006807,0.00544088122858,6.23528005726,-0.00633619012873,0.06322399814
1231,0.111533002633,0.186701907527,-0.495983291601,2.7023265864,0.00544307426525,14.6330700472,0.023854034767,0.0611182818543
1232,0.0688776875794,0.200114502269,-0.612333248052,2.70829653293,0.00545501415831,4.65155420691,-0.0147300158469,0.0594453671072
1233,0.0617389221403,0.195038295008,-0.525791746426,2.71255447323,0.0054635300389,3.74784808427,-0.0212433775545,0.0672035389752
1234,0.0797054543744,0.190503327246,-0.503408001347,2.70393741973,0.0054462959319,6.34485574646,-0.00529266650482,0.0627040598355
1235,0.0614936694077,0.189177641511,-0.489867745167,2.70761249868,0.0054536460898,3.71941423851,-0.0225728760058,0.0650840286379
1236,0.0677262680068,0.203327985389,-0.564182214699,2.70684699128,0.005452115075,4.4953716511,-0.0141133577128,0.0626935932726
1237,0.0725043280549,0.192022819869,-0.489941315578,2.70844252663,0.0054553061457,5.17187332106,-0.0114486435057,0.0591663217018
1238,0.0960889615103,0.196746150751,-0.563995590852,2.71149694399,0.00546141498041,9.86539331754,0.0109385157686,0.062620146073
1239,0.0753649494476,0.196793227468,-0.62303309809,2.70491655159,0.00544825419561,5.61448442135,-0.00850695968654,0.0602104917853
1240,0.0858153490005,0.199439181132,-0.586798797008,2.71398165094,0.00546638439432,7.5055878916,0.00183250525334,0.0609171619547
1241,0.0692164274632,0.185498322916,-0.515629106368,2.700908966,0.00544023902445,4.69830875833,-0.0158833414596,0.0603849484615
1242,0.0630831433722,0.199183935889,-0.626630382566,2.71252659276,0.00546347427796,3.90664228613,-0.0210901289959,0.064567748871
1243,0.0781373932312,0.187383873722,-0.489892331093,2.70591629468,0.0054502536818,6.07247730933,-0.00741692606928,0.0541735880995
1244,0.080576422262,0.184401114777,-0.500479101437,2.70688023488,0.00545218156219,6.50047449279,-0.00541369144474,0.0560662802601
1245,0.0777554092016,0.1968282767,-0.530031594034,2.72038103019,0.00547918315282,6.00761138973,-0.00770347823649,0.0577493971622
1246,0.110258208999,0.188609016839,-0.436621350942,2.69587309967,0.00543016729177,14.1735080116,0.0238152093271,0.0621291503084
1247,0.0581742519408,0.201723656078,-0.596771208921,2.72656443519,0.00549154996281,3.35031347818,-0.0250146338638,0.0604442514119
1248,0.105468368599,0.188687022646,-0.459894302711,2.70812039108,0.0054546618746,12.5601327577,0.0190126792624,0.0618878889963
1249,0.0808774422222,0.205162580604,-0.598867360594,2.71235899658,0.0054631390856,6.55499223545,-0.0022209909132,0.0600353917651
1250,0.0693445847096,0.209381516263,-0.651425006619,2.71211895795,0.00546265900833,4.71609444326,-0.0120753122392,0.0634428983097
1251,0.0683204930482,0.194212463749,-0.545355198423,2.70846780435,0.00545535670113,4.57544880923,-0.0151234172392,0.0565342815646
1252,0.0727670250554,0.201174589223,-0.557371385128,2.71566922055,0.00546975953353,5.21130085463,-0.0104973747225,0.060561400652
1253,0.0714978618083,0.187495725424,-0.514587731263,2.70212909231,0.00544267927707,5.02303078604,-0.0129948161596,0.0530182762974
1254,0.0833926770985,0.197010251217,-0.575282388508,2.70722436793,0.00545286982829,7.02566280678,-4.50660746693e-05,0.0610419954948
1255,0.0879719433862,0.207450766738,-0.619935304496,2.71327380468,0.0054649687018,7.95592031689,0.00433814563621,0.0618706413381
1256,0.068887179782,0.190424461458,-0.49591135495,2.70965199941,0.00545772509127,4.65285932952,-0.0155340167167,0.0654735537375
1257,0.0614681574487,0.206242595598,-0.543152256712,2.71847326029,0.00547536761301,3.71646588037,-0.0201780261967,0.0654556460621
1258,0.0718594716384,0.188248993584,-0.472104678997,2.70472809081,0.00544787727405,5.07610621009,-0.0136053432049,0.0593372598274
1259,0.0747066893047,0.196447665087,-0.557350197603,2.7115086427,0.00546143837783,5.51000897595,-0.00940643244391,0.0582520693037
1260,0.0630984422466,0.204811362382,-0.595726942198,2.71133187906,0.00546108485056,3.90847861723,-0.0192199058412,0.060028795588
1261,0.0723653982457,0.204528282711,-0.655244066058,2.70870540141,0.00545583189526,5.15111909684,-0.0104238596828,0.0682365799267
1262,0.0655490626735,0.210330575224,-0.65533625037,2.70774016338,0.0054539014192,4.21131688256,-0.0160636400395,0.0707764662411
1263,0.0873883869388,0.205326696215,-0.588375014933,2.70987873862,0.00545817856968,7.83185156898,0.00439219990118,0.0622188073591
1264,0.0740417989009,0.201194157668,-0.57584312149,2.70933712782,0.00545709534809,5.40609288566,-0.00882079520234,0.0577880428162
1265,0.0712082142539,0.184347363135,-0.477872758643,2.70155369069,0.00544152847382,4.98083947843,-0.014404973213,0.067450964007
1266,0.0639634467486,0.194640907409,-0.565432803699,2.70991755244,0.00545825619733,4.01338735205,-0.0197010231152,0.0564708629473
1267,0.0750060413736,0.196738435315,-0.606074397017,2.7046840061,0.00544778910464,5.55732225565,-0.00872395034077,0.0616237062984
1268,0.0839480236168,0.187195888478,-0.505654091938,2.70850662816,0.00545543434876,7.13331940849,-0.00089763662422,0.0636234917794
1269,0.0729550517359,0.189712622889,-0.5383629536,2.70479361685,0.00544800832614,5.23966989761,-0.0110229943267,0.0589591297147
1270,0.0495005150314,0.201151416589,-0.606719319652,2.70735022516,0.00545312154275,2.51218821117,-0.0332577873685,0.0574241398562
1271,0.0753580418083,0.197921847366,-0.53847950919,2.7112371551,0.00546089540263,5.61337975504,-0.00833682183893,0.0582653036313
1272,0.098838897381,0.198296834285,-0.457123320568,2.69778771795,0.00543399652834,10.5968668609,0.0145722934394,0.0624994293422
1273,0.0926847299256,0.19474673807,-0.564213447368,2.70391643273,0.0054462539579,9.02119282578,0.00829673719653,0.0629548275661
1274,0.0509053430756,0.209498090621,-0.637867827388,2.71277536606,0.00546397182456,2.63649606355,-0.0305237015244,0.0628377426191
1275,0.0534277150146,0.193902509162,-0.567284578294,2.70625573482,0.00545093256209,2.87038518813,-0.0289285984235,0.0617255837282
1276,0.0955943485294,0.183413238349,-0.487237605252,2.70185689248,0.0054421348774,9.73862420016,0.00853124440926,0.0590044720619
1277,0.0923141869047,0.197109272216,-0.570042025054,2.70252342532,0.00544346794308,8.9332056344,0.0079789470272,0.0601658285197
1278,0.0733245069203,0.199841802321,-0.61953789088,2.71356188777,0.00546554486798,5.29577580279,-0.00832132738682,0.0622122408003
1279,0.0670420723894,0.191837604567,-0.503084208026,2.71115791444,0.00546073692133,4.40453969329,-0.0176553395467,0.0600348389973
1280,0.0750468113611,0.18976366303,-0.531138810482,2.70589699641,0.00545021508525,5.56379157103,-0.00979466518953,0.0560843096403
1281,0.0725384979437,0.203217364883,-0.60886066145,2.71696883075,0.00547235875393,5.1769881452,-0.0101172648504,0.0665792842111
1282,0.0903865894149,0.191865633485,-0.458122129118,2.71686855896,0.00547215821036,8.48734041982,0.00415531214544,0.0590753972375
1283,0.0686409097954,0.196862130869,-0.573819456551,2.72517086007,0.00548876281257,4.61909223555,-0.0141057980306,0.0605090972626
1284,0.0722508606571,0.186780131656,-0.43749948084,2.69284065996,0.00542410241236,5.134059222,-0.0125397751841,0.0674451248269
1285,0.091416206671,0.195143730775,-0.530045718172,2.70930269574,0.00545702648391,8.72304655256,0.00696824341895,0.0611351153853
1286,0.0646401383385,0.195272872378,-0.577566285918,2.71584257621,0.00547010624486,4.09695694213,-0.0194688130134,0.0620372853508
1287,0.070445920557,0.18734419874,-0.544260156433,2.70811461084,0.00545465031412,4.8711542264,-0.0151180257402,0.0628938565642
1288,0.101301439905,0.183751703312,-0.468513508674,2.71401511797,0.00546645132837,11.2918923932,0.0137529060513,0.057081758539
1289,0.0745257209084,0.197910306083,-0.547386565474,2.71166216083,0.00546174541409,5.48156589236,-0.00951526260817,0.0635385156544
1290,0.0719494397314,0.196523385034,-0.600926952461,2.70897252001,0.00545636613245,5.08938101023,-0.0130742847825,0.0577140058683
1291,0.094686937308,0.181594102751,-0.50972767171,2.71061269651,0.00545964648546,9.5097434513,0.00751426903576,0.0550971153536
1292,0.0805595830628,0.191743876485,-0.471451481929,2.69288518279,0.00542419145802,6.4974359434,-0.0031779611366,0.0606867649742
1293,0.0949070805221,0.200852138825,-0.486520003733,2.70150251151,0.00544142611546,9.56483637943,0.0110075365083,0.0588404797152
1294,0.0758672705042,0.195140483314,-0.592926142077,2.7088689755,0.00545615904345,5.69529268168,-0.00860961507663,0.0606805185164
1295,0.0693805148605,0.194954734747,-0.504098666085,2.70597929421,0.00545037968085,4.72109040841,-0.0148941802258,0.0605453682908
1296,0.0815759794103,0.195110688378,-0.561288861517,2.69783529174,0.00543409167591,6.68297628806,-0.00188961540704,0.0590122810154
1297,0.0832005092026,0.200039669467,-0.591748479944,2.72618378187,0.00549078865618,6.98873024862,-0.00101439497204,0.0623056690361
1298,0.0876455095908,0.189344622274,-0.480621653572,2.69320643023,0.0054248339529,7.88631285402,0.0026099781558,0.0590066847382
1299,0.0952251700114,0.190861960635,-0.48960028566,2.71165332284,0.00546172773812,9.64493205288,0.00922514589992,0.0608523051439
1300,0.0861187075127,0.185442942421,-0.48544007128,2.70558032402,0.00544958174048,7.56759168574,0.000431185864762,0.0547435505126
1301,0.0798743290457,0.196293526487,-0.55240025554,2.72081495901,0.00548005101046,6.37478446169,-0.00412639666148,0.0627741050669
1302,0.078600757268,0.193479630609,-0.445263682089,2.71364859052,0.00546571827347,6.15193775968,-0.00476145711317,0.0652544533167
1303,0.0792623552424,0.200793815731,-0.585991388002,2.71316632495,0.00546475374234,6.26688194704,-0.00506574953258,0.0589026349763
1304,0.050796842071,0.20821643532,-0.626569352871,2.71100026231,0.00546042161705,2.62674641234,-0.031589118986,0.0563838185216
1305,0.0799762442087,0.201493003179,-0.62822979885,2.70709971625,0.00545262052494,6.39290301784,-0.00323487724383,0.0624498497356
1306,0.0642263935864,0.19686889589,-0.496694432439,2.70489713429,0.00544821536103,4.04570286183,-0.0196143800455,0.0549588302257
1307,0.0780287475514,0.191454895289,-0.565284610263,2.70706363797,0.00545254836837,6.05396932435,-0.0069176741135,0.0596016268894
1308,0.104164167042,0.200908670742,-0.569238176179,2.70634964156,0.00545112037556,12.1502432236,0.0190257608125,0.060315416113
1309,0.0779604106547,0.196602035448,-0.521337371575,2.70688035214,0.00545218179672,6.04235188048,-0.00696272016264,0.0585214605255
1310,0.105677757576,0.193970257463,-0.457359195813,2.71104891167,0.00546051891579,12.6270743909,0.0194471779228,0.0634617502102
1311,0.0659653679593,0.19425131475,-0.57584055305,2.70533384406,0.00544908878057,4.26451603295,-0.0171249733867,0.0572451310525
1312,0.0619917830612,0.197714039272,-0.620989248494,2.72077844361,0.00547997797966,3.77733643577,-0.0210364871519,0.0645556034364
1313,0.0850435384965,0.186151692261,-0.520618209805,2.70297036465,0.00544436182174,7.34977582777,-0.00111295388592,0.0571968364287
1314,0.0806728979579,0.20568222562,-0.573174300992,2.71055206539,0.00545952522322,6.51790588877,-0.000656621706712,0.0706390304429
1315,0.0672236365241,0.192134641303,-0.592011168682,2.70344522526,0.00544531154295,4.42850193783,-0.0155907510798,0.0568499964252
1316,0.100510987114,0.201257884837,-0.628715613914,2.70725782287,0.00545293673818,11.0645434323,0.0158115548905,0.063422092453
1317,0.111896141609,0.194123593594,-0.514442424117,2.7120187163,0.00546245852503,14.7664116452,0.0246777075936,0.0640296530669
1318,0.0634039206758,0.195068095498,-0.530001355183,2.71434032571,0.00546710174385,3.94528396877,-0.0212578184667,0.0665982514025
1319,0.0875543820346,0.198690019935,-0.575417004817,2.7100104806,0.00545844205365,7.86697423895,0.00288420759717,0.0571727475346
1320,0.0846190238076,0.192961841245,-0.521435594982,2.70881080607,0.00545604270458,7.2652491117,0.000173237634971,0.0602197535075
1321,0.0724895414115,0.197819782978,-0.538777910598,2.7124848244,0.00546339074123,5.16966119988,-0.0109713552996,0.0590936402351
1322,0.0865070588183,0.194003191814,-0.482807160998,2.71156485693,0.00546155080629,7.6476017912,0.00244178691712,0.0567166901966
1323,0.0885387294034,0.18570493028,-0.459785022535,2.7065427854,0.00545150666324,8.07802679477,0.00131579772496,0.0651710759206
1324,0.082528052769,0.188394647107,-0.591074816222,2.71706713422,0.00547255536089,6.86077367731,-0.00304348179732,0.0609341653699
1325,0.0687574290077,0.196155223363,-0.607971842774,2.7130959655,0.00546461302344,4.63504442064,-0.0146196066013,0.06583618957
1326,0.0835258337895,0.194853885912,-0.543789879202,2.70863409513,0.0054556892827,7.05135029408,-0.000504270657648,0.0674529984575
1327,0.0870068720074,0.20605500628,-0.608037309044,2.71323452148,0.0054648901354,7.75163368283,0.00325693160358,0.0607323536608
1328,0.0828659513646,0.194381339906,-0.488768392068,2.71319808109,0.00546481725462,6.92482148242,-0.00208271308874,0.0598920476647
1329,0.0796189317319,0.212916139913,-0.616627313983,2.70560544229,0.00544963197702,6.32956710235,-0.00182712352329,0.0652287087591
1330,0.0892325309675,0.195667847711,-0.500580574722,2.70471626214,0.00544785361672,8.22967706409,0.00407035325373,0.0575111169535
1331,0.0960779610204,0.189515756537,-0.521598311209,2.71118227628,0.00546078564499,9.86255831532,0.00987709722072,0.0583387092161
1332,0.0672954889611,0.192837921243,-0.479359370105,2.70074843582,0.00543991796409,4.43801297404,-0.0161603333642,0.0659853544274
1333,0.102799075845,0.189883413122,-0.519287268095,2.70932614625,0.00545707338495,11.7339870882,0.0150245479296,0.0586723522054
1334,0.0947751261901,0.183981312086,-0.572737820274,2.71026623491,0.00545895356225,9.53178030834,0.00761466969953,0.0587131738773
1335,0.0835043288511,0.195541671207,-0.567746426452,2.71127201742,0.00546096512727,7.04719639327,-0.000420367962761,0.0575218673757
1336,0.0780749679076,0.198365303378,-0.489752707103,2.70285645029,0.00544413399301,6.06183734535,-0.00591383927645,0.0638308292028
1337,0.0469359984069,0.209050381482,-0.621738062789,2.70328683281,0.00544499475806,2.2957231995,-0.033554821238,0.0572011208992
1338,0.0785742756833,0.192832662578,-0.539535471596,2.71138348075,0.00546118805393,6.14737350465,-0.00584941749314,0.0597003526426
1339,0.0814797601727,0.201309192182,-0.608720597262,2.70877653992,0.00545597417227,6.66522427184,-0.0016925923314,0.0633450678163
1340,0.0757766633731,0.187785245845,-0.574101202622,2.70788458961,0.00545419027166,5.68064690812,-0.00961278610724,0.0636140705581
1341,0.0678821118615,0.195494078612,-0.582948024323,2.70943066589,0.00545728242423,4.51626536509,-0.0157910439077,0.0584481347237
1342,0.103313821608,0.193643985967,-0.522135931351,2.7024694912,0.00544336007484,11.889437945,0.0184277096865,0.0569876919207
1343,0.064855438053,0.188653069277,-0.504361119344,2.70602075943,0.00545046261131,4.12382560627,-0.0196925969617,0.0611552697263
1344,0.0677616012777,0.189766338935,-0.496233632795,2.71219665268,0.0054628143978,4.50010204019,-0.0155915132947,0.0615982866709
1345,0.0883591657118,0.205907792682,-0.623472321389,2.70701086004,0.00545244281252,8.0391699962,0.00466895850764,0.0671356156012
1346,0.0869653027023,0.198923315568,-0.565313168347,2.72131264003,0.0054810463725,7.74293570655,0.00270848780496,0.0608962617347
1347,0.0860119869366,0.193311789202,-0.541132512467,2.70338361696,0.00544518832636,7.54572955493,0.00121248063347,0.0616648860934
1348,0.0627891855774,0.206823525224,-0.636967157228,2.71727775293,0.0054729765983,3.87148641242,-0.0186197227228,0.0666658281058
1349,0.0890986198188,0.192178963204,-0.458783593916,2.70784891933,0.0054541189311,8.20021850151,0.00457299937276,0.0642418972941
1350,0.0680427810454,0.198936375182,-0.625601702294,2.7177069549,0.00547383500224,4.53788596184,-0.0154166314558,0.0545039883217
1351,0.0791719480571,0.184482039174,-0.47880307368,2.70626473853,0.00545095056951,6.25107072157,-0.00681474855549,0.0615175535789
1352,0.0728040013378,0.19823253313,-0.54259314892,2.71134335982,0.00546110781208,5.21686993834,-0.0109952179817,0.0581281258879
1353,0.0635629866397,0.186910735419,-0.476234121598,2.7016269169,0.00544167492624,3.96455383686,-0.0212073875324,0.0629043175131
1354,0.0825585864004,0.187572981035,-0.541179911561,2.70590801953,0.00545023713149,6.8665407303,-0.00258577356786,0.063268074231
1355,0.0610384486483,0.187540999519,-0.536400698554,2.70890650707,0.00545623410657,3.66707077002,-0.0235197707681,0.0617476404722
1356,0.0597313218236,0.207139714948,-0.642572529973,2.71041963887,0.00545926037018,3.5198552781,-0.0222991585651,0.0670590477729
1357,0.0758230299074,0.193080777586,-0.50514642288,2.70802860591,0.00545447830425,5.68813776084,-0.00772393724553,0.0616183031105
1358,0.0900363585294,0.194980930627,-0.595349543447,2.71240832244,0.00546323773731,8.40842318906,0.00444588876019,0.0601527180599
1359,0.0944085281273,0.187523769648,-0.611836909212,2.70674163224,0.00545190435691,9.44046441784,0.00770137160048,0.0611138726472
1360,0.0985319809831,0.196277665074,-0.615958482259,2.70705765016,0.00545253639276,10.5129387732,0.0131627076924,0.0596218022573
1361,0.100042862924,0.183152163971,-0.421545061541,2.69761931061,0.00543365971365,10.9318143163,0.0127276187303,0.0665421562918
1362,0.070219711773,0.200500929103,-0.620630202979,2.70816821404,0.00545475752051,4.83897929738,-0.0134031721186,0.0590462220562
1363,0.0732089565507,0.203811699653,-0.596776123146,2.71247772956,0.00546337655155,5.27817625917,-0.0091998537431,0.0584187242319
1364,0.101015618918,0.212136592871,-0.609213202189,2.70682190343,0.00545206489929,11.2092135242,0.01644673238,0.0659813320374
1365,0.0693551581703,0.188565448899,-0.59242284417,2.71243490662,0.00546329090568,4.71756421119,-0.0158771322304,0.0630168579171
1366,0.0856739155789,0.196170738819,-0.534788727939,2.71458199231,0.00546758507707,7.47682784214,-0.000352129685803,0.0595632392831
1367,0.0796334534528,0.189576554874,-0.494378188229,2.70206350636,0.00544254810516,6.33213096738,-0.0058049558802,0.0575611697102
1368,0.0493909356223,0.200498493917,-0.594465717864,2.71522586599,0.00546887282442,2.50266565482,-0.0334233408857,0.0599560894298
1369,0.0827929676203,0.202852235613,-0.599017538142,2.71982712964,0.00547807535172,6.91094525909,-0.00136928341363,0.0586056583398
1370,0.0676485898024,0.202615548034,-0.637022348554,2.7102213488,0.00545886379004,4.48498590696,-0.0152348600265,0.0580576313009
1371,0.0903845844938,0.204312139366,-0.588021490641,2.71013683509,0.00545869476261,8.48688684649,0.00789429576495,0.0658211251311
1372,0.0916393487409,0.186131619086,-0.528061419823,2.71583401217,0.00547008911678,8.77486686167,0.00449877877441,0.0594482700928
1373,0.0751727353432,0.211229658359,-0.644000138784,2.71096127081,0.00546034363405,5.58381175731,-0.0067867666477,0.0678525236177
1374,0.0470993163575,0.199374925138,-0.56554588323,2.71063205902,0.00545968521048,2.30911712447,-0.0358670040899,0.0653519906789
1375,0.0932475971589,0.206697518764,-0.598123706848,2.71608609728,0.005470593287,9.15628364583,0.0108727248076,0.0667645132386
1376,0.0847003311036,0.197345045753,-0.617399031558,2.70359634611,0.00544561378466,7.28137454869,0.00133169652886,0.0660773996268
1377,0.0929800118557,0.187535310215,-0.565499148306,2.70492283103,0.0054482667545,9.0918449826,0.00674532507026,0.0608246744068
1378,0.0862000103382,0.188587894547,-0.477010743639,2.71291600371,0.00546425309986,7.58428297047,0.00111518579925,0.0516085079135
1379,0.0785566010217,0.196574244624,-0.620384241963,2.70862097933,0.00545566305109,6.14432873264,-0.00443602695571,0.0651752120992
1380,0.0939547244708,0.183015711991,-0.484765101217,2.69860145151,0.00543562399547,9.32848066276,0.00749197491508,0.0531921996366
1381,0.0705632164791,0.195642385769,-0.560821436119,2.70489685814,0.00544821480872,4.88790492361,-0.0128874247558,0.0581056828679
1382,0.0640549193301,0.194624568333,-0.558769912246,2.70398105967,0.00544638321177,4.024606465,-0.020641660179,0.0586458282697
1383,0.0865731826966,0.191459585173,-0.507975692399,2.69857542351,0.00543557193946,7.66129635172,0.00198961958455,0.0592764046322
1384,0.0830497560659,0.198317311239,-0.569755020527,2.71980796271,0.00547803701786,6.95987159375,-0.00103355534067,0.0598219441928
1385,0.101893719654,0.191869591003,-0.489646603631,2.71134443682,0.00546110996608,11.4649370085,0.0146824876604,0.0587439607304
1386,0.0981728452777,0.201475005207,-0.573663425003,2.71625761808,0.0054709363286,10.415472481,0.0128382363537,0.0624200808077
1387,0.0912911924215,0.196352952123,-0.614531256303,2.71651138443,0.0054714438613,8.69413003626,0.00593153399899,0.0626628090495
1388,0.078190747773,0.195811554592,-0.448580355581,2.69871567786,0.00543585244817,6.08158343736,-0.00485666633726,0.0646869440831
1389,0.0784103992275,0.194831229111,-0.551516785891,2.70963560369,0.00545769229982,6.11919067814,-0.00640735074579,0.059457256781
1390,0.059353441163,0.188373277652,-0.486452981789,2.70914890374,0.00545671889991,3.47813521344,-0.0244471863353,0.0682814502017
1391,0.0719971856029,0.199665929021,-0.63767081878,2.70991603594,0.00545825316432,5.09643724004,-0.00998902021684,0.0645440609914
1392,0.0579583632094,0.195631020771,-0.521076893732,2.70759278249,0.00545360665742,3.32729469692,-0.0259083549492,0.0593557789507
1393,0.0776570112917,0.185222089669,-0.48106664177,2.70277225344,0.00544396559932,5.99099501397,-0.00732812614623,0.059911817354
1394,0.0753846262691,0.196492122759,-0.525905012608,2.7090488483,0.00545651878903,5.61763210171,-0.00855579783002,0.0593196112183
1395,0.0946744096075,0.184421894143,-0.469714696312,2.7059772341,0.00545037556064,9.50661659713,0.00826615723736,0.0561947220366
1396,0.0945591513256,0.193826586715,-0.54475434438,2.70731245707,0.00545304600657,9.4778906232,0.0107419370493,0.0618720569123
1397,0.0587869899308,0.20264727281,-0.506091111714,2.70497050925,0.00544836211095,3.41628875617,-0.023480922899,0.0606396936868
1398,0.0741410408268,0.199821817653,-0.58687521374,2.72313464204,0.00548469037652,5.4215015561,-0.00821302617461,0.0622847678486
1399,0.105292077004,0.203090786825,-0.612651752555,2.71451120832,0.00546744350909,12.5040176355,0.0195980940655,0.0658070821265
1400,0.0871340501301,0.193835462961,-0.557775642525,2.7145501131,0.00546752131864,7.77829617721,0.00231986110988,0.0593995321316
1401,0.078361836963,0.194509910726,-0.541991423413,2.71917944715,0.00547677998674,6.11085967598,-0.00611496797953,0.0542046719266
1402,0.0901399540358,0.20479820435,-0.582882337282,2.71482457879,0.00546807025001,8.43170029798,0.00562275122626,0.057221644761
1403,0.111173948862,0.195175955237,-0.534601820003,2.71422011469,0.00546686132182,14.5022949924,0.024268358761,0.0571386085814
1404,0.0676878087676,0.193438796861,-0.522791937686,2.70584093109,0.00545010295461,4.49022720637,-0.0153703449233,0.0616894499793
1405,0.0652454004537,0.20200264078,-0.593173815234,2.71075721877,0.00545993552997,4.17283869409,-0.0163071358955,0.064169345453
1406,0.0614749821052,0.19559838057,-0.556593368516,2.70758957282,0.00545360023808,3.71725441658,-0.0229130421137,0.0646875106738
1407,0.0836297494831,0.196704731492,-0.512913772652,2.70391847455,0.00544625804153,7.07145175213,-0.000144428632944,0.0631610616934
1408,0.053396699844,0.191252423411,-0.558272921991,2.70755758812,0.00545353626868,2.86742335897,-0.0308661169301,0.0563170187721
1409,0.0617012852633,0.206507971777,-0.562165323772,2.71408005659,0.00546658120561,3.74347390648,-0.0197775378402,0.0568062906009
1410,0.0771088011815,0.192148321603,-0.54476705174,2.70634743369,0.00545111595982,5.89911048436,-0.00576890525292,0.0611316641278
1411,0.0725632995975,0.197781288692,-0.480042621525,2.70252983452,0.00544348076147,5.18070320902,-0.0106670021659,0.0582806635438
1412,0.0732120529183,0.196676723022,-0.559471999104,2.71118735698,0.00546079580641,5.27864725127,-0.0122780391899,0.0628168689669
1413,0.0764854016359,0.196965403084,-0.5389702226,2.69680143867,0.00543202396977,5.79603455277,-0.00751773989467,0.0591712314411
1414,0.0999933834147,0.197700772701,-0.535795100053,2.72109288093,0.00548060685429,10.9178675249,0.0142984699322,0.0633662815241
1415,0.0892142281095,0.188830981571,-0.554346732967,2.7032558353,0.00544493276304,8.22564534928,0.00430267832213,0.056484878217
1416,0.0690102388462,0.197366087384,-0.536378794489,2.70977529537,0.00545797168318,4.66980548888,-0.0142700664712,0.0606897479949
1417,0.108520380403,0.191638253532,-0.543759374943,2.70940724521,0.00545723558285,13.5679011565,0.0209074702872,0.0582111033141
1418,0.0656512780592,0.195659499733,-0.565905515733,2.70333179191,0.00544508467626,4.22433078034,-0.0175978860125,0.054920770965
1419,0.078609314305,0.204607087762,-0.552317967197,2.71219315677,0.00546280740598,6.15341321377,-0.00297654722103,0.0608108351253
1420,0.07859854043,0.200744181204,-0.568196928065,2.7138779745,0.00546617704144,6.15155556731,-0.00470288024784,0.0594154319685
1421,0.0539377079754,0.203361985034,-0.607674719612,2.71527976385,0.00546898062013,2.91940147233,-0.0272600631193,0.0665794554839
1422,0.0850480543888,0.21010641197,-0.609588432617,2.70093702622,0.00544029514488,7.35067945649,0.00316823326616,0.0648535420467
1423,0.0950884686751,0.19670346015,-0.541362378039,2.70885430211,0.00545612969666,9.6104390522,0.00993458366241,0.0578516286373
1424,0.0822838738789,0.193273328198,-0.532242505826,2.70739210137,0.00545320529518,6.81480030461,-0.00239779785665,0.0584901300845
1425,0.0443371067313,0.195601954118,-0.490115008825,2.69889949536,0.00543622008315,2.08947179566,-0.0396205773209,0.0650566537247
1426,0.0739650110996,0.185481785685,-0.515784189368,2.70457321445,0.00544756752134,5.39419492847,-0.011117479972,0.0630845582448
1427,0.0982876833879,0.203525058268,-0.574682011296,2.7102359718,0.00545889303604,10.4465519267,0.0135419310619,0.0630613815114
1428,0.0865181193775,0.196154408507,-0.544361684411,2.70248193495,0.00544338496234,7.64989103315,0.00361096202051,0.0649827589804
1429,0.0716641862711,0.190833492645,-0.562100105178,2.70139137574,0.00544120384392,5.04738752071,-0.0129552370499,0.0582149101552
1430,0.085786487767,0.199802711346,-0.622830971334,2.71795330333,0.0054743276991,7.49971143998,0.00151723858117,0.0672816595802
1431,0.0977719082203,0.187409470845,-0.523763584208,2.70425027843,0.00544692164929,10.3075989788,0.0112949591953,0.0576544680645
1432,0.0959257784745,0.190660830715,-0.504180368703,2.71257811462,0.00546357732168,9.82341134624,0.0100647297478,0.0563434713346
1433,0.0919528902504,0.20183278936,-0.629323486011,2.70331197039,0.00544504503322,8.8481295796,0.00753071786661,0.0641549589779
1434,0.0625401685862,0.195120980903,-0.531894744699,2.71383526662,0.00546609162568,3.84189483968,-0.0216681537142,0.0572379586288
1435,0.0716659261502,0.195744902535,-0.600212826603,2.72073652314,0.00547989413871,5.04764281035,-0.0131421335366,0.056218811711
1436,0.0767003651518,0.195327700703,-0.611446364756,2.71717670237,0.00547277449719,5.8314092634,-0.00701988104982,0.0577790278615
1437,0.0783316260104,0.194636445104,-0.523899206922,2.71390713971,0.00546623537185,6.10568162714,-0.0071572844478,0.0569853142788
1438,0.079485241836,0.196146606256,-0.604913656206,2.70338725749,0.00544519560742,6.30600410665,-0.00441909386062,0.065479716231
1439,0.0896047475801,0.196604841704,-0.488133339836,2.69833382436,0.00543508874117,8.31203665639,0.00639537102311,0.0605956438342
1440,0.0954861195924,0.193046521496,-0.493523318552,2.70570077909,0.00544982265062,9.71107542748,0.0102361660855,0.0603234943924
1441,0.0794483695011,0.192129810378,-0.432037659821,2.69419053572,0.00542680216388,6.29951814125,-0.00527115581008,0.0607336859954
1442,0.100856595056,0.197721955704,-0.628881359353,2.70881581243,0.0054560527173,11.1634448019,0.0160288121285,0.0585271927492
1443,0.0702221541772,0.194977499142,-0.533532863292,2.70828109557,0.00545498328357,4.83932578691,-0.012964903706,0.0611019754744
1444,0.059988583684,0.189876844162,-0.473637768165,2.69650305895,0.00543142721034,3.54847193417,-0.0254637358859,0.0726797928045
1445,0.0593632189476,0.198371031948,-0.505896799706,2.70718319143,0.0054527874753,3.47921005168,-0.0229738959852,0.0567646505742
1446,0.0613998460556,0.189561531391,-0.544081395295,2.7135786602,0.00546557841283,3.70858000813,-0.022385877049,0.0575127998665
1447,0.0759578125884,0.199171240251,-0.485012310552,2.70237382452,0.00544316874148,5.70995877781,-0.00814926194403,0.0569229083402
1448,0.115605987398,0.191876179736,-0.502112818691,2.69714559123,0.00543271227489,16.1928069264,0.0292492400321,0.0584966428616
1449,0.0740940134428,0.18667386663,-0.492014632728,2.70320298642,0.00544482706527,5.41419547234,-0.0108667629991,0.0602443685316
1450,0.0857571390087,0.193758753167,-0.543697363222,2.72589028356,0.00549020165956,7.49373972659,-0.000804396862736,0.0627851251837
1451,0.0687480675083,0.192818145102,-0.522144296663,2.70885009288,0.0054561212782,4.63376116769,-0.0163171109382,0.0572575038019
1452,0.0671322065524,0.200215031448,-0.541145935559,2.70409260423,0.0054466063009,4.41642256668,-0.0139843006402,0.0645793467421
1453,0.0603402640156,0.194317800485,-0.541631626171,2.70061301753,0.00543964712751,3.58787326432,-0.0221033335426,0.0633059564995
1454,0.0677531978802,0.197481096034,-0.528831630936,2.7173026505,0.00547302639345,4.49897664556,-0.0165454527818,0.056090046292
1455,0.0688911707238,0.205017836342,-0.565389894709,2.71457753248,0.00546757615741,4.65340814732,-0.0125245123098,0.0633332280666
1456,0.0687109083035,0.186615322265,-0.500377321065,2.69454297908,0.00542750705059,4.62867023955,-0.016254964485,0.0584926065718
1457,0.0884568734145,0.186177797398,-0.518801690659,2.7001387471,0.00543869858663,8.06029363803,0.00257583488154,0.0602200601931
1458,0.0799856248312,0.195588533954,-0.557746321463,2.70122399905,0.00544086909054,6.39457286158,-0.00660901041199,0.0571522593326
1459,0.0982998975805,0.197282836429,-0.58071009337,2.70575460762,0.00544993030769,10.4498623225,0.0129999858826,0.0654605288718
1460,0.0591104913387,0.1942237825,-0.530444438267,2.7055520075,0.00544952510744,3.4515080715,-0.0231631888761,0.0646348654644
1461,0.0913592295803,0.203850398299,-0.505792497247,2.70346334118,0.0054453477748,8.709857152,0.00866003951509,0.059993399992
1462,0.0837685717611,0.205080817533,-0.636539121912,2.70862829367,0.00545567767978,7.09838084789,-0.000877106287556,0.0609969898004
1463,0.073117129316,0.203011698443,-0.562142492325,2.70189675231,0.00544221459705,5.26422374463,-0.00917669958397,0.0593257727614
1464,0.0824372123792,0.193080295278,-0.560123109566,2.71821073213,0.0054748425567,6.84364018753,-0.00142439446218,0.061837759652
1465,0.0684690866506,0.192276229937,-0.55907397978,2.70538837718,0.00544919784681,4.59564781083,-0.0148509143563,0.0571169612472
1466,0.0825518177936,0.200857970218,-0.5146637471,2.7103138993,0.00545904889104,6.86526195587,-0.000675360399618,0.0591027336514
1467,0.0853656058977,0.196771005109,-0.513221511915,2.7089662069,0.00545635350624,7.41445775078,0.00286389525654,0.0581927467623
1468,0.0688888623574,0.19841879537,-0.582325029602,2.70192809313,0.00544227727869,4.65309070407,-0.0136572753778,0.0583776981783
1469,0.0931388802558,0.186842605319,-0.519222958593,2.70426895152,0.00544695899549,9.13005536707,0.00658293682714,0.0568759947046
1470,0.0608717262857,0.209469350956,-0.626911371617,2.71334344598,0.00546510798439,3.64804025656,-0.0199484465252,0.0662082730472
1471,0.0812763082912,0.195133477891,-0.594125155028,2.70624551262,0.00545091211769,6.62781808737,-0.00292449987587,0.0595340254465
1472,0.0640713756846,0.190431216179,-0.482314645421,2.70797389455,0.00545436888154,4.02662739756,-0.0196728452793,0.0559975551574
1473,0.0654882018591,0.189060717916,-0.458628175715,2.69854572428,0.005435512541,4.20358299332,-0.0197203614955,0.0593384962493
1474,0.073471961928,0.187089802466,-0.529800820635,2.71124330007,0.00546090769259,5.31830366438,-0.012113974057,0.058087281052
1475,0.0897990763698,0.193117373294,-0.515237699119,2.72112578423,0.00548067266089,8.35531569438,0.00331013512822,0.061601026897
1476,0.064779617125,0.201720937133,-0.596832941864,2.71337362878,0.00546516834999,4.1143479166,-0.0166654019816,0.065573589097
1477,0.0659440315703,0.201030306116,-0.585865293428,2.70388918054,0.00544619945351,4.26177683241,-0.017202845259,0.059468219196
1478,0.0672350405646,0.199545748031,-0.569884710433,2.71436071699,0.00546714252641,4.43001041083,-0.0168259349245,0.0608712302404
1479,0.0776358023358,0.191613867042,-0.468300099129,2.70781466875,0.00545405042995,5.98741844095,-0.00665210353297,0.0603268290696
1480,0.108633976687,0.185753371875,-0.471049816683,2.70146942459,0.00544135994161,13.6067671773,0.0211376946555,0.0605757460718
1481,0.0876094967744,0.19777919326,-0.542133583571,2.70803631998,0.0054544937324,7.87866556013,0.0041054158932,0.0656869494868
1482,0.0769720855323,0.199778521726,-0.622168832039,2.7115013588,0.00546142381004,5.87637736513,-0.00546762710306,0.0585449993552
1483,0.0762730369277,0.201975656959,-0.65083860853,2.70452824234,0.00544747757713,5.7612604963,-0.00608574089431,0.0585386833354
1484,0.0705672709643,0.195506369008,-0.603675088315,2.70907910324,0.00545657929892,4.88848475398,-0.0134994343707,0.0625320029101
1485,0.0750143177623,0.199747578728,-0.533980421861,2.70272171562,0.00544386452368,5.55863504339,-0.00848020563685,0.0597733484313
1486,0.0875169322213,0.195317253646,-0.505366346815,2.71383582938,0.00546609275119,7.85903857261,0.00310197839729,0.0625623627228
1487,0.0657653903685,0.189806826699,-0.505704217033,2.70251417531,0.00544344944307,4.23889629117,-0.0185694509201,0.0588034946224
1488,0.0986785722401,0.207321417716,-0.635727366296,2.71203119045,0.00546248347335,10.5529518917,0.0143557524205,0.0643303338742
1489,0.0780704188076,0.18822489387,-0.51249302907,2.70193697106,0.00544229503455,6.06106258472,-0.00662571418489,0.060265722338
1490,0.0903876285705,0.189864652272,-0.503780566875,2.71068382383,0.00545978874009,8.4875755162,0.00301913604992,0.0564975835383
1491,0.0700405957793,0.194104909309,-0.562670491974,2.70509976158,0.0054486206156,4.81362297749,-0.0152639650508,0.0564623156906
1492,0.0787738307536,0.195004966143,-0.608545355729,2.70224837719,0.00544291784682,6.18183706814,-0.00513571178935,0.067503309529
1493,0.092592103108,0.192808599089,-0.515813556488,2.71031473517,0.00545905056278,8.9991281599,0.00716434998507,0.0557096994005
1494,0.0707818232536,0.197364800817,-0.613420758852,2.71680332064,0.00547202773371,4.91924624356,-0.0119298491154,0.0623859155391
1495,0.0789487922043,0.192088518642,-0.581362327827,2.70595136902,0.00545032383048,6.21218467723,-0.0073228915586,0.0586111627383
1496,0.0767037993775,0.189125546726,-0.492215426794,2.71436031843,0.00546714172929,5.83197583891,-0.00697243157598,0.0622274274143
1497,0.0966474234016,0.193526021563,-0.519611294772,2.70606807564,0.00545055724371,10.0102564781,0.0113058161474,0.0614402679025
1498,0.0763226999189,0.197075873906,-0.591527989852,2.71443633832,0.00546729376909,5.76937729597,-0.00821291591766,0.0626792909528
1499,0.0679283907165,0.195938469528,-0.533903506694,2.70077202848,0.0054399651494,4.52248458554,-0.0152436482705,0.0587566595963
1500,0.0706893548777,0.189549565438,-0.482238742928,2.7069408656,0.00545230282363,4.90596966693,-0.0127491377973,0.0615406428843
1501,0.0773866568691,0.189092513497,-0.520347119037,2.70673701763,0.0054518951277,5.94553529541,-0.00812895619808,0.0604886312091
1502,0.0587317287178,0.208509134449,-0.573512904431,2.71879771119,0.00547601651482,3.41029937209,-0.0226013522218,0.0581490074629
1503,0.0988702516027,0.185056919064,-0.427839413373,2.70056329829,0.00543954768903,10.6054739005,0.0124631262372,0.054758341997
1504,0.0821694238094,0.196083741988,-0.581753428546,2.70958842436,0.00545759794115,6.79334103331,-0.0022970093663,0.0570169360733
1505,0.0868501126488,0.201832408788,-0.490859551363,2.70138911755,0.00544119932754,7.71887670649,0.0038801677594,0.0579886502408
1506,0.0884360623288,0.198205303896,-0.515566051759,2.70319742754,0.00544481594753,8.05579046951,0.00499103616729,0.0595771242368
1507,0.0709212207702,0.193642616837,-0.53029047545,2.70918584441,0.00545679278126,4.93931514446,-0.0128581173601,0.0614321672402
1508,0.0639934406199,0.191020557245,-0.510578669631,2.70336232209,0.00544514573661,4.01706344382,-0.0211013826955,0.0568297638319
1509,0.081172247293,0.186122653166,-0.458075221766,2.70096515927,0.00544035141098,6.60875358608,-0.00522989549404,0.0584850249983
1510,0.0548446443151,0.190779894529,-0.518756858364,2.69871615084,0.00543585339412,3.00804695491,-0.0287853981421,0.0689810941848
1511,0.0751978549928,0.194181840746,-0.537736354811,2.71081533176,0.00546005175596,5.58781245557,-0.00926396926581,0.062428678564
1512,0.0909679021439,0.20004526432,-0.608250514129,2.71570216502,0.00546982542249,8.61973403874,0.00671936322599,0.0593494844618
1513,0.104013000685,0.189144215532,-0.526638145478,2.70075592531,0.00543993294306,12.1035118641,0.0180703091432,0.0561137424215
1514,0.0805566503584,0.198231483781,-0.629897099025,2.70898224518,0.0054563855828,6.49690687258,-0.00391317063857,0.061461638335
1515,0.0946613743699,0.185545077431,-0.502449308198,2.71662347098,0.0054716680344,9.50336401377,0.00842483460298,0.0574929405325
1516,0.0801687144649,0.189458289898,-0.537924997437,2.71052615471,0.00545947340186,6.42723734039,-0.00401178096106,0.0604937295977
1517,0.0748072601615,0.187213480219,-0.510021336421,2.70199303147,0.00544240715538,5.52586769572,-0.00969522830233,0.0564227065109
1518,0.0847050712463,0.200122697987,-0.587463489125,2.71349852143,0.0054654181353,7.28231557985,-0.000116085197672,0.062369858534
1519,0.0693366810389,0.189028781373,-0.450729900979,2.7018970835,0.00544221525945,4.71499602777,-0.0158918803711,0.0584315733241
1520,0.0792241094205,0.18897228686,-0.526216000181,2.71757411707,0.00547356932658,6.26018913063,-0.00704632652349,0.0605421985669
1521,0.0675570241402,0.203559729709,-0.610027164339,2.70925604877,0.00545693318998,4.47276761498,-0.0158884439772,0.0568774315664
1522,0.0777226339141,0.190255251102,-0.448252372637,2.70949024386,0.00545740158016,6.0020724399,-0.00662752943942,0.0593721654949
1523,0.0927853981725,0.186768221529,-0.518881142559,2.70677658732,0.00545197426707,9.04522613158,0.00689252636104,0.0531120340609
1524,0.0895864679335,0.190928395279,-0.478096601132,2.69665499585,0.00543173108413,8.30797551019,0.00420795645392,0.0602971040067
1525,0.0708517021509,0.193988335846,-0.503517787654,2.69890983015,0.00543624075273,4.92929846408,-0.012447254912,0.0600097071912
1526,0.0745762786476,0.196540655112,-0.591865156692,2.70438110226,0.00544718329696,5.4895000796,-0.00846472187893,0.0678203628449
1527,0.0793005122244,0.198232798257,-0.548576818777,2.70382733842,0.00544607576928,6.27356512858,-0.00364630387856,0.0623043591113
1528,0.0663193315275,0.195038728455,-0.548833231048,2.71294474822,0.00546431058888,4.31015900592,-0.0183389641241,0.0639056218425
1529,0.0862399898389,0.189487268446,-0.512951847305,2.7035891474,0.00544559938724,7.5925021343,0.000922735730654,0.0621232643377
1530,0.0728449619895,0.190294713438,-0.484213226131,2.70135091983,0.0054411229321,5.22304472228,-0.0122703336369,0.0614489351602
1531,0.0830700458176,0.187832357123,-0.463962333625,2.69641494217,0.00543125097678,6.96374981257,-0.0020438885905,0.0572868308502
1532,0.0801553025744,0.204572665447,-0.630077526886,2.71240356782,0.00546322822807,6.42483986304,-0.00288737466456,0.0699339470697
1533,0.0773017151442,0.195492068789,-0.54918184852,2.71731513993,0.0054730513723,5.93131123937,-0.00744243197975,0.0559158785717
1534,0.082742777484,0.19543650811,-0.582693544109,2.71130963138,0.00546104035519,6.90141629007,-0.00222569480259,0.0626734048309
1535,0.0872433532037,0.197642092849,-0.53605986661,2.70941559616,0.00545725228475,7.8012736181,0.00377925446674,0.0610328079815
1536,0.0747723809722,0.195732492792,-0.56340678347,2.70814214345,0.00545470537933,5.52036349705,-0.010153665972,0.0570786474583
1537,0.0876690846626,0.192312237746,-0.57606036278,2.70534842738,0.00544911794719,7.89132243204,0.00256561352968,0.0549348413387
1538,0.0856049569355,0.190411423605,-0.523737002286,2.69599414414,0.00543040938073,7.46283924741,8.34339938309e-05,0.0630349693586
1539,0.0705508236192,0.20443609345,-0.602264547219,2.70742947911,0.00545328005065,4.88613296578,-0.0132719835405,0.057245221835
1540,0.061521297729,0.194326482149,-0.598957799459,2.70255804188,0.00544353717621,3.72260917856,-0.0232185311316,0.0575450798268
1541,0.0931155965899,0.19588214281,-0.564408251375,2.71180866443,0.0054620384213,9.12444658693,0.00729532352637,0.0572507205185
1542,0.0846658684597,0.190142820881,-0.454565346268,2.71935778814,0.00547713666872,7.27453598364,-1.86336474986e-05,0.0565262858326
1543,0.092760747699,0.193246213385,-0.490904907089,2.70969436572,0.00545780982388,9.03933601548,0.00782191099657,0.0588173608438
1544,0.0570755562037,0.204608047847,-0.61032597404,2.71451355452,0.00546744820147,3.23437959145,-0.0248786848106,0.0645834966502
1545,0.0899184987561,0.194387962395,-0.556008510304,2.70820015535,0.00545482140314,8.38200817908,0.00488446814146,0.0602903755326
1546,0.0801728642433,0.191557079662,-0.495596932694,2.70571499642,0.00544985108528,6.4279792956,-0.00341919143764,0.0636081663212
1547,0.0710430432109,0.19911270854,-0.562804525957,2.71545166049,0.00546932441342,4.95690734028,-0.0133945682429,0.0632022600705
1548,0.0846923756161,0.191405201281,-0.463757690234,2.70399040723,0.0054464019069,7.2797954261,0.000660133746516,0.0621841699651
1549,0.058092465799,0.192168616442,-0.519376399151,2.71199797009,0.00546241703263,3.34157934622,-0.0251271936135,0.0579943384429
1550,0.0678272478035,0.198342576458,-0.501765611356,2.69685412451,0.00543212934146,4.50890113954,-0.0148272060395,0.0625649399888
1551,0.0949988259933,0.208469579398,-0.61813972418,2.71659136206,0.00547160381655,9.58787844122,0.0111804564122,0.0614542370294
1552,0.0776380865039,0.188741641019,-0.515712826961,2.69411918979,0.00542665947202,5.98780354718,-0.00737517972491,0.0551507839802
1553,0.0844893945206,0.201529881231,-0.581919532988,2.70884769663,0.00545611648569,7.23960253747,0.00175903535328,0.0584485716695
1554,0.0990435879053,0.193934448513,-0.473463854354,2.70471372967,0.00544784855178,10.6531673584,0.0131638910711,0.0574199013377
1555,0.075318714933,0.199032454592,-0.550895349694,2.69802880672,0.00543447870587,5.60709399932,-0.00737056123703,0.0590932293436
1556,0.0802281559034,0.19559314321,-0.574863619741,2.70797436374,0.00545436981992,6.4378719124,-0.00377069511359,0.0566545949106
1557,0.0874794855839,0.193548657288,-0.494727887434,2.71583029946,0.00547008169136,7.85111040764,0.00173484614115,0.0562489531518
1558,0.0784317835096,0.194763375135,-0.587383785798,2.69637113826,0.00543116336896,6.12286219142,-0.00454170688714,0.0608558956732
1559,0.0810231178129,0.199517939625,-0.572859405866,2.70085038279,0.00544012185802,6.5815121692,-0.00305674760378,0.0584210693826
1560,0.0486024145145,0.209794427868,-0.598307311671,2.71635285841,0.00547112680926,2.43487077402,-0.031580924725,0.0634064008408
1561,0.0888030505447,0.195382498173,-0.541868423986,2.7002628252,0.00543894674284,8.13551708809,0.00481642714803,0.0568580031019
1562,0.0679315071066,0.183826302324,-0.5173781826,2.69878904985,0.00543599919214,4.52290362628,-0.0169162266383,0.0581199197404
1563,0.0854199888572,0.196275377365,-0.626715902401,2.70146500348,0.00544135109939,7.42542710793,0.0017143078217,0.0656351860016
1564,0.0744560618441,0.199300847195,-0.579621342193,2.70345115674,0.00544532340592,5.47064935095,-0.00860722602024,0.0607508362494
1565,0.0768970867665,0.192486185807,-0.553376930648,2.70730558833,0.00545303226909,5.86393715934,-0.00878856601738,0.0581910304997
1566,0.0990077048764,0.191024455985,-0.533608790983,2.71330807283,0.00546503723811,10.6432787055,0.0113643366763,0.0617071856413
1567,0.0677764810652,0.203153731402,-0.642562778411,2.70439825638,0.00544721760519,4.50209530523,-0.015243725938,0.0656224661956
1568,0.0756573967415,0.190669375301,-0.637844096068,2.70801376359,0.00545444861961,5.66141555703,-0.00862112120927,0.0650368800741
1569,0.0784853072742,0.193074086942,-0.501259019242,2.70612451418,0.0054506701208,6.13205978463,-0.00488120520576,0.0652703103337
1570,0.0775922775656,0.197037106784,-0.517355638163,2.71383511361,0.00546609131966,5.98008414917,-0.00585840447684,0.0584004179903
1571,0.0653779270962,0.188459208251,-0.462802449577,2.7040534242,0.00544652794083,4.18959793102,-0.0198002128234,0.0605302401998
1572,0.0804976666959,0.207828319914,-0.611877045154,2.71544781264,0.00546931671773,6.48627361816,-0.00180385094846,0.0666052216788
1573,0.0836044719059,0.19732429667,-0.558026234536,2.71064980807,0.00545972070857,7.06655761923,-0.00118681620537,0.0610529155292
1574,0.0764700099147,0.197247617783,-0.536034127257,2.7158606563,0.00547014240503,5.79350843722,-0.00620230151958,0.0648054205756
1575,0.0635155704318,0.190515586334,-0.549126340718,2.71509621046,0.00546861351336,3.95880211306,-0.0208844090586,0.0655611776491
1576,0.0696417916274,0.192871728524,-0.520019171673,2.70117095967,0.00544076301178,4.75754653764,-0.0140922291323,0.0542155865233
1577,0.058609077621,0.199752015089,-0.518126836178,2.70715841163,0.00545273791569,3.39703395264,-0.0251210688281,0.0616854247219
1578,0.0795512826267,0.197112409165,-0.543641050928,2.70228829324,0.00544299767891,6.31763475299,-0.00301767825933,0.0603862664681
1579,0.10792461958,0.185918899599,-0.484625537716,2.70007552087,0.00543857213417,13.36568937,0.0212624604593,0.0577482927635
1580,0.0841202663286,0.190749840543,-0.529057554147,2.71049008279,0.00545940125801,7.16699066782,-0.000156770696728,0.0631110258129
1581,0.0844829405375,0.186025417846,-0.520927835858,2.70258079485,0.00544358268213,7.23832764756,-0.00134973538422,0.0598165753471
1582,0.0633869088094,0.197959996071,-0.558375759328,2.70933788907,0.00545709687057,3.94322734758,-0.0186848489834,0.0607469809399
1583,0.0776580151045,0.203721145892,-0.572066799469,2.70706773493,0.00545255656229,5.99116433559,-0.00481275324562,0.0577247779724
1584,0.0965375543401,0.186896681428,-0.431855350165,2.70257157815,0.00544356424874,9.98161085806,0.0102750424699,0.0641803112023
1585,0.0518986962556,0.195777683905,-0.510141838976,2.71175751032,0.00546193611308,2.72693585778,-0.0317232112902,0.0638249588278
1586,0.0908023275008,0.186853757704,-0.456899381859,2.71190731458,0.0054622357216,8.58184466703,0.00428519887613,0.0637861414896
1587,0.0873908560378,0.193533728652,-0.524627153287,2.70360248639,0.00544562606521,7.83237302072,0.00267314947068,0.0557236104698
1588,0.0798979517184,0.198278260901,-0.610839423354,2.7057506904,0.00544992247324,6.37898031336,-0.00452700451648,0.060542160683
1589,0.0852745516087,0.191968440736,-0.483874605681,2.71282997411,0.00546408104065,7.39612231167,0.000942298354761,0.0631640157641
1590,0.0721005622772,0.205075447819,-0.592582782607,2.71147302951,0.00546136715147,5.11174194131,-0.0107003669013,0.0607721403534
1591,0.109994715932,0.188576527385,-0.457593290269,2.70494611147,0.00544831331539,14.0801525976,0.0228472610249,0.0577336279438
1592,0.0761996701348,0.205251196437,-0.575784697815,2.70458402784,0.00544758914812,5.74928672603,-0.0062940393924,0.0581498892925
1593,0.113992207637,0.192951477329,-0.488632177438,2.71275631135,0.00546393371513,15.5577055524,0.0271976967658,0.0588894372276
1594,0.0466340914231,0.201939594164,-0.553605521855,2.71443943143,0.00546729995529,2.2711005267,-0.0359567248851,0.0578529832968
1595,0.0712785455453,0.190129871618,-0.530444504728,2.71265175611,0.00546372460465,4.99105803476,-0.0128361998802,0.0604462762627
1596,0.0803430340757,0.190227958915,-0.544366442591,2.72260871068,0.0054836385138,6.45846608707,-0.0055922573112,0.0629546654869
1597,0.0697984060213,0.203582828751,-0.518776635952,2.7005549877,0.00543953106784,4.77950601923,-0.011543699952,0.061485299488
1598,0.103986993199,0.199033186923,-0.588226635924,2.71146710656,0.00546135530555,12.0954880617,0.0182354411186,0.0614870175057
1599,0.0770180248491,0.205250222536,-0.560051665199,2.71185973222,0.00546214055687,5.88400812166,-0.00525573477696,0.0606124640345
1600,0.0964767899625,0.189724919801,-0.527647840095,2.71131870269,0.00546105849782,9.96579885132,0.0115562043764,0.0595716907609
1601,0.0972468502048,0.193597942398,-0.551889733106,2.71394126021,0.00546630361286,10.1678118076,0.0115669060412,0.0548103570722
1602,0.0748902523198,0.192885146546,-0.598347850666,2.71279205877,0.00546400520998,5.53898245143,-0.00904641699128,0.0593506635383
1603,0.08738520355,0.189952310304,-0.506623560598,2.70289350344,0.00544420809932,7.83117930928,0.00393811211697,0.0630210695704
1604,0.0912117970281,0.188918037128,-0.478832502366,2.70266526458,0.00544375162161,8.67580837784,0.00604950347557,0.0608637288378
1605,0.0606495954347,0.207117680427,-0.593895800747,2.70826972646,0.00545496054536,3.62280104589,-0.0197575375804,0.0625027365342
1606,0.075899524311,0.204768625177,-0.536110631569,2.70129444621,0.00544100998485,5.70051364726,-0.00570061353679,0.0622811110089
1607,0.051737466275,0.19490361052,-0.565896042502,2.71734840686,0.00547311790615,2.71211108272,-0.0313898600541,0.0610454764747
1608,0.0922129313609,0.191091650572,-0.467005847716,2.71473097562,0.00546788304368,8.90929155312,0.00705435625735,0.0648382064185
1609,0.0660091568714,0.206401830218,-0.614596068775,2.71311293517,0.00546464696278,4.27014202042,-0.0172035122255,0.0585250641885
1610,0.0759363214116,0.200840862439,-0.5254457211,2.70314851638,0.00544471812521,5.70647482242,-0.0067350382542,0.0606892964595
1611,0.069728508828,0.195370814873,-0.565928794608,2.71365965502,0.00546574040248,4.76969554383,-0.0142070265469,0.058288840248
1612,0.0549706286437,0.191855272862,-0.52775349713,2.70760094022,0.00545362297287,3.02051233651,-0.0283009234035,0.0617972128545
1613,0.0817327256934,0.206017332296,-0.58227911837,2.71220809085,0.00546283727414,6.71197995523,4.08563783783e-05,0.0665536444648
1614,0.102789595601,0.196852688301,-0.483558079688,2.70336021657,0.00544514152557,11.731141074,0.0181525541715,0.0589827577137
1615,0.0711971780845,0.196361473839,-0.531172061191,2.70100093435,0.00544042296114,4.97923753604,-0.0118010619755,0.0579527302756
1616,0.0712656430623,0.188564732613,-0.537010796444,2.70606340734,0.00545054790712,4.98918215395,-0.0133853518725,0.0585757875249
1617,0.0615902985462,0.193444744173,-0.528654236564,2.71121358373,0.00546084825989,3.73059752103,-0.0222146671299,0.0510756348744
1618,0.0664752850228,0.194204571144,-0.52692612798,2.70338789643,0.00544519688531,4.33038946707,-0.0159008143604,0.0592240578449
1619,0.0827223375291,0.194345636726,-0.524839196653,2.70652886473,0.00545147882189,6.89753877666,-0.00146537423958,0.0582628166795
1620,0.0906012485391,0.187631420048,-0.523584264637,2.69626039363,0.00543094187971,8.53602357237,0.00591661577334,0.0592067200056
1621,0.0995815228523,0.198207590572,-0.51733249977,2.70682321491,0.00545206752225,10.8023830746,0.015144833323,0.0627902121911
1622,0.0869562404194,0.196027265777,-0.57339281493,2.71251237344,0.00546344583933,7.74104061512,0.00406679195472,0.0636940351637
1623,0.09110807143,0.184470670299,-0.506947364615,2.69887269979,0.00543616649202,8.65192232441,0.00449997092067,0.0602122979873
1624,0.0553197555304,0.209486919704,-0.616897115659,2.71726835196,0.00547295779635,3.05525140905,-0.0269924704053,0.0578706178083
1625,0.0815452077581,0.186736931108,-0.486511521517,2.70473971728,0.005447900527,6.67729476156,-0.00266696352157,0.055367676206
1626,0.0847998489308,0.198760487366,-0.504187076965,2.70800790018,0.0054544368928,7.30115280155,0.00136795915555,0.0605301625593
1627,0.0684184059781,0.1908708682,-0.54207079253,2.71287608616,0.00546417326475,4.58875066351,-0.0163420712975,0.0607179978552
1628,0.0807500048214,0.199255080779,-0.637748370909,2.71052695169,0.00545947499582,6.53186569165,-0.00361051247086,0.0612025487624
1629,0.106496456822,0.197188161716,-0.578169514468,2.70489004797,0.00544820118837,12.8918754697,0.0206871368065,0.0618917748228
1630,0.101061195064,0.183667502055,-0.491865418553,2.70736132542,0.00545314374328,11.2223613144,0.0144314556836,0.0563809128193
1631,0.0726883287738,0.201823795077,-0.598977538115,2.71073888648,0.0054598988654,5.19946418936,-0.010444588009,0.0626102631703
1632,0.0665868326842,0.196356993939,-0.515369987831,2.70857638083,0.0054555738541,4.344904993,-0.01685155423,0.0622652404843
1633,0.0405280486667,0.203552745948,-0.615826185078,2.71382123576,0.00546606356395,1.80945578427,-0.0409392836924,0.0640581012245
1634,0.0751137599663,0.202368412647,-0.567289823803,2.71677205577,0.00547196520398,5.57442818211,-0.00676788066491,0.0608300102106
1635,0.104052865895,0.191690336887,-0.519373191997,2.70547620536,0.00544937350315,12.1158202142,0.018549419118,0.0584787257347
1636,0.0820902788022,0.192886663819,-0.498016257256,2.71140139607,0.00546122388459,6.77853457602,-0.00339959216622,0.0583156882644
1637,0.0730775696136,0.194269816332,-0.537870631652,2.71068728774,0.00545979566792,5.25822211431,-0.0106606608377,0.0581199611151
1638,0.0644626305791,0.201308522276,-0.631184598622,2.70907519951,0.00545657149146,4.07490652681,-0.0189994481472,0.0595679593185
1639,0.0861771607805,0.197818699364,-0.548210489564,2.7053421203,0.00544910533304,7.57958885214,0.00353504067451,0.0650322080843
1640,0.100103357704,0.187440738519,-0.466966250452,2.71400033148,0.0054664217554,10.948887306,0.0129077614921,0.060240301666
1641,0.0799249510526,0.1909061656,-0.507136148062,2.70124691518,0.0054409149228,6.38377873758,-0.00506338780417,0.0602478738104
1642,0.0895390817744,0.201723384018,-0.541362378039,2.71346289305,0.00546534687854,8.29745576637,0.00535443224682,0.0616949796976
1643,0.0879103957263,0.202149806023,-0.619510017201,2.71816154631,0.00547474418505,7.9427561557,0.00521347343304,0.0689661981802
1644,0.0653273590429,0.19542961786,-0.540254223096,2.70788873483,0.0054541985621,4.18319697561,-0.0192032045807,0.0617454549656
1645,0.0789331221105,0.187905140911,-0.481368110294,2.71277354336,0.00546396817915,6.20946163129,-0.00657969800703,0.0577296532402
1646,0.0965843510013,0.203073771768,-0.604983540896,2.70186721911,0.00544215553065,9.99380314936,0.0120698723284,0.0579106894059
1647,0.0674575242955,0.190949490316,-0.51043527308,2.7041275185,0.00544667612944,4.45952027674,-0.0163978456045,0.0562292430697
1648,0.0924910264054,0.197375218736,-0.594643231666,2.71592735052,0.00547027579347,8.9751039453,0.00641316692373,0.0591597625892
1649,0.045373932246,0.207026731608,-0.575869096444,2.70817176176,0.00545476461597,2.17022219878,-0.0367356373418,0.059361348117
1650,0.0725442872695,0.198943661396,-0.563425364751,2.70821051946,0.00545484213135,5.17785514179,-0.0115105646631,0.0593453723381
1651,0.0941038107834,0.193904024396,-0.565592367406,2.7133546754,0.00546513044323,9.36514223854,0.0082670014593,0.059816336556
1652,0.0801217422473,0.190978571446,-0.556662076391,2.70653252066,0.00545148613376,6.41884395975,-0.00442402988743,0.058705998087
1653,0.0747694789914,0.191373309747,-0.489923428114,2.70182532709,0.00544207174661,5.51990574386,-0.00968182228959,0.0611654064126
1654,0.0810551612301,0.187063730509,-0.491739424363,2.7006602638,0.00543974162005,6.58735760406,-0.00418960693006,0.0615488331365
1655,0.0815279545395,0.19656941248,-0.530170978364,2.71390145248,0.00546622399739,6.67411097993,-0.00289063127448,0.0626363100828
1656,0.0847232316349,0.202820332388,-0.627396618912,2.71513801772,0.00546869712787,7.28592180095,-6.16149623809e-05,0.0576950920506
1657,0.0725511034782,0.192246725667,-0.541969750634,2.7112610725,0.00546094323744,5.17887607206,-0.0115799268356,0.0593323168455
1658,0.0875729378393,0.191382798096,-0.405443451656,2.71121069042,0.00546084247327,7.87090877113,0.00256614280876,0.0690415359846
1659,0.0764738863205,0.189067223767,-0.538454129682,2.71456893835,0.00546755896913,5.79414455448,-0.00788445710028,0.0586132901663
1660,0.0745724265414,0.191269195485,-0.582928885017,2.71852673592,0.00547547456427,5.48889522777,-0.0112658119182,0.0589271457807
1661,0.0862663019191,0.19166143039,-0.596426076663,2.71422936094,0.00546687981432,7.59791561723,-1.08269658876e-05,0.056389011688
1662,0.0628701583219,0.20710759884,-0.61965606961,2.7178328189,0.00547408673024,3.881146101,-0.018336859249,0.0594477984433
1663,0.0777711124576,0.194551242276,-0.532208607478,2.70853596591,0.00545549302426,6.01026669725,-0.00554529982586,0.0644810718949
1664,0.0849494049148,0.189686504555,-0.51665927071,2.70279209755,0.00544400528754,7.33096111792,-9.4225115937e-05,0.0527647445056
1665,0.0769964374536,0.199664575328,-0.604989954695,2.70771662486,0.00545385434216,5.88042133083,-0.0065617594346,0.062140756181
1666,0.0687079289018,0.205417273404,-0.543262105771,2.70644998722,0.00545132106688,4.62826224375,-0.0146032987329,0.0600822010679
1667,0.0892264610801,0.200900211238,-0.617900495543,2.71346765723,0.0054653564069,8.22833981442,0.0051737013883,0.0654394551402
1668,0.0722378548078,0.186817229198,-0.516369310617,2.71358789785,0.00546559688814,5.13212493621,-0.0119298815925,0.0563494267911
1669,0.0786966729716,0.18699508219,-0.504881869385,2.70453748029,0.00544749605302,6.16849285893,-0.00577625318406,0.0512789983934
1670,0.102793456663,0.205320855578,-0.577015249445,2.70489799763,0.0054482170877,11.7323001093,0.0186377135583,0.0593225069356
1671,0.0878081106661,0.191576076338,-0.574747040984,2.71416212003,0.00546674533249,7.92091999239,0.00162354259498,0.0598301310057
1672,0.0982110325865,0.208126701824,-0.618184944651,2.71333677234,0.00546509463711,10.4257983653,0.0150308123312,0.064853460239
1673,0.0743506954812,0.196923876562,-0.6147219416,2.72267742833,0.0054837759491,5.45417056901,-0.0101844032689,0.0605678102009
1674,0.0675192402659,0.195113924211,-0.515351214661,2.69553864147,0.00542949837537,4.46773346105,-0.0149270003009,0.0632861677047
1675,0.061804498415,0.185624599903,-0.546115495149,2.71189291184,0.00546220691612,3.75547866125,-0.0230162465095,0.0664799071459
1676,0.0585738551729,0.200844725259,-0.580719401152,2.71914459658,0.00547671028559,3.39323153923,-0.0242962760478,0.0628414354234
1677,0.0898461441443,0.201408068617,-0.575514562076,2.71193082862,0.00546228274967,8.3658272352,0.00465316528248,0.0554668286369
1678,0.0904423209276,0.20428724553,-0.548616447883,2.71054715845,0.00545951540933,8.49995690948,0.00736430142658,0.0626555420186
1679,0.0859176585287,0.193736314798,-0.572696732579,2.70132818782,0.00544107746808,7.5264506764,0.00160709254678,0.055655555642
1680,0.0834568960776,0.187977362732,-0.562579810802,2.70806163195,0.00545454435634,7.03804154742,-0.00363119517701,0.0546494894547
1681,0.0765449540104,0.192362929387,-0.568662991669,2.71558425033,0.00546958959309,5.80581690048,-0.00646914142276,0.0584505322695
1682,0.0890110843304,0.194703412096,-0.474966283949,2.70047376039,0.00543936861321,8.18101081681,0.00470219109527,0.0597324728843
1683,0.0838667404754,0.191936987638,-0.594028148843,2.71029510081,0.00545901129407,7.11747598583,-0.00144606592155,0.0641320370485
1684,0.106623163397,0.198145194455,-0.553045187014,2.70971791018,0.00545785691279,12.9332971796,0.0213362662704,0.0593849693183
1685,0.0629693535947,0.186496511198,-0.466698561583,2.70626350482,0.00545094810208,3.89300475888,-0.0203842642833,0.0680946371796
1686,0.0783308043497,0.201179942804,-0.609160059049,2.71584423677,0.00547010956597,6.10554084811,-0.00464882434973,0.063970678901
1687,0.0683219405215,0.206226021634,-0.612490162178,2.70838383682,0.00545518876607,4.57564523227,-0.0144032110095,0.0616805924804
1688,0.0604062456526,0.196446501958,-0.541571953413,2.71587485699,0.00547017080641,3.59530214398,-0.0217526769767,0.0584247069381
1689,0.091228340097,0.190936844179,-0.544098899914,2.7152754307,0.00546897195384,8.6796231869,0.00531784226834,0.0584278117384
1690,0.0906976435269,0.187943260026,-0.526551217903,2.69631843825,0.00543105796893,8.55796333459,0.00424866677804,0.0528263746874
1691,0.0849724465383,0.192247418447,-0.58890139939,2.70940715062,0.00545723539368,7.33556273221,0.000995923126495,0.0585480882865
1692,0.101802026494,0.198908115235,-0.639838338007,2.70660404908,0.0054516291906,11.4379948845,0.0164388613881,0.0663087805962
1693,0.0861722288615,0.194580619715,-0.528665175448,2.71541383745,0.00546924876734,7.57857598308,0.000639127771328,0.0565650102688
1694,0.0740770741864,0.191719238457,-0.538006859442,2.71715801901,0.00547273713047,5.41156578066,-0.0109773880386,0.060121223827
1695,0.0919835223357,0.194943211405,-0.507321850212,2.70501236552,0.00544844582348,8.85531537643,0.00772367636313,0.0649687969735
1696,0.0685850378455,0.205087066749,-0.626797143922,2.71215126943,0.00546272363129,4.61145843888,-0.0144414080823,0.0633184494778
1697,0.0548096578513,0.192384756122,-0.542437571611,2.71040904076,0.00545923917396,3.00459185584,-0.0293006023274,0.0606603678901
1698,0.0783425725362,0.19746749678,-0.56658134189,2.70472322698,0.0054478675464,6.1075574034,-0.00628976790814,0.0589887661755
1699,0.0714729104739,0.202188582367,-0.58777920763,2.7150894714,0.00546860003523,5.01938503215,-0.0101357901882,0.0650358671823
1700,0.0871509838812,0.192614182841,-0.519356692771,2.7076266882,0.00545367446883,7.78185217174,0.00308748092398,0.0617029152619
1701,0.0770077972528,0.201700154291,-0.556357347698,2.70229710037,0.00544301529319,5.88230856113,-0.00504767981985,0.0634657505177
1702,0.0937295100592,0.200474457574,-0.555105602684,2.70865280725,0.00545572670695,9.27333489175,0.0100165529869,0.065379181242
1703,0.0763458221187,0.205844422626,-0.63889302169,2.71368713292,0.00546579535827,5.77315952842,-0.00534710219373,0.0636788885387
1704,0.0483838355273,0.204946622861,-0.557959960936,2.70579985686,0.00545002080616,2.41630244059,-0.0330648067847,0.0619416162162
1705,0.0758222585707,0.201436176126,-0.578966577728,2.71831696164,0.00547505501571,5.68801307973,-0.00727972905277,0.0631624187435
1706,0.0968315026429,0.190235462266,-0.431238806989,2.71367080104,0.00546576269451,10.0584116568,0.0101714610336,0.0537643409063
1707,0.0781175286389,0.196515698406,-0.491649031662,2.71189993234,0.00546222095711,6.06908985617,-0.0049399163432,0.0650689015253
1708,0.104361735277,0.1999128175,-0.574241915788,2.70593218275,0.00545028545794,12.2115608285,0.0194342983511,0.0610825944316
1709,0.0740888318477,0.205414168557,-0.586628809275,2.71327534344,0.00546497177932,5.41339095875,-0.00960204871793,0.0599849768214
1710,0.105166112771,0.188994740784,-0.449831903616,2.69721884005,0.00543285877253,12.4640589853,0.0186962625759,0.0625931379883
1711,0.0802871050608,0.201706613889,-0.573097031693,2.70876284772,0.00545594678788,6.44843287028,-0.00334410680841,0.059323448455
1712,0.079861094246,0.186915451738,-0.43774070393,2.70834419512,0.00545510948268,6.37243470353,-0.00584245675026,0.0627289031027
1713,0.0986935182903,0.188808015614,-0.476774223842,2.70285197753,0.00544412504751,10.5570390251,0.0129214806508,0.0576724110591
1714,0.0798804113661,0.190405259363,-0.549986359442,2.70352972391,0.00544548054025,6.37586458216,-0.00454520662888,0.0566710557407
1715,0.0779304528409,0.191396672418,-0.567672577615,2.70683207735,0.00545208524715,6.03726477936,-0.00683653942007,0.0577179659372
1716,0.0935261577835,0.199635496216,-0.591740267704,2.71676221502,0.00547194552247,9.22378557064,0.00824200233721,0.0596347569122
1717,0.0750738180697,0.196584411399,-0.567570763877,2.70713641086,0.00545269391416,5.56808033029,-0.00677529381384,0.0634964431974
1718,0.0763973764019,0.204985406076,-0.642212608444,2.70939230999,0.00545720571241,5.78159987924,-0.00615027051229,0.0643624158557
1719,0.087010774827,0.202164891917,-0.565125563254,2.71619724463,0.0054708155817,7.75245073732,0.00448440904484,0.0687719259094
1720,0.0792800398808,0.189496605034,-0.486532992744,2.70134561666,0.00544111232575,6.26997867057,-0.00407298325874,0.0626389103355
1721,0.081564560831,0.200263535111,-0.587563844742,2.72250394564,0.00548342898371,6.68086754615,-0.00217218896774,0.0630756112636
1722,0.0873016842616,0.20141756437,-0.497228899264,2.71281801482,0.00546405712208,7.81355949393,0.00418109706832,0.0660840966776
1723,0.0940054990727,0.189915633515,-0.526400731252,2.69860516421,0.00543563142087,9.34095254017,0.00746066259871,0.0559924739247
1724,0.100407561964,0.192217004637,-0.537188711168,2.70866443824,0.00545574996892,11.0350972662,0.0153208677308,0.0616025816468
1725,0.0407592990417,0.202979038971,-0.572659548306,2.70971950671,0.00545786010586,1.82573577271,-0.041650177335,0.0551932551643
1726,0.0488684356816,0.203619070747,-0.611749939868,2.7102670396,0.00545895517164,2.45760027245,-0.0351444116708,0.0598169757778
1727,0.0837615477397,0.188531792949,-0.525978177506,2.70021628619,0.00543885366481,7.09701623804,-0.000343665733744,0.0518322546666
1728,0.079989844276,0.197365894261,-0.603503704695,2.71832209124,0.00547506527492,6.39532408281,-0.00431181929432,0.0582104928512
1729,0.0634046492654,0.188075874689,-0.495143213822,2.71106730845,0.00546055570934,3.94537206876,-0.021307718331,0.0561560436206
1730,0.101971940613,0.195872931643,-0.512649049281,2.70436209845,0.00544714528934,11.4879649527,0.016889628095,0.0665253245079
1731,0.0806244109988,0.204703985902,-0.603908553021,2.71214984619,0.00546272078483,6.50914031758,-0.00206122099684,0.0562993068877
1732,0.100719818849,0.187710100946,-0.458284077213,2.7124466902,0.00546331447283,11.1242111955,0.0132085849715,0.065140629359
1733,0.0746994018548,0.189328724605,-0.478587061113,2.70957926084,0.00545757961411,5.50886128061,-0.0103226994674,0.0580395904803
1734,0.101447406589,0.197551682788,-0.548418110618,2.71109970727,0.00546062050699,11.334323291,0.0153153448368,0.0595684063968
1735,0.0874447063548,0.183388197783,-0.418031749702,2.70792606079,0.00545427321403,7.84375309463,0.000343798159777,0.058987356738
1736,0.0770397960118,0.186658136432,-0.528499390454,2.70650520267,0.00545143149778,5.88762726669,-0.00777365393375,0.0632350473551
1737,0.0820651521905,0.192836169258,-0.596037128161,2.71349968538,0.00546542046321,6.77383954599,-0.00296959774689,0.0570914655856
1738,0.0584867489221,0.202775368928,-0.573891350649,2.7035676924,0.00544555647724,3.38384162128,-0.023716975857,0.0628298165439
1739,0.0968908784944,0.191883573336,-0.595131590198,2.70833165573,0.00545508440391,10.073987545,0.0116931019212,0.055379686256
1740,0.0630601866226,0.185832087767,-0.474138655259,2.70078443913,0.00543998997069,3.90388801592,-0.0212034754811,0.0641947555814
1741,0.0829495416847,0.192075556684,-0.587832428759,2.70084726847,0.00544011562937,6.9407430612,-0.00180871932425,0.0577565988679
1742,0.0506457629402,0.200959777189,-0.599867750336,2.71780496916,0.00547403103076,2.61321264322,-0.031305579703,0.0577833746122
1743,0.0826578260139,0.1983784809,-0.593824253047,2.71369812289,0.00546581733822,6.88531276833,-0.00186956413743,0.0586641762889
1744,0.0937908837535,0.201662726371,-0.594417024829,2.7007815181,0.00543998412864,9.28833466407,0.00942941316326,0.0550691914262
1745,0.0697629689196,0.195503519849,-0.494384406479,2.70678927989,0.00545199965221,4.77453021417,-0.0136116972565,0.0646465659592
1746,0.0805012940992,0.203382206042,-0.642572529973,2.71392106741,0.00546626322725,6.48692712803,-0.00351467803246,0.0628177570384
1747,0.0907300636356,0.195001775481,-0.573802965854,2.71165597713,0.00546173304669,8.56535314075,0.00643484247542,0.0605176706664
1748,0.0717299424662,0.197308831803,-0.503885950209,2.70306830041,0.00544455769326,5.05704302861,-0.0125949114707,0.0572498359753
1749,0.0701840620435,0.199172626835,-0.625298665883,2.71275887556,0.00546393884356,4.83392412918,-0.0123229337675,0.0614592918987
1750,0.0549524920551,0.201168060144,-0.625258142924,2.7046578404,0.00544773677324,3.01871553744,-0.0274867102557,0.0581598135102
1751,0.0830561511537,0.198030437054,-0.541662529489,2.69778912458,0.0054339993416,6.96109376605,-0.00042913763917,0.0630066691417
1752,0.10393853984,0.184220597355,-0.435172646827,2.69836564686,0.00543515238617,12.0805518804,0.0163307799395,0.061422911238
1753,0.0794288328369,0.197799743099,-0.481444217167,2.71416827213,0.00546675763669,6.2960838218,-0.0036024353266,0.0649812342181
1754,0.102571904268,0.195081485161,-0.531618894573,2.71621373367,0.00547084855979,11.6659571188,0.0167870705344,0.0693475343461
1755,0.0917320779917,0.188889046609,-0.429946874799,2.70620284654,0.00545082678552,8.79647940446,0.00533133398597,0.0643060976969
1756,0.0747008860053,0.190981704291,-0.446623930201,2.69142638808,0.00542127386861,5.50909500265,-0.0101628154184,0.0572692698201
1757,0.0838054299154,0.187267802066,-0.507645805227,2.71184875034,0.00546211859312,7.10554518623,-0.00084878951592,0.0647121247276
1758,0.066897279071,0.205968789673,-0.589814700187,2.70755341874,0.00545352792992,4.38550326853,-0.0154379802434,0.059449111256
1759,0.0530982846316,0.20100832447,-0.560617223496,2.71578394689,0.00546998898622,2.83903699741,-0.0289595631524,0.0629688885715
1760,0.0537524702584,0.2038288198,-0.553244648022,2.7067640655,0.00545194922343,2.90152933265,-0.0282042105616,0.05864027752
1761,0.089446051003,0.18867560039,-0.459497758706,2.70493835346,0.00544829779936,8.27683614639,0.00405478087465,0.0615940170455
1762,0.0827514842348,0.205804812924,-0.587497542342,2.70522593924,0.00544887297092,6.9030685396,-9.54950807908e-05,0.0659299895125
1763,0.0631052353477,0.195937261845,-0.470718883836,2.70313474757,0.00544469058759,3.90929420819,-0.020503374161,0.0593798354267
1764,0.0850596280338,0.20297636691,-0.607495340997,2.71060877815,0.00545963864874,7.35299576883,0.00159894644049,0.0633916067222
1765,0.0666693044995,0.207145061563,-0.628090845745,2.71136064601,0.00546114238445,4.35566135431,-0.0147916090334,0.061260896169
1766,0.0724368179972,0.203428709402,-0.570170671454,2.71307732436,0.00546457574116,5.1617798406,-0.0113788469523,0.0604090648879
1767,0.0609745264425,0.193415449613,-0.587711244518,2.70512352428,0.00544866814101,3.65976553492,-0.0208263933079,0.0617856296188
1768,0.0774484994742,0.200621499534,-0.609148898958,2.71024105824,0.00545890320893,5.95590890208,-0.00485048336671,0.0687648108906
1769,0.0743313347841,0.204618921263,-0.608702744639,2.71112757476,0.00546067624195,5.45114704276,-0.00906834337226,0.0605077538308
1770,0.0689601192017,0.208278936418,-0.60225872854,2.71719735928,0.005472815811,4.66289774894,-0.0126797640498,0.0692171140955
1771,0.0919157942199,0.183061868801,-0.525280957112,2.70676524858,0.00545195158959,8.83943418927,0.0059918645782,0.0572181819728
1772,0.0631696644542,0.204501707961,-0.521998636314,2.71200868484,0.00546243846211,3.91703615496,-0.0185318689184,0.0641807479396
1773,0.0811707351457,0.187085914682,-0.52328738305,2.71017212382,0.00545876534008,6.60847689105,-0.00371136117227,0.0544943674006
1774,0.0522627071271,0.187719715863,-0.479284221497,2.7009595296,0.00544034015163,2.76061557307,-0.0328873289419,0.0663220220274
1775,0.0724995276102,0.200120603324,-0.60564452595,2.70461175714,0.00544764460671,5.17115507818,-0.00938141981725,0.0635932849632
1776,0.086201220797,0.188742888723,-0.551570104956,2.70949563117,0.00545741235477,7.58453171096,0.000546863391586,0.0626620491735
1777,0.0918105268622,0.202096134396,-0.568583790909,2.71294339442,0.00546430788129,8.81479947018,0.00691860195956,0.0585256498629
1778,0.0961915345929,0.18490408806,-0.434124503769,2.71203741688,0.00546249592619,9.89186230944,0.00882551961466,0.0601057449038
1779,0.0514298900418,0.199965322054,-0.568598238948,2.71188247174,0.00546218603591,2.68398717031,-0.0323783128141,0.0574260303738
1780,0.0670923612587,0.195189492341,-0.492975931815,2.71598543583,0.00547039196409,4.41116645168,-0.016083482861,0.0619886927781
1781,0.0949829412706,0.20386776199,-0.629197521073,2.71450356128,0.00546742821499,9.58388550485,0.0117260468625,0.0620940810492
1782,0.0761915103333,0.192384485168,-0.486113600549,2.71005901316,0.00545853911876,5.74795627262,-0.00783441848278,0.0572815105645
1783,0.0897845022205,0.191203983361,-0.620591042408,2.7109794814,0.00546038005525,8.3520631829,0.00378888211546,0.0636669770571
1784,0.0819108315592,0.197246459765,-0.588775598918,2.70853401521,0.00545548912287,6.74506368703,-0.00231133241447,0.0638331460313
1785,0.082325094816,0.205474778273,-0.57147051912,2.7070282764,0.00545247764523,6.82254309601,-0.000616291373981,0.0588501460193
1786,0.0534447447986,0.190823989011,-0.535326720997,2.70253380841,0.00544348870926,2.87201239424,-0.0312657450595,0.0565318605311
1787,0.0582590789763,0.194998079296,-0.516537827846,2.70375980485,0.00544594070214,3.35939020226,-0.0246346784321,0.0656066548142
1788,0.0854884131652,0.195645532681,-0.60305940926,2.70894680185,0.00545631469614,7.43924822086,0.00144513394619,0.0611285306706
1789,0.0568133563851,0.205023197588,-0.581964625132,2.71502719038,0.0054684754732,3.20715468949,-0.0249706563976,0.0604783068293
1790,0.0588668203212,0.20390170945,-0.609843293023,2.71575752349,0.00546993613943,3.4249548367,-0.0226272007225,0.0645055005067
1791,0.0711049581316,0.208045719616,-0.641474086368,2.71054181276,0.00545950471797,4.96586757373,-0.0100937376799,0.0616236638571
1792,0.0961536276984,0.188896728294,-0.43645695173,2.70343387011,0.00544528883266,9.88207321783,0.0110203868072,0.0613483878558
1793,0.0806905500596,0.200272509353,-0.589879495026,2.71359703319,0.00546561515883,6.52109951393,-0.00337670008212,0.0610655102676
1794,0.0881483868195,0.192052657892,-0.452202062754,2.70102841393,0.0054404779203,7.99376239176,0.00267659607829,0.0586724964179
1795,0.0980939589363,0.204221303629,-0.620814589279,2.71033020118,0.0054590814948,10.3941699463,0.0133403432224,0.059901550315
1796,0.0793485542253,0.188717387409,-0.519360535813,2.70760090348,0.00545362289939,6.28198807278,-0.00640531026142,0.0521835769042
1797,0.0649147054762,0.194122977588,-0.466783819306,2.70197515735,0.00544237140714,4.13124584947,-0.018587499324,0.0642150513247
1798,0.105681017594,0.18662310704,-0.518891527257,2.70400843122,0.00544643795487,12.6281191261,0.017911341468,0.0591322934289
1799,0.0852355480168,0.194992132431,-0.563803805175,2.70850677641,0.00545543464525,7.38827998633,0.000660937809639,0.0589229487059
1800,0.0574097060884,0.19341008178,-0.506459575897,2.70479014747,0.00544800138739,3.26932083669,-0.0251650280217,0.0650380874866
1801,0.0674438115445,0.202857613753,-0.601571851782,2.71133226218,0.00546108561679,4.45769699012,-0.0149493108258,0.0632132686922
1802,0.0750656141478,0.186156927524,-0.540449903249,2.70594806411,0.00545031722065,5.5667772341,-0.00980411985492,0.0595446361465
1803,0.0937299678089,0.205000244302,-0.557810177354,2.70599977926,0.00545042065096,9.27344668821,0.0109982902603,0.0617567011559
1804,0.0537160439169,0.190053334473,-0.519612373767,2.70620137942,0.00545082385128,2.89802407149,-0.0297991090604,0.060854683235
1805,0.0863524350235,0.199380313922,-0.567517542525,2.71675567214,0.00547193243673,7.61565970691,0.00112857479703,0.0645112637094
1806,0.0879839073018,0.197187487412,-0.582420333765,2.7100134254,0.00545844794324,7.95848138884,0.00354314553912,0.0643447734055
1807,0.0701973163416,0.210580402154,-0.634233447393,2.71175739322,0.00546193587887,4.8358031106,-0.011170965056,0.0657479135982
1808,0.0844762823586,0.185595535124,-0.519237651639,2.70588026305,0.00545018161854,7.23701262054,-0.00190321656869,0.056306281262
1809,0.0600644498418,0.204714473419,-0.543400129521,2.70487458712,0.00544817026667,3.55694415466,-0.0216375327695,0.0573650686719
1810,0.0730795061338,0.186917644419,-0.448645945467,2.70452026282,0.00544746161807,5.25851577642,-0.011367575513,0.0667191734446
1811,0.0925819878993,0.193681757026,-0.632311636648,2.70938022144,0.00545718153532,8.9967214437,0.00757143440949,0.0634314399307
1812,0.0684919742113,0.194855882312,-0.543242599851,2.70380496739,0.00544603102721,4.59876526753,-0.0157031325926,0.0606761066354
1813,0.0616311519727,0.193468576143,-0.433032667035,2.71545967024,0.00546934043292,3.7353333139,-0.0215958851697,0.0585149249643
1814,0.0744866243581,0.19266132482,-0.538548084877,2.71908445883,0.0054765900101,5.47543674226,-0.011321920424,0.0580675527335
1815,0.0867860594276,0.199287797685,-0.53703749443,2.71077591936,0.00545997293115,7.70552588013,0.0032906332616,0.0589139050428
1816,0.110919939192,0.187925820733,-0.444792173504,2.70845543778,0.005455331968,14.4104152298,0.0229218266738,0.0629360049073
1817,0.0620290455025,0.198446822913,-0.56699290214,2.70712922438,0.0054526795412,3.78169679921,-0.0215081122459,0.0610892929619
1818,0.0794608100314,0.192580592397,-0.566496555554,2.71070455088,0.0054598301942,6.30170585248,-0.00566540112693,0.0616568897755
1819,0.0960683247233,0.193445629554,-0.441284835493,2.69832768817,0.00543507646878,9.86007547184,0.0103515462569,0.0585987898572
1820,0.0861412502599,0.203194436531,-0.631154671408,2.71463843545,0.00546769796333,7.57221653099,0.00203298055213,0.061638003592
1821,0.0564216942873,0.188417351845,-0.551000515599,2.70515800517,0.00544873710278,3.16680062943,-0.028105136135,0.0653475145434
1822,0.0789282042911,0.196135129599,-0.500014316049,2.70597352445,0.00545036814134,6.20860724877,-0.00490592898656,0.0575740640461
1823,0.0690682326207,0.19249173337,-0.478437403986,2.70505585475,0.00544853280195,4.67780859238,-0.0153740276181,0.056409995565
1824,0.0812032820095,0.204374717662,-0.503225043113,2.701873991,0.00544216907445,6.61443450343,-0.00100187311778,0.0636288152879
1825,0.0967323511156,0.184978654598,-0.45603698312,2.70505391243,0.00544852891729,10.0324484838,0.00898375802205,0.0621432427298
1826,0.104592094456,0.196031634542,-0.545398397199,2.71417395643,0.00546676900531,12.283402654,0.0194361897391,0.0649548974318
1827,0.0638799565278,0.197700113824,-0.639339232501,2.7106527385,0.00545972656945,4.00316830455,-0.0194393440586,0.0605121479925
1828,0.0749799901334,0.190986506247,-0.574536228353,2.70563365449,0.00544968840141,5.55319169807,-0.00970632193776,0.0601025132173
1829,0.0833061327245,0.194824300831,-0.564633101124,2.71154980532,0.00546152070308,7.00900965474,-0.00136241753327,0.0559748831625
1830,0.0769373628288,0.204387963914,-0.622032251402,2.71372235374,0.00546586579991,5.87061514329,-0.0053864492207,0.0634272156504
1831,0.0528326130762,0.190461672759,-0.516155616428,2.70148255876,0.00544138620996,2.81393399504,-0.0323796214891,0.0642858836285
1832,0.0897997422489,0.19234844355,-0.550644991622,2.71119394328,0.005460808979,8.35546432453,0.00418644152708,0.054168417723
1833,0.0773110302794,0.191342969449,-0.582789246695,2.71193357998,0.0054622882524,5.93286975215,-0.00737844725526,0.0641483553605
1834,0.070062499567,0.191962121547,-0.532922143696,2.7115198331,0.00546146075865,4.81671806676,-0.0141754379207,0.0635081820401
1835,0.0746288343001,0.191107544434,-0.522145894341,2.70732392114,0.00545306893471,5.49775770509,-0.00892069682635,0.0577515484122
1836,0.0773851760182,0.20033170314,-0.57819364328,2.71981207709,0.00547804524663,5.94528707687,-0.00733613216464,0.0597300038201
1837,0.0739574404199,0.204694567357,-0.584820092211,2.71220119584,0.00546282348411,5.39302303388,-0.00796473868942,0.0615526777733
1838,0.0708943084018,0.18903973601,-0.484327043541,2.70192928254,0.00544227965751,4.93543551227,-0.013073202027,0.0610838508653
1839,0.0520746761295,0.199706613969,-0.568886509288,2.71016855809,0.00545875820862,2.74318183114,-0.0298691938581,0.0613699098641
1840,0.0828841682004,0.186343175172,-0.589687302763,2.70739061559,0.00545320232362,6.92828865356,-0.00377283488892,0.0606529357462
1841,0.079931978549,0.18646092879,-0.487108475313,2.70786254742,0.00545414618728,6.38502818297,-0.00614592672058,0.0607952943979
1842,0.0698981866072,0.195593041516,-0.51180676791,2.71220441638,0.0054628299252,4.79353859782,-0.0127523191371,0.0579567568528
1843,0.0836530882226,0.186395766574,-0.488248294182,2.70371473874,0.00544585056991,7.07597303082,-0.00233579970554,0.0576139825911
1844,0.102261099958,0.198019276492,-0.599204685435,2.69407393399,0.00542656896042,11.573447963,0.0179088015715,0.0637477366137
1845,0.0684843280088,0.198174823563,-0.598982507229,2.70860281847,0.00545562672937,4.59772361193,-0.0153613317092,0.0653959606161
1846,0.0862889400827,0.190660471,-0.613727826682,2.71069616482,0.00545981342208,7.60257584801,0.000803061045478,0.0613650734505
1847,0.0734982595126,0.184602555903,-0.5210546177,2.69759851179,0.00543361811601,5.32232948913,-0.0123196307289,0.0523097573867
1848,0.091030150437,0.183911680127,-0.502904982047,2.70459519043,0.00544761147329,8.63401589142,0.00400811138416,0.0594622536066
1849,0.067014136291,0.206715199787,-0.611358465616,2.7075272402,0.00545347557284,4.40086181796,-0.0156504008139,0.0672658799611
1850,0.0931110184425,0.187153021865,-0.496365001205,2.70105756528,0.005440536223,9.12334411269,0.00626094337376,0.0608606270851
1851,0.0846185467952,0.195963469978,-0.558286519634,2.7012907095,0.00544100251145,7.26515459637,-0.000784297437745,0.0555108511632
1852,0.0815088761647,0.192786849081,-0.578174215378,2.7168010576,0.00547202320763,6.67059187553,-0.00330174400858,0.0652919715444
1853,0.0665115058835,0.184780509833,-0.502074325811,2.70687156836,0.00545216422916,4.33509867126,-0.0188501921314,0.0603626322206
1854,0.0758945012243,0.187851064465,-0.558492198589,2.70370584695,0.00544583278634,5.69970029642,-0.00950504482129,0.0573459438974
1855,0.0726301314592,0.194280247289,-0.540946037961,2.70448406825,0.00544738922894,5.19072471635,-0.0119209163504,0.0625854143146
1856,0.0819044173019,0.187532057731,-0.491461048806,2.70260732855,0.00544363574954,6.74386985306,-0.00449018638003,0.0586274399555
1857,0.106336421591,0.196821889006,-0.505350122374,2.71164642219,0.00546171393682,12.8397274693,0.0203315207352,0.064564593324
1858,0.0948772307296,0.199327961089,-0.535730267504,2.69600421813,0.00543042952869,9.55734994474,0.0108882871093,0.0618225567483
1859,0.0663028693832,0.198096225074,-0.518309182085,2.70933685449,0.00545709480142,4.30802783124,-0.0173894719708,0.0602598294105
1860,0.0907264918981,0.201461190004,-0.600294760812,2.70716433792,0.00545274976827,8.56453873339,0.00734245621898,0.0617857918574
1861,0.106700025867,0.19800824699,-0.595381118056,2.70620819103,0.00545083747449,12.9584821717,0.0208492188693,0.0601756509159
1862,0.0622348685186,0.195033375384,-0.542227334034,2.70388975352,0.00544620059947,3.80585075647,-0.021460656051,0.0584790557585
1863,0.070402158731,0.200611535508,-0.562530772529,2.7114514337,0.00546132395983,4.86491646908,-0.0131496669129,0.0575719993376
1864,0.0695632975746,0.200531554744,-0.589597948703,2.7089749787,0.00545637104983,4.74657080007,-0.0141368017514,0.0609015755086
1865,0.0845723555373,0.191441271724,-0.484795754689,2.7089455165,0.00545631212544,7.25600717326,-0.000483078415145,0.0619397618218
1866,0.069580956018,0.19805605332,-0.503571411041,2.70996564822,0.00545835238888,4.74903820561,-0.0136014904493,0.0571238054943
1867,0.0554094526676,0.198153057078,-0.578215735828,2.71911035969,0.00547664181182,3.06422301143,-0.0272412964248,0.0622208898398
1868,0.0597677766458,0.201687664092,-0.569447557592,2.70690010678,0.005452221306,3.52389979566,-0.0234822996917,0.058275491733
1869,0.059361166973,0.200140578843,-0.556142507403,2.71085215343,0.00546012539929,3.47898446461,-0.0223764715713,0.0624329233929
1870,0.0770044199094,0.190937944542,-0.551248251163,2.71071596495,0.00545985302234,5.8817474231,-0.00897710317257,0.0635257881975
1871,0.0689405488458,0.194645297254,-0.621810938024,2.70920617286,0.00545683343816,4.66020266211,-0.0146727726526,0.0615753891434
1872,0.0823160134378,0.191612077606,-0.492037766013,2.70242878279,0.00544327865802,6.82083664957,-0.00258444176025,0.0599477873263
1873,0.0822729309092,0.189402110713,-0.563289708066,2.70980650211,0.00545803409666,6.812746055,-0.00158029328949,0.0626834133276
1874,0.0774339799479,0.191920817694,-0.489259311879,2.70131014689,0.00544104138622,5.95347202924,-0.00723129459492,0.0535964023812
1875,0.0630959021824,0.202318651591,-0.561304717716,2.70724905432,0.00545291920108,3.90817368639,-0.0197612010832,0.0566334342561
1876,0.0807617119781,0.192482303963,-0.597024361902,2.70565470393,0.00544973050029,6.53398739068,-0.00467177617939,0.0626727783785
1877,0.0706144691982,0.201890660557,-0.541170018896,2.7066488425,0.00545171877743,4.89523859637,-0.01208082401,0.0588643626029
1878,0.104260141589,0.193431881103,-0.474502286887,2.7057768252,0.00544997474285,12.1799957867,0.0172787041158,0.06377675654
1879,0.088929303751,0.190390219846,-0.527846956351,2.70917517228,0.005456771437,8.16310076041,0.00309198920967,0.0543892401863
1880,0.0651982731526,0.201776065899,-0.544298053799,2.69731998804,0.00543306106852,4.16689155786,-0.0172144353294,0.0630137627177
1881,0.0793012767486,0.190025196351,-0.54698402823,2.70831726606,0.00545505562456,6.27369909509,-0.00582491544803,0.0575127472317
1882,0.0811407467389,0.19789261245,-0.531947750054,2.70815570264,0.00545473249772,6.60299156466,-0.00290554064173,0.061659817452
1883,0.0960560166673,0.19858949935,-0.647241772819,2.71128776432,0.00546099662108,9.85690502899,0.0108577653564,0.064705405788
1884,0.0696402547841,0.186837254482,-0.494505557726,2.70394882511,0.00544631874266,4.75733144919,-0.0155827436935,0.0626787937442
1885,0.0785210035448,0.191228495283,-0.560722451132,2.70900163904,0.00545642437052,6.13820022479,-0.00590541715486,0.0588354818934
1886,0.0808381828206,0.198195248577,-0.500179579292,2.70984458289,0.00545811025822,6.54786041697,-0.00207462812132,0.0571749303122
1887,0.0488461074081,0.20691461561,-0.573774607925,2.71424099211,0.00546690307665,2.45568694387,-0.0329406001811,0.0568770885659
1888,0.103068301072,0.201977459023,-0.534615396092,2.70456699826,0.00544755508897,11.815065627,0.0181275778956,0.0614209147637
1889,0.0885597345987,0.202158376642,-0.600480456755,2.70543573537,0.00544929256318,8.08258270625,0.00565841698197,0.0670228025601
1890,0.0703550026034,0.197971981725,-0.536813455526,2.70821751993,0.0054548561323,4.85820202518,-0.0118930382775,0.0679608454879
1891,0.0994777351489,0.193613307758,-0.517804701294,2.70834296726,0.00545510702696,10.7734515019,0.0146614713835,0.0584002414071
1892,0.0868980801766,0.195388551837,-0.533394897365,2.70644620115,0.00545131349474,7.72888762796,0.00333471752376,0.0613449224549
1893,0.0940093661495,0.200984276243,-0.628881359353,2.70047782183,0.00543937673611,9.34190301196,0.00951239933389,0.0648218268397
1894,0.0948959278757,0.191258686696,-0.502081193737,2.70686176723,0.0054521446269,9.5620386587,0.00792609001933,0.0623431951979
1895,0.0851162904967,0.186802744373,-0.524474002813,2.71598984272,0.00547040077788,7.36434493222,-0.000954558523225,0.0600066696652
1896,0.0992443195698,0.183395622537,-0.455259929981,2.70126248162,0.00544094605568,10.7086341497,0.0116906808678,0.061262856964
1897,0.0831830312769,0.194731606504,-0.584654207042,2.71316378152,0.00546474865548,6.98537930281,-0.000567099168172,0.0631042948057
1898,0.0928828684202,0.196284736536,-0.466034674074,2.70469761775,0.00544781632795,9.06854875646,0.00760941526983,0.0642304181736
1899,0.0761622489973,0.200906179844,-0.568291268874,2.71828155472,0.00547498420189,5.74318729311,-0.00705864769461,0.0573274394267
1900,0.0714067909021,0.197671971739,-0.594715756292,2.7043362694,0.00544709363124,5.00973425709,-0.0127056597506,0.0566379657891
1901,0.109755179703,0.195488512891,-0.576387887997,2.70648472833,0.00545139054909,13.9957645152,0.0224905864705,0.0594488999592
1902,0.0607715274181,0.199530724925,-0.502852035778,2.70249267947,0.00544340645137,3.63663898334,-0.0216623576717,0.0607450265926
1903,0.0724825310131,0.186390235442,-0.478235651292,2.70542695485,0.00544927500214,5.16861269205,-0.0134792895455,0.0583143516066
1904,0.0686296229171,0.194065735626,-0.52829251173,2.71042787965,0.00545927685175,4.61754930251,-0.0142239155459,0.0603557847888
1905,0.0735567877024,0.188044192773,-0.542340108025,2.70684689507,0.00545211488259,5.3312982637,-0.0120000033092,0.069924069774
1906,0.0681110032406,0.206415040811,-0.598125915318,2.70618370675,0.00545078850594,4.54709096797,-0.0156010041478,0.0554443182689
1907,0.103059896085,0.184887916895,-0.530016225494,2.69777064383,0.00543396238011,11.8125269333,0.0160800541023,0.0599231249422
1908,0.0794815676944,0.193314765465,-0.471059523124,2.71051488988,0.00545945087219,6.30535756453,-0.00422804541418,0.0562411296384
1909,0.0633255092428,0.204089065466,-0.625715912788,2.69949752182,0.00543741613608,3.93581138791,-0.0183519170839,0.0588470740196
1910,0.0430013239506,0.199509821442,-0.602165454097,2.7079566317,0.00545433435585,1.98834946064,-0.0387776299668,0.0570835786049
1911,0.0561795775334,0.202506311258,-0.62949632109,2.70443550721,0.00544729210687,3.14204108092,-0.0253210826418,0.0606505980918
1912,0.073289990704,0.207568049882,-0.630363932669,2.71349794514,0.00546541698271,5.29051365518,-0.00940026217601,0.0666113370595
1913,0.0595559309929,0.197373205146,-0.525203021633,2.71646505615,0.00547135120474,3.50044491792,-0.0234662900994,0.0590432368271
1914,0.0906068016285,0.203310890557,-0.570128467487,2.70789241395,0.00545420592034,8.53728615509,0.00819037267759,0.063402292256
1915,0.0643436844273,0.196304647591,-0.530167755542,2.7119078889,0.00546223687024,4.06018212344,-0.0183190801124,0.0631662774544
1916,0.0671188562186,0.186426923773,-0.519996075852,2.71253851601,0.00546349812446,4.41466093655,-0.0168653923679,0.0606797985174
1917,0.0743298353465,0.197816610613,-0.531659455567,2.7029354499,0.00544429199224,5.45091293504,-0.0087689478826,0.0604533633058
1918,0.0806026982966,0.202613646914,-0.579186743682,2.70410684886,0.00544663479016,6.5052182375,-0.00159735868181,0.0609852363468
1919,0.07876085805,0.19702614287,-0.612757170586,2.71274106533,0.00546390322309,6.1795918085,-0.00596567628833,0.0555155684186
1920,0.0934620105899,0.197344261643,-0.522468561168,2.70778074333,0.0054539825791,9.20820303983,0.00854312798413,0.0664361408259
1921,0.094452122853,0.190426628023,-0.551667900593,2.70154937843,0.00544151984931,9.45128340948,0.00827827859119,0.0560399853693
1922,0.0954432214568,0.186470986327,-0.496481896076,2.7062075637,0.00545083621984,9.70017488152,0.00795846790867,0.0565404530819
1923,0.0746946531306,0.19511327358,-0.585164481839,2.71329852621,0.00546501814486,5.5081135121,-0.00934577365935,0.0611101737093
1924,0.0900054651369,0.198259163712,-0.56983921024,2.70814871276,0.00545471851796,8.40149238189,0.00541058663443,0.063621379481
1925,0.0805766167588,0.1936005291,-0.548430828571,2.703424474,0.00544527004043,6.50050959569,-0.00335031879746,0.0607194981615
1926,0.0998583039332,0.208461193746,-0.629929614588,2.70886020183,0.00545614149611,10.8798724292,0.0156663176503,0.0640718779476
1927,0.0604041568758,0.190909434928,-0.494621418649,2.69673842123,0.0054318979349,3.59506679119,-0.0240669208357,0.059044088716
1928,0.0751190999565,0.207342777234,-0.619935304496,2.7200064542,0.00547843400085,5.57527729846,-0.00793540889648,0.0659726012289
1929,0.0806268180747,0.195876655079,-0.532298315976,2.70162218866,0.00544166546975,6.50957524174,-0.0026435254241,0.0596870855749
1930,0.0916289217325,0.200292658642,-0.613213491279,2.71201943921,0.00546245997087,8.77243949293,0.0071861776624,0.0653924616253
1931,0.0772097421257,0.200311846404,-0.605440953512,2.70640720576,0.00545123550396,5.9159413309,-0.00773495478859,0.0582132418488
1932,0.0638469281187,0.187515797274,-0.513314614991,2.70703558334,0.00545249225911,3.99913122024,-0.0197867695763,0.0621322707165
1933,0.0964763010092,0.198047707208,-0.557303859463,2.72067253074,0.00547976615392,9.9656717055,0.0105479530147,0.0630894524468
1934,0.086438281784,0.198020203385,-0.564408251375,2.71071908438,0.00545985926119,7.63337984055,0.00191769897887,0.0578604986525
1935,0.0869162911379,0.186256248707,-0.539363991897,2.70875244412,0.00545592598068,7.73269118673,0.000833744140341,0.0640614134268
1936,0.0829169856877,0.195594241066,-0.564992416222,2.71275542045,0.00546393193335,6.93453841622,-0.00205102965817,0.0587887235404
1937,0.0910050391253,0.199071093531,-0.568051384134,2.71885638871,0.00547613386986,8.62825206001,0.0055464848364,0.0612362159354
1938,0.0864383830465,0.193944228921,-0.561146141107,2.71227141269,0.00546296391782,7.63340076342,0.000466265912299,0.0627898973181
1939,0.0730210234681,0.198153541474,-0.610462091913,2.70251574862,0.00544345258967,5.24965305753,-0.0109525695073,0.0549158684729
1940,0.0448818426385,0.199751810591,-0.560181913533,2.71197676373,0.0054623746199,2.13164728511,-0.0367984266556,0.0676409001312
1941,0.0691846883427,0.191052178979,-0.484433333582,2.71058013771,0.00545958136787,4.69391222561,-0.0143585509244,0.0596068065689
1942,0.0751364434938,0.205595109919,-0.573195689958,2.7088612585,0.00545614360943,5.57803583646,-0.0060621970248,0.0630182168085
1943,0.107976452472,0.203102656352,-0.503258500866,2.71239059079,0.00546320227401,13.383174623,0.0232009042877,0.0617365309209
1944,0.0769021917344,0.191155556997,-0.428330976902,2.70721520092,0.00545285149428,5.86478324446,-0.00712477208556,0.0608245214428
1945,0.0778096923556,0.190631705347,-0.522328260634,2.71176386144,0.00546194881532,6.01679438901,-0.0082531165368,0.0590975488456
1946,0.0804189944705,0.196843210955,-0.503463680508,2.70669548835,0.00545181206914,6.47211358496,-0.00403631067136,0.0573793239286
1947,0.0890402978188,0.193531942965,-0.496826790698,2.71323808201,0.00546489725646,8.18741676578,0.00353114903653,0.0587137466654
1948,0.0652353024022,0.184743770959,-0.477625199927,2.70361601399,0.00544565312041,4.17156383671,-0.0200599652427,0.0627209322877
1949,0.0896183369279,0.195005151092,-0.508737060899,2.70356213981,0.00544554537206,8.31505687394,0.00614010401364,0.0637615250585
1950,0.0760772536885,0.192938134687,-0.594392952669,2.71323131165,0.00546488371573,5.72935322476,-0.00824893389969,0.0657739247739
1951,0.0761744660411,0.200935701248,-0.604181323284,2.72554350057,0.00548950809357,5.74517801892,-0.00831633622804,0.0589279029022
1952,0.0852590998552,0.194535412841,-0.600889519087,2.70545264003,0.0054493263725,7.393014635,0.00100589761521,0.060960502178
1953,0.0823111576416,0.193951376919,-0.567686174797,2.70776734597,0.00545395578438,6.81992436268,-0.00200110616803,0.0566369243781
1954,0.0588404557238,0.205419734911,-0.584485029295,2.70469303455,0.00544780716155,3.42209099051,-0.0227683695639,0.06389923534
1955,0.0775666405516,0.190364808421,-0.454499171719,2.71280583868,0.0054640327698,5.97576756031,-0.00622822723461,0.061167204343
1956,0.0754416212913,0.198014374765,-0.497966137141,2.70387778948,0.0054461766714,5.62675766533,-0.00823679192582,0.0608906147009
1957,0.0801738565362,0.195898174889,-0.524733637013,2.70717237475,0.00545276584194,6.42815672211,-0.00297792946769,0.0605671983191
1958,0.0905619168957,0.186914431883,-0.45745753053,2.70451727227,0.00544745563697,8.52708550028,0.0037733471967,0.0624302797924
1959,0.0815086821268,0.190246925633,-0.414464259224,2.69966798047,0.00543775705337,6.67055609222,-0.00330053886263,0.0628134721706
1960,0.107004386261,0.195790619983,-0.532163034637,2.71573897286,0.00546989903815,13.0586403468,0.0205040573031,0.0633668958279
1961,0.0741438609165,0.190012596936,-0.476208751494,2.71521068812,0.00546884246868,5.42193993401,-0.00986402018599,0.063056525848
1962,0.0768826687928,0.186911614729,-0.493179527666,2.7074986408,0.00545341837404,5.86154810045,-0.00816818226312,0.0652574403289
1963,0.0881128935848,0.197454915114,-0.576733990896,2.7139772654,0.00546637562325,7.98613777516,0.00308243432331,0.0627053352723
1964,0.0672149772534,0.190156929928,-0.54266009963,2.71509105679,0.00546860320602,4.42735679926,-0.0164079801964,0.0607170210277
1965,0.0957121869812,0.202892892965,-0.577306465231,2.69832462966,0.00543507035175,9.76869646484,0.0112767889032,0.0583750999809
1966,0.0738092492845,0.199584243578,-0.596628189461,2.72869076167,0.00549580261579,5.37012550082,-0.00925250092048,0.0600868488723
1967,0.0630333951942,0.209585889823,-0.60116276545,2.71709064935,0.00547260239114,3.90067555424,-0.0181658199098,0.0621108176328
1968,0.0940380280034,0.193958236011,-0.465782961135,2.70718552445,0.00545279214134,9.34895030212,0.00936447064601,0.0554231951203
1969,0.062556480844,0.183847184147,-0.511439385724,2.7009073143,0.00544023572105,3.84382798114,-0.0217331246739,0.0635724027249
1970,0.0698043638399,0.198341245305,-0.606332363198,2.70626118067,0.00545094345378,4.78034297499,-0.0127541879284,0.0612305525094
1971,0.104493828653,0.194150258831,-0.579266689324,2.70363351612,0.00544568812467,12.2527107991,0.0187444024193,0.0563593616622
1972,0.0863512924668,0.200364163866,-0.614782975652,2.70666424493,0.00545174958229,7.61542410107,0.00246050707702,0.0616841423932
1973,0.0705130251537,0.195585079593,-0.596700601768,2.71402631033,0.00546647371309,4.88073162611,-0.0122353939229,0.0605769776233
1974,0.106244780803,0.190573519133,-0.498171327634,2.70405491045,0.00544653091333,12.8099508269,0.0193743964468,0.0567899781074
1975,0.0777241738269,0.189385088776,-0.536682329754,2.70309166169,0.00544460441582,6.00233258742,-0.00598799443171,0.0566773797744
1976,0.0966910691661,0.203923000675,-0.608596015291,2.70374034979,0.00544590179202,10.0216559522,0.0119128957307,0.062193944413
1977,0.0748311819095,0.192301005117,-0.546257519247,2.70873133974,0.00545588377191,5.52964531019,-0.0101112255924,0.059907218843
1978,0.0750745130103,0.206961506231,-0.640713030242,2.71377159536,0.00546596428316,5.56819072482,-0.00768717340291,0.0635716511212
1979,0.0641615620258,0.201237405765,-0.563975472001,2.71061643216,0.00545965395675,4.03771667175,-0.0195915467041,0.0576685239144
1980,0.0861781448726,0.19343782086,-0.492211036695,2.71352225882,0.00546546561009,7.57979096906,0.00101114643847,0.064814231835
1981,0.0720115830687,0.191193359089,-0.605231669468,2.70734786239,0.00545311681721,5.09856654394,-0.0120211847748,0.0671558234687
1982,0.0633801274702,0.188624151476,-0.477954528017,2.70901207134,0.00545644523511,3.94240775817,-0.0210899272915,0.0565659866985
1983,0.0822967020863,0.197447038119,-0.525066672455,2.7043062608,0.00544703361404,6.81720911844,-0.00114065913191,0.0611964772695
1984,0.0581211323499,0.198347168417,-0.605086916204,2.7166465341,0.00547171416064,3.34463879276,-0.0246859242298,0.0636219583817
1985,0.0609890551561,0.189992840205,-0.544988231257,2.71060420219,0.00545962949681,3.66142495687,-0.0226399714788,0.0630835049883
1986,0.0970247593731,0.19362360661,-0.502827508314,2.71793682595,0.00547429474434,10.109185558,0.0097636249313,0.0608122776578
1987,0.0974088730409,0.19364575362,-0.499172892946,2.70739676763,0.00545321462769,10.2107692141,0.0120323946377,0.0588849744234
1988,0.0893852050789,0.19853100165,-0.595954561397,2.70423066907,0.00544688243058,8.26337386447,0.00548461716184,0.0625618021268
1989,0.0910278621368,0.197705285525,-0.609051684005,2.70833950853,0.00545510010949,8.63349051758,0.00652122203124,0.0607251871995
1990,0.109652097115,0.186611575759,-0.454063325916,2.69566447903,0.00542975005049,13.9595886644,0.0225984234196,0.0566848616157
1991,0.0571434449396,0.19462591966,-0.567864802263,2.71862299023,0.00547566707289,3.24145621996,-0.0263510013746,0.0543813553674
1992,0.0726210378738,0.199503264703,-0.59827149793,2.71282973019,0.00546408055282,5.18936020599,-0.0114599641611,0.0577397802548
1993,0.0840090607674,0.191361925116,-0.587484085479,2.70345582434,0.00544533274112,7.14523609654,-0.000488317620562,0.0618789370779
1994,0.0682671636329,0.19010870819,-0.52548954155,2.70154552354,0.00544151213952,4.56821661096,-0.0156475136846,0.0594156021499
1995,0.074311728822,0.195634988376,-0.538881883015,2.70623970739,0.00545090050723,5.44808660187,-0.00950784248244,0.062869633883
1996,0.0669954315517,0.180192974961,-0.534456493651,2.69977511983,0.0054379713321,4.39840062538,-0.0192624929878,0.059533456287
1997,0.0654027213596,0.19479869058,-0.510626843657,2.71135400091,0.00546112909426,4.19273919036,-0.0180431753397,0.0672992356267
1998,0.0697793373612,0.205264889574,-0.548584527111,2.71347630777,0.00546537370798,4.77682803264,-0.0122508254574,0.0643272547937
1999,0.0789329982007,0.196302692307,-0.566904738882,2.70893953506,0.00545630016256,6.209440103,-0.00481109869187,0.0592395195759
2000,0.0922616665099,0.1871371719,-0.524713432852,2.70167881293,0.0054417787183,8.92079468416,0.00644192853016,0.057913103272
2001,0.0594555047197,0.193780278926,-0.583045095684,2.70730089836,0.00545302288916,3.48936693624,-0.0242853913011,0.064960107081
2002,0.0869703633472,0.192450447561,-0.562507376866,2.70671500837,0.00545185110918,7.74399415317,0.0022955216161,0.0576460191057
2003,0.0596975393643,0.192147851071,-0.503231307989,2.70382154615,0.00544606418474,3.51611035265,-0.0238881918948,0.064217461371
2004,0.0911013449195,0.190029529415,-0.533385568445,2.70584918422,0.00545011946088,8.65037529483,0.00507428219533,0.0536456601873
2005,0.0701156849871,0.193077971699,-0.568513448477,2.71570510343,0.0054698312993,4.82423996646,-0.0134687193676,0.0559403629722
2006,0.0806192971379,0.194773051783,-0.472654577226,2.71740540912,0.00547323191068,6.5082163965,-0.00301547263951,0.0632603212118
2007,0.0848671429413,0.203871036316,-0.608274663795,2.71016867809,0.00545875844861,7.31455259896,0.000365644242247,0.0589353396323
2008,0.0666185319002,0.198208826819,-0.510795746598,2.71548636011,0.00546939381265,4.3490368936,-0.0176747518727,0.0627659656001
2009,0.0843797891851,0.204433121639,-0.59033440261,2.7176101338,0.00547364136004,7.2179773305,0.00059147012543,0.060291840157
2010,0.103510476721,0.201144029204,-0.585677279705,2.69814132585,0.00543470374413,11.9493072675,0.0181801879659,0.0607834967189
2011,0.0891410604252,0.204545219481,-0.614491992379,2.70932953914,0.00545708017071,8.20954503604,0.0068432660433,0.0693216429734
2012,0.0717586926929,0.198607419433,-0.529783257108,2.7011236186,0.00544066832963,5.06126931015,-0.0110496944136,0.0636745528085
2013,0.0844505987471,0.204108925867,-0.634150420851,2.71272156665,0.00546386422574,7.2319418564,0.000818671424421,0.0650327867178
2014,0.0963743222934,0.191735808917,-0.517078480167,2.7155616532,0.00546954439884,9.93918445385,0.0101299947811,0.0613896542001
2015,0.0972949552507,0.205691608411,-0.635657945453,2.71319402639,0.00546480914521,10.1805494374,0.0128428941724,0.0716145742792
2016,0.0664292192406,0.184885816809,-0.547064575008,2.70567252296,0.00544976613835,4.32440606307,-0.0184089302137,0.0596282055248
2017,0.0727990563966,0.191951106349,-0.567702610466,2.71343881273,0.0054652987179,5.21612489126,-0.0116939140525,0.0609292782413
2018,0.0561172482355,0.192038365402,-0.471164325105,2.70371048115,0.00544584205473,3.13569004262,-0.0279378503673,0.0594192907741
2019,0.073796607045,0.193109773651,-0.512947530422,2.70675257204,0.00545192623652,5.36817575877,-0.0104264364064,0.0585322833367
2020,0.0789787598471,0.201295675522,-0.555953229627,2.70848905796,0.00545539920836,6.21739501165,-0.00509010420914,0.0578976824192
2021,0.0744452812376,0.199608520584,-0.581795663066,2.7135609498,0.00546554299204,5.46896146095,-0.0106546517876,0.0576932167367
2022,0.075110518306,0.190695308393,-0.523405411379,2.7104889381,0.00545939896864,5.5739127744,-0.0101281281922,0.0614299857682
2023,0.0963627241063,0.184556263582,-0.405440958186,2.70309978144,0.00544462065531,9.93617591944,0.00985175829259,0.0590372804874
2024,0.101232132776,0.185069373259,-0.484216553758,2.69942722502,0.00543727554248,11.2717947538,0.0140803978054,0.0604033555336
2025,0.0592726692349,0.203101053336,-0.635356439183,2.71324825194,0.00546491759632,3.46926571423,-0.0241654908036,0.0613340998042
2026,0.0707649427061,0.207661267323,-0.654576659463,2.71152207636,0.00546146524515,4.9168204012,-0.0117906642755,0.059748455726
2027,0.0814436122777,0.198088398131,-0.614811671679,2.71006496547,0.00545855102338,6.65856534498,-0.00228932900393,0.0596617452537
2028,0.0990324482697,0.196276769887,-0.526690431589,2.71486137324,0.00546814383892,10.6500966312,0.0135486087915,0.0626096996938
2029,0.0778754694595,0.202075847774,-0.572601916027,2.71824471725,0.00547491052694,6.02793730831,-0.00475979366106,0.0619564914514
2030,0.088475361532,0.203570337094,-0.605784769813,2.70726444721,0.00545294998686,8.06429596136,0.00515324568305,0.0590633625062
2031,0.0698314039232,0.188767131757,-0.487217443553,2.71252683501,0.00546347476246,4.78414303723,-0.0154222876233,0.0610720968751
2032,0.0686776139348,0.187346168297,-0.498750980698,2.70539522376,0.00544921153995,4.62411256366,-0.0162267253695,0.0580041345401
2033,0.0711734967227,0.198594858961,-0.611779206211,2.7020888564,0.00544259880523,4.97580148776,-0.0121439703516,0.0570329083061
2034,0.0850877649592,0.197304008032,-0.499984893101,2.71103037896,0.00546048185036,7.35862958012,-0.000351936507025,0.0609653066893
2035,0.0886946339134,0.19737038911,-0.52759716141,2.70893072399,0.00545628254043,8.11189406709,0.00493020436222,0.0566665121452
2036,0.101059899253,0.183907746736,-0.488105752718,2.6998567805,0.00543813465344,11.2219873113,0.0134333280878,0.0577719623272
2037,0.0706811089926,0.193386134074,-0.546257519247,2.70971048566,0.00545784206375,4.90478711722,-0.0136662689634,0.0592898921961
2038,0.0537833889341,0.197439871303,-0.538476153003,2.71824411924,0.00547490933092,2.90450697595,-0.0288500975565,0.054518911215
2039,0.0947851489658,0.195402008786,-0.562895248864,2.71144338867,0.00546130786978,9.53428763431,0.00978004697575,0.0637768509663
2040,0.0785723514993,0.209033783747,-0.594817658378,2.71493322616,0.00546828754475,6.14704196952,-0.00346910917475,0.0684618702054
2041,0.0574241648796,0.193555618559,-0.481958759251,2.71147197942,0.00546136505128,3.27083899805,-0.0259138707415,0.0589442361644
2042,0.0984677262542,0.199818855738,-0.541341281702,2.70522612912,0.00544887335067,10.4954420274,0.0150018385126,0.0599765094371
2043,0.0911359971726,0.202849327005,-0.608008703996,2.71153125765,0.00546148360774,8.65834751402,0.00789997688751,0.0639287002553
2044,0.0959713038252,0.186358960543,-0.5344868521,2.71041505548,0.00545925120339,9.83510790412,0.00891711472674,0.0593366670986
2045,0.0772279751827,0.194905045265,-0.480596041493,2.70902272978,0.005456466552,5.91898570926,-0.00820133151525,0.065105089012
2046,0.0624864089496,0.193841396016,-0.478861572049,2.70266804617,0.00544375718479,3.83552911464,-0.0205451648336,0.0627364039534
2047,0.0582780228812,0.201341200543,-0.53354632379,2.70486138124,0.00544814385491,3.36141973773,-0.0242995761888,0.0564687122761
2048,0.0785839061309,0.188064935278,-0.508425503659,2.7185378421,0.00547549677664,6.14903304409,-0.00659651979055,0.0599997713441
2049,0.0887486051188,0.188939123991,-0.481065160592,2.69493929177,0.00542829967598,8.123646562,0.00474567889309,0.0639558877294
2050,0.0948357620121,0.201141783904,-0.589361999187,2.69914108538,0.00543670326321,9.54695790734,0.0115436398212,0.0628602991815
2051,0.0988294936348,0.196622416646,-0.520719685982,2.71044904491,0.00545931918225,10.5942866376,0.0140325070729,0.064885642947
2052,0.0754467380162,0.187039837263,-0.530048292651,2.71268936681,0.00546379982607,5.62757750392,-0.00960802001439,0.0550541400353
2053,0.0816802524866,0.201874754928,-0.613494154937,2.718300627,0.00547502234644,6.70225883277,-0.00227456665803,0.0639942817711
2054,0.0779764613498,0.197257210956,-0.581709446203,2.71299595109,0.00546441299463,6.0450788847,-0.00685912592662,0.059337725681
2055,0.0584769666957,0.198771256529,-0.610988894104,2.71807033602,0.00547456176447,3.38278831862,-0.0233691769415,0.0584144628978
2056,0.0730342121936,0.207810066383,-0.636433030471,2.71451067489,0.00546744244222,5.25165068018,-0.00950225445853,0.060939917089
2057,0.0799024562949,0.186466069606,-0.540315215632,2.71514953273,0.0054687201579,6.37978067536,-0.0060954274316,0.0617099335777
2058,0.0611616482152,0.199274845415,-0.629165768492,2.70544012444,0.00544930134132,3.68118148951,-0.0203874521348,0.0628137579365
2059,0.0695189493062,0.198160125728,-0.608740162553,2.70266459291,0.00544375027826,4.74037852756,-0.0130246066949,0.0590839109047
2060,0.0742498033287,0.18691454914,-0.477094647125,2.69837158377,0.00543516425998,5.43842935514,-0.0118004274591,0.0670090409637
2061,0.093462419112,0.193860375562,-0.525905012608,2.71003409531,0.00545848928305,9.20830220504,0.00773756386057,0.0641526691176
2062,0.102086106238,0.186950744797,-0.538457372089,2.70925106201,0.00545692321646,11.5216483011,0.0140436680215,0.0591320673596
2063,0.0807050029171,0.202337296585,-0.620205461871,2.70836421954,0.00545514953151,6.52371530181,-0.00277020760176,0.0635243941852
2064,0.0995142837698,0.186545744208,-0.490481341363,2.70770146882,0.00545382403008,10.7836319067,0.0124261094651,0.0621168784697
2065,0.0791007146926,0.190675052607,-0.480823809738,2.70826342105,0.00545494793454,6.23863609199,-0.00615769955562,0.0627293104108
2066,0.0652339991644,0.204486407247,-0.666083328617,2.71115535412,0.00546073180067,4.17139932775,-0.0172630868924,0.0637679137846
2067,0.0517053006403,0.197980122498,-0.594673475254,2.70368912859,0.00544579934961,2.70916030884,-0.029578924902,0.064995325836
2068,0.107612471171,0.188342108628,-0.567883942704,2.71645014731,0.00547132138705,13.2608209359,0.0190801423136,0.0612478108396
2069,0.0670695577831,0.191826222324,-0.510404940508,2.71384843698,0.00546611796641,4.40816058212,-0.0159345738524,0.0615095583725
2070,0.0934222592297,0.196825111705,-0.538504688165,2.71326183339,0.00546494475921,9.19855816807,0.00875481030323,0.0636541995966
2071,0.0885335004085,0.197035889685,-0.514055486867,2.71613090711,0.00547068290667,8.07689299614,0.0027129326071,0.0570247692875
2072,0.0684574429216,0.195038744296,-0.603441839909,2.71204986872,0.00546252082988,4.59406248858,-0.015848599096,0.0566280718623
2073,0.0801946439232,0.200064123165,-0.49243568487,2.70365107015,0.00544572323274,6.43187453897,-0.00308258398019,0.0544822798535
2074,0.0810929446283,0.194124651641,-0.498268780774,2.70556888569,0.00544955886381,6.59425570722,-0.00376230021551,0.0609430095829
2075,0.0837171069167,0.194185711763,-0.487754999021,2.71276042101,0.00546394193446,7.08838750618,-0.00112687003371,0.0630880454858
2076,0.0812596562443,0.194015624353,-0.526151534084,2.70942849833,0.0054572780891,6.6247642643,-0.00387832819167,0.0591200320007
2077,0.0684954204499,0.194431140191,-0.579828256498,2.70609807062,0.00545061723368,4.5992348156,-0.0159114027919,0.0613078183852
2078,0.0710055371387,0.198826149685,-0.59697840434,2.71161739623,0.00546165588491,4.95148581338,-0.0120573260735,0.0603459677529
2079,0.0740353402109,0.192375288624,-0.557083244744,2.70428935532,0.00544699980309,5.40509131855,-0.0112746121084,0.058102617557
2080,0.0985386685247,0.188490453207,-0.440788667579,2.69935462926,0.00543713035095,10.5147612804,0.0127223667146,0.0602669440939
2081,0.0972187146426,0.184120296465,-0.46039312268,2.70205157368,0.0054425242398,10.160368322,0.0106240272152,0.0549481097411
2082,0.0554800224498,0.193573408082,-0.493958360947,2.70440684173,0.0054472347759,3.07129488668,-0.0273751307864,0.0616059146034
2083,0.102341509726,0.201516189472,-0.61606857882,2.70942228435,0.00545726566115,11.5973189857,0.0179472908795,0.0632587147548
2084,0.0583789296743,0.201407013755,-0.596473857725,2.70648346819,0.00545138802881,3.37224559917,-0.0247962461194,0.0653259321794
2085,0.0787551191163,0.195062553993,-0.536497524427,2.71524779941,0.00546891669126,6.17859875394,-0.00550744730857,0.0589591438972
2086,0.0616597349635,0.195553298256,-0.541584829576,2.71719421564,0.00547280952372,3.73864940886,-0.0219820355744,0.0593422659237
2087,0.0802221711607,0.203321325445,-0.631401892033,2.71373536295,0.00546589181833,6.43680052923,-0.0049702330034,0.0632651431135
2088,0.0975517443427,0.20181921201,-0.591867349135,2.70516671571,0.00544875452385,10.2487807238,0.0127647839614,0.0632281460764
2089,0.0744048555117,0.19269592208,-0.542837153562,2.70331218019,0.00544504545281,5.46263588535,-0.0101958117525,0.0548172372232
2090,0.0962658195934,0.184622215647,-0.477800925638,2.70822606837,0.00545487322917,9.91107025821,0.00932681619097,0.0575701089301
2091,0.067360566437,0.18904633023,-0.501370788388,2.70270427838,0.00544382964919,4.44664104169,-0.0159686335271,0.0709507768063
2092,0.0847272328815,0.190068131053,-0.479083369621,2.70238074788,0.00544318258819,7.28671655628,-0.000143702232728,0.059735729119
2093,0.0506340063899,0.20381167952,-0.59261551011,2.70706536106,0.00545255181456,2.61216152255,-0.0319848071092,0.0544426744575
2094,0.0668952557109,0.195230196327,-0.570530732797,2.70835831191,0.00545513771626,4.38523770845,-0.0170353498918,0.0625073264515
2095,0.083677399803,0.189857452561,-0.461462399739,2.71052087747,0.00545946284737,7.0806853619,-0.00145248439456,0.0574295888945
2096,0.0732345847518,0.189930364636,-0.502157305939,2.71416346781,0.00546674802806,5.282075618,-0.0114853881389,0.0562634878146
2097,0.0661174088626,0.19373934281,-0.521831635661,2.69961855816,0.00543765820875,4.28407502869,-0.0173087306483,0.0602770772767
2098,0.0541686883034,0.197155103357,-0.586748655964,2.7092840234,0.00545698913923,2.94179725701,-0.0285715649706,0.0598990510163
2099,0.0769158991426,0.183625024332,-0.493131929896,2.70578921365,0.00544999951974,5.86705557357,-0.00968691872261,0.0611057759992
2100,0.0521929041455,0.197973086451,-0.55868688413,2.71233163282,0.00546308435807,2.75413453081,-0.0304061370056,0.0588257278175
2101,0.0635092654674,0.200625876353,-0.575912450784,2.71649085221,0.00547140279687,3.95803778537,-0.0192185256651,0.0613791578142
2102,0.0972657757226,0.194539407034,-0.554337024797,2.70293557131,0.00544429223506,10.1728213882,0.0109009898553,0.0615675361023
2103,0.061125574422,0.196660496532,-0.603165105891,2.71643447982,0.00547129005207,3.67704551919,-0.0221509806333,0.0549945567982
2104,0.0860696436639,0.195519675619,-0.63274101717,2.70456041916,0.00544754193075,7.55753409254,0.00192201603061,0.0588098088591
2105,0.0577731499319,0.209322510496,-0.613609212873,2.69947964653,0.0054373803855,3.30764001206,-0.022702468192,0.0665641439457
2106,0.0686859090411,0.205946645657,-0.591404026994,2.72598009385,0.00549038128014,4.62524775117,-0.0144201645432,0.0612270774268
2107,0.104269824849,0.191580723669,-0.506973876727,2.70827163616,0.00545496436475,12.1830012351,0.0187447863084,0.0597361870585
2108,0.0627711676733,0.194524936651,-0.579169383792,2.71028479367,0.00545899067978,3.86933945805,-0.0214067949828,0.0607894721603
2109,0.105549130371,0.199334011306,-0.613670388665,2.71802435223,0.00547446979691,12.5859147424,0.0196542164986,0.0664627799103
2110,0.0718344692265,0.191458034278,-0.541910126808,2.71827941011,0.00547497991266,5.07242204575,-0.0117507548712,0.0617811559223
2111,0.0812617790228,0.188575404428,-0.505558263041,2.70745246708,0.0054533260266,6.6251534958,-0.00352765887754,0.0574279494589
2112,0.0556617785666,0.208386607505,-0.620101670019,2.71994355911,0.00547830821066,3.08956338946,-0.0252103442893,0.0615729680821
2113,0.100113008628,0.198274422034,-0.502879410539,2.70450718598,0.00544743546441,10.9516131858,0.014278210303,0.0621008854746
2114,0.0877611538468,0.193503488293,-0.555279493426,2.70455310428,0.005447527301,7.9109126697,0.00271165015386,0.0608131735519
2115,0.0619639461671,0.201181626034,-0.618688500842,2.71775793862,0.00547393696967,3.77408152293,-0.0210286879454,0.0544157430541
2116,0.0809578946512,0.188913269886,-0.570854662197,2.70344952894,0.00544532015032,6.56962738242,-0.00341860126387,0.0606228526758
2117,0.0913927936522,0.191816787136,-0.490575935166,2.69868481005,0.00543579071255,8.71762468211,0.0073881011245,0.0597385725758
2118,0.0908862938957,0.194993964815,-0.463957486071,2.71805300074,0.00547452709392,8.60104119793,0.00612291583441,0.06621256367
2119,0.0689431440618,0.202094288594,-0.587429284087,2.71969338593,0.0054778078643,4.6605599854,-0.0131872093155,0.0661319581962
2120,0.0732441472952,0.200429373876,-0.612522146056,2.70936862256,0.00545715833756,5.28353116592,-0.0104989500048,0.0581767299367
2121,0.0627274845131,0.197493148024,-0.542753737999,2.70683495582,0.00545209100407,3.86413809199,-0.0210085476498,0.0557387169417
2122,0.104516451189,0.196327387594,-0.581950533141,2.71683056986,0.00547208223215,12.2597705624,0.0176428347701,0.0568175648798
2123,0.081686186516,0.192806687768,-0.585845554274,2.71407545621,0.00546657200487,6.70335757267,-0.00424194590186,0.0589940534946
2124,0.0676741767048,0.197674760881,-0.491829580387,2.7095483441,0.00545751778063,4.48840484496,-0.0157843926608,0.0630550512463
2125,0.0609238212918,0.195588891937,-0.579660842782,2.70833694326,0.00545509497896,3.65397860845,-0.0225744015418,0.0548409602272
2126,0.0913634459389,0.198220672787,-0.52660717806,2.70802041867,0.00545446192979,8.7108325904,0.00733300565924,0.0610463055547
2127,0.0812893361913,0.188418310209,-0.517035768075,2.71330873763,0.0054650385677,6.63020809719,-0.0024551658245,0.0579081072086
2128,0.0701377256335,0.192979929427,-0.492709559098,2.69962371892,0.00543766853027,4.82735986804,-0.0135524958413,0.0589055126982
2129,0.0807231738969,0.192392584226,-0.530366098701,2.71119475045,0.00546081059333,6.52700526496,-0.00438647566374,0.0597239169799
2130,0.0762058208312,0.194793713136,-0.500414539289,2.70712708903,0.00545267527049,5.75028976211,-0.00790912877711,0.0588222726411
2131,0.0764244074035,0.200912147805,-0.575189122016,2.71144810037,0.00546131729318,5.78602937433,-0.00791933247247,0.0605770282344
2132,0.0713593180229,0.189032542509,-0.577669516525,2.7032783654,0.00544497782325,5.00281432032,-0.0137689891019,0.0596044915214
2133,0.0938062237661,0.184946821483,-0.449264454982,2.70341743347,0.00544525595938,9.29208706173,0.00576296549449,0.053519565288
2134,0.0610132680772,0.198331334502,-0.568334982452,2.71029120181,0.00545900349605,3.66419173984,-0.022554960421,0.0591015955088
2135,0.0680638879099,0.188391421504,-0.475374046487,2.70703284591,0.00545248678425,4.54073227437,-0.0166393199771,0.0626320939466
2136,0.0772249196521,0.193924051938,-0.524875537245,2.70998282222,0.00545838673687,5.91847543663,-0.00564959742117,0.064112736702
2137,0.086197668902,0.196469889215,-0.574551703775,2.7063720546,0.00545116520164,7.58380184198,0.00168717152132,0.0639076481723
2138,0.0818374206273,0.193866076769,-0.517433822642,2.7152948035,0.00546901069943,6.73141087389,-0.00225946363092,0.0575122166095
2139,0.0783180789056,0.192644597924,-0.51444893541,2.70064294504,0.00543970698253,6.10336087958,-0.00621860360489,0.0583744784456
2140,0.0691671589665,0.189785440919,-0.526130639004,2.70502700293,0.0054484750983,4.69148543835,-0.0154598537376,0.0625885756685
2141,0.0734392117479,0.192401503479,-0.547794163787,2.70409968623,0.00544662046489,5.31329347579,-0.0113094303033,0.0606251423528
2142,0.0945922256494,0.192889790135,-0.480647646863,2.70733417914,0.00545308945071,9.48612604539,0.00921148721764,0.0631755043959
2143,0.0758353900673,0.197032167414,-0.576080085531,2.70226541524,0.00544295192292,5.69013599809,-0.00919268692789,0.0571950664539
2144,0.0689148258469,0.205540999385,-0.577674148098,2.70268741166,0.00544379591576,4.6566621539,-0.0131838639496,0.0576952768492
2145,0.0968505007184,0.206799453118,-0.60988410392,2.70948313993,0.00545738737231,10.0633930714,0.0130792657217,0.0641443108911
2146,0.0529702956649,0.197528056171,-0.618747544991,2.71046915439,0.00545935940121,2.82692369766,-0.0301293885976,0.0572979754002
2147,0.0397195350258,0.204127373767,-0.592881621736,2.70532789395,0.00544907688034,1.75324245877,-0.0421826491895,0.0526476115221
2148,0.0812222489819,0.213065897928,-0.624827439314,2.71642458372,0.00547127025988,6.61790842306,-0.00114303006128,0.0707516685791
2149,0.0851015765894,0.185476139121,-0.518871721473,2.70655931911,0.00545153973067,7.36139639736,5.0797460555e-06,0.0569371596332
2150,0.0637944931693,0.194613012179,-0.594479098187,2.70593539303,0.00545029187849,3.9927284945,-0.0200142018394,0.0635671260872
2151,0.0759419059556,0.191217656087,-0.502172948125,2.70336586539,0.00544515282321,5.70737997093,-0.00956094792445,0.0662587961657
2152,0.100911355665,0.194975084543,-0.59604140718,2.7002550096,0.00543893111163,11.1791868196,0.0158656876321,0.0597327414585
2153,0.0840349270898,0.200753142031,-0.554057484959,2.71599497744,0.00547041104731,7.15029121359,0.000318584396563,0.0623180517226
2154,0.0710304134494,0.194582971548,-0.48034490844,2.70416607708,0.0054467532466,4.95508117001,-0.0145134602889,0.0547352490442
2155,0.0922199034174,0.192573093775,-0.559125365254,2.7098019973,0.00545802508704,8.910936406,0.00705254509631,0.065881337877
2156,0.0972669742835,0.194068357561,-0.482069135606,2.7040686268,0.00544655834604,10.1731387198,0.0138322703478,0.0650396034059
2157,0.0726143633442,0.204158461721,-0.623424415149,2.71660081254,0.00547162271751,5.18835886374,-0.00841617392858,0.0589276882182
2158,0.0866011613342,0.195635108106,-0.582102393806,2.70619833039,0.00545081775322,7.66709713302,0.00220845079956,0.0573368559907
2159,0.0665659259511,0.194976958277,-0.556941404418,2.71112406996,0.00546066923236,4.34218154085,-0.0172313391342,0.0631642686949
2160,0.0847795158795,0.196108092756,-0.523837477193,2.71221707145,0.00546285523534,7.29710810628,0.00132828044704,0.0583446505972
2161,0.0835275120652,0.184247920672,-0.457212639651,2.69383963769,0.00542610036781,7.05167455707,-0.00211871899556,0.0582265443361
2162,0.0976266859552,0.187377368088,-0.46690810243,2.69188261851,0.00542218632947,10.268768774,0.0121756393272,0.0588006195363
2163,0.068022816723,0.19708049992,-0.566280852899,2.71133890571,0.00546109890385,4.53519501777,-0.015495787033,0.0612163690255
2164,0.104652291647,0.186955810879,-0.485114832226,2.70482603238,0.00544807315719,12.3022380925,0.0179825356354,0.0558714711778
2165,0.0696302991004,0.204592220334,-0.617864995028,2.71682697956,0.00547207505157,4.75593829152,-0.0126450546469,0.0590701653015
2166,0.0809618019037,0.193451776974,-0.588601217244,2.70201188685,0.00544244486613,6.57033884661,-0.0022518098862,0.059107273386
2167,0.0665600918828,0.199638022655,-0.590125668044,2.71730648729,0.00547303406702,4.34142179391,-0.0164465729816,0.0570610786826
2168,0.0753369973426,0.192534965735,-0.495603917828,2.69868213812,0.00543578536868,5.61001542765,-0.00834390409166,0.0580709121629
2169,0.0833610637211,0.200612042246,-0.615082934801,2.71266047998,0.00546374205239,7.01957580101,-0.00080176923628,0.0625023592152
2170,0.107213262712,0.199534913824,-0.609119256512,2.70753623913,0.0054534935707,13.1277763683,0.02133698779,0.0649284760645
2171,0.0833997172948,0.203117187639,-0.536278264849,2.70489360273,0.0054482082979,7.02701896784,0.00166613449079,0.0612518120865
2172,0.0927592828699,0.189084245471,-0.57097726375,2.70479300383,0.00544800710011,9.03898610593,0.00805029083581,0.0585573859135
2173,0.0877989903133,0.191274752544,-0.560610838457,2.69935535849,0.00543713180942,7.91897543983,0.00306191135261,0.0586993323263
2174,0.0699564997021,0.195275847593,-0.551402955451,2.71172535113,0.0054618717947,4.80175458371,-0.0121539071913,0.0598305910128
2175,0.0729307173128,0.188907676863,-0.525998935065,2.71647012061,0.00547136133366,5.23599136821,-0.0122532844319,0.0653742808071
2176,0.0957911093619,0.207702908142,-0.627327782334,2.70628076003,0.0054509826125,9.78888264404,0.0117938794004,0.0662395711043
2177,0.0817535581421,0.199314486819,-0.645374394081,2.71067139059,0.00545976387361,6.71584261997,-0.00286918789664,0.0610522390343
2178,0.0521110691273,0.194801888031,-0.558554805282,2.71872283961,0.00547586677166,2.74655001825,-0.0315961475237,0.0600330743678
2179,0.0778882822605,0.195164063527,-0.581956577287,2.70882256573,0.00545606622389,6.03010983,-0.00593920378186,0.0578922616266
2180,0.0977118808032,0.20173845021,-0.583984423759,2.71212440029,0.00546266989303,10.2915329952,0.0132758189419,0.0602990063785
2181,0.0524622791726,0.191969963331,-0.533472297365,2.70929973981,0.00545702057206,2.7792047724,-0.0310464903162,0.0631494505467
2182,0.0865543734797,0.196577777605,-0.470293068041,2.71121448748,0.00546085006739,7.6573987553,0.00241300544676,0.0618958245846
2183,0.0823215617331,0.188619224386,-0.486691797772,2.70782722235,0.00545407553715,6.82187916561,-0.00287179014739,0.0606804740921
2184,0.0610672153989,0.199288442332,-0.646021274569,2.71242306778,0.00546326722799,3.67036191856,-0.0200522120074,0.0610999924069
2185,0.0699013373931,0.197855828696,-0.535760008302,2.71632478768,0.00547107066779,4.79398223972,-0.0131851651826,0.0627143746142
2186,0.0791291949235,0.204043904789,-0.643346341896,2.70922765657,0.00545687640557,6.24360519242,-0.00341410871016,0.0589458139211
2187,0.0659670333661,0.185482006172,-0.430938729475,2.70584008023,0.00545010125289,4.26472989829,-0.0191517938587,0.0545476772557
2188,0.064152906025,0.190022730748,-0.500814267987,2.70750378698,0.0054534286664,4.03665131389,-0.0202339927358,0.0633574108127
2189,0.085985172173,0.20146695353,-0.583207625562,2.71846019661,0.00547534148566,7.54024488281,0.000666484064708,0.0569619489735
2190,0.0919594866736,0.189825736501,-0.490771535807,2.7082730051,0.00545496710263,8.84967656913,0.00699584061768,0.0531537940041
2191,0.0957828458788,0.188944217126,-0.522289394988,2.71247814268,0.00546337737779,9.78676736768,0.00916232957444,0.0558274530624
2192,0.0638825097491,0.201655932415,-0.581787508155,2.71187656777,0.00546217422797,4.00348051698,-0.0197098476202,0.0604788192609
2193,0.112680492818,0.19280714959,-0.552775503085,2.71191662976,0.00546225435196,15.0581609594,0.0260289112636,0.0576908404044
2194,0.0835095375897,0.197433642905,-0.58365660752,2.71013807181,0.00545869723606,7.04820232573,-0.000180507502512,0.0628459734952
2195,0.0774686843342,0.203641740406,-0.624986504983,2.70593763236,0.00545029635716,5.9592979759,-0.00412347859833,0.0637342796751
2196,0.106313816076,0.19055470548,-0.467448250208,2.71695321806,0.00547232752855,12.8323765775,0.0185628219431,0.0553009443046
2197,0.092773821793,0.192382444814,-0.441284835493,2.69515798276,0.00542873705795,9.04245959578,0.00726963169979,0.0587531530542
2198,0.06448759428,0.195005628585,-0.578633196606,2.71023592416,0.00545889294076,4.07800202203,-0.0183528571434,0.0587681000673
2199,0.0698455748858,0.187753855986,-0.529113363734,2.71203502379,0.00546249114003,4.78613550433,-0.0138059896994,0.0596884741762
2200,0.0739571755285,0.190646526877,-0.448938938559,2.69510387257,0.00542862883757,5.39298203406,-0.00976945666307,0.0612369058793
2201,0.0722630093652,0.189735755353,-0.484853952659,2.70039104656,0.00543920318556,5.13586656002,-0.0134308072331,0.0632855025933
2202,0.10214032274,0.193404272283,-0.593692740009,2.71850861325,0.00547543831893,11.5376748783,0.0150693707963,0.0600057705922
2203,0.10450476834,0.19106351964,-0.460442019695,2.70410988645,0.00544664086534,12.2561242709,0.0183987775834,0.0634792227525
2204,0.0825163885733,0.190228587369,-0.541380997457,2.71253644653,0.0054634939855,6.85857167055,-0.00273711176595,0.0551295667122
2205,0.0876145051999,0.188338139768,-0.514688425971,2.70452385232,0.00544746879709,7.87972871648,0.00243572026591,0.05966379741
2206,0.0853266142004,0.196966875415,-0.617299568342,2.70484632183,0.0054481137361,7.40660135398,0.00202192341801,0.0658335324741
2207,0.0896122087971,0.190480699921,-0.557837177205,2.72351840503,0.00548545790249,8.31369478703,0.00289552964771,0.0555093696787
2208,0.0661767057056,0.202972609266,-0.604014774825,2.70848996722,0.00545540102689,4.29172207485,-0.0164442118802,0.0651632285314
2209,0.0650104610762,0.199092312734,-0.557719382852,2.70898358822,0.00545638826889,4.14325622639,-0.0180046976238,0.0603060957809
2210,0.078938265865,0.202560902928,-0.636387728615,2.71647630877,0.00547137370997,6.21035537014,-0.00382162825349,0.06273663139
2211,0.0553289272788,0.207173418202,-0.569867688601,2.70988679171,0.00545819467586,3.05616790225,-0.0258059527404,0.0593063329288
2212,0.0638043976824,0.207558514525,-0.592930507928,2.72054361499,0.00547950832241,3.99393731024,-0.0177673992105,0.0614566059167
2213,0.0717112211837,0.188401721494,-0.514806200439,2.70456213331,0.00544754535906,5.05429252466,-0.0134392209591,0.0560179087697
2214,0.0550160743269,0.205833819016,-0.59735546707,2.71338470452,0.00546519050148,3.02501805201,-0.0264772739435,0.0594201388086
2215,0.0827956301059,0.195898289798,-0.465136514293,2.70760876733,0.00545363862709,6.91145106021,-0.000845787880804,0.0649382092963
2216,0.107541318969,0.185079068937,-0.422086872024,2.69874360112,0.00543590829467,13.2370200824,0.0206600439352,0.0594494931816
2217,0.0829430412628,0.201977450823,-0.608422104355,2.71192772902,0.00546227655049,6.93950381358,-0.000747504126368,0.060506466492
2218,0.0771045286952,0.187206906551,-0.549132206337,2.70329430683,0.00544500970611,5.89839896146,-0.00771017166606,0.0548531659889
2219,0.111126224414,0.188445409036,-0.463666013649,2.70067880071,0.00543977869386,14.4849921315,0.0240264393996,0.0605953257652
2220,0.063249585701,0.201614738598,-0.577731978081,2.71689497074,0.00547221103393,3.9266559862,-0.020378547901,0.0548754207636
2221,0.0569598087679,0.191002467602,-0.499432242757,2.7048756842,0.00544817246084,3.22234040883,-0.026540702832,0.0589909228203
2222,0.0754418233098,0.208325739903,-0.608695714401,2.71371478095,0.00546585065434,5.62679003233,-0.00570192593814,0.0633319890935
2223,0.0930795510928,0.186078966723,-0.479068506115,2.71201778414,0.00546245666071,9.11576951045,0.00610215083725,0.0567430217729
2224,0.0882802273793,0.190979371938,-0.531675447775,2.70545372786,0.00544932854815,8.02213873675,0.00333594588591,0.0628527013139
2225,0.0729453292203,0.200784234624,-0.568396856873,2.70341117837,0.00544524344918,5.2381999368,-0.0105320652889,0.0588919714301
2226,0.072045658438,0.182225779521,-0.507473579921,2.7033034275,0.00544502794745,5.10360894807,-0.0145091155461,0.0554505532127
2227,0.0684131463134,0.189923564165,-0.531093523021,2.70916937606,0.00545675984456,4.5880353426,-0.0151887124699,0.0608583976122
2228,0.0826314205833,0.206165566368,-0.617283929105,2.71030277727,0.00545902664698,6.88031374956,-0.000873168908731,0.0576206388538
2229,0.06638901124,0.201540514515,-0.596108914398,2.71221531617,0.00546285172478,4.31918879506,-0.0169069994257,0.0617764086661
2230,0.0801851937444,0.198344825677,-0.558044667514,2.71779186261,0.00547400481766,6.43018415605,-0.00384453806429,0.0616528488477
2231,0.0825321998038,0.194745475515,-0.608219535527,2.71696170905,0.00547234451054,6.86155671168,-0.00167331914574,0.0565733774618
2232,0.0785843665092,0.201036973962,-0.638668179656,2.71397040789,0.00546636190821,6.14911238675,-0.0048379447349,0.0639350124856
2233,0.0726714662458,0.198309083217,-0.555949826242,2.70961703167,0.00545765515579,5.19693072873,-0.0118301732941,0.0599910002771
2234,0.0852457771833,0.196808038082,-0.581692629524,2.7019570515,0.00544233519543,7.39033604992,0.000370902409592,0.0586005574632
2235,0.058852536515,0.197731084595,-0.509331893206,2.71088506862,0.00546019122967,3.4234030414,-0.024161306395,0.0572880507835
2236,0.0877443693127,0.185436500125,-0.494722803045,2.70601059243,0.0054504422773,7.90733821022,0.00125797468412,0.0575373457332
2237,0.0803939925892,0.193635380382,-0.559097855207,2.70806469512,0.00545455048269,6.4676189489,-0.00429115342308,0.0574961793388
2238,0.0814868932487,0.202496643158,-0.608404431854,2.70684732636,0.00545211574515,6.66653893758,-0.00207656549558,0.0615756628078
2239,0.0628094825688,0.205207000374,-0.540140870731,2.71065532622,0.00545973174487,3.87390602558,-0.0196402279429,0.0623644297419
2240,0.0578154388576,0.204485831966,-0.582762201533,2.71122424529,0.00546086958301,3.3121201026,-0.0237808993341,0.0638884928911
2241,0.0472745309796,0.191753959931,-0.568374267758,2.70172321833,0.00544186752909,2.32354490534,-0.0366163849056,0.0650375028449
2242,0.103928822558,0.189383005228,-0.467240872077,2.7134432601,0.00546530761264,12.0775584139,0.01694300084,0.0576399212586
2243,0.0678802701937,0.191391539851,-0.52036348067,2.69924995779,0.00543692100802,4.5160180105,-0.0167006140449,0.0592489117272
2244,0.101065813292,0.192993323801,-0.485828745586,2.70487701836,0.00544817512916,11.2236943384,0.0150913728551,0.0663544802729
2245,0.0745586397935,0.195547000246,-0.546205931761,2.7092855606,0.00545699221363,5.48673089784,-0.00900177924139,0.0571839537323
2246,0.0668531934043,0.184008596966,-0.527051694676,2.69754395091,0.00543350899426,4.37972000483,-0.0180491923058,0.0639657893347
2247,0.0944762821196,0.201644465971,-0.648072852129,2.71119838685,0.00546081786613,9.45728370528,0.00984554550688,0.0662189250783
2248,0.0789885787439,0.195749608301,-0.598157392765,2.70263233002,0.00544368575247,6.21910296457,-0.00477988834476,0.0604232197731
2249,0.0951665233501,0.192307761945,-0.612156104847,2.71028212584,0.00545898534412,9.63012091919,0.0100057089453,0.0637380896123
2250,0.0867994602969,0.18711621455,-0.490599192812,2.69914031761,0.00543670172765,7.70831744086,0.00129094491975,0.0552945362345
2251,0.0710531208448,0.188594280357,-0.500672441981,2.71299318405,0.00546440746054,4.95836487797,-0.0132397240025,0.057238951187
2252,0.0534693168036,0.191235414953,-0.574521601071,2.71037396277,0.00545916901797,2.87436142349,-0.0292121391747,0.0596781089746
2253,0.0854910554972,0.20386643009,-0.614979986346,2.71511534094,0.00546865177432,7.4397823858,0.00219544309897,0.0639553579588
2254,0.0630362349146,0.191717454184,-0.587918443244,2.70061012206,0.00543964133655,3.90101595878,-0.0207847117069,0.0572861839915
2255,0.0719612366051,0.191025276702,-0.580599487261,2.7152247905,0.00546887067344,5.09112370665,-0.0128427757647,0.0586295989377
2256,0.0853510425481,0.193415814842,-0.52119169629,2.70687227996,0.00545216565236,7.41152257089,0.00133469684149,0.0617561200715
2257,0.0703528491263,0.193529125975,-0.619600865971,2.71456669958,0.00546755449159,4.85789557348,-0.0146020373278,0.0616184474605
2258,0.0728951852072,0.186927305585,-0.57654121121,2.70998314316,0.00545838737875,5.23062387871,-0.0124243821156,0.058033697128
2259,0.0576927515017,0.19643994346,-0.637843723658,2.70734965375,0.00545312039994,3.29913493879,-0.0250056673875,0.0601085693815
2260,0.0602134359365,0.196022137733,-0.523232586412,2.7063328484,0.00545108678923,3.57362609586,-0.0235450158429,0.0632648394581
2261,0.0845941182319,0.202185819716,-0.574946854513,2.70968744514,0.00545779598271,7.26031570555,0.00118613418593,0.0616380549982
2262,0.0862808873036,0.186121619521,-0.569613358115,2.7036666443,0.00544575438104,7.60091784655,0.000693703123905,0.0617216838284
2263,0.0787309875758,0.202524153814,-0.564295968993,2.70641256405,0.00545124622054,6.17442452148,-0.00523914716112,0.0635606760451
2264,0.069305727269,0.19383421682,-0.529201204658,2.70731906633,0.0054530592251,4.71069617002,-0.01385124917,0.0605192037439
2265,0.0845921959986,0.193719054609,-0.614920645206,2.7104230149,0.00545926712223,7.25993505883,0.000797775943809,0.0606459795287
2266,0.0729792739602,0.190134256561,-0.457330470831,2.71640442338,0.00547122993921,5.2433335384,-0.0113643377565,0.0584585405456
2267,0.0906292938176,0.200145342869,-0.571607500928,2.70122378705,0.00544086866653,8.54240175441,0.00726773111786,0.0597957746512
2268,0.0827039911602,0.198270245712,-0.549408981326,2.71404629525,0.00546651368294,6.89405998022,0.000340228169671,0.0666150626083
2269,0.0727907606397,0.19045562878,-0.588230397083,2.70544553271,0.00544931215785,5.21487517449,-0.0116326831564,0.0611146893431
2270,0.0617649227454,0.209290736769,-0.604748795921,2.71214582384,0.00546271274011,3.7508721533,-0.0205414675281,0.057156417784
2271,0.077493219387,0.193616700846,-0.483874605681,2.70767541812,0.00545377192868,5.96341959273,-0.00582708576734,0.0658315085102
2272,0.0818333118813,0.197475777089,-0.51292578135,2.71112912211,0.00546067933666,6.73064742206,-0.00192398661975,0.0590540841545
2273,0.102171340722,0.195183316041,-0.533503237926,2.71007766936,0.00545857643116,11.5468527643,0.017121965782,0.0616214467927
2274,0.0633880186373,0.192665905902,-0.509763641499,2.70905770901,0.00545653651046,3.94336149328,-0.0208699128645,0.0648562108137
2275,0.0991631602302,0.184009845582,-0.447476327047,2.70598863388,0.00545039836019,10.6861774493,0.0120267133177,0.0619110956768
2276,0.0762106091685,0.192469754538,-0.49156581534,2.70411856473,0.00544665822189,5.75107072822,-0.00832225152643,0.0629887307324
2277,0.0583011370683,0.196540539061,-0.564902479312,2.70520454608,0.0054488301846,3.36389728258,-0.0253961730265,0.0639630660581
2278,0.0847708849118,0.197656348682,-0.632886246237,2.70159854498,0.00544161818239,7.29539178817,0.00162663029997,0.0619493821988
2279,0.0719150283565,0.203266513769,-0.635286682385,2.70294115352,0.00544430339949,5.08430031884,-0.0104010734279,0.0606746952915
2280,0.0795570990987,0.198907223711,-0.523798836867,2.704287589,0.00544699627043,6.31865996234,-0.00305838004334,0.0636264707735
2281,0.085006690928,0.190369487879,-0.553597264631,2.70183299011,0.00544208707265,7.34240615262,-0.000594596274807,0.064359254325
2282,0.0790791882876,0.185304836615,-0.476490707611,2.70680664785,0.00545203438813,6.23488243842,-0.00659009036859,0.0576252758211
2283,0.085687803867,0.189715586482,-0.564455975759,2.70082926018,0.0054400796128,7.47964783716,0.000128571669295,0.0525646322163
2284,0.0910746067145,0.193831564869,-0.50363135219,2.70962074331,0.00545766257906,8.64422813451,0.00638842935816,0.0509586416796
2285,0.0912335572424,0.198095430434,-0.600536531868,2.70702590423,0.0054524729009,8.68082655343,0.00694681704122,0.059848252065
2286,0.0744834831696,0.188512793258,-0.515120522702,2.69904016656,0.00543650142555,5.47494454138,-0.0104541560706,0.0552739833399
2287,0.0625791065483,0.19656282876,-0.595803124249,2.70844653709,0.00545531416662,3.84651054837,-0.0207295067321,0.0596908446692
2288,0.0767599906443,0.196204441599,-0.600235894749,2.69803304834,0.00543448718912,5.84125264476,-0.00585292939382,0.0623998630581
2289,0.0724775613079,0.196894401972,-0.540647628099,2.71503182119,0.00546848473483,5.16786950358,-0.011012547024,0.0568621443511
2290,0.0788015087414,0.197818054584,-0.60735482874,2.71041955468,0.00545926020179,6.18662971212,-0.00395512526685,0.0613554195142
2291,0.0964048449805,0.201680694236,-0.560558612501,2.70698570238,0.0054523924972,9.94710574937,0.0135889049875,0.0609623020275
2292,0.0708253947969,0.201246277567,-0.596425446771,2.70089857452,0.00544021824147,4.92551217301,-0.0126625476945,0.0633984275957
2293,0.0655930958971,0.212173075784,-0.631542191123,2.70386903011,0.00544615915265,4.21691929517,-0.0144662856253,0.0668201569358
2294,0.0634950107761,0.192653391478,-0.538094393597,2.7088815667,0.00545618422583,3.95631015902,-0.0208926076155,0.05824932023
2295,0.0730933752705,0.18970004582,-0.483230139737,2.70838506555,0.00545519122353,5.26061933815,-0.0121633237647,0.0583903789701
2296,0.0742857432434,0.186240142223,-0.514520891741,2.70892735423,0.0054562758009,5.4440324703,-0.00925847377956,0.0653442523506
2297,0.0720415282357,0.198026306038,-0.574559698877,2.70046709925,0.00543935529095,5.10299755567,-0.0118729078831,0.0579274706677
2298,0.0611650014112,0.192151617514,-0.472716943787,2.70812586482,0.00545467282207,3.68156612224,-0.022675922354,0.061671551748
2299,0.0775600838621,0.187332750384,-0.552240997983,2.71460018369,0.00546762145982,5.97466400103,-0.00791163834244,0.057648508386
2300,0.0878113547344,0.18920455915,-0.510151470896,2.70873804059,0.00545589717362,7.92161175926,0.00322170857505,0.0583196181603
2301,0.0611158615921,0.188648974319,-0.456589799524,2.71340383431,0.00546522876107,3.67593251418,-0.0219281140081,0.0669076353732
2302,0.107351724023,0.194661363478,-0.482967283395,2.70184290792,0.00544210690827,13.173785734,0.0207653535031,0.0602454699252
2303,0.0937754281497,0.189869447234,-0.632077058237,2.70555855435,0.00544953820114,9.2845553215,0.00786163462085,0.0646604320259
2304,0.105964214465,0.194371822339,-0.516329514641,2.69664821678,0.005431717526,12.7191695293,0.0210017285179,0.0608671285883
2305,0.0801704822357,0.200543257634,-0.61473390287,2.69695223932,0.00543232557108,6.42755339837,-0.00276642701195,0.064752360178
2306,0.0647111262045,0.19344244604,-0.570530732797,2.71397072153,0.00546636253549,4.10580097805,-0.0197518042523,0.0620239705967
2307,0.0782397923586,0.197104408344,-0.588708632016,2.71289985827,0.00546422080899,6.08996392001,-0.00492246810071,0.0530297887358
2308,0.0706902504302,0.189286653492,-0.518056848954,2.70196548864,0.00544235206971,4.90609811263,-0.0149745358308,0.0601223377357
2309,0.0962280587757,0.184484843568,-0.449680041656,2.70744405081,0.00545330919406,9.90130233823,0.00989489106671,0.0559362040467
2310,0.0664673940361,0.191421221645,-0.492890516121,2.70960487353,0.00545763083949,4.3293640619,-0.018035458518,0.0639878422886
2311,0.0712028887185,0.187084210047,-0.564064515087,2.71171636283,0.00546185381809,4.98006640499,-0.0143572051872,0.0592807620984
2312,0.0894665294177,0.198092646975,-0.611904359209,2.71484848614,0.00546811806472,8.2813712661,0.00632111439695,0.0638749350237
2313,0.0807672751094,0.185023821062,-0.51524984688,2.71879557353,0.00547601223949,6.53499580362,-0.00418424299574,0.0597240694339
2314,0.0828288495468,0.199838733061,-0.606750373946,2.71492283526,0.00546826676297,6.91776448121,-0.00082403982301,0.0644346319458
2315,0.082873292741,0.198252105971,-0.502153749101,2.71333003701,0.00546508116645,6.92621857536,-0.00119952735552,0.0597458146777
2316,0.0587803126751,0.211005439581,-0.617291894711,2.70327594635,0.00544497298513,3.415564639,-0.023005357176,0.0607205686475
2317,0.0922021685853,0.19973481528,-0.537658049453,2.70523017612,0.00544888144468,8.90675290624,0.00901546340566,0.0687284009631
2318,0.0732973385911,0.195487258301,-0.633670537015,2.70897968749,0.00545638046743,5.29163351815,-0.0111205267497,0.0569553050599
2319,0.084392087179,0.197045088135,-0.576602971757,2.69877969301,0.00543598047846,7.22040101218,-0.000845961813363,0.0661711019559
2320,0.0962524284777,0.199295977213,-0.591208570259,2.70651185882,0.00545144481008,9.90760529889,0.0110255567755,0.0600660081079
2321,0.0540660050743,0.196429905379,-0.569439019913,2.71221403142,0.00546284915528,2.93182597102,-0.0285067698619,0.0650745879096
2322,0.0884960301997,0.189274669076,-0.553799738788,2.70307407297,0.00544456923838,8.06877234463,0.00354969670701,0.0546837507953
2323,0.0924961678043,0.208312897577,-0.590299512531,2.69896357201,0.00543634823646,8.97632462752,0.00880954781151,0.062730155836
2324,0.0937473457521,0.197171561355,-0.524017713221,2.7047551169,0.00544793132623,9.27769177829,0.0107738520459,0.0693164143696
2325,0.0792049529036,0.190327081666,-0.527456828896,2.7095128902,0.00545744687285,6.2568390698,-0.00510642124476,0.0576522924786
2326,0.0798310578088,0.189101056751,-0.491175364375,2.71254171157,0.00546350451558,6.3671045874,-0.00536795962495,0.0595443250815
2327,0.0615407374842,0.213659121342,-0.618285232925,2.70417332554,0.00544676774351,3.72485843888,-0.0198794601713,0.0598694687914
2328,0.0819157592613,0.187653600697,-0.517745194881,2.70727204774,0.00545296518791,6.74598096065,-0.0033488499857,0.0585368896283
2329,0.0721686630086,0.192906925958,-0.528800692511,2.70924473191,0.00545691055626,5.12184429027,-0.0119830156597,0.0575777466995
2330,0.0639113543275,0.213154261754,-0.584467592446,2.71316744784,0.00546475598811,4.00700898474,-0.0171856387175,0.0617729946259
2331,0.0738719971785,0.200193367663,-0.643891706829,2.71298396358,0.0054643890196,5.37981125606,-0.00972810359183,0.0620971674328
2332,0.0806291747657,0.198077649248,-0.534345707591,2.70883191533,0.0054560849231,6.51000108554,-0.00341019000859,0.0602880229715
2333,0.089125481508,0.199802178226,-0.609764952579,2.71234468295,0.00546311045833,8.20612043586,0.00453776447567,0.0630566041404
2334,0.073536193414,0.190455727942,-0.511277151958,2.71250756511,0.00546343622266,5.32814103084,-0.011623297566,0.059722654566
2335,0.0917767026419,0.186790341686,-0.478860612991,2.70698209954,0.00545238529152,8.8068965066,0.00553719554697,0.059677892908
2336,0.0803395735165,0.196360493756,-0.537428834607,2.71026778078,0.005458956654,6.45784491353,-0.00371974383602,0.0598888314543
2337,0.0782993449755,0.201585077311,-0.6116905048,2.71677400749,0.00547196910741,6.10015278041,-0.00562008561658,0.0597350458334
2338,0.0859194944112,0.196443065852,-0.581127020691,2.71482881941,0.00546807873126,7.52682549545,0.00105978157317,0.0601794513912
2339,0.0889618063802,0.187030551836,-0.540424115246,2.7125413403,0.00546350377304,8.17021485341,0.00228158720494,0.0630180482762
2340,0.093963831726,0.187983339972,-0.493681030323,2.69598397318,0.00543038903881,9.33071663296,0.00728906310795,0.0538434228016
2341,0.0752006894094,0.199462977871,-0.497991939012,2.70416374785,0.00544674858814,5.58826402762,-0.00954733118637,0.0586649560736
2342,0.0907724188762,0.191054074239,-0.545932215388,2.70661741377,0.00545165591998,8.575015828,0.00514192606729,0.0541881404032
2343,0.0719414345902,0.197364494199,-0.49156581534,2.70643837786,0.00545129784816,5.0881987216,-0.0117724146938,0.0621332925645
2344,0.0723089050653,0.200309119041,-0.604743772768,2.71315844575,0.00546473798394,5.14269898995,-0.0118700443826,0.0582721882748
2345,0.0641292450853,0.196216210309,-0.596576506536,2.70726007929,0.00545294125102,4.03374029284,-0.0197348505463,0.0638987598459
2346,0.059240154325,0.207321892597,-0.569211874603,2.70536541219,0.00544915191682,3.46570004921,-0.021492679748,0.0636627867727
2347,0.0890040442136,0.192529065476,-0.51935490778,2.70404235158,0.0054465057956,8.17946769865,0.00468876462128,0.0599486931829
2348,0.0693910124428,0.207846673521,-0.602393978231,2.71034418707,0.00545910946658,4.72255085387,-0.0139104466121,0.05655959568
2349,0.075263982133,0.191756526117,-0.545822338943,2.70609820123,0.0054506174949,5.59835541956,-0.00764915641529,0.0563901875862
2350,0.0960080815668,0.189443295436,-0.410158790433,2.69491391957,0.00542824893158,9.84456586515,0.00944896910756,0.0599220736958
2351,0.0815152707942,0.197055760158,-0.560698949838,2.703411413,0.00544524391844,6.67177122493,-0.00345011698848,0.0575248000771
2352,0.0981013789229,0.188665616066,-0.52783143521,2.70283560072,0.00544409229388,10.3961720161,0.0123478750553,0.057585857919
2353,0.075652739909,0.19773651481,-0.555652502536,2.71212782318,0.00546267673879,5.66066573899,-0.00668779671753,0.0584580875079
2354,0.0641911711051,0.196789593953,-0.485126263531,2.70476101823,0.0054479431289,4.04136251799,-0.0196660102441,0.0599400794978
2355,0.055996163516,0.193810638383,-0.555627197382,2.70931651945,0.00545705413134,3.12337887942,-0.0288681574685,0.0556918852008
2356,0.0891936340522,0.187281734848,-0.488957839859,2.71523304487,0.00546888718217,8.2211109586,0.00329811240845,0.0627560290909
2357,0.096627996913,0.194665591449,-0.561932314229,2.71300267002,0.00546442643247,10.0051862819,0.010535345919,0.057855151673
2358,0.0685994472723,0.186560436395,-0.45709988579,2.70576817952,0.00544995745148,4.61342624718,-0.016880142343,0.0694905866096
2359,0.073338168304,0.188455043962,-0.55201466327,2.7072155192,0.00545285213084,5.29785970922,-0.0120072210029,0.0575626841651
2360,0.0843605871739,0.181105007566,-0.460161094917,2.71056288676,0.00545954686596,7.21419438291,-0.00303577863528,0.0634024344289
2361,0.0739021793899,0.190375477675,-0.557488803335,2.7097401243,0.00545790134104,5.38447521991,-0.0111492559148,0.0566257827971
2362,0.0649101229718,0.195756782612,-0.559738924731,2.71097465325,0.00546037039894,4.1306717545,-0.0185669086439,0.0619598261595
2363,0.0708430625114,0.201157953678,-0.598547085281,2.70367339519,0.00544576788282,4.92805474581,-0.012374383372,0.0560671694526
2364,0.0574959643995,0.201354485203,-0.620071859821,2.70931479058,0.0054570506736,3.2783855818,-0.0246813070783,0.0589505330039
2365,0.0798342513474,0.19410243592,-0.544290493297,2.70835463274,0.00545513035792,6.36767112073,-0.00496681124854,0.061524037701
2366,0.0915547477719,0.198216164167,-0.599903538089,2.7139858879,0.00546639286824,8.75518879004,0.00608787311949,0.0585666902798
2367,0.0783585726058,0.193440372635,-0.506600478922,2.71808529456,0.00547459168155,6.11030000209,-0.00674310858111,0.0606125113873
2368,0.105274082144,0.193171237981,-0.511240101334,2.71584924389,0.00547011958023,12.4983022933,0.0188862191969,0.060180609391
2369,0.0633880186373,0.192665905902,-0.509763641499,2.70905770901,0.00545653651046,3.94336149328,-0.0208699128645,0.0648562108137
2370,0.0758339889464,0.190393177456,-0.574797515687,2.70800066596,0.00545442242435,5.68990945341,-0.00922228880511,0.0616247938783
2371,0.08627955492,0.18621154913,-0.560240856251,2.70527595704,0.00544897300651,7.60064354929,0.000442818241756,0.0577963519784
2372,0.0942507126745,0.198296070414,-0.623573680334,2.70268114001,0.00544378337246,9.40138901911,0.0102191394937,0.0631336625084
2373,0.0717119864139,0.209821138396,-0.622568170368,2.71584610656,0.00547011330557,5.05440492763,-0.0110243851596,0.0619584516332
2374,0.0826551018122,0.191185676368,-0.453278282726,2.70176476809,0.00544195062862,6.88479688735,-0.00259215524444,0.061654403721
2375,0.0726018892206,0.205970027561,-0.564053351099,2.70768743165,0.00545379595573,5.1864878585,-0.00849462444634,0.0632292007597
2376,0.0799911506175,0.187090646119,-0.473170688926,2.71962880068,0.0054776786938,6.39555667603,-0.0060247807464,0.061426313072
2377,0.0593639064898,0.202756190989,-0.616232756246,2.711575369,0.00546157183043,3.47928564016,-0.0250843038026,0.0551492309968
2378,0.0943271117712,0.189531573213,-0.470342355665,2.70352475254,0.00544547059752,9.42028798445,0.00882223789205,0.058352394139
2379,0.104434175021,0.182365478408,-0.47797951708,2.70761301555,0.00545364712354,12.2341121526,0.0163410757882,0.0590248874849
2380,0.0589804148337,0.20152490278,-0.63030546045,2.70857805467,0.00545557720177,3.43731441333,-0.0236031438051,0.0629643240438
2381,0.0778883663396,0.189988416491,-0.534049584774,2.70195236958,0.00544232583159,6.03012408847,-0.0065441174188,0.0572985264073
2382,0.09120153405,0.198116706615,-0.543914092885,2.70615715214,0.00545073539672,8.67344247579,0.00820954996973,0.0630617141394
2383,0.0834051367682,0.185344066047,-0.509531156589,2.7059908577,0.00545040280784,7.0280630773,-0.00201644184688,0.056825842667
2384,0.0992695245243,0.194214129708,-0.585502031577,2.70225487988,0.00544293085221,10.7156167732,0.0145699246842,0.0613203194229
2385,0.0784935099618,0.184502618765,-0.4723756601,2.70564888447,0.00544971886137,6.13347035391,-0.00748378566288,0.0665323452902
2386,0.0700987007316,0.192401634365,-0.508914148145,2.70302149163,0.00544446407571,4.8218369038,-0.014041477568,0.0606941959099
2387,0.0737985273097,0.186399550412,-0.585719631533,2.70989079988,0.00545820269219,5.36847187351,-0.0117144188297,0.0624990683313
2388,0.10362098178,0.191563601014,-0.479605842107,2.70830941739,0.00545503992721,11.9830664717,0.0167618940325,0.0607620527985
2389,0.0743590888246,0.198051176847,-0.55403928147,2.71355875603,0.00546553860449,5.45548176612,-0.00855609234228,0.06754036023
2390,0.0752877341579,0.200221844485,-0.585760444596,2.70798863284,0.00545439835813,5.60214627644,-0.0100029244101,0.0609282168302
2391,0.0820466070049,0.194776032741,-0.495461560879,2.70398025315,0.00544638159873,6.77037603543,-0.00125435012937,0.0636455802683
2392,0.0769404362993,0.205052393706,-0.605985764566,2.71957625431,0.00547757360106,5.87112499742,-0.00676364898389,0.0549412672007
2393,0.0914168236346,0.197138331083,-0.564992969598,2.711182146,0.00546078538443,8.72318946526,0.00751358367666,0.0596742976952
2394,0.0731523317064,0.18595978076,-0.533305954157,2.70422972204,0.00544688053653,5.26956897718,-0.0122637450857,0.0599452886005
2395,0.0741662877083,0.205808276696,-0.656674202177,2.71219935304,0.00546281979851,5.42542716333,-0.0067341258253,0.0682542627053
2396,0.0761882324905,0.188553245882,-0.536335727067,2.71475813442,0.00546793736128,5.74742189226,-0.00776291831459,0.0606891974595
2397,0.0742062447389,0.204280753492,-0.600921387523,2.71850077884,0.00547542265011,5.4316447503,-0.00963295710163,0.0628370000053
2398,0.0660734049538,0.18565927806,-0.534706650398,2.70148015388,0.00544138140019,4.27840706127,-0.018424265602,0.0642284963645
2399,0.0833816240973,0.197809153053,-0.630620231441,2.71208691685,0.00546259492613,7.02353409893,-0.000466761588383,0.0617780691311
2400,0.0748367023604,0.199711587462,-0.544877029264,2.71045652006,0.00545933413256,5.53051737344,-0.00782906189714,0.0629665140571
2401,0.0854146913587,0.20611586582,-0.579419111934,2.69838797048,0.0054351970334,7.4243579677,0.00331847860043,0.0605218320356
2402,0.0862610139156,0.194043237065,-0.571454417403,2.7079413918,0.00545430387605,7.59682739299,0.00118300421148,0.0653193732131
2403,0.0832703005718,0.194754024599,-0.490780522414,2.70672822389,0.00545187754022,7.00212444512,-0.00158527765272,0.0596731917361
2404,0.0857888654,0.190050377292,-0.540441789018,2.7140879762,0.00546659704484,7.50019540355,0.00104158358911,0.0609302800525
2405,0.0551585536969,0.187593583815,-0.5345408621,2.69857642589,0.00543557394422,3.0391756739,-0.0299467804705,0.061410533618
2406,0.0834195360013,0.189530119127,-0.484722290523,2.70194016384,0.00544230142012,7.03083785132,-0.00158665984946,0.0619882281489
2407,0.0704053195275,0.195248530779,-0.529374461592,2.70522783739,0.00544887676721,4.86536679156,-0.0137806867603,0.0615062975431
2408,0.0903423980965,0.183686198349,-0.479593675422,2.69686824471,0.00543215758186,8.47734785109,0.00433883699991,0.0585137244739
2409,0.0676297132821,0.192007537069,-0.554404469887,2.706335987,0.00545109306643,4.48246492723,-0.0166586913616,0.0663451600718
2410,0.0648336724705,0.193929712862,-0.599053252434,2.71938219414,0.00547718548072,4.12110316055,-0.0184602251533,0.0646222811521
2411,0.092120462707,0.200723065533,-0.564779264623,2.71163905877,0.00546169920999,8.88750108889,0.00813732322401,0.0565563968696
2412,0.0997295577495,0.19012820098,-0.480819492873,2.70347632011,0.00544537373265,10.8437671884,0.0142727230886,0.0596429644446
2413,0.0763081032222,0.183989378039,-0.46827993501,2.70222005161,0.00544286119565,5.76699067532,-0.00900217032967,0.0596928955122
2414,0.0649217369918,0.201501087948,-0.585904876981,2.7165494012,0.00547151989483,4.13212687603,-0.0175942655396,0.0562493485525
2415,0.0722020699143,0.186617446325,-0.505609845012,2.7041883619,0.00544679781624,5.12680587944,-0.0136897913019,0.0684027340953
2416,0.0643501705989,0.208711097041,-0.611729938854,2.70499794144,0.00544841697532,4.0609839898,-0.0188886325827,0.0578357921486
2417,0.0897244277731,0.20739120206,-0.577684757213,2.70848300039,0.00545538709323,8.33866784852,0.00572542017797,0.0586436805845
2418,0.0781618844667,0.203250144448,-0.582788517737,2.71625466899,0.00547093043042,6.07665587942,-0.00443818878155,0.0608106875116
2419,0.074274819994,0.201205359162,-0.586479810025,2.71552062505,0.00546946234253,5.44232901488,-0.00814159409618,0.0644016114736
2420,0.0656292038903,0.204369402446,-0.587901217761,2.71609922482,0.00547061954208,4.22151769001,-0.0163905158214,0.0629355274898
2421,0.0964750148645,0.196115894485,-0.550100400424,2.71349398384,0.00546540906012,9.96533726748,0.0117926981649,0.0660012570422
2422,0.0794673195963,0.190789483906,-0.578552423347,2.71585444633,0.00547012998511,6.3028508337,-0.0053954322207,0.0591238765593
2423,0.0891650614469,0.203369881222,-0.602502431038,2.70570546052,0.00544983201348,8.21482340358,0.00487119494323,0.0604764160154
2424,0.0868076988705,0.184488063322,-0.463324500323,2.70286899299,0.00544415907843,7.71003406113,-0.000292551341884,0.0563448145031
2425,0.0645616736944,0.205220489085,-0.646240410972,2.70860747542,0.00545563604327,4.08719854958,-0.0172944014339,0.0622200015633
2426,0.0598701199069,0.204222574206,-0.580778160941,2.70601579326,0.00545045267896,3.53527298066,-0.0214150240087,0.0600347763688
2427,0.082490413572,0.191194222156,-0.422373923885,2.71226245716,0.00546294600675,6.85367015181,-0.00176579641945,0.0625901428538
2428,0.0798505311336,0.188185348855,-0.55966647827,2.70384020498,0.0054461015024,6.37055980379,-0.00574656124174,0.0581317159556
2429,0.0642835242996,0.195655494128,-0.546865693934,2.70584897513,0.00545011904269,4.05275052235,-0.0175728779592,0.066609024383
2430,0.0885622408623,0.202961056464,-0.613627497166,2.71847592988,0.0054753729522,8.08312644784,0.00501200390783,0.0662567242508
2431,0.0762154287708,0.20181537471,-0.527646768196,2.70757227378,0.00545356563999,5.75185688129,-0.00615993126293,0.0573103740285
2432,0.0751518342008,0.194363980116,-0.53808246115,2.70674307592,0.00545190724427,5.5804847032,-0.00874911088168,0.059989188327
2433,0.0810813167086,0.197021762947,-0.518058392953,2.71347292433,0.00546536694109,6.59213215949,-0.00159632813427,0.055538277994
2434,0.0903600913148,0.194777144069,-0.499912030469,2.71077876362,0.00545997861968,8.48134743738,0.00559105948801,0.0668890671168
2435,0.0837486512442,0.194064718155,-0.542279230135,2.7139764144,0.00546637392125,7.09451131381,-0.00121411296864,0.064115925195
2436,0.0662677389973,0.184706932667,-0.479463890347,2.69840238021,0.00543522585285,4.30348263233,-0.0191616765194,0.0627299683309
2437,0.0741485199074,0.20264817969,-0.604767656655,2.70944075505,0.00545730260253,5.42266422889,-0.00974060844883,0.0583336829715
2438,0.0789587105466,0.19875085096,-0.606697948967,2.70700017032,0.00545242143309,6.21390873265,-0.00446311037368,0.0634234341039
2439,0.087373892847,0.193007796323,-0.549905009586,2.7058889834,0.00545019905923,7.82879114266,0.00261811148776,0.059725618358
2440,0.0802618473247,0.201352440071,-0.555986957439,2.69859058421,0.00543560226085,6.44390608993,-0.00311508522075,0.0630297452257
2441,0.0855775627973,0.197614180897,-0.475795130664,2.69681707754,0.00543205524752,7.45728837633,0.00101014986333,0.0607912863189
2442,0.0679427273666,0.19880699589,-0.545894143319,2.70655370655,0.00545152850553,4.52441259501,-0.0152401629762,0.0577726320145
2443,0.0724876141087,0.192550694862,-0.487496620826,2.71536418118,0.00546914945479,5.16937292642,-0.0110817536884,0.0604150665988
2444,0.0611649819069,0.199348607817,-0.527738032059,2.72347977732,0.00548538064708,3.68156388488,-0.0221847278557,0.0564864591709
2445,0.10244623758,0.19602590007,-0.565346822711,2.71433605351,0.00546709319946,11.6284745949,0.0177357524562,0.0599901339343
2446,0.0849463478001,0.207045909935,-0.573014911052,2.70461687896,0.00544765485036,7.33035076887,0.00318172226771,0.0705407890201
2447,0.0690532979607,0.199816672832,-0.586804387486,2.71427199478,0.00546696508199,4.6757465811,-0.0148768409487,0.0523024382869
2448,0.0684506503926,0.194684635689,-0.585175192331,2.70320488384,0.00544483086011,4.59313786858,-0.0155758442584,0.0621666707446
2449,0.0821083490254,0.191618377523,-0.543507191336,2.70337441775,0.00544516992793,6.78191277078,-0.0029605611892,0.0554823278275
2450,0.0598920467478,0.202289437016,-0.611835690183,2.71131753253,0.0054610561575,3.53771323663,-0.0220926860649,0.0611613934419
2451,0.0936116310202,0.189885388704,-0.563345312306,2.71004420631,0.00545850950506,9.24458413329,0.00723561067768,0.0650573117098
2452,0.0975018179869,0.190080242739,-0.471511345574,2.71117778805,0.00546077666854,10.2354835425,0.0109260733703,0.0633974401392
2453,0.0609087056088,0.202781202116,-0.575814733219,2.71185160516,0.00546212430277,3.65225480867,-0.0223584904276,0.0599241766012
2454,0.0670579826014,0.187117481224,-0.481387610843,2.70177096354,0.00544196301952,4.40663539901,-0.017384811917,0.0625919251091
2455,0.0836977370767,0.187151104502,-0.563986666834,2.70846148379,0.00545534406001,7.08462938106,-0.00222731727045,0.0593349628232
2456,0.10846923085,0.19920653256,-0.574241915788,2.70554046556,0.00544950202356,13.5504332491,0.0228470072421,0.0614923244134
2457,0.0851749332192,0.190267316442,-0.465542897361,2.703915227,0.00544625154643,7.37610634285,-0.00093462502988,0.0614922802137
2458,0.0790050390445,0.195798432036,-0.546740382221,2.72374046258,0.00548590201759,6.22196703166,-0.00559517931864,0.0625381072454
2459,0.0962627257788,0.201243167979,-0.583308068614,2.71717600695,0.00547277310634,9.9102696378,0.0117192374951,0.0645226983136
2460,0.0658714615958,0.188547550479,-0.563143330608,2.70459794158,0.0054476169756,4.25247043396,-0.0192661178384,0.0547985890091
2461,0.0768471298349,0.196491516761,-0.616342972609,2.71606517431,0.00547055144106,5.8556627074,-0.00761144036308,0.0572252314576
2462,0.0910543428219,0.189017355155,-0.4612484207,2.69737635599,0.00543317380442,8.63957193813,0.00433178065391,0.0533259997144
2463,0.0940142743417,0.199095890463,-0.532829605564,2.71069004151,0.00545980117546,9.34310949593,0.00880953294282,0.0576113366821
2464,0.0659225866953,0.196659134778,-0.545142822808,2.70569159587,0.00544980428418,4.25902508518,-0.0183709029397,0.0629985731372
2465,0.0675206707584,0.191982564402,-0.587760247366,2.70511120016,0.00544864349276,4.46792397233,-0.0169381096225,0.0611358170105
2466,0.0941638596696,0.185913159569,-0.51176050777,2.70877010974,0.00545596131191,9.37994408511,0.00760906349494,0.060856446971
2467,0.0807502267004,0.185871247563,-0.46931347994,2.70199015659,0.00544240140562,6.53190589765,-0.00465814069306,0.0572744030565
2468,0.0900483948603,0.19560017993,-0.47613573669,2.71142756723,0.0054612762269,8.41112482074,0.00445570352881,0.0625968513646
2469,0.0821554679789,0.193633618422,-0.574269934728,2.70463775567,0.00544769660378,6.79072820839,-0.0023357794877,0.0622946221086
2470,0.0676005606302,0.190358975695,-0.520675881826,2.70150841144,0.00544143791533,4.47857374782,-0.016431632814,0.060869922744
2471,0.0770129324915,0.195411542094,-0.536957381402,2.71055107248,0.0054595232374,5.88316185381,-0.00742793805762,0.0611287848181
2472,0.0533172373498,0.190037677234,-0.571583189288,2.70993454645,0.00545829018535,2.85984493862,-0.0304106733619,0.0646865058738
2473,0.0943137332664,0.197137842432,-0.578717348015,2.7156147066,0.00546965050563,9.41697613959,0.0076900153753,0.0631872238701
2474,0.0915128332606,0.189015125725,-0.506231170396,2.70140883183,0.0054412387561,8.74545364733,0.00664015277262,0.0620823003046
2475,0.0644486455812,0.187366092097,-0.535221456185,2.70119633514,0.00544081376271,4.07317318217,-0.0206030155041,0.0641706290082
2476,0.0648969481915,0.189869859107,-0.556295145554,2.70272034347,0.00544386177938,4.12902156543,-0.0179832645889,0.0517458057035
2477,0.0856308708677,0.203117519375,-0.586659060106,2.70991722316,0.00545825553876,7.46809340872,0.0034083852878,0.0636331519904
2478,0.0759416380022,0.204058050783,-0.57882423647,2.70449967711,0.00544742044665,5.70733653808,-0.00657196461031,0.0632074505206
2479,0.0694879642455,0.197585302415,-0.547290650311,2.71869828516,0.00547581766276,4.73605594459,-0.0137462706078,0.061413337588
2480,0.0924610621616,0.188786006539,-0.502594468984,2.71006624968,0.0054585535918,8.96799262583,0.00803656443292,0.0603725846316
2481,0.0608231315389,0.206991995921,-0.636026466001,2.70770915032,0.00545383939308,3.64250747045,-0.0230117267792,0.0578678964973
2482,0.102565508907,0.195653408733,-0.549380747357,2.70625645067,0.00545093399378,11.6640469976,0.0175627480973,0.0639748838965
2483,0.057536357427,0.20514743526,-0.631884359664,2.69849471329,0.00543541051902,3.28263677855,-0.0240312168563,0.0605356670154
2484,0.104013427166,0.195303440096,-0.606039837051,2.70550663284,0.00544943435812,12.103643481,0.0179450604107,0.0619507005435
2485,0.0675346725651,0.199730141293,-0.539447077929,2.71887063055,0.00547616235354,4.46978905323,-0.0152134983384,0.0613160388174
2486,0.0721047545876,0.193022541757,-0.571969578883,2.70924779896,0.00545691669036,5.11236338296,-0.0126109877733,0.0550187014857
2487,0.0940191702165,0.199656965275,-0.510484794811,2.70607315336,0.00545056739916,9.34431308698,0.0108828822049,0.0581709238938
2488,0.0873375571028,0.200285964586,-0.52542246678,2.70768146162,0.00545378401568,7.82112333499,0.00476211235112,0.0661823344819
2489,0.0833088357236,0.197016146996,-0.614221348488,2.70465061454,0.00544772232153,7.00952927166,-0.000979615621725,0.0624368007935
2490,0.0675577228134,0.202998884087,-0.580274232934,2.70735613639,0.00545313336522,4.47286074502,-0.014597887721,0.0644507892467
2491,0.0800001488781,0.200612989224,-0.517471305954,2.69432693975,0.00542707497194,6.39715900132,-0.00287650853468,0.0609971424039
2492,0.073847871752,0.195575163432,-0.462196581837,2.70526513847,0.00544895136938,5.37608558451,-0.00923412742255,0.0608427091087
2493,0.0770547385434,0.184860362823,-0.486802393517,2.69754384231,0.00543350877705,5.89011230795,-0.0087755833202,0.0616292251475
2494,0.0665682197275,0.192578161289,-0.488835087678,2.71130018296,0.00546102145835,4.34248027847,-0.0159891606096,0.0638360026334
2495,0.0367216275521,0.200372483714,-0.550296286905,2.70989642151,0.00545821393545,1.55409804953,-0.0448368255291,0.0615704201755
2496,0.0750185586835,0.198889526965,-0.530817917076,2.70902492227,0.00545647093697,5.55930782955,-0.0070143531753,0.0636197766033
2497,0.06371016946,0.19882417651,-0.588666962101,2.7148727941,0.00546816668063,3.98244842979,-0.0199819060321,0.0576104462945
2498,0.0847743434527,0.184034925702,-0.444632582295,2.71330863852,0.00546503836948,7.29607949815,-0.00186221859474,0.0597032229459
2499,0.0702089385687,0.187008061438,-0.556920770948,2.71193257953,0.00546228625151,4.83745120204,-0.0139014215752,0.0580385254904
2500,0.0839780655867,0.201367684346,-0.615231886618,2.70337983592,0.00544518076428,7.13918260518,0.00136483875548,0.0622819125284
2501,0.0789592310416,0.187173340554,-0.528276358367,2.70363141568,0.00544568392381,6.2139992186,-0.00587198653771,0.0563398874642
2502,0.0781966051815,0.194536933472,-0.501564934306,2.70449551856,0.00544741212956,6.08258381966,-0.00585947818017,0.0639879568349
2503,0.065685666409,0.209051989657,-0.597985422805,2.70730607079,0.00545303323402,4.22871607023,-0.0167009159071,0.0595723257256
2504,0.0706291108019,0.197669946344,-0.514872677514,2.70803840671,0.00545449790586,4.89733525336,-0.0130717090195,0.0591353528738
2505,0.0847523149768,0.194914484621,-0.525911145663,2.7022883671,0.00544299782664,7.29170020596,0.00118449768864,0.0564809313786
2506,0.0665903780469,0.193785041915,-0.489287459681,2.69672706,0.00543187521245,4.34536696825,-0.0176202989523,0.0629318175123
2507,0.069048180487,0.202681123334,-0.564121065406,2.70920097905,0.00545682305053,4.67504018307,-0.0133944784209,0.0580422438164
2508,0.0795156090723,0.211181064358,-0.630671019643,2.71298991488,0.00546440092219,6.31134996462,-0.00279161197796,0.0675264326725
2509,0.0815543235137,0.187341507938,-0.545056584749,2.70780037555,0.00545402184353,6.67897742859,-0.00338136539353,0.0578657827798
2510,0.0741397934066,0.190000656804,-0.505755585023,2.7059030527,0.00545022719784,5.42130765603,-0.00972587566534,0.0558708468199
2511,0.0800086712666,0.184218522503,-0.528230713985,2.69951744494,0.00543745598231,6.39867689558,-0.00516636109049,0.0609425214015
2512,0.0877919983203,0.205296466681,-0.631639625008,2.71440019389,0.00546722148022,7.91748495137,0.00424509472826,0.0630367039245
2513,0.0981529277072,0.189542174415,-0.499342331121,2.70653645481,0.00545149400207,10.4100903124,0.01332477377,0.0631940382627
2514,0.0983122754468,0.196619473644,-0.480503997952,2.70267628649,0.00544377366541,10.4532180177,0.0142438162724,0.0599316787278
2515,0.0516337125269,0.190099403801,-0.590135546347,2.70392172684,0.00544626454611,2.70260113453,-0.0324907615469,0.0636021792515
2516,0.0700978457377,0.197327844006,-0.600016126584,2.71543270279,0.00546928649802,4.82171595792,-0.013958104748,0.0563474501298
2517,0.0995439598939,0.19819029337,-0.610655007411,2.70641322583,0.0054512475441,10.7919042438,0.0149411764488,0.0639840316512
2518,0.0627934305774,0.197001244663,-0.503874647136,2.70651147686,0.00545144404615,3.87199236518,-0.0210453942187,0.0553850363036
2519,0.0814748393413,0.195188674285,-0.537401890218,2.71249148951,0.00546340407146,6.6643174615,-0.00278172464884,0.0553340072435
2520,0.086898242152,0.188540914079,-0.540163490812,2.706263545,0.00545094818244,7.72892145128,0.000470341763072,0.0528168062812
2521,0.0639192704652,0.206765130213,-0.595955927539,2.69657720478,0.00543157550199,4.00797775963,-0.0167258243439,0.0633076397101
2522,0.0696722789396,0.196414972688,-0.562760664625,2.72160705928,0.005481635211,4.76181497775,-0.0139200744455,0.0631384026615
2523,0.0717709354136,0.201446581148,-0.611250191537,2.71160906041,0.00546163921325,5.06306985001,-0.0116702124401,0.0638168423919
2524,0.066701257794,0.203980730468,-0.621394576607,2.71309962869,0.00546462034981,4.35983444483,-0.0154443927941,0.061782734503
2525,0.0701499811735,0.185522770167,-0.531775559709,2.708919313,0.00545625971843,4.82909536158,-0.0144211916451,0.0576132976173
2526,0.0562093491229,0.197006354759,-0.591070996082,2.7106907082,0.00545980250883,3.14507796288,-0.0257343801508,0.0654582539471
2527,0.08324577484,0.184346734735,-0.503951349728,2.70534754933,0.0054491161911,6.99741506504,-0.00281126155173,0.059368303471
2528,0.0871841202531,0.189985165783,-0.527963496851,2.71595530493,0.00547033170231,7.78881463492,0.00262996662462,0.0610924208902
2529,0.0906992733647,0.191847575524,-0.499229269574,2.69554750895,0.00542951611034,8.55833470708,0.00556357745066,0.0589505835516
2530,0.0964161690528,0.190358523424,-0.468452241454,2.7108985945,0.00546021828145,9.9500459928,0.0101130502561,0.0593923859297
2531,0.069750315558,0.199699065106,-0.642213999953,2.71185227525,0.00546212564294,4.77275452472,-0.0135250753231,0.0568912841481
2532,0.0800189955853,0.194310195086,-0.597291558643,2.70905912276,0.00545653933797,6.40051612683,-0.0047080183109,0.0616012870643
2533,0.0879116108207,0.196177147082,-0.612809104889,2.71696768354,0.00547235645953,7.94301586683,0.00205189537805,0.0610382549529
2534,0.0776586568682,0.200253790738,-0.579643575406,2.71933452733,0.0054770901471,5.99127258939,-0.00436331133123,0.0672766886781
2535,0.0740686353457,0.193440355307,-0.537149637157,2.70894900506,0.00545631910257,5.41025610123,-0.0109141867008,0.0624089132819
2536,0.102131923296,0.186268871478,-0.487615544372,2.703568687,0.00544555846644,11.5351906844,0.0148480491074,0.0555169807206
2537,0.0709443161607,0.19819064897,-0.590733338227,2.71076861656,0.00545995832556,4.94264647292,-0.0122204895931,0.060899033009
2538,0.0899229914431,0.18991689169,-0.536545369634,2.71502994718,0.00546848098679,8.38301378203,0.00393578651181,0.0602826853684
2539,0.102005641311,0.199219461527,-0.577548450993,2.71099797941,0.00546041705126,11.4978989098,0.0170452972484,0.0607634315535
2540,0.0889501450512,0.19419145016,-0.455592259035,2.71153955546,0.00546150020335,8.16766184063,0.00548926770031,0.063000140601
2541,0.0911930118562,0.199161492856,-0.593352358494,2.70861891672,0.00545565892588,8.6714782957,0.0074831241794,0.0617702870369
2542,0.0961808879512,0.192121972186,-0.490460247647,2.71232574989,0.00546307259221,9.88911206164,0.0106376480461,0.0613892456212
2543,0.070890295688,0.185816582519,-0.489137615382,2.70969522683,0.0054578115461,4.93485725642,-0.0145347689912,0.059448457839
2544,0.0722729104341,0.199884297673,-0.528464761057,2.70168834026,0.00544179777296,5.13733990012,-0.01236706277,0.0595567586501
2545,0.0862138762838,0.195938121165,-0.54511314257,2.71319183142,0.00546480475528,7.58713273666,0.00180512971434,0.0606669238735
2546,0.0705323573727,0.19906398612,-0.492102415065,2.699050838,0.00543652276843,4.8834935733,-0.0127805481127,0.0583875307599
2547,0.0877036154474,0.198098625963,-0.589097713781,2.71438333156,0.00546718775556,7.89866494299,0.00350985694209,0.0599064617252
2548,0.0844132132285,0.188471971495,-0.488213071524,2.70533457926,0.00544909025096,7.22456612664,-0.00199429705259,0.0634570807396
2549,0.0712630758953,0.190720700788,-0.581204281607,2.71402386843,0.00546646882929,4.98880898313,-0.0142954038966,0.058491002427
2550,0.103994972227,0.191987308509,-0.571716352977,2.70375518497,0.00544593146237,12.0979492407,0.0171926675634,0.0624360198575
2551,0.0717431585773,0.199273733499,-0.615667253499,2.72335245798,0.00548512600839,5.05898544411,-0.011896512954,0.0589960605332
2552,0.0722674763723,0.198434364616,-0.499952898982,2.70605729587,0.00545053568417,5.1365312361,-0.0117112685974,0.060867938671
2553,0.0828287917958,0.189910102607,-0.490038570055,2.70763335135,0.00545368779514,6.91775350132,-0.000709238883734,0.0649812350063
2554,0.0518136737862,0.194482661267,-0.543781317128,2.72313680108,0.0054846946946,2.71911113103,-0.0317555217305,0.0573361584239
2555,0.078717648559,0.192550884559,-0.598525692776,2.71447685259,0.00546737479761,6.17211816296,-0.00532387163773,0.0609790399043
2556,0.0846838004874,0.198047435496,-0.555824572363,2.72021472763,0.00547885054771,7.27809363219,-0.00129415107536,0.0552280785236
2557,0.0733855201384,0.203445084846,-0.615254738973,2.71276491097,0.00546395091438,5.30508788917,-0.0095039309245,0.0617350325836
2558,0.0934278288389,0.190147386688,-0.465872091413,2.69977881417,0.00543797872079,9.19990899422,0.0083915886462,0.0606279666705
2559,0.07768645279,0.190627184818,-0.577627247748,2.70102676693,0.00544047462629,5.99596279998,-0.00632835542412,0.0571995737386
2560,0.0722762299463,0.185922229242,-0.512120989394,2.70848858018,0.00545539825281,5.13783394013,-0.0133808711251,0.0571976862731
2561,0.101587060555,0.198097691954,-0.606845053771,2.70387248185,0.00544616605615,11.3750509596,0.0165368108132,0.0588104154028
2562,0.0779832357348,0.192761290836,-0.506741604552,2.70611196791,0.00545064502826,6.04623015363,-0.00643697707686,0.064891700093
2563,0.0746510863178,0.203467564573,-0.579443736567,2.71774654375,0.00547391417995,5.50125702022,-0.00901555804525,0.0591780917098
2564,0.0787516740631,0.196090798755,-0.497064103923,2.71243297372,0.00546328703989,6.17800269169,-0.00578466050833,0.0641053511712
2565,0.0865943031089,0.195399953566,-0.479486188704,2.70967366247,0.00545776841738,7.66567487893,0.00222862122811,0.0567427336583
2566,0.0926235842271,0.18945097054,-0.526553093393,2.69994687909,0.00543831485062,9.00662204253,0.00715637933366,0.0566943504296
2567,0.0554266686011,0.199859559444,-0.601349073715,2.71221549999,0.00546285209242,3.06594714894,-0.0272542457956,0.0589291292883
2568,0.0894914339082,0.1877840835,-0.579488856417,2.71569781037,0.00546981671317,8.28688945084,0.00336547735243,0.0584175080741
2569,0.0728289731059,0.201578489617,-0.604180518697,2.71175524633,0.00546193158509,5.22063371011,-0.0098278778983,0.0566225582293
2570,0.102104521855,0.183225036451,-0.402965387939,2.69414619729,0.00542671348702,11.527089808,0.0154904156757,0.060889820807
2571,0.0792461325341,0.194066050799,-0.586641521646,2.71346997788,0.00546536104819,6.26404233476,-0.00518626925618,0.0657526066828
2572,0.0434809276206,0.208765552141,-0.631734301942,2.72034583105,0.00547911275453,2.02428495729,-0.0370810155029,0.0628354193913
2573,0.0864582307076,0.192339452551,-0.528676458172,2.70884459474,0.00545611028191,7.63750263002,0.00158466956579,0.06170397526
2574,0.102023794716,0.199909982899,-0.57795117654,2.715451316,0.00546932372443,11.5032531388,0.0161493998124,0.0597200109092
2575,0.06053151541,0.209073941214,-0.606489500357,2.71800214717,0.00547442538679,3.6094381175,-0.0210292988218,0.0635327950946
2576,0.0966723384192,0.197221359349,-0.51301601061,2.71275321112,0.00546392751468,10.0167624349,0.0112206133091,0.066966309435
2577,0.0796085015405,0.194522268691,-0.519264726457,2.71393952286,0.00546630013816,6.32772614437,-0.0034482227007,0.0587750680192
2578,0.0924294434256,0.189624625407,-0.501451526542,2.70230018049,0.00544302145342,8.96049393689,0.00726566350697,0.0613460421432
2579,0.0869853088138,0.205641080397,-0.62809638528,2.71271676899,0.00546385463042,7.7471207544,0.00276588223857,0.0610038139165
2580,0.0790226896939,0.189552441408,-0.574918472318,2.70539534266,0.00544921177776,6.22503943156,-0.004555436272,0.0576030230026
2581,0.0831682063781,0.201667981885,-0.533744904997,2.69909594922,0.00543661299087,6.98253806652,-0.00147048979845,0.0579224366505
2582,0.0674690961522,0.197867470473,-0.598229135933,2.70743221513,0.00545328552271,4.46105935959,-0.0158366550899,0.0634679518944
2583,0.0730344175288,0.200544161196,-0.6197938666,2.70664575681,0.00545171260606,5.25168178599,-0.00824310191722,0.0674161109952
2584,0.0829233097593,0.198083109563,-0.569270538867,2.71665414341,0.00547172937925,6.93574331676,-0.00173257619029,0.0597522317306
2585,0.0866231026387,0.187053269128,-0.602389742222,2.70973486897,0.00545789083037,7.67164881369,0.000782794278548,0.0613206791921
2586,0.0538890648992,0.194717629544,-0.623044143484,2.71157972206,0.00546158053656,2.91470067523,-0.0293641445189,0.0566513129168
2587,0.0860779617298,0.191282603782,-0.537384119072,2.71119198113,0.00546080505469,7.55923841243,0.000320240774684,0.0576203884598
2588,0.0842354569788,0.192277371636,-0.546469930166,2.7182225741,0.00547486624064,7.18958372439,-0.0013026042904,0.056977281805
2589,0.104530637114,0.196395164253,-0.515659827652,2.71157365768,0.00546156840779,12.2641993763,0.0188953705047,0.0579223729487
2590,0.0529015734464,0.190579654643,-0.46417984752,2.69932563379,0.00543707236002,2.82043477221,-0.0311129911467,0.0685904613738
2591,0.0968298226415,0.189164615175,-0.42028196554,2.70670222636,0.00545182554516,10.0579712536,0.0102940642696,0.0616010423866
2592,0.0608431175593,0.192949806034,-0.591815115947,2.70610155872,0.00545062420987,3.64478222455,-0.0241671329304,0.0552880418695
2593,0.0770388488296,0.198137185753,-0.559850108885,2.70720609879,0.00545283329001,5.88746977311,-0.00699824110338,0.0604265147165
2594,0.086029471515,0.209490046911,-0.571719083775,2.69778140972,0.00543398391187,7.54930766183,0.00364341894565,0.0617045740494
2595,0.0837171069167,0.194185711763,-0.487754999021,2.71276042101,0.00546394193446,7.08838750618,-0.00112687003371,0.0630880454858
2596,0.0877628721088,0.188125487758,-0.520523296063,2.70367478867,0.00544577066978,7.91127867116,0.00357401087558,0.0563672562863
2597,0.0737051320474,0.188865541621,-0.533756986716,2.70449608493,0.0054474132623,5.3540851675,-0.0113594587868,0.0618973260106
2598,0.10233551294,0.193493295414,-0.492317336547,2.70423776374,0.00544689661992,11.5955372339,0.0169968624399,0.0569966095115
2599,0.0709327420261,0.185015628476,-0.512708574785,2.70789903117,0.00545421915477,4.9409767705,-0.0140464289085,0.0562484274036
2600,0.0545058261814,0.199501791407,-0.567262354822,2.71808138887,0.00547458387017,2.97470705129,-0.0285343081529,0.0597920768389
2601,0.0814437867317,0.191857641798,-0.610734557355,2.71975465001,0.00547793039245,6.65859746839,-0.00306417435025,0.0607705196953
2602,0.0594790754933,0.201990923454,-0.549753204488,2.71401701317,0.00546645511879,3.49196466152,-0.021891490533,0.0629485122628
2603,0.0822567466155,0.196409261851,-0.58507766622,2.711255722,0.00546093253643,6.80970883888,-0.00118003441328,0.061974778066
2604,0.0941118496797,0.189995966644,-0.56678204818,2.7039341064,0.00544628930524,9.36712262187,0.0084745843133,0.0562384369753
2605,0.0849374387465,0.185119586813,-0.504817661528,2.70894318435,0.00545630746113,7.3285723329,-0.000753609526027,0.0561692547344
2606,0.0782546429712,0.188302685914,-0.453823050411,2.69898124249,0.00543638357743,6.09250339552,-0.00833739429786,0.0713745978764
2607,0.0898165434297,0.188057489488,-0.494115813787,2.71422026441,0.00546686162127,8.35921524938,0.00378856296933,0.0576598732224
2608,0.0824393847357,0.201130612944,-0.635122981554,2.72048430547,0.00547938970338,6.84404949829,-0.000669369916224,0.0624195846661
2609,0.0778696296142,0.200523010637,-0.599106357859,2.69397429106,0.00542636967456,6.02694732599,-0.00472951586376,0.0660055127376
2610,0.0977151122569,0.187224919578,-0.508162874549,2.71280315818,0.0054640274088,10.2923973154,0.0121435775792,0.0575945266234
2611,0.0918919195163,0.192202267146,-0.478869517176,2.7186918699,0.00547580483224,8.83384181177,0.00534290407602,0.057987562226
2612,0.0791329259405,0.196190810767,-0.54062957051,2.71995730296,0.00547833569835,6.24425640614,-0.00561532938472,0.062126876934
2613,0.0742711998893,0.200110179325,-0.563133663734,2.70677008549,0.00545196126341,5.44176456349,-0.00842366068923,0.059638527627
2614,0.0887310613979,0.192382451004,-0.475037369966,2.70186500624,0.00544215110492,8.11982473269,0.00412689806374,0.0591044649814
2615,0.0728027847518,0.201955507828,-0.501775441874,2.70889515122,0.00545621139488,5.21668662914,-0.0105173764081,0.0599864899175
2616,0.0918436661749,0.191605487837,-0.528250182786,2.70971522894,0.00545785155031,8.82254834522,0.00635295193623,0.0675151909624
2617,0.0661102776979,0.199417131661,-0.554702960609,2.71532748693,0.00546907606629,4.28315609471,-0.0158607054363,0.0651341431158
2618,0.0602052822754,0.206505219939,-0.606573762304,2.70604129294,0.00545050367832,3.57271161531,-0.0206582754007,0.0613096028388
2619,0.0875304796258,0.187233891712,-0.504792088721,2.69372017353,0.00542586143949,7.86190849736,0.00187604146403,0.0542188262654
2620,0.0636831475863,0.20195124391,-0.580435678969,2.71430551094,0.00546703211432,3.97915844973,-0.0189816327804,0.0587145236368
2621,0.0919608606423,0.192269207422,-0.466233830221,2.69995486908,0.0054383308306,8.84999882092,0.00616404486737,0.0542824735966
2622,0.0797275156966,0.200726327471,-0.512387263828,2.71271896712,0.00546385902668,6.3487589092,-0.00370788711739,0.0651884398282
2623,0.0931006202307,0.200718555477,-0.614272348658,2.70369828924,0.00544581767092,9.12084052412,0.00852382307451,0.0598575614134
2624,0.0907011139252,0.189466831793,-0.50719595127,2.70203392212,0.00544248893668,8.55875411118,0.00600939366334,0.0565605648882
2625,0.0719997847832,0.201170005306,-0.484344275149,2.70124694678,0.005440914986,5.09682159126,-0.0102099885388,0.0587681711011
2626,0.095588232956,0.189254713078,-0.533214827111,2.71442009195,0.00546726127634,9.73706571757,0.00949657857543,0.0645069226501
2627,0.0835338360077,0.190516243133,-0.544284699869,2.70633985032,0.00545110079307,7.05289653139,-0.00129279372167,0.057885298615
2628,0.0653228992298,0.210656334514,-0.570129766288,2.69969214979,0.00543780539203,4.18263281238,-0.0154686527947,0.0639512009016
2629,0.0773963492763,0.20493181484,-0.617341064109,2.71515099286,0.00546872307816,5.94716013629,-0.0042486620219,0.0628244234023
2630,0.0899812637955,0.190737417727,-0.485676190514,2.71162946395,0.00546168002035,8.39606633878,0.00459770520097,0.0562579276463
2631,0.0638159108839,0.20137637223,-0.583358484779,2.71236898542,0.00546315906329,3.99534281519,-0.0197817633509,0.0587958380861
2632,0.0896575548198,0.197497501289,-0.615554810738,2.70248020508,0.0054433815026,8.32377828948,0.00464657405727,0.0595070922147
2633,0.0802361215665,0.189990426102,-0.529258239306,2.70695910061,0.00545233929366,6.43929814836,-0.00411619390749,0.0585191487278
2634,0.0832626707707,0.201058212418,-0.577598081897,2.7056288577,0.00544967880784,7.0006591009,-0.000588000137642,0.0586773973496
2635,0.083478804172,0.195862431542,-0.60533270891,2.71416058021,0.00546674225285,7.0422687125,-0.0023585338288,0.0608144773661
2636,0.075497144178,0.198736315996,-0.58856873987,2.71038425094,0.00545918959431,5.63565915745,-0.00841320936962,0.0611996566773
2637,0.0917571132669,0.193567242135,-0.603466111239,2.7053313643,0.00544908382105,8.80232228548,0.00572862403755,0.0551396398652
2638,0.0792880589316,0.194207125653,-0.58240239411,2.70960021951,0.00545762153146,6.27138328948,-0.00456470060275,0.0539842207517
2639,0.0799601093664,0.189083113936,-0.555456004735,2.70770378918,0.00545382867079,6.39003170417,-0.00518671245435,0.056748088025
2640,0.0871469458467,0.188747518045,-0.558070161152,2.71467888006,0.00546777885256,7.78100408097,0.0023751473917,0.0582895153075
2641,0.0662527229026,0.197161482686,-0.536451389516,2.72327103889,0.00548496317022,4.30154097922,-0.0174826869879,0.0597225370011
2642,0.0760254756032,0.185878863471,-0.494256356766,2.70273794751,0.00544389698745,5.7209390628,-0.00885476995863,0.0575128797167
2643,0.0893060515906,0.200847982567,-0.605027369895,2.70002639059,0.00543847387362,8.24588910837,0.00503060127776,0.0676076563671
2644,0.0766712687992,0.198034139722,-0.604394043783,2.71584277316,0.00547010663876,5.82661078544,-0.00645088779515,0.0619363491931
2645,0.0698925159304,0.196464915421,-0.563261314414,2.71198668106,0.00546239445455,4.7927402286,-0.0127747453128,0.0617818576295
2646,0.0683811936927,0.190893582944,-0.597157611062,2.70709696851,0.00545261502945,4.58369163819,-0.0164695194225,0.0637383232901
2647,0.0813748806904,0.198125362812,-0.596950680721,2.70816240067,0.00545474589377,6.64591940468,-0.00208145093684,0.0584119713534
2648,0.101981967495,0.199682986682,-0.605080135465,2.70615101357,0.00545072311958,11.4909197836,0.0166108224375,0.0635732192292
2649,0.0601179765646,0.207918840021,-0.635404069417,2.7166768368,0.00547177476605,3.56293078522,-0.0213997465941,0.0610326983323
2650,0.0820253976726,0.185406350951,-0.543772211711,2.71400740861,0.00546643590965,6.76641678594,-0.00316498776047,0.0556375900599
2651,0.0663463913102,0.18963269058,-0.493290633329,2.70953583624,0.00545749276492,4.31366392937,-0.0169647892174,0.0626371847724
2652,0.0828430250048,0.201673966884,-0.594228923607,2.70967536735,0.00545777182713,6.92046002968,-0.00136193838407,0.0574873001579
2653,0.0892180006014,0.196211706364,-0.533988253597,2.70740655928,0.00545323421099,8.22647620723,0.00412280463189,0.061743406948
2654,0.0627824937777,0.209443250399,-0.598598760532,2.70615108984,0.00545072327211,3.87068893328,-0.0187941238898,0.0633203938413
2655,0.0780928766857,0.190660622843,-0.537040802871,2.70990989079,0.00545824087402,6.0648881971,-0.00768106318087,0.0550559617981
2656,0.0725159536651,0.192586008651,-0.511821129363,2.71452020196,0.00546746149635,5.17361307878,-0.0122588515722,0.0599569254304
2657,0.0866080703243,0.195064506466,-0.538022085539,2.70748299396,0.00545338708037,7.66853014165,0.00267821937862,0.0597958932905
2658,0.0767158115222,0.203607224131,-0.638196362614,2.71929851165,0.00547701811574,5.83395794737,-0.00704858502687,0.0602023116131
2659,0.0620184467181,0.191911450136,-0.574888424715,2.71365933729,0.00546573976702,3.78045616505,-0.021505496695,0.0583374474188
2660,0.0885227439895,0.197685586896,-0.500925386711,2.70407160736,0.00544656430715,8.07456111884,0.00447098433034,0.058071024368
2661,0.0867774303682,0.20385492389,-0.499865690819,2.69804889183,0.00543451887609,7.70372879969,0.00428644612079,0.0610743139097
2662,0.105202241251,0.187611858065,-0.480482080964,2.71613987243,0.0054707008373,12.4755080979,0.0179908478429,0.0585746235656
2663,0.056005514185,0.19642445653,-0.539314660324,2.7064397215,0.00545130053545,3.12432834205,-0.0282548363845,0.061930377896
2664,0.0640000771169,0.205668657032,-0.575190384068,2.70958884833,0.00545759878911,4.01787717249,-0.0182273005307,0.0601047813113
2665,0.0652926271795,0.20027748068,-0.606180693514,2.69172518307,0.00542187145858,4.17880497952,-0.0163540127206,0.0673878034931
2666,0.09460283594,0.195077246243,-0.539560981868,2.71463199212,0.00546768507667,9.48876929899,0.00988506165611,0.0615675983658
2667,0.0812934398598,0.194840080061,-0.553774470124,2.71770687549,0.00547383484342,6.63096107738,-0.00421095254631,0.057827466175
2668,0.0806236239479,0.199803559448,-0.580755332953,2.70354989284,0.00544552087812,6.50899811401,-0.00370256260311,0.0605241166338
2669,0.0687597804756,0.190703327904,-0.578320494568,2.7175125403,0.00547344617303,4.63536679864,-0.0161879289344,0.0574778759379
2670,0.0892029478528,0.198420813514,-0.567715627103,2.70889101086,0.00545620311415,8.22316140172,0.00390056638197,0.054279944386
2671,0.0921374889645,0.193536582878,-0.519117090764,2.70386105476,0.00544614320196,8.89150990422,0.00816904928644,0.0562662613049
2672,0.0749823632352,0.202496961281,-0.63387716694,2.70455550545,0.00544753210334,5.55356786192,-0.00888470585393,0.0599414917627
2673,0.0862279906691,0.184968144123,-0.478996269242,2.70021377547,0.00543884864338,7.59003449713,0.000260471560556,0.06360915717
2674,0.06894990225,0.197267415672,-0.534609619051,2.72027752156,0.00547897613556,4.66149059088,-0.014712407748,0.0639028506174
2675,0.0749450527369,0.208542984795,-0.636277491408,2.71151754003,0.00546145617249,5.54765612217,-0.00661663623664,0.0636216940223
2676,0.096339214451,0.203967560427,-0.587501736653,2.70857035336,0.00545556179916,9.93008002708,0.0123658818435,0.0607536900835
2677,0.0733251701846,0.201785786581,-0.550981833199,2.70847310699,0.00545536730642,5.29587696177,-0.0100198909952,0.0600281387814
2678,0.0642944197894,0.19793121931,-0.534417769184,2.70939414691,0.00545720938626,4.05409566724,-0.0174061236372,0.065377594672
2679,0.0764442698983,0.198245416143,-0.54169108763,2.7103376757,0.00545909644383,5.78928595911,-0.00688491211315,0.0630008063441
2680,0.0699049412102,0.19506970839,-0.573762910945,2.70214500482,0.00544271110208,4.79448971006,-0.0125012374007,0.0638275996883
2681,0.106503436522,0.191865198498,-0.479880946467,2.70025711434,0.00543893532111,12.8941541221,0.0214621012751,0.0631547496444
2682,0.084158540909,0.195834760298,-0.497824720645,2.70539339218,0.0054492078768,7.17449104197,0.0018011627194,0.0666429504819
2683,0.0770299165069,0.188542950843,-0.492930152654,2.70529694302,0.00544901497847,5.88598471335,-0.00713344404976,0.0668860936729
2684,0.0736226308954,0.195846699891,-0.523798836867,2.70171278551,0.00544184666347,5.34140260141,-0.00916829983827,0.0607714859055
2685,0.0541686397825,0.200106315706,-0.603728915537,2.71002850186,0.00545847809615,2.94179253954,-0.0287569250061,0.0561263525191
2686,0.083437172563,0.184533346764,-0.467264720217,2.70806693087,0.00545455495418,7.03423772442,-0.00263600135128,0.0551658360511
2687,0.0863574329074,0.189894432354,-0.508801114227,2.70761041778,0.00545364192801,7.61669038999,0.000780477758307,0.06746149255
2688,0.0753216250379,0.196830755304,-0.529457064476,2.71684986435,0.00547212082114,5.60755893497,-0.00871663021641,0.0597597337487
2689,0.0805679483746,0.195740305911,-0.45410341196,2.71221764917,0.00546285639079,6.49894527416,-0.00336413410339,0.0636568900377
2690,0.0684713918778,0.192082833685,-0.552353513328,2.71448208453,0.0054673852615,4.59596172439,-0.0145011139693,0.0608702309563
2691,0.0819333907021,0.187185933858,-0.472864538388,2.70974799581,0.00545791708405,6.74926384415,-0.0041005562717,0.0565195059649
2692,0.0624507353928,0.206182987908,-0.650487692546,2.70891430459,0.00545624970162,3.83130942047,-0.0195226965155,0.0644962170604
2693,0.0769376533253,0.194425764632,-0.544354144899,2.71488473713,0.0054681905667,5.87066333183,-0.00782583806266,0.0584736172318
2694,0.0800386426315,0.198907748904,-0.620614295942,2.71040976537,0.00545924062318,6.4040173747,-0.00338301025735,0.0710500326779
2695,0.0763465230789,0.20155245773,-0.566839429988,2.6946349195,0.00542769093144,5.77327422027,-0.00581166591945,0.06503620597
2696,0.110193519124,0.196183311298,-0.541796357789,2.70534581833,0.00544911272909,14.1505370996,0.0238418289674,0.0583204137152
2697,0.0750505764186,0.187752411561,-0.420858155927,2.6970283908,0.00543247787403,5.56438931368,-0.0104885618311,0.0677522538421
2698,0.0859495862548,0.198796712033,-0.508693581597,2.70448664541,0.00544739438326,7.53297139141,0.00189035188136,0.0573912414112
2699,0.106355685513,0.197624095753,-0.53754443692,2.71017760404,0.00545877630052,12.8459947013,0.0210519112823,0.0614379796904
2700,0.0756269730617,0.203773121318,-0.58141510446,2.6987700857,0.00543596126383,5.65651836686,-0.00714032201969,0.0606941220712
2701,0.0698048518887,0.18917160494,-0.54330217751,2.70872967945,0.00545588045134,4.78041154136,-0.0138220912396,0.064884468893
2702,0.0712603206458,0.192030846829,-0.554571345272,2.70817745497,0.00545477600237,4.98840849697,-0.0127458953734,0.0574743417295
2703,0.0788747712327,0.193405657178,-0.528208158421,2.71694481368,0.00547231071981,6.19933049088,-0.00505031305889,0.0636338160315
2704,0.056277269626,0.195046043638,-0.550627849541,2.70912411339,0.00545666931921,3.15201428029,-0.0263417558541,0.0589231371689
2705,0.0596864446916,0.197270190441,-0.573802584586,2.70747349605,0.00545336808454,3.5148811132,-0.0250452805921,0.0582970611306
2706,0.0803165776169,0.196445630441,-0.586135634409,2.7257322027,0.00548988549784,6.4537183919,-0.00421877042348,0.0637238971292
2707,0.110755430095,0.190601996402,-0.519730785322,2.71693400118,0.00547228909481,14.3511890151,0.0227748047628,0.0558650334246
2708,0.079256787761,0.204121767322,-0.610463424771,2.70846223132,0.00545534555507,6.26590729847,-0.00335233405785,0.0683517455883
2709,0.0545876276836,0.200144084306,-0.601497594197,2.71817230782,0.00547476570808,2.9827318627,-0.0283740633901,0.0589489541026
2710,0.0710454049624,0.190489759944,-0.495004899791,2.70116954253,0.0054407601775,4.95724889187,-0.0143390545359,0.0590562785117
2711,0.0718844276134,0.192588793588,-0.625473612067,2.70886365738,0.00545614840719,5.07978567503,-0.0114674785466,0.0613154078605
2712,0.0938764021102,0.210559315692,-0.631449031706,2.70926829681,0.00545695768605,9.3092705271,0.0117323522591,0.0657912153068
2713,0.0756038422104,0.181407536257,-0.466955720467,2.6918627116,0.00542214651564,5.65279739369,-0.0106909757884,0.0596247757729
2714,0.0609357762589,0.207056286208,-0.571387139109,2.69186841154,0.00542215791551,3.6553423936,-0.0204292824358,0.0677026690812
2715,0.0893021802555,0.206135258176,-0.630231010677,2.7056635701,0.00544974823263,8.24503475714,0.00678596575167,0.0688434255852
2716,0.0787120403733,0.197618139967,-0.564768453811,2.69911959503,0.0054366602825,6.17114870267,-0.00400758642802,0.0601752246823
2717,0.061860998923,0.198216550765,-0.538378238363,2.70568405265,0.00544978919773,3.76206262081,-0.0214439972254,0.0674788815761
2718,0.0690994597089,0.192159273946,-0.509421371519,2.70409153453,0.00544660416149,4.68212240835,-0.0157044760588,0.0592653812914
2719,0.0791761670408,0.201912650634,-0.583292953349,2.69936117447,0.00543714344138,6.25180783916,-0.00337652782606,0.0636177001112
2720,0.0812857201994,0.192354634851,-0.51417183746,2.70495003096,0.00544832115436,6.62954465976,-0.00328982476781,0.0608583682302
2721,0.0729317110863,0.190479855464,-0.544829694432,2.71232053649,0.00546306216541,5.2361415518,-0.0107466021575,0.0609752546784
2722,0.0864191572487,0.190808828547,-0.527821250421,2.70616082652,0.00545074274548,7.6294292017,0.00181159093645,0.0589867231972
2723,0.0623583428495,0.19173626018,-0.477846824393,2.71025192338,0.00545892493919,3.82039709916,-0.021232866876,0.062272593092
2724,0.0611412801382,0.205920284453,-0.539381143707,2.69798935789,0.00543439980823,3.67884579536,-0.020240074187,0.0636059192635
2725,0.0680407013328,0.205522694168,-0.56950078215,2.70009876948,0.0054386186314,4.53760558357,-0.0140829834283,0.0612736393864
2726,0.0732588750691,0.192874550497,-0.596057893583,2.70803501546,0.00545449112336,5.28577356583,-0.0107593594619,0.0595002988183
2727,0.0668565965613,0.193428420506,-0.541622421352,2.70340507926,0.00544523125096,4.38016622636,-0.0189707485535,0.0648389957321
2728,0.118016375518,0.189350371179,-0.545119307867,2.70419344993,0.00544680799229,17.1852218531,0.0294860464211,0.0570954252362
2729,0.0840691475159,0.200205997736,-0.577743391753,2.71941183055,0.00547724475354,7.15698362864,-0.000290272454713,0.0572310876033
2730,0.0634840624034,0.19579311542,-0.588224432749,2.70605715278,0.00545053539799,3.95498364172,-0.0179911154756,0.0627190251938
2731,0.079214097532,0.193779730609,-0.548570852446,2.70591842137,0.00545025793518,6.25843808222,-0.00529264572769,0.0601180894566
2732,0.0805668557686,0.200022301563,-0.567526785541,2.71984749224,0.00547811607691,6.49874812161,-0.00259042773626,0.0612041347706
2733,0.111007324209,0.193569983708,-0.516572576138,2.71077932087,0.00545997973418,14.4419646855,0.0241750986887,0.0604855079112
2734,0.0909370414068,0.189690640506,-0.471930189393,2.70688423311,0.00545218955865,8.61266109773,0.00481877040143,0.0605246143763
2735,0.0706088830297,0.208081871923,-0.607003385057,2.71606241027,0.00547054591298,4.89443885383,-0.00997424657888,0.0671294207464
2736,0.0998722569854,0.188584530766,-0.482836799579,2.69934257227,0.00543710623699,10.8837917368,0.013817836166,0.058333835593
2737,0.0767763654442,0.208234163279,-0.624941771683,2.7145770404,0.00546757517323,5.84395829403,-0.00503891113463,0.0654646148099
2738,0.0518547330499,0.199749306296,-0.590912066302,2.71533386985,0.00546908883214,2.72288789337,-0.0309047295334,0.0620601625509
2739,0.0820269702848,0.189744610492,-0.511981931071,2.70778476185,0.00545399061613,6.76671028653,-0.00154335019334,0.0556102419416
2740,0.0752013868583,0.194125875252,-0.484733660128,2.71092128872,0.00546026366989,5.58837514796,-0.00977623690924,0.0596150411195
2741,0.0772603060186,0.198099826087,-0.607213744299,2.70791453549,0.00545425016341,5.92438716603,-0.00639906161802,0.0645823897341
2742,0.0831151559203,0.202385416506,-0.585104800062,2.70751716114,0.00545345541471,6.97237874814,-0.00120179366921,0.0572231604341
2743,0.102651500052,0.189989805068,-0.474818060404,2.71617185864,0.00547076480972,11.6897534136,0.0156675431583,0.0640468818099
2744,0.083749003218,0.19365643086,-0.616228419148,2.71670483656,0.00547183076555,7.09457966883,-0.00105066481341,0.0618358047646
2745,0.0802660488842,0.189725475425,-0.503501910775,2.70363252929,0.00544568615102,6.44465892473,-0.00437715436434,0.0543534889164
2746,0.0860793636981,0.188974404164,-0.471081645693,2.71795126065,0.00547432361375,7.55952569913,0.000965030253217,0.0575067599065
2747,0.0782776189924,0.181852145543,-0.539178468304,2.69285880484,0.00542413870211,6.09643405063,-0.00639467386243,0.0569043390026
2748,0.0773376645969,0.201194569341,-0.569114431011,2.72381199931,0.00548604509106,5.93732779201,-0.00538727362136,0.0567364197053
2749,0.0810664538708,0.199339549535,-0.585197559402,2.71532429274,0.00546906967792,6.58941866644,-0.00281568582586,0.0601302656579
2750,0.0981325268021,0.199444237606,-0.494124999579,2.71377578922,0.00546597267087,10.4045800655,0.0140354304473,0.0570807134626
2751,0.073584644197,0.195007374656,-0.562100403636,2.72097227473,0.00548036564189,5.33557124809,-0.0116385540608,0.0575387373975
2752,0.0819410108334,0.201757608113,-0.607628886523,2.71694253989,0.00547230617222,6.75068308738,-0.00107790589905,0.0623231034819
2753,0.0600334632003,0.198119954497,-0.552339736753,2.70854228842,0.00545550566927,3.55348194415,-0.023096794094,0.0563714210036
2754,0.0497135681623,0.190770061567,-0.546692949473,2.70953128667,0.00545748366579,2.53077403243,-0.0348958184944,0.0598656786201
2755,0.0896488788588,0.205768958018,-0.621190123486,2.71520742985,0.00546883595214,8.32184822206,0.00642081484962,0.0678348411413
2756,0.0777930721608,0.190552179189,-0.566287186491,2.70124067231,0.00544090243706,6.01398154741,-0.00596725613792,0.0620750863072
2757,0.0759142562442,0.197809027178,-0.550744342601,2.70941946667,0.00545726002577,5.70289962658,-0.00700645176368,0.0615164156406
2758,0.0678697540776,0.203410922303,-0.602676800915,2.72033388855,0.00547908886953,4.51460579415,-0.0153213179422,0.0599144876621
2759,0.0840766844049,0.194499643439,-0.499353733963,2.702838351,0.00544409779445,7.15845831167,0.000848194474773,0.0616367057134
2760,0.0775613373992,0.202000849028,-0.635433477,2.71677560967,0.00547197231177,5.97487497143,-0.00573039944254,0.0634794931752
2761,0.0880179100089,0.191404008168,-0.564046538397,2.70913772427,0.00545669654098,7.96576407026,0.00226812309892,0.0585043792884
2762,0.0739553387157,0.198845452306,-0.587954029368,2.71463613955,0.00546769337155,5.39269773962,-0.00886792242353,0.0597909565892
2763,0.066086815603,0.205721713861,-0.648253922315,2.70407132092,0.00544656373428,4.28013381371,-0.0157045271302,0.0638935216333
2764,0.0609617336761,0.199704659746,-0.57947391043,2.70418938672,0.00544679986587,3.65830485744,-0.0230194796689,0.0594203898248
2765,0.0598831680568,0.19482073422,-0.570530732797,2.71360999495,0.00546564108234,3.53672496782,-0.0244935530541,0.0610797454158
2766,0.0779823975023,0.189235608681,-0.450680648641,2.70745024109,0.00545332157462,6.04608769089,-0.00606094753257,0.0666503122272
2767,0.0756230182068,0.202595479031,-0.607293541941,2.70610036228,0.00545062181699,5.6558820224,-0.00719208575583,0.064091869652
2768,0.109998091726,0.183264992414,-0.421200810954,2.70173842403,0.00544189794049,14.0813451391,0.0223087254807,0.0618284777148
2769,0.070009509509,0.185083776211,-0.49080044481,2.71332584197,0.00546507277638,4.80923308657,-0.0146538887281,0.0533477911119
2770,0.0852994234855,0.191419575941,-0.494893355339,2.70217969045,0.00544278047333,7.40112689971,0.00013471915451,0.0588104237067
2771,0.0701238252559,0.196576903266,-0.562451713349,2.71131468034,0.00546105045312,4.82539205216,-0.0135330667152,0.0626727771208
2772,0.0657134055145,0.194646732922,-0.553792089932,2.71779422943,0.00547400955131,4.23225601039,-0.0180996619609,0.0683799244834
2773,0.092176538629,0.194739207665,-0.612911449925,2.71337599636,0.00546517308516,8.90071001216,0.0072251561039,0.0615725534515
2774,0.0593396325567,0.199739751466,-0.523262140702,2.70194066738,0.0054423024272,3.47661770325,-0.0239757525867,0.0632111254719
2775,0.0508461571364,0.197308657709,-0.571857375443,2.70919588623,0.00545681286489,2.63117463109,-0.0321384570391,0.0607942159717
2776,0.0756674126646,0.197130341931,-0.60936731995,2.71490264781,0.00546822638807,5.66302854195,-0.00867142661666,0.0665221645819
2777,0.0745427300383,0.190797956297,-0.477357015038,2.6962939369,0.00543100896625,5.48423414764,-0.00905232996584,0.0637496242665
2778,0.0910450981433,0.188618974907,-0.440400225909,2.70938777689,0.00545719664622,8.6374484326,0.00565047488334,0.0653373655894
2779,0.0867120789125,0.199001423804,-0.577719135058,2.70188260791,0.00544218630825,7.69013033771,0.0026762207295,0.0603707261764
2780,0.0661162566963,0.198604322677,-0.564273930018,2.71587380887,0.00547016871018,4.28392654818,-0.0163000952967,0.0667354188789
2781,0.0862150150812,0.192607694739,-0.533376768518,2.70446950659,0.00544736010561,7.58736682579,0.00273375325199,0.0597647710149
2782,0.0669558497199,0.18959307956,-0.533226777906,2.70501331337,0.00544844771918,4.39319595451,-0.0172845320847,0.0555951765051
2783,0.0763305355242,0.196193729725,-0.589117066313,2.70894973689,0.00545632056622,5.77065878387,-0.00787756098866,0.0541284311535
2784,0.0540361287775,0.205835109672,-0.590583065957,2.70518996664,0.00544880102573,2.92892932393,-0.0266737694582,0.0675548318123
2785,0.0779809232475,0.188334134144,-0.526003023245,2.70843599655,0.00545529308554,6.04583713898,-0.0073047871781,0.062737617229
2786,0.0969133227975,0.189543867569,-0.496233057557,2.69865026491,0.00543572162225,10.0798807837,0.0116333834665,0.0560591632465
2787,0.0737530504496,0.195990926921,-0.620773099541,2.70453742859,0.00544749594962,5.36146266131,-0.00925753189932,0.0590217581227
2788,0.0886933387614,0.195279183123,-0.540192344273,2.70992227739,0.00545826564722,8.11161222032,0.00261936925337,0.0557700862135
2789,0.0892031048689,0.196862870325,-0.585648095732,2.71144763397,0.00546131636037,8.22319597274,0.00528284101088,0.059688187878
2790,0.0625984367457,0.194959643197,-0.582114908256,2.71046639762,0.00545935388768,3.84880352251,-0.0205781155065,0.0640431433277
2791,0.0989357158422,0.193272940723,-0.536621987428,2.69723962921,0.00543290035086,10.6234642775,0.0147289161537,0.0581494748148
2792,0.0660995014359,0.191639501493,-0.589880308753,2.71075354606,0.00545992818457,4.28176773888,-0.0185160036078,0.0604008584522
2793,0.0898316507875,0.203815585448,-0.59118128202,2.70427016466,0.00544696142176,8.36258925676,0.00564577331659,0.0589403771321
2794,0.0798083176699,0.190372914979,-0.574211867024,2.7168423809,0.00547210585423,6.3630717007,-0.00557504227074,0.0604590031967
2795,0.0898517944144,0.201612255595,-0.62642064318,2.70365336995,0.00544572783233,8.36708986059,0.00513087186824,0.0596484341747
2796,0.0815490755189,0.202754281546,-0.571442354711,2.71195148804,0.00546232406851,6.67800866386,-0.0011870309616,0.0633736980431
2797,0.0885066605174,0.193098201906,-0.497562535131,2.7047961341,0.00544801336063,8.07107546759,0.00422164961183,0.0584657167337
2798,0.0717135573496,0.2006186678,-0.607580943094,2.71876267627,0.00547594644498,5.05463568521,-0.0110551113789,0.0631718190969
2799,0.0889821353716,0.206704365763,-0.614451297416,2.71473089554,0.00546788288353,8.17466711077,0.006240239298,0.0641344896522
2800,0.0827364531831,0.19305172628,-0.553618759669,2.71274442114,0.00546390993472,6.90021635796,-0.00167998997569,0.0586196692979
2801,0.0848765453505,0.203590299162,-0.592517753322,2.70093223424,0.00544028556092,7.31642649175,0.00176180545166,0.0614549763071
2802,0.0753605799904,0.184755348024,-0.462837693724,2.7073396701,0.00545310043265,5.61378563927,-0.00927031508426,0.0527367905735
2803,0.102059051547,0.192063935467,-0.481177072262,2.69261393402,0.00542364896048,11.5136582142,0.0169237896312,0.0591795820231
2804,0.0800246564871,0.198405970765,-0.543186210145,2.71110027256,0.00546062163755,6.40152477778,-0.0029455104248,0.061323629622
2805,0.0652823654211,0.190085324259,-0.551821812147,2.70021201316,0.00543884511877,4.17750802025,-0.0191407142715,0.0573389034245
2806,0.0715634454281,0.191356686555,-0.529572586902,2.7252476888,0.00548891647004,5.03262363707,-0.0128322770294,0.0545374883544
2807,0.0724143380102,0.188521726498,-0.54215569598,2.70918833875,0.00545679776994,5.15842236446,-0.0124115244552,0.0636882237303
2808,0.0616767235203,0.202270512598,-0.618845025425,2.71496706492,0.00546835522228,3.74062141747,-0.0214267159879,0.0543982549714
2809,0.0871635936875,0.198780366708,-0.64605473175,2.71713680408,0.00547269470059,7.78450106134,0.00306135600031,0.062856416671
2810,0.0869485457513,0.198874483233,-0.62324228281,2.71290458821,0.00546423026887,7.73943182736,0.00279596545734,0.064329936724
2811,0.0879765256104,0.202511124026,-0.622110216402,2.70733269422,0.00545308648087,7.95690113379,0.00226733846813,0.0587077745413
2812,0.0556676129168,0.199251073958,-0.495270409677,2.71341794263,0.0054652569777,3.09015110999,-0.0269829173227,0.0590856822233
2813,0.0825295818607,0.191115848966,-0.546222296762,2.70854661221,0.00545551431685,6.86106238844,-0.00205111644451,0.0551717908077
2814,0.0933981290319,0.190895444549,-0.532951215687,2.7028707885,0.00544416266944,9.19270773309,0.008070065338,0.0616405841302
2815,0.0832980760604,0.196070637571,-0.555742389919,2.7000041739,0.00543842944023,7.00746105669,-0.00101160673668,0.0634311441893
2816,0.0742355512284,0.197959502941,-0.497816868572,2.71876199884,0.00547594509011,5.43620871743,-0.0080233557135,0.0641115095312
2817,0.102727031979,0.195386250632,-0.448244239992,2.69892479058,0.0054362706736,11.7123745083,0.0175252342389,0.0622561825949
2818,0.0878132771436,0.188149844756,-0.499605187593,2.70991632683,0.0054582537461,7.92202171914,0.00195641168236,0.0601829302152
2819,0.0693313685966,0.196506523605,-0.536766199047,2.70675481264,0.00545193071771,4.71425784324,-0.0140541749175,0.0587321664167
2820,0.0990384703741,0.197826583121,-0.522767898232,2.71858486045,0.00547559081334,10.6517565745,0.0135146684349,0.0650540909872
2821,0.100451132538,0.202007694557,-0.595070754601,2.71065672047,0.00545973453339,11.047493807,0.0162565028552,0.0610003103252
2822,0.108384826118,0.189962068837,-0.5100210097,2.71016045055,0.00545874199354,13.5216525091,0.020442721085,0.0596198574802
2823,0.0566721789423,0.200504211658,-0.59138685412,2.71910675465,0.00547663460173,3.19256565217,-0.0263973551331,0.0640649511241
2824,0.0744693590613,0.191586557013,-0.513732551479,2.70932147586,0.00545706404416,5.4727318431,-0.010603386054,0.0556827775944
2825,0.050796842071,0.20821643532,-0.626569352871,2.71100026231,0.00546042161705,2.62674641234,-0.031589118986,0.0563838185216
2826,0.083836595132,0.193756664442,-0.559441205808,2.7106943842,0.00545980986084,7.11160770911,-0.00016527643959,0.0604162034349
2827,0.0811899663453,0.197174187924,-0.532415133587,2.71141149503,0.00546124408251,6.61199656638,-0.00369264867052,0.0556570320303
2828,0.0699210846597,0.194108690958,-0.614226123717,2.71421536548,0.0054668518234,4.79676346928,-0.0152226726181,0.0547803790443
2829,0.0841321750473,0.201324972097,-0.524902151024,2.70327123873,0.0054449635699,7.16932361809,0.00168674413695,0.0592104795066
2830,0.0977970183189,0.198880872072,-0.501291266282,2.71450291744,0.00546742692732,10.3143260667,0.0123113262161,0.0640773068795
2831,0.099460970796,0.191057457245,-0.527556930051,2.70744691065,0.00545331491374,10.7687847191,0.0146971706073,0.0544877253224
2832,0.0697300310385,0.195951551527,-0.59329297445,2.70392490661,0.00544627090567,4.76990902423,-0.0134424224614,0.0587131594992
2833,0.0706771683718,0.200054623464,-0.57266525714,2.7114672107,0.00546135551384,4.90422206968,-0.0119439194159,0.0562765446883
2834,0.0585407721963,0.188117500335,-0.494252153949,2.70490731615,0.00544823572473,3.38966297053,-0.0253248236135,0.058748221277
2835,0.0716609279918,0.195451208832,-0.501359938627,2.70726743951,0.00545295597146,5.04690946656,-0.0108055500199,0.0629558245698
2836,0.0524991014958,0.194962247997,-0.55414708509,2.70725305474,0.00545292720192,2.78264424012,-0.0302636460935,0.0601698161418
2837,0.0721234339099,0.191236648396,-0.531449586187,2.71709387307,0.00547260883857,5.11513302642,-0.0116256941744,0.0551833682769
2838,0.0559894268098,0.194837801043,-0.520873066875,2.7032850315,0.00544499115545,3.12269496764,-0.0276480098159,0.0609107734432
2839,0.0696690918001,0.186665444372,-0.570994571109,2.70931614087,0.00545705337417,4.76136861321,-0.0163152987489,0.0612371823565
2840,0.0672235216618,0.206996945531,-0.602722619904,2.71002677549,0.00545847464341,4.42848674643,-0.0152471159195,0.0642879997427
2841,0.0664744556442,0.197351875789,-0.590752616244,2.71876455256,0.00547595019755,4.33028168339,-0.0166699970872,0.0640049478044
2842,0.0818455208266,0.196529414739,-0.587088114568,2.70831325938,0.00545504761119,6.73291619558,-0.00360761695429,0.0608578737542
2843,0.108315063815,0.189971131167,-0.513494202202,2.6986791796,0.00543577945163,13.4979059425,0.0209781461249,0.0590479368951
2844,0.100257737227,0.205231514142,-0.569223091711,2.69804695866,0.00543451500975,10.9925632127,0.0165251647014,0.0613516174829
2845,0.0824819024928,0.177656211822,-0.543552067076,2.70691993893,0.0054522609703,6.85206473888,-0.00392555308503,0.0598454048771
2846,0.0775788589606,0.205594076154,-0.632179256575,2.71380965233,0.0054660403971,5.97782449401,-0.00463147584136,0.0651185265487
2847,0.0941694726504,0.196979003179,-0.519445317373,2.71124749803,0.0054609160885,9.38132870406,0.00870135273295,0.0567506559615
2848,0.075499255494,0.189614859108,-0.471522761051,2.7000403666,0.00543850182564,5.63599787284,-0.0103039490008,0.0642045208917
2849,0.0548074166077,0.196408645666,-0.53864837325,2.70808129878,0.00545458369,3.00437061876,-0.0281220478007,0.0644797446504
2850,0.0709390510621,0.191312857833,-0.500643434386,2.69923039114,0.00543688187471,4.94188686577,-0.0123180318536,0.0599178051172
2851,0.0986281737865,0.192422085894,-0.494209816482,2.70116743463,0.0054407559617,10.5391802182,0.0138841717588,0.0600995486787
2852,0.0883767700062,0.190897177089,-0.531273690426,2.70442971184,0.00544728051611,8.04297240642,0.00390304158767,0.0623869098247
2853,0.0747254181433,0.194771400624,-0.462284840606,2.70091588972,0.00544025287188,5.51295946027,-0.00845007484594,0.0593479677009
2854,0.0785734640862,0.196019815514,-0.507571877181,2.70730886812,0.00545303882868,6.14723366541,-0.00511887809279,0.0615772386115
2855,0.107017480569,0.188668699605,-0.448682757844,2.70647869307,0.00545137847857,13.0629648573,0.0201134287233,0.0614173772225
2856,0.0719588176843,0.190240588571,-0.463118580035,2.70945206882,0.00545732523008,5.09076633182,-0.0116235350558,0.0602715650692
2857,0.0746701469355,0.187487383993,-0.50372180486,2.70316022987,0.00544474155217,5.50425590192,-0.00957004754338,0.0599225443041
2858,0.10335079189,0.192917525976,-0.479974326549,2.70697438383,0.00545236986009,11.9006727574,0.0188111863787,0.0648317397243
2859,0.0789423799477,0.189893520346,-0.470728183155,2.70451885633,0.00544745880509,6.2110702779,-0.0051012160626,0.0608243308202
2860,0.0896202083017,0.207352229451,-0.588875357177,2.71856683081,0.00547555475405,8.31547285848,0.00529408523913,0.0561397444457
2861,0.0539475294915,0.184516144608,-0.483052047967,2.69759713349,0.00543361535941,2.92035126792,-0.0315413983687,0.060046859096
2862,0.086556217019,0.1961880244,-0.582323910946,2.70280502652,0.00544403114549,7.65778069409,0.00149194288558,0.0560728525255
2863,0.0748396433858,0.193617947908,-0.575129763774,2.71421491482,0.00546685092207,5.53098201167,-0.0107027540935,0.0571537831021
2864,0.0759023461433,0.199013266735,-0.555422183084,2.70819950215,0.00545482009674,5.7009706071,-0.00699075343156,0.0603332955975
2865,0.0758367975911,0.19035460561,-0.539525715212,2.71011842364,0.00545865793971,5.69036358547,-0.0080365183711,0.0602776073729
2866,0.0799147455951,0.192069462401,-0.528743462626,2.70669563349,0.00545181235941,6.38196463231,-0.00597791551292,0.0658721742645
2867,0.0977461307129,0.199610307818,-0.557432662026,2.70883801457,0.00545609712157,10.3006970903,0.0144675587209,0.0613193526087
2868,0.0753313854737,0.199406881223,-0.622293284089,2.70640585676,0.00545123280595,5.60911854983,-0.00772899552789,0.0671675593639
2869,0.0864958467739,0.200142955135,-0.591682367073,2.71265183805,0.00546372476854,7.64528179041,0.00144059497557,0.0582646093162
2870,0.0748318526593,0.200259334755,-0.579630551403,2.70393236173,0.00544628581589,5.52975126227,-0.00798621061752,0.0592663557214
2871,0.0732760178073,0.194543588866,-0.500099217039,2.70876895702,0.00545595900648,5.28838462893,-0.011050410584,0.0601789290396
2872,0.0886161903893,0.205481300634,-0.56529354315,2.70946562113,0.0054573523347,8.09483855492,0.00503172198379,0.0586244222227
2873,0.0690197257635,0.194512062554,-0.538581703163,2.70704922244,0.00545251953733,4.67111393488,-0.0154086044755,0.0647955610463
2874,0.0988748492646,0.199496359192,-0.577226699813,2.71253492608,0.0054634909446,10.6067365198,0.0129812187169,0.0622211122007
2875,0.10355384803,0.186167808357,-0.496314866977,2.70490394549,0.00544822898341,11.9625470914,0.0171750439403,0.0583679825055
2876,0.0704848370446,0.188888956285,-0.528117870915,2.69723975801,0.00543290060845,4.87670669348,-0.0136516963288,0.0582171647063
2877,0.0983244941642,0.194805643964,-0.514942368949,2.6980124562,0.00543444600483,10.4565314944,0.0144346229147,0.0606408663745
2878,0.0625115122004,0.198615499039,-0.526145953738,2.70949400372,0.00545740909988,3.83850061011,-0.021599419338,0.0613536672474
2879,0.0742438575417,0.203839284026,-0.548839253589,2.71924861389,0.00547691832021,5.43750284503,-0.00858674347353,0.0625148434139
2880,0.0834236929722,0.190416305557,-0.483595276055,2.69761012551,0.00543364134347,7.0316390832,-0.00105071809411,0.0628411021096
2881,0.0885758533896,0.184583105933,-0.445558086535,2.70994164062,0.00545830437367,8.08608027422,0.00112660178823,0.0595670826382
2882,0.0788502823567,0.200059074325,-0.602766317733,2.71749781533,0.0054734167231,6.19508270211,-0.00441922398495,0.0605033070819
2883,0.0621032932012,0.20160988327,-0.527096867333,2.70289564708,0.00544421238659,3.79039650255,-0.0203178430288,0.0606434203262
2884,0.0917404748163,0.200617515368,-0.572612566508,2.71007092122,0.00545856293488,8.79843873185,0.00841340092475,0.0621865048466
2885,0.0948101451151,0.194140679091,-0.502175113214,2.69617679412,0.00543077468068,9.54054324277,0.0089491067831,0.0603126326039
2886,0.0897164660569,0.188157507708,-0.557377410069,2.71068888523,0.0054597988629,8.33689393892,0.00492778988071,0.0550191633607
2887,0.0559869598656,0.199137585587,-0.618696200195,2.71775919464,0.00547393948172,3.12244455024,-0.0275564194124,0.0568258263444
2888,0.0370797873031,0.191352159222,-0.494744331458,2.6956893037,0.00542979969983,1.57714031102,-0.0464480768795,0.0669164811338
2889,0.0654138774605,0.192488024881,-0.517841796841,2.70312996364,0.00544468101971,4.19415318643,-0.0182818912387,0.0566658600213
2890,0.089937511903,0.194650084233,-0.542678262888,2.7117054421,0.00546183197665,8.38626462099,0.00600346690019,0.0559391357114
2891,0.0594770104768,0.194324978577,-0.542443714785,2.70661896175,0.00545165901594,3.49173701915,-0.0242372485975,0.0547043421177
2892,0.0698639674116,0.192520723406,-0.572745050717,2.70711024669,0.00545264158581,4.78872251624,-0.0143302418392,0.061114057381
2893,0.0786847167623,0.195327580109,-0.633710493076,2.70569494711,0.00544981098667,6.1664272026,-0.00466353816229,0.0591524012464
2894,0.0871155144163,0.191491335096,-0.497510654392,2.71810126473,0.0054746236219,7.77440536654,0.00181121112371,0.0662648098188
2895,0.0682972065306,0.191109747657,-0.468346833653,2.71381683368,0.0054660547598,4.57228972868,-0.0154366612671,0.0651328452178
2896,0.0709392954061,0.197881999297,-0.563788570249,2.70763797191,0.00545369703626,4.94192211575,-0.0128252171465,0.0610656696911
2897,0.101007179906,0.185738816148,-0.488587928353,2.69751818516,0.00543345746276,11.2067805336,0.0136620455292,0.0556824626036
2898,0.0940461043795,0.194544545979,-0.563984160557,2.69587086672,0.00543016282587,9.35093693083,0.00890309492187,0.0558993764402
2899,0.0942896414368,0.191239541396,-0.488916836722,2.70107956389,0.00544058022021,9.41101476653,0.00769044836047,0.0587621650896
2900,0.0752881732858,0.200173145425,-0.494471102299,2.70021969632,0.00543886048507,5.60221638159,-0.00784780487261,0.0597709583264
2901,0.072384193016,0.207470662126,-0.591256443489,2.71285165958,0.0054641244116,5.15392284972,-0.00960942375167,0.0623662219875
2902,0.0674437912937,0.195715583909,-0.489088467939,2.70831853821,0.00545505816885,4.45769429796,-0.0170436377103,0.0584034962033
2903,0.0907550640358,0.192471731252,-0.52040249461,2.71567927823,0.00546977964889,8.57105545754,0.00604258033357,0.0560633524641
2904,0.0936430856352,0.186839782965,-0.429195125899,2.6952356775,0.00542889244744,9.2522483532,0.00628918536889,0.0677685515365
2905,0.0989664891318,0.198501952797,-0.570727496109,2.71065288181,0.00545972685605,10.6319304179,0.0133367053919,0.0580126402216
2906,0.0816362837256,0.189897145081,-0.560958859337,2.71778293396,0.00547398696036,6.69412230737,-0.00470944452519,0.0559290644378
2907,0.0841258788487,0.202148158843,-0.544436881378,2.71193121568,0.0054622835238,7.16809009589,0.00131008730042,0.0661867451565
2908,0.0817357913723,0.200115792322,-0.624064484124,2.70769845351,0.00545381799946,6.71254826378,-0.0022967920409,0.0556021558133
2909,0.066490038752,0.206718938449,-0.62548834011,2.70434909774,0.00544711928791,4.33230716974,-0.015038113129,0.063941198106
2910,0.0975392281542,0.199098436802,-0.510694764255,2.7050579668,0.00544853702603,10.2454457928,0.013930228774,0.0574144990568
2911,0.0766405102774,0.201756201301,-0.63153211738,2.7240745514,0.00548657019524,5.82154171175,-0.00611746011977,0.0608345337468
2912,0.0918915285208,0.198160919045,-0.592929137965,2.7020457786,0.00544251264963,8.83375025097,0.00754532839635,0.0612901545864
2913,0.0586233248244,0.198214368027,-0.581113102353,2.72130986455,0.00548104082153,3.39857289767,-0.0252742541683,0.0566915127058
2914,0.0767851564314,0.200027656986,-0.545974166403,2.72830046221,0.00549502201685,5.84541127532,-0.00678337013777,0.0620611482077
2915,0.085053160689,0.188226526395,-0.504480268943,2.70500687837,0.00544843484919,7.35170133897,0.00079356811491,0.0626087378618
2916,0.0741961947385,0.186931769088,-0.523814120677,2.7006044681,0.00543963002864,5.43008035724,-0.0107166088673,0.0520361484721
2917,0.0634005182009,0.188276860255,-0.468779274336,2.69914027878,0.00543670165001,3.94487256643,-0.0210884638377,0.0688203816109
2918,0.087002834005,0.199679752917,-0.602652320457,2.71852873098,0.00547547855439,7.75078840502,0.00272293384318,0.0662624496529
2919,0.0532215090665,0.198375791132,-0.528755742414,2.70009678122,0.00543861465487,2.85073419492,-0.0289854186276,0.0606793987849
2920,0.0989808701037,0.198497328328,-0.526045990406,2.71203656758,0.0054624942276,10.6358888468,0.0134473681886,0.0675603146485
2921,0.0843045423587,0.18624978821,-0.494135135796,2.70392232902,0.00544626575047,7.20316268559,-0.00160222843472,0.0558739677722
2922,0.0878308220688,0.191219762988,-0.530809077325,2.70587814791,0.00545017738826,7.92576406757,0.00298001325399,0.0612496361212
2923,0.0695808580549,0.204637226997,-0.59766124912,2.7216250712,0.00548167123485,4.74902451446,-0.0131431115456,0.0660820008623
2924,0.0529996820473,0.192857518062,-0.464767748868,2.69665757905,0.00543173625054,2.8297016676,-0.0309118658319,0.0558041321641
2925,0.0704683720237,0.202283913212,-0.503381717035,2.70796670577,0.00545435450398,4.87435690649,-0.011974322192,0.0638762668724
2926,0.0839196543551,0.205000517742,-0.645130575048,2.71215813687,0.00546273736617,7.12778639746,0.000593184036915,0.0626795447098
2927,0.0970844284345,0.187312070433,-0.480065323443,2.6990453859,0.00543651186425,10.1249075124,0.0114958996904,0.0591998680283
2928,0.0817304002724,0.184762490438,-0.511652478032,2.70544306484,0.00544930722212,6.71154890085,-0.00571006537036,0.0610517325388
2929,0.0646950238768,0.19123104333,-0.485352555257,2.70536378063,0.0054491486537,4.1037935737,-0.0190778584051,0.0588019660718
2930,0.0781790641048,0.209328084879,-0.640394239348,2.71372864744,0.00546587838732,6.07958839843,-0.00532672711371,0.063572495457
2931,0.0715740042381,0.207996498335,-0.628662165404,2.70375438782,0.00544592986808,5.03416943608,-0.00942133040534,0.0648069534193
2932,0.0853671464233,0.197884159244,-0.611824475939,2.7131465382,0.00546471416883,7.41476829463,0.00144980947865,0.0593905400499
2933,0.0599531277166,0.207166739385,-0.541784870481,2.72138054088,0.00548118217419,3.54451764616,-0.0207760126952,0.0682722004716
2934,0.0740247093547,0.193811424113,-0.517765608819,2.70996821499,0.00545835752241,5.40344308984,-0.00973178732135,0.0633388475739
2935,0.0945675441229,0.199590955922,-0.561830340095,2.70943306157,0.00545728721559,9.47997981929,0.010427314041,0.0656417381443
2936,0.0838861346155,0.197306646897,-0.560479733538,2.71543004694,0.00546928118633,7.12125352531,0.000327425739496,0.0625677425401
2937,0.0734878085973,0.203648128457,-0.611893891205,2.71266666578,0.00546375442401,5.32072929207,-0.0090593063149,0.0626684764255
2938,0.0941308003077,0.193535969074,-0.545975732787,2.71391687646,0.00546625484536,9.37179255185,0.00783735457246,0.0578733057571
2939,0.0924321901854,0.192288237818,-0.515228010653,2.7100718258,0.00545856474405,8.96114514233,0.00577164383061,0.0579968749459
2940,0.0871267183968,0.201948629472,-0.597257350688,2.71813095794,0.00547468300832,7.7767569831,0.00114361652371,0.0594092975707
2941,0.0806333008893,0.205223992839,-0.627517199563,2.71069743393,0.0054598159603,6.51074671403,-0.00268366027202,0.058939486776
2942,0.089368925988,0.201802465865,-0.517416214721,2.70670105836,0.00545182320915,8.2597752696,0.00663489857025,0.0624959806174
2943,0.0906784090379,0.182874555419,-0.50001644925,2.71018974319,0.00545880057882,8.55358163991,0.00430367713209,0.0565932066184
2944,0.112618978828,0.191814726769,-0.427101948007,2.70360018164,0.00544562145572,15.0350937351,0.0263747419697,0.0603686108357
2945,0.0796741040514,0.188265956003,-0.51292097381,2.70235732338,0.00544313573919,6.33931257157,-0.00543550608502,0.0578276712452
2946,0.0762215309228,0.203337503587,-0.558486494705,2.69964777399,0.00543771664043,5.7528523647,-0.00601117903775,0.0646000013742
2947,0.0845224736928,0.193559731806,-0.541560296658,2.71058977264,0.00545960063772,7.24613982225,-0.000309308033577,0.0603138873955
2948,0.0954867802212,0.191636265579,-0.541683693525,2.70396626985,0.00544635363215,9.71124337872,0.0102261446399,0.0592745704663
2949,0.0687975391374,0.197356912036,-0.605531806371,2.70904516438,0.00545651142119,4.64054580816,-0.0151808690596,0.0608215694967
2950,0.054282696485,0.192347456346,-0.590235505049,2.70682746752,0.00545207602748,2.95289676318,-0.029733853911,0.0570318721103
2951,0.0691874160914,0.201587051816,-0.522737144822,2.69270381386,0.00542382872017,4.69428994777,-0.0129483353513,0.0632895134654
2952,0.0894356087231,0.189845873701,-0.503767990703,2.7027695511,0.00544396019463,8.27452443473,0.00455792183202,0.0548366820714
2953,0.0881784613019,0.191383169237,-0.489659658216,2.70775256987,0.00545392623218,8.00022782625,0.00343773332916,0.0614864219673
2954,0.0977376833607,0.183006297834,-0.504868108055,2.70957339317,0.00545756787877,10.2984362059,0.0107514473255,0.054198567825
2955,0.0652347667535,0.194077598907,-0.572628433851,2.71007793601,0.00545857696447,4.17149622066,-0.018938304729,0.0573159927215
2956,0.0826623372481,0.198708253297,-0.617789044999,2.71545167898,0.0054693244504,6.88616713032,-0.00136105923607,0.0607202303459
2957,0.0771995505533,0.198341849903,-0.509868759366,2.71763016529,0.00547368142302,5.91424020259,-0.00564888564397,0.0624845570055
2958,0.0787325549045,0.19401379159,-0.576554061462,2.71183193156,0.00546208495556,6.17469556444,-0.00577606046906,0.0545416665022
2959,0.0560628770092,0.192765060334,-0.512584829328,2.70818909612,0.00545479928468,3.13015753885,-0.0277414475248,0.0556936768201
2960,0.0796395301485,0.19156094314,-0.470856230944,2.70154656352,0.00544151421949,6.33320408702,-0.00437613696382,0.0571513332544
2961,0.0681429050857,0.18804681912,-0.576233064013,2.71169380364,0.00546180869972,4.55140043014,-0.0160300848049,0.0633736926553
2962,0.100697023949,0.186587211654,-0.508655765248,2.70729431743,0.00545300972729,11.1176844271,0.0146601597887,0.0558091500865
2963,0.0709803042765,0.199378773122,-0.498359719414,2.70604982553,0.00545052074351,4.94784105692,-0.0127583594075,0.0617867166933
2964,0.0713018576196,0.192257549865,-0.57419422857,2.71607827141,0.00547057763525,4.99444878965,-0.0135883538482,0.0572298034688
2965,0.0583522869203,0.199198358851,-0.515160766806,2.71138607892,0.00546119325029,3.36938470342,-0.0245263851031,0.0598834689819
2966,0.0650744690438,0.19474722496,-0.556270959354,2.7098303569,0.00545808180623,4.15129964845,-0.0190769005327,0.0539253618975
2967,0.0742223820576,0.20213653667,-0.567327428752,2.71227823183,0.0054629775561,5.43415746698,-0.00804351387677,0.0597498047579
2968,0.0987068389555,0.199822848275,-0.523456056148,2.71552331737,0.00546946772718,10.560682854,0.0132143275931,0.0618822228103
2969,0.0738763528666,0.199066952897,-0.462689268308,2.7062006291,0.00545082235064,5.38048412475,-0.0102961499266,0.068175236936
2970,0.0830675035917,0.19682142573,-0.567437993422,2.69616425555,0.00543074960355,6.9632637875,0.00028922795294,0.0621250627541
2971,0.0744583430118,0.184955583942,-0.559173647334,2.69703377792,0.00543248864828,5.47100656141,-0.0107925349445,0.0583007242974
2972,0.0949306707994,0.189331798295,-0.562383060718,2.70352155015,0.00544546419274,9.57075651626,0.0092768127815,0.0525380462392
2973,0.0852718544784,0.206297704028,-0.583239872619,2.70719353924,0.00545280817092,7.39557978165,0.00111249601905,0.058387909762
2974,0.079363355225,0.19358012337,-0.44226750458,2.70558797036,0.00544959703315,6.28458494131,-0.00551092602983,0.05756080187
2975,0.0638133010543,0.194148427863,-0.491827564551,2.71518220236,0.00546878549717,3.99502417992,-0.0197854775202,0.0613117420789
2976,0.065465666801,0.205235420829,-0.55778650028,2.70311896604,0.00544465902452,4.20072215103,-0.0168235038809,0.0624747275886
2977,0.0543820649779,0.209944234118,-0.629247876568,2.71223965631,0.00546290040505,2.96259549806,-0.0281906011396,0.0540730759568
2978,0.0869695921007,0.195516351664,-0.588321215436,2.71485474445,0.00546813058134,7.74383283707,0.00144954388016,0.0588883077988
2979,0.0520694043728,0.211162223195,-0.632847995698,2.7038724815,0.00544616605543,2.74269416934,-0.029308590948,0.0590010749127
2980,0.0809404486536,0.196586169905,-0.487458760427,2.7088731892,0.00545616747083,6.56645145824,-0.00369201001703,0.0707493769576
2981,0.079253789293,0.196925528743,-0.626219191732,2.71333042299,0.00546508193842,6.26538243587,-0.00479546350084,0.0652779936802
2982,0.0939199909441,0.185918432315,-0.52208563973,2.69934362556,0.00543710834356,9.31995732252,0.00731447424907,0.0627866066182
2983,0.0682719389438,0.202737550251,-0.618292929206,2.71206519854,0.00546255148952,4.56886384058,-0.0147311081831,0.0573136496664
2984,0.0647153808348,0.189376055552,-0.473856529473,2.7065399574,0.00545150100724,4.10633151034,-0.0196908660309,0.0618673782823
2985,0.0827984154625,0.199924444606,-0.53384970405,2.70819405713,0.0054548092067,6.91198023681,-0.000908225569093,0.0661938855852
2986,0.0782214194052,0.195264841793,-0.432086806389,2.71790325554,0.00547422760351,6.08682332923,-0.00544899287649,0.0628610749189
2987,0.0875790111405,0.200966517115,-0.606578550632,2.71042141711,0.00545926392665,7.87219690521,0.0026384739045,0.064163134599
2988,0.0832660149351,0.193525462666,-0.547201972985,2.71769619934,0.00547381349111,7.00130133384,-0.00103499967679,0.0596051484856
2989,0.100206719577,0.196411026088,-0.568169198032,2.71818539533,0.0054747918831,10.9781127239,0.0145780694636,0.0638383068979
2990,0.0767057543798,0.202215200364,-0.600762723284,2.70323096592,0.00544488302428,5.83229839365,-0.00607577716527,0.0589341724215
2991,0.0825958673071,0.186427386834,-0.547612701249,2.71118989705,0.00546080088654,6.87358769408,-0.00298833196802,0.0610150787977
2992,0.088911160477,0.197760140182,-0.545696676776,2.70959305509,0.00545760720261,8.15913191487,0.00453031371802,0.0626788069111
2993,0.0687710772413,0.196326657079,-0.614626652725,2.71143156191,0.00546128421626,4.6369157929,-0.0146943175256,0.0640710247908
2994,0.0803290755115,0.192556803823,-0.55813989001,2.70951497004,0.00545745103251,6.45596081634,-0.0058100134538,0.0576876128112
2995,0.0851022361701,0.207116428563,-0.645596607431,2.70399842266,0.00544641793776,7.36152855002,0.00262896119622,0.0649847363232
2996,0.0982655794041,0.197509220638,-0.518325454593,2.70548552163,0.0054493921357,10.440563454,0.0146136493148,0.0599335596293
2997,0.0763568286169,0.187112069417,-0.5359553239,2.7113866945,0.00546119448144,5.77496063897,-0.00963753004356,0.0633648389847
2998,0.0847515238256,0.188003930657,-0.45142373772,2.69763545178,0.00543369199599,7.29154296535,-0.00141535529588,0.0557350784478
2999,0.0718606580338,0.195463099041,-0.552902755668,2.71090190604,0.00546022490452,5.07628108164,-0.0101328725431,0.0643116774131
3000,0.0669288628699,0.197429019137,-0.542475219339,2.70739630018,0.0054532136928,4.38965018216,-0.017474625131,0.0619750792474
3001,0.0714959038886,0.193983353988,-0.531175092917,2.70635442009,0.00545112993263,5.02274462867,-0.0124434841923,0.0573856753605
3002,0.0682102084567,0.193844025174,-0.494439944517,2.71036071899,0.00545914253042,4.56050267137,-0.0166695447914,0.0604744489851
3003,0.0904528147206,0.189530927302,-0.513845114846,2.70168663923,0.00544179437089,8.50233429652,0.00431336574821,0.0565634298733
3004,0.0993967050722,0.188648724193,-0.487472745433,2.71344136227,0.00546530381697,10.7509111981,0.0126975837428,0.0632547193865
3005,0.0704522992717,0.192552043204,-0.595009700259,2.71168747479,0.00546179604203,4.87206397313,-0.0136100232549,0.0610803497617
3006,0.10096893711,0.209631931332,-0.587830848288,2.70228245242,0.00544298599727,11.1957608716,0.0168381047224,0.0630457937289
3007,0.0818407002184,0.192684884914,-0.566857275276,2.71139724359,0.00546121557963,6.73202031132,-0.00303787407015,0.0613677348154
3008,0.0754320646365,0.197610990457,-0.566103116585,2.71123907553,0.00546089924349,5.62522669026,-0.00789327314661,0.0611919293082
3009,0.0694813865543,0.199713044867,-0.617675715025,2.72269385231,0.00548380879706,4.73513872404,-0.0131687738106,0.0631729076276
3010,0.100707935805,0.192235147283,-0.524557813719,2.69588876919,0.00543019863082,11.1208083514,0.0148898028827,0.0587134345184
3011,0.0965135886589,0.185255526714,-0.412777428702,2.69999198503,0.0054384050625,9.97537193137,0.00901463677062,0.0607130821534
3012,0.104497325262,0.196541912085,-0.614747258321,2.70616760043,0.00545075629331,12.2538017418,0.0194018393564,0.0621813286126
3013,0.0793402117677,0.195137911556,-0.591167134128,2.69352809545,0.00542547728334,6.28052476222,-0.00338138664277,0.0623460828191
3014,0.0847531408667,0.188144420456,-0.439229890972,2.70326874488,0.0054449585822,7.29186435394,-0.000111376928336,0.0588337095429
3015,0.0650128956555,0.192121129936,-0.475295757608,2.70876612323,0.00545595333889,4.14356194145,-0.0185373695014,0.0659082439361
3016,0.0817234797465,0.189456176978,-0.540223486625,2.69974600959,0.00543791311161,6.71026620657,-0.0030524117595,0.0591080654824
3017,0.0707929352573,0.197348532116,-0.543877840849,2.70908348759,0.00545658806761,4.92084363131,-0.0121813785058,0.0595914622164
3018,0.0499269228133,0.20231302485,-0.633093754352,2.70347473186,0.00544537055616,2.54948090876,-0.0316634998815,0.0586321420859
3019,0.0688965052115,0.189442998677,-0.519776107691,2.71359950319,0.00546562009881,4.654141804,-0.015783509563,0.0597357186907
3020,0.082967085399,0.203370163679,-0.53721276514,2.7150685089,0.00546855811024,6.94408854271,-7.6400921929e-05,0.0639500356621
3021,0.0871841367763,0.199159087101,-0.555268633939,2.7111889899,0.00546079907224,7.78881810802,0.00294730416469,0.0646456943595
3022,0.103115835979,0.192566604675,-0.470348306203,2.71096475542,0.00546035060328,11.8294324675,0.0168195903865,0.0547360026822
3023,0.0738030429878,0.193725681109,-0.523128904317,2.69899948656,0.00543642006556,5.3691682666,-0.0104192941208,0.0560201056944
3024,0.10592698428,0.198279712262,-0.577275087218,2.71777437636,0.00547396984515,12.7071663743,0.0196932322245,0.0668536725489
3025,0.0886057221495,0.185932827166,-0.50618225857,2.71643737854,0.00547129584952,8.09256483025,0.00255268219947,0.0579428402967
3026,0.0604740594798,0.192066004824,-0.509041843396,2.70912543804,0.00545667196852,3.60294936232,-0.0240119118628,0.0563913680723
3027,0.0733144582843,0.197080946936,-0.482179658419,2.70200181642,0.00544242472527,5.29424340785,-0.008842618576,0.0596599572401
3028,0.0840833518667,0.190062759468,-0.550993008327,2.71577358738,0.0054699682672,7.15976309451,-0.00212001648275,0.0611457153202
3029,0.0957167727579,0.196805496679,-0.549530463751,2.71148446015,0.00546139001273,9.76986838622,0.0108951457273,0.0660785878556
3030,0.0793315647664,0.193966227473,-0.492337204829,2.71455814442,0.00546753738127,6.2790083315,-0.00541934735362,0.0620063085165
3031,0.0899338750411,0.195916131058,-0.522495289727,2.70824850192,0.00545491809628,8.3854502991,0.00382035074149,0.0548496342011
3032,0.102796463158,0.183687888025,-0.537505100047,2.7025070348,0.00544343516204,11.733202686,0.0152518943704,0.057198951786
3033,0.0672260613579,0.207010450482,-0.625694845254,2.71703480226,0.00547249069697,4.42882264974,-0.0148533225663,0.0622229346166
3034,0.0714860333294,0.199358421436,-0.538721759103,2.72141584158,0.00548125277561,5.02130220814,-0.0119744316529,0.0662649921212
3035,0.099132499554,0.191055815471,-0.502469434287,2.71024647371,0.00545891403986,10.6777044568,0.0133568493504,0.0621115018662
3036,0.0894643462501,0.194287981356,-0.523129688343,2.70059895657,0.00543961900557,8.28088768351,0.00640063794387,0.0620141887019
3037,0.0837801109019,0.198183174238,-0.615756739188,2.7088151038,0.00545605130003,7.10062312422,-0.000376265178669,0.0620960684487
3038,0.0899153088296,0.198717952979,-0.633332373613,2.70846806402,0.00545535722049,8.38129423734,0.00600729988081,0.0605926144288
3039,0.0828164650776,0.197009469441,-0.527718545718,2.69889995329,0.00543622099903,6.91541022198,-0.00085522998577,0.0593602073977
3040,0.0826730873807,0.203170358332,-0.583815628186,2.71027012177,0.00545896133598,6.88820340747,-0.00117230616834,0.0637626257765
3041,0.0721151433879,0.192677655752,-0.586230206124,2.70664544403,0.0054517119805,5.11390361503,-0.0132541440753,0.0581413848502
3042,0.101083572613,0.183432209589,-0.426011894833,2.6988082055,0.00543603750344,11.2288217638,0.0129109653946,0.0635693852795
3043,0.0872368036814,0.199688724206,-0.524117808441,2.69926736537,0.00543695582317,7.79989516532,0.00421214745405,0.0625051907601
3044,0.0727047016099,0.193659998134,-0.5922425302,2.72198629226,0.00548239367697,5.20192503058,-0.0122623938457,0.0622669237053
3045,0.0884595302297,0.185348536473,-0.469649917517,2.70275427247,0.00544392963738,8.06086868306,0.0015987018118,0.0564334594796
3046,0.0767175133853,0.186582030805,-0.490823047117,2.70890376742,0.00545622862727,5.83423881431,-0.00894233028038,0.0635989581604
3047,0.0831772887344,0.187375599093,-0.498435078956,2.71040300382,0.00545922710007,6.98427861197,-0.00334015140984,0.0633365769747
3048,0.0949556080749,0.194271776175,-0.54194731624,2.71125532651,0.00546093174546,9.57701815944,0.00807772531524,0.0561298869307
3049,0.0836370447761,0.195130883684,-0.602908641252,2.71215908441,0.00546273926127,7.07286476539,-0.00129460806242,0.0591114852857
3050,0.0652571925308,0.196624411244,-0.570492206261,2.71521282411,0.00546884674067,4.17432780104,-0.0187387186921,0.0601724784109
3051,0.0832531661839,0.196143753799,-0.58446843475,2.71032069999,0.00545906249242,6.99883405493,-0.00135382195976,0.0637795163439
3052,0.087340341216,0.190672285777,-0.499080560435,2.71155353286,0.00546152815816,7.82171063027,0.00167263310714,0.0578320277577
3053,0.0977199401994,0.184737827211,-0.475341179325,2.70807948646,0.00545458006536,10.2936887686,0.0113253889544,0.0583503214123
3054,0.0842190650026,0.200109921887,-0.546978369134,2.71350542194,0.00546543193631,7.18636500086,-1.96577714954e-05,0.0591332528363
3055,0.0722654060125,0.193885781859,-0.567080495198,2.71246532771,0.00546335174786,5.13622316472,-0.0113387877883,0.0570510707653
3056,0.0756130302392,0.205707398164,-0.610998529286,2.72017679426,0.00547877468095,5.65427519788,-0.0074432292983,0.0582415825591
3057,0.0758540585186,0.192454889221,-0.507969964369,2.71049736251,0.00545941581746,5.69315516995,-0.00809307879085,0.056730929476
3058,0.0727631635116,0.203132567413,-0.59543106663,2.72315175634,0.00548472460511,5.21071953526,-0.0089692466447,0.063110681708
3059,0.0728427500136,0.192461305485,-0.534803141339,2.71134651533,0.0054611141231,5.22271111819,-0.0109729272632,0.0561208365031
3060,0.0705575535674,0.197160948692,-0.54302314409,2.69909884287,0.00543661877818,4.88709516465,-0.0118231054875,0.0617082498556
3061,0.0701498877458,0.203463647978,-0.565943482134,2.71565675449,0.00546973460141,4.82908212951,-0.0108213067573,0.0640891102647
3062,0.0728196071462,0.195223515385,-0.543688128142,2.7045253755,0.00544747184344,5.21922180588,-0.010801789133,0.0602144422291
3063,0.074602561814,0.195286579313,-0.49307988104,2.70427616802,0.00544697342849,5.49362846927,-0.00878394016464,0.0596807567529
3064,0.0688498214726,0.193016232551,-0.5620130517,2.70625631494,0.00545093372232,4.64772445301,-0.0153778159534,0.0595156637738
3065,0.105011233456,0.198785713397,-0.54939155445,2.70873030287,0.00545588169817,12.4150836474,0.0197675065612,0.0626023838378
3066,0.0688675480078,0.198283296435,-0.551260308644,2.70936002535,0.00545714114315,4.65016039488,-0.0152068393699,0.0634376375008
3067,0.0847881826769,0.193647968929,-0.54237041571,2.70301136688,0.00544444382621,7.29883189291,0.00102484626386,0.0588627314433
3068,0.0945970715953,0.191864352865,-0.530636995177,2.71305417678,0.005464529446,9.48733319619,0.00776077342259,0.0558163484424
3069,0.0612507890775,0.190556891665,-0.503010879437,2.70274314824,0.00544390738893,3.69141684887,-0.0226934440516,0.0652460042391
3070,0.0774265228304,0.191757310331,-0.597074337256,2.7107485363,0.00545991816503,5.9522207891,-0.00648622372522,0.059734743593
3071,0.0682909872495,0.202311392312,-0.628308651375,2.70793706463,0.00545429522169,4.57144630383,-0.0138186137376,0.0631099121244
3072,0.0751204411556,0.189501808374,-0.515325555036,2.7023435708,0.00544310823403,5.57549058023,-0.00936382964734,0.0602674856223
3073,0.0778397465867,0.191934470755,-0.532122634984,2.71304553699,0.00546451216641,6.0218835934,-0.00670711493045,0.0558028733301
3074,0.10026668585,0.186966506345,-0.495983291601,2.70468364016,0.00544778837276,10.9950995916,0.0131494197582,0.0628408816944
3075,0.0767781519498,0.200370464881,-0.532271886405,2.69457999546,0.00542758108335,5.84425354507,-0.00562551649269,0.0598767433833
3076,0.0835954191791,0.196330885929,-0.509026850388,2.70606389728,0.00545054888699,7.06480556428,-0.00118030053087,0.0600683296379
3077,0.085860109296,0.201016535391,-0.559050658455,2.70240325664,0.00544322760571,7.51470928805,0.00145660804191,0.0583349100429
3078,0.0786173043378,0.190287264068,-0.426591040804,2.70058629649,0.00543959368542,6.15479116593,-0.00707229459934,0.0562417177902
3079,0.0660621334421,0.195197597381,-0.492707742888,2.70693595525,0.00545229300295,4.2769561637,-0.0171780321333,0.0560983667383
3080,0.0566248518762,0.202640816658,-0.554120891557,2.71431317876,0.00546704744996,3.18768584954,-0.0249232215721,0.0616500129957
3081,0.083213104167,0.206236064767,-0.597128211524,2.70461342807,0.00544764794857,6.99114584955,0.000724306884421,0.06835776121
3082,0.0713647299289,0.193455452349,-0.509459101479,2.70680090852,0.00545202290949,5.00360280569,-0.0127985697018,0.0641120028791
3083,0.0727502508093,0.189946137632,-0.498066365456,2.71008830414,0.00545859770072,5.20877602845,-0.0120326668464,0.0603196528213
3084,0.0954263790132,0.183960640563,-0.40828525809,2.70746786757,0.00545335682757,9.69589808242,0.00748099079781,0.0617578712299
3085,0.0780596134247,0.189426105522,-0.514568828712,2.70290903527,0.00544423916297,6.05922263951,-0.0073009668022,0.0589820237924
3086,0.0937798676465,0.197861014056,-0.552840456249,2.7039393835,0.00544629985944,9.28564077031,0.0101820808297,0.0662973578827
3087,0.0901187286618,0.193004018411,-0.503871647352,2.70019860616,0.00543881830475,8.42692661473,0.00681422866988,0.0644006802146
3088,0.0892538228766,0.18846775994,-0.534271007801,2.70424704955,0.00544691519154,8.23436933248,0.00301699074159,0.0612545728449
3089,0.0823889897509,0.18741992227,-0.518565420745,2.69835658555,0.00543513426354,6.83455946938,-0.0033383376126,0.0575182652177
3090,0.0715051371557,0.187821218724,-0.528779835201,2.70800806952,0.00545443723148,5.02409422015,-0.0127694094744,0.0560573610347
3091,0.0753326512456,0.198770194836,-0.587954716879,2.69884622508,0.00543611354261,5.60932083277,-0.00827777707129,0.0508403848762
3092,0.0608387278062,0.190304248674,-0.492977722084,2.70611929739,0.00545065968723,3.64428250305,-0.02370995273,0.0545867375901
3093,0.0788018127436,0.200197780988,-0.572940475979,2.71038095132,0.00545918299508,6.18668236939,-0.00424023374496,0.0684251393174
3094,0.0922182698561,0.187690696047,-0.582129501591,2.70851313166,0.00545544735577,8.91055099142,0.00642653583218,0.0614778755543
3095,0.0850269921932,0.204636994651,-0.573174300992,2.71088227902,0.00546018565048,7.34646572055,0.00292408534376,0.0694255674114
3096,0.0857323639865,0.195483741514,-0.615007761487,2.6990710917,0.00543656327584,7.48870179058,0.00260658820717,0.059797722265
3097,0.0436196820159,0.187819718768,-0.485395668837,2.70257094089,0.00544356297422,2.03475873204,-0.0405158785868,0.0624297735084
3098,0.0607260511623,0.204307392474,-0.599027590692,2.7104980334,0.00545941715923,3.63147327819,-0.020301387322,0.0621327444002
3099,0.0904817080939,0.200143861273,-0.599524154214,2.70432985508,0.0054470808026,8.50888309679,0.00610104232774,0.0614132223821
3100,0.0866287648659,0.189254618212,-0.539576827388,2.70787480277,0.00545417069799,7.6728238047,0.00212653514391,0.058922111363
3101,0.0748119492975,0.201488216107,-0.577625275248,2.70848835156,0.00545539779557,5.52660801729,-0.00832555394349,0.0648708392161
3102,0.0661340376412,0.199076368446,-0.54982608323,2.71147174617,0.00546136458478,4.28621843836,-0.017775724773,0.0561487800552
3103,0.075600034404,0.192652905477,-0.570027837801,2.71051737724,0.00545945584691,5.65218503794,-0.00913077045597,0.0543762234375
3104,0.0858895809055,0.188439296764,-0.503675871249,2.71325832757,0.00546493774758,7.52072024157,0.00109756660434,0.0551615038001
3105,0.110321750558,0.199158981574,-0.626132631925,2.70317428478,0.00544476966199,14.196103765,0.0245686632276,0.0618178218506
3106,0.0902113893072,0.194831812967,-0.530736392492,2.70311505114,0.00544465119473,8.44778349719,0.00587836730091,0.0615098801339
3107,0.0841279166897,0.201733392376,-0.61895268889,2.72138712815,0.00548119534875,7.1684893207,-3.74155925336e-05,0.0585691004861
3108,0.0730590493331,0.186990174726,-0.467570425915,2.71706570994,0.00547255251231,5.25541428997,-0.0117399015369,0.055747561162
3109,0.0687563692827,0.199999593838,-0.543157528697,2.70762228148,0.0054536656554,4.63489914185,-0.01466685769,0.0578925604927
3110,0.103667531303,0.18913431289,-0.431480760993,2.71080753668,0.0054600361658,11.9973126307,0.0159350909471,0.0604371028753
3111,0.0859011621721,0.212113567039,-0.644299150845,2.70071226805,0.00543984562854,7.5230834434,0.00425790703857,0.0673202180162
3112,0.0816347305998,0.190632954506,-0.509704334745,2.71414471522,0.00546671052288,6.69383504887,-0.00274516676564,0.0573748315612
3113,0.071925133628,0.193228030154,-0.503512947871,2.70184455851,0.00544211020946,5.08579189579,-0.0129981665132,0.0585295956214
3114,0.106572691764,0.185753933592,-0.429004551417,2.70719332271,0.00545280773785,12.9167832616,0.0181847632199,0.0630919612529
3115,0.0632340565972,0.202844056544,-0.597576718044,2.70944698642,0.00545731506527,3.92478538878,-0.0206649809662,0.0585790890912
3116,0.064241378764,0.19833864028,-0.577973106389,2.70626414855,0.00545094938953,4.04755052244,-0.0184580677131,0.0550734063374
3117,0.0651440708026,0.206029139469,-0.633871557082,2.71215177914,0.00546272465073,4.16005972874,-0.0176236098116,0.0582211662094
3118,0.069345830659,0.191403911534,-0.515593165973,2.70746038552,0.00545334186349,4.71626761804,-0.0153102585638,0.0583929192173
3119,0.0757869380812,0.203598866757,-0.580670790928,2.70811369245,0.00545464847733,5.68230616627,-0.00694713244079,0.057709065505
3120,0.0709798591417,0.200894096603,-0.534963290778,2.71301523155,0.00546445155554,4.94777677876,-0.0137035372795,0.0551224643007
3121,0.0742566392527,0.209277654657,-0.599980417087,2.70838520571,0.00545519150385,5.43949473047,-0.00813986851008,0.0636670143271
3122,0.0712130965205,0.205319383497,-0.608415559537,2.71197260499,0.00546236630242,4.98154828984,-0.0109758206741,0.0589632927424
3123,0.0624443319243,0.206948017726,-0.638370571759,2.71463261694,0.00546768632632,3.8305523526,-0.0189372522281,0.0597478356403
3124,0.0818306925717,0.204438281034,-0.609096933227,2.7030045384,0.00544443016924,6.73016076231,-0.000592917389733,0.0603430520785
3125,0.0808343938021,0.1972073946,-0.523198931092,2.70693819239,0.00545229747721,6.54717245079,-0.00176261922543,0.0588990245947
3126,0.0898188320738,0.196191541479,-0.544747141487,2.71462630403,0.00546767370049,8.35972630941,0.00520222844045,0.0546637167954
3127,0.0711824809304,0.205673366178,-0.635650678342,2.71258217371,0.00546358543986,4.97710482821,-0.0110007364063,0.0601022799147
3128,0.0533016283709,0.196805832959,-0.463546696995,2.70791286453,0.0054542468215,2.85835797301,-0.0294087251136,0.0605933573034
3129,0.0568577859641,0.195846657758,-0.54577423446,2.71333796463,0.0054650970217,3.21175605631,-0.0261480431385,0.0642179839344
3130,0.0739708483633,0.196373240104,-0.583114087432,2.70627800133,0.00545097709509,5.39509864199,-0.0103197462186,0.0574835751907
3131,0.0724423617875,0.190060030644,-0.483745254995,2.70869330367,0.00545580769977,5.16260809841,-0.0122075670784,0.0589230494122
3132,0.0629346965388,0.187070896335,-0.59775169418,2.70790204609,0.00545422518461,3.8888584106,-0.0215139196962,0.0676560547364
3133,0.0562503969072,0.199746957677,-0.571264198716,2.70975579558,0.0054579326836,3.14926859591,-0.0258363799539,0.0582746121927
3134,0.0692858569185,0.190230702616,-0.471488725268,2.69540489339,0.00542923087921,4.70793757452,-0.015156721391,0.0593455082173
3135,0.0871409630074,0.201882937089,-0.630072166445,2.71351187959,0.00546544485162,7.77974767611,0.00419856170663,0.0623247957109
3136,0.083031758071,0.197059247184,-0.601074608828,2.70727541142,0.00545297191529,6.95643294532,-0.00120041283137,0.0628458556147
3137,0.082306627141,0.196751689954,-0.597954020828,2.70490120037,0.00544822349317,6.81907328324,-0.00261916241848,0.0609821365862
3138,0.0638698053826,0.191615573572,-0.488066856138,2.7068258126,0.00545207271764,4.0019271898,-0.0209378905275,0.0577338999722
3139,0.0983618964619,0.193136665854,-0.507007680684,2.70789434804,0.00545420978851,10.4666799947,0.011810958035,0.0637625447937
3140,0.0707458908049,0.195344473462,-0.546907330006,2.7068239383,0.00545206896904,4.91408366976,-0.0130312996571,0.0620267935997
3141,0.0836467438487,0.190664320333,-0.478375054469,2.7068074715,0.00545203603544,7.07474373109,-0.00218085361718,0.0582048170493
3142,0.0761598604703,0.199851353888,-0.616171493828,2.71431842435,0.00546705794113,5.74279815678,-0.00657130878922,0.0570917676808
3143,0.0636764270655,0.185918733882,-0.508051142281,2.70360613015,0.00544563335273,3.9783405341,-0.021494312971,0.0561513774582
3144,0.0777364720518,0.186959546538,-0.522403024207,2.70739085013,0.0054532027927,6.00441054036,-0.00817807138841,0.066644235612
3145,0.0857793913691,0.191286920301,-0.541198425853,2.71596143383,0.0054703439601,7.49826713657,0.000715844792051,0.0615681911186
3146,0.0872094716067,0.191466458868,-0.512642539776,2.71610922408,0.0054706395406,7.794144929,0.00230411134985,0.0608110834211
3147,0.102011479596,0.193274485719,-0.472439596018,2.72023693668,0.00547889496579,11.4996206337,0.0164071822915,0.0644174090469
3148,0.0820767769241,0.195268332803,-0.510931834492,2.70780137821,0.00545402384885,6.77601134538,-0.00371694425325,0.0598711596555
3149,0.0804365774201,0.194530222305,-0.58948825448,2.71162885296,0.00546167879835,6.47527606326,-0.00294026588299,0.0626872696584
3150,0.077956513877,0.197397813291,-0.612809104889,2.70858492897,0.00545559095039,6.04168997325,-0.00650893714343,0.0595611030413
3151,0.0837322189205,0.202945917622,-0.555335137569,2.71940095627,0.00547722300497,7.09132069482,0.000773538660444,0.0633224118738
3152,0.0965315491438,0.192064062402,-0.44348367674,2.70552353911,0.00544946817067,9.98004722,0.0108918868068,0.0581314952201
3153,0.0971061051769,0.190590289914,-0.501697997482,2.70263084658,0.0054436827856,10.1306243237,0.0113342880803,0.0593033035158
3154,0.0806903170668,0.198817573588,-0.518127261752,2.70316640783,0.00544475390809,6.52105735228,-0.00203453023095,0.0622188725473
3155,0.0816981858794,0.188991243738,-0.458958007212,2.70984749777,0.00545811608799,6.70557982526,-0.00259732481699,0.0577564920232
3156,0.0943658911299,0.191350775898,-0.562498511304,2.70622262366,0.00545086633975,9.42989352469,0.00731962402188,0.0530782266589
3157,0.0790129694954,0.185666948533,-0.479515057247,2.69813987728,0.00543470084699,6.22334730793,-0.00524554209596,0.0596973992311
3158,0.0725764793142,0.197011530689,-0.512525929806,2.70554019908,0.0054495014906,5.18267828568,-0.0102374995104,0.0607529767843
3159,0.0639258311421,0.206853158518,-0.608740630719,2.71108415822,0.00546058940888,4.00878079017,-0.0191569409136,0.0557314417316
3160,0.0726110489823,0.196180181678,-0.514094192374,2.71273741645,0.00546389592534,5.18786168649,-0.0115311566276,0.059002066237
3161,0.0691659183407,0.194331525127,-0.50874990897,2.72097558978,0.005480372272,4.69131372237,-0.0150043783978,0.0616523537629
3162,0.0996098898595,0.201205355544,-0.525611158534,2.71353567875,0.00546549244994,10.8103024707,0.0158211822868,0.0659194244701
3163,0.0591904933578,0.187567990897,-0.472761387718,2.70582118829,0.00545006346902,3.46025938414,-0.0256584602609,0.0556931567227
3164,0.0880573063098,0.191957170305,-0.556415511944,2.70568789939,0.00544979689121,7.97420906753,0.00343014021414,0.0640987378032
3165,0.0498883383794,0.206251283352,-0.574534148443,2.71380521053,0.0054660315135,2.54609079231,-0.0319589058978,0.0621901413499
3166,0.067971561524,0.18813913795,-0.516639710132,2.70403051647,0.00544648212537,4.52829220627,-0.0169233992559,0.0593205048109
3167,0.0947661359011,0.19246372859,-0.493081792344,2.71012046495,0.00545866202233,9.5295317604,0.00846825677521,0.0624827019565
3168,0.0799704322863,0.196193845488,-0.565366359231,2.71261534733,0.0054636517871,6.39186861999,-0.00406894863557,0.0578062500353
3169,0.100032251592,0.195454486729,-0.527547939148,2.70774862343,0.00545391833929,10.9288219784,0.0151704655382,0.0590702681881
3170,0.0914601699459,0.199209529959,-0.562078967902,2.71431203965,0.00546704517175,8.73323520895,0.00672498778124,0.0578844372841
3171,0.0677509121898,0.202669138823,-0.530513402009,2.70633512157,0.00545109133558,4.49867058104,-0.0145889139051,0.0580133396943
3172,0.0754887444996,0.192521250821,-0.57309511364,2.70474186103,0.0054479048145,5.63431177379,-0.0091302799211,0.053235559471
3173,0.101867370498,0.18611822579,-0.545666276673,2.70296240633,0.00544434590509,11.4571891177,0.0144247937543,0.0573863555804
3174,0.105589840274,0.198881605723,-0.608654903384,2.71213373722,0.00546268856688,12.5989286296,0.0190745161966,0.0572120027157
3175,0.0661340376412,0.199076368446,-0.54982608323,2.71147174617,0.00546136458478,4.28621843836,-0.017775724773,0.0561487800552
3176,0.0887475478752,0.186645610054,-0.489990646092,2.6980504698,0.00543452203205,8.12341620212,0.00388227693707,0.0531979417241
3177,0.083404677275,0.188197391281,-0.47879445207,2.71059253062,0.00545960615368,7.02797454681,-0.00197021035701,0.0635783451226
3178,0.0727652747964,0.203740053851,-0.645374394081,2.7092927918,0.00545700667604,5.211037363,-0.0105376956994,0.063481793785
3179,0.0718219489147,0.191574171698,-0.485288394959,2.70623770494,0.00545089650232,5.0705779555,-0.0128820777962,0.0604503194199
3180,0.0696350662764,0.199490135649,-0.537851076579,2.71886269254,0.00547614647752,4.75660535018,-0.0138008064996,0.0588815568532
3181,0.0828903475286,0.195260826508,-0.531898420671,2.70948043047,0.00545738195338,6.92946508305,-0.000336577298328,0.0557385834088
3182,0.0584821807658,0.198356555154,-0.552825272556,2.71368815163,0.0054657973957,3.3833497141,-0.0247808201875,0.0590653261805
3183,0.0918332280229,0.187703325336,-0.527650678616,2.70888969789,0.00545620048821,8.82010698622,0.00588797545949,0.0659652307737
3184,0.0954363526451,0.201823795185,-0.571705622779,2.71502219208,0.0054684654766,9.6984304867,0.0122098400047,0.0594904803619
3185,0.0828414238528,0.193994439955,-0.512088173615,2.70158869409,0.00544159848062,6.92015551682,-0.0016118237531,0.0576791495917
3186,0.0703940362414,0.190054510822,-0.547241346172,2.70369359923,0.0054458082909,4.86375940067,-0.0139194704766,0.0596585106094
3187,0.0894779114155,0.190972874783,-0.475247347598,2.71299585657,0.00546441280557,8.28389282829,0.00381709507741,0.0632088583684
3188,0.0870826641856,0.192300145267,-0.632478171624,2.71763911077,0.00547369931397,7.76751388504,0.0023977153366,0.0614911755736
3189,0.0856589971071,0.188679719971,-0.502365863359,2.71021711468,0.0054588553218,7.47379967453,-3.13496719782e-05,0.0623882918619
3190,0.097406040806,0.195398862228,-0.594939694758,2.71179020844,0.00546200150933,10.210016936,0.0112664315734,0.0638099025014
3191,0.0871111394311,0.188371605711,-0.501100211504,2.71251555617,0.00546345220477,7.77348726026,0.00133931576483,0.065640968928
3192,0.0955952983325,0.187389520181,-0.483329749811,2.70552231261,0.00544946571765,9.73886626592,0.0099264891275,0.0624886413584
3193,0.0601650392836,0.196555053699,-0.622527853121,2.71336181991,0.00546514473226,3.56820070425,-0.0225943295195,0.0584432143234
3194,0.0686294896119,0.191596783421,-0.568005170315,2.71496343958,0.0054683479716,4.61753108192,-0.0166580204666,0.0598392608624
3195,0.0654470196902,0.202508302489,-0.608099080993,2.71223814847,0.00546289738938,4.19835603006,-0.0160729852066,0.0645873269847
3196,0.0839781574605,0.202855500859,-0.571490036222,2.71739604071,0.00547321317386,7.13920054214,0.000120336919986,0.0581454504387
3197,0.0398228449535,0.206058949163,-0.62737547574,2.71764051693,0.0054737021263,1.76036452586,-0.0433371111682,0.0559434357336
3198,0.096852176605,0.203120894484,-0.573136655718,2.70664505693,0.00545171120631,10.063832603,0.0112922947063,0.0595554003333
3199,0.0481536769732,0.199627649482,-0.592417303986,2.71009760704,0.00545861630653,2.39685475486,-0.0341360467695,0.0568527330586
3200,0.067554956647,0.193009423071,-0.532457415961,2.71180945658,0.0054620400056,4.47249203625,-0.0175935086234,0.0651654314492
3201,0.052793799261,0.194386013369,-0.519971702432,2.70548755511,0.00544939620266,2.81027976185,-0.0313086367648,0.0596848954032
3202,0.0979848677069,0.194342182,-0.548063643605,2.70922112501,0.00545686334245,10.364773828,0.0127778594623,0.05662122577
3203,0.0668936890932,0.195206001693,-0.453562409755,2.7029053284,0.00544423174923,4.38503210313,-0.0167334417024,0.0641191104256
3204,0.082089809382,0.195616029067,-0.481045765481,2.7182533442,0.00547492778085,6.77844683758,-0.00127061000533,0.0565664616915
3205,0.081009899348,0.18829622317,-0.575113187739,2.70470973319,0.00544784055882,6.57910208783,-0.00465179814219,0.0628757156532
3206,0.0582906686609,0.195341747332,-0.610742871933,2.7037550625,0.00544593121744,3.36277503576,-0.0239843822655,0.0661106742473
3207,0.0681423939415,0.18461774766,-0.552374116753,2.70177527768,0.0054419716478,4.55133135684,-0.015988366856,0.0577560282967
3208,0.0626772735912,0.196268464067,-0.483750746494,2.70995442768,0.00545832994779,3.85816606298,-0.0212401298292,0.0612238003979
3209,0.0938515255033,0.195224343848,-0.543904461969,2.71622614704,0.00547087338652,9.30317623058,0.0082348280762,0.0637212881505
3210,0.0581480884304,0.201253094123,-0.630983601818,2.72041056006,0.00547924221256,3.34751757993,-0.0245984155838,0.0595996604214
3211,0.0769356846426,0.198050452502,-0.531927752174,2.69567898976,0.00542977907196,5.87033676647,-0.00646882325911,0.0587551115928
3212,0.0975469403365,0.203080743162,-0.596471572952,2.70025951213,0.00543894011671,10.2475005867,0.0136795232679,0.0617098477084
3213,0.0784933327124,0.181892291588,-0.436508808243,2.69651421547,0.00543144952337,6.13343987051,-0.00822017413062,0.0637489562701
3214,0.0837941310394,0.191484737247,-0.502159359448,2.71044213644,0.00545930536531,7.1033483091,-0.000277990645763,0.0615281665122
3215,0.0697517464831,0.191278119115,-0.484244904252,2.70551843511,0.00544945796266,4.772955305,-0.0149116237787,0.0703757550088
3216,0.065052814945,0.193663574969,-0.605404879139,2.71364773006,0.00546571655255,4.14857718039,-0.0187983399595,0.0635244159728
3217,0.0690798974492,0.19248517238,-0.575256521465,2.71055299743,0.0054595270873,4.6794196428,-0.0152280165862,0.065665716848
3218,0.0714169124143,0.195150412306,-0.563482011034,2.71408321105,0.00546658751455,5.01121062221,-0.0130499173063,0.0579556206759
3219,0.0777437863458,0.191682980166,-0.524692976398,2.70472369559,0.00544786848362,6.00564667132,-0.00702524537215,0.0576301212324
3220,0.0658528855067,0.194622837356,-0.531827200455,2.70575758142,0.00544993625527,4.25009077529,-0.0172968457334,0.0632422393253
3221,0.123506658048,0.191226522196,-0.476890561925,2.70205707858,0.0054425352496,19.6555206283,0.0351213638024,0.0578263550655
3222,0.0876520997817,0.18469632009,-0.484484860436,2.69361483081,0.00542565075405,7.88771296136,0.000787412931013,0.0658667805349
3223,0.0713225319424,0.197041527459,-0.60093435571,2.70850690442,0.00545543490128,4.99745742585,-0.0113147219283,0.0605658652764
3224,0.0897930523674,0.184672361611,-0.495387458972,2.69914141656,0.00543670392556,8.35397118649,0.00348161078822,0.0619105596782
3225,0.06414642687,0.194711451341,-0.565932436889,2.70254258717,0.00544350626677,4.03585401827,-0.0192000103039,0.0607017366939
3226,0.0983841368134,0.188213526026,-0.4896026778,2.70100415292,0.00544042939827,10.4727186471,0.0113487652163,0.0520285764638
3227,0.0761051235696,0.196994654693,-0.470445763526,2.69886855795,0.00543615820833,5.73388639279,-0.00760332007412,0.0569050171794
3228,0.0762256992478,0.20410427818,-0.6003708381,2.71246963469,0.00546336036182,5.75353245159,-0.00635640624206,0.0635748025237
3229,0.0781807059228,0.193877078424,-0.486523128088,2.70884014829,0.00545610138902,6.0798687136,-0.00613452073203,0.0584552370621
3230,0.076810846072,0.205323387618,-0.540463312778,2.69347493364,0.00542537095972,5.84965897944,-0.00539043970293,0.0652120985508
3231,0.0762058447432,0.196909319832,-0.560403007295,2.71007195464,0.00545856500172,5.75029366189,-0.00813525794508,0.0578499096954
3232,0.085819832172,0.194343716145,-0.564991293156,2.70485902702,0.00544813914648,7.50650106308,0.0010814491257,0.0635023582703
3233,0.072999317628,0.191492834196,-0.569532778051,2.70822505225,0.00545487119694,5.2463667313,-0.01107449961,0.0679379080554
3234,0.0726370618678,0.186634401353,-0.54366898319,2.70544602077,0.00544931313398,5.191764832,-0.01152060188,0.0656697824793
3235,0.074147216451,0.195729239087,-0.49470153423,2.71541540843,0.00546925190929,5.42246158336,-0.0101398371106,0.0550086568012
3236,0.074527092631,0.200440123211,-0.546885927221,2.70477148745,0.00544796406734,5.48178103801,-0.00905797147334,0.0566404902839
3237,0.0644495855127,0.191568798788,-0.535418094706,2.70784268454,0.00545410646152,4.0732896624,-0.020376451643,0.0686191445802
3238,0.0845741775447,0.18499651635,-0.456913480237,2.69990242826,0.00543822594896,7.25636780754,-0.00238363261634,0.0681643613605
3239,0.0876434363382,0.201492073023,-0.524390697475,2.71014329193,0.00545870767629,7.88587242867,0.00521382596509,0.0602348235716
3240,0.0828787459117,0.191108499323,-0.541282799173,2.70522394042,0.00544886897328,6.92725648859,-0.000643094001671,0.0634559475898
3241,0.0768535933244,0.194462294056,-0.590124088494,2.70285140004,0.00544412389252,5.85673272577,-0.00729261917798,0.0549897607713
3242,0.0698034480275,0.19426114212,-0.483415820065,2.7105076374,0.00545943636725,4.78021431387,-0.014404270471,0.0552238587642
3243,0.0768539150059,0.200300973176,-0.536397655489,2.71296639194,0.00546435387631,5.85678598372,-0.00543842175132,0.0640242526053
3244,0.0624353247962,0.203496595475,-0.641542278199,2.71030559574,0.00545903228393,3.82948765288,-0.0182279086047,0.067855087114
3245,0.0846152795072,0.193504268968,-0.524131782555,2.70059021555,0.00543960152354,7.26450724327,-0.00123030962971,0.0614966182322
3246,0.0803505869076,0.195872053266,-0.515463569941,2.70981967968,0.0054580604518,6.45982200008,-0.00232815078709,0.0639188708487
3247,0.104786625941,0.198526564747,-0.485828745586,2.71376442974,0.00546594995192,12.3443633507,0.019453681705,0.0637654862356
3248,0.0634223969167,0.208612286742,-0.623744256287,2.7023067169,0.00544303452624,3.94751855509,-0.0185975124104,0.0662893936366
3249,0.0721391395992,0.189159850168,-0.526003023245,2.71076371826,0.00545994852895,5.11746269352,-0.0125010667491,0.0631049444654
3250,0.0645098033356,0.204262525252,-0.582190130315,2.71276168459,0.00546394446163,4.08075746763,-0.0170025370117,0.0705396813248
3251,0.0539883174921,0.19819824355,-0.571371910838,2.72500584668,0.0054884327858,2.92429806447,-0.0282770409206,0.0595260419339
3252,0.0948035296402,0.199064549317,-0.457123320568,2.69869508089,0.00543581125421,9.53888728743,0.0111597394149,0.0614577846525
3253,0.0854162132682,0.194925140586,-0.5534282004,2.7169135497,0.00547224819184,7.42466510585,0.000517708207114,0.0578126030507
3254,0.0715707704249,0.195857251504,-0.547903640742,2.71715893713,0.00547273896671,5.03369596868,-0.0115686809195,0.0639898751541
3255,0.0676535449016,0.197603651203,-0.596367890906,2.70950357323,0.0054574282389,4.4856478505,-0.0150846126737,0.065899730742
3256,0.0539096587189,0.183429650781,-0.526446562814,2.69936922547,0.00543715954338,2.91669017032,-0.0310183513586,0.0611237338025
3257,0.0959273268786,0.19672638749,-0.482105408972,2.7099759572,0.00545837300683,9.82380896899,0.0119430483937,0.0577952696005
3258,0.054997432951,0.20344561258,-0.57237814784,2.71555322282,0.00546952753808,3.02316926446,-0.027394954844,0.0584158152037
3259,0.0581478978051,0.197179836301,-0.478182374915,2.70753931799,0.00545349972842,3.34749721557,-0.0258380135719,0.0581781577889
3260,0.0845578799748,0.191852095153,-0.582389830492,2.70658054099,0.00545158217442,7.25314252875,-0.000296954561253,0.0577636647809
3261,0.0908674665158,0.208000023717,-0.600397850693,2.70523729782,0.00544889568807,8.59673363876,0.00857240609182,0.0605952941785
3262,0.0781628885378,0.202219292175,-0.612633415231,2.71228010269,0.00546298129783,6.07682723958,-0.00452037815513,0.0633981421124
3263,0.0651502757711,0.200488431498,-0.614739695078,2.70507765365,0.00544857639974,4.16084138137,-0.0179186324808,0.0591610932521
3264,0.088214578519,0.186613730084,-0.431607956375,2.69514894946,0.00542871899136,8.00799823872,0.00249752173036,0.061677091333
3265,0.0859102034028,0.186607778081,-0.459498602979,2.6995033273,0.00543742774705,7.52492877922,-0.000791906594532,0.0641662744001
3266,0.0966666968106,0.194145354995,-0.51321285159,2.70799782295,0.00545441673834,10.015288941,0.0120647420863,0.0558868209414
3267,0.0907788450917,0.188838399266,-0.472759760284,2.70141939657,0.00544125988558,8.57648268859,0.00533277013364,0.0605573622865
3268,0.0854801796018,0.203218954678,-0.61112989508,2.70894322882,0.00545630755007,7.43758395985,0.0012943233362,0.0628199831119
3269,0.0800629691501,0.191157108285,-0.500565224055,2.70875756165,0.00545593621574,6.40835474595,-0.00579981090246,0.0624405159205
3270,0.0606043052418,0.191013907117,-0.543061013826,2.70273281385,0.00544388672014,3.61767122912,-0.0236705240156,0.0604085953097
3271,0.0923745195493,0.195404741567,-0.53703749443,2.70608262715,0.00545058634674,8.94748110124,0.00838909867018,0.0621132314818
3272,0.0786989798122,0.194825370431,-0.541082285743,2.7132921753,0.00546500544304,6.1688914742,-0.00487174411522,0.0655229935576
3273,0.0740388397808,0.200882822551,-0.558426488976,2.70407867649,0.00544657844541,5.40563398795,-0.00791491814953,0.0676048825403
3274,0.115399104465,0.193821257663,-0.479680281532,2.69754136773,0.00543350382791,16.1100983815,0.0294290428849,0.0599409871075
3275,0.0663432139597,0.191702211207,-0.521077896964,2.71519833278,0.005468817758,4.31325226722,-0.0168348040413,0.0596802638467
3276,0.0936838510352,0.187593279435,-0.436818474556,2.70595196429,0.00545032502102,9.26218943861,0.00731216708439,0.0598098150763
3277,0.0764408986772,0.200614475326,-0.522986194048,2.70395167193,0.00544632443631,5.78873311969,-0.00562851896066,0.0634468614442
3278,0.0961894508495,0.198525009664,-0.524843424453,2.70954583271,0.00545751275787,9.89132398284,0.0121974166644,0.0563459735164
3279,0.0658516308527,0.187413846547,-0.477684937101,2.70416054028,0.00544674217299,4.24993008733,-0.0180596097127,0.0577476165972
3280,0.105803735468,0.192653856913,-0.59696364362,2.70115851586,0.00544073812417,12.6675024871,0.0198380411737,0.0584538697669
3281,0.0910601895169,0.201545613212,-0.5800098715,2.70355606739,0.00544553322721,8.64091515803,0.0066693224248,0.063399425613
3282,0.101552426973,0.200491879428,-0.566097472597,2.71751331359,0.00547344771962,11.3649386324,0.0153332749935,0.0607969264699
3283,0.0704113164984,0.198483533871,-0.602846644765,2.71425226212,0.00546692561669,4.86622127862,-0.0147066433578,0.0613953864785
3284,0.0827842453434,0.197493365526,-0.596164502583,2.70372224769,0.00544586558781,6.90928847735,-0.00158726440742,0.0552498117455
3285,0.0626891216225,0.196284860151,-0.613828031346,2.70047523992,0.00543937157227,3.85957461827,-0.019225977519,0.0615098079684
3286,0.0813127888063,0.198788835584,-0.57737938841,2.71346209356,0.00546534527956,6.63451236919,-0.00203378113692,0.0639195215839
3287,0.0785229156223,0.193192090971,-0.48563757119,2.69447274598,0.00542736658439,6.13852928202,-0.00566842460742,0.0627037709408
3288,0.0683166942863,0.190870836597,-0.435435848277,2.70333486821,0.00544509082886,4.57493334652,-0.0169519500303,0.0600478367234
3289,0.106845219901,0.194058156155,-0.506369152314,2.71233538861,0.00546309186966,13.0061763843,0.0196775600443,0.0594697910453
3290,0.0775061004576,0.194497691743,-0.582325029602,2.70197953981,0.00544238017206,5.96558440927,-0.00593051970113,0.0569875379226
3291,0.0696792328617,0.194896340046,-0.562089822352,2.70743024655,0.00545328158553,4.76278900228,-0.0144572656226,0.0607443489736
3292,0.0899007943391,0.18709756704,-0.473097828932,2.69983752481,0.00543809614206,8.37804638916,0.0043776530523,0.0647359478192
3293,0.0692187164386,0.194190367672,-0.513134932315,2.70549354652,0.00544940818548,4.6986259555,-0.0141921810082,0.0562274458391
3294,0.0887214372817,0.193211829409,-0.520158182449,2.70006738968,0.0054385558718,8.11772881145,0.00307563741235,0.0560863422673
3295,0.101200756963,0.188923346986,-0.53979100658,2.69871375723,0.0054358486069,11.262706808,0.0142959452988,0.0598589629064
3296,0.0570239705211,0.190141881783,-0.50921109731,2.71081131815,0.00546004372873,3.22900996296,-0.0260293331401,0.0620982284396
3297,0.0791567778705,0.195317145004,-0.592505501682,2.70996870547,0.00545835850338,6.24842086532,-0.00526637940085,0.0566714673131
3298,0.0547669490498,0.192295106131,-0.55478595571,2.70706074165,0.00545254257573,3.00037801663,-0.0292192304116,0.0702476043186
3299,0.093913210004,0.194755946764,-0.579673111498,2.71302416931,0.00546446943106,9.31829412125,0.00793951673193,0.0590073235687
3300,0.0966406048604,0.191210168193,-0.513225787105,2.7007012262,0.00543982354483,10.0084766243,0.0119098987389,0.0580585984093
3301,0.0918066067334,0.196212590485,-0.564376317577,2.70931782458,0.00545705674159,8.81388322604,0.00553563154781,0.0621739923008
3302,0.0959796898822,0.191587805549,-0.570872341165,2.71478294266,0.00546798697777,9.83726380913,0.00961955836176,0.0626704235153
3303,0.0705804176406,0.198263333757,-0.50551660379,2.70458398717,0.00544758906678,4.8903652328,-0.0126361416476,0.0601265597233
3304,0.0824313684634,0.1941266489,-0.594409146864,2.70157464501,0.00544157038246,6.84253919139,-0.00342671945748,0.0571328243894
3305,0.0953541735863,0.196945158367,-0.518040065024,2.71374128615,0.00546590366474,9.67758159033,0.00957920171362,0.0612345284591
3306,0.101326007693,0.186060533765,-0.454014017896,2.70674894211,0.00545191897665,11.29902414,0.0143373342971,0.0577889368415
3307,0.0743881525128,0.205401908064,-0.585428335098,2.70358677704,0.00544559464652,5.46002403678,-0.00847244371989,0.0591629513129
3308,0.0810134828171,0.191714861215,-0.500565224055,2.71861372395,0.00547564854034,6.57975537775,-0.00473292489485,0.0613356901347
3309,0.100658966831,0.187481170274,-0.497801414556,2.70570095623,0.0054498230049,11.1067952202,0.014360716761,0.0642037797315
3310,0.0795192864978,0.190753524736,-0.553697029678,2.71453163522,0.00546748436287,6.31199759504,-0.00486964809031,0.0645991720475
3311,0.0857577910482,0.186182902703,-0.487690910167,2.70410874086,0.00544663857416,7.49387235593,0.000117487047035,0.0626716908273
3312,0.072925530982,0.191319217742,-0.571284953281,2.70957286389,0.00545756682022,5.23520764266,-0.0120699146327,0.0572703659996
3313,0.0774104970481,0.205882273008,-0.619374148331,2.7103142121,0.00545904951665,5.94953253327,-0.00420442849861,0.0609532454988
3314,0.0820561414711,0.195465465984,-0.511665410244,2.70945921018,0.0054573395128,6.77215651298,-0.00142160172218,0.0582824218691
3315,0.076153172102,0.196619265581,-0.578923068179,2.70483816711,0.00544809742667,5.74170860964,-0.00929229633705,0.0579981848652
3316,0.0551087256659,0.201710562235,-0.54833156517,2.70720387957,0.00545282885157,3.03421901989,-0.0271901001305,0.0635016976607
3317,0.0745155094087,0.188637615246,-0.557150676016,2.71199781945,0.00546241673133,5.47996450177,-0.0101978735902,0.0581850982147
3318,0.108536706653,0.18923666148,-0.56790990466,2.70883553765,0.00545609216773,13.5734809216,0.021345532142,0.0566404198792
3319,0.0678115087924,0.1979850245,-0.593189564079,2.70899226747,0.00545640562737,4.50679028834,-0.0148334329676,0.0634360519649
3320,0.0785796993508,0.188264660682,-0.517725256143,2.704041397,0.00544650388645,6.14830807713,-0.0069336225239,0.0581359413386
3321,0.0773816395768,0.189173791702,-0.485838759703,2.71174977922,0.00546192065089,5.94469433711,-0.00748313067697,0.0585257647683
3322,0.0689554095452,0.199054482753,-0.53669945306,2.704024963,0.00544647101843,4.66224905665,-0.0133350235917,0.0593322601992
3323,0.0828951139725,0.191734748376,-0.471870861849,2.69502464056,0.00542847037357,6.93037264025,-0.00126174428332,0.0594468720443
3324,0.0839179254714,0.182127940909,-0.479892189379,2.70566338626,0.00544974786495,7.12744932092,-0.00298200618721,0.0554905726194
3325,0.102944169983,0.190558622234,-0.561612123631,2.70807290235,0.00545456689713,11.7776214413,0.0171284416512,0.0595236806269
3326,0.0904705111288,0.198581162769,-0.589243158375,2.70836828255,0.00545515765753,8.50634474438,0.00560028974132,0.064014707101
3327,0.103024053137,0.196039748857,-0.582343371431,2.70539239792,0.00544920588828,11.8017061368,0.0167393684364,0.0599350994524
3328,0.0747531114832,0.193629523402,-0.597719540844,2.71507359515,0.00546856828274,5.51732454122,-0.00954987826502,0.0570074485696
3329,0.0863066061193,0.192307326026,-0.552124560942,2.70350330904,0.00544542771051,7.60621421736,0.000828382753737,0.0587501780124
3330,0.093613427333,0.193775898183,-0.542133583571,2.71162255138,0.00546166619519,9.24502167383,0.00852209367503,0.069208539455
3331,0.0863934527863,0.198687645775,-0.610044931574,2.69843620241,0.00543529349726,7.62412205673,0.00183208931665,0.0628811820758
3332,0.092283596101,0.196125973724,-0.51563590782,2.71665654737,0.00547173418717,8.9259749914,0.00661254680475,0.0673952572018
3333,0.0667231897554,0.202034278101,-0.5351385037,2.70244602958,0.0054433131516,4.36270056161,-0.0161749776664,0.0577240190763
3334,0.0757338709626,0.194410202183,-0.513902851352,2.70455194442,0.00544752498127,5.67374064017,-0.00826133936795,0.0624618687581
3335,0.0695932913114,0.204487727142,-0.627157553877,2.70480523252,0.00544803155748,4.75076241435,-0.0125790834167,0.0587313327594
3336,0.0814362665114,0.19435146114,-0.568235768143,2.72192301766,0.00548226712775,6.65721283652,-0.00274244573551,0.0612380543322
3337,0.0864865547494,0.198570824661,-0.514536774532,2.70530804791,0.00544903718825,7.64335953447,0.000882853893529,0.0626371360991
3338,0.0926347902891,0.191125207486,-0.584386002872,2.70760584401,0.00545363278047,9.00929087825,0.0064913732615,0.0566323532097
3339,0.072100253875,0.194995913312,-0.503272686264,2.71309343439,0.00546460796122,5.11169622811,-0.0114377303122,0.0610904667666
3340,0.0762638306048,0.197121389473,-0.562238110701,2.72554029725,0.00548950168694,5.75975686558,-0.00807149758562,0.0584312518889
3341,0.0887041762341,0.196016470799,-0.561830340095,2.70677371958,0.0054519685316,8.1139708944,0.0041538729342,0.0668691475634
3342,0.0865469345781,0.206236308175,-0.620571362573,2.71143689691,0.00546129488626,7.65585775113,0.00316095209433,0.0628524601119
3343,0.0887783500321,0.194307886619,-0.605655607637,2.71594500522,0.00547031110289,8.13012989145,0.00322342956374,0.0586249536948
3344,0.0586961969657,0.202641361812,-0.53981966513,2.70876185731,0.00545594480705,3.40645245533,-0.0241917150415,0.0569858424067
3345,0.0875303537457,0.19351732335,-0.546010963821,2.71774113749,0.00547390336741,7.8618818264,0.00246714951721,0.0613426790802
3346,0.0934502564541,0.186246089104,-0.475140958825,2.70979577268,0.00545801263781,9.2053502212,0.0064725996862,0.0628816438286
3347,0.0819999330416,0.191741476416,-0.554193497391,2.70986772298,0.00545815653839,6.76166574166,-0.00315460230809,0.0559180072755
3348,0.0663403650665,0.188549509974,-0.528240473397,2.70484379215,0.00544810867675,4.31288318654,-0.0182249551876,0.0611423877123
3349,0.0723569219992,0.191609693334,-0.463528104426,2.70000118061,0.00543842345366,5.14985503528,-0.0117052479688,0.0601956595152
3350,0.0888267741637,0.194790244864,-0.556872513357,2.70519020348,0.00544880149939,8.14069410107,0.0051063111239,0.0552226518011
3351,0.100427332239,0.188253214831,-0.506719852543,2.70293885816,0.00544429880876,11.040720712,0.0145866357673,0.0613668845557
3352,0.0757996098532,0.192432640051,-0.517035768075,2.71081165231,0.00546004439706,5.68435307095,-0.00671538801733,0.0611442343279
3353,0.0779710703114,0.201386084284,-0.605625535945,2.70157951247,0.00544158011737,6.04416283703,-0.00523400530256,0.0631635982048
3354,0.0684392775561,0.210552992781,-0.635697066267,2.7135361807,0.00546549345384,4.59159009196,-0.0123764010069,0.0600321430541
3355,0.0728344273776,0.212663354495,-0.654711743232,2.71183044014,0.00546208197273,5.2214560753,-0.00865314838882,0.0668165512966
3356,0.0642107911169,0.197550481845,-0.599136768865,2.70636948857,0.00545116006957,4.04377978069,-0.018731356302,0.0633597156442
3357,0.0708489943615,0.205355250911,-0.56065905249,2.69201964893,0.00542246039031,4.92890863759,-0.010384109694,0.067339591145
3358,0.0881079509985,0.202941583344,-0.575662487423,2.70377596955,0.00544597303153,7.98507650751,0.00481413895832,0.0626082921257
3359,0.0610606968296,0.194799257408,-0.617360686348,2.71653763638,0.0054714963652,3.66961594611,-0.0227140981749,0.063843080288
3360,0.0867641172166,0.191678889321,-0.499477305526,2.70184353772,0.00544210816788,7.70095691393,0.00122637210069,0.0579346172467
3361,0.0818692280231,0.195818761482,-0.545062462985,2.71391802431,0.00546625714106,6.73732350396,-0.00277098555615,0.0570006312101
3362,0.0789784418152,0.202358184538,-0.594664488273,2.71668297885,0.00547178705015,6.21733969793,-0.00403355957191,0.0607960026084
3363,0.0734633567874,0.20640733976,-0.607442514978,2.7133893975,0.00546519988745,5.31698686244,-0.00787258140631,0.0649114333736
3364,0.0643786988638,0.190258942237,-0.573371746012,2.7046953781,0.00544781184864,4.0645123062,-0.0191545301647,0.0576845719352
3365,0.074460969456,0.195195301771,-0.584826533811,2.71496517918,0.0054683514508,5.47141786256,-0.0100062467241,0.0597225889171
3366,0.0994139961582,0.187862497331,-0.506356443729,2.70361669226,0.00544565447696,10.75571761,0.0141091805966,0.0597291791845
3367,0.0661617086972,0.204813280617,-0.576885519792,2.71359371175,0.00546560851594,4.28978702427,-0.0167399925426,0.0584922404127
3368,0.0879472547838,0.204287611489,-0.614315511083,2.71095548337,0.00546033205917,7.95063754263,0.00589774182146,0.0627468789697
3369,0.076637375191,0.192718928404,-0.534155570614,2.7106796182,0.00545978032884,5.82102524574,-0.00673456025502,0.0632016213472
3370,0.0726971815559,0.191500858435,-0.47899647355,2.71946010464,0.00547734130172,5.20079464803,-0.0120115663578,0.0609704345717
3371,0.0919994949209,0.191401059781,-0.554037252858,2.70995616841,0.00545833342925,8.85906428872,0.00572987297846,0.0607192446861
3372,0.0676740680115,0.194129739278,-0.555806521382,2.70403197457,0.00544648504158,4.48839031696,-0.0169605744391,0.0590269297391
3373,0.0837845392821,0.188691876128,-0.438451875798,2.71440009323,0.00546722127889,7.10148380191,-0.00119882827002,0.0576440950178
3374,0.10014908214,0.185657576145,-0.435444975602,2.71238831758,0.0054631977276,10.9618073563,0.0116666748288,0.0649437439867
3375,0.0775680703465,0.186542969591,-0.475079750274,2.6937054747,0.00542583204183,5.97600823199,-0.00789358796373,0.0591409461775
3376,0.0926294856033,0.191225704776,-0.531616274934,2.71796065358,0.0054743423996,9.00802742897,0.00558014408209,0.0623907834394
3377,0.0701060250861,0.199363114592,-0.579322388048,2.70751093008,0.00545344295259,4.82287309268,-0.0129259028683,0.0611030858536
3378,0.0639832669199,0.207845977369,-0.568327759079,2.70977854476,0.00545797818195,4.01581625023,-0.0186979727842,0.0585771687362
3379,0.0648129257051,0.197402993084,-0.554829568158,2.69747768774,0.00543337646791,4.11850944357,-0.018631527396,0.0623408205972
3380,0.0818442306211,0.19595978699,-0.53265164485,2.7178820917,0.00547418527584,6.73267640801,-0.00362651851642,0.0590156915901
3381,0.0593149209348,0.194691717878,-0.572959272609,2.70779642707,0.00545401394658,3.47390322971,-0.0238303213604,0.0640485716418
3382,0.0807475719685,0.204912633961,-0.599087456563,2.71543432715,0.00546928974675,6.53142485553,-0.00229314810797,0.0588754376648
3383,0.0787912567802,0.193932261871,-0.527647177209,2.70717623327,0.00545277355898,6.18485415234,-0.00630536461511,0.0621528627535
3384,0.0807845080546,0.191262921337,-0.579247125166,2.70048912851,0.00543939934945,6.53812039417,-0.00343507730301,0.0596227552106
3385,0.102532260972,0.187265888801,-0.443924884245,2.70502024363,0.0054484615797,11.6541212027,0.0150444837069,0.0555210221916
3386,0.0959358297245,0.184936384169,-0.452225522533,2.69566473359,0.00542975055962,9.82599270937,0.0098761460041,0.0601501655033
3387,0.0864374218466,0.191375205456,-0.572055302904,2.70363389365,0.00544568887974,7.63320216219,0.00154234895491,0.0536376124307
3388,0.0723509348018,0.20029323505,-0.644722331214,2.70580356114,0.00545002821471,5.14896231583,-0.0114637974972,0.0683083794632
3389,0.0693556098148,0.211011435365,-0.614490618242,2.71193509141,0.00546229127527,4.71762700031,-0.0118581966624,0.0653529966454
3390,0.0969807052835,0.191046365786,-0.496669157551,2.70294371736,0.00544430852716,10.0975916398,0.0118780416112,0.0577844843863
3391,0.0885624263591,0.197488961149,-0.525621214917,2.70668298119,0.00545178705481,8.08316669319,0.00555997686891,0.0627138438715
3392,0.0955557365485,0.188444587514,-0.496704199714,2.70232908856,0.00544307926957,9.72878803448,0.0106381378267,0.0568202241538
3393,0.0727276183185,0.18951125859,-0.553224270205,2.70418195514,0.00544678500272,5.20537099485,-0.0117699551253,0.0503549669232
3394,0.0809943659411,0.188968258187,-0.50915059543,2.7044180188,0.00544725713004,6.5762708718,-0.00409786444762,0.0629104268054
3395,0.0692570923264,0.201110745352,-0.529543809102,2.70236775965,0.00544315661173,4.70394646368,-0.013503495957,0.0629830202554
3396,0.0792735930989,0.187184606555,-0.494376596231,2.71323134817,0.00546488378878,6.26884963987,-0.00648348179406,0.0586806895875
3397,0.0680480701867,0.196066005061,-0.553332536551,2.71317846247,0.00546477801738,4.53859908349,-0.0140553902001,0.0617698742649
3398,0.0857427151929,0.195598851754,-0.538793124172,2.71266091313,0.00546374291869,7.49080633179,0.00104915661516,0.0612601491404
3399,0.0918244411987,0.205185815759,-0.599452959964,2.70617757516,0.00545077624275,8.81805230537,0.00749203932472,0.0616362237993
3400,0.0912367389349,0.190480969109,-0.452702932122,2.70921644438,0.0054568539812,8.6815605009,0.00595961377767,0.0618142860226
3401,0.0720808813918,0.191607154052,-0.475449933071,2.70104929071,0.00544051967387,5.10882538294,-0.0115690585691,0.0578409521952
3402,0.100024821952,0.192183817528,-0.490321951364,2.71088969081,0.00546020047405,10.9267272897,0.0150554890521,0.0562884815697
3403,0.0854245512373,0.189081897265,-0.491699358909,2.70081398281,0.00544004905805,7.42634799126,-2.91663418042e-05,0.0577813286634
3404,0.0733373630562,0.187826359559,-0.455649870186,2.70315121596,0.00544472352437,5.29773685839,-0.0116020087566,0.0637379642441
3405,0.0769366074152,0.205306673742,-0.570931854797,2.71658666969,0.00547159443182,5.87048983425,-0.00529673942447,0.061381733451
3406,0.0714693044771,0.19224073699,-0.501827454766,2.70697395114,0.00545236899471,5.01885831894,-0.0122174130117,0.0596713252529
3407,0.0637847868794,0.196223838672,-0.550902331972,2.70768737959,0.00545379585162,3.99154414428,-0.0199644697138,0.0638435315026
3408,0.0665238192605,0.191645432251,-0.522929513268,2.6982495695,0.00543492023144,4.33670048857,-0.0177874123777,0.064759061038
3409,0.0854162132682,0.194925140586,-0.5534282004,2.7169135497,0.00547224819184,7.42466510585,0.000517708207114,0.0578126030507
3410,0.0716836034094,0.193238607166,-0.526704637862,2.71054789303,0.00545951687849,5.05023715344,-0.01256273033,0.0589742705094
3411,0.0762693349809,0.204176904341,-0.558876850418,2.69984133063,0.00543810375369,5.76065583396,-0.00746064601491,0.0628521860707
3412,0.0693395151736,0.200105933673,-0.555161290385,2.70649325958,0.00545140761159,4.71538987931,-0.0142814953662,0.0615317517437
3413,0.0731149661983,0.193408109983,-0.621510696184,2.7169158829,0.00547225285823,5.26389543355,-0.0109036605914,0.0584620504945
3414,0.059414818324,0.19283687912,-0.522803179908,2.70733038593,0.0054530818643,3.48488630361,-0.0235612368755,0.0636692973518
3415,0.0895103461643,0.193309680351,-0.505911562741,2.70748203813,0.00545338516869,8.29108202017,0.00392115599603,0.0571481031111
3416,0.0518599908769,0.189090546028,-0.581730387298,2.71420275664,0.00546682660571,2.72337179138,-0.0318759573041,0.0592034807372
3417,0.0806219815088,0.18874032153,-0.469280293012,2.70946623519,0.00545735356282,6.50870136806,-0.0039413389784,0.0650274604411
3418,0.0757531810669,0.209886871293,-0.647139960032,2.70791176563,0.0054542446237,5.6768562479,-0.00553878534296,0.0638818976502
3419,0.124586524626,0.189266239837,-0.465340034573,2.70354860722,0.00544551830687,20.1779813894,0.0356158613447,0.0572843422174
3420,0.0657137246038,0.200962135917,-0.525420849968,2.7059181406,0.00545025737364,4.23229674454,-0.0172628820178,0.0596062012868
3421,0.0651055042555,0.191541398749,-0.536960010828,2.71203848933,0.0054624980711,4.15520397351,-0.0188616649081,0.0591325910629
3422,0.0729426904219,0.187757779017,-0.48481785514,2.71031614968,0.00545905339181,5.23780103062,-0.0124208692306,0.0609115360034
3423,0.0862284650785,0.185785928791,-0.538535676225,2.71714761675,0.00547271632594,7.59013204681,-0.000265824695948,0.0573534729988
3424,0.0749028906756,0.208771674532,-0.639670870278,2.70346564593,0.00544535238429,5.54098183756,-0.00751111135944,0.0606606811613
3425,0.0690345221688,0.198978685483,-0.559837949962,2.71080885247,0.00546003879738,4.67315525083,-0.0129172154347,0.0614102733866
3426,0.0856557662892,0.193675694241,-0.466601589173,2.70524856525,0.00544891822294,7.47314401662,0.000456036022359,0.0618796359831
3427,0.100380175309,0.20172700724,-0.606463577627,2.70386325901,0.00544614761045,11.0273115936,0.0155361985233,0.0607540151634
3428,0.0886963309916,0.203119950719,-0.598072752953,2.71648066459,0.00547138242163,8.11226339243,0.00488783602778,0.0618194105175
3429,0.0840357930108,0.194087183827,-0.510393019032,2.70888643386,0.00545619396016,7.15046049476,-2.15576041305e-05,0.0594378023173
3430,0.104437765275,0.186681722089,-0.400805042226,2.70560790045,0.00544963689334,12.2352308022,0.0165058081642,0.0624655409222
3431,0.0894474037675,0.195950713916,-0.569616962572,2.71939604815,0.00547721318873,8.27713566189,0.00388203101928,0.0553109164497
3432,0.0690133390617,0.184570409095,-0.439701681627,2.69702378323,0.00543246865889,4.67023304206,-0.0165997375892,0.0627887749862
3433,0.0478364564807,0.189444803817,-0.490530652409,2.70772832664,0.00545387774572,2.37022499374,-0.0366757282432,0.0614724401518
3434,0.104375507422,0.193921630731,-0.476112290545,2.71228247865,0.00546298604975,12.2158454088,0.0192010564771,0.0597222644014
3435,0.0659947286092,0.185261511285,-0.533437001546,2.70265683991,0.00544373477226,4.26828764294,-0.0197410326947,0.0558311154976
3436,0.0755753717927,0.201137288128,-0.584740461747,2.70783569706,0.00545409248656,5.64822021033,-0.00743780105144,0.0663431582612
3437,0.082695046553,0.204685504358,-0.612796171816,2.71473796923,0.00546789703089,6.89236445865,-6.82805395319e-05,0.0648291012275
3438,0.0908806813873,0.196474669311,-0.625884277781,2.70230417782,0.00544302944808,8.59975690487,0.00661293642552,0.0566739192383
3439,0.0822154462404,0.198392887052,-0.60397822436,2.70496544333,0.0054483519791,6.80196337225,-0.00126552915138,0.0613046066681
3440,0.0714688657131,0.186569523202,-0.513707734821,2.6964303302,0.00543128175284,5.0187942335,-0.0140910006023,0.0672612627507
3441,0.0702274504626,0.209097775348,-0.620378546671,2.72287765743,0.0054841764073,4.84007720774,-0.0122038970561,0.0681140157929
3442,0.0781573873859,0.201890004804,-0.53981992953,2.72049760072,0.00547941629388,6.07588843247,-0.00529926948604,0.0621469512459
3443,0.0934756943242,0.192291479712,-0.532812035398,2.70264080764,0.00544370270773,9.21152515271,0.0089163181389,0.0562448326324
3444,0.0723589662618,0.194128783605,-0.541248037498,2.71227399667,0.00546296908578,5.15015987304,-0.0113706759561,0.0590988595615
3445,0.0668262465776,0.191457761541,-0.539073456794,2.70832927208,0.0054550796366,4.37618799638,-0.0174701632696,0.0652157201811
3446,0.0930273799376,0.196656908063,-0.622500017122,2.70479366082,0.00544800841408,9.10322323766,0.00868183851878,0.0612837412646
3447,0.0791168950819,0.198676162526,-0.500126945817,2.70159112078,0.005441603334,6.24145877006,-0.0051937077724,0.0610573646714
3448,0.0943393545899,0.203214007121,-0.594472784106,2.69951027302,0.00543744163847,9.42331957769,0.00997306032494,0.0567756148388
3449,0.0639678836978,0.193757244463,-0.484547870894,2.69682572003,0.00543207253251,4.01393098761,-0.0194992741051,0.0644492224812
3450,0.0748662018144,0.194805735677,-0.572908063236,2.70631376576,0.00545104862395,5.5351792879,-0.00899669541247,0.05781520648
3451,0.095833387055,0.183070715287,-0.484349684929,2.69619838194,0.00543081785632,9.79971107834,0.00929223602753,0.0550768520897
3452,0.0624280215617,0.201526333408,-0.557255799418,2.71742002777,0.00547326114798,3.82862452986,-0.0199742662709,0.0617829138239
3453,0.100940829071,0.201383850404,-0.568053415588,2.71758064173,0.0054735823759,11.1876676395,0.015271183065,0.0644039246761
3454,0.0552439579851,0.201877155331,-0.533342504271,2.70437947944,0.00544718005132,3.04768490643,-0.0268476225985,0.0582586492948
3455,0.0736788118925,0.18324820879,-0.491038363411,2.69739680332,0.00543321469909,5.35003643038,-0.0118328398972,0.058023127273
3456,0.0548899690926,0.187072119381,-0.514093633593,2.70214523131,0.00544271155506,3.01252727956,-0.029029733409,0.0599132553895
3457,0.0471520366745,0.195235869255,-0.558408961639,2.70737118914,0.00545316347073,2.31345195233,-0.0361412436999,0.0651130419523
3458,0.0808892505516,0.197343190872,-0.56987407765,2.70886431216,0.00545614971675,6.55713859044,-0.00242700463618,0.0626959238072
3459,0.0738745921277,0.20014234931,-0.486984263585,2.70179843412,0.00544201796067,5.38021211677,-0.00853562784128,0.0606045717814
3460,0.0834022665046,0.189247120312,-0.512956611179,2.70962943027,0.00545767995298,7.02751007938,-0.00142733444453,0.0611467062548
3461,0.0581252988318,0.19449223733,-0.533563729052,2.71421319124,0.00546684747491,3.34508363434,-0.0248841312075,0.0668622023167
3462,0.0815322533438,0.189932206004,-0.482106198795,2.70968247269,0.00545778603782,6.67490413079,-0.00321064367619,0.0597848633989
3463,0.0905689445237,0.195626304229,-0.497157269893,2.69839553172,0.00543521215587,8.52868192962,0.00625612471692,0.0565991233483
3464,0.083205040156,0.193499101817,-0.442354597246,2.69364645483,0.00542571400209,6.98959916388,-0.00109499765454,0.0581279345718
3465,0.0680153617054,0.192267797601,-0.552664938694,2.70542387995,0.00544926885234,4.53419049593,-0.0165157184667,0.0625916575853
3466,0.0618070142559,0.194465047109,-0.448365320441,2.70153742747,0.00544149594739,3.75577164392,-0.0228278295382,0.0581525085287
3467,0.0565877208772,0.195893604144,-0.553970178577,2.71803097184,0.00547448303612,3.18386116736,-0.0269736185048,0.0652492040802
3468,0.0618496296253,0.193124760469,-0.538098462341,2.70520887367,0.00544883883978,3.76073706153,-0.0228267864197,0.0641167324201
3469,0.0737540700685,0.19651144443,-0.566175593114,2.70926974658,0.00545696058559,5.36161973078,-0.0100949195324,0.0616094965967
3470,0.100835308102,0.195861278663,-0.518991660339,2.70409954211,0.00544662017665,11.157330729,0.0155600708259,0.061607683707
3471,0.088524121474,0.197737581357,-0.588542165225,2.71111457214,0.00546065023673,8.07485971068,0.00340446705968,0.0647289120322
3472,0.0868857967482,0.209482378586,-0.646942194761,2.70677454684,0.00545197018612,7.72632299901,0.00484045143693,0.0687429028802
3473,0.0827876818606,0.191818699289,-0.618421518127,2.70181533616,0.00544205176476,6.90994119813,-0.00182520081835,0.0641799971052
3474,0.068006642194,0.204224035541,-0.604932640347,2.70532750574,0.00544907610391,4.53301581302,-0.015366909606,0.0581029746623
3475,0.0737947509942,0.186813583459,-0.530615915658,2.70239773289,0.00544321655822,5.36788955871,-0.0120342308526,0.0622481507624
3476,0.0686009899039,0.185541276114,-0.509688994744,2.70750240819,0.00545342590882,4.61363695436,-0.0162215578511,0.0607138440204
3477,0.0687218860188,0.205845640518,-0.553452047024,2.70869742653,0.00545581594549,4.63017376058,-0.0133939443107,0.058851678363
3478,0.0827381238214,0.186246742488,-0.535393745221,2.70441134316,0.00544724377876,6.90053331707,-0.00153619138522,0.0568322553454
3479,0.0641749202485,0.191893305621,-0.50824248992,2.71084645439,0.00546011400123,4.03936119196,-0.0199900804438,0.0578017840413
3480,0.0787286803181,0.192641757264,-0.585011550321,2.71362566836,0.00546567242916,6.17402553828,-0.0069890881579,0.0582559594908
3481,0.0726006980797,0.208628041495,-0.625948326142,2.71390220987,0.00546622551218,5.18630922663,-0.00820831409031,0.0597641511423
3482,0.0942619770321,0.194110401909,-0.541496195921,2.6989553176,0.00543633172764,9.40417342812,0.00953709449722,0.0565042381196
3483,0.0930576109578,0.18941711182,-0.453717409587,2.70675387003,0.00545192883251,9.11049145804,0.00593899656377,0.0636525882436
3484,0.0806846448104,0.197267260925,-0.525940951609,2.71459265047,0.00546760639337,6.52003098876,-0.00167028249082,0.0569904990633
3485,0.0831642036325,0.190833256688,-0.547380094941,2.70719275829,0.00545280660901,6.98177109502,-0.00131478241759,0.0602293768805
3486,0.0579138146393,0.200251459911,-0.59528439766,2.70943044168,0.00545728197581,3.32255937737,-0.0248144821224,0.0564454799441
3487,0.0792532911671,0.194431358149,-0.630316525779,2.70415285589,0.00544672680423,6.26529524567,-0.0048627121312,0.0612455573533
3488,0.0802418946481,0.194483919198,-0.528919214574,2.70866043649,0.00545574196542,6.44033197138,-0.00382360489829,0.0658047204586
3489,0.07048098283,0.184749755916,-0.565884782918,2.70868193446,0.00545578496135,4.87615656257,-0.0142976043053,0.0643376841733
3490,0.0650988276961,0.20683462224,-0.635144845546,2.71374783554,0.00546591676353,4.15436380167,-0.018305226118,0.057178352397
3491,0.0629892075764,0.207629931476,-0.606988437853,2.71962974976,0.00547768059196,3.89538159988,-0.0198101227281,0.0593219635745
3492,0.0708713310895,0.189442540646,-0.507747829575,2.70833541121,0.00545509191486,4.93212507823,-0.0135260773145,0.0612297171919
3493,0.0769519020336,0.20034155754,-0.607493954781,2.70857785012,0.00545557679267,5.87302735456,-0.00800228691867,0.0571488447241
3494,0.0820775161466,0.194036464194,-0.502313353099,2.71243692364,0.00546329493972,6.7761494709,-0.000779838637549,0.0577687470135
3495,0.080038875667,0.198193018178,-0.563772691646,2.70701776203,0.00545245661649,6.40405891289,-0.00387489515853,0.0609205651936
3496,0.0575060747908,0.19299456157,-0.526352536935,2.70761537244,0.00545365183732,3.27944927721,-0.0265864727553,0.0660465969857
3497,0.0560335089432,0.205802852722,-0.602192227165,2.71982323036,0.00547806755315,3.12717217388,-0.0249014661233,0.0624092014415
3498,0.0944892619731,0.191366236159,-0.489666445674,2.70731904943,0.0054530591913,9.46050880336,0.00996233422411,0.0606919146434
3499,0.0956326747289,0.196749377959,-0.550258197896,2.69875229222,0.00543592567688,9.74839613944,0.0112818898694,0.0615531977872
3500,0.0681423939415,0.18461774766,-0.552374116753,2.70177527768,0.0054419716478,4.55133135684,-0.015988366856,0.0577560282967
3501,0.0624056263903,0.191054615068,-0.530330711566,2.70935400533,0.0054571291031,3.82597871112,-0.0227481255849,0.066166534539
3502,0.0813611006178,0.199434555986,-0.544603961978,2.71601699006,0.00547045507255,6.64338642342,-0.00227904186127,0.0654270287233
3503,0.0946370267036,0.196566330845,-0.541653036961,2.71620978782,0.00547084066807,9.49729131931,0.00941300325998,0.0601927916316
3504,0.0826836276262,0.194414019629,-0.586368226478,2.70030608278,0.00543903325799,6.89020041893,-0.00136396620856,0.0568020362413
3505,0.0833387285459,0.192384962731,-0.502904982047,2.71359065452,0.00546560240147,7.01527794532,-0.00168564603865,0.0644347109971
3506,0.0604257304297,0.201945093282,-0.586206013637,2.70219116181,0.00544280341605,3.5974981484,-0.0217695434035,0.0632536335213
3507,0.066226646611,0.189120294302,-0.553283477913,2.71372055836,0.00546586220915,4.29817081358,-0.017369473687,0.0551066910465
3508,0.0613733784377,0.206831444051,-0.606180693514,2.69538123823,0.00542918356889,3.70552799337,-0.0185740968153,0.0675448718442
3509,0.0807944574757,0.193097756047,-0.597991726387,2.71734456278,0.00547311021799,6.5399249402,-0.00461090211405,0.0604265694058
3510,0.0928190581741,0.185354694859,-0.447720218836,2.70300130574,0.00544442370393,9.05327439924,0.00642585986964,0.0586823338251
3511,0.0827673999607,0.194663408846,-0.606607199859,2.70753726035,0.00545349561314,6.9060896697,-0.00236889644057,0.0653212362969
3512,0.0651014376874,0.194716108766,-0.459007392306,2.70004454333,0.00543851017909,4.15469222479,-0.0201266529386,0.0588683964254
3513,0.0795578102879,0.199544371217,-0.565573748691,2.71292656619,0.00546427422482,6.31878532578,-0.00448619670111,0.0630469124779
3514,0.0808533542299,0.195514655131,-0.520837362383,2.70389724582,0.00544621558407,6.55061567025,-0.00383955385881,0.0571061648199
3515,0.105694659026,0.197532274442,-0.551594969035,2.71041643538,0.0054592539632,12.6324916201,0.0187140604666,0.0609143654251
3516,0.0346799082506,0.193668803726,-0.544264122141,2.70999785701,0.00545841680646,1.42647980803,-0.048863186869,0.0613656275221
3517,0.0687459574475,0.205092767926,-0.64653388968,2.70872395101,0.00545586899446,4.63347196418,-0.013099237984,0.063372145476
3518,0.0636768970648,0.198985392722,-0.585538468131,2.70509553834,0.00544861216911,3.97839773078,-0.0195018137257,0.0583665022606
3519,0.0959847327428,0.187238590786,-0.523731946045,2.70628580734,0.00545099270712,9.83856043683,0.00951786516515,0.0566653002803
3520,0.0717720599796,0.188810022114,-0.556993147556,2.71190452351,0.00546223013946,5.06323526598,-0.0141267011763,0.0640120562015
3521,0.0629065739748,0.203741568817,-0.615112479394,2.70742548577,0.00545327206398,3.88549632805,-0.0206316684462,0.0592946559164
3522,0.0565299831385,0.199319019713,-0.618166284489,2.71840842024,0.00547523793291,3.17792055727,-0.0263280649198,0.0622929082587
3523,0.0759329930122,0.211301860344,-0.557640422733,2.70832134619,0.00545506378481,5.70593540796,-0.00584650168414,0.0581339596766
3524,0.0658027413911,0.199450296219,-0.582657371285,2.71196974264,0.00546236057771,4.24367232258,-0.0182535273222,0.0607749293353
3525,0.0807212961167,0.186492313353,-0.508452577529,2.70475864609,0.00544793838462,6.5266652177,-0.00455169107557,0.0626364772796
3526,0.0620253688433,0.196398621973,-0.50918591647,2.71332627437,0.00546507364119,3.78126639507,-0.0208688461694,0.0621366915281
3527,0.0904546804636,0.197045638956,-0.555335636521,2.70452679843,0.0054474746893,8.50275704373,0.00440972346148,0.0603655846077
3528,0.0826374080336,0.209395497834,-0.594780719446,2.71451870255,0.00546745849753,6.88144701343,-0.000964251342315,0.0663756764334
3529,0.0746326301229,0.192512993736,-0.582302350581,2.71307317186,0.00546456743617,5.4983545017,-0.00883372682018,0.0584889473181
3530,0.0890094468435,0.196120600845,-0.541268145194,2.71264261725,0.00546370632694,8.18065187498,0.00577659633332,0.0603004015381
3531,0.0748839995667,0.187639529637,-0.513194729889,2.70998178058,0.00545838465359,5.53799348406,-0.0113618077661,0.0640985919847
3532,0.101086099588,0.186519786052,-0.554854961485,2.70247291785,0.00544336692814,11.2295515135,0.0139453452092,0.0535839667571
3533,0.0845843041481,0.188018071418,-0.505910135556,2.70334719007,0.00544511547258,7.25837246639,-0.0019307846479,0.0575128759567
3534,0.0777091427381,0.186454881891,-0.569470805935,2.70093153109,0.00544028415461,5.99979368478,-0.00734652945466,0.0577579014001
3535,0.0892412428219,0.195151963276,-0.544857254121,2.71226332092,0.00546294773428,8.23159668798,0.00327684010186,0.06064237695
3536,0.0841163655187,0.19021940383,-0.519987408115,2.70174307796,0.00544190724836,7.16622662786,-0.00120968364313,0.0651011890787
3537,0.097299139658,0.190031342282,-0.543745992435,2.70398064262,0.00544638237768,10.1816580776,0.0119893397574,0.0614576638723
3538,0.0848078478575,0.191490353217,-0.468770772247,2.7127313702,0.00546388383284,7.3027444852,-0.000108104074614,0.0564811624698
3539,0.0791476521038,0.204220840363,-0.590303799572,2.70240988834,0.00544324086912,6.24682726825,-0.00327786142445,0.0606547182917
3540,0.097458419683,0.200795724416,-0.527170253313,2.69983513747,0.00543809136738,10.2239372959,0.0124971877932,0.0565091252761
3541,0.0687054427484,0.203770697496,-0.595973441898,2.70546695957,0.00544935501157,4.62792181455,-0.0143829500821,0.0638943946085
3542,0.0666102251236,0.203136148118,-0.593537093964,2.72131363004,0.00548104835253,4.34795383256,-0.0170257494142,0.0629266900207
3543,0.0749376883141,0.196809683986,-0.525909704166,2.70626692982,0.00545095495208,5.54648985692,-0.00793932600661,0.0604324313036
3544,0.0968261222178,0.196351090795,-0.594895543061,2.71995757696,0.00547833624636,10.0570012675,0.0108029102001,0.0620215509338
3545,0.0624922073172,0.199865777604,-0.589292777123,2.72037648161,0.00547917405567,3.836215317,-0.0205061304894,0.0616510152139
3546,0.0593391564874,0.198332647608,-0.648097250538,2.71057035914,0.00545956181072,3.47656539397,-0.0240681184821,0.0575264483943
3547,0.0650203491374,0.188019638155,-0.533226777906,2.71039259983,0.0054592062921,4.14449799892,-0.0204663244896,0.0554887539071
3548,0.0769075012008,0.196852392518,-0.611673067919,2.71748238598,0.0054733858644,5.86566332907,-0.00779210528922,0.0604494615431
3549,0.0656053812226,0.195003779778,-0.516714130606,2.70656643489,0.00545155396221,4.21848340842,-0.0182354637122,0.0588729265013
3550,0.0847073690091,0.198560701226,-0.618500172339,2.6998906978,0.00543820248804,7.28277177747,0.000774247567592,0.0572528211549
3551,0.0736418225591,0.204745399333,-0.613335254746,2.70851742694,0.00545545594631,5.3443506834,-0.00992643828299,0.0595416807455
3552,0.0785990750512,0.190546137314,-0.524257035191,2.7051341255,0.00544868934343,6.1516477365,-0.00551100406244,0.0600142938817
3553,0.0697853288199,0.202558299374,-0.617458034395,2.71100819072,0.00546043747387,4.77766933949,-0.0135974843893,0.0594107107061
3554,0.0722295941215,0.199745192589,-0.609178293198,2.71708376374,0.00547258861992,5.13089667601,-0.0124155131508,0.0561405142084
3555,0.0657535043296,0.19885158452,-0.542116847429,2.71097865808,0.00546037840859,4.23737731484,-0.0176600256893,0.0577724147468
3556,0.0647239721649,0.192985501792,-0.555392472258,2.71419070111,0.00546680249467,4.10740297021,-0.0187020318545,0.0563055641505
3557,0.0936616560827,0.19493446022,-0.568400762529,2.70679808064,0.00545201725371,9.25677580962,0.00884475453335,0.0581182059558
3558,0.0877539538036,0.193053181621,-0.487152512698,2.70703330718,0.00545248770681,7.90937916885,0.00260074391281,0.0597333648181
3559,0.0827174330289,0.187281589826,-0.516213326203,2.71524748312,0.00546891605868,6.89660865223,-0.00290639058146,0.0598679791201
3560,0.0789848977832,0.196564296614,-0.526675979299,2.69902033522,0.00543646176288,6.21846263248,-0.00590487019834,0.0599076056415
3561,0.0897148858829,0.198117891336,-0.654898297375,2.71256379015,0.00546354867273,8.33654190689,0.00414673875367,0.0616940221352
3562,0.0765054485177,0.20366735403,-0.565407153255,2.71048547031,0.00545939203305,5.7993260355,-0.00631640418689,0.0568541766004
3563,0.08405099789,0.19051669217,-0.497065229036,2.71836082745,0.00547514274734,7.1534334876,-0.00170045646891,0.0653962543979
3564,0.0957903499851,0.185888468799,-0.575389326281,2.70786593855,0.00545415296955,9.78868824305,0.00890207474024,0.0586045674097
3565,0.105888519628,0.192327901989,-0.535381914438,2.70119518579,0.00544081146402,12.6947758286,0.0198568417903,0.0600242655031
3566,0.0827569413706,0.203748336878,-0.54166788049,2.69431340519,0.00542704790282,6.90410429043,-0.00078094024592,0.0653678697242
3567,0.0759904858619,0.197208642089,-0.537079150063,2.71218036569,0.00546278182382,5.71525880794,-0.00644697294243,0.0548073373617
3568,0.0940386331016,0.200058986885,-0.611582575076,2.71096282554,0.00546034674352,9.34909913158,0.0102112230801,0.0610265948626
3569,0.05655603602,0.188022941525,-0.558312392754,2.700705913,0.00543983291845,3.18060012171,-0.028607616338,0.0636965950435
3570,0.0734920102752,0.201647652451,-0.594708281261,2.71410732871,0.00546663574987,5.32137258725,-0.00945247319901,0.0613311660602
3571,0.0919925933695,0.186908057028,-0.49086696802,2.70041998968,0.00543926107179,8.85744426306,0.00531094850718,0.0608880877473
3572,0.0964111462164,0.189770511536,-0.427897263058,2.71020247334,0.00545882603911,9.94874174267,0.0110197733472,0.0621618002019
3573,0.0705829000031,0.189411178633,-0.494731770552,2.70650920498,0.00545143950239,4.89072037064,-0.0133659023797,0.056163077279
3574,0.0875435740043,0.199060822296,-0.5408965774,2.71057776646,0.00545957662536,7.86468330125,0.00522975098689,0.0585240629441
3575,0.0750820713572,0.198914262206,-0.55082492471,2.71272558905,0.00546387227054,5.56939151849,-0.00875245753754,0.0639756544161
3576,0.0857244749246,0.196920462111,-0.544295506947,2.70231360447,0.00544304830139,7.48709817369,0.000632830837018,0.0543061567597
3577,0.0640340656344,0.200365426532,-0.58218660645,2.7179067515,0.00547423459543,4.02204663657,-0.0177268818762,0.0631921130361
3578,0.0809004738566,0.191801245636,-0.46382785532,2.70056210339,0.00543954529922,6.55917915123,-0.00417761924529,0.0589188291287
3579,0.0826880798364,0.194879248254,-0.567325878323,2.72058602297,0.00547959313837,6.89104410457,-0.00181979060123,0.0607876533125
3580,0.0736306294157,0.209084953238,-0.610807897354,2.7067649129,0.00545195091825,5.34263111504,-0.00774424871697,0.0680468559687
3581,0.079456317821,0.194522595372,-0.485132891562,2.69609026476,0.00543060162196,6.30091580869,-0.00477736697037,0.0624482961719
3582,0.0833048003931,0.186612482269,-0.499730283559,2.70105581754,0.00544053272753,7.00875354305,-0.00161149846593,0.0553675167597
3583,0.078474525689,0.202270138117,-0.482006821079,2.70436594214,0.00544715297672,6.13020614503,-0.00393347630417,0.0602052538699
3584,0.0841927247821,0.194924272722,-0.602676655127,2.71011325126,0.00545864759496,7.18119539067,0.000433483789093,0.0635492321812
3585,0.0788395952923,0.195227541559,-0.547181321084,2.71356785595,0.00546555680434,6.19322970188,-0.0064330236117,0.0619540767031
3586,0.0619003775477,0.198158465418,-0.54063967589,2.70998272179,0.00545838653602,3.76665656309,-0.0201568306584,0.0598979337197
3587,0.0682087031114,0.1885908184,-0.557542687689,2.71121208571,0.00546084526387,4.56029892869,-0.016185143588,0.0550397917108
3588,0.0732697263123,0.184566356382,-0.481732096186,2.69670652684,0.00543183414611,5.28742623089,-0.0126076420324,0.0659915146676
3589,0.0580213062262,0.195631690114,-0.566717903201,2.71041034855,0.00545924178954,3.33399376966,-0.0258220664874,0.0606871309329
3590,0.0769252460145,0.197822512973,-0.595587889554,2.70428585851,0.00544699280947,5.86860545473,-0.00768036416119,0.0559237845258
3591,0.0784786837249,0.192012129442,-0.514320868691,2.70633267426,0.00545108644097,6.13092096646,-0.00583058057595,0.0576950618366
3592,0.0788014590903,0.191945640473,-0.474910009772,2.70419418681,0.00544680946607,6.18662111193,-0.00507996611241,0.0611372043743
3593,0.0663463196072,0.210478887322,-0.619439834232,2.71336137627,0.00546514384497,4.3136546391,-0.0139882306759,0.0605216127904
3594,0.0809609657702,0.193818192353,-0.55554731631,2.70708552914,0.00545259215071,6.57018659123,-0.00478356775702,0.05655692854
3595,0.0659156923892,0.19733133418,-0.505212228011,2.70075899294,0.00543993907831,4.25814072082,-0.0174012557254,0.0537630928341
3596,0.0716324406647,0.193905554498,-0.583775942141,2.70870734587,0.00545583578418,5.04273135842,-0.0119770857908,0.0605545829456
3597,0.0538552028487,0.203664808897,-0.599128626442,2.71288821512,0.00546419752267,2.91143149621,-0.0290118825561,0.0602332188681
3598,0.0775922775656,0.197037106784,-0.517355638163,2.71383511361,0.00546609131966,5.98008414917,-0.00585840447684,0.0584004179903
3599,0.0848887676743,0.191329909215,-0.497146553418,2.71214325812,0.00546270760867,7.31886299838,0.000360062488458,0.0560091773273
3600,0.074833510342,0.195402491852,-0.535632278172,2.70463491969,0.00544769093182,5.53001311801,-0.00848794682479,0.0589459264259
3601,0.0725280567401,0.193606148047,-0.573809918975,2.70752830239,0.00545347769721,5.17542478948,-0.0125220215681,0.0634014998598
3602,0.055512678041,0.202271635854,-0.607151625871,2.71566278377,0.00546974665998,3.07457134226,-0.0268758967595,0.0599552245769
3603,0.0684736163298,0.191623663384,-0.518273702871,2.70661422167,0.00545164953579,4.59626465446,-0.0171508834567,0.0638419003814
3604,0.066713523479,0.200106812416,-0.490887714942,2.70829567358,0.0054550124396,4.36143716985,-0.0155859563043,0.0617185667455
3605,0.0896598793909,0.191236942221,-0.496575222089,2.70246081991,0.00544334273225,8.32429548237,0.00566028164297,0.0626556523014
3606,0.105100150504,0.18672539249,-0.543013004405,2.70907845113,0.0054565779947,12.4431796707,0.0188723908853,0.0590274143475
3607,0.0721080768975,0.193559533222,-0.568602786008,2.71721040648,0.00547284190541,5.11285590438,-0.0125522597326,0.0603157427452
3608,0.0820575727398,0.193588389781,-0.553598104191,2.71620605174,0.00547083319592,6.77242382366,-0.00137934073161,0.060628538494
3609,0.0761146615347,0.189335919192,-0.597315536447,2.70735923276,0.00545313955796,5.73543846223,-0.00841971923709,0.0566030001923
3610,0.0732456068222,0.202988970393,-0.581202799658,2.69972011752,0.00543786132748,5.28375335411,-0.0109063610075,0.0583568311279
3611,0.0692518783172,0.190787003823,-0.55520934831,2.71040178816,0.00545922466876,4.70322330296,-0.0160663174201,0.0660838104063
3612,0.0928002680501,0.192844402061,-0.4527099578,2.71397672546,0.00546637454336,9.04878082635,0.00819030133146,0.0644582055395
3613,0.0813498129595,0.181912955968,-0.461092124791,2.70178406444,0.00544198922132,6.64131218595,-0.00497721670548,0.0600173629805
3614,0.0990690454486,0.182041229469,-0.420945676303,2.69872275837,0.00543586660917,10.6601878501,0.0117835156205,0.0528654297041
3615,0.0967359089889,0.190254831249,-0.507816980867,2.70590154469,0.00545022418181,10.0333791106,0.0108148221387,0.0604057158903
3616,0.0728733243975,0.192753273604,-0.540468603183,2.70402901302,0.00544647911848,5.22732378646,-0.0111993652715,0.0596264363979
3617,0.0590664885868,0.188305028061,-0.45323465265,2.70100753045,0.00544043615334,3.44670171029,-0.0259711061918,0.0675502503322
3618,0.0867012140211,0.198530312816,-0.586988229257,2.70817576579,0.00545477262402,7.68787153072,0.00284684522794,0.0664266174998
3619,0.104769242707,0.196530044858,-0.515325443347,2.71570401479,0.00546982912202,12.3389050079,0.018846979606,0.0694414586316
3620,0.0813167970102,0.199863240599,-0.613726178864,2.71040930865,0.00545923970974,6.63524823073,-0.0022857831354,0.0649311807242
3621,0.0691571871846,0.190022666156,-0.499625947655,2.70494494095,0.00544831097433,4.69010537708,-0.0157457423821,0.0665050950985
3622,0.0732608358141,0.201939419787,-0.58265336276,2.70394401455,0.00544630912153,5.28607216011,-0.00984696355798,0.0664568326491
3623,0.0503952016519,0.197052395724,-0.513773940576,2.70718687521,0.00545279484287,2.59087418397,-0.0330267632221,0.0621674652568
3624,0.0910946404537,0.192633439698,-0.522408847396,2.70935891989,0.00545713893222,8.64883357255,0.00637442422418,0.0611252405308
3625,0.0764304343224,0.197323986173,-0.618199218757,2.70947690125,0.00545737489494,5.78701736797,-0.00707049727433,0.0600762764928
3626,0.0997193162184,0.192621121427,-0.495009535046,2.71047542461,0.00545937194165,10.8408996152,0.0149023202204,0.0643522202353
3627,0.0602940422295,0.198596247457,-0.624560390327,2.7089734612,0.00545636801484,3.58267602808,-0.0235845968232,0.0566612037446
3628,0.0852883664266,0.19381004022,-0.526561951706,2.71313517742,0.00546469144727,7.39890170253,0.000148287092647,0.0618973026731
3629,0.0967728292246,0.191857584199,-0.478748653884,2.71032094701,0.00545906298647,10.04304073,0.0113031325337,0.0537997857856
3630,0.0948917174471,0.206723640107,-0.621528467563,2.71353450534,0.00546549010311,9.56098262799,0.0116444168624,0.068102838264
3631,0.0742298954423,0.191399056575,-0.551331600482,2.70861111338,0.0054556433192,5.43532768639,-0.00916025403951,0.0608539230853
3632,0.0775954384042,0.192861199506,-0.525568603923,2.70744602036,0.00545331313316,5.98061652783,-0.00555904954333,0.0574368120982
3633,0.0761405093008,0.195317514173,-0.594255230031,2.7035918648,0.00544560482204,5.73964628036,-0.00755863110212,0.0589029204328
3634,0.0674978566952,0.195979771542,-0.617659731601,2.70979062837,0.00545800234919,4.46488638335,-0.0164681848379,0.0638504785638
3635,0.104780230146,0.1848982315,-0.51073781292,2.70385184227,0.00544612477697,12.3423548187,0.0181599530629,0.0602044113662
3636,0.0918084823673,0.19862071203,-0.575095432954,2.71585921989,0.00547013953222,8.81432160407,0.00803144245329,0.0604114513892
3637,0.113839750253,0.186959112676,-0.536888835586,2.70024826024,0.00543891761291,15.4988862504,0.0266583773342,0.0578181798277
3638,0.0771228146616,0.193426139384,-0.56418587964,2.71485291408,0.0054681269206,5.90144472902,-0.005510706957,0.0642876321933
3639,0.061410819399,0.195670025386,-0.554866472582,2.71886881957,0.00547615873158,3.70984591644,-0.0232562402472,0.056891665702
3640,0.0854906699519,0.201196762645,-0.616825004153,2.70504215191,0.00544850539627,7.43970444324,0.00143251645188,0.0642484794653
3641,0.0882806149906,0.198426596845,-0.600379773771,2.71118266341,0.00546078641926,8.02222229001,0.00540656812655,0.0646488863974
3642,0.0669703401325,0.191341674763,-0.577051123971,2.70657000666,0.00545156110575,4.39510075919,-0.0186909304436,0.0648719327904
3643,0.111687862053,0.181789614466,-0.454372466788,2.70112145549,0.00544066400341,14.6897999847,0.0228834055649,0.0601852465773
3644,0.0639249998501,0.206020472516,-0.643926218851,2.72103810299,0.00548049729842,4.0086790327,-0.0180036872639,0.0615832887592
3645,0.0659537365169,0.206642120991,-0.644249322422,2.70803023532,0.00545448156309,4.26302259938,-0.0155453826379,0.0610792479105
3646,0.0855419915612,0.187984039123,-0.527678655526,2.71353831741,0.00546549772726,7.45008580497,0.000176599171314,0.0542094754372
3647,0.079170027019,0.191568985776,-0.566688084276,2.70958549045,0.00545759207334,6.25073511225,-0.00553482875178,0.0587497856633
3648,0.0806267395173,0.202514308044,-0.577840582113,2.70310285806,0.00544462680856,6.50956104716,-0.00246310306103,0.0572903354276
3649,0.0819601410457,0.191581008266,-0.541494462858,2.71768440451,0.00547378990146,6.75424717519,-0.00309539763263,0.0650788545523
3650,0.0771457234405,0.192883090568,-0.508459912125,2.69950861552,0.00543743832349,5.90526231137,-0.00743590035643,0.0651290840749
3651,0.0856054446263,0.190358139955,-0.62079835713,2.71524489595,0.00546891088433,7.46293809986,4.64185071163e-05,0.0639903977956
3652,0.0930772664996,0.184578788496,-0.503731415652,2.71033553957,0.00545909217158,9.11521979124,0.00685226569534,0.0590188112643
3653,0.0818182090933,0.189614031694,-0.529040332815,2.71282503355,0.00546407115954,6.7278417748,-0.00201206999339,0.0628420188499
3654,0.0917209114861,0.186516436919,-0.47195032702,2.70188662464,0.00544219434172,8.79387437923,0.00576260191423,0.0607327292
3655,0.0834479406885,0.208187629671,-0.620199541169,2.72196710413,0.00548235530069,7.03631422105,-0.000579333287024,0.0644229649779
3656,0.0909398625698,0.193950590271,-0.49182953725,2.69957094742,0.00543756298728,8.61330746948,0.00769416762879,0.0613710564003
3657,0.102557814053,0.190136016619,-0.579673111498,2.7066375186,0.00545169612963,11.6617491203,0.0149897820919,0.0583701569699
3658,0.0871872621087,0.193383027693,-0.584884310157,2.71112486177,0.00546067081598,7.78947506269,0.0032377642753,0.0618175598312
3659,0.0698749950902,0.200487436556,-0.618435004907,2.71751413011,0.00547344935266,4.79027415438,-0.0135857298011,0.0590804699656
3660,0.0773913455812,0.186517102442,-0.504988429326,2.69937648119,0.00543717405482,5.94632126825,-0.00830944576518,0.0667094046921
3661,0.0811629432727,0.192502647079,-0.620395752256,2.71515977642,0.00546874064528,6.60705127559,-0.00301626978674,0.0558865671507
3662,0.0934578916414,0.188792249872,-0.458541031903,2.70965553493,0.00545773216229,9.20720325228,0.00725434783401,0.0529932201428
3663,0.0882869310547,0.20477165233,-0.609197972645,2.7076865849,0.00545379426224,8.02358388166,0.00527415673807,0.0584207977452
3664,0.0957242264482,0.185814600229,-0.458119941182,2.70028992631,0.00543900094505,9.77177348094,0.00879784062251,0.0685265404265
3665,0.0934254828829,0.194104676224,-0.54142890677,2.70630562135,0.00545103233514,9.1993399964,0.00929039383473,0.061095823735
3666,0.0822363868157,0.202911555544,-0.576915930425,2.71118233524,0.00546078576291,6.8058896413,-0.00217888136214,0.0547182135195
3667,0.0707616749969,0.201899173457,-0.603739118248,2.7197063565,0.00547783380543,4.91635092099,-0.0132187366533,0.0642569190362
3668,0.0689519783699,0.198724496225,-0.566900661339,2.71049541399,0.00545941192041,4.66177650304,-0.0142194240322,0.0644128742919
3669,0.0825279252586,0.199164591201,-0.5274356667,2.71199892298,0.0054624189384,6.86074960225,-0.000290865924745,0.0619467119649
3670,0.100764670185,0.195327538233,-0.482842895202,2.7054950434,0.00544941117924,11.1370631604,0.0158099844769,0.0648257026108
3671,0.0406233789807,0.208809752531,-0.622049305215,2.711245237,0.00546091156643,1.81615606678,-0.040827056672,0.0670372069777
3672,0.0539625163041,0.206560793261,-0.594269107284,2.71438510836,0.00546719130915,2.92180100311,-0.0270551958866,0.0625706815603
3673,0.071499935722,0.19089277591,-0.550103095211,2.70675589126,0.00545193287495,5.02333391063,-0.0138314622798,0.0553931279387
3674,0.0724125815265,0.186581027822,-0.532770886725,2.70287842817,0.00544417794878,5.15816010068,-0.0124383028378,0.0557658613347
3675,0.0750252875793,0.203573588942,-0.585104800062,2.71279803414,0.00546401716071,5.56037544796,-0.00778930726208,0.059103075375
3676,0.0770746024765,0.188870875277,-0.526827430643,2.71015185034,0.00545872479311,5.89341714546,-0.00723064371206,0.051678128873
3677,0.0607133706361,0.208849664591,-0.627776246524,2.71577015462,0.00546996140168,3.63003386818,-0.0198446365614,0.0675288468407
3678,0.0754966870363,0.190514938002,-0.515316971462,2.71297554573,0.0054643721839,5.63558582106,-0.00909433991214,0.064293106961
3679,0.0949186829462,0.194025476935,-0.546366801788,2.71733226845,0.00547308562934,9.56774768633,0.00872152673345,0.0647509825236
3680,0.0959070509549,0.190962479275,-0.492616525738,2.71734629069,0.00547311367382,9.81860332115,0.00906006586059,0.0597835336032
3681,0.06729395451,0.194280737028,-0.560171399771,2.72072353084,0.00547986815411,4.43780969292,-0.0176545055429,0.0590677543997
3682,0.0895469700144,0.20058504936,-0.539989781348,2.7168403201,0.00547210173264,8.29920616491,0.00465607940166,0.058715472049
3683,0.0841202663286,0.190749840543,-0.529057554147,2.71049008279,0.00545940125801,7.16699066782,-0.000156770696728,0.0631110258129
3684,0.102518520038,0.197678305278,-0.566646384259,2.70873321639,0.00545588752521,11.6500211874,0.0179313181776,0.0657095420198
3685,0.0646509448529,0.195379116014,-0.488060809209,2.70785944124,0.00545413997491,4.09830232249,-0.0183612459137,0.0606376548856
3686,0.0822768958696,0.189008245155,-0.572986808124,2.70756350544,0.00545354810332,6.81349031019,-0.00318648133092,0.0591895711719
3687,0.0785952574829,0.196854542485,-0.512037150379,2.71004531518,0.0054585117228,6.15098960923,-0.00364656664181,0.0658258319892
3688,0.0682562414515,0.198967792282,-0.532761807851,2.72145172861,0.00548132454965,4.56673652707,-0.01493117575,0.0597046210017
3689,0.0734476529096,0.185790778799,-0.493536768216,2.71690331267,0.00547222771778,5.31458445619,-0.0113309837883,0.0582825737668
3690,0.107503414063,0.18906785044,-0.468701296074,2.7030527575,0.00544452660743,13.2243562544,0.0210150212611,0.058874251487
3691,0.0914558365458,0.189635516774,-0.552655876406,2.71011127766,0.00545864364775,8.73223047108,0.00602854972605,0.0587398804806
3692,0.0873528771288,0.197589000896,-0.515059577556,2.7128922024,0.00546420549725,7.82435548653,0.00372526611409,0.0597794612313
3693,0.05775300526,0.202612077577,-0.668032446022,2.70214771278,0.00544271651801,3.3055074588,-0.0227674077608,0.0683723457918
3694,0.0786500663149,0.194135633823,-0.53111643432,2.7138966472,0.00546621438684,6.16044392926,-0.00441584686856,0.0625288965283
3695,0.0594469931543,0.193878314523,-0.578301616121,2.71352103687,0.00546546316618,3.48842923516,-0.0242184424826,0.0551720602802
3696,0.0858584602764,0.199184388599,-0.602040317004,2.71452132508,0.00546746374259,7.51437307875,-6.54808859213e-06,0.0614017479809
3697,0.0825020670406,0.19160822679,-0.472665694708,2.71363039152,0.00546568187547,6.85586881381,-0.000995840030201,0.0583623051933
3698,0.089047651769,0.190271323282,-0.58365660752,2.70911954623,0.0054566601849,8.18903002081,0.00369950142414,0.0614617418402
3699,0.0772685402297,0.201804628002,-0.52163746024,2.70395013893,0.00544632137031,5.92576348911,-0.00435434065891,0.0614252041615
3700,0.0658767789037,0.190891993527,-0.564210824349,2.70183898774,0.00544209906791,4.25315178965,-0.0183107523705,0.0586027362852
3701,0.0652571925308,0.196624411244,-0.570492206261,2.71521282411,0.00546884674067,4.17432780104,-0.0187387186921,0.0601724784109
3702,0.0886128467721,0.195849873185,-0.568062377531,2.71170601205,0.00546183311653,8.09411225451,0.00413782771868,0.0627925866155
3703,0.0949070118683,0.186148242247,-0.486106261902,2.69545375791,0.00542932860826,9.56481915496,0.00870058469553,0.0625433808608
3704,0.0786982252815,0.192739048065,-0.54799202513,2.69740626364,0.00543323361971,6.16876109117,-0.00609241556173,0.0615012683896
3705,0.0575060747908,0.19299456157,-0.526352536935,2.70761537244,0.00545365183732,3.27944927721,-0.0265864727553,0.0660465969857
3706,0.097045406411,0.192012567179,-0.546490563191,2.69727117575,0.00543296344394,10.1146233419,0.0116906325704,0.0605610203141
3707,0.0935221098426,0.19155546777,-0.495151875649,2.71042506421,0.00545927122086,9.22280157578,0.00859399089312,0.0543648357221
3708,0.0791805126441,0.18686838069,-0.505356077321,2.70713397411,0.00545268904066,6.25256715437,-0.00629022420285,0.0593720190693
3709,0.0792321032684,0.193420945822,-0.471304655519,2.71106785887,0.00546055681018,6.26158752157,-0.00449531215625,0.0614162812342
3710,0.100137154478,0.186241657131,-0.458809142883,2.70286839432,0.00544415788108,10.9584357418,0.0135892062632,0.0576597476927
3711,0.0754773710012,0.196207356009,-0.530181612797,2.71414175482,0.00546670460207,5.63248778199,-0.00830937556379,0.0584208903172
3712,0.0633166818234,0.205030365385,-0.56949134697,2.68964483333,0.0054177107591,3.93474607491,-0.017605560463,0.0682918800073
3713,0.0686324138056,0.196928288897,-0.570340024304,2.70699284214,0.00545240677672,4.6179307832,-0.0151904007283,0.0590227190897
3714,0.0827554318877,0.196647735139,-0.506219986289,2.71214386851,0.00546270882946,6.90381778126,-0.000711038467005,0.0568739682194
3715,0.0772787353466,0.20140145667,-0.566809861417,2.7088724338,0.00545616596004,5.92746793605,-0.00648973175371,0.0572704052794
3716,0.0820671161974,0.192246118793,-0.47636804783,2.70937888396,0.00545717886036,6.77420643208,-0.00231745243735,0.0605218039911
3717,0.0672302512643,0.192950070589,-0.4925313874,2.71529399733,0.0054690090871,4.42937685555,-0.0166568910361,0.0628784782598
3718,0.0926137527336,0.202644727119,-0.628530229291,2.70955917239,0.00545753943722,9.00428113755,0.00762144903062,0.0596163850754
3719,0.0696627161592,0.195465998946,-0.589380893201,2.70940593015,0.00545723295273,4.76047579321,-0.0149677811168,0.0578672132914
3720,0.0781689890808,0.191804054251,-0.540957947176,2.71096364945,0.00546034839133,6.0778684767,-0.00588778630167,0.0589203384497
3721,0.0624199921805,0.198334486129,-0.571352110926,2.70681224994,0.00545204559233,3.82767575935,-0.0206403901949,0.0621926649783
3722,0.0903747939083,0.200622231187,-0.596055390289,2.71433980786,0.00546710070815,8.48467222175,0.00577337893616,0.0642757986056
3723,0.0707101557623,0.186765166951,-0.502387184392,2.69697074514,0.00543236258271,4.90895375215,-0.0145977127889,0.0611957598499
3724,0.092759303423,0.206771805133,-0.614232817655,2.71608024846,0.00547058158936,9.03899101545,0.00990021080203,0.0626079636065
3725,0.065116293984,0.193192719522,-0.494032853845,2.71182100665,0.00546206310573,4.15656202098,-0.0175108348942,0.0616142119701
3726,0.0831706635871,0.19282271338,-0.473545777272,2.70953782537,0.00545749674317,6.98300893077,-0.000396670795217,0.0708631011448
3727,0.0727003482544,0.202636949954,-0.614365777847,2.7155134752,0.00546944804284,5.20127062854,-0.0106431515663,0.061141139293
3728,0.0679241405207,0.192824101399,-0.542930615592,2.70778707683,0.00545399524609,4.52191313857,-0.0169804404895,0.0606585395496
3729,0.0763523739027,0.186538761093,-0.506674532514,2.70953568849,0.00545749246942,5.77423161116,-0.00933408494419,0.0616242758938
3730,0.0802421086184,0.200464192882,-0.64871888023,2.70163998362,0.00544170105967,6.44037029107,-0.00267824435328,0.0643789223742
3731,0.068693809848,0.193253949939,-0.614065008865,2.70309430407,0.00544460970058,4.62632918354,-0.015867803736,0.0591571375724
3732,0.0961811531881,0.190073163615,-0.50665237514,2.71005142255,0.00545852393754,9.88918056971,0.00947247569524,0.0622242455264
3733,0.088244606671,0.189265914015,-0.462926049276,2.70401811866,0.00544645732977,8.0144635343,0.00259984965987,0.0694426528827
3734,0.0665401237792,0.197753709637,-0.459584686648,2.7064105851,0.00545124226264,4.33882221538,-0.0175208483761,0.0576215576704
3735,0.0707545984027,0.194501130928,-0.53906531064,2.72032658309,0.00547907425861,4.91533433124,-0.0125363828544,0.0577268074991
3736,0.0634172492633,0.196339968122,-0.539363991897,2.71191572594,0.00546225254431,3.9468958809,-0.0200013353743,0.0635708550758
3737,0.048606924169,0.200337198277,-0.643636477618,2.71611476457,0.00547065062159,2.43525489,-0.034059137958,0.0613454333247
3738,0.0885184694305,0.192910052904,-0.568676442063,2.70285903362,0.00544413915969,8.07363459983,0.0036748029006,0.059920342785
3739,0.0824052538953,0.197686197147,-0.570106701288,2.70909945846,0.00545662000936,6.83762101142,-0.00211929273555,0.0561035921459
3740,0.0718534225732,0.194254096927,-0.488509426626,2.70446363279,0.00544734835803,5.07521466903,-0.0127904801659,0.0599452758818
3741,0.0788333357756,0.182345323711,-0.498789629193,2.70698875948,0.00545239861139,6.19214459487,-0.00721623824851,0.0523293116815
3742,0.0840545546933,0.201289123649,-0.578266279886,2.71708090399,0.00547258290042,7.15412909579,0.00113346941019,0.0639493134371
3743,0.0860424732725,0.195910846841,-0.583650653208,2.72132113987,0.00548106337218,7.55196932201,0.000653876868777,0.0557970931297
3744,0.0479692901389,0.192696865218,-0.523861362932,2.70988996475,0.00545820102194,2.38135148212,-0.0362238962128,0.0639475432732
3745,0.0895529343553,0.187525199789,-0.461534375099,2.70051993927,0.00543946097097,8.30052986108,0.00285363341799,0.065019130965
3746,0.0598220328456,0.188265141333,-0.530075055124,2.70743333651,0.00545328776547,3.52992574977,-0.0241268304907,0.0589947048825
3747,0.0532129351066,0.205769797107,-0.596232067179,2.71070014378,0.00545982138,2.84991919552,-0.0278006991943,0.0580791098541
3748,0.0828195529903,0.197309007328,-0.513579278443,2.71247252132,0.00546336613508,6.91599716411,-0.00176866500053,0.0588607051808
3749,0.0790361671703,0.201001344118,-0.54447866958,2.7073906236,0.00545320233964,6.2273862649,-0.00435686910759,0.0649071235811
3750,0.0734526636195,0.198282816051,-0.55051933411,2.70550639047,0.00544943387338,5.31535090776,-0.0107674893639,0.0573994456469
3751,0.0542077608358,0.198728985395,-0.569663236344,2.70921767805,0.00545685644853,2.9455978659,-0.0306238631486,0.0585511889594
3752,0.076506982743,0.192160640694,-0.561531703553,2.72222041351,0.00548286191945,5.79957800196,-0.00816062498306,0.0610487178788
3753,0.0535341790487,0.206428046082,-0.628750881298,2.7072764993,0.00545297409104,2.88056869483,-0.0297082379827,0.0595088212055
3754,0.0595124629697,0.201322414708,-0.662932372703,2.70014873741,0.00543871856726,3.49564675533,-0.0219787889205,0.0697691271028
3755,0.0886017744036,0.193662797619,-0.527546111711,2.70744117821,0.00545330344886,8.0917075131,0.00327004958847,0.057933127143
3756,0.0748490820498,0.189201154056,-0.426335270343,2.70440980811,0.00544724070866,5.5324733948,-0.0105110647172,0.059225666288
3757,0.0715879445845,0.1937970425,-0.541531120042,2.71171317538,0.0054618474432,5.03621087195,-0.0130672076023,0.0644856862508
3758,0.0905044436037,0.192801327031,-0.487276342406,2.70526623352,0.00544895355948,8.51403924304,0.00570225124718,0.062457756238
3759,0.082442228377,0.196287204358,-0.563841030313,2.70906678958,0.00545655467161,6.84458532214,-0.00155839230991,0.0631577626045
3760,0.073268214095,0.184511697245,-0.531627109226,2.71094477901,0.00546031065045,5.28719589226,-0.0129002220074,0.0626969005964
3761,0.10054691153,0.201327528083,-0.614912370918,2.70942251939,0.00545726613121,11.0747876703,0.0151785582921,0.0618031525114
3762,0.0874635268576,0.202321884408,-0.613187233811,2.71614937869,0.00547071984982,7.84773371559,0.00381085395302,0.06266420694
3763,0.0823335015783,0.192089832974,-0.576580457252,2.71250687695,0.00546343484635,6.8241230971,-0.00303745427487,0.0647129703843
3764,0.0549291089753,0.195884542922,-0.598084462244,2.71585437813,0.0054701298487,3.01640010581,-0.0281722961408,0.0551639930448
3765,0.102818286416,0.189671302863,-0.48559791858,2.70423063391,0.00544688236025,11.7397560688,0.0162539219762,0.0608738409194
3766,0.0962121189534,0.201429692547,-0.598123706848,2.71882468257,0.00547607045757,9.89718156969,0.0120645175057,0.0627018013693
3767,0.0584512062568,0.19330963042,-0.580776942634,2.70945800228,0.00545733709701,3.38001572363,-0.0240063459342,0.060507215558
3768,0.0664736034568,0.190081061576,-0.493555069216,2.70673255226,0.00545188619697,4.33017093774,-0.0176958866706,0.0566324407961
3769,0.0643722276395,0.209887125432,-0.619420818374,2.71560702621,0.00546963514485,4.06371175131,-0.0162496097925,0.0573867735293
3770,0.0862506820443,0.200248886017,-0.523405369884,2.71019761471,0.00545881632185,7.59470156767,0.00375792771961,0.0692539201266
3771,0.0827294053899,0.186954914269,-0.541662741017,2.70944934724,0.00545731978691,6.89887936152,-0.00173513678894,0.050131538972
3772,0.0761586982781,0.199109338992,-0.459309653159,2.6990388091,0.00543649871064,5.74260882144,-0.00737819948586,0.0619386298371
3773,0.0875289316463,0.185706682517,-0.495518081492,2.70790364912,0.00545422839067,7.86158052327,0.00163612392895,0.0564450902358
3774,0.0839637792343,0.186004816698,-0.48389428636,2.70448964297,0.00544740037838,7.13639387614,-0.0014472587696,0.0547973307938
3775,0.103197114197,0.196372557512,-0.563296198056,2.70538496517,0.00544919102278,11.8540336948,0.0188242741315,0.0577927563137
3776,0.0681963996165,0.202554524879,-0.560617487198,2.70357292179,0.00544556693601,4.55863396714,-0.0146816308022,0.0617203603198
3777,0.0743334397247,0.19181482126,-0.451310447475,2.71558010139,0.00546958129521,5.45147570166,-0.00929936012772,0.0552668998686
3778,0.0932345810513,0.194718571328,-0.600181233051,2.70550186995,0.00544942483234,9.15314003339,0.00681630704622,0.0572369545312
3779,0.0760479429812,0.189194756077,-0.594580798209,2.70842324024,0.00545526757292,5.72458886535,-0.00948375838458,0.0611043674161
3780,0.0990842156649,0.199052268868,-0.619692736084,2.71286773068,0.0054641565538,10.664373313,0.013433793269,0.0620700792941
3781,0.0640910358566,0.20238513101,-0.580827198334,2.71453610641,0.00546749330525,4.02904280151,-0.0182734765188,0.0612832798927
3782,0.0712672654101,0.194150881319,-0.535553509483,2.71213434892,0.00546268979027,4.98941799463,-0.0132206155317,0.0679402697452
3783,0.0833956157106,0.188940479217,-0.490366290052,2.69730352275,0.00543302813794,7.02622884819,-0.00198709218433,0.0571820862478
3784,0.0683493630172,0.197734072292,-0.565830648765,2.70850735499,0.00545543580243,4.57936773938,-0.0152003666872,0.0592233028715
3785,0.0980456828667,0.186680028432,-0.511542656082,2.70145965977,0.00544134041198,10.3811522945,0.0119688148358,0.0594986015442
3786,0.0960409523445,0.192836744186,-0.453069849054,2.6988635518,0.00543614819605,9.85302580818,0.0115159623637,0.0605735923038
3787,0.0705294663381,0.191479394627,-0.549697672343,2.70569956099,0.00544982021442,4.88308045889,-0.0133957018036,0.059189320227
3788,0.0924051051947,0.194504448399,-0.46679183869,2.7059853662,0.00545039182484,8.95472558493,0.00721344390331,0.0603269802427
3789,0.108057562768,0.189955463468,-0.509932923379,2.70339418808,0.00544520946861,13.4105773579,0.0212902919441,0.0552975648379
3790,0.039132901289,0.194008567987,-0.528934674118,2.70945066118,0.00545732241479,1.71313442473,-0.0444167568119,0.0634126969004
3791,0.0766283444079,0.197889115657,-0.465564545266,2.70744939422,0.00545331988089,5.81953774808,-0.00618677261349,0.0622995100132
3792,0.0873791502401,0.201045093085,-0.639331116766,2.70445401768,0.00544732912779,7.82990112291,0.00343854040807,0.0688452811793
3793,0.078727188778,0.198702801691,-0.545877744408,2.71850917008,0.00547543943259,6.17376762461,-0.00555889551301,0.0538516617427
3794,0.0982204723887,0.188566708527,-0.461780330267,2.71329597922,0.00546501305087,10.4283522808,0.0109535354206,0.0654374496268
3795,0.0875414532663,0.189273078835,-0.456490515015,2.70232082392,0.00544306274027,7.86423384316,0.000829507712005,0.0644215065133
3796,0.0541836338201,0.20514504285,-0.571442346081,2.70775335065,0.00545392779373,2.94325060056,-0.0285048346867,0.0627131974887
3797,0.097298010155,0.191029525648,-0.54318856439,2.71113639644,0.00546069388531,10.1813588104,0.0103597468893,0.0631621471933
3798,0.0952139036091,0.187863415731,-0.490823047117,2.71658202912,0.00547158515068,9.64208519952,0.00831533477928,0.0610412490149
3799,0.0736692458152,0.189974310136,-0.554091491454,2.7152889707,0.00546899903385,5.34856552896,-0.0106593711563,0.0603110811936
3800,0.0689271519638,0.201909727013,-0.558392302313,2.70169689154,0.00544181487552,4.65835845226,-0.0141806743576,0.0600513995927
3801,0.074089328004,0.201259903002,-0.603642075662,2.71429093308,0.0054670029586,5.4134679896,-0.00822218379377,0.0606107019833
3802,0.0883711738343,0.201094000273,-0.556873446946,2.70932630137,0.00545707369518,8.04176350387,0.00503862309085,0.066272098824
3803,0.0772674322427,0.202976971193,-0.576685941654,2.70463855595,0.00544769820433,5.92557827719,-0.00526044792786,0.0636419266634
3804,0.0832322382786,0.197532777641,-0.605120021786,2.70542809086,0.00544927727416,6.9948169441,0.00010690467482,0.0669963684346
3805,0.0622246355764,0.199010306934,-0.522746658514,2.71101000964,0.00546044111172,3.80464712326,-0.0202299114394,0.0579885926523
3806,0.0787181240417,0.198962713635,-0.550272457921,2.71669019533,0.0054718014831,6.17220036318,-0.00536908452662,0.0620124150795
3807,0.0554732931468,0.195038232237,-0.632384582203,2.71374551166,0.00546591211575,3.07062002585,-0.0279816804623,0.0617328282222
3808,0.0669247289826,0.19850217954,-0.545070639917,2.70819573608,0.0054548125646,4.3891072333,-0.0164483695452,0.0609899639594
3809,0.100995688569,0.188148271392,-0.52424091148,2.71466066848,0.00546774242939,11.2034682991,0.0136338735537,0.0566373422708
3810,0.0892619891267,0.196433933785,-0.475755943254,2.70379199159,0.00544600507561,8.23616960288,0.00418150104057,0.0598668922452
3811,0.0769418571773,0.198158419965,-0.534837918362,2.70671309483,0.00545184728209,5.87136071735,-0.0051666504848,0.065862133308
3812,0.0854603170512,0.194059714804,-0.59476124509,2.70616698579,0.00545075506401,7.43357041518,0.00212167885859,0.0607609786146
3813,0.0621702463964,0.189398593463,-0.566486199218,2.70521712713,0.00544885534669,3.79825454731,-0.0207200599038,0.0600158721941
3814,0.0849693637966,0.195666965008,-0.560836696649,2.71752804874,0.00547347718992,7.33494694006,6.50286288597e-05,0.058991535955
3815,0.0924803614917,0.192341252283,-0.536662947718,2.7102894585,0.00545900000944,8.97257231601,0.00754796049037,0.0577541817278
3816,0.0811640526631,0.193625646448,-0.47947766703,2.69992696388,0.0054382750202,6.60725423603,-0.0022205978601,0.0601070236812
3817,0.0966058807601,0.188765548263,-0.548624244279,2.714405047,0.00546723118644,9.99941683233,0.009344095994,0.0593919425766
3818,0.0930635951332,0.186541162472,-0.501207141065,2.7043395067,0.00544710010584,9.111930785,0.007356324529,0.0622284095166
3819,0.0865183015347,0.189311984837,-0.559386622799,2.7124009348,0.00546322296204,7.64992873972,-1.44506633352e-05,0.0626040420362
3820,0.0710582566195,0.18705132853,-0.490772270507,2.70654663419,0.00545151436081,4.95910780181,-0.0141561273079,0.0669445986178
3821,0.0507807407208,0.208593990862,-0.590028057366,2.71920141263,0.0054768239177,2.62530172537,-0.0297249306444,0.0668544066133
3822,0.0775790890781,0.204951453536,-0.512353996559,2.70540944733,0.00544923998709,5.97786323921,-0.00386467851838,0.0668158085013
3823,0.0782203828669,0.196381991332,-0.531858912272,2.70089373077,0.00544020855397,6.08664618787,-0.00502024398407,0.0600314728328
3824,0.0515238761995,0.20763308397,-0.643021823872,2.71444316,0.00546730741244,2.69255919207,-0.0298797810664,0.0588935786642
3825,0.0757267132081,0.1993364667,-0.615505470996,2.7108938114,0.00546020871523,5.67258612041,-0.00757479472165,0.0681277377041
3826,0.0661835503341,0.190457684533,-0.531304538438,2.71069060018,0.0054598022928,4.29260545734,-0.0185374952245,0.0578817999251
3827,0.0862878383236,0.194876837201,-0.507867282961,2.71529283255,0.00546900675753,7.60234898666,0.000778333453206,0.052734327818
3828,0.103575839375,0.193987740456,-0.51351079211,2.71429149249,0.00546700407741,11.9692652927,0.0171937964453,0.0552062571697
3829,0.0735449889394,0.202084867599,-0.583779101581,2.71700829439,0.00547243768122,5.32948925449,-0.00935924621371,0.0593030065666
3830,0.0690561817492,0.199320371662,-0.581222999222,2.70673915016,0.00545189939275,4.67614468635,-0.0153051772917,0.0591818337092
3831,0.084956534806,0.182921962553,-0.487091211832,2.70392532824,0.00544627174893,7.33238475869,-0.00221512069431,0.0652449984347
3832,0.0929470501682,0.189336796317,-0.558502041339,2.70642761828,0.005451276329,9.08393454905,0.00697960726361,0.0609033158893
3833,0.0734542710584,0.194990796435,-0.582526589303,2.7078292946,0.00545407968164,5.31559680486,-0.00969503479486,0.0608335548635
3834,0.057559696785,0.203879969816,-0.623893067824,2.70769797326,0.00545381703896,3.28509499927,-0.0243351703429,0.0544978220218
3835,0.0909871353139,0.197774706704,-0.516953577816,2.70338530892,0.00544519171027,8.6241446003,0.00681236776187,0.0585802660006
3836,0.0752794513906,0.201310305376,-0.588398710851,2.70955857939,0.00545753825122,5.60082409727,-0.00843865588652,0.0583058754613
3837,0.0480580528964,0.198150442362,-0.610888010879,2.7090900898,0.00545660127204,2.3888061562,-0.0351609018839,0.0599860369363
3838,0.0925048719677,0.194893044348,-0.49914178955,2.71305141641,0.00546452392525,8.97839151653,0.00880358822911,0.0650144729964
3839,0.0728936016936,0.207794400586,-0.555912226661,2.70755305864,0.00545352720972,5.23038477615,-0.00949533164324,0.0583064236371
3840,0.0838324496932,0.208529709667,-0.576092444703,2.70609116428,0.00545060342099,7.1108010518,0.00219780662717,0.0700122219358
3841,0.0923763608019,0.202886452942,-0.576563872232,2.7159741496,0.00547036939164,8.94791707494,0.00725856855444,0.0555765143244
3842,0.0800661666211,0.187676838226,-0.494227157502,2.70620488638,0.0054508308652,6.40892503047,-0.00559880054602,0.0553609806952
3843,0.0700584397757,0.190701452937,-0.529826891916,2.70208147195,0.00544258403633,4.81614428308,-0.0143949158109,0.05666233156
3844,0.0766557518489,0.185605942451,-0.484442804278,2.70415910368,0.00544673929979,5.82405310452,-0.00856589340428,0.0596627611255
3845,0.0736326211219,0.198973513439,-0.585137234196,2.71211342826,0.00546264794896,5.34293706198,-0.00824691392273,0.0668738282252
3846,0.0834245579642,0.189294607945,-0.57586534814,2.70909270457,0.00545660650157,7.03180581502,-0.00234881653697,0.0646089099683
3847,0.0867606031936,0.196106537541,-0.559241158493,2.71159174159,0.00546160457562,7.70022541283,0.0023699784349,0.0556366419558
3848,0.0766262253774,0.190953228783,-0.497183877849,2.708214227,0.00545484954644,5.81918875898,-0.00899803981886,0.0652207588763
3849,0.0768929026961,0.188370882259,-0.509539218869,2.71782394233,0.00547406897709,5.86324377632,-0.00824647272287,0.0579286299671
3850,0.0904800605317,0.195989477677,-0.489975583852,2.7009754501,0.00544037199263,8.5085095535,0.0072674721311,0.0606808394369
3851,0.0638877567614,0.191942549862,-0.542407033895,2.71411056258,0.00546664221759,4.00412218975,-0.0195369183071,0.0595796350936
3852,0.0865375106278,0.207996999575,-0.638206771891,2.70630485394,0.00545103080032,7.65390591328,0.00457359270196,0.0625255899933
3853,0.0870724670833,0.194663025283,-0.572931214433,2.70999108635,0.00545840326515,7.76537574592,0.00272056241426,0.0595512784437
3854,0.0430159906684,0.201241524145,-0.619917153366,2.70399240165,0.00544640589573,1.98944228916,-0.0385793214411,0.061305776369
3855,0.0931926223146,0.200304186297,-0.611869487667,2.71208274226,0.00546258657695,9.14301264932,0.00744793158867,0.056737273045
3856,0.0726321296582,0.192169944653,-0.539683744345,2.7011089953,0.00544063908304,5.19102458879,-0.0131111137647,0.0554603153221
3857,0.0724567125688,0.187534138227,-0.427962353175,2.70220166266,0.00544282441776,5.16475264258,-0.0127824372675,0.058052726741
3858,0.0710630333675,0.198880067742,-0.534609619051,2.71592153621,0.00547026416486,4.95979887,-0.0116488821453,0.0592260764352
3859,0.0664191213444,0.19438964166,-0.503123491991,2.70109439198,0.0054406098764,4.32309532824,-0.0169196943907,0.0611655477357
3860,0.0654995356605,0.199202421567,-0.479133322376,2.70905269292,0.00545652647829,4.20502239964,-0.0176556536189,0.0623076610333
3861,0.0819893800104,0.193522650928,-0.464568900479,2.70022401031,0.00543886911305,6.75969763702,-0.00194663007579,0.0611942584146
3862,0.0922053443925,0.186984808933,-0.505863250083,2.69969952062,0.00543782013369,8.907501928,0.00591000032461,0.0589049125047
3863,0.0476789364603,0.189220981876,-0.576191438182,2.70871094357,0.00545584297957,2.35707633523,-0.0370251540494,0.0664484690015
3864,0.102370899785,0.194467915175,-0.471534490342,2.68927570374,0.00541697249991,11.6060547998,0.0163313420305,0.0558253357049
3865,0.105566370889,0.191925023602,-0.503825974793,2.70995503659,0.00545833116562,12.5914246208,0.0193275701839,0.0632144680039
3866,0.0988850529519,0.190358948353,-0.61266673672,2.70846301861,0.00545534712966,10.6095391491,0.0119827030743,0.0599402740965
3867,0.104929889644,0.20597004365,-0.570322194122,2.70083629428,0.00544009368101,12.3894300762,0.0211554121792,0.0619550863706
3868,0.104860331861,0.195511745452,-0.49510448016,2.70788332393,0.0054541877403,12.3675309096,0.0193595911835,0.0628635044531
3869,0.0776593374162,0.202254144295,-0.623162685114,2.71516422588,0.0054687495442,5.99138738714,-0.00391761890538,0.0636496977132
3870,0.110045795823,0.196597285512,-0.569238176179,2.70571173406,0.00544984456055,14.0982069058,0.0239329281177,0.0597604593254
3871,0.0783438619669,0.194361754548,-0.559207591895,2.71142925617,0.00546127960479,6.10777838918,-0.00585305364169,0.061688482758
3872,0.0743193182967,0.190888124035,-0.58275120432,2.7021874148,0.00544279592204,5.44927113394,-0.0106697385087,0.0528043272553
3873,0.0925826221869,0.192746671015,-0.528884957888,2.70176137504,0.00544194384252,8.99687234367,0.00859955035116,0.0585443125563
3874,0.0965069324123,0.191949985376,-0.544366442591,2.71394255207,0.00546630619657,9.97363973196,0.0105650540705,0.0597304836804
3875,0.0816969037774,0.193767955754,-0.482073707713,2.72209543331,0.00548261195906,6.70534235372,-0.00276805415391,0.0622237582545
3876,0.0663564865959,0.209930290111,-0.625319367846,2.71669628604,0.00547181366452,4.3149720928,-0.0137541921834,0.0658193910602
3877,0.0690835964616,0.199307243175,-0.576655511061,2.70330541323,0.00544503191889,4.67993061184,-0.0158966940946,0.0584052061943
3878,0.0804591861239,0.199529982123,-0.507609396945,2.70494729718,0.0054483156868,6.47934436769,-0.00245019399631,0.0576751214826
3879,0.0995624630694,0.192144195505,-0.527397107979,2.70290283072,0.00544422675388,10.7970649031,0.0138962137431,0.0603191863684
3880,0.110293721685,0.189999709201,-0.524627020704,2.70727737059,0.00545297583361,14.1861325469,0.0239925263912,0.0609034653845
3881,0.0710496908192,0.201802701112,-0.611155347435,2.71513641848,0.00546869392939,4.95786875164,-0.0118528029182,0.060645652392
3882,0.0794757994677,0.200833137865,-0.596076184702,2.70832669029,0.00545507447301,6.30434263526,-0.00373520047619,0.0593159125567
3883,0.0979919356528,0.191944302637,-0.5423399478,2.70159105405,0.00544160320055,10.366676171,0.0124937379613,0.0590954371866
3884,0.0508268860952,0.204664576865,-0.61907413751,2.71297422921,0.00546436955086,2.62944358021,-0.0310734126178,0.0622868491291
3885,0.0677121624824,0.190508087136,-0.518891762922,2.69924012521,0.00543690134285,4.49348430794,-0.0169455370747,0.06192632359
3886,0.086495725381,0.189076522289,-0.467534237899,2.70414924078,0.005446719574,7.64525667502,0.00195786747093,0.0526175643305
3887,0.0942598734764,0.188184584358,-0.505366024994,2.7045606098,0.00544754231203,9.40365340089,0.00890452704124,0.0600401121593
3888,0.10814530754,0.201795028514,-0.54126243047,2.70699032406,0.00545240174055,13.4402780444,0.0223396082966,0.0612973828299
3889,0.0471991865295,0.201055807493,-0.577803288151,2.72375930612,0.00548593970469,2.3173333843,-0.0345504863229,0.0643905405998
3890,0.0779739303745,0.18326981526,-0.472761431546,2.69930576562,0.00543703262367,6.04464880596,-0.00727913163727,0.059479344802
3891,0.0868295154177,0.191215084022,-0.473665618807,2.71349630438,0.0054654137012,7.71458141093,0.000914711625203,0.0588616198504
3892,0.0584571768214,0.194529337794,-0.533859594418,2.71786282709,0.00547414674663,3.38065818507,-0.0258379222987,0.0616787218602
3893,0.0772973756251,0.191490191369,-0.534580458412,2.71290096616,0.00546422302475,5.93058531061,-0.00684955470982,0.0605498047228
3894,0.0688851781441,0.191724049637,-0.492895520226,2.70309514739,0.00544461138723,4.65258409184,-0.015450710538,0.0566760411224
3895,0.0602900462474,0.189816997683,-0.582018909184,2.70349815755,0.00544541740753,3.58222698075,-0.0249029391882,0.0578069055408
3896,0.0876707457584,0.19785927547,-0.550897876527,2.71786262582,0.00547414634407,7.8916755085,0.00335643131822,0.0585045748393
3897,0.0677034708239,0.196580285285,-0.56772035361,2.70800222761,0.00545442554766,4.49232165961,-0.0158103755038,0.0620868698659
3898,0.0522977639295,0.198380809163,-0.545876316291,2.70496361732,0.00544834832708,2.76387457153,-0.0295622160633,0.0596009471519
3899,0.0716463215002,0.193429105449,-0.520100033403,2.7075714687,0.00545356402983,5.04476685126,-0.0129083877991,0.0539638155053
3900,0.0705133557234,0.197085639047,-0.499892857795,2.70787014747,0.00545416138737,4.88077884333,-0.0130010592194,0.0592029437983
3901,0.0819165668757,0.188681770711,-0.570982392115,2.70172010303,0.00544186129849,6.74613130507,-0.00238633958367,0.0571751418576
3902,0.0661892049591,0.199028589022,-0.571364315215,2.70889376574,0.00545620862393,4.29333536237,-0.0171771719024,0.0617392556897
3903,0.101253207717,0.193131885554,-0.588695379292,2.70577662532,0.00544997434309,11.2779027069,0.0157621882164,0.0596820685983
3904,0.0878767170084,0.197629796997,-0.556497976057,2.71457089882,0.00546756289008,7.93556063928,0.00379178102624,0.0611583943062
3905,0.1018266512,0.192900880573,-0.476824996298,2.71961267693,0.0054776464463,11.4452248363,0.0151627441244,0.0555311391819
3906,0.0856106739923,0.195777101992,-0.540011196545,2.70699408585,0.00545240926414,7.46399813572,0.000322416673197,0.0627528307899
3907,0.115263851412,0.183109826783,-0.435702555236,2.70767345326,0.00545376799896,16.0562332989,0.02583341492,0.0565316076488
3908,0.097137117185,0.185864271949,-0.488821305449,2.70820058445,0.00545482226134,10.1388080381,0.00994060471278,0.0596398070928
3909,0.0794957069554,0.187670762771,-0.524420806839,2.71712602871,0.00547267314985,6.30784596504,-0.00603573487512,0.060482531785
3910,0.082102972489,0.20255025682,-0.560037580932,2.71007186179,0.00545856481601,6.78090748986,-0.0013588355833,0.0664230816653
3911,0.0868430799026,0.186920124929,-0.459213111328,2.7048918504,0.00544820479324,7.71740988619,0.00092066875152,0.0606343654165
3912,0.0562020563698,0.193533001514,-0.53039595806,2.71203376732,0.00546248862707,3.14433386009,-0.0260481169015,0.0605288087544
3913,0.0821335958446,0.199770601794,-0.551999272855,2.71022512431,0.00545887134105,6.78663497934,-0.000831166777402,0.064192706877
3914,0.0666561449849,0.200948951669,-0.588369752627,2.72216002674,0.00548274114592,4.35394363412,-0.0160250497908,0.0550551192555
3915,0.078138688255,0.188957527731,-0.537072979147,2.69934989568,0.0054371208838,6.07269820028,-0.0056306578717,0.0633185008794
3916,0.0699308972833,0.200498184907,-0.552702399991,2.71599541504,0.00547041192251,4.79814596878,-0.012850717657,0.0629216759609
3917,0.0672086853331,0.191285603245,-0.551445419532,2.70482015609,0.00544806140462,4.42652487482,-0.0176530157116,0.0578338565468
3918,0.0929469664819,0.191946744801,-0.522572661241,2.69905925051,0.00543653959346,9.08391447289,0.007181109283,0.0546690110868
3919,0.0948877308589,0.20436702627,-0.614205335141,2.7139423401,0.00546630577265,9.55998283294,0.0115662825141,0.0608512619628
3920,0.0715234222908,0.187967850479,-0.48702987151,2.70445709188,0.00544733527619,5.02676774689,-0.0135903221102,0.0641958288491
3921,0.0831226333944,0.185244716714,-0.475877063157,2.71181520489,0.00546205150221,6.97380995333,-0.0034284562271,0.0613157297028
3922,0.0912644611346,0.197967769062,-0.531466718047,2.71010110426,0.00545862330096,8.6879576756,0.00701374313203,0.0595395899167
3923,0.0801120934987,0.206092540555,-0.602223163595,2.71094410583,0.00546030930409,6.41712097183,-0.00161757525673,0.0595381798982
3924,0.0501849648321,0.20151788216,-0.613234932948,2.71641743994,0.00547125597231,2.57223331211,-0.0320418863312,0.0588663945249
3925,0.0781869847152,0.200252938975,-0.55093975695,2.71229561915,0.00546301233075,6.0809408193,-0.00496788111643,0.0676768568739
3926,0.0868756335272,0.194532985483,-0.556403306891,2.71223299998,0.0054628870924,7.72420159108,0.00254806599328,0.0631992262373
3927,0.0698819281027,0.192740269774,-0.562825904781,2.7043981156,0.00544721732365,4.79124986149,-0.0147817430741,0.0557087889044
3928,0.0779674568159,0.204948831488,-0.620895461648,2.72086347482,0.00548014804208,6.04354889436,-0.00592125357521,0.0652587097804
3929,0.0804220755272,0.192449624614,-0.564928692916,2.7088522423,0.00545612557704,6.47266765241,-0.00351365394051,0.0578761012372
3930,0.0848383856701,0.196979633941,-0.568006982224,2.72219227457,0.00548280564158,7.30882381673,0.00181830480922,0.063739680723
3931,0.0633285304539,0.189817697537,-0.538969267137,2.70576318227,0.00544994745697,3.93617604531,-0.020718185897,0.0597170590197
3932,0.0494111417965,0.18650801953,-0.52015252902,2.70475433368,0.0054479297598,2.504419722,-0.0349030333639,0.0621365570188
3933,0.0690801041054,0.200390823703,-0.585297116082,2.71475234813,0.0054679257887,4.67944818842,-0.0134986006449,0.0631022122802
3934,0.0619380617097,0.203335921631,-0.588186335525,2.71149337599,0.00546140784442,3.77105681799,-0.0197901579089,0.061001822778
3935,0.0611860839218,0.199891018056,-0.534108186473,2.70605871289,0.00545053851822,3.68398511543,-0.0221507831776,0.0576846594738
3936,0.0782176833979,0.193462832999,-0.54481956597,2.70368292834,0.00544578694911,6.08618487648,-0.00492954405058,0.0540085959932
3937,0.0870776191778,0.203310793991,-0.60428642162,2.71381930688,0.00546605970619,7.76645597983,0.00386130101594,0.0579193671803
3938,0.0795299654626,0.195644346886,-0.553628116965,2.71111574139,0.00546065257521,6.31387857734,-0.00369714663132,0.0621133028673
3939,0.0682693714083,0.193575164069,-0.575376801969,2.70924965743,0.00545692040729,4.56851583645,-0.0154273077598,0.0546059292675
3940,0.0764726438873,0.192930614526,-0.635767091349,2.70793126032,0.00545428361308,5.79394066525,-0.00700072676201,0.0596069928979
3941,0.0963708221209,0.194210521225,-0.500216729789,2.70673386208,0.0054518888166,9.93827643592,0.0100843743407,0.0623161017313
3942,0.0792513331857,0.203898795851,-0.554408121047,2.70865349483,0.00545572808209,6.26495253721,-0.00265186752612,0.065330041837
3943,0.0830827995881,0.196528044446,-0.5595814449,2.71385251416,0.00546612612075,6.96618852057,-0.00150331947344,0.0619638229337
3944,0.065197377771,0.190881222481,-0.580166410857,2.71239407615,0.00546320924475,4.16677863061,-0.0186611035438,0.0571657773439
3945,0.0904214825892,0.194242187737,-0.596164502583,2.70349906883,0.0054454192301,8.4952376431,0.00440233032519,0.0555512097991
3946,0.073136136225,0.182199747854,-0.465930653167,2.70112353481,0.00544066816205,5.26710926406,-0.0125761564219,0.0614696544497
3947,0.0711688066488,0.192048399869,-0.582348824762,2.71052204579,0.00545946518402,4.97512120655,-0.0127587355159,0.0556553601889
3948,0.0999520463965,0.187196264298,-0.487784702191,2.7027837778,0.00544398864805,10.9062278772,0.013206813552,0.062901048892
3949,0.0753018902979,0.200292675719,-0.630427094956,2.70463892831,0.00544769894905,5.60440661236,-0.00708519873548,0.0672002375762
3950,0.0727315354815,0.204432519604,-0.641399165099,2.71364442779,0.00546570994802,5.20596019923,-0.0095086417177,0.0652390112541
3951,0.0599157627,0.209245851171,-0.604080455299,2.71581182588,0.0054700447442,3.54035402547,-0.0221158438158,0.0592619958072
3952,0.0653220454803,0.192498515917,-0.524953252304,2.71892788294,0.00547627685832,4.1825248204,-0.0179875809219,0.0597233667474
3953,0.0278953971057,0.196599434483,-0.60467349742,2.70758980016,0.00545360069276,1.04497645005,-0.0557879828892,0.0620530445796
3954,0.0566388254349,0.196719137449,-0.557534112372,2.71417456023,0.00546677021289,3.18912606779,-0.0271256583907,0.059489764296
3955,0.101578673957,0.203156028242,-0.587335421365,2.71533997181,0.00546910103607,11.3726015081,0.0159623260307,0.0629619156781
3956,0.0593117055249,0.191664827253,-0.548163647025,2.71579200542,0.00547000510327,3.47355014608,-0.0251341365632,0.0534952710498
3957,0.0719213302132,0.208131717299,-0.629514266996,2.71611237552,0.00547064584347,5.08523045587,-0.0113469734672,0.0600144126737
3958,0.107598089104,0.192149455992,-0.599272001029,2.70608728277,0.00545059565798,13.2560069624,0.0213170756827,0.0620544450561
3959,0.0855682694473,0.192487134803,-0.496630135003,2.7118058187,0.00546203272985,7.45540606128,0.00149245223156,0.0610458146978
3960,0.0911793538297,0.207882522892,-0.636792996102,2.71468993178,0.00546780095599,8.66833121775,0.0077578820012,0.0669133249686
3961,0.0875976078074,0.185026298048,-0.520544670596,2.69985089969,0.00543812289182,7.87614233677,0.00213643919108,0.0566972305352
3962,0.0947295838165,0.191892542013,-0.482789390764,2.71452363017,0.00546746835277,9.52039452497,0.00878275111605,0.060349191751
3963,0.0710801992156,0.204003543635,-0.566724637622,2.71040117216,0.00545922343675,4.96228294705,-0.0117898569587,0.0621994441207
3964,0.0569352554554,0.196237514948,-0.534233905115,2.69880692196,0.00543603493636,3.21979079172,-0.0259275092397,0.0671252372265
3965,0.0512719603415,0.202526757016,-0.550953550988,2.70801613191,0.00545445335626,2.66962624012,-0.031256367477,0.0584176859425
3966,0.10630160513,0.191955365019,-0.504882777155,2.71028250214,0.00545898609672,12.8284073676,0.0202855236915,0.0634675742521
3967,0.0945242552365,0.189208451122,-0.435543976958,2.70923162333,0.0054568843391,9.46920832854,0.00852218744067,0.0548485050106
3968,0.0722375045426,0.19398557119,-0.509046923111,2.7061323376,0.00545068576764,5.13207285137,-0.0108199318601,0.0586562190184
3969,0.0802905722801,0.196482521228,-0.48856746904,2.70574238172,0.00544990585587,6.44905448411,-0.00212601728505,0.0609292078849
3970,0.100168706725,0.193613152837,-0.492445833673,2.71583199619,0.00547008508482,10.9673566641,0.0138130565955,0.0545670150231
3971,0.0743223123739,0.200718581954,-0.590379836745,2.70931319003,0.00545704747249,5.449738494,-0.00780012966943,0.0614722038535
3972,0.0806940217651,0.188233128268,-0.592458296906,2.70321770666,0.00544485650575,6.52172776974,-0.00358850785076,0.0624279642133
3973,0.0684401645677,0.190735033626,-0.540719546461,2.71551388552,0.00546944886349,4.59171079426,-0.0163956107706,0.0618959483264
3974,0.0597408644156,0.192076898712,-0.645107482588,2.71541066596,0.00546924242436,3.52091365467,-0.0235763302956,0.0644741193526
3975,0.104556348101,0.181214426293,-0.442963997593,2.71138128952,0.00546118367148,12.2722299138,0.015011491446,0.0556572709725
3976,0.0783365985148,0.191288880017,-0.542948017144,2.70224189658,0.0054429048856,6.10653364722,-0.00490994953743,0.0619317027244
3977,0.0994649082212,0.189878797089,-0.513304004243,2.70496474936,0.00544835059117,10.7698806414,0.0143681366884,0.0593222310529
3978,0.0878424034758,0.189861468656,-0.500978780813,2.71085735812,0.00546013580868,7.92823521912,0.00267810339739,0.064542610311
3979,0.0790354151576,0.195599080895,-0.594328674388,2.71648979895,0.00547140069034,6.2272552976,-0.00593374186843,0.0565059614193
3980,0.0850425164139,0.193972579999,-0.523190923713,2.71359646217,0.00546561401679,7.34957132237,0.000521724550142,0.0580370471469
3981,0.0921961780301,0.192345029034,-0.571093956706,2.70571121531,0.00544984352307,8.90534016766,0.0066870148724,0.0581486046353
3982,0.0896362703966,0.179894966487,-0.503522350627,2.70046143607,0.00543934396457,8.31904400926,0.00295958712555,0.0589209373203
3983,0.0816861241284,0.195472789784,-0.515802353847,2.7181806705,0.00547478243345,6.70334602027,-0.00293546373585,0.056600322379
3984,0.0565972697274,0.193015154869,-0.55771355489,2.70342158605,0.00544526426454,3.18484442666,-0.0275378784803,0.0585025937456
3985,0.0721451384621,0.192637527977,-0.521490383845,2.70583818205,0.00545009745655,5.11835274619,-0.0110354523827,0.0574273226783
3986,0.0706427249331,0.192721173567,-0.608193461564,2.71660522443,0.0054716315413,4.89928542102,-0.013597537244,0.0607255934695
3987,0.0917607864695,0.193091452747,-0.441858766242,2.70203915401,0.00544249940045,8.80317984112,0.00675446583009,0.0603308421695
3988,0.0728279738741,0.201989898925,-0.590675220179,2.71536119358,0.0054691434796,5.22048306274,-0.00980615389615,0.0626747878108
3989,0.0835960113766,0.195083786109,-0.537493985098,2.70199653305,0.00544241415854,7.06492016636,-0.000659525726625,0.0614476639
3990,0.098153865516,0.192393265179,-0.533417056987,2.70176612064,0.00544195333372,10.4103436743,0.0123138073365,0.060436884734
3991,0.0739879631262,0.194147889214,-0.58881630744,2.71013971462,0.00545870052168,5.39774902338,-0.0105146644837,0.0653577412904
3992,0.0955376575916,0.200236189226,-0.585190878818,2.71212896446,0.00546267902135,9.72418550918,0.0116040451213,0.0625650065195
3993,0.105751171778,0.192077199161,-0.59349625413,2.70520886366,0.00544883881975,12.6506200504,0.0186487247993,0.0579546442449
3994,0.0872311128459,0.190143223223,-0.560846943933,2.70607598033,0.00545057305309,7.79869760558,0.0018019034344,0.0634834023942
3995,0.0869262387593,0.198953792706,-0.565830684189,2.71973352808,0.00547788814859,7.7347695294,0.0017763724601,0.0648841950075
3996,0.0819396058194,0.201566190368,-0.617844660487,2.70965278062,0.00545772665368,6.75042138587,-0.00275299444002,0.0632418855712
3997,0.0638449322537,0.197087205186,-0.567082200086,2.7169273759,0.00547227584424,3.99888736472,-0.0208950249552,0.0619846652828
3998,0.0582865993279,0.204368345833,-0.610570641378,2.7178983996,0.00547421789164,3.36233886512,-0.0230865018389,0.0675605505752
3999,0.0721481339518,0.192019618985,-0.510667672032,2.712036245,0.00546249358243,5.1187972343,-0.0105565394695,0.065762723273
4000,0.0501830699628,0.20025299746,-0.586590472659,2.71098756254,0.00546039621751,2.57206572535,-0.0332275935776,0.0579243687879
4001,0.05945091827,0.205593294665,-0.612717210105,2.70951440049,0.00545744989341,3.48886163342,-0.023002601818,0.0608132710854
4002,0.0744123701369,0.196619558177,-0.511158822326,2.71029064788,0.00545900238819,5.46381127872,-0.0100113398185,0.0574238519772
4003,0.0909228531367,0.197444377558,-0.580727014055,2.70981484868,0.0054580507898,8.60941098071,0.006494421395,0.0628289207823
4004,0.0683557269474,0.194773200623,-0.493896987428,2.7025892602,0.00544359961284,4.58023196204,-0.0153185597028,0.0586946090999
4005,0.104316734057,0.191759877579,-0.559562084978,2.7166116119,0.00547164431624,12.1975700437,0.01759474554,0.0623236937713
4006,0.0852173015057,0.190395488483,-0.503997579486,2.71585292478,0.00547012694199,7.38461363839,0.00031115687951,0.0608635078014
4007,0.0847426880967,0.191756363312,-0.545200733606,2.70679917684,0.00545201944612,7.28978706663,0.000903555822452,0.0590903314549
4008,0.0800576910357,0.193420857488,-0.595368874699,2.70681178374,0.00545204465992,6.40741346086,-0.0042064114691,0.0607885521311
4009,0.0836418228035,0.185663332399,-0.539920903755,2.70060679615,0.00543963468473,7.07379034254,-0.00147958778566,0.0583284315708
4010,0.082594560306,0.195255310295,-0.508919241446,2.71345252052,0.00546532613347,6.87334053764,-0.000734273468573,0.0623067390651
4011,0.0933026601481,0.201346767466,-0.572931226819,2.70075471484,0.00543993052211,9.16959265579,0.00853578382118,0.0580112218626
4012,0.0343426860324,0.19685095607,-0.549271342752,2.71454567535,0.00546751244314,1.40600052913,-0.0488019910877,0.0618657001457
4013,0.0685248651579,0.204732612087,-0.583277069753,2.70593659462,0.00545029428168,4.60324818464,-0.0133950579552,0.0595637657937
4014,0.0850161476331,0.188105221151,-0.441072157827,2.70931863775,0.00545705836794,7.34429693825,-0.000105786420073,0.0597568666212
4015,0.105577379599,0.20026403534,-0.606104541279,2.70805776104,0.00545453661453,12.5949440065,0.0200948833629,0.0645176767189
4016,0.0729279958285,0.201119642648,-0.655101783467,2.71090786851,0.00546023682945,5.23558010288,-0.00967892522531,0.0606849257631
4017,0.0654553378988,0.198557457716,-0.55916778685,2.70398341597,0.00544638792438,4.19941139476,-0.0175964502743,0.057410472428
4018,0.0683723023402,0.202350242299,-0.594600905211,2.70286374274,0.00544414857792,4.58248350711,-0.0137150510569,0.0629717761114
4019,0.0770028384582,0.200436816124,-0.615029149803,2.71829901773,0.0054750191279,5.88148468365,-0.00686017943524,0.0552750568199
4020,0.0611852498266,0.197399174827,-0.525301986454,2.70767936741,0.00545377982725,3.68388938908,-0.0219441260792,0.0573703967861
4021,0.0809682852947,0.18477893925,-0.535931245802,2.70162069201,0.00544166247646,6.57151953682,-0.00427488174854,0.0624232516084
4022,0.0737879288449,0.209237246706,-0.618901558221,2.71061286244,0.00545964681731,5.36683770053,-0.00820012647624,0.0603595025618
4023,0.0553204857556,0.209491004751,-0.619995088496,2.70812885216,0.00545467879675,3.05532437001,-0.026533796084,0.0569676985531
4024,0.0780322449724,0.190336576913,-0.488964114592,2.70615848217,0.00545073805677,6.05456439011,-0.00664596588709,0.060313861899
4025,0.0767995686011,0.185363842108,-0.414606880104,2.70883536427,0.00545609182097,5.84779397185,-0.00840506704497,0.0586295082876
4026,0.0988043589395,0.187174996384,-0.435412451059,2.70067616634,0.00543977342512,10.5873928263,0.0124969683084,0.0576751459277
4027,0.0763904952786,0.201470799701,-0.529960051844,2.71790831402,0.00547423772048,5.7804727327,-0.00700078180207,0.0607715366499
4028,0.0835461882193,0.193892359424,-0.487559120751,2.70445275863,0.00544732660969,7.05528386147,0.000343967599278,0.0625446056282
4029,0.0775779887164,0.20266214021,-0.564411165823,2.70676287478,0.00545194684201,5.97767797164,-0.00546374930542,0.0568667447072
4030,0.0919012518306,0.185479528839,-0.511083786393,2.70549624337,0.00544941357918,8.83602743623,0.00619654927186,0.0557133844852
4031,0.0690763623177,0.198079627916,-0.543021716632,2.7062014439,0.00545082398025,4.67893135302,-0.0136134213543,0.0578426414886
4032,0.0752895347685,0.199418270823,-0.605236026464,2.71297716415,0.00546437542073,5.60243374181,-0.0100610115627,0.0605404607857
4033,0.0597337801848,0.199113240192,-0.581519049277,2.70369922961,0.00544581955166,3.52012791414,-0.0233015460833,0.0632797009674
4034,0.0736185174178,0.192354737477,-0.579630910272,2.70367622089,0.00544577353421,5.34077089073,-0.00961043026304,0.0575991792109
4035,0.0625378998548,0.187642613677,-0.536208730028,2.70308549944,0.00544459209131,3.84162603446,-0.0223898259374,0.0599831378715
4036,0.0717413130771,0.200062237614,-0.599098321663,2.71093018254,0.00546028145752,5.05871416888,-0.00924004040733,0.0633159194538
4037,0.0778790089797,0.188778081601,-0.484335269999,2.70452957282,0.00544748023807,6.02853740015,-0.0073557536064,0.0662998929152
4038,0.0586446722879,0.198255508338,-0.526641850802,2.71082445398,0.0054600700004,3.40087976336,-0.0245234187333,0.0606484319368
4039,0.0725567932488,0.196996663312,-0.512027960946,2.70828987257,0.00545500083757,5.1797284089,-0.0122111916655,0.0570574915831
4040,0.047487803315,0.192826332917,-0.619005583186,2.70923555082,0.00545689219409,2.34118812032,-0.035466491104,0.0644677786015
4041,0.093482711393,0.193336983663,-0.498803393061,2.70249445259,0.00544340999762,9.2132291475,0.00977985088254,0.0584131166084
4042,0.0957478275039,0.190023304697,-0.517100477493,2.71927345005,0.00547696799254,9.77780783145,0.00824434098375,0.0601431258425
4043,0.0533343078185,0.191510079804,-0.588606891577,2.71094337701,0.00546030784646,2.86147176165,-0.030664269843,0.0619445059028
4044,0.0937498116127,0.191262085462,-0.553240288219,2.70987109941,0.00545816329126,9.27829427621,0.0086456190636,0.0532007957571
4045,0.0779267691435,0.196013718211,-0.595130078766,2.70405571111,0.00544653251466,6.03663949905,-0.00582708104473,0.0582583225122
4046,0.0568050758776,0.198911566998,-0.572494789723,2.71408715705,0.00546659540653,3.20629765004,-0.0255757522793,0.0612012278867
4047,0.0822660881449,0.193647919191,-0.609636769814,2.70491234185,0.00544824577613,6.81146177303,-0.00215176402428,0.0598770197675
4048,0.106316172658,0.200641619524,-0.583993504479,2.70455623238,0.0054475335572,12.8331427187,0.0209836029973,0.0598052456844
4049,0.0814854525144,0.196823417965,-0.60719525055,2.70121557214,0.00544085223672,6.66627338474,-0.00296740389752,0.0580140277552
4050,0.080628090373,0.194392455253,-0.597757941892,2.71324311415,0.00546490732073,6.50980513762,-0.00516492068551,0.0575985563229
4051,0.0716054563169,0.201290923631,-0.537056697041,2.7083724156,0.00545516592365,5.0387762456,-0.0116758287377,0.0611626287302
4052,0.0542763578018,0.196605118032,-0.580863669319,2.71000730317,0.00545843569877,2.95227885917,-0.02961296079,0.0558655784851
4053,0.0922245766961,0.190796968338,-0.529559892419,2.70898790978,0.00545639691199,8.91203907643,0.00615949699924,0.057338962358
4054,0.0772918149782,0.194767902246,-0.545975732787,2.71479147339,0.00546800403921,5.92965521451,-0.0071538354048,0.0570051133691
4055,0.0715311125962,0.206687214318,-0.629588262308,2.7147757516,0.00546797259564,5.02789251127,-0.0103904565373,0.0587413950358
4056,0.0929142875205,0.203836798104,-0.651498484329,2.71437962139,0.00546718033522,9.0760777912,0.00996267629824,0.0617007437076
4057,0.066432916296,0.20547945275,-0.580819623461,2.71022331802,0.00545886772849,4.32488602869,-0.0145377131228,0.0647797567075
4058,0.069580956018,0.19805605332,-0.503571411041,2.70996564822,0.00545835238888,4.74903820561,-0.0136014904493,0.0571238054943
4059,0.0730680271258,0.190457730956,-0.538147066205,2.71043416022,0.00545928941287,5.25677524467,-0.0118202079748,0.0608236958613
4060,0.0829855552107,0.194820624598,-0.473492686545,2.70880854306,0.00545603817856,6.9476120899,0.000169985590402,0.0670716012437
4061,0.0613056998125,0.207227124137,-0.560266569133,2.70534769764,0.00544911648773,3.69773253294,-0.0209335516693,0.0621295727972
4062,0.082152776989,0.201352091998,-0.623866774464,2.71094024715,0.00546030158673,6.79022449537,-0.000392890362856,0.0637294699809
4063,0.0588404557238,0.205419734911,-0.584485029295,2.70469303455,0.00544780716155,3.42209099051,-0.0227683695639,0.06389923534
4064,0.0697964044083,0.188989784519,-0.53032670401,2.70924824488,0.00545691758219,4.77922485833,-0.0152277655153,0.0622885003834
4065,0.0867818791563,0.195020731443,-0.545723649663,2.69991528718,0.00543825166679,7.7046552559,0.00104226533666,0.0606280713955
4066,0.077034749054,0.191265668751,-0.509605115845,2.71456127399,0.00546754364042,5.88678811913,-0.00650033803876,0.0568323936398
4067,0.0676946149264,0.197405929467,-0.517727392042,2.70954253311,0.00545750615865,4.49113728504,-0.0149026106591,0.0587701570612
4068,0.0601520131599,0.20217397324,-0.558213323768,2.71080325612,0.00546002760469,3.56674149892,-0.0233451491514,0.0621164885212
4069,0.0772924423298,0.196045460361,-0.568483127147,2.70633488286,0.00545109085817,5.92976014185,-0.00670202401799,0.0632346378805
4070,0.0679220292806,0.187194470797,-0.514133673486,2.70482042638,0.0054480619452,4.52162929944,-0.0170348458304,0.0655074430975
4071,0.0645540095744,0.191977806219,-0.541855063303,2.70529185144,0.00544900479531,4.08624635154,-0.0196191148149,0.0595016007616
4072,0.0765474029511,0.18884004323,-0.500885405819,2.70345066861,0.00544532242966,5.80621946448,-0.00742578820687,0.0683146693787
4073,0.0939041127966,0.201339047707,-0.529134493147,2.69795165727,0.00543432440697,9.3160632002,0.00994497921208,0.0599161731213
4074,0.109828474122,0.192625590758,-0.606039837051,2.70535735519,0.00544913580281,14.0215376445,0.022315883328,0.0599749734032
4075,0.104874868987,0.190352634567,-0.469737168112,2.7201687198,0.00547875853203,12.372104845,0.0172516635376,0.0648438185991
4076,0.0897197321368,0.190461763638,-0.545763013526,2.70272251296,0.00544386611836,8.33762159842,0.0042774728497,0.0576848774725
4077,0.0623067042127,0.195811388317,-0.482503371399,2.70646784502,0.00545135678248,3.81430847875,-0.0217495891976,0.0620431357485
4078,0.061684012457,0.193669525936,-0.509271507195,2.70182189839,0.00544206488923,3.74146774924,-0.0210218868975,0.0630072391659
4079,0.0867611107159,0.206156161599,-0.60988410392,2.70882320547,0.00545606750338,7.70033105821,0.0030995321112,0.0636692200366
4080,0.0891706548245,0.191051209863,-0.521435594982,2.7088187844,0.00545605866124,8.21605393173,0.00438330646201,0.058394344094
4081,0.0671566293174,0.189033871258,-0.430938729475,2.70352087754,0.00544546284752,4.41964667491,-0.0178064296623,0.0593486077139
4082,0.042115563941,0.198421107056,-0.564783731454,2.72185580769,0.00548213270782,1.92305818549,-0.0401418604175,0.0615575973089
4083,0.0980782073928,0.199362647662,-0.581188971222,2.70535650458,0.00544913410159,10.3899209667,0.0141563925944,0.0606430385784
4084,0.0791011857718,0.185975281895,-0.471402511554,2.69800509307,0.00543443127859,6.23871825707,-0.00638666577504,0.0564457679974
4085,0.0847881300641,0.191293405937,-0.590594929632,2.70246068738,0.00544334246719,7.29882142742,0.00012462334754,0.0642813094769
4086,0.101352668399,0.187199916762,-0.525710347858,2.71516811063,0.00546875731369,11.3067679387,0.0143858170697,0.0583035888553
4087,0.0945618359514,0.185447646233,-0.466582525479,2.70234440432,0.00544310990108,9.4785588562,0.00843712196728,0.0534810991201
4088,0.0605180379058,0.195664454124,-0.517937800886,2.70119809278,0.00544081727799,3.60791525354,-0.0231315487134,0.0583530621225
4089,0.107527352847,0.185083077721,-0.502201535755,2.70980104824,0.00545802318892,13.2323528143,0.0195570387646,0.0536314857639
4090,0.0735111875629,0.184319613079,-0.508947332436,2.69749170879,0.00543340451002,5.32430951293,-0.0113292423621,0.0537764155522
4091,0.0884939504445,0.185466875605,-0.524176393601,2.71320763532,0.00546483636308,8.06832181878,0.00205769479417,0.0591243606421
4092,0.0598128529047,0.192360554141,-0.531796347769,2.70446961941,0.00544736033126,3.52890563928,-0.0245173532519,0.0681304467786
4093,0.0676902085488,0.201063477076,-0.566262160497,2.71093407115,0.00546028923475,4.49054807415,-0.0140230331868,0.0633195868226
4094,0.0771668423895,0.191312114143,-0.492790646956,2.70593331159,0.00545028771562,5.90878343019,-0.00725190476587,0.0604415131181
4095,0.0739754798111,0.192133273886,-0.485570756122,2.70997210565,0.00545836530374,5.39581576086,-0.00934806211987,0.0612165513162
