path_id,cagr,annualized_volatility,max_drawdown,annualized_half_gross_turnover_ex_initial,annualized_fee_fraction_including_initial,total_return,annualized_arithmetic_active_vs_ew9,tracking_error_vs_ew9
0,0.0706613391905,0.202404947955,-0.516923077083,2.7023438731,0,4.90195283952,-0.01314221878,0.057829919759
1,0.106242511561,0.186852475401,-0.524244126608,2.70469150704,0,12.809214269,0.0175926028863,0.0568813362197
2,0.0979913097861,0.193585777454,-0.538627252685,2.70325733339,0,10.3665077061,0.0113405189543,0.0522844171372
3,0.0732036936507,0.199754214585,-0.606779170772,2.70813230487,0,5.27737579127,-0.00931107999008,0.0654151382346
4,0.09507462992,0.188608696158,-0.485333410759,2.70449134936,0,9.6069532015,0.00864853959708,0.0591642648271
5,0.088480216769,0.193577517938,-0.621894416085,2.70906694723,0,8.06534730899,0.00346733484688,0.0611968242038
6,0.084633697577,0.189066487539,-0.522107804286,2.70931182913,0,7.26815708278,-0.00168216824155,0.0629136451297
7,0.0943937746212,0.1978434231,-0.569642178262,2.71217969749,0,9.43680544978,0.0105486190302,0.057736302936
8,0.0809824699373,0.195468573376,-0.500243134635,2.71092409796,0,6.57410331928,-0.00392530456783,0.0593137907816
9,0.111756744725,0.190603166949,-0.472980449406,2.71313106211,0,14.7150974595,0.0236212126493,0.0602836787761
10,0.0897654365476,0.192372506181,-0.592998534048,2.7058356148,0,8.34780994005,0.00441058679754,0.0624354042575
11,0.0688687088657,0.202506118702,-0.592676986904,2.71560158837,0,4.6503199527,-0.0149675795034,0.0601643109459
12,0.0878211045673,0.192191104036,-0.483784741608,2.71727233052,0,7.92369112927,0.00389726328954,0.0668725773561
13,0.0584003360231,0.205660691515,-0.61804202992,2.71656925508,0,3.37454551521,-0.0247230735246,0.0543649595638
14,0.0800396977628,0.191063387242,-0.477791695084,2.70391033836,0,6.40420545191,-0.00529282704306,0.0633925668405
15,0.0845424662025,0.194701419394,-0.474988739774,2.71577433465,0,7.25009326769,-0.000521089383317,0.0643841948068
16,0.0744282654407,0.188327176751,-0.534968204636,2.7114238726,0,5.46629820569,-0.0106755299459,0.0559571043869
17,0.0893433028103,0.196289779838,-0.560218777227,2.71253861838,0,8.25411382875,0.00464058864706,0.0606691263554
18,0.0671553879185,0.193994451469,-0.568544936439,2.70670922554,0,4.41948275033,-0.0162432475612,0.0583616624523
19,0.0685625357661,0.201467726741,-0.602046730769,2.71894186502,0,4.60838679254,-0.0146977508377,0.0586331140422
20,0.0852837089083,0.197009433878,-0.485998641378,2.71168305568,0,7.39796456175,6.32729660329e-05,0.0632364823849
21,0.0797639457336,0.197741820719,-0.530531435321,2.70615983167,0,6.35520859919,-0.00513735891901,0.0581837136547
22,0.0789812494754,0.195198208735,-0.618579400595,2.70359628455,0,6.21782803452,-0.00516309421108,0.0565257524893
23,0.0851388453483,0.199242326685,-0.532632334569,2.71105557475,0,7.36886666284,-0.000301338951149,0.0582098255582
24,0.0910910130819,0.189940677048,-0.585991190386,2.7052393822,0,8.64799954071,0.00535688391014,0.0586342801297
25,0.0858247669017,0.187795319769,-0.446204544334,2.71117871023,0,7.50750632089,0.000119254731488,0.0586474575754
26,0.0699556260812,0.19117359495,-0.566833112924,2.70718918774,0,4.80163141282,-0.0137622844184,0.0657706986146
27,0.082246170491,0.195248774848,-0.567306083469,2.70350046701,0,6.80772469001,-0.00180344745498,0.057390631903
28,0.0933080962523,0.187000288713,-0.469453738904,2.70979090982,0,9.17090749948,0.00694292642545,0.059446169626
29,0.0783761951673,0.191966473982,-0.548250344825,2.70886711151,0,6.11332189243,-0.0062867472379,0.0582875107377
30,0.0828331800596,0.205499142975,-0.592746041603,2.7080535919,0,6.91858786064,-0.000388515664156,0.0628966092299
31,0.0800705119104,0.202186743034,-0.578470335348,2.71977295413,0,6.40970010165,-0.00398032658224,0.0594696227459
32,0.0952779973218,0.18421692548,-0.493827908879,2.71065073163,0,9.65829050307,0.00865149007857,0.0592153372037
33,0.0920986644808,0.207805019955,-0.630496802833,2.72228107711,0,8.88237099857,0.00731142145185,0.0604070879913
34,0.0854400712958,0.193881991418,-0.504424661083,2.71011323725,0,7.42948132708,-0.000595859335815,0.0606593884011
35,0.102260225688,0.195076004703,-0.519885289415,2.70815791983,0,11.5731886601,0.0152957974622,0.0621960824131
36,0.0874868715485,0.201729043395,-0.615245785673,2.70595821224,0,7.85267361645,0.00414777476851,0.0627745262308
37,0.0855973249815,0.187469828709,-0.487084804443,2.70918014346,0,7.46129243351,-0.000339540321434,0.0563025416585
38,0.0685255610006,0.193406649858,-0.494424584883,2.70690840792,0,4.60334306275,-0.0150442758458,0.0604685774318
39,0.0728788461385,0.196502076138,-0.555635828461,2.71245491813,0,5.22815718586,-0.00917622447739,0.0598560899795
40,0.0634983364767,0.203403648222,-0.569369856847,2.72012215844,0,3.9567131723,-0.0201690129276,0.0598804863172
41,0.0720708693941,0.195322472055,-0.506630577466,2.71240610072,0,5.10734219422,-0.0125420784513,0.0591655837787
42,0.0856492653727,0.195623654667,-0.645505553323,2.71183710072,0,7.47182487709,0.00108501068284,0.0662733973672
43,0.0867033019062,0.206304725014,-0.64538078817,2.71137842668,0,7.68830555746,0.00250760628735,0.0602106766951
44,0.0801041475853,0.181655634046,-0.521165900999,2.70775050684,0,6.41570235,-0.00552038827732,0.0599657729834
45,0.0902556467788,0.20635529409,-0.528756175213,2.71352292665,0,8.45776101331,0.00624124447949,0.0684793902964
46,0.0875129565934,0.179232365524,-0.525823022923,2.70049267658,0,7.85819653272,0.000235914210653,0.0628192468052
47,0.0817246429412,0.197249086625,-0.580254838737,2.71393805527,0,6.71048178612,-0.002651044423,0.0534276974084
48,0.0983799543322,0.186526278032,-0.501517369199,2.69844182503,0,10.4715827954,0.0107336793988,0.0529900853686
49,0.0864037496865,0.200771995506,-0.575818316751,2.70757825132,0,7.62624765862,0.00143926746791,0.0582138476695
50,0.0957239693718,0.203533596832,-0.587893562622,2.71887526088,0,9.7717077692,0.0101309843949,0.0620391225734
51,0.0980927389567,0.186568554145,-0.483344885173,2.70264249468,0,10.3938408023,0.0100278680411,0.0623606700512
52,0.084710295079,0.194695997705,-0.526591026182,2.7007421926,0,7.28335275409,0.000180822745216,0.0565559718344
53,0.0645199423054,0.208686280379,-0.653817970731,2.70142268592,0,4.08201587297,-0.0175785236328,0.0571850219378
54,0.0910558241796,0.188017892518,-0.464873978941,2.70318777828,0,8.63991224828,0.00545268181622,0.0578036029976
55,0.0772946528266,0.194076415161,-0.545170784079,2.70563931698,0,5.93012986943,-0.00846731895245,0.05624653045
56,0.0973713162089,0.19905519254,-0.555429296552,2.70926313265,0,10.2007975802,0.0101914341987,0.0641849019436
57,0.0965034052225,0.188573539988,-0.542809281542,2.70042550637,0,9.9727219344,0.00939617299306,0.062214575859
58,0.10167330428,0.178751000156,-0.467381036899,2.70310463131,0,11.4002670054,0.013220020647,0.0642969231962
59,0.0728382681458,0.204340652772,-0.588886773666,2.71664210408,0,5.22203522799,-0.0103416022035,0.0576967708178
60,0.0946833466844,0.192583465415,-0.541267871307,2.7077914179,0,9.50884715735,0.00938961968997,0.0600275509867
61,0.0613263850564,0.201531235309,-0.610553471929,2.71316222737,0,3.70011381294,-0.0206410846802,0.0628163107933
62,0.0927952465599,0.20024618038,-0.629730564367,2.70750983192,0,9.04758028681,0.00792099444777,0.0623587201871
63,0.0858532318843,0.196918652918,-0.612302952784,2.70528921008,0,7.51330717575,0.00149911779794,0.0564415754081
64,0.0737342936713,0.199633732967,-0.563763858558,2.71907099949,0,5.35857389642,-0.0105841591658,0.0597323079896
65,0.0897242747956,0.192053756705,-0.571407760467,2.7085036224,0,8.33863376133,0.00434367582353,0.0627870504298
66,0.0963419880636,0.197999947821,-0.482763350171,2.70257490232,0,9.93079903576,0.0115918931845,0.065856944776
67,0.0891303362754,0.196445234863,-0.618641477259,2.71770265449,0,8.20718749275,0.00374182632126,0.0555107717735
68,0.095173598263,0.197763813748,-0.608107423453,2.71833030554,0,9.6319066271,0.0108962444441,0.0627793693622
69,0.0956086706986,0.199583280536,-0.605801903916,2.69755849321,0,9.74227488924,0.0102492950685,0.0633434256167
70,0.096522301919,0.201133243902,-0.574075505082,2.70936235826,0,9.97763983847,0.011319186001,0.0619347217515
71,0.0808175035503,0.20258701371,-0.514428544508,2.71172939804,0,6.54410644749,-0.00252481106661,0.0622291163199
72,0.0877671650062,0.201619587198,-0.494529331135,2.71294576051,0,7.91219315059,0.0043702494456,0.0627007792007
73,0.104958520084,0.187717281015,-0.434341499253,2.70195528204,0,12.3984539348,0.0172695206612,0.0628086564874
74,0.0964188723561,0.19894003052,-0.603588587982,2.70528704852,0,9.95074800536,0.0102782646686,0.0563255247969
75,0.114287321444,0.183643590938,-0.483116266774,2.70627230306,0,15.6721362725,0.0254494301599,0.0561102005379
76,0.104434993309,0.190492949746,-0.517546179817,2.70293478535,0,12.2343671065,0.0177406355128,0.0638333271847
77,0.101241330149,0.194601610303,-0.517988795924,2.70758745864,0,11.2744599831,0.0137490378824,0.0549890568638
78,0.0801139813313,0.19721247799,-0.545063182346,2.70524443062,0,6.41745805394,-0.00499685097668,0.0602900535368
79,0.105282110106,0.196343602599,-0.511222059944,2.70591443104,0,12.5008517647,0.0187245435953,0.065170546312
80,0.0794336795762,0.197718370215,-0.618053642389,2.70993079143,0,6.29693567754,-0.00610487674721,0.0595506542282
81,0.0928630934496,0.18707906844,-0.551657729713,2.6912499384,0,9.06381280666,0.00692737240356,0.0635809489673
82,0.0964632408422,0.190111489963,-0.545324748762,2.70650482949,0,9.96227610749,0.00987119360508,0.0565155952051
83,0.085786178189,0.203827135455,-0.635782752801,2.71817046659,0,7.4996484278,0.0015533805599,0.059278797194
84,0.0733228316994,0.192194350831,-0.528949967361,2.71632663316,0,5.29552031038,-0.0107018244692,0.0598146909442
85,0.0990433974405,0.196458053797,-0.509635322857,2.705838954,0,10.6531148487,0.0129431786162,0.0616998104764
86,0.0964196560369,0.189676937554,-0.53925521196,2.70582418712,0,9.95095152514,0.00978437265259,0.0610544608053
87,0.0810890518776,0.199030831396,-0.589735980699,2.70467947749,0,6.59354473041,-0.00412550811479,0.0561635714961
88,0.0748081610545,0.204530104758,-0.575410812548,2.70573396029,0,5.52600992259,-0.00757443821709,0.0600238276381
89,0.095304094673,0.191268023112,-0.543510933651,2.70946248959,0,9.66489569127,0.00977395374177,0.0587515094104
90,0.0747132603859,0.194777324175,-0.607044755733,2.71121815813,0,5.51104401772,-0.00938425461011,0.0575779441755
91,0.0792222688311,0.194358228374,-0.578589829722,2.70958429387,0,6.25986718676,-0.00497370385193,0.0620412225994
92,0.102176071328,0.213075911004,-0.626956265142,2.71879362708,0,11.5482530671,0.0157992725719,0.0613925973293
93,0.0739996008525,0.188519027402,-0.549275359099,2.7126782426,0,5.39955183757,-0.0106986807542,0.0566130605928
94,0.0656960048569,0.207204884163,-0.619870588914,2.71319218543,0,4.23003514726,-0.0165995309712,0.066925938698
95,0.0746593147956,0.199328575191,-0.601865217361,2.71029319381,0,5.50255147576,-0.00947479930244,0.0548527924028
96,0.0847913813392,0.202923649906,-0.529046466848,2.70763945786,0,7.2994681793,-0.000287742747217,0.061672984783
97,0.0688803709338,0.209478779151,-0.6275288318,2.72364946425,0,4.65192312315,-0.0130869734557,0.065979909687
98,0.0853836549719,0.192175291452,-0.525864863738,2.70630880543,0,7.41809682998,0.000745995250381,0.0605188131045
99,0.0818164831155,0.194775011254,-0.528395681827,2.71883080701,0,6.72752120198,-0.00239694842409,0.0652330695337
100,0.078186644018,0.202196554541,-0.605884845512,2.73043221178,0,6.08088264114,-0.00598138926547,0.0558415275408
101,0.0955192869619,0.185187305691,-0.4521656582,2.70660055621,0,9.71951067478,0.00858834009868,0.0620884162272
102,0.0923475362,0.187833028429,-0.476847821081,2.71410121501,0,8.94109406277,0.00653456703344,0.0599585073473
103,0.0649251758507,0.189748938045,-0.52617194833,2.70564583137,0,4.1325578071,-0.018995149242,0.0593700998958
104,0.0907052508455,0.203682344215,-0.545600747101,2.71949395338,0,8.55969684588,0.00629788151699,0.0590074744028
105,0.0839237149178,0.194506125833,-0.565593992757,2.70278271827,0,7.12857812903,-0.00060677739672,0.0587437798515
106,0.0913903864687,0.200287402509,-0.478928815742,2.70417914304,0,8.71706740337,0.00711076539517,0.0637766006605
107,0.0905740621221,0.184442368277,-0.55181580268,2.70869319241,0,8.5298446294,0.00345697329314,0.0585543283387
108,0.0649064585188,0.196261204119,-0.579250875539,2.70657152474,0,4.13021271722,-0.0189185425799,0.0595733436544
109,0.0832285685348,0.203151088017,-0.612381260552,2.71662221788,0,6.99411273681,-0.000666642510579,0.0602336706716
110,0.0936936424326,0.202000152985,-0.580436541829,2.70892584729,0,9.2645785573,0.00847690965429,0.0635479759132
111,0.0752582509014,0.200629403598,-0.590210193357,2.72015627235,0,5.59744102035,-0.00676607308092,0.0658285378262
112,0.0859240154822,0.20427986528,-0.528146171408,2.71586957931,0,7.52774859787,0.00131230953087,0.0582240178338
113,0.0981102577581,0.195761959793,-0.535656830577,2.70292790571,0,10.3985681587,0.0122186234247,0.0567374454877
114,0.0795778776911,0.185349681828,-0.568609531323,2.70166884865,0,6.32232351794,-0.00561029680765,0.0553522890253
115,0.0962689184572,0.19353670873,-0.583109301885,2.70400844709,0,9.91187224188,0.00964745854821,0.0538538404543
116,0.0809297880744,0.207748212567,-0.628793593514,2.7126534841,0,6.56451140361,-0.00227493465203,0.0653269975898
117,0.0772596254261,0.19348462618,-0.479416024453,2.70194566361,0,5.92427341886,-0.00781989630773,0.0631457194643
118,0.0925995986516,0.185130632264,-0.593867911407,2.71039624531,0,9.00091193734,0.00505688239519,0.0584072449649
119,0.0852104213796,0.201221999662,-0.55688062939,2.71144096887,0,7.38323158589,0.00151731826958,0.0611567457561
120,0.0801011089355,0.195960690883,-0.609052479254,2.70694198564,0,6.41515991432,-0.00497099574418,0.0573190049025
121,0.0673575154474,0.187491687446,-0.510338953216,2.7041095429,0,4.44623624307,-0.0175693620255,0.05510392037
122,0.0990832402926,0.195419000817,-0.554527554273,2.7028438851,0,10.6641041643,0.0122409699864,0.0556865710592
123,0.0859072716878,0.185129268222,-0.474731412562,2.70602426989,0,7.52433036741,0.000309453823317,0.0617854070556
124,0.0680697624479,0.207640885925,-0.593656988826,2.70783164102,0,4.54152472047,-0.0138513259305,0.0612766372869
125,0.0818718189024,0.196405818912,-0.454654848286,2.72216257405,0,6.73780531015,-0.00252864146187,0.0619088150453
126,0.0801901967447,0.197481928117,-0.570026606183,2.71734502938,0,6.43107901224,-0.00401336643097,0.0578287814759
127,0.0843315662918,0.191950026647,-0.478610424348,2.71268200747,0,7.20848021781,-0.000798032856693,0.0614058020629
128,0.0852672131248,0.192976570275,-0.47567600079,2.70605112662,0,7.39464624836,5.50022309802e-05,0.0646009649874
129,0.0997141753894,0.202297396691,-0.578907652607,2.70788850228,0,10.8394604626,0.0146326843908,0.0619745151976
130,0.0780125032346,0.196912787862,-0.593747417078,2.71306764412,0,6.05120608131,-0.00598746022611,0.060648942428
131,0.0891180720563,0.185289291742,-0.456689416664,2.71072746229,0,8.20449209964,0.00416992253463,0.0651683882375
132,0.106787681295,0.192064207682,-0.473342313145,2.69860354678,0,12.9872570412,0.0194942836192,0.0650165883936
133,0.0874555539133,0.196571691301,-0.570212400857,2.70535908702,0,7.84604719174,0.00207947526952,0.0549929690194
134,0.0961090146233,0.190730168542,-0.517579327993,2.70627689615,0,9.87056315618,0.0100465966292,0.0635221616302
135,0.0804378714598,0.197597857903,-0.584725118817,2.71981648541,0,6.47550886073,-0.00420221312282,0.0606890841139
136,0.0816989824731,0.201852631305,-0.623146232061,2.7079314492,0,6.70572737428,-0.00175912647395,0.0581941412856
137,0.0945625296729,0.19521371387,-0.522917069672,2.711528898,0,9.47873153781,0.00820685012637,0.0590964262792
138,0.0965561013458,0.190039761737,-0.517729270751,2.70249575547,0,9.98644149487,0.0110373155706,0.0577881450706
139,0.0805297137381,0.207600089421,-0.649347951438,2.7102129055,0,6.49204908452,-0.00332231736596,0.0668061608096
140,0.0806921730191,0.198923616923,-0.540501538566,2.71365241998,0,6.52139320587,-0.00453848879733,0.0585329160953
141,0.0961603198053,0.199603929645,-0.56598501125,2.71210544745,0,9.88380077507,0.0110542180355,0.0584521859601
142,0.0847817543264,0.19306609305,-0.512790337159,2.70038325526,0,7.29755329022,-0.000164944782312,0.0576271715934
143,0.0682836003501,0.200951238262,-0.594436009062,2.71609258581,0,4.57044469247,-0.0144256958179,0.0658417397406
144,0.0930848424149,0.19896954263,-0.57891581371,2.72358102434,0,9.11704281955,0.00703212474649,0.0602067767135
145,0.0616813682838,0.202869254538,-0.62706514833,2.71739326659,0,3.74116071266,-0.0213520622914,0.0612354348679
146,0.0677216307962,0.201030768698,-0.59263973745,2.73105090409,0,4.49475111566,-0.0152092772756,0.0635071724256
147,0.07058366424,0.202382039873,-0.657182528063,2.70937090885,0,4.8908297099,-0.0118657761657,0.0604010461622
148,0.0936837005326,0.192330596948,-0.538591041732,2.70107242741,0,9.26215271987,0.00750789189983,0.0526474555871
149,0.0868510150591,0.192910130995,-0.531526813292,2.7201458211,0,7.71906493944,0.00284509087065,0.071324088315
150,0.0784951502055,0.197887847651,-0.625787973144,2.70812250516,0,6.13375244943,-0.00547983630047,0.0627077148528
151,0.0720826451215,0.193086850669,-0.514216232125,2.72172555904,0,5.10908669975,-0.0100882304018,0.0625602042457
152,0.0835914175259,0.1934863497,-0.462145036789,2.70870505549,0,7.06403120528,-0.00122547155655,0.0619776106823
153,0.0919434593795,0.18671679447,-0.455539134054,2.70811313819,0,8.84591826275,0.00626553101532,0.0568372409494
154,0.0878961649299,0.210719131891,-0.625127507706,2.71676659685,0,7.93971504194,0.00467728778485,0.0639878614167
155,0.0836559910879,0.202583652074,-0.601222131772,2.7157867989,0,7.07653555634,-0.000763917440686,0.0619006978894
156,0.0755979999647,0.206932029929,-0.606735230549,2.71004830059,0,5.65185789,-0.0082871421429,0.0592233008394
157,0.0922292417313,0.201453869817,-0.594774324111,2.71082632549,0,8.91313991944,0.00684647664763,0.0591704078585
158,0.0765617102542,0.186323609303,-0.50416889552,2.70612739745,0,5.8085717982,-0.00840172596271,0.0632361114272
159,0.0750180110278,0.202787637075,-0.578185779805,2.70823105532,0,5.55922094488,-0.00696480792829,0.066349581441
160,0.0743754667135,0.203324993814,-0.625793446463,2.710916087,0,5.45804103606,-0.00756111391716,0.0645703334918
161,0.0961759028385,0.202212851896,-0.601164147925,2.72111396332,0,9.88782453345,0.011411506602,0.0611681609395
162,0.0748823711591,0.197527037843,-0.547974748734,2.70026376631,0,5.53773595042,-0.00905790567903,0.0540297649041
163,0.0950994465822,0.186795883378,-0.473588878976,2.70578630001,0,9.61320506597,0.00794651929565,0.057837169313
164,0.0722450617132,0.189817120028,-0.518091324789,2.70464333782,0,5.13319670569,-0.0129502158316,0.0560275685147
165,0.085418242059,0.193969936254,-0.498604770537,2.70453583842,0,7.42507455501,0.00248619215481,0.0634569839481
166,0.0729102771529,0.192406026698,-0.508978094988,2.7200903685,0,5.23290312919,-0.0109192989053,0.058911177303
167,0.0938665324006,0.197316925211,-0.625161473947,2.70843557543,0,9.30685222092,0.00813282150414,0.0617789341809
168,0.0784485737493,0.202786389896,-0.615356039662,2.7152581198,0,6.12574621961,-0.0061883901114,0.0564675855344
169,0.0769417840006,0.206517025124,-0.572298635024,2.71686165907,0,5.87134857735,-0.00703933586823,0.0596305358021
170,0.105906511059,0.189961916819,-0.503448677842,2.70679450765,0,12.700570033,0.0188232646764,0.0621787256606
171,0.0938082836214,0.189804414857,-0.557171757665,2.70763237616,0,9.2925910335,0.00745058636942,0.0595820060178
172,0.0750201935743,0.192465872548,-0.548923391037,2.70323346738,0,5.55956720882,-0.0104943768624,0.0599765673343
173,0.0711799426341,0.204257457262,-0.615460527374,2.71822947421,0,4.97673656947,-0.0120077876038,0.0595055515997
174,0.0885987914575,0.190413220997,-0.603032779131,2.70808047163,0,8.09105976945,0.00313834202863,0.0546494533291
175,0.0860736606015,0.184976979586,-0.49336662055,2.70196120008,0,7.55835709729,8.81943512128e-05,0.06135589559
176,0.0768452225314,0.206168486342,-0.596074095896,2.71760412173,0,5.85534698762,-0.00535805757636,0.0604842541926
177,0.0909054645336,0.187473252642,-0.480899013831,2.70931144195,0,8.60542920213,0.00406187278215,0.0565072308036
178,0.0804563404789,0.203847927875,-0.55928685141,2.71011631028,0,6.47883219336,-0.00397044221049,0.059031297262
179,0.0743484444053,0.187546049838,-0.519969286372,2.70498491621,0,5.45381895242,-0.0101020763371,0.0581732445165
180,0.0607655842813,0.19767456865,-0.521892672362,2.71525522384,0,3.6359635804,-0.0208949395961,0.0692698380508
181,0.0928040664812,0.180639902922,-0.481485811617,2.70595587538,0,9.04968904815,0.0049105933819,0.0602292485281
182,0.0885006691796,0.186562073781,-0.409974961953,2.70738995672,0,8.06977733867,0.00216129944896,0.061995880755
183,0.0806010633977,0.196191802941,-0.518925514744,2.7034670032,0,6.50492299685,-0.00484974552138,0.0613730658847
184,0.0670819228949,0.197448368816,-0.528822202946,2.71584229624,0,4.40979030597,-0.0169712380193,0.0599141987422
185,0.0793276555327,0.201601836527,-0.570329344717,2.71306715842,0,6.27832286613,-0.00376397179415,0.0585347103731
186,0.0980438639531,0.189818064897,-0.472030051773,2.71504282424,0,10.3806621038,0.0109821768971,0.059735042496
187,0.0869703486578,0.183068332777,-0.499006116564,2.70541290409,0,7.74399108067,0.000664734972379,0.0545020791084
188,0.0745905744519,0.192038717864,-0.548753532092,2.7084940252,0,5.49174525889,-0.0097070552603,0.0663559860161
189,0.101184526884,0.186864453967,-0.458209456541,2.70345203812,0,11.2580083355,0.0152866246396,0.0640776786173
190,0.0569122431199,0.197393103442,-0.601633577646,2.7195428004,0,3.21740253369,-0.0260436545417,0.062377930797
191,0.0664518942865,0.20272631736,-0.54219265864,2.71331662766,0,4.32735047766,-0.0160244841927,0.0566360866564
192,0.0977740656859,0.187927670387,-0.517210104503,2.71044959887,0,10.3081768207,0.0109457350597,0.0568964896028
193,0.0731343832498,0.189196655516,-0.51055979286,2.70623701525,0,5.26684308398,-0.0110028617981,0.0603287128336
194,0.0870866781759,0.200353112792,-0.535418663164,2.71491707751,0,7.76835568027,0.00187646825584,0.0564147949022
195,0.0894794602866,0.183528538491,-0.474405595793,2.70706283873,0,8.28423601535,0.0020914290695,0.0566938835684
196,0.0829101432353,0.194585176967,-0.501247844601,2.70956062289,0,6.93323494876,-0.00161603339287,0.0607615464169
197,0.106127402158,0.186360752051,-0.435687962558,2.70068626171,0,12.771901212,0.0169791370186,0.0585396363933
198,0.0871180076549,0.19367208427,-0.547092370876,2.70660282121,0,7.77492862289,0.00250279719405,0.0572191341521
199,0.068181951119,0.204244063308,-0.542933578075,2.71058820515,0,4.5566793467,-0.0147710988254,0.061179517647
200,0.0713576339202,0.197865760676,-0.523677987533,2.71605821756,0,5.002568976,-0.0119663898869,0.062834672277
201,0.0806191008308,0.207756116022,-0.645132917805,2.71718001815,0,6.50818093188,-0.0022648508713,0.0635180171082
202,0.0873479077519,0.185518319854,-0.516946448541,2.70362264353,0,7.82330694455,0.00115177516372,0.0584187514086
203,0.0818049807292,0.195799045271,-0.508843452667,2.71712059485,0,6.72538514393,-0.00156822149315,0.0597754903019
204,0.112534703037,0.184244971384,-0.449216752022,2.70280678012,0,15.0035427502,0.0237335019942,0.0574608353052
205,0.0746767454582,0.190424677952,-0.508096389749,2.70612717145,0,5.50529438325,-0.0104250945008,0.0634334650942
206,0.0947445749267,0.201461229683,-0.539665087119,2.70057341986,0,9.52414105768,0.0101574643001,0.059420798449
207,0.0663439483956,0.199338953618,-0.555781453942,2.70883451794,0,4.31334741908,-0.0169406920898,0.0595785984339
208,0.0923154205924,0.188023134966,-0.562013756542,2.69982963566,0,8.93349734313,0.00603668519819,0.0551115652665
209,0.0753473447078,0.201447831861,-0.597991736747,2.72072635144,0,5.61166942998,-0.00797698162559,0.0618305402776
210,0.0682414406546,0.193211772662,-0.504232847274,2.7161206225,0,4.56473144883,-0.0151009691478,0.0641046117769
211,0.0821614154115,0.201018932567,-0.536006175674,2.7082791743,0,6.79184158982,-0.00123153103269,0.0629410537225
212,0.0845073998721,0.196549211096,-0.513368486696,2.70917828092,0,7.24316023406,0.000197688791087,0.0632990428963
213,0.0750014602033,0.196394668179,-0.587728598712,2.70806849277,0,5.55659570626,-0.00831059726409,0.0590607402378
214,0.0910385783146,0.189116689799,-0.481868904836,2.71563359463,0,8.63595109642,0.00343459984162,0.059341448104
215,0.074722032547,0.188540058867,-0.547791172304,2.71017371615,0,5.51242600853,-0.010272383381,0.0626704577045
216,0.0939785722601,0.191575800052,-0.535187671923,2.70605805707,0,9.33433664548,0.00757052752928,0.0603873203846
217,0.0950416095818,0.20510495955,-0.643287923249,2.71468588917,0,9.59864014042,0.009798936469,0.0594410444771
218,0.0872926099714,0.196307107971,-0.518602898438,2.70839573822,0,7.81164715509,0.00345412286527,0.0644035164435
219,0.108394871291,0.181242611196,-0.507275847563,2.71276825423,0,13.5250748899,0.0201212436712,0.0571810384731
220,0.0749138751765,0.18898287525,-0.576440815839,2.70609843723,0,5.54272006152,-0.010705520712,0.0565229526243
221,0.0875097760457,0.206071604683,-0.556383313943,2.72268515187,0,7.85752294661,0.00397586472666,0.0618790426649
222,0.104583009104,0.18701999159,-0.451352757458,2.70859583982,0,12.2805621153,0.0176131191358,0.0588437556612
223,0.102479942922,0.193853384041,-0.553925005608,2.71278389441,0,11.6385173857,0.0167297869573,0.0581794139999
224,0.0660489104143,0.204051396815,-0.524853082381,2.7170720609,0,4.27525455086,-0.0151376955786,0.0664806128442
225,0.0684608545299,0.205404155509,-0.617512628609,2.71165203668,0,4.59452694268,-0.0151433021836,0.0550693829399
226,0.0629634255023,0.196262442636,-0.551786123577,2.71484130558,0,3.892295286,-0.0201774189199,0.0615392577016
227,0.094229017963,0.195236615971,-0.60766785013,2.70760779121,0,9.39602837515,0.00900643105379,0.0592829821317
228,0.0701473960742,0.198822547753,-0.55471769151,2.72271482533,0,4.82872924716,-0.0137068611548,0.0573128074514
229,0.0619704726205,0.195019256805,-0.601767103068,2.71542145497,0,3.77484445677,-0.0209071282047,0.0552202780722
230,0.0597382454824,0.205151506063,-0.659759054578,2.72366458567,0,3.52062316295,-0.0224923363937,0.0648018519899
231,0.083164532629,0.192669427639,-0.517678972374,2.70401332693,0,6.9818341318,-0.00169342614052,0.0570948736606
232,0.0859383277513,0.188367197688,-0.50333492565,2.71140408807,0,7.53067147939,0.00155205729552,0.0624424807264
233,0.0857637489567,0.212120704558,-0.594520828774,2.71207579183,0,7.49508432799,0.00286645388956,0.0675213851778
234,0.0956805422858,0.189734788893,-0.481901533489,2.70397981534,0,9.7606128243,0.0091252215187,0.0572246286176
235,0.081033403628,0.201374677091,-0.630711258378,2.70489387841,0,6.5833880595,-0.00258759091688,0.0587100506657
236,0.0967802685936,0.179701304408,-0.430751608818,2.70198177166,0,10.0449885155,0.00930753957032,0.061674919864
237,0.105528503014,0.185781443473,-0.504980675053,2.71375488239,0,12.5793252896,0.0165095695947,0.0622451525682
238,0.0893242187494,0.191224289017,-0.476467645663,2.71051699543,0,8.24989936841,0.00515850597196,0.0610394125625
239,0.103468878859,0.18790722081,-0.516825234842,2.70215054884,0,11.936621035,0.0162131897887,0.0600823529991
240,0.0784422146613,0.194039412579,-0.555568924634,2.70863469574,0,6.12465379884,-0.00663435102477,0.0584879752825
241,0.0995448532392,0.188166679191,-0.532038588574,2.69755799491,0,10.7921533539,0.012710390572,0.0581338647307
242,0.073251738118,0.187438071765,-0.494216974083,2.70983070116,0,5.28468682227,-0.0120344527452,0.0590945553212
243,0.0672645863977,0.198032865613,-0.665955711976,2.71122324714,0,4.43392047014,-0.0153838935446,0.0647717859648
244,0.077243321915,0.195905931409,-0.552091663466,2.71107250761,0,5.92154915594,-0.00587454706888,0.0610268091333
245,0.0710801973474,0.190708231053,-0.516599061217,2.7160590471,0,4.96228267665,-0.0130952723349,0.0613393572012
246,0.0923678527295,0.190504063749,-0.552156858979,2.70503253813,0,8.9459026784,0.00665726318403,0.054342264316
247,0.0926992001986,0.195015577159,-0.539667703195,2.70584652601,0,9.02464401983,0.00693031982988,0.0588420416085
248,0.066232355182,0.200582467177,-0.659835997992,2.71425987757,0,4.29890842752,-0.01568492263,0.0618855311631
249,0.0837175188206,0.207292800465,-0.621143035576,2.71209243231,0,7.08846744177,-0.000897285289254,0.0594513345009
250,0.0789570143496,0.196127401926,-0.623156575507,2.70873158683,0,6.21361386318,-0.00497787394423,0.0674339296431
251,0.071841618141,0.20429063481,-0.586721268059,2.72100131603,0,5.07347523583,-0.0123834806162,0.0579623846927
252,0.0595777260026,0.207791620277,-0.57837028309,2.71945677315,0,3.50285258548,-0.0223838132716,0.0592432346785
253,0.0652375644709,0.194231620115,-0.587914200319,2.71006241817,0,4.17184939178,-0.0179985184413,0.0557392208385
254,0.0704216444672,0.18471211058,-0.514470378154,2.70598393769,0,4.86769315475,-0.0142666844536,0.0575220947572
255,0.0796938427684,0.20473159366,-0.63634158965,2.71828377102,0,6.34280218315,-0.00330720954187,0.0613597456632
256,0.089011868098,0.193708513596,-0.543363591618,2.69984933378,0,8.1811826257,0.00270382763402,0.0600362886888
257,0.094834802263,0.186309467928,-0.455777758489,2.70579557755,0,9.54671751123,0.00769126202421,0.0585396577803
258,0.0752541764432,0.193478012942,-0.59416440773,2.71500492056,0,5.596791028,-0.00911262639871,0.0584472050099
259,0.0891501190739,0.191227774703,-0.545691497478,2.70303201159,0,8.21153689611,0.00485017064348,0.0608302296488
260,0.108311146901,0.191584230724,-0.544968613588,2.71506426563,0,13.496573762,0.0209947409684,0.063238882631
261,0.0785447390306,0.201382805909,-0.610545181369,2.71042458615,0,6.14228599501,-0.00588892509567,0.0590225601581
262,0.073918027496,0.196601008881,-0.539839685799,2.69544475221,0,5.38692549128,-0.0100094268492,0.0591941641608
263,0.0985590021811,0.192944593622,-0.477760119921,2.71134287143,0,10.5203043684,0.0133364889031,0.0615919815705
264,0.0810971259947,0.192858934593,-0.475452110641,2.70644744005,0,6.59501946848,-0.00382150429677,0.0718890232476
265,0.0991630273232,0.192003038148,-0.490557647981,2.71674910581,0,10.6861407081,0.0124506402448,0.0645655151848
266,0.0566713514841,0.209078723962,-0.591811919781,2.70975120595,0,3.1924802876,-0.0242416483412,0.0645126654723
267,0.0851122525893,0.186970159697,-0.539514063904,2.70065225272,0,7.36353567233,-0.000439368681109,0.061084323913
268,0.115523488016,0.194564569153,-0.573130782569,2.71531330614,0,16.1597789903,0.0286402592691,0.0594179648873
269,0.10243193774,0.190296043456,-0.539111166973,2.71083000357,0,11.6242161557,0.0142137112512,0.0617318054148
270,0.0720648538134,0.214481831755,-0.603198467748,2.7141968883,0,5.10645120579,-0.0105382221071,0.0610965885028
271,0.0709767603675,0.202057346543,-0.583236159601,2.71754743999,0,4.94732932951,-0.0114808617311,0.0564497191897
272,0.0956614288896,0.188497037123,-0.479909236099,2.70691469761,0,9.75573313209,0.00992657917088,0.0611641129765
273,0.121088235034,0.196744164425,-0.492762826841,2.70204516486,0,18.530017088,0.0338915530071,0.0630276157911
274,0.0904119199985,0.189706263098,-0.484013594379,2.70238529131,0,8.4930727542,0.00415895838305,0.0600535440401
275,0.0915470361237,0.201251940361,-0.608015760425,2.71356247951,0,8.75339696658,0.0081366822671,0.0620467854492
276,0.0762024958032,0.206924491702,-0.610072242348,2.70942944441,0,5.74974750928,-0.00638988966855,0.0678183135631
277,0.0734241079967,0.201406557704,-0.514717096936,2.71974451395,0,5.31098416081,-0.00955005892232,0.061233510062
278,0.0749285049385,0.19963091351,-0.630165227839,2.70309383586,0,5.54503581346,-0.00928209804116,0.0627474601355
279,0.0836761375942,0.200668267837,-0.557679414359,2.70377510547,0,7.08044064201,6.54943980384e-05,0.0644907030873
280,0.0721026227563,0.191014417916,-0.545774108076,2.70359703289,0,5.11204736614,-0.0117489022712,0.0598363615023
281,0.0837951432488,0.199093059049,-0.512881048965,2.70824115228,0,7.10354509291,-7.62829156938e-05,0.0611097191982
282,0.0733003417334,0.200019249173,-0.475896908151,2.71143736106,0,5.29209127061,-0.0112471624011,0.0650606683153
283,0.0921999902089,0.187134800103,-0.568847330634,2.70973013779,0,8.90623916242,0.00543947044797,0.0592943751709
284,0.105429823595,0.184605696736,-0.556342028065,2.70356175198,0,12.5478444339,0.0176082787685,0.0565719506248
285,0.0833815654662,0.189430053656,-0.524028745331,2.70102080855,0,7.02352280857,-0.00306092648638,0.0575980455213
286,0.0830338184313,0.194720634606,-0.583555170283,2.7049811525,0,6.9568265198,-0.00281840056024,0.0555709945283
287,0.0631003757777,0.201726661791,-0.574045315243,2.72045953346,0,3.90871074691,-0.0196235369226,0.0650517690044
288,0.1262772174,0.19091092739,-0.506333495307,2.70327115623,0,21.0215801069,0.0366823544528,0.0599309430529
289,0.0724213715601,0.196985403663,-0.569266370276,2.71347328227,0,5.15947266419,-0.0115706031866,0.0613273442507
290,0.076054144987,0.197764248458,-0.551714499988,2.72066651513,0,5.72559671044,-0.00895853906192,0.059878909922
291,0.0802020334765,0.194926542004,-0.494283174497,2.70213866973,0,6.433196589,-0.00403209227091,0.0621369598281
292,0.0700233764122,0.195774008214,-0.533236054353,2.6998503886,0,4.81119092668,-0.0143106869857,0.0559494444749
293,0.0928245332122,0.199560447254,-0.562621195656,2.71956926507,0,9.05458409325,0.00944010281319,0.0682352018371
294,0.0782019724309,0.198099821419,-0.58624284328,2.71186363119,0,6.08350060736,-0.0071553900175,0.0577974801923
295,0.0969272592225,0.196281298733,-0.5183577901,2.71100372537,0,10.0835416119,0.00995971715654,0.0612338223616
296,0.0683199666673,0.198960401969,-0.594980617929,2.71766845463,0,4.57537738068,-0.0138803716367,0.0594418654621
297,0.0845774321905,0.200700558031,-0.514661227635,2.69997972997,0,7.25701204506,0.000804877891815,0.0622675750932
298,0.0925739971322,0.186729587795,-0.421472254659,2.70409690815,0,8.9948205907,0.00681356455702,0.0617795279309
299,0.0803346667602,0.193278112299,-0.57195898324,2.70905812924,0,6.45696423155,-0.00419959724902,0.0577844545299
300,0.0986459347374,0.195332032106,-0.547916135033,2.70907361414,0,10.5440317002,0.0124173629528,0.0628937780977
301,0.105222447271,0.192549409462,-0.529758229983,2.70148737567,0,12.4819154658,0.0175355093346,0.0591077790886
302,0.0758196583791,0.195529895674,-0.47383708089,2.71629801846,0,5.68759279361,-0.00763784435058,0.061500713944
303,0.0727358793241,0.198311925534,-0.46491953891,2.70535703897,0,5.206613646,-0.0106219102951,0.0630993541951
304,0.0853128660617,0.189916698685,-0.507511795808,2.71335906339,0,7.40383293799,0.000697692806167,0.0595731031883
305,0.0871450305847,0.189355898815,-0.545636925396,2.70812514125,0,7.78060185437,0.000266683191685,0.0576373750535
306,0.0612196966216,0.197477793467,-0.54939106173,2.70018536634,0,3.68784429993,-0.0211791431224,0.0560068266435
307,0.0791217370366,0.193765495303,-0.497318998871,2.69470480343,0,6.24230365753,-0.00599284298794,0.0614610071052
308,0.0567509540595,0.205373364742,-0.59946161691,2.71529134401,0,3.20070012952,-0.0254574234862,0.0648972446646
309,0.0970299945311,0.199112375805,-0.546630404518,2.70867550918,0,10.1105640927,0.0123626936448,0.0629807344589
310,0.0848250337718,0.191596753708,-0.532021943155,2.70257113723,0,7.30616525397,-0.000992351232538,0.0578486824241
311,0.092237626537,0.192848584309,-0.52492320431,2.70827653234,0,8.91511883985,0.00661692058693,0.0587880003848
312,0.0720632325939,0.197153932575,-0.473591575822,2.71250891007,0,5.10621110274,-0.0117055362136,0.0646387826983
313,0.0821263256184,0.195624118962,-0.545390164611,2.70635657868,0,6.78527486131,-0.0030446075636,0.0560997687479
314,0.0900203542311,0.203669263339,-0.611906801969,2.71039642842,0,8.40483207664,0.00530003106923,0.0634155122689
315,0.102269519039,0.188517049012,-0.515734967966,2.70887228768,0,11.5759452721,0.014486287516,0.0615182010844
316,0.0917557560854,0.206592631655,-0.564667635577,2.7131494059,0,8.80200545253,0.0068004401517,0.0640976674006
317,0.105752298327,0.190116642291,-0.516775515525,2.7066274552,0,12.6509816657,0.0174492574815,0.0575882800865
318,0.0878788472823,0.192526088836,-0.54149267394,2.71856806586,0,7.93601561102,0.00314363819136,0.0593306046385
319,0.100315815271,0.191493629777,-0.473577367336,2.70567919789,0,11.0090339249,0.0143208548854,0.0601207300706
320,0.0830450711619,0.208447668496,-0.625915005663,2.72088423069,0,6.95897637108,0.000990898284813,0.0665301785434
321,0.0952070646597,0.201158444602,-0.599670423247,2.71012913652,0,9.64035745515,0.00913920482882,0.0616149611845
322,0.0741126383859,0.189452102701,-0.443471667939,2.70878329045,0,5.41708805119,-0.0102667010909,0.0608580350315
323,0.0628029274302,0.199733832119,-0.586201320419,2.70481374321,0,3.87312445836,-0.0190812925006,0.0585735358303
324,0.0716019734623,0.195369214187,-0.580138952809,2.71279007115,0,5.03826594283,-0.012449809993,0.0642411540888
325,0.0817488093414,0.188135221486,-0.555860062295,2.71706563717,0,6.71496195372,-0.00329295609522,0.0594490767277
326,0.0749382598584,0.207530203003,-0.601780105198,2.71048545141,0,5.54658036227,-0.00812049675762,0.0605561361041
327,0.0933956723475,0.199566688512,-0.520933294501,2.70980429729,0,9.19211228401,0.00830343714565,0.0612309068272
328,0.104632676117,0.187439252785,-0.503308624462,2.7130915175,0,12.2960976597,0.0168289821904,0.0594442115168
329,0.0885601076157,0.201813970186,-0.564783567026,2.71448852602,0,8.08266363145,0.00597593771658,0.0689999320917
330,0.0674110638412,0.197381202464,-0.556097909257,2.70373719091,0,4.45334513016,-0.016132355088,0.0595511637032
331,0.0912920170584,0.199338367408,-0.493914431123,2.71784374034,0,8.6943205083,0.00627659757691,0.0668219701978
332,0.0764051558891,0.195592597814,-0.585457097252,2.71109926214,0,5.78287439717,-0.0081958220305,0.0560672262063
333,0.0821394356302,0.19686591572,-0.510727363512,2.7099738273,0,6.7877276552,-0.00158699382465,0.0655113753567
334,0.0727928462804,0.208797589998,-0.623582111227,2.71507543717,0,5.21518934372,-0.0100960610589,0.0607017242066
335,0.08020177261,0.204072186636,-0.625923637845,2.70240349813,0,6.43314991404,-0.00271560501293,0.0625545320615
336,0.0854424581029,0.202179319866,-0.539258299454,2.71269672298,0,7.42996329761,0.000150715183617,0.058992611137
337,0.0928278536308,0.194589278929,-0.552668976504,2.71469358971,0,9.05537845663,0.00670722099621,0.0579285040372
338,0.0964925810259,0.188601252922,-0.515431179182,2.71415226065,0,9.96990586936,0.00889189765535,0.0567194925153
339,0.0786099457773,0.194309033518,-0.472779121855,2.70981007136,0,6.15352210749,-0.00607813423157,0.0637632721159
340,0.0720789505168,0.194659470871,-0.596880653495,2.71378949399,0,5.10853931397,-0.0121266224952,0.0598333198523
341,0.0699953819893,0.209306649673,-0.637384366732,2.70524017417,0,4.80723910278,-0.0117774743029,0.0675568806204
342,0.0441438885094,0.196287481169,-0.590413036572,2.72877160078,0,2.07464375726,-0.0383227969507,0.0564119639463
343,0.0777538645054,0.192775411371,-0.530192431634,2.70828522719,0,6.00735024497,-0.00732315705452,0.0613065329641
344,0.100530372392,0.191493906837,-0.510113381319,2.69883499337,0,11.0700703168,0.013309269879,0.0550180886627
345,0.0819145267663,0.192110505723,-0.540118141279,2.71278059838,0,6.74575152645,-0.00238001717828,0.0652910430066
346,0.0820193833191,0.196700663106,-0.572258211113,2.70520002686,0,6.76529441033,-0.00232703558707,0.0631664832382
347,0.0870293301287,0.192569166718,-0.556836273414,2.70957987831,0,7.75633628941,0.000904129847798,0.063409562822
348,0.0824057657897,0.19132088906,-0.513767121467,2.70008833267,0,6.83771738846,-0.003305901686,0.0614275453316
349,0.0856844049767,0.190638965946,-0.495729020909,2.70655386989,0,7.47895761449,0.000741399361027,0.0628125780421
350,0.0833063734882,0.191697145742,-0.514891634051,2.6989393652,0,7.00905593715,-0.00203732398606,0.0574278508676
351,0.0749100989888,0.202156752994,-0.581692373216,2.71714342407,0,5.54212245493,-0.00786140229678,0.0640730600139
352,0.0722770278678,0.187141498598,-0.526441820065,2.70562145157,0,5.13795269979,-0.0124972308159,0.0599360195549
353,0.0805106852278,0.201065369883,-0.51167667005,2.71077333125,0,6.48861928054,-0.00382042595723,0.0628739317835
354,0.0848945420568,0.20294580168,-0.606944608825,2.71243002454,0,7.32001435382,0.000572035847287,0.0679875746547
355,0.0793537741068,0.195888028428,-0.546345043213,2.71816102298,0,6.28290381104,-0.00537170247783,0.0612353157385
356,0.0864546853393,0.193498109765,-0.502824104254,2.70352468246,0,7.63676978016,0.000500422506719,0.0610663308898
357,0.0770627430838,0.195817877816,-0.577288934206,2.709106391,0,5.89144387023,-0.00644349489257,0.061961501619
358,0.0791999988581,0.193075664159,-0.535854090488,2.71013520685,0,6.25597295623,-0.00619877527546,0.0588768206759
359,0.089754392621,0.199088780349,-0.508239635146,2.71697678215,0,8.34534706969,0.00559892054644,0.064205080679
360,0.0916801963177,0.193146682913,-0.528603243538,2.70606967637,0,8.78438161072,0.00496001566953,0.0588973600486
361,0.0958672786778,0.203694525815,-0.598863833916,2.71830024227,0,9.80839916414,0.0107947104324,0.0591835233508
362,0.0868900666972,0.198795551686,-0.531293453862,2.71179624544,0,7.72721442975,0.000959083113554,0.0608446061239
363,0.0914584262248,0.188409376239,-0.497426165498,2.7065268769,0,8.73283089951,0.00486682438191,0.0583681030686
364,0.0796869986078,0.180787999458,-0.470799138426,2.70499035634,0,6.34159202204,-0.00700471620436,0.059440915957
365,0.0903546787457,0.195304324728,-0.519641844,2.71817004748,0,8.48012374338,0.00632172843339,0.062933840402
366,0.101146987048,0.188080567502,-0.503049562869,2.70231274695,0,11.2471474977,0.0137068724182,0.0596909270394
367,0.0778422826044,0.204169037039,-0.590597418604,2.72427861701,0,6.02231318986,-0.00565600106098,0.0645290409629
368,0.0512378261152,0.190330377681,-0.606605973919,2.70072985663,0,2.66652941442,-0.0315955852679,0.0561845589343
369,0.0729391357459,0.188513572269,-0.521070004261,2.70529884243,0,5.23726371033,-0.0111272548455,0.0639964731062
370,0.0740840537648,0.193554662038,-0.508732879688,2.70748618303,0,5.41264918193,-0.011233661472,0.0582244263519
371,0.0839917332538,0.194091750026,-0.500702218109,2.70456626424,0,7.14185142564,-0.00138440295738,0.0561478280268
372,0.0758472432963,0.209022953845,-0.605720278442,2.70881750895,0,5.69205282026,-0.00740815747468,0.059343114974
373,0.0698516780849,0.191750976961,-0.505206368619,2.6932180229,0,4.78699383025,-0.0139972860612,0.0669852171428
374,0.0842224669544,0.212461453968,-0.621138635409,2.72280142038,0,7.18703290704,0.00129729833511,0.0628765231254
375,0.0721001229523,0.207967448567,-0.661573110032,2.71419037242,0,5.11167682208,-0.0105493566167,0.0553532684393
376,0.104042982787,0.196707843536,-0.486862028391,2.71755302042,0,12.1127677769,0.01750673383,0.0625346204954
377,0.0956871635882,0.1865064289,-0.497510261431,2.71204120128,0,9.76230375379,0.00863269444267,0.0616560045233
378,0.0739203639539,0.18726237863,-0.477562743941,2.71082813543,0,5.38728680688,-0.0102628638383,0.0660084169231
379,0.0911644128923,0.187046288736,-0.508075015297,2.70756604811,0,8.66488965965,0.00363311406697,0.0622877797245
380,0.0836060411272,0.193515729794,-0.545817497761,2.7121975852,0,7.06686136185,-0.00285433908167,0.0548639475924
381,0.0870014611012,0.197002117153,-0.583253284029,2.69909718497,0,7.75050103203,0.00306911027015,0.0591987916422
382,0.0731055560128,0.192704785187,-0.476059216567,2.70888103754,0,5.26246737819,-0.0109839249,0.061033621336
383,0.0687558703112,0.202772803205,-0.505201580257,2.70887998261,0,4.63483073858,-0.0144076259087,0.0636203586427
384,0.0950599835159,0.193083163254,-0.460196771397,2.70243723154,0,9.60326511117,0.00921808636913,0.0570812451035
385,0.075946417796,0.20283173034,-0.573597304836,2.7090395793,0,5.70811134035,-0.00894846107067,0.0612050823615
386,0.0789618856832,0.19133698739,-0.492430883636,2.70411907822,0,6.21446073435,-0.00587503449865,0.0587336629369
387,0.0764126951076,0.194427670152,-0.529907415443,2.70697567397,0,5.78410977151,-0.00771689184961,0.0598413360974
388,0.062714946609,0.202509825312,-0.57186133088,2.71550527107,0,3.86264618726,-0.0195234215422,0.0617927551679
389,0.100779574275,0.183237726871,-0.4206827336,2.70357181928,0,11.1413367647,0.0132126909072,0.0604766397032
390,0.0912659920612,0.196085110334,-0.565870621703,2.71221508217,0,8.68831107063,0.00596365539513,0.0599543909179
391,0.0811847700335,0.196018315056,-0.51591483636,2.70695362839,0,6.61104538814,-0.00312186137664,0.0584466558088
392,0.0832578249806,0.200280404612,-0.501035047149,2.72394744314,0,6.99972857489,0.00117947212832,0.0658033358642
393,0.0908182313417,0.203597252865,-0.5672716267,2.70393350185,0,8.58547779306,0.00616447202296,0.0613133665912
394,0.106842369748,0.200649500954,-0.485773897161,2.71398163659,0,13.0052386429,0.0196193484794,0.0583173468364
395,0.0732248957361,0.198187119069,-0.542660464259,2.70798665242,0,5.28060114997,-0.0103115374599,0.0615787955169
396,0.0785726800211,0.195234490644,-0.530862698627,2.71558556921,0,6.14709857248,-0.00624602444476,0.061207284649
397,0.0913773676411,0.201995066511,-0.622471798492,2.70027666186,0,8.71405399202,0.0065572060453,0.0619125729513
398,0.0836183363487,0.185155788595,-0.471532499565,2.70832442698,0,7.06924163801,-0.0021835628887,0.0577478738556
399,0.0751327995081,0.190531167604,-0.496085011387,2.71707489812,0,5.57745615803,-0.00943080092573,0.0661610761751
400,0.0834147692419,0.202388221425,-0.501248705124,2.71929368164,0,7.02991918086,0.000909564921578,0.0642237253672
401,0.0865280033423,0.201542332909,-0.593686196716,2.71266192513,0,7.65193724433,0.00372947568996,0.0658497701473
402,0.0799065926457,0.188208543711,-0.437480506625,2.70815567909,0,6.38051568543,-0.00652223803699,0.0639650017551
403,0.0954616565764,0.191800398322,-0.480898532699,2.70220830836,0,9.70485799349,0.00946402966121,0.0598473052713
404,0.0829364157294,0.192701957378,-0.585738365169,2.70265490746,0,6.93824090594,-0.00221241601722,0.0581069867927
405,0.0895001598087,0.198789934448,-0.497198363367,2.70258104447,0,8.28882362871,0.00442396916584,0.0595377314806
406,0.0657277638141,0.206967337149,-0.65011871993,2.69941738261,0,4.23408925715,-0.0172505131635,0.0590320152091
407,0.0767633207996,0.183755580575,-0.53853168374,2.70335617515,0,5.84180281135,-0.00947216496164,0.0643962350812
408,0.0842106819477,0.196388223141,-0.639292218554,2.70010186248,0,7.18471937685,-0.000938017143762,0.0588834905466
409,0.0896731742964,0.194032807035,-0.531078830772,2.71107165127,0,8.32725399056,0.00405053453531,0.0600407262947
410,0.084562576312,0.192084715454,-0.488397758131,2.7108747692,0,7.25407180665,-0.00148664784384,0.0611162791626
411,0.085027571498,0.192651782602,-0.54990195072,2.70239137366,0,7.34658158984,-0.000336853711973,0.0631527224369
412,0.100107218138,0.196879418654,-0.490942531127,2.70852569972,0,10.9499776042,0.014901886005,0.0641795617722
413,0.0893589158795,0.188151088452,-0.491786890496,2.71062212794,0,8.25756313995,0.00452979810057,0.0589587624756
414,0.0969988111278,0.205071882588,-0.612754941964,2.71864815472,0,10.1023552295,0.0123701712316,0.0638702635509
415,0.0674951432452,0.198237121151,-0.533960929218,2.70660141239,0,4.46452520779,-0.0154761624324,0.0605905189377
416,0.0891086710368,0.189808316782,-0.520448888364,2.71168960953,0,8.20242648562,0.00290697056545,0.056479581008
417,0.0862037508054,0.182248050091,-0.493420384537,2.70006526409,0,7.58505163171,0.000143373471112,0.0639970225081
418,0.080612684267,0.206799517494,-0.668777629955,2.70112233618,0,6.50702181138,-0.00195016042901,0.0649906726841
419,0.0813314196331,0.190962136811,-0.519605756276,2.71262230683,0,6.63793335952,-0.00298461737047,0.0594830857294
420,0.0937293301018,0.200554973808,-0.537377443829,2.71405268785,0,9.27329094098,0.00932488606752,0.0668464872032
421,0.0773866031188,0.204138162173,-0.536896353842,2.72072972884,0,5.94552628571,-0.00557302043536,0.0647496772701
422,0.0829513169032,0.196867069032,-0.588286669132,2.71590877765,0,6.94108152315,-0.00135880925325,0.0624352150412
423,0.0763659913318,0.199311725427,-0.571627858483,2.71747946635,0,5.7764603829,-0.00809905770814,0.0541872930116
424,0.0941440898031,0.195379562684,-0.546635291509,2.71049251465,0,9.37506863733,0.00854185033913,0.05896954683
425,0.095552909037,0.187964209144,-0.528142989837,2.69927662073,0,9.72806808375,0.00914029673206,0.0589244936823
426,0.0992091199179,0.189646211398,-0.556976932507,2.71254020757,0,10.6988893537,0.0130458408713,0.0609503922076
427,0.0755177809064,0.199943219794,-0.610813500807,2.71326426774,0,5.63897059102,-0.00845186214531,0.0641309685383
428,0.113647328462,0.197812786876,-0.550910845911,2.70548918923,0,15.4249351264,0.0260464637859,0.0625900395052
429,0.0938071311099,0.200627927884,-0.560832764208,2.70231165255,0,9.29230905287,0.00785776516845,0.0601851116127
430,0.0695847133746,0.1887557844,-0.518812488185,2.72228270392,0,4.74956335061,-0.0147868593255,0.0551390211134
431,0.0979875371667,0.193126867845,-0.534667889114,2.71166292107,0,10.3654922791,0.0111624036527,0.0620558616738
432,0.081774054125,0.198053504054,-0.626730748719,2.70738176215,0,6.71964471404,-0.00247648676325,0.053792298391
433,0.0773564519496,0.195880924361,-0.498397300176,2.71161088863,0,5.94047406824,-0.00859274001095,0.0574757007106
434,0.0945674730065,0.197944590971,-0.499281034923,2.7110528457,0,9.47996211478,0.00923809081043,0.0583307327884
435,0.0893938461535,0.198533795061,-0.481471853304,2.71409141984,0,8.26528457437,0.00541789350788,0.0643358799079
436,0.0959174881467,0.200264179805,-0.619750079205,2.7053056786,0,9.82128266873,0.0122157196631,0.0677655378287
437,0.0852337211137,0.195402307124,-0.446703160206,2.71351123566,0,7.38791282962,-0.00016426321347,0.0583487381814
438,0.0769232803474,0.200781579337,-0.501653587135,2.71312231978,0,5.86827948348,-0.00607224397332,0.0689749172156
439,0.0783231103429,0.193266240698,-0.517676980608,2.70757297694,0,6.10422272743,-0.00661177609516,0.0652136331246
440,0.0794318190589,0.207848120775,-0.657602249659,2.71415792928,0,6.29660866446,-0.00286734027816,0.0610137471845
441,0.0856553962403,0.191919958433,-0.587055954403,2.71604954648,0,7.47306892251,0.0011789404375,0.0588631270328
442,0.083606210018,0.195354443029,-0.468844518173,2.70841434933,0,7.06689405346,-0.00229154716865,0.0611232123193
443,0.0899510452143,0.189760102104,-0.500693539122,2.70232618859,0,8.38929543222,0.00352412455998,0.0574347798339
444,0.0613904150505,0.209731639463,-0.642760707558,2.7100835582,0,3.70749228869,-0.0204128721835,0.067388180954
445,0.0831110550184,0.199979201514,-0.503777521039,2.71167936073,0,6.97159393128,-0.000966858934467,0.0655469998092
446,0.0767918211979,0.189691811715,-0.506747849292,2.71042951978,0,5.84651303086,-0.00868721931854,0.0599433338401
447,0.0819048077131,0.199130353761,-0.496156618952,2.70159037192,0,6.74394251208,-0.00384668713697,0.0576299933745
448,0.075400622416,0.194903931773,-0.509079784829,2.70973205512,0,5.62019204975,-0.00780213569785,0.0648214021051
449,0.0890933259319,0.189788218613,-0.486461391877,2.70774949574,0,8.19905578077,0.00234496036978,0.0647417800264
450,0.0987424965112,0.186195155421,-0.563029132197,2.70809556135,0,10.5704423107,0.0120290619455,0.0576690049845
451,0.0965914837826,0.188018709231,-0.532824715986,2.70751697589,0,9.99566265005,0.0101799910292,0.0549436861481
452,0.0850407318963,0.191194703426,-0.495582821761,2.70665467402,0,7.34921427524,-0.000251600000727,0.0595537581539
453,0.0878286796937,0.192892890932,-0.538608015628,2.70701798825,0,7.92530701613,0.00199308967428,0.0550213431535
454,0.0872415150939,0.19760637017,-0.555477220449,2.71602734747,0,7.80088673723,0.00286738532823,0.0621882621416
455,0.0822815318981,0.198165420001,-0.522782011743,2.71105392235,0,6.81436061674,-0.00222849064941,0.0614869261158
456,0.0863449917454,0.192756086941,-0.574921956862,2.71478350849,0,7.61412494484,0.000660512524127,0.0602605149905
457,0.0678061739904,0.197116831542,-0.549742182734,2.70512843704,0,4.50607498322,-0.0171570603302,0.0580197638545
458,0.0768102609967,0.191198596294,-0.509679847855,2.71240327576,0,5.84956221081,-0.00864755246951,0.056235660058
459,0.0929865127336,0.190324269873,-0.59725903973,2.7112390775,0,9.09340582431,0.00703798367412,0.0598858491144
460,0.0887655220278,0.189768146072,-0.505023946363,2.7175405555,0,8.12733330127,0.00363655607859,0.0623046233234
461,0.0734225394874,0.207767659093,-0.619364957964,2.70715309741,0,5.31074438733,-0.00932892770298,0.0678124111441
462,0.0756241205063,0.196845056238,-0.53293613562,2.71066127969,0,5.65605937883,-0.00832888574223,0.0592550885746
463,0.0604730790543,0.193093697499,-0.551890633396,2.69595167229,0,3.60283871474,-0.0231866321941,0.0594048078194
464,0.0662533011264,0.183641828401,-0.519448845712,2.70281791095,0,4.30161573368,-0.0190928387115,0.0598867662893
465,0.075430653161,0.196876320053,-0.549513563594,2.70663775394,0,5.62500060085,-0.00850500761235,0.0574674059187
466,0.0827519867755,0.191262068741,-0.528276101431,2.70669325174,0,6.90316391512,-0.00283933323946,0.0570957941015
467,0.10009418281,0.2012509686,-0.531899591746,2.71255461592,0,10.946296434,0.0136113959409,0.0598850430272
468,0.0963790091668,0.192988073363,-0.520977246013,2.7212831072,0,9.94040044031,0.00921804165844,0.0666602322626
469,0.0681794471839,0.202337397721,-0.569057236545,2.71404411973,0,4.55634067675,-0.0141264484601,0.0621285941731
470,0.0863742635241,0.193161973274,-0.478397431169,2.71102071327,0,7.62016213727,0.00155036232832,0.061216755541
471,0.100537629138,0.197340072431,-0.547075958949,2.70965059742,0,11.0721398941,0.015875124823,0.0631388761787
472,0.0764594963819,0.195144989828,-0.566577650339,2.7154566458,0,5.79178345728,-0.0077973789868,0.0622525969089
473,0.0937785937576,0.188110454424,-0.459993500815,2.71499974686,0,9.28532929554,0.00852989976935,0.0661487417494
474,0.0560361320358,0.193990385189,-0.554093245214,2.713549106,0,3.12743873585,-0.0270462652392,0.0557611453444
475,0.0845055857704,0.188435101721,-0.475193951239,2.70177808813,0,7.24280171688,-0.00187971904516,0.0607983580662
476,0.102835440402,0.195748544558,-0.572142378821,2.7062299096,0,11.7449095758,0.01690196916,0.0652595299986
477,0.084936620929,0.191716639563,-0.490045832201,2.705099261,0,7.3284090975,-6.38045046085e-05,0.0596910032131
478,0.0810481520822,0.202778323167,-0.63539100488,2.71204357937,0,6.5860786088,-0.00198765164473,0.0624505812932
479,0.068842566053,0.199948492963,-0.597347611443,2.71724098753,0,4.64672772031,-0.0133866677401,0.0656056674372
480,0.0843624687699,0.19131330109,-0.489240775723,2.71690296917,0,7.21456499815,-0.000451093628778,0.056771280136
481,0.0622622534633,0.199713514035,-0.577216610454,2.71833712248,0,3.80907329246,-0.0203835787048,0.0648248120414
482,0.0853594728246,0.206267681139,-0.633061407919,2.7168772048,0,7.41322153649,0.00103508690003,0.0630965894042
483,0.089335203657,0.195251647969,-0.541940080506,2.69863887294,0,8.25232501328,0.0049064726082,0.0606368838371
484,0.0786258810417,0.182261056114,-0.480083248411,2.7012115719,0,6.15627057875,-0.00841937134269,0.0602867638871
485,0.0832526999095,0.19368151363,-0.562782348281,2.70940373671,0,6.99874453244,-0.00149599467044,0.0596358131246
486,0.0823216719479,0.200664455597,-0.561945751762,2.70634648996,0,6.82189987616,-0.00230022213752,0.0639752327662
487,0.0988347418686,0.198364402473,-0.53123608842,2.70928195116,0,10.595726593,0.0135335575031,0.0623630937905
488,0.0665781159744,0.197192681905,-0.500319430801,2.70342117709,0,4.34376933332,-0.016511194092,0.0616439710447
489,0.0977899334738,0.195446154081,-0.539091669383,2.71361213916,0,10.312427621,0.0108363058624,0.0606217938845
490,0.104421394668,0.206970145721,-0.569992989626,2.71730909966,0,12.2301307949,0.0186388998854,0.0612706339603
491,0.0779990081554,0.200425712882,-0.569508154935,2.71757672157,0,6.04891128946,-0.00640490497276,0.0616389975266
492,0.0887432246591,0.193587436893,-0.506860996975,2.71498215003,0,8.12247428671,0.00352051670747,0.0588081036676
493,0.0704108212626,0.198880625113,-0.566617661035,2.71073987424,0,4.8661507097,-0.0129361947896,0.0580845662561
494,0.0751702305038,0.202157073608,-0.610856163809,2.7176092035,0,5.58341295046,-0.00982767442276,0.0624339838282
495,0.0838138011936,0.194304545705,-0.537459561067,2.70659880109,0,7.10717321032,-0.000417181107498,0.0558562153117
496,0.0731996695657,0.199604842952,-0.574047755392,2.72429342064,0,5.27676380882,-0.0103616432683,0.0611651898369
497,0.078712204972,0.194805548097,-0.546953709359,2.71133488448,0,6.17117715427,-0.00671130340061,0.054554916432
498,0.0560613243654,0.205251007662,-0.631731656342,2.71527818273,0,3.1299996553,-0.0251378477443,0.0655654001937
499,0.0708859342568,0.190516627669,-0.509724585682,2.70332587991,0,4.93422880976,-0.0136828248149,0.0636601315681
500,0.0916809045009,0.203783118614,-0.615902268074,2.70406820787,0,8.78454664847,0.00730386017168,0.0649633737108
501,0.100143650944,0.193172269825,-0.519121164799,2.70774532296,0,10.9602719968,0.014592515752,0.0625423097097
502,0.0875026309539,0.190243366428,-0.471281500566,2.70728552574,0,7.85600991684,0.00189206548033,0.0626045530879
503,0.103646858373,0.187502475744,-0.499146419468,2.70124597471,0,11.9909839693,0.0157594938562,0.0530911191915
504,0.0623581895848,0.188586586075,-0.537779633695,2.70668350885,0,3.82037901704,-0.0223682429434,0.0626762904797
505,0.0830921046568,0.197855424116,-0.56742329584,2.70890585698,0,6.96796823927,-0.000131456760615,0.062792895654
506,0.0974322064376,0.201606714008,-0.532442498874,2.71430565795,0,10.2169687126,0.0115741700176,0.057464260621
507,0.0979756655054,0.201271217874,-0.606691517203,2.70941547569,0,10.3622975073,0.011838463396,0.0594129403798
508,0.0994815844598,0.191153114178,-0.485034420477,2.71205571374,0,10.7745233064,0.0132541720722,0.0567959957699
509,0.0890460251336,0.212820491633,-0.67385133922,2.71464238618,0,8.18867315814,0.00640419784396,0.0702969302963
510,0.0741701189456,0.198612495766,-0.541060520711,2.69737685893,0,5.42602307943,-0.010603076943,0.0654541325177
511,0.0682079514963,0.208527778217,-0.637408397629,2.70717098176,0,4.56019720316,-0.013871789725,0.0617589346967
512,0.0809917280589,0.191497433794,-0.446076055561,2.70597966975,0,6.57579017589,-0.0039309846814,0.0590823964828
513,0.0670985089988,0.193075689753,-0.584466593923,2.71252024456,0,4.41197709885,-0.0161104563182,0.0580716484571
514,0.0667719082395,0.196344758546,-0.50230301926,2.71678606403,0,4.36907247346,-0.0157378872838,0.064753482741
515,0.0931641703534,0.197552415368,-0.616391655374,2.72226357857,0,9.1361508596,0.00919449793886,0.0627300537121
516,0.109794044917,0.188824758885,-0.524585602123,2.70306100756,0,14.009425715,0.0219130081043,0.0586263238192
517,0.105391694317,0.187797118937,-0.502521857985,2.70337558111,0,12.5356991808,0.0182966767076,0.0591131279975
518,0.0877442970625,0.192696089129,-0.47224743267,2.71210820218,0,7.90732282669,0.00258135855063,0.0536995675489
519,0.0838436467021,0.189206741471,-0.538488344955,2.6925795261,0,7.11298004524,-0.00203730251175,0.0640989252951
520,0.093253974919,0.190256529926,-0.57244006595,2.71858242073,0,9.1578243255,0.0070711897579,0.0627351866028
521,0.0835706879878,0.187565192478,-0.51572433983,2.70475908703,0,7.06002098132,-0.00243190100914,0.0597438306653
522,0.0811986853255,0.204057542593,-0.624690950448,2.7253080926,0,6.61359282135,-0.00215585318985,0.0609719205255
523,0.0790520710209,0.210052570245,-0.610627877922,2.71039730773,0,6.23015654565,-0.00454619834981,0.0678372324334
524,0.0769923141681,0.19649001701,-0.513978792681,2.70925851371,0,5.87973644276,-0.00691571172453,0.0551016190973
525,0.0832758825792,0.195946176728,-0.492928646005,2.70362453508,0,7.00319666303,-0.00161382484797,0.0633284899583
526,0.068177200707,0.198407371891,-0.566199937077,2.71514291842,0,4.55603684623,-0.0142025057999,0.0574762147149
527,0.0969173457158,0.191660708976,-0.519221437214,2.70485265086,0,10.0809374068,0.00991080479779,0.0576620374886
528,0.106767233283,0.196903478119,-0.531192239465,2.71557071219,0,12.9805394243,0.0197857814332,0.0604723208494
529,0.0887931655406,0.198985321175,-0.555122877967,2.71219203914,0,8.13336079603,0.00441200828329,0.0584428709463
530,0.0756430740267,0.189712952638,-0.569904332352,2.69745920976,0,5.65910964981,-0.00874869497405,0.0632609876566
531,0.0815711153342,0.191543787548,-0.554231561323,2.70770480962,0,6.68207794004,-0.00364016423769,0.0575656741834
532,0.093451661034,0.194236446655,-0.530292702892,2.71264466076,0,9.20569108315,0.00696183155287,0.0603744019594
533,0.0718568985073,0.199837039474,-0.54111687384,2.72193354808,0,5.07572695397,-0.0113856459034,0.0603731590029
534,0.0896239916429,0.203415118769,-0.627769925513,2.71023250365,0,8.31631390559,0.00569326709976,0.0643633201805
535,0.0942545621906,0.193906455969,-0.537378242895,2.69647060959,0,9.40234049098,0.00702879526211,0.055776646127
536,0.067339640265,0.194913529609,-0.475913361402,2.70833763673,0,4.44386518418,-0.016424584549,0.0657762019386
537,0.080520726468,0.187424380983,-0.55361491157,2.71131394767,0,6.49042898105,-0.00471914695934,0.0577482858388
538,0.0647263171618,0.200183055058,-0.576342838194,2.71891435289,0,4.1076954619,-0.0177399923496,0.0626397315342
539,0.0845195728469,0.200400308548,-0.594444948992,2.71083198411,0,7.24556634195,0.000625253820579,0.0654762100677
540,0.0855542797815,0.189823888136,-0.486362130524,2.71967835839,0,7.45257329387,-0.000903650986752,0.0599829755776
541,0.0595324196051,0.20005802634,-0.61028735581,2.7095370143,0,3.49784903215,-0.0238019384767,0.055251252687
542,0.105067495948,0.189676774136,-0.41209467316,2.71530259144,0,12.4328549112,0.0186177510932,0.0622947580899
543,0.108271039504,0.20696840191,-0.603054416914,2.70986974798,0,13.482939617,0.0222508534436,0.0659752459814
544,0.0665847570581,0.203982943017,-0.577118308514,2.71245956072,0,4.34463454826,-0.0166341208641,0.0608498336181
545,0.0628447342091,0.196136857003,-0.532612245635,2.71051187219,0,3.87811113552,-0.0200291433345,0.0608648421594
546,0.0758271860398,0.194662354431,-0.494006622806,2.71209295916,0,5.6888096087,-0.00895829073566,0.0610222798739
547,0.0949184792362,0.205354919899,-0.569078439296,2.71388964084,0,9.56769656431,0.0100397127711,0.0640009940922
548,0.0897625195634,0.206820529143,-0.586899019497,2.70540631556,0,8.34715937219,0.00487290228628,0.0626767218974
549,0.0849470448132,0.196069422479,-0.491996205056,2.71189884331,0,7.33048992287,-0.000219281878636,0.0631824415632
550,0.0913404358754,0.19038024751,-0.460410806264,2.69496100737,0,8.70551044622,0.00511646379198,0.0657730979363
551,0.0721975327663,0.197796904196,-0.570656316341,2.71179138634,0,5.12613179599,-0.011100558755,0.0607817307387
552,0.0684791344597,0.20550923587,-0.614686340331,2.71633126514,0,4.59701619188,-0.0120872003143,0.065846694583
553,0.0943613307811,0.184064363738,-0.442685161265,2.70801218038,0,9.4287634973,0.00798337010702,0.0637088644855
554,0.0939225978585,0.182419699243,-0.476732336426,2.70417783797,0,9.32059680443,0.00572174486587,0.0571085608661
555,0.0810268041312,0.192736009676,-0.565503369726,2.70022216813,0,6.58218441549,-0.00272795508079,0.0634758051789
556,0.0814642643694,0.201057748105,-0.535748450582,2.71908919548,0,6.66236905569,-0.00231571268208,0.0636224049688
557,0.0797114794479,0.19580241853,-0.643681203151,2.71425441994,0,6.34592152467,-0.00461325237911,0.0574587830251
558,0.0738763632641,0.198083966839,-0.653200417853,2.71113569767,0,5.38048573103,-0.0100572536132,0.0620565039373
559,0.0861875269702,0.197166635926,-0.590830152087,2.70701046488,0,7.58171813318,0.00147136022158,0.0633865550344
560,0.101163329953,0.196340583552,-0.538675560858,2.70738275905,0,11.2518746075,0.015544151537,0.0586599128809
561,0.0806245539253,0.199406979593,-0.49819702715,2.71217269467,0,6.50916614168,-0.00113783597494,0.0657332633131
562,0.081827718252,0.185292111127,-0.485025255178,2.70917020061,0,6.72960817849,-0.00467263443758,0.057662248352
563,0.0887233533236,0.197248940627,-0.637580929135,2.70340724583,0,8.11814604639,0.00422774136092,0.0600645643378
564,0.0991086455334,0.196082450373,-0.520874878956,2.70430556876,0,10.6711165505,0.0135332425222,0.0675212008033
565,0.0800846128404,0.19076728973,-0.505785276936,2.70034124667,0,6.41221582786,-0.00527122204173,0.0575970947197
566,0.108463020166,0.192745379884,-0.46148069442,2.71138161747,0,13.5483136316,0.021255727792,0.0593820595301
567,0.107334689319,0.188131749475,-0.522486701486,2.71392147222,0,13.1681175027,0.0199643638566,0.0612993875953
568,0.0852071116871,0.186615841967,-0.492773699252,2.70108620045,0,7.382566826,-0.00225776828872,0.060414807225
569,0.0834293099855,0.198480864744,-0.579839079154,2.7121406736,0,7.03272185184,-0.00195066610626,0.0600338195978
570,0.0922700460309,0.195755737972,-0.549949071746,2.71038345784,0,8.92277382557,0.00705131537346,0.0559275144256
571,0.0691988693033,0.199798192506,-0.560352991123,2.70515197234,0,4.69587618232,-0.0150370337905,0.0586452450679
572,0.0867728103375,0.19948686941,-0.581771864977,2.7195727045,0,7.70276678272,0.00364919302544,0.0633969504173
573,0.0585903296588,0.198863981999,-0.59757159977,2.72089792701,0,3.39500963646,-0.0231544235678,0.0592135990634
574,0.0973936422252,0.206472454408,-0.621738232005,2.71284993353,0,10.2067242844,0.0125130976942,0.0587887304036
575,0.0864068313525,0.20076446455,-0.484031742291,2.70379067709,0,7.62688390871,0.00115925143814,0.0625643927072
576,0.114362385755,0.18817156779,-0.494448435896,2.70440783625,0,15.7013636296,0.0266366132071,0.0606272094895
577,0.0722912402823,0.193177368746,-0.496439097363,2.70882215342,0,5.1400683924,-0.0120807781619,0.0611209794101
578,0.074814033796,0.201168311347,-0.507282703376,2.71327721525,0,5.52693714418,-0.00848043806163,0.0638546873675
579,0.089874316165,0.189744668731,-0.500174491755,2.7015717274,0,8.37212426146,0.00381788219095,0.0635188108358
580,0.0927594284274,0.18579077365,-0.446467714517,2.70616575218,0,9.03902087529,0.00516653380999,0.0635992921309
581,0.10384994295,0.193066545254,-0.488328020157,2.70377223901,0,12.053283445,0.0180125915538,0.0622064302304
582,0.113886904302,0.202920211585,-0.549379308613,2.70718411177,0,15.5170571731,0.0261367416038,0.0601734194301
583,0.0689898339697,0.203776591109,-0.641991718069,2.70545315934,0,4.66699220954,-0.0140680300638,0.0601523794139
584,0.0859670669361,0.182086010303,-0.470865079197,2.70125780763,0,7.53654356526,-0.00107218730782,0.0554154869671
585,0.0788383107762,0.190202170334,-0.564707145537,2.70670023444,0,6.19300701412,-0.00562678897836,0.0591422594439
586,0.0810071729709,0.194178443486,-0.555344303724,2.71096244166,0,6.57860508765,-0.00426663911912,0.060107931039
587,0.0794142963425,0.193556978742,-0.595098379917,2.7090901277,0,6.29352948248,-0.00546903070261,0.0548658521352
588,0.0967234375721,0.195901994677,-0.576533616917,2.70680979261,0,10.0301173149,0.0100976442448,0.0639441486827
589,0.0773797558324,0.205050088944,-0.516404708621,2.7205054286,0,5.94437862425,-0.00562698743494,0.064740226531
590,0.0767819630246,0.190560333679,-0.526905689609,2.7063947717,0,5.84488343223,-0.00818663439283,0.0557011296799
591,0.0875874666188,0.198870908453,-0.535618675743,2.70503177724,0,7.87399059343,0.00342484422436,0.0611111849936
592,0.0726734746026,0.198015496363,-0.54814946454,2.70527220212,0,5.19723241613,-0.0102657840704,0.0598641981312
593,0.07828879223,0.201735382483,-0.639282199097,2.70599048356,0,6.09834628485,-0.00631533299055,0.0622772151183
594,0.0825507253906,0.193389070859,-0.602762047932,2.70309950852,0,6.86505558987,-0.00122149097469,0.06416934344
595,0.0952470662703,0.193676839434,-0.442865617721,2.7025633355,0,9.65046700863,0.00869674882537,0.0589649527767
596,0.0687296754628,0.20412768244,-0.562162109657,2.71458369113,0,4.63124084637,-0.0153380113539,0.0611104915381
597,0.0840143581433,0.187161624142,-0.571439184111,2.70333476927,0,7.1462711298,-0.000612918133762,0.0561900874029
598,0.0761162520497,0.201982050603,-0.597233888711,2.71254022405,0,5.73569731292,-0.0082165964901,0.055004377328
599,0.0751547961964,0.188476372954,-0.560837447479,2.70696654979,0,5.58095609678,-0.0106447721896,0.0552659372629
600,0.0806952570412,0.1951004086,-0.51969498385,2.70414539616,0,6.52195132315,-0.00390475169696,0.061601351766
601,0.0800681976114,0.19385971485,-0.471553432492,2.69979177934,0,6.4092872894,-0.00339826179416,0.0622226683096
602,0.0717451315127,0.191822330977,-0.492248958898,2.71611579416,0,5.05927546432,-0.0124870974685,0.0681963065648
603,0.0706990311137,0.189362882526,-0.478386777496,2.70773759019,0,4.90735763495,-0.0149949232027,0.0604016586297
604,0.0776360735728,0.191315357858,-0.469023622199,2.69868159023,0,5.98746416991,-0.00731531913413,0.0581352495004
605,0.120561162962,0.193470576673,-0.542717595969,2.70791025222,0,18.2926728185,0.0323521247953,0.0550902163248
606,0.0734070752,0.193402750672,-0.502809257927,2.71163795921,0,5.30838087543,-0.0101055163634,0.0600332483554
607,0.110218922624,0.182113240813,-0.472928466226,2.69924135487,0,14.1595537106,0.0220579708185,0.0537498574499
608,0.09725355017,0.194232638323,-0.546939202885,2.70840293486,0,10.1695850399,0.0113703608042,0.0572650782712
609,0.0780748589797,0.196247196228,-0.600938898567,2.70379754278,0,6.06181879281,-0.00620564616715,0.0587399558818
610,0.0663678463983,0.191279436458,-0.502278904792,2.71063448224,0,4.31644448465,-0.0165892492997,0.0662543824167
611,0.0851044960779,0.196114173236,-0.500037713742,2.71833486714,0,7.36198135715,-0.00028259535414,0.0641472354395
612,0.0839218468732,0.196056689522,-0.493687395005,2.70478526636,0,7.12821388709,-0.000165348500141,0.0660090786334
613,0.103404671123,0.188949357273,-0.494483927653,2.70795893318,0,11.9170628536,0.0162126654474,0.0583895795411
614,0.0875870829071,0.190720816352,-0.533422232863,2.71714021859,0,7.87390918788,0.00157310230649,0.0568685951719
615,0.089736920319,0.199843328051,-0.574885811605,2.70802592351,0,8.34145190248,0.00565371763516,0.0571466537713
616,0.0805487842984,0.196134807602,-0.524312048246,2.70628265189,0,6.49548798325,-0.00411621899379,0.060416801709
617,0.0936758744249,0.190536066744,-0.488318382338,2.71130602,0,9.2602435265,0.00733133854244,0.0532588531125
618,0.0940963914074,0.19373564152,-0.550695915134,2.70675209506,0,9.36331479689,0.00798223905227,0.056481335815
619,0.0822768531054,0.196931951142,-0.525525448015,2.71743124698,0,6.81348228263,-0.00269464804468,0.0601951031272
620,0.0764153849257,0.204673295289,-0.615947320683,2.70879891424,0,5.78455057674,-0.00743969489646,0.068471374859
621,0.0710709659781,0.196239298466,-0.557424711137,2.70021443617,0,4.96094667769,-0.0128527380796,0.0621220845737
622,0.0716465376368,0.189320098362,-0.512169445728,2.70568806683,0,5.04479855085,-0.0135335545974,0.0595840057927
623,0.080039647798,0.183996556559,-0.515420741365,2.70275920651,0,6.40419654558,-0.00684475819144,0.060012883603
624,0.0492433367382,0.198455518983,-0.49917668389,2.71076745394,0,2.48987840192,-0.0331356272618,0.0638414495212
625,0.0787398089703,0.201677463726,-0.572174947191,2.7152030084,0,6.17595016044,-0.00545368900054,0.0613735489415
626,0.10093653653,0.190664747626,-0.571845777556,2.70665922993,0,11.18643213,0.0139763983182,0.0542990531499
627,0.0779031835761,0.188151287549,-0.489101157515,2.71047745115,0,6.0326372897,-0.00747524751763,0.0589088977046
628,0.0835591498501,0.197314150786,-0.604175099677,2.70559413497,0,7.05778970659,-0.000877861110325,0.0596218558537
629,0.0707572781143,0.205525689352,-0.614561429493,2.71967273779,0,4.91571926606,-0.0126741460476,0.0612664945317
630,0.106999038045,0.189391650226,-0.492149515429,2.7003234993,0,13.0568744189,0.018713933123,0.0608283033631
631,0.086232728184,0.188443242171,-0.473719811448,2.71496458393,0,7.59100868877,-0.000292604732135,0.0619864663791
632,0.0832068922136,0.191661226803,-0.568374052721,2.71196344554,0,6.98995436499,-0.00102893550056,0.067217809268
633,0.075130383419,0.196117698312,-0.54975879734,2.71100218614,0,5.57707183819,-0.00830060241483,0.0610244728588
634,0.0834149390118,0.194042595406,-0.525751262139,2.71847780193,0,7.02995189789,-0.00071200810884,0.0609036593725
635,0.0822674907488,0.214118588355,-0.614387990336,2.72722647744,0,6.81172500374,0.000272910684989,0.063995433842
636,0.086197849993,0.185139221793,-0.514137387901,2.70087273045,0,7.58383905242,0.000242794804545,0.0549763689098
637,0.0851092612436,0.191416654667,-0.560299974907,2.70707653613,0,7.36293620833,-0.00146314333177,0.0563437942911
638,0.0809519898556,0.200195365713,-0.634119102769,2.70979802719,0,6.56855231142,-0.00323018909282,0.0627288882684
639,0.0891442551899,0.195800062617,-0.483374350583,2.71421870654,0,8.21024746927,0.00373342034034,0.0620013972557
640,0.0549604223925,0.192462047925,-0.467935009821,2.70608319463,0,3.01950110412,-0.0290159777635,0.0653835207005
641,0.0705998891174,0.203014443421,-0.568432180534,2.69959623009,0,4.89315146161,-0.0123629836779,0.0617826455196
642,0.0871356370022,0.190626259586,-0.51306522415,2.70674610165,0,7.77862935281,0.000813709118069,0.0565565380766
643,0.0861335696451,0.193386935859,-0.490817388481,2.71016513957,0,7.57064051495,0.00118002408199,0.0601426959513
644,0.081526180625,0.198360012528,-0.546544450935,2.71025865101,0,6.67378370683,-0.00255168900593,0.0580012523546
645,0.0745399777562,0.188570988772,-0.498573767775,2.70980796127,0,5.48380232017,-0.0106901804078,0.0601763752759
646,0.0792589814043,0.198959665876,-0.547691813708,2.70960366721,0,6.26629130474,-0.00441662373526,0.0567983500422
647,0.0856284717415,0.182228059637,-0.549015916838,2.7041502505,0,7.46760684383,-0.00162273203841,0.0647351692631
648,0.0834710595717,0.194057387967,-0.587043560761,2.70453964617,0,7.04077414828,-0.00236258797044,0.0616988936567
649,0.0764870756009,0.195478708358,-0.57093518235,2.7009604604,0,5.79630934122,-0.00861732032971,0.0590067466068
650,0.0861464666121,0.191112861666,-0.486165700185,2.70010034192,0,7.57328705404,0.000396664274743,0.0622189540318
651,0.0877067821776,0.193233035822,-0.54369703423,2.71293184141,0,7.89933859773,0.00162924456332,0.0599275589636
652,0.0973820501215,0.19524781742,-0.530373880195,2.70994407395,0,10.2036466476,0.01064665627,0.0584377914659
653,0.0837533304723,0.184404352028,-0.545293230082,2.7116343476,0,7.09542008789,-0.00239084087445,0.0612925922898
654,0.0759058601246,0.207109139478,-0.527308985986,2.70153772183,0,5.70153969356,-0.00734780912913,0.0587260450477
655,0.0866158665707,0.200910198572,-0.591099691292,2.7063778616,0,7.67014745159,0.00135711566236,0.0570961142571
656,0.0767048065616,0.19053085041,-0.568310565073,2.70200687918,0,5.83214201183,-0.00733588480284,0.0640697098882
657,0.0678001045279,0.195505011339,-0.573576031668,2.72483880868,0,4.50526128141,-0.0162167514049,0.0646592509044
658,0.0697539671613,0.199412798506,-0.560621430379,2.72769453475,0,4.77326691277,-0.011806112384,0.067020099298
659,0.0812751235442,0.187683863953,-0.504674246354,2.70908161573,0,6.62760077746,-0.00499808255407,0.0571997558974
660,0.0934127792571,0.189599831549,-0.528757949503,2.71890495022,0,9.19625933681,0.00732075744865,0.061105401164
661,0.102492526719,0.192471856474,-0.44997022332,2.7149361583,0,11.6422688024,0.0166961631447,0.0651055467988
662,0.070821539574,0.192319560821,-0.594567927495,2.71097318018,0,4.92495750466,-0.0128955420051,0.0640130344893
663,0.0763843230569,0.203074535616,-0.564559009267,2.71309772313,0,5.77946185941,-0.00848753872226,0.0601683734405
664,0.0798828258467,0.197527823285,-0.596789834066,2.71404487108,0,6.37629339655,-0.00484885647788,0.0594067736473
665,0.0700699042462,0.197179187363,-0.584667811207,2.702195811,0,4.81776473465,-0.0133862900995,0.0591144593563
666,0.0784113276854,0.188499856062,-0.489734046056,2.71041020164,0,6.11935004928,-0.00658853834094,0.0601933565488
667,0.0694546941357,0.199401305366,-0.584318105845,2.72511699761,0,4.73141806952,-0.0138076965547,0.0637921588011
668,0.0737931258191,0.20098349404,-0.503502062971,2.70619195052,0,5.36763896949,-0.00844163242106,0.064171743995
669,0.0851662641355,0.184890535637,-0.550004737114,2.70002092608,0,7.37436666647,-0.000819118527359,0.0635759808111
670,0.0919103682138,0.190510269983,-0.468404907849,2.72123045867,0,8.83816294067,0.00697135031988,0.0628555633636
671,0.106415572354,0.193967902261,-0.538691335129,2.70144812742,0,12.865495433,0.0196915953072,0.0611771133253
672,0.0732058943111,0.197938566606,-0.584996489193,2.70880875014,0,5.27771049176,-0.0101478145391,0.0617925277271
673,0.0958523093242,0.197862724134,-0.578937976922,2.72161638923,0,9.80456095604,0.0103587063762,0.0584955442361
674,0.0639113395301,0.19953547189,-0.58220271832,2.7106198928,0,4.007007174,-0.0192996644003,0.0612788010484
675,0.076770491015,0.18844798525,-0.474362662255,2.71101736207,0,5.84298752903,-0.00748614094225,0.0584391825882
676,0.0857581331898,0.190034041424,-0.458325249578,2.71009697636,0,7.49394195071,0.00125900256995,0.0620373857137
677,0.0970317976191,0.197259061046,-0.559188733519,2.70092998339,0,10.1110389244,0.0121244693088,0.0625607115625
678,0.0679264989398,0.195780846349,-0.599039145478,2.70241109233,0,4.52223022551,-0.0146498437431,0.0572846551391
679,0.0680510462162,0.192689939854,-0.490393153952,2.70440079855,0,4.53900037291,-0.0158569182965,0.0600140422916
680,0.0781315810414,0.197721531494,-0.554485665583,2.71024934528,0,6.07148601142,-0.0070660648475,0.0589989171727
681,0.0810292594032,0.202879422649,-0.603508212948,2.71761221133,0,6.58263219687,-0.00304707957185,0.0632613186099
682,0.0970738070746,0.195808256227,-0.537555556722,2.71654892864,0,10.1221073698,0.0108637243194,0.0594401107422
683,0.0781650504149,0.189531554298,-0.490511917012,2.70939017487,0,6.07719621065,-0.00692938796581,0.0626237799111
684,0.0855690675566,0.201981839926,-0.642937626531,2.70044400975,0,7.45556769796,0.000829606531339,0.06388942259
685,0.0861514750428,0.200909218297,-0.619966436723,2.71311040241,0,7.57431502745,0.00217612557683,0.0653327683489
686,0.0827040431519,0.201049780601,-0.519973647201,2.71937753645,0,6.89406983667,-0.00250250683211,0.0584220770498
687,0.0648757705095,0.202925400524,-0.639723576997,2.70257642558,0,4.12637005331,-0.0178351932899,0.0535317847138
688,0.0980802907019,0.200295615579,-0.590878256071,2.70897690186,0,10.390482852,0.0126998527397,0.0620194908949
689,0.0778563094494,0.189235075519,-0.587395783086,2.70149148147,0,6.0246897666,-0.00758934303111,0.0575177975435
690,0.0841880732742,0.199017915927,-0.517203788931,2.70300894933,0,7.18028279803,0.000850519111076,0.0653567281826
691,0.0875983197575,0.192292539682,-0.511322605514,2.72096602755,0,7.8762934162,0.00349333757238,0.0583334984648
692,0.0863170607513,0.201511464055,-0.6312694032,2.71286046076,0,7.60836807475,0.00199581899957,0.0624940525051
693,0.0831422445413,0.197040353858,-0.559825716181,2.70749105444,0,6.97756474423,-0.00227102598914,0.0632170457433
694,0.0764356550705,0.195616644242,-0.636848280733,2.71309203423,0,5.78787331775,-0.00788348944007,0.0610099836817
695,0.0716009995836,0.19260881542,-0.525557729368,2.71386848821,0,5.03812325895,-0.0129798594756,0.054470510179
696,0.0867720349716,0.192008698557,-0.593933064647,2.70340315931,0,7.70260534031,0.000980184683552,0.0592960056599
697,0.0855333778801,0.198605780461,-0.615296536601,2.71016203701,0,7.44834256804,0.000674219295662,0.0601817135575
698,0.0878094023537,0.193497571365,-0.491143849594,2.7053460613,0,7.92119542637,0.00307253481209,0.0623569174306
699,0.0793036712221,0.196933941984,-0.494710217567,2.70326504112,0,6.27411869071,-0.0060882805543,0.0587203249668
700,0.0913064074917,0.202926920872,-0.601261817023,2.71362221426,0,8.69764494504,0.00583809596338,0.0592489609159
701,0.095367613779,0.188598138704,-0.533740060302,2.71398368781,0,9.68098870426,0.00829460353966,0.0649273715336
702,0.0663273847954,0.198437621692,-0.523792635361,2.70709462957,0,4.31120187456,-0.0175745907167,0.0606329241534
703,0.0845412652797,0.209350402137,-0.591801499898,2.71466145702,0,7.24985573818,9.30577288044e-05,0.0592682440669
704,0.0738470429883,0.195988453255,-0.589500457127,2.70375141893,0,5.37595763633,-0.00953979453829,0.0656883327079
705,0.0875735342132,0.192170114694,-0.538939542204,2.70560419479,0,7.8710352528,0.00233437003561,0.0619686662698
706,0.0737822340297,0.19490666318,-0.615932979975,2.71250885493,0,5.36595978584,-0.0107715689483,0.0538689084166
707,0.0569936964389,0.205408593289,-0.565542511266,2.71527510615,0,3.22586173922,-0.0241591636586,0.069840799393
708,0.0773808873625,0.191467199863,-0.540923433632,2.71554282881,0,5.94456826541,-0.00729044292557,0.0606319066612
709,0.0929763631254,0.192179989621,-0.487028282068,2.709565691,0,9.09096903482,0.00690130965509,0.057208073673
710,0.0739113466516,0.204731989119,-0.624802147823,2.71159343962,0,5.38589245753,-0.00919141836146,0.0645965168169
711,0.0799077248228,0.193175990218,-0.500519621005,2.71129734032,0,6.38071688026,-0.00435710136064,0.0595944515939
712,0.091697196853,0.19408534064,-0.535319346991,2.719163825,0,8.7883442205,0.00615087506302,0.0566057313183
713,0.0757261993711,0.199883926378,-0.583506839442,2.71019345691,0,5.67250324777,-0.00900557069966,0.0549208435218
714,0.106142931359,0.197323651069,-0.580432927435,2.71325262307,0,12.7769293858,0.0183503447912,0.0552641458621
715,0.0768266187677,0.205554013228,-0.522330181067,2.70891805905,0,5.85226820239,-0.0059760720061,0.0637888232402
716,0.0866638486937,0.198356374335,-0.496550303582,2.70871717985,0,7.68010760121,0.0030710385189,0.0617051705708
717,0.0785811093786,0.192110935025,-0.496736209821,2.71009745644,0,6.14855106355,-0.00457249535776,0.0619545080059
718,0.0912696291901,0.190915424682,-0.528009362086,2.70849375858,0,8.68915070546,0.0042735728569,0.0595410534864
719,0.0917666368969,0.194307928708,-0.580818007049,2.71860689535,0,8.8045458464,0.00746076245525,0.0609816559153
720,0.0612198447281,0.203643492094,-0.605762075211,2.70493101509,0,3.68786131128,-0.0212839034046,0.0586741643116
721,0.0988475472528,0.188269976632,-0.500756368013,2.70462471906,0,10.5992407218,0.012365570708,0.0581220685472
722,0.0845674822287,0.19497735177,-0.52478078341,2.71409155876,0,7.25504266208,8.25882485465e-06,0.063766874111
723,0.0829168107449,0.195335893134,-0.525628199828,2.7138409957,0,6.93450508756,-0.00203047461287,0.0634251519395
724,0.0811307010184,0.18751937984,-0.507830088071,2.70850596351,0,6.60115490311,-0.00418445409337,0.0613597801374
725,0.0880720793106,0.186962250292,-0.540935031374,2.71283076825,0,7.97737778166,0.00118216915395,0.0577261014888
726,0.0842572073441,0.198524306422,-0.575333394304,2.71505998461,0,7.19385649819,0.000260105687015,0.0640337910008
727,0.0790598242422,0.198167180396,-0.572895310657,2.70669837405,0,6.23150744409,-0.00485669413169,0.0635389535956
728,0.0856963876112,0.192149630477,-0.545341734204,2.70830511439,0,7.48139120392,-0.000680581932689,0.0605460702791
729,0.09039652883,0.191844780104,-0.533734613456,2.69786056123,0,8.48958932172,0.00589585436232,0.0596673069491
730,0.0777509348742,0.200623104228,-0.579853018182,2.71368058497,0,6.00685499023,-0.00673101182305,0.0585017116092
731,0.0987180941269,0.194008620675,-0.582257605,2.72050586483,0,10.563762534,0.0122877235445,0.0597029599417
732,0.098808366041,0.207223715885,-0.584223652968,2.72434705718,0,10.5884916088,0.0138161509283,0.0628869520151
733,0.104545883073,0.191337022566,-0.52403606914,2.70158588359,0,12.268960716,0.0175017034213,0.0565964644329
734,0.0804351035244,0.192745828865,-0.51584126797,2.71179065373,0,6.47501091821,-0.00321554673704,0.0664210406684
735,0.0891745117164,0.202171035936,-0.536232598169,2.71068606842,0,8.21690252968,0.00461922220222,0.0574411767107
736,0.0937861524458,0.20220094834,-0.626301719146,2.71250053369,0,9.28717758056,0.0101274583775,0.0679559533204
737,0.0976575911023,0.205773146048,-0.585444328793,2.71141991301,0,10.2770215814,0.0152091085044,0.0705849082837
738,0.0601683558055,0.187860850226,-0.539800676647,2.7054054308,0,3.56857229745,-0.0246504728988,0.0570148971302
739,0.0715001693001,0.194341724104,-0.560544705628,2.70779456521,0,5.02336805149,-0.0123418317975,0.0580546025501
740,0.0772473584201,0.195814865707,-0.583481600854,2.70575467475,0,5.9222235466,-0.00678662046777,0.0591209132436
741,0.063898161221,0.193590513756,-0.586934626434,2.70414897127,0,4.00539481616,-0.0201022355895,0.0586670319364
742,0.0750044939383,0.201069970582,-0.526836358754,2.70943460263,0,5.55707683193,-0.00831250059461,0.0551834003111
743,0.0870626844811,0.205312595775,-0.505010292204,2.71526339703,0,7.76332499086,0.00297224905644,0.0660283617705
744,0.0877778618779,0.199993936847,-0.583102889453,2.71866624215,0,7.91447220678,0.00292808981336,0.0575652838198
745,0.102546481881,0.202355208082,-0.624021745924,2.71995135837,0,11.6583657785,0.018436472989,0.0644132555563
746,0.0921944432141,0.189885620041,-0.542223528303,2.70533369416,0,8.90493108625,0.00607052753757,0.0573274504797
747,0.0630352884184,0.205151483956,-0.608364973636,2.71845647294,0,3.90090249734,-0.0198788017935,0.0625255227658
748,0.092892025046,0.196168470528,-0.477681148931,2.71415218486,0,9.07074242204,0.00710554142976,0.059718042944
749,0.0979835588866,0.183539347445,-0.50896805116,2.70050345568,0,10.3644215916,0.0102395935597,0.0537161360174
750,0.0886328320648,0.192480431433,-0.532493765972,2.70799178165,0,8.09845428883,0.00322049089952,0.0599913834316
751,0.090598399152,0.194910301311,-0.500658143978,2.71499485984,0,8.53537578151,0.00492294808514,0.0619629600633
752,0.0848558722923,0.19037892808,-0.578657879375,2.71883094377,0,7.31230690244,-0.000691759045873,0.061631701091
753,0.089517408531,0.179277550005,-0.438151041929,2.70568807173,0,8.29264810978,0.00199700104047,0.0638504126243
754,0.0822141539133,0.202283632769,-0.59829782793,2.70764359403,0,6.80172112863,-0.00124322694993,0.0663972054684
755,0.0706789803862,0.193156650205,-0.519758476234,2.71849699683,0,4.90448188885,-0.0147424830636,0.0587117000484
756,0.10291230621,0.189814964963,-0.514342846377,2.70729273207,0,11.7680267045,0.0152641197766,0.059589713677
757,0.083813042849,0.193206683024,-0.498363282662,2.70702915629,0,7.10702571652,-0.000165710312938,0.0650143390675
758,0.0752884950551,0.19675489708,-0.523891354961,2.70940475125,0,5.60226775132,-0.00837006672812,0.0641007560824
759,0.0884652054904,0.204441972395,-0.619608333804,2.71835044954,0,8.0620971625,0.00510877204993,0.0647393127646
760,0.0635207390818,0.205479381534,-0.587799244614,2.71781067919,0,3.95942877403,-0.0188693396014,0.0569154835671
761,0.0672312433096,0.199930440072,-0.625039667515,2.71501058343,0,4.42950808298,-0.0161138191533,0.063362422777
762,0.0908960589838,0.192681066477,-0.507042934295,2.71455902001,0,8.60327610683,0.00620213097293,0.0633224358765
763,0.089411680077,0.195170887171,-0.625392030239,2.71057909909,0,8.26922920039,0.00425925815064,0.0580337687662
764,0.0787967643588,0.190997630639,-0.591867952944,2.70401441267,0,6.1858079696,-0.00668900910424,0.0658497053219
765,0.0813218020004,0.191177716778,-0.540978390312,2.70269471708,0,6.63616718687,-0.00419632519412,0.0613833937533
766,0.0731239622987,0.203228982995,-0.605359055854,2.71602333701,0,5.2652609416,-0.00904582593109,0.0657446448715
767,0.0911435309102,0.188696516301,-0.461024882643,2.70597150798,0,8.66008159005,0.00491237233926,0.0573341695732
768,0.0800037336209,0.193917708569,-0.563809199316,2.70998901019,0,6.39779743145,-0.00477391120065,0.0589859995766
769,0.0728551524154,0.199098261629,-0.529229529084,2.71184021909,0,5.22458183626,-0.0102375683094,0.0606731190284
770,0.0923323261465,0.198908177324,-0.533491407161,2.70381244309,0,8.9374955362,0.00621038963111,0.0562344101139
771,0.0825767349414,0.189984367987,-0.511683424827,2.70812688911,0,6.86997047136,-0.00350098866253,0.0614095834859
772,0.0672690681869,0.197479376437,-0.528784313291,2.70684169324,0,4.43451382106,-0.0153270716214,0.0620801489189
773,0.0847767130561,0.195142862294,-0.507092826108,2.71603523082,0,7.29655071113,0.000288997543436,0.0576455470842
774,0.0665868430915,0.206141675995,-0.584309085778,2.71394455924,0,4.34490634905,-0.0156309818415,0.0604508327691
775,0.0775013585907,0.201964860231,-0.634712509648,2.70100029254,0,5.96478740709,-0.00694005072296,0.0659207184507
776,0.0924705563917,0.189110993407,-0.614958216811,2.71182678736,0,8.97024533377,0.00681197124788,0.0598151300799
777,0.0683546967006,0.200052135834,-0.530244062034,2.70922751744,0,4.58009204565,-0.0149630963117,0.0604639932729
778,0.0913596776239,0.193274432452,-0.447343810621,2.70815774134,0,8.70996080069,0.00437063660384,0.0595177541594
779,0.0731790182985,0.198718324008,-0.550131840117,2.70986051789,0,5.27362406864,-0.0102185022093,0.0629534536342
780,0.10205937187,0.193303842792,-0.530472370825,2.69992446067,0,11.5137527868,0.016015737693,0.0560067425882
781,0.079046639244,0.197658878136,-0.562634195404,2.70755163799,0,6.22921027339,-0.00319605129616,0.0606232728901
782,0.0881948406192,0.199447387271,-0.595329969676,2.70321712633,0,8.00375094359,0.00338368039452,0.0614551878735
783,0.0873610394977,0.187845545384,-0.543469644977,2.70674847512,0,7.8260780121,0.00107039905239,0.058386550716
784,0.0619731103897,0.205384222415,-0.585872022984,2.71456642334,0,3.77515284179,-0.0203477085466,0.0589514572586
785,0.0754162034352,0.18647179811,-0.579844905728,2.71199170183,0,5.62268647813,-0.0100678159204,0.0619412621486
786,0.0690029271825,0.20463279741,-0.665661457034,2.71683515409,0,4.66879725431,-0.0128048444802,0.0676925545805
787,0.103644968211,0.185793300247,-0.494012934903,2.70765510359,0,11.9904054766,0.0166045984658,0.0573397395592
788,0.0915967884749,0.196723081545,-0.559002189171,2.70120739855,0,8.76496263506,0.00613314403392,0.0601639019045
789,0.0856632536296,0.20022013191,-0.52022314462,2.70221800706,0,7.47466356203,0.00166161492838,0.0600716933406
790,0.0641241772374,0.21066326683,-0.647134725917,2.70639690908,0,4.03311700255,-0.0163508313798,0.0675374111657
791,0.0578629306721,0.203904151417,-0.54096102397,2.72185135989,0,3.31715672837,-0.024440709371,0.0614320922632
792,0.0884251797163,0.191017778203,-0.492480101159,2.70335294552,0,8.05343651242,0.00120028631696,0.0558753405967
793,0.0634816459057,0.209789932143,-0.644651920713,2.7197108379,0,3.9546909021,-0.0178029792707,0.0573542805569
794,0.0724953650274,0.201637498142,-0.597227738544,2.71646289896,0,5.1705323373,-0.0108627016573,0.0580348920493
795,0.0699239044759,0.211766958578,-0.615721507229,2.72157293495,0,4.79716072042,-0.0109763998124,0.0682813393399
796,0.102460735647,0.200333229315,-0.607139813395,2.71025537437,0,11.6327934754,0.0158342077034,0.0624962955351
797,0.0729832196208,0.199372311228,-0.614343392309,2.7171336246,0,5.24393052022,-0.00923137762876,0.0612825061831
798,0.0649100679909,0.197654585715,-0.573834062387,2.69709960364,0,4.13066486688,-0.0189227219434,0.0564180693186
799,0.0752646209189,0.199569034709,-0.596058544092,2.71114051196,0,5.5984573433,-0.0095326761189,0.0580607465368
800,0.0876145567694,0.183233682396,-0.486110022042,2.69453683061,0,7.87973966396,0.00121202895622,0.0582332330974
801,0.0882535878899,0.190366733377,-0.47506552797,2.7059078854,0,8.01639812753,0.00360407758181,0.0625886864148
802,0.0774870919879,0.199475349039,-0.601254461933,2.70943763764,0,5.96239003779,-0.00738232001359,0.0583488895261
803,0.099162357605,0.198938589114,-0.560573461048,2.7129804298,0,10.6859555708,0.0136891165033,0.06345155078
804,0.0863693901184,0.188413375415,-0.503953200668,2.71124556313,0,7.61915673376,0.000304304558622,0.0543415263025
805,0.0803700459613,0.192384968918,-0.520417917229,2.71758059456,0,6.46331645523,-0.0045559130907,0.0636640796416
806,0.0898691878929,0.182835196268,-0.495792565985,2.71292239399,0,8.37097768415,0.00349740264615,0.0559808592983
807,0.0746177249838,0.186630741535,-0.535319938682,2.69962589741,0,5.49601135044,-0.010420067389,0.0603624749145
808,0.0886028882996,0.19506048047,-0.472141188906,2.70769758578,0,8.09194940583,0.00285880433023,0.0657130246728
809,0.0779310498255,0.211375259836,-0.687843786946,2.71959842064,0,6.03736611811,-0.00436825577302,0.0665574214059
810,0.0917601810679,0.189149292992,-0.523162408388,2.70784996396,0,8.80303849748,0.00468113950895,0.0648901549453
811,0.0893505319898,0.18950532696,-0.542169711092,2.70047891727,0,8.25571077875,0.00379424682125,0.0630072429547
812,0.0723454165945,0.200252205894,-0.566396070022,2.72251779818,0,5.14813963537,-0.0116035265718,0.0619714516116
813,0.0809328229424,0.198919261043,-0.538662032073,2.72294241627,0,6.56506365226,-0.00385240027228,0.0591280189448
814,0.0864791953872,0.194455705671,-0.501794580269,2.71426891898,0,7.64183738311,0.00186302674529,0.0617050783385
815,0.083547331069,0.192806847868,-0.534518313034,2.70919726181,0,7.05550477609,-0.00119621885614,0.0602933637173
816,0.0945723287851,0.192168060091,-0.472284045377,2.71156531288,0,9.48117103141,0.00796845559024,0.0577418730142
817,0.0842694614494,0.207717298774,-0.565398631804,2.70904713376,0,7.19626471297,-0.000473834670073,0.0579854391798
818,0.0851185905019,0.191073833291,-0.558807266451,2.71841348686,0,7.36480592294,-0.000973866855658,0.0601034004087
819,0.0993169810908,0.202729828422,-0.511925533717,2.70939118686,0,10.7287747128,0.0137128705825,0.0704445884711
820,0.0741720017966,0.194283327755,-0.498010730476,2.71381476482,0,5.42631596023,-0.0106518727841,0.063784154407
821,0.105704456349,0.193171938998,-0.520885655454,2.71095404811,0,12.6356327924,0.0182593641701,0.0566799953516
822,0.0830200128685,0.195836484558,-0.515652817945,2.70430327782,0,6.95418970883,-0.000839813738533,0.0566080531481
823,0.0668072109716,0.199169650139,-0.544309220191,2.71749077747,0,4.37369428143,-0.016460771063,0.0544223443673
824,0.0884280266362,0.195249106659,-0.571479722667,2.70505995667,0,8.0540522569,0.00322069846745,0.0584016108424
825,0.0859548130014,0.185746844141,-0.455123527995,2.70852335437,0,7.53403932541,0.000366997748321,0.0644640081475
826,0.0671123581603,0.201136143095,-0.607314702217,2.71249370315,0,4.41380369102,-0.015992557584,0.0618486187888
827,0.0751407699628,0.194747753585,-0.604552285365,2.70328673196,0,5.57872414682,-0.0075347843299,0.0634749227882
828,0.0827195410528,0.193744859888,-0.483338375884,2.70482180194,0,6.89700842002,-0.00124823724022,0.0621107860885
829,0.0915747044073,0.181751973836,-0.496794851419,2.70164774316,0,8.75982724082,0.00414148553709,0.0574528906062
830,0.0955537235836,0.191822988305,-0.500226398868,2.70926197695,0,9.72827548166,0.00899579706079,0.0640602524064
831,0.0881353282249,0.195880548408,-0.619951636106,2.71158904201,0,7.99095643619,0.0013903325758,0.0576789472774
832,0.0955221438612,0.185428313864,-0.520912406941,2.70488827898,0,9.72023755062,0.00855848715003,0.0560508060878
833,0.116601080323,0.185321585695,-0.472256347667,2.71068627397,0,16.5960304569,0.0275964226326,0.0558335260859
834,0.0920943652277,0.203865206082,-0.620930457965,2.70811022649,0,8.88135949566,0.00785666590159,0.0668272881833
835,0.080873774924,0.195381175566,-0.543017464942,2.71768661546,0,6.55432576394,-0.00349077475708,0.0621471816531
836,0.0684852286745,0.199527788628,-0.572829048788,2.71783991986,0,4.59784630151,-0.0143424413669,0.059047173988
837,0.111043771063,0.186174829998,-0.430252624616,2.70681880663,0,14.4551417902,0.0228205439657,0.0601033210939
838,0.0964270081683,0.203779373245,-0.590180101585,2.71497308366,0,9.95286103068,0.0113821105604,0.0637377089463
839,0.0836363623432,0.193818986416,-0.539202068648,2.71427174025,0,7.07273257601,-0.0022962007691,0.0623604895617
840,0.0830360413224,0.198537354893,-0.617504921837,2.71697118511,0,6.95725116227,-0.00131714368158,0.0573477225308
841,0.0859806641897,0.195631041495,-0.545098165334,2.70589140225,0,7.5393231556,0.000461502603386,0.0588212196025
842,0.0999970427138,0.200976840648,-0.500475662144,2.7051945555,0,10.9188984347,0.0135914930548,0.0567916416737
843,0.0894922254213,0.187428347508,-0.554295624765,2.71069590385,0,8.28706488119,0.00372846385414,0.062790359672
844,0.0951011843043,0.195692092189,-0.511280644168,2.717350758,0,9.61364296921,0.0102725824726,0.0616595006702
845,0.0766037600616,0.190964958141,-0.533484760066,2.70907177855,0,5.81548993879,-0.00790900593339,0.06409906336
846,0.0887864995239,0.189170626559,-0.479849092903,2.70889008727,0,8.13190696276,0.00390421795393,0.0556081473712
847,0.0863254346669,0.192178165796,-0.489695987575,2.7126371163,0,7.61009363795,0.000568897143325,0.0577448248988
848,0.0862703714633,0.189573402105,-0.525472743037,2.70615672756,0,7.59875318353,0.000459818237159,0.0611416992502
849,0.096582607558,0.20011797635,-0.589246566361,2.70270069634,0,9.99334868343,0.0114383240172,0.0588187233528
850,0.0988074751418,0.193544046681,-0.567244274432,2.71409999084,0,10.5882473077,0.0132578344054,0.0681987505866
851,0.0695551944845,0.189782522457,-0.503924928379,2.69559663632,0,4.74543890017,-0.0155632383807,0.058059018959
852,0.0685924054334,0.200452732745,-0.513851514865,2.70918971764,0,4.61246450293,-0.0154345431838,0.0617173336571
853,0.0779739277213,0.199790788268,-0.567437117977,2.70249485661,0,6.04464835514,-0.00661529082728,0.056779238783
854,0.100221397318,0.192399629166,-0.571435943112,2.70783229999,0,10.9822684026,0.0146155421211,0.0618846750006
855,0.0799263723714,0.197781241065,-0.520298927884,2.72457845141,0,6.38403142288,-0.00465357492497,0.0617312450432
856,0.0845911715353,0.194685357705,-0.523136974695,2.70606957186,0,7.25973219825,-9.00885465192e-05,0.0593207505415
857,0.0811548435095,0.202662828525,-0.616408672834,2.72437839909,0,6.60556960024,-0.00182438170624,0.0648378385682
858,0.0607089719533,0.197820126931,-0.563903893403,2.707394972,0,3.62953465911,-0.0216430337034,0.0604008256049
859,0.105375931271,0.19196454331,-0.495392702647,2.70372419449,0,12.530681264,0.0186173201215,0.0635508561829
860,0.0949539041845,0.183771827625,-0.475570881781,2.70433198149,0,9.57659020637,0.00762638260653,0.0585021117575
861,0.0932555891264,0.194799343029,-0.51080964785,2.72362255415,0,9.15821430628,0.00748858933611,0.0626088139472
862,0.0835534258578,0.192814918337,-0.58492997595,2.70592290499,0,7.05668300667,-0.00237083705807,0.0572621883917
863,0.0834679573019,0.195832289213,-0.595710381617,2.70649195892,0,7.04017554267,-0.00243908930417,0.0620157629433
864,0.0634152998339,0.19790935223,-0.58754134091,2.71452398971,0,3.94666009229,-0.0194625148759,0.0634435080552
865,0.0842561148623,0.193228350079,-0.485197018028,2.70939848259,0,7.19364183332,-0.00194456384615,0.0547210744621
866,0.070245048454,0.196165466126,-0.609950098404,2.70310160192,0,4.84257462489,-0.0139320470507,0.063487409121
867,0.0851935257585,0.192979411562,-0.525039261974,2.71751461402,0,7.37983858979,0.00122245973514,0.0629429371013
868,0.0847783755203,0.201918578386,-0.610140264988,2.7113307142,0,7.29688131964,-0.000473060055075,0.0591224856968
869,0.0918415694311,0.195784035729,-0.449746198125,2.71612095377,0,8.82205789507,0.00762783498933,0.0612379764195
870,0.0943753351339,0.197035151898,-0.503930140115,2.71442225179,0,9.43223406732,0.00857724028024,0.0605402114701
871,0.102638505295,0.201958325425,-0.490710412713,2.70207452814,0,11.6858655115,0.0166429971166,0.0593869186922
872,0.0826704588349,0.205506246438,-0.62931173782,2.70843630741,0,6.88770546481,-0.000874059969929,0.0612527948759
873,0.0909756618701,0.194148952457,-0.53394573571,2.70787780776,0,8.62151326965,0.00472315717243,0.0591250049496
874,0.100966212479,0.190953214715,-0.465646094511,2.70704690182,0,11.1949761344,0.01356083192,0.0625387309913
875,0.0874725724317,0.206023240464,-0.65233688255,2.71658004483,0,7.84964750809,0.00403473164809,0.0655687977413
876,0.0757635500726,0.193741597341,-0.559679248846,2.71264278975,0,5.67852982237,-0.00878776375975,0.056078073833
877,0.0815440487738,0.21114296212,-0.615236001394,2.72284424858,0,6.67708085136,-0.00104815211336,0.0720036958529
878,0.0852409803564,0.206084765039,-0.628927551121,2.70104268161,0,7.38937182686,0.00177918814411,0.0625087680528
879,0.0855477783358,0.212461687909,-0.678666878279,2.70615913192,0,7.45125712673,0.00380910616317,0.0689000670976
880,0.0861277769825,0.202410852572,-0.556168544381,2.70436774703,0,7.56945207968,0.00137166340486,0.0647895715805
881,0.0780534285671,0.191890782748,-0.581104297102,2.71094420242,0,6.05816968678,-0.00729093498602,0.0584721973569
882,0.0785552164178,0.199646789415,-0.568399077797,2.71535839442,0,6.1440902629,-0.00551497997331,0.0563011696626
883,0.101967298922,0.194671558811,-0.529388906335,2.71170157322,0,11.4865973162,0.0141284494179,0.0567923975711
884,0.05812369159,0.192959072303,-0.54966921482,2.70524799371,0,3.34491202923,-0.0247940965571,0.0561547088315
885,0.0852400857482,0.196169230825,-0.545699716954,2.70400466024,0,7.38919201106,0.000156535125075,0.055944117991
886,0.0771643483567,0.189527654699,-0.533366743076,2.71464040066,0,5.90836751537,-0.0082638733066,0.0592746677369
887,0.0829886190456,0.189813430561,-0.438302857513,2.71676322758,0,6.94819673312,-0.00222324686956,0.0672730321509
888,0.0836910115906,0.200629771844,-0.620723456744,2.71875675367,0,7.08332489889,-0.000439262128645,0.0647699687845
889,0.0865737568665,0.188894408819,-0.520266834783,2.70888095211,0,7.66141535624,0.00136602457367,0.0568647498169
890,0.0989662449722,0.192726976483,-0.550063521892,2.71458735545,0,10.631863223,0.0124899154628,0.063272377266
891,0.0744898002493,0.199138041156,-0.588541245281,2.71190713404,0,5.47593441738,-0.00848148300904,0.0700121716883
892,0.0715457312799,0.1895146365,-0.548615138519,2.70429504882,0,5.03003115905,-0.013333503109,0.0603678242259
893,0.0930384753023,0.197535813465,-0.552744307098,2.71044232696,0,9.10589023027,0.0075140850817,0.0620800249624
894,0.0822763595662,0.201682311321,-0.585083758705,2.72062360056,0,6.8133896377,-0.000417802002656,0.0647511296031
895,0.0950075679189,0.194226534686,-0.491936288301,2.70342417395,0,9.59007651342,0.0085677138321,0.0621543376322
896,0.107659415936,0.188103808936,-0.529463546092,2.70139446529,0,13.2765451949,0.0202839394313,0.0594547873402
897,0.0907489491449,0.188635161674,-0.485562607017,2.7088354825,0,8.56966041617,0.00456960144676,0.059309648458
898,0.0827561325155,0.200472638249,-0.524552411159,2.72017117598,0,6.90395076351,-0.000783262095391,0.0595126806426
899,0.0873660586062,0.201355391568,-0.565499931121,2.70961169624,0,7.82713736789,0.00194560234586,0.0568532899132
900,0.0876211700133,0.197104486157,-0.611989910896,2.70898305365,0,7.88114367002,0.00217560329768,0.0591123923568
901,0.0772809017031,0.202450295977,-0.525802328681,2.71292740303,0,5.92783016528,-0.00573272832233,0.0626223569988
902,0.0758059547202,0.200923993896,-0.599971950016,2.70616071162,0,5.6853782005,-0.00735454799701,0.057137859062
903,0.0708611892534,0.202713447779,-0.591662539717,2.71888748121,0,4.93066446782,-0.0117349238395,0.0635481517668
904,0.105529381375,0.192603184369,-0.483806752584,2.70306769438,0,12.5796058213,0.0194262601508,0.0572587841443
905,0.095129403336,0.187190824673,-0.505595209148,2.70927440559,0,9.62075655295,0.00735916846659,0.0603258447225
906,0.0883726844129,0.190771983169,-0.56934160937,2.70504025622,0,8.04208980847,0.00135238046486,0.0598724893277
907,0.0851092859637,0.203762231723,-0.574814342797,2.70560228283,0,7.36294116205,0.000356421104014,0.0598110795224
908,0.0936149096354,0.18007893581,-0.478571149307,2.69681615801,0,9.24538274219,0.00675791197733,0.0635968725073
909,0.082474088119,0.191457999462,-0.561679600057,2.70783624415,0,6.85059102072,-0.00228284631063,0.0616497481402
910,0.0986870761639,0.182504159168,-0.444689444664,2.71547846902,0,10.5552771966,0.0101695623616,0.0601803585966
911,0.0876420898033,0.201722768641,-0.587145014307,2.71204158295,0,7.88558639271,0.00324422296651,0.0584549857384
912,0.0833398913852,0.1963994795,-0.59390160071,2.71550582028,0,7.01550165051,0.000523534201199,0.0604063201202
913,0.0975944787253,0.193199938471,-0.526750971633,2.70605495291,0,10.2601744424,0.0105714749765,0.0632471350233
914,0.0752545095893,0.208626845225,-0.585056185381,2.71033684354,0,5.596844172,-0.00735131733454,0.0636946915723
915,0.0909887740979,0.192669168903,-0.50231079773,2.70520271271,0,8.62452049706,0.00593313290475,0.0626323562204
916,0.0856435467792,0.199312867156,-0.586344486523,2.71124470946,0,7.47066464661,0.00122538466578,0.0666366017261
917,0.0688246997597,0.203693151815,-0.508311056266,2.70762988537,0,4.64427401143,-0.0139135568254,0.0621627928562
918,0.110611332044,0.194709012478,-0.547649159401,2.71285956352,0,14.299491014,0.0246118783754,0.0618197317721
919,0.106491929116,0.19879566675,-0.576649277407,2.71319774413,0,12.8903975082,0.0206204721043,0.0626926121321
920,0.0773891547173,0.20141257664,-0.518315788395,2.712122088,0,5.94595400121,-0.00704741327659,0.0602127752483
921,0.0833499394296,0.189204315996,-0.534678039136,2.70517894757,0,7.01743492752,-0.0020775985291,0.0612192002918
922,0.0878390982837,0.205806537012,-0.587652292983,2.7213514585,0,7.92752991558,0.00482489413633,0.0579405900194
923,0.0732907075376,0.197385110785,-0.539269109658,2.70512134279,0,5.29062289656,-0.0108783817668,0.0591455253166
924,0.0689763618583,0.211530577495,-0.629199735129,2.70193959527,0,4.66513550627,-0.0122607237124,0.0676275885968
925,0.0674839829181,0.194533747877,-0.546143929614,2.72013510807,0,4.46303994635,-0.0162632687765,0.0592529776944
926,0.0856154880696,0.200171088009,-0.550460100365,2.70358161561,0,7.46497410198,0.00220314463602,0.0635160523185
927,0.104419838409,0.194947583262,-0.483654175403,2.70505795465,0,12.229646065,0.0174914744614,0.0597752837786
928,0.0838444689773,0.187539540524,-0.484206246255,2.69897745196,0,7.11314008624,-0.0024753356658,0.057995423136
929,0.115860748938,0.180517841764,-0.444416790173,2.70600234211,0,16.2951848444,0.0265335888555,0.056133823047
930,0.102483697831,0.186502191055,-0.523440685142,2.70413130616,0,11.6396366679,0.0151135902746,0.0597349304116
931,0.0742697600158,0.195412580194,-0.510798732851,2.7144946426,0,5.44154006977,-0.0103899951396,0.0610925091893
932,0.0633272405587,0.203315047371,-0.579199128993,2.72331786344,0,3.93602035298,-0.0188984578333,0.0670393281549
933,0.0800173677277,0.195196365782,-0.496633113669,2.71803115859,0,6.40022610207,-0.00456780312925,0.0586990097669
934,0.0879273488631,0.193980598885,-0.459801514859,2.7030569858,0,7.94638033058,0.00305612199701,0.068299174576
935,0.0833505739218,0.19772115296,-0.485716455361,2.70443461806,0,7.01755702097,-0.0015652088111,0.0609848121061
936,0.0837842620795,0.20424516257,-0.588285326834,2.7066274959,0,7.10142992362,0.000116065144894,0.0631185160622
937,0.0974502903781,0.194007747146,-0.420117474232,2.70312056833,0,10.2217757395,0.0112941997589,0.058035386402
938,0.0867006553443,0.188336579661,-0.454202802838,2.70841847156,0,7.68775539729,0.000630411722601,0.0564566730236
939,0.0841197763569,0.199474059965,-0.499944310303,2.70248844351,0,7.16689469474,-3.09528625267e-05,0.0594832111384
940,0.0655504304806,0.196433040228,-0.575277875541,2.71617682569,0,4.21149082361,-0.0153111883391,0.0632630922185
941,0.0984868859529,0.18302172547,-0.437130512493,2.69944771163,0,10.5006565909,0.0111326944865,0.0595843079815
942,0.0776256284129,0.196989498732,-0.612191618649,2.70939289584,0,5.98570338561,-0.00663755950823,0.0605476408198
943,0.0748018529412,0.206514482205,-0.604852085582,2.70921527174,0,5.52501410313,-0.008377776294,0.063461699543
944,0.0923867343151,0.188308034108,-0.482370751922,2.69947319273,0,8.95037366957,0.00645041417285,0.058992802542
945,0.0814109747662,0.189411444678,-0.474826682531,2.70217830294,0,6.65255785634,-0.00451835110407,0.0637576058187
946,0.0891271846536,0.197145713023,-0.52041677111,2.70567611265,0,8.20649476636,0.00497843209784,0.0648892713215
947,0.0812192703994,0.210825528127,-0.655891978156,2.71340663628,0,6.61736277619,-0.00156040166924,0.069089816626
948,0.0712566944853,0.196467294155,-0.548992476897,2.70552536184,0,4.98788145978,-0.0115615923908,0.0634008584855
949,0.0843584594014,0.185751399295,-0.485069765853,2.69615184482,0,7.21377529801,-0.00167670423214,0.0581332719751
950,0.0865707849668,0.198838329787,-0.504475571507,2.70623846819,0,7.66079940665,0.00312318475079,0.0664884124196
951,0.0840499276256,0.192308825302,-0.548344075119,2.7055902133,0,7.1532241859,-0.000953643106002,0.0603932781339
952,0.0787330653179,0.196304183537,-0.588008422888,2.7006768287,0,6.17478383391,-0.00593291934073,0.0563220444191
953,0.0964844652494,0.194075618203,-0.457261163564,2.70651915613,0,9.96779489328,0.0106575349191,0.0584442904493
954,0.0915547336843,0.194639776434,-0.516302679031,2.72383657619,0,8.75518551648,0.00560526957238,0.070866175582
955,0.098577459047,0.194736553545,-0.525929920137,2.70428648672,0,10.5253380525,0.0112183846811,0.0595517262328
956,0.076163475496,0.191738795708,-0.476146453146,2.70068576265,0,5.74338712139,-0.00806060594547,0.0613874521062
957,0.113981862755,0.195965806362,-0.52486169046,2.70652421654,0,15.5537080445,0.026815031405,0.0592578599821
958,0.100505745312,0.198163439811,-0.611797173796,2.7099537547,0,11.0630493742,0.0155335685306,0.0648494664739
959,0.0602259399987,0.203605726007,-0.615230676881,2.7056869249,0,3.57502884083,-0.0222641551662,0.0630753006915
960,0.10130243409,0.194402310216,-0.586087190436,2.70713230204,0,11.2921809163,0.0149594254936,0.0616107376043
961,0.0899479161376,0.188934381918,-0.495925017334,2.71152472192,0,8.38859458582,0.00417687765389,0.0614379263604
962,0.0898748047194,0.187480342436,-0.496448327592,2.70521396772,0,8.37223349933,0.00266624457826,0.0601687564264
963,0.063603123152,0.198850430908,-0.555730059133,2.7056127214,0,3.96942752511,-0.0203708824265,0.0588584830101
964,0.0763180609884,0.186931283356,-0.511028941115,2.71163711893,0,5.76861872381,-0.00954989700127,0.0607574710735
965,0.0959477306083,0.19633609196,-0.546020851288,2.70674792687,0,9.82904986107,0.0097404041935,0.0663145614198
966,0.0967434196857,0.182560683587,-0.521096114228,2.70415679367,0,10.0353439185,0.00998396104351,0.0620953880105
967,0.0951546366754,0.192226518993,-0.474475774332,2.71029743515,0,9.62712137191,0.00864393235532,0.0595648963367
968,0.0815635269666,0.202333389121,-0.54105381593,2.72420017852,0,6.68067664329,-0.00340179776655,0.0672194456514
969,0.0800169361439,0.189974262543,-0.539762283456,2.7009845889,0,6.40014921145,-0.00457438389181,0.0608167684172
970,0.104725745694,0.202411473135,-0.586605627773,2.71630277223,0,12.3252563322,0.0195836924479,0.0624593995299
971,0.0992058623461,0.185879250952,-0.485270595968,2.69560647041,0,10.6979879103,0.0116503442891,0.0559410856353
972,0.107502007797,0.193251227009,-0.497523096308,2.7066126946,0,13.2238866367,0.0201389049659,0.0616677182927
973,0.0589250004866,0.205744315188,-0.66821424079,2.7150039514,0,3.43128095043,-0.0227529796358,0.0608241043817
974,0.0629990763445,0.199887461505,-0.523430095961,2.70147881444,0,3.8965634632,-0.0202915512163,0.0620457360591
975,0.0886691119317,0.196006791597,-0.5002238183,2.7178845539,0,8.10634160092,0.00401740337389,0.0562641095433
976,0.100308567166,0.207675807951,-0.624001803284,2.71894094276,0,11.0069772025,0.0168412726854,0.067394224657
977,0.102049032605,0.200724487482,-0.590149625385,2.7125671623,0,11.5107005551,0.0167389778199,0.0596283352547
978,0.0943175542985,0.189058986126,-0.457006295269,2.70912910782,0,9.41792193166,0.00828375304219,0.0623176424541
979,0.0931224875278,0.197041913875,-0.593190383935,2.7008686379,0,9.12610622724,0.00814962122147,0.060244617921
980,0.0666348482624,0.194302927034,-0.560465032652,2.71428443767,0,4.35116488109,-0.0176106454396,0.0631549639032
981,0.0804936879495,0.187251623151,-0.505027437104,2.70056078755,0,6.4855568737,-0.00558161012325,0.0592220988291
982,0.0937240029996,0.189266988341,-0.566868293022,2.70116617139,0,9.27198999122,0.00761538693167,0.0593128288484
983,0.0665086465534,0.199404745223,-0.641756787464,2.71376601115,0,4.33472677409,-0.0167819743093,0.0633761674149
984,0.0869373039435,0.202574600615,-0.597487472256,2.70797815664,0,7.73708192165,0.00241285342804,0.0590166154644
985,0.0575652380266,0.199031278796,-0.4988851361,2.72032835497,0,3.28567883048,-0.0247270105109,0.0615409010752
986,0.0652107214014,0.202111586372,-0.630834547327,2.70443306561,0,4.16846180066,-0.0176634112855,0.065585360814
987,0.0785980603669,0.205071621481,-0.510858051113,2.70651736139,0,6.15147280496,-0.00508767545862,0.0599067140285
988,0.106857180713,0.190017327787,-0.52032592429,2.69412789191,0,13.0101123222,0.0189032337636,0.0591280047761
989,0.0765239336333,0.194834455662,-0.51105410674,2.71800479935,0,5.80236245131,-0.00749024790957,0.0634412822552
990,0.0647413942476,0.190668606745,-0.555843869344,2.70730694899,0,4.10957641301,-0.0190815463304,0.0618288490048
991,0.102777004467,0.193536547354,-0.451487190143,2.70262859932,0,11.7273621014,0.016034281195,0.0640475857212
992,0.0788032912925,0.205064471669,-0.561598141807,2.72107876596,0,6.18693847915,-0.00310253888243,0.0627586188703
993,0.104550908092,0.192918956417,-0.505503521333,2.70632130424,0,12.2705303982,0.0176464734716,0.0588826982591
994,0.0859747326682,0.1931584345,-0.573937690961,2.70920951506,0,7.53811050964,0.000945490486014,0.0623784482994
995,0.0939805910587,0.202672383841,-0.67083469646,2.70349083378,0,9.33483252138,0.00989233645703,0.0638561866586
996,0.0696172099117,0.192651830472,-0.560863446131,2.71199458548,0,4.75410713723,-0.0141403902512,0.0585855458146
997,0.0993788812445,0.19757028859,-0.558732396676,2.71426814425,0,10.7459586775,0.0127211253822,0.0584920318785
998,0.0977469171515,0.203513648207,-0.582539302114,2.70082544787,0,10.3009075981,0.0122285455338,0.060403622753
999,0.0840732482908,0.201897611495,-0.601346757335,2.70424424857,0,7.15778596279,-0.00051503933177,0.0601571576437
1000,0.0762570850333,0.189806037437,-0.5318658102,2.71094289267,0,5.75865534335,-0.0079203998181,0.0627834940119
1001,0.089555613233,0.197056635863,-0.603189371623,2.71486350589,0,8.30112445684,0.00384521912096,0.0596517389874
1002,0.103231774902,0.200004973971,-0.552298689239,2.70904667533,0,11.8645385604,0.0166817580949,0.0584464679876
1003,0.0883551362612,0.195104852686,-0.520968220189,2.70923115506,0,8.03829987797,0.00321237941906,0.0604325946121
1004,0.087500585104,0.196847847985,-0.554794102779,2.71375075211,0,7.8555767377,0.0024157852059,0.0590548777029
1005,0.077364407087,0.194087727571,-0.558009013468,2.70519024729,0,5.9418067109,-0.00799871510242,0.0571745931346
1006,0.0881042522528,0.193681896406,-0.528125267966,2.71824052745,0,7.98428239502,0.00289981761549,0.0561183310736
1007,0.0741375117144,0.201716693517,-0.578712509593,2.70863622874,0,5.42095300239,-0.00829242072306,0.0573817033337
1008,0.084212498474,0.211206136548,-0.595670311069,2.70497996429,0,7.18507594056,0.000548287976226,0.0613238375776
1009,0.0920860997671,0.198506882969,-0.573042712806,2.70848384254,0,8.87941512652,0.00672778460241,0.0603743962698
1010,0.106443548214,0.198306505385,-0.541676823683,2.70248370434,0,12.8746141564,0.0202649244892,0.0619895064422
1011,0.0910284099145,0.179685398042,-0.421120888555,2.70804437191,0,8.63361628007,0.00333468606848,0.0588325823852
1012,0.0897388835325,0.210845779712,-0.574223963324,2.71526970232,0,8.34188949133,0.00667490568081,0.0638403188965
1013,0.0815057059034,0.188741802027,-0.55574226295,2.70536812283,0,6.67000725489,-0.0039331099248,0.0568845726015
1014,0.0753423623164,0.192718359771,-0.548834015643,2.70562358071,0,5.6108729566,-0.0094135758929,0.0573720731634
1015,0.0924285388658,0.196992974425,-0.603689262637,2.71564279456,0,8.96027949162,0.00832055856172,0.0637665503143
1016,0.0875652613062,0.193095177684,-0.489902917176,2.70407784396,0,7.86928085233,0.00223609987142,0.0573456010635
1017,0.0947797352174,0.199537465511,-0.649648295519,2.70162644357,0,9.53293324439,0.00969966776114,0.0611837802785
1018,0.0948236205226,0.186860885985,-0.503760128127,2.70252576274,0,9.54391711883,0.0069751309251,0.0602200743055
1019,0.0773078298491,0.201003596383,-0.583402524378,2.71269665042,0,5.93233425102,-0.00662702908332,0.060693261544
1020,0.0894141908364,0.187503589811,-0.502360425037,2.71743212372,0,8.26978467654,0.00342273097499,0.0561282969982
1021,0.105523386377,0.199819480436,-0.659004803822,2.70165150989,0,12.5776912448,0.0194523481538,0.0648585035367
1022,0.087492233652,0.193343236574,-0.518255542831,2.71510199025,0,7.85380864975,0.00211141628332,0.0604031763174
1023,0.0886741011961,0.195773113406,-0.512517296851,2.71366966843,0,8.10742679058,0.00343185875871,0.0601500742619
1024,0.072498961605,0.191298874763,-0.476313605255,2.71285574341,0,5.17107039774,-0.0121669346577,0.0588856703568
1025,0.0727069913663,0.200186563566,-0.540357098099,2.70920796236,0,5.20226925637,-0.0103050549736,0.0619036713185
1026,0.101337980841,0.188124638238,-0.475218225371,2.70665155926,0,11.3025012494,0.0141584493222,0.0612231742666
1027,0.0902889182039,0.190669084153,-0.474667714415,2.70192131843,0,8.4652684779,0.00491401529443,0.0617539198632
1028,0.0831406538768,0.18768527675,-0.462005712552,2.70106749483,0,6.97726012896,-0.00284351343952,0.0616806307951
1029,0.0673111073014,0.193730021793,-0.550478435157,2.71704433845,0,4.44008247727,-0.0164164258224,0.0607553316315
1030,0.09117413421,0.190219300744,-0.46877287069,2.70136364666,0,8.66712877478,0.00501439658315,0.0598997908263
1031,0.070253682697,0.19811861966,-0.546605178442,2.70920904166,0,4.84380032809,-0.0127576697418,0.0647639051552
1032,0.085096714079,0.19786355831,-0.583560764399,2.70698323069,0,7.36042221369,0.000625653876726,0.0562492974473
1033,0.0750865683554,0.19244167321,-0.545767867323,2.70641131761,0,5.57010605621,-0.0115935602067,0.0581310177704
1034,0.0938836306784,0.202199023007,-0.531174322174,2.70588949066,0,9.31104203892,0.00845781520697,0.0636765325266
1035,0.0742334026589,0.193263056554,-0.513503313535,2.70340719493,0,5.43587400999,-0.0106155400153,0.0613003181134
1036,0.0719624423112,0.202934034183,-0.598389558758,2.7202254246,0,5.09130184692,-0.0109921468079,0.0646462953451
1037,0.110775497699,0.198881993639,-0.551280428642,2.71548210048,0,14.358401973,0.0245477694816,0.0557489113102
1038,0.0742872913149,0.211021353718,-0.633130820939,2.7161698925,0,5.4442739235,-0.00823267232542,0.0585847393586
1039,0.0975777825297,0.189182963725,-0.49814593827,2.72055146625,0,10.2557216304,0.0111136466151,0.0614732506894
1040,0.103745409057,0.198187469019,-0.591400317943,2.71189793743,0,12.0211801928,0.0170351160409,0.0604427366791
1041,0.0790509909305,0.198700785792,-0.532083102182,2.71445282527,0,6.22996837313,-0.00474341195927,0.0628262345497
1042,0.0760610306251,0.193615845139,-0.523301574893,2.7092056051,0,5.72671581805,-0.00822390965311,0.0636879400997
1043,0.102608478525,0.19388358131,-0.557030401855,2.70636974671,0,11.6768861813,0.0167539608902,0.0612554894768
1044,0.0820362524423,0.197211341907,-0.508233995157,2.71331499047,0,6.76844285633,-0.00195017578049,0.057441972507
1045,0.0799496552509,0.198075495883,-0.479925741079,2.69400074389,0,6.38817189005,-0.00425056155843,0.0582450304096
1046,0.0847745111058,0.188440183544,-0.511293079224,2.70961487448,0,7.29611283635,-0.000921846398939,0.0618457261768
1047,0.0754001311277,0.189259915137,-0.521782497696,2.70583871547,0,5.62011341211,-0.00923934285488,0.0564861128357
1048,0.0748800381138,0.201768033432,-0.573420088752,2.71694646325,0,5.53736699487,-0.00851167177386,0.0595925048083
1049,0.108653013965,0.191776979296,-0.505760430224,2.71154643243,0,13.6132903701,0.0211735411625,0.0615066701351
1050,0.0742003330931,0.200287490109,-0.573068197775,2.70637384807,0,5.43072449332,-0.0109015458497,0.0653716696099
1051,0.0834251827431,0.189429182679,-0.461734089133,2.70022056411,0,7.03192624655,-0.0032539498223,0.0581004871016
1052,0.0709378559927,0.199603528757,-0.610623125716,2.71310766075,0,4.94171446354,-0.0119489881484,0.0646792601044
1053,0.0692158569923,0.207613216277,-0.558891783113,2.71375071502,0,4.69822970736,-0.0124604817608,0.0627456106596
1054,0.100858617208,0.199027765449,-0.53643958744,2.7152842531,0,11.1640257612,0.0145368922816,0.0580489217694
1055,0.078020134154,0.19492632786,-0.566292177946,2.71224143525,0,6.05250401087,-0.00515214740808,0.0587546696752
1056,0.0920106743013,0.192792870348,-0.492502036739,2.7049033447,0,8.86168900756,0.00562233942099,0.0589069446005
1057,0.106411030368,0.191965957237,-0.483453913353,2.70081323107,0,12.8640155178,0.0197188355579,0.0656021972177
1058,0.0931400488194,0.189004702373,-0.422404126176,2.70377791665,0,9.13033693998,0.00724892622791,0.0622484132258
1059,0.100397446961,0.186158871336,-0.42248607146,2.70342701431,0,11.0322211373,0.0126760853348,0.0576878245879
1060,0.0808602115777,0.192992789169,-0.530948869135,2.71289463846,0,6.55186133859,-0.00363344236523,0.0608739520736
1061,0.0952757334884,0.208425185702,-0.554003559483,2.72534261822,0,9.65771771676,0.0106939209128,0.057367640944
1062,0.0672294628797,0.191711485906,-0.50401603053,2.70633489548,0,4.42927257047,-0.0175185882309,0.0550002580303
1063,0.0862573746523,0.192814958726,-0.558078451895,2.70834410241,0,7.59607854183,0.000546433229401,0.0576245618116
1064,0.0820206633589,0.207093200261,-0.577404097685,2.70942088104,0,6.76553327338,-0.00220273069025,0.0554088021135
1065,0.0563598348732,0.205335101262,-0.598726704434,2.70961670264,0,3.16046120891,-0.0265567929994,0.0592818782984
1066,0.0771445007269,0.195703828785,-0.531998408618,2.71164423048,0,5.90505850371,-0.00695144585685,0.0573189653127
1067,0.0983853723889,0.196921074589,-0.513999862145,2.71388153033,0,10.4730542176,0.0123822348248,0.0569194638292
1068,0.100712836413,0.201744954434,-0.556433547424,2.70929441956,0,11.1222115847,0.0152631351865,0.0580848272844
1069,0.0801659865049,0.186755532971,-0.446324258127,2.69987294066,0,6.42674963652,-0.00549019358088,0.0620905700078
1070,0.0931482743388,0.19718709478,-0.526635484408,2.70757833981,0,9.13231914458,0.00837185137768,0.0618115585233
1071,0.0917032708609,0.191454024001,-0.548661416884,2.70935118518,0,8.78976036903,0.00667233278723,0.0557096538607
1072,0.0746557730912,0.205617201505,-0.607620147558,2.71624662609,0,5.50199428537,-0.00846976400429,0.0618661246787
1073,0.0788768100675,0.207333133241,-0.596110199855,2.70741699905,0,6.19968425159,-0.004759405314,0.0571895842909
1074,0.0958364152115,0.202769394542,-0.6353724738,2.71161215462,0,9.80048707014,0.0106679387547,0.0589699119576
1075,0.100876857621,0.198882327803,-0.626661198352,2.71158481694,0,11.1692673944,0.0147230225808,0.0656517908715
1076,0.0846332797482,0.186427145088,-0.45415306044,2.71281347575,0,7.26807426604,-0.00110655563024,0.0615329163071
1077,0.100098665221,0.188885505722,-0.481242885345,2.70691855419,0,10.9475621416,0.0125334167561,0.056730953852
1078,0.0865495934373,0.206450357261,-0.612714729398,2.71373812136,0,7.65640851627,0.00296868792251,0.06152721391
1079,0.0931770709542,0.195920509174,-0.616035812187,2.71111815748,0,9.13926155793,0.00759859265165,0.0635796619913
1080,0.0792770195465,0.19042037096,-0.4919838169,2.70355316323,0,6.26944969572,-0.00578127846302,0.0588343260708
1081,0.0753109519901,0.18366427318,-0.526591628702,2.71697127562,0,5.60585389937,-0.0099897546759,0.0607246870785
1082,0.091269295686,0.198922435062,-0.644338071851,2.70984180282,0,8.6890737128,0.00584735548341,0.0624732967877
1083,0.105917014345,0.184782396746,-0.488742475089,2.71153420145,0,12.7039537435,0.0166681001393,0.0606414835834
1084,0.0697867078771,0.199517308362,-0.559197902614,2.70865390514,0,4.77786300021,-0.0118125299688,0.0697975186078
1085,0.0730745573741,0.201188112094,-0.555413532709,2.71732975874,0,5.25776535194,-0.0103040972146,0.0667993946904
1086,0.101668097207,0.189204368999,-0.501718622487,2.71020839972,0,11.3987431547,0.014688316828,0.0594649618412
1087,0.0908335896393,0.187905408877,-0.485904872342,2.7025231834,0,8.58898755054,0.00382606052938,0.0568872719294
1088,0.0835356817882,0.190533243473,-0.48533849315,2.69964300658,0,7.05325322487,-0.00200307269969,0.0595873375528
1089,0.0665118217614,0.205320174863,-0.588710574637,2.71680329411,0,4.33513975727,-0.0152017679105,0.060945663617
1090,0.0943181140848,0.196150672893,-0.576090692109,2.70504424202,0,9.4180604984,0.00969478873549,0.0591800428494
1091,0.0779727758438,0.209600559468,-0.592820154914,2.71061049934,0,6.04445262947,-0.00590135662749,0.0631667435309
1092,0.0795204737506,0.189288549382,-0.524280135639,2.69957871104,0,6.31220669359,-0.0051594306278,0.0545088580765
1093,0.076550165379,0.188322350006,-0.530400239113,2.71725614597,0,5.80667358788,-0.00800933678539,0.0631914275031
1094,0.0721445756616,0.192851416954,-0.561239304838,2.70402281169,0,5.11826923805,-0.0109943095994,0.0643064442279
1095,0.104490327969,0.197693996607,-0.539288638556,2.70077900699,0,12.2516186717,0.0178057975303,0.0607746718429
1096,0.0786584216164,0.197540880171,-0.561995933554,2.70595358418,0,6.16188624309,-0.00636262327578,0.0589285277669
1097,0.0679930259277,0.194417286372,-0.526830964777,2.71646551282,0,4.53118192424,-0.0145644507893,0.0644911135011
1098,0.111930937881,0.189301024767,-0.497309084101,2.71662268038,0,14.7792458062,0.0253474981543,0.0590890144257
1099,0.0783350864307,0.197313860476,-0.516929254606,2.71013259534,0,6.10627454686,-0.00661787281526,0.0573780172137
1100,0.0954593176419,0.191071599912,-0.480664061431,2.70901917674,0,9.70426371995,0.00908058562065,0.0606811128322
1101,0.0906106171579,0.18672919015,-0.494119062914,2.69684513456,0,8.53815376924,0.00381285180305,0.0529877183461
1102,0.0787557902698,0.184560806569,-0.46187123708,2.71842974577,0,6.17871488228,-0.00705537747211,0.0593284201628
1103,0.0622724296914,0.205906046069,-0.624996443569,2.70673144049,0,3.8102713142,-0.0197840405248,0.065227944274
1104,0.096249733517,0.190879629239,-0.471937646997,2.70168973555,0,9.90690810408,0.00959662702188,0.056415594776
1105,0.0929045309449,0.193217768834,-0.564698918784,2.71167000836,0,9.07373922015,0.00681407297881,0.0616444427223
1106,0.0785404950051,0.197479178573,-0.512894682035,2.71541730168,0,6.14155527348,-0.00537801929374,0.0673326599543
1107,0.0966800744497,0.187857546129,-0.479644353427,2.71303166886,0,10.0187832649,0.0100634151922,0.0587298876945
1108,0.074248405045,0.203520113602,-0.544980636913,2.70347301647,0,5.4382114542,-0.0107188708127,0.0601091747262
1109,0.0869953111079,0.192992632833,-0.449622541226,2.71589120681,0,7.7492138412,0.00119844712744,0.0589887031038
1110,0.0878212826766,0.185107732273,-0.467704263926,2.70709654195,0,7.92372911938,0.00101828728542,0.0591633192755
1111,0.0799213562291,0.202500960578,-0.552909258716,2.71253882439,0,6.38313967881,-0.00413591891552,0.060940805974
1112,0.0575726135706,0.196202194121,-0.648845629588,2.7171302644,0,3.28645604444,-0.0250177850458,0.059976302514
1113,0.0821262792325,0.19189986054,-0.546333818544,2.70824179972,0,6.78526618414,-0.00306796157335,0.059582859922
1114,0.0811751165124,0.192627938491,-0.499568587503,2.71402726787,0,6.60927862683,-0.00278848318772,0.063170139839
1115,0.0799838268878,0.199322256095,-0.586403478014,2.71753614523,0,6.39425278176,-0.00430142854606,0.064658984177
1116,0.0796965345595,0.203092356752,-0.616261354851,2.72157574375,0,6.34327818902,-0.00429358497447,0.0622571538722
1117,0.0826063324894,0.197624528816,-0.521596473468,2.70278679905,0,6.87556694927,-0.00227248639626,0.0612966547214
1118,0.0787505768492,0.204802703582,-0.572608192977,2.71290661492,0,6.177812862,-0.00410735720673,0.0596150283244
1119,0.108212281171,0.197047075614,-0.555117562536,2.71484108237,0,13.4629875173,0.0199930948975,0.0546873026159
1120,0.0885618294101,0.185578924605,-0.524355254913,2.70077219252,0,8.08303717987,0.00203014122558,0.0577293792664
1121,0.0893109426828,0.194455600274,-0.489316072592,2.69553777508,0,8.24696861473,0.00383478560779,0.0629008737643
1122,0.0925871606704,0.198676546696,-0.597405286598,2.71956305903,0,8.99795213388,0.00865292976144,0.0581485345464
1123,0.0933957788668,0.209225533234,-0.586629120323,2.70931684629,0,9.19213810138,0.00874856213748,0.0626679046415
1124,0.106350728713,0.195158117221,-0.544924500532,2.71064325371,0,12.844381819,0.0194887518219,0.0583289527469
1125,0.0715878283882,0.202128513459,-0.586921807353,2.71246236364,0,5.03619385332,-0.0109149275442,0.0595137895369
1126,0.0791659411429,0.205169545743,-0.617587504499,2.71481573811,0,6.25002135091,-0.00524981363777,0.0640950657897
1127,0.0749502827314,0.204961358311,-0.634172961127,2.70809288421,0,5.54848449044,-0.00905326568353,0.0592678765159
1128,0.0956743543256,0.186790184982,-0.547063573799,2.71158066026,0,9.75903279143,0.00915329408011,0.0583562715309
1129,0.109134815432,0.1983034569,-0.556237462852,2.70452302342,0,13.7793170323,0.02229416658,0.0604923804552
1130,0.0816888483648,0.193267005927,-0.502393395401,2.70830844736,0,6.70385048734,-0.00263866511161,0.0586951493238
1131,0.0699075771569,0.193574152581,-0.584175562446,2.714582194,0,4.79486091712,-0.0143828808384,0.0576469882875
1132,0.0809501914244,0.189655979733,-0.474588513402,2.70265864468,0,6.56822490482,-0.00372775131268,0.0674424118957
1133,0.0704345383719,0.199050034854,-0.588070632961,2.70083714637,0,4.86953121008,-0.0132975558661,0.0569658877099
1134,0.0873914205248,0.199779754636,-0.587278413758,2.70425925081,0,7.83249223949,0.00356095321741,0.0632927754575
1135,0.0586586754884,0.204065885982,-0.634318016266,2.71138667905,0,3.40239361955,-0.0224635427893,0.0641849747876
1136,0.0873436213632,0.203092734396,-0.56569891104,2.72273461446,0,7.82240260978,0.0032868632884,0.0586216518245
1137,0.0930672067692,0.196054443376,-0.534155600157,2.70257122019,0,9.11279955894,0.00758468983714,0.0630417901562
1138,0.0649151699965,0.191551096254,-0.573438943161,2.70736782372,0,4.1313040479,-0.0201985141743,0.0592626132071
1139,0.0616778912872,0.195625212595,-0.582555341789,2.70974741542,0,3.74075699924,-0.0232512263183,0.0522740255011
1140,0.08557290381,0.193496666155,-0.572246504844,2.7152265335,0,7.45634467467,-0.000421265396337,0.0569215659726
1141,0.0921317984831,0.192604276447,-0.503970117082,2.6984362634,0,8.8901699122,0.0055200084499,0.0569858101651
1142,0.0704746092722,0.198070998502,-0.637425688479,2.71217882075,0,4.8752469421,-0.0131137474276,0.061740519876
1143,0.0893174118693,0.192985276158,-0.55063129387,2.71210275925,0,8.2483966063,0.00441065555903,0.0646027305443
1144,0.0607057001536,0.197764474024,-0.541172034084,2.70289921019,0,3.62916337422,-0.0227044986009,0.0571772793681
1145,0.0919103412277,0.195524899194,-0.586261388278,2.70889114583,0,8.83815661854,0.00594148452863,0.061180558829
1146,0.09260910854,0.182480359207,-0.495208134466,2.71050026034,0,9.00317552572,0.0058295095593,0.0579502158618
1147,0.0822291425443,0.200023724231,-0.521538133754,2.70570700746,0,6.80453115625,-0.00169587203029,0.0571249504717
1148,0.0922171316079,0.191088246029,-0.512511835354,2.7044998284,0,8.91028244715,0.00506101619768,0.0563237951752
1149,0.0868007495518,0.191174117666,-0.582825592318,2.70507012602,0,7.7085860534,8.14246434062e-05,0.0569259870079
1150,0.105158071568,0.180455100454,-0.504448823807,2.70788988662,0,12.4615120013,0.0170842438033,0.060733955067
1151,0.0739437334125,0.191408723937,-0.504212223246,2.71738106436,0,5.39090179895,-0.010540546481,0.0612010906241
1152,0.0644846509281,0.191268816535,-0.519141077736,2.70769297622,0,4.07763695244,-0.0196824593082,0.0581228573556
1153,0.0887079544051,0.193252735784,-0.524798155654,2.70436025318,0,8.11479331582,0.00289719436434,0.0616380885131
1154,0.0797772922544,0.209289000874,-0.621845577043,2.72434235842,0,6.35757287186,-0.0035471786025,0.0598870118118
1155,0.0834117774888,0.19243698566,-0.599255801519,2.70628164993,0,7.02934264888,-0.00144947351933,0.0579771665951
1156,0.0854573088259,0.190722416255,-0.476537716121,2.71003875144,0,7.43296271544,-0.000162379536546,0.0606055565382
1157,0.0678993566792,0.190820026865,-0.507510472221,2.70411963982,0,4.51858203593,-0.0164151707289,0.0628159443671
1158,0.0670548985308,0.194994795626,-0.58385438294,2.71922676066,0,4.40622910175,-0.0177643172511,0.0572393955191
1159,0.115623137649,0.191080750315,-0.503338501509,2.70283406938,0,16.1996805556,0.0282126793376,0.0599919074628
1160,0.0855078079646,0.192863343614,-0.536476249032,2.70712371138,0,7.44316976474,0.000251857580761,0.056486273152
1161,0.0972749411497,0.188145424933,-0.502132439924,2.71511210779,0,10.1752482514,0.010690540503,0.0630648423096
1162,0.0777092096128,0.194492351437,-0.5167865062,2.7112105119,0,5.99980497862,-0.00696190643696,0.0572376812897
1163,0.0954132087554,0.192410765397,-0.428393268229,2.72091364473,0,9.69255490611,0.00772306211636,0.0603997083274
1164,0.0797467398327,0.192574269421,-0.522143156828,2.71857558733,0,6.35216173361,-0.00508117582979,0.0666886071274
1165,0.0784312745555,0.199316489473,-0.529169681069,2.70222931181,0,6.12277478685,-0.00574353284972,0.0584640567618
1166,0.0914529752645,0.196039411034,-0.445230875804,2.70628458942,0,8.73156711189,0.00655482920699,0.0651659322243
1167,0.0873806218097,0.189676417239,-0.52054553879,2.70960267004,0,7.83021183576,0.00170065977599,0.0629765074721
1168,0.0980939384971,0.19140190894,-0.513957241791,2.70968396886,0,10.3941644319,0.0106086462488,0.0564272078947
1169,0.104115449677,0.190467371646,-0.53124232109,2.70490604131,0,12.1351653319,0.0172525530853,0.056212831163
1170,0.0726707247561,0.198946469493,-0.593499918715,2.72357878766,0,5.19681934866,-0.0107313011674,0.062320768208
1171,0.0697048664566,0.201436071472,-0.507281509613,2.7076260328,0,4.76638082579,-0.0130648810085,0.060657559391
1172,0.0780876650858,0.191144936287,-0.5552421342,2.71316612141,0,6.06400024375,-0.00659823280584,0.0605189938175
1173,0.0763785409788,0.188413564646,-0.528796770637,2.71407776192,0,5.77851501447,-0.00784280656543,0.0614446258197
1174,0.0678152260707,0.203298296518,-0.65030715254,2.71499794597,0,4.5072887642,-0.0159707231216,0.0627253585648
1175,0.0785894134189,0.202569567344,-0.548717580951,2.72098916708,0,6.14998223833,-0.00586744735512,0.055602795046
1176,0.0654499285568,0.193487146894,-0.58585640202,2.71084991487,0,4.19872506628,-0.0183394440322,0.059254225569
1177,0.0707595357805,0.203475839453,-0.578969505663,2.7116834822,0,4.91604359365,-0.012221714713,0.0632659328182
1178,0.0899243215376,0.188689523863,-0.540229906407,2.71270185375,0,8.3833115184,0.0045314706029,0.0591640301553
1179,0.110364752004,0.199633103728,-0.564969117855,2.71161273969,0,14.2114136859,0.0227777358247,0.0575670439899
1180,0.0919248368031,0.187142659619,-0.522003092732,2.70907336894,0,8.84155310977,0.0052743657415,0.0581043606293
1181,0.0766413149087,0.201274224552,-0.604424336634,2.71719139312,0,5.82167427068,-0.00854626871953,0.0561556359447
1182,0.0859454619028,0.194904841802,-0.560177668796,2.72124777823,0,7.53212879047,0.000970816522728,0.0648202808983
1183,0.100378772252,0.195061299588,-0.53848961964,2.70057859817,0,11.0269128532,0.0149533831039,0.0589894762523
1184,0.0965651236846,0.195205426653,-0.531004634553,2.70203353274,0,9.98879213534,0.0116867087408,0.0643255314026
1185,0.0891291143743,0.205342721876,-0.63090019315,2.70774903827,0,8.20691891296,0.00638948966397,0.0583527570268
1186,0.0957864063235,0.197757298367,-0.626895972882,2.70952942867,0,9.78767871707,0.0105991734578,0.0646022280356
1187,0.0896061714801,0.198615039602,-0.53617512324,2.72024423897,0,8.31235307241,0.00511105540378,0.0600875642691
1188,0.11770233624,0.183644417613,-0.490091894764,2.69668218957,0,17.0528710962,0.028570536838,0.0625553705878
1189,0.0785563948456,0.196669152542,-0.626155459065,2.72059766218,0,6.14429322253,-0.00649166971799,0.0544486982486
1190,0.076680966568,0.198913661867,-0.523066833692,2.71276711113,0,5.82820975043,-0.00750131057988,0.0619040847054
1191,0.0644287535156,0.204477100098,-0.507286425662,2.71029853013,0,4.07070867766,-0.0176327304247,0.0631394487193
1192,0.0880235298092,0.197177007874,-0.553846505268,2.71189704913,0,7.96696826411,0.00301193395121,0.0647116545598
1193,0.0518915985179,0.194116587499,-0.50390050291,2.71203507178,0,2.72628203879,-0.0315733206769,0.064766739492
1194,0.0997683822249,0.194779288849,-0.554709224486,2.70124896698,0,10.8546438958,0.0138509398531,0.0603159351072
1195,0.078087908664,0.186426933431,-0.546659462345,2.70332931513,0,6.06404174225,-0.00743950027693,0.0579166359172
1196,0.0975301465984,0.193216057388,-0.510163969856,2.71981760349,0,10.2430266129,0.0114310315639,0.0547599528432
1197,0.0876839169016,0.185913030535,-0.503099194465,2.69860028433,0,7.89447559588,0.00101332795615,0.0570159956932
1198,0.082656718112,0.192595794595,-0.518700886044,2.70462217168,0,6.88510296148,-0.00280118612696,0.05898733594
1199,0.0846340204374,0.195184768227,-0.564988498393,2.71046570728,0,7.26822107662,0.000141176114355,0.0619942600316
1200,0.117615698181,0.193501254872,-0.450654561717,2.70437264919,0,17.0165211074,0.0292334287571,0.0637159859615
1201,0.11597888436,0.199746969132,-0.542882689172,2.71104123883,0,16.3428571797,0.0279520963233,0.0558127030451
1202,0.0809728855391,0.193463314677,-0.576657403905,2.71246229544,0,6.57235739462,-0.00338986911322,0.0589773584876
1203,0.0776325584057,0.20350994701,-0.5673814644,2.71919363456,0,5.98687155585,-0.00577643970525,0.0662510777585
1204,0.088697681725,0.207466500802,-0.61708086695,2.71540994357,0,8.11255735505,0.00529719347513,0.0576468896688
1205,0.0957495769419,0.19083057598,-0.544643679813,2.70196710869,0,9.77825525955,0.00899081900472,0.0576401260577
1206,0.0727463199531,0.201949121222,-0.499949662335,2.71763597138,0,5.20818450651,-0.00944549173435,0.0670446706337
1207,0.0969781026412,0.202611824028,-0.662350790824,2.71470877834,0,10.0969070544,0.0117823426134,0.070332304091
1208,0.0983337347815,0.196246916912,-0.514388832571,2.7055676325,0,10.4590379809,0.0127664619891,0.0602940531311
1209,0.0827403337044,0.200890068914,-0.557692445847,2.722392532,0,6.9009526023,-0.00138866778336,0.0626776630418
1210,0.0931257926237,0.196432161729,-0.51609668776,2.70769577942,0,9.12690233223,0.00700618352409,0.0578785141019
1211,0.0973405640017,0.185238532967,-0.482003457741,2.70212721036,0,10.1926389788,0.00937146944514,0.0581174055781
1212,0.0886357998906,0.190849951339,-0.540285540242,2.70447542947,0,8.09909925304,0.00380145136829,0.0623528689953
1213,0.0849014657296,0.1958426558,-0.495156053019,2.70587799783,0,7.32139506852,0.000652560124897,0.06009013306
1214,0.110471996523,0.186316405778,-0.466954990808,2.6987887736,0,14.2496608883,0.021537549293,0.0600911075112
1215,0.0935937678423,0.195908745276,-0.518806893843,2.70974717157,0,9.24023405097,0.00663432875815,0.0586234595623
1216,0.103289158522,0.209660824278,-0.590436657217,2.70477252992,0,11.8819483697,0.0172270226763,0.0604985152913
1217,0.0885310445509,0.201528385555,-0.582191680672,2.70524316505,0,8.07636054157,0.00422378990769,0.0624604361832
1218,0.0966253977109,0.193221114099,-0.58338282312,2.71761167828,0,10.0045080762,0.0105320879491,0.0618607235055
1219,0.0903804468633,0.203275528499,-0.588204810639,2.71000135657,0,8.48595085623,0.00619351184903,0.0617245835369
1220,0.0955827671067,0.192276421133,-0.500129340927,2.70632251303,0,9.73567299367,0.00982204034189,0.0635755412152
1221,0.09217132324,0.184076046119,-0.51164822477,2.69174987132,0,8.89948078968,0.00510279730173,0.0568127370312
1222,0.0953693793519,0.192405792979,-0.47200266797,2.7045388466,0,9.68143635796,0.00896733276601,0.0624108879056
1223,0.0925525589565,0.192332532176,-0.496877914944,2.70993693455,0,8.98972256924,0.00661307564801,0.0574224424398
1224,0.081171625207,0.200767745788,-0.536513588994,2.70984734953,0,6.60863975467,-0.00249380101963,0.0641833506738
1225,0.0851501242456,0.194477908573,-0.542688807923,2.70644053849,0,7.37112870463,-0.00112003499039,0.0581466391094
1226,0.0657727115156,0.19698475102,-0.491782655526,2.7074717098,0,4.23983210795,-0.0189062697421,0.0598725342501
1227,0.0847422215323,0.191006793137,-0.520299133892,2.71047355516,0,7.28969435758,-0.000182174758933,0.0599925824555
1228,0.0952100347977,0.185269306471,-0.532178438495,2.71615355374,0,9.64110777691,0.00904717365186,0.0573565368243
1229,0.0883557914364,0.194255477795,-0.57830511872,2.70094297456,0,8.0384413508,0.00346827807594,0.0607850419666
1230,0.080820614759,0.183530416646,-0.524288443595,2.70962992379,0,6.54467111971,-0.00500145247478,0.0664918580622
1231,0.0805241271552,0.193890960534,-0.556109936717,2.70785265099,0,6.49104197131,-0.00385984036289,0.0572938275003
1232,0.102954354594,0.198920843444,-0.610538873714,2.70962259493,0,11.7806896667,0.0163034133554,0.0591736027036
1233,0.0644546813132,0.206891450057,-0.629471052822,2.71335580215,0,4.07392119995,-0.0177219384876,0.0584435612784
1234,0.0677763473259,0.196578859832,-0.635209897068,2.69805289187,0,4.5020773867,-0.0155094678348,0.0554321867834
1235,0.075248803351,0.198620988836,-0.542743083338,2.70796392785,0,5.59593396062,-0.00978620934162,0.0602946364604
1236,0.0894943396478,0.196685318727,-0.558704249825,2.71172894308,0,8.28753349233,0.0028964739221,0.0599504601008
1237,0.0672986579985,0.19746867479,-0.545319082613,2.69994538374,0,4.43843282511,-0.0162725139075,0.0575825633193
1238,0.0882406495976,0.191355736369,-0.486742034322,2.70535615213,0,8.01361129032,0.00164373142823,0.0549358909363
1239,0.0930440605161,0.191299692845,-0.554882434131,2.70438868694,0,9.10723300414,0.00693790221249,0.0647603754367
1240,0.0601551266796,0.205402194431,-0.600159610331,2.71893495864,0,3.56709023916,-0.0217115101828,0.0605925221396
1241,0.0840999070192,0.201726303521,-0.556261606749,2.70438095725,0,7.16300370759,-0.00153857163304,0.0577844066132
1242,0.0780915044019,0.195879350961,-0.53695441442,2.70792745642,0,6.06465437672,-0.00664527006454,0.0581237662291
1243,0.099910508015,0.190692365986,-0.524476440181,2.70780625877,0,10.8945425409,0.0130637219129,0.0582582502182
1244,0.0851077552196,0.196744866495,-0.516937674091,2.71474684709,0,7.36263441761,-0.000550716311149,0.062905594897
1245,0.0725176849686,0.20190445489,-0.583013055045,2.70545791351,0,5.17387220647,-0.0103280847659,0.0676049273331
1246,0.0961700790746,0.197652283641,-0.56759286701,2.70799455061,0,9.88632058833,0.010340721205,0.0570235941887
1247,0.0855081900729,0.191719932971,-0.501936721113,2.71846059881,0,7.44324704297,0.000919047926389,0.0661720848888
1248,0.0922674662356,0.190031326502,-0.506774786869,2.7184873039,0,8.92216446872,0.00660632876252,0.0565838120396
1249,0.103110529085,0.201791514856,-0.58086374216,2.71477780542,0,11.8278277563,0.017593674669,0.0576389699042
1250,0.0765262498954,0.190047948345,-0.499425190442,2.708529608,0,5.8027430188,-0.00872199761392,0.0562024109945
1251,0.0758027172438,0.191399730023,-0.492921247187,2.7149935462,0,5.68485510796,-0.00745370518234,0.0648945126407
1252,0.0921709936608,0.188383164323,-0.536281054767,2.71677602025,0,8.89940311562,0.0071736302272,0.0650395968299
1253,0.0834260639261,0.192342287497,-0.452462407414,2.71617864155,0,7.03209610515,-0.00261709992268,0.0609991637981
1254,0.0735889932169,0.196033256922,-0.602980889952,2.70938703769,0,5.33623860642,-0.0112977684925,0.0573008830582
1255,0.0717445076131,0.197660327048,-0.504548968294,2.70240381142,0,5.05918375005,-0.0126788557722,0.058990878782
1256,0.0908550638513,0.185498542486,-0.44180336392,2.70302538916,0,8.59389702023,0.00404585995924,0.0635057721273
1257,0.0902233777422,0.189553046296,-0.508042784427,2.70239569635,0,8.45048520032,0.0035606428105,0.0601352127588
1258,0.0907849854619,0.189016123386,-0.534504979439,2.7027300132,0,8.57788450342,0.00390337867974,0.0613950795719
1259,0.0906081007431,0.19503793757,-0.546045533162,2.7208938255,0,8.53758155256,0.00541747032732,0.0587910991759
1260,0.0960075903604,0.188989228958,-0.549998096281,2.70145015392,0,9.84443949159,0.0106988364482,0.0556671075573
1261,0.0732312383942,0.194287664421,-0.551357154335,2.71098868082,0,5.28156633389,-0.010424679502,0.0643155490173
1262,0.0903257560152,0.192804929685,-0.527867538984,2.7029644105,0,8.473587357,0.00518648850361,0.0550974660855
1263,0.0688636400193,0.190151043487,-0.520592290244,2.71422721501,0,4.64962328083,-0.0150715428354,0.0586782517412
1264,0.088232675955,0.19442682622,-0.53206125106,2.70978542032,0,8.01189422397,0.00316006104504,0.0563543884504
1265,0.0892404439782,0.191194828171,-0.518548647631,2.70958147752,0,8.23142064984,0.00342152886308,0.0566726473544
1266,0.0849684007951,0.197533302434,-0.470349447675,2.70686275698,0,7.33475458497,-0.00032089286009,0.0599114292198
1267,0.0780628584674,0.197676465011,-0.577697621803,2.71489042027,0,6.05977515833,-0.00644406677543,0.0551248464458
1268,0.0864274725401,0.200332860835,-0.482392095433,2.70026009685,0,7.63114671416,0.00259375598257,0.0643323088671
1269,0.0995258953654,0.18543901985,-0.528851616855,2.70681454677,0,10.7868680202,0.0119352907543,0.0590451025628
1270,0.0749094460201,0.198311788026,-0.545311647702,2.70140793641,0,5.54201912364,-0.00881767812366,0.0617026643599
1271,0.0757806446954,0.189164219004,-0.494829548133,2.71925447158,0,5.68128980311,-0.0082267675206,0.061401455266
1272,0.0888769513136,0.189008787538,-0.501161662596,2.70787138557,0,8.15165314818,0.00319783683857,0.0580382300812
1273,0.0960212290671,0.201267377055,-0.532761458873,2.70394075207,0,9.84794887251,0.0100532305464,0.056227863023
1274,0.0695113499266,0.203133842574,-0.612707182404,2.71774390015,0,4.73931808335,-0.0125447665573,0.0631975372541
1275,0.0745148797173,0.187708658435,-0.535868081178,2.71394715547,0,5.47986576458,-0.0103761589059,0.0588271244891
1276,0.101185184921,0.199135045917,-0.52292367154,2.70222948561,0,11.258198798,0.014769978718,0.0553705044801
1277,0.0957909034239,0.198739011352,-0.605936367128,2.71325318592,0,9.78882992342,0.0110931260726,0.05768639311
1278,0.0851948885322,0.186770912514,-0.530350386719,2.69708357513,0,7.38011221444,-0.000662363843355,0.0541897471481
1279,0.0824444109371,0.191374947568,-0.538044845439,2.72627827519,0,6.84499660312,-0.00185726581443,0.0585666673893
1280,0.0907644148275,0.187810152396,-0.531766897019,2.70840339351,0,8.57318911025,0.00407530888581,0.0573729268794
1281,0.0783667618686,0.193676481039,-0.530795437446,2.70423541365,0,6.111704131,-0.00669259160558,0.0615452941034
1282,0.070070227549,0.199285583944,-0.573908917199,2.70887837999,0,4.81781043834,-0.0120265074249,0.067118682707
1283,0.070721701538,0.20190305112,-0.583190566652,2.71389822269,0,4.91061072939,-0.0138259129619,0.0617045810783
1284,0.0970065495365,0.183713579786,-0.499003899252,2.69984837119,0,10.1043917798,0.0104723502331,0.0555841748721
1285,0.0868995816211,0.19650220653,-0.487878766989,2.71440849238,0,7.72920116084,0.00186711863376,0.0608277504443
1286,0.0917078381068,0.189223125027,-0.515541261379,2.69704211607,0,8.79082534737,0.00556549101818,0.0629883697418
1287,0.0832286314856,0.192884987487,-0.523196455529,2.7039124702,0,6.99412481629,-0.00274474184784,0.0646419031017
1288,0.0813945380559,0.19999787087,-0.534179921258,2.7068267428,0,6.64953411631,-0.00261732377179,0.0628025327188
1289,0.103886707602,0.191139786771,-0.539284210463,2.69966446014,0,12.0645922633,0.016585580558,0.0562023653716
1290,0.0917686610504,0.190885781102,-0.498821961574,2.6976190068,0,8.80501850481,0.00658287606729,0.0600885782172
1291,0.0957138999681,0.197057080426,-0.580915499012,2.70500681388,0,9.76913421405,0.0101849376472,0.0641981805527
1292,0.0976554162465,0.196650935186,-0.618416017289,2.71544099978,0,10.2764406251,0.0106700122805,0.0638796575685
1293,0.0966301510268,0.187369968801,-0.478457195907,2.7000362044,0,10.0057483819,0.010052355188,0.0634282758728
1294,0.0704018209917,0.206371471798,-0.628881073473,2.70039317337,0,4.86486835292,-0.0123768392876,0.0573059322726
1295,0.0986847623278,0.20131813526,-0.57297685464,2.71685111595,0,10.5546444589,0.0130439842744,0.0633608213754
1296,0.086747187984,0.194769441515,-0.495442492301,2.70168391718,0,7.69743336226,0.000164359362607,0.0596564358074
1297,0.0894638747614,0.195623867474,-0.492801914456,2.69955350285,0,8.28078324958,0.0054918774963,0.068818258989
1298,0.0957676425929,0.186944763773,-0.474583905278,2.70076610775,0,9.78287669077,0.00916662606906,0.0582096199897
1299,0.077413264753,0.196249272214,-0.479358471339,2.70587604392,0,5.9499967324,-0.00784796852446,0.0581175241934
1300,0.0967059627843,0.1928299093,-0.504380932886,2.71936069925,0,10.0255484888,0.00996764857977,0.0577476521727
1301,0.0920175105877,0.19633466065,-0.581450474568,2.71035048849,0,8.86329437654,0.00752157904673,0.0656507226209
1302,0.0822626330376,0.191180984325,-0.514537101704,2.71905778862,0,6.81081337949,-0.00272669674321,0.0559432497366
1303,0.0879648640951,0.188362387126,-0.479654029514,2.71901288242,0,7.95440521031,0.00237682982073,0.0656996856028
1304,0.0918229372839,0.194054029613,-0.478752415746,2.70845808126,0,8.81770067652,0.00534436780666,0.0614428577482
1305,0.0883883936566,0.196281086191,-0.614905317541,2.70089526955,0,8.04548388034,0.00311484824502,0.063072682627
1306,0.0698803408357,0.202615097093,-0.552135775603,2.70441839272,0,4.7910264659,-0.0128418671127,0.0585311067
1307,0.112269441383,0.200017434455,-0.507598672379,2.71983094069,0,14.9046238308,0.0254544404423,0.0647325080417
1308,0.0743490634036,0.203409230521,-0.625507752751,2.71889469482,0,5.45391563772,-0.00758474866271,0.0621037014282
1309,0.0843236737942,0.192920344634,-0.549582535736,2.70621028261,0,7.2069268589,-0.000156840322027,0.0608945777901
1310,0.0793263139973,0.206032377255,-0.561626400343,2.7162889877,0,6.27808764863,-0.00531227801982,0.0576168975246
1311,0.0903887652444,0.192210866317,-0.502660467565,2.71186276607,0,8.48783268134,0.00562967376733,0.0622385950554
1312,0.0809109488058,0.192874371428,-0.565936488029,2.70948815722,0,6.561084128,-0.0034148229194,0.0575332745147
1313,0.0777642293768,0.19117195775,-0.562952397533,2.71245533451,0,6.00910269879,-0.00767797283781,0.0605567628168
1314,0.0938890022552,0.195002788756,-0.502238316013,2.71230693929,0,9.31235864572,0.00913542681034,0.0596945622667
1315,0.0862925133206,0.190321470588,-0.463786942989,2.7050328946,0,7.60331164695,9.45384097502e-05,0.0623496414246
1316,0.092730663513,0.209130628802,-0.620383749078,2.71122163276,0,9.03215203858,0.00822583074924,0.0602073964324
1317,0.093772601162,0.205401060403,-0.541100092724,2.70960839411,0,9.28386418557,0.00999614439202,0.0600285301817
1318,0.0968325943773,0.198286284972,-0.58201522033,2.72325056765,0,10.058697858,0.0105510592605,0.0583158810874
1319,0.0918499416932,0.196541752603,-0.55295834679,2.70381752292,0,8.82401639483,0.00675596421008,0.0580023458751
1320,0.0714884519828,0.202179193022,-0.533041615448,2.71407460482,0,5.02165562398,-0.0118683418444,0.0586275171787
1321,0.111981066262,0.191336260239,-0.46029549708,2.71064715021,0,14.7977526808,0.0242205106555,0.0575022318071
1322,0.0813477471353,0.198853996815,-0.539201686369,2.710478578,0,6.64093262552,-0.00368998107141,0.0648821118023
1323,0.108136690875,0.199720674308,-0.58557751151,2.7066431738,0,13.4373587893,0.0231044115662,0.0626605139099
1324,0.0817515260493,0.196779482199,-0.650974793054,2.70706138279,0,6.71546575603,-0.00253722016147,0.0643254935993
1325,0.0952652386641,0.190773166791,-0.544864101864,2.71156799704,0,9.65506274372,0.00817509618926,0.0606418804496
1326,0.0799111377586,0.196028444481,-0.538766088951,2.71861889956,0,6.38132341179,-0.00445875473298,0.0604161408765
1327,0.0900003841577,0.192867191191,-0.518591546371,2.70267264377,0,8.40035295504,0.00391363662298,0.0591813766869
1328,0.0974575319865,0.190294537904,-0.504591929418,2.7135286719,0,10.2237012408,0.0102205995957,0.0616684754614
1329,0.0862426541252,0.197271579971,-0.490866890104,2.71601564055,0,7.59305013901,0.00135216886335,0.0568580919542
1330,0.0817716826603,0.194483612561,-0.462100814536,2.72682464348,0,6.71920470487,-0.00269338013742,0.0689711772134
1331,0.054410828544,0.206379223427,-0.603848160667,2.71899632107,0,2.96540719677,-0.0263669357015,0.0625807726064
1332,0.0872701926125,0.186414364405,-0.474485988098,2.70450164411,0,7.80692457433,0.00105639886806,0.0617680594605
1333,0.0877697851742,0.194027198293,-0.586591010645,2.7085587868,0,7.91275134704,0.00314282616833,0.0616170873434
1334,0.0763681975476,0.20241825015,-0.575023741846,2.7150549915,0,5.77682154176,-0.0070564994712,0.0556050164056
1335,0.0808285397517,0.190211048727,-0.469873163282,2.71187491591,0,6.54610965852,-0.00440453290082,0.0600525799559
1336,0.0823546303104,0.202024675102,-0.62459027927,2.7159148023,0,6.82809547182,-0.000920596263228,0.0588996915304
1337,0.0585413077522,0.216118692789,-0.689191541218,2.71244699236,0,3.38972071727,-0.0205491297269,0.0699009694472
1338,0.0838861819353,0.191111398875,-0.470375128157,2.69483777313,0,7.1212627442,-0.00295098603931,0.0534911976222
1339,0.0898203252,0.198027749899,-0.566812269272,2.71158787103,0,8.36005974275,0.00557899243681,0.0643377991642
1340,0.0918113362706,0.202767721975,-0.600490272668,2.70806637046,0,8.8149886619,0.0075123879987,0.0638707583742
1341,0.0932433646648,0.193145238975,-0.579002882293,2.70308551622,0,9.15526132351,0.00697587420298,0.0576742597498
1342,0.0912710961088,0.186794349555,-0.511419511031,2.71344082,0,8.68948936492,0.00466071381041,0.0605899195488
1343,0.098146632032,0.202216116881,-0.562564068102,2.70920640836,0,10.4083895891,0.0136681790234,0.0695842206462
1344,0.0977595284788,0.189421794498,-0.474966237504,2.70820547716,0,10.3042838161,0.0116539883104,0.0605505138962
1345,0.100113948562,0.190125966905,-0.508080932853,2.70977166625,0,10.9518786999,0.0129196840866,0.0586267240609
1346,0.0802389238468,0.198135606469,-0.572343532665,2.70477151548,0,6.43979995356,-0.00518202644663,0.0557367551863
1347,0.0783493676351,0.183037904694,-0.496146016304,2.70328454398,0,6.10872203838,-0.00707903715929,0.0583904697105
1348,0.0636113071899,0.209521453194,-0.636160543388,2.71879160741,0,3.97042185931,-0.0186768176003,0.0650468487164
1349,0.079469872718,0.188210514118,-0.497409604103,2.71816270942,0,6.30329995484,-0.00534980456337,0.0602015856816
1350,0.0794735656975,0.205602414699,-0.630214845741,2.69859156753,0,6.30394963604,-0.00297694274701,0.0640227817105
1351,0.0905011011432,0.184522617242,-0.486166343455,2.70742768199,0,8.51328104378,0.00402685908658,0.0573217661927
1352,0.0803626588834,0.197982436168,-0.5961034948,2.71467820565,0,6.46198969914,-0.00388860769488,0.0621816460863
1353,0.0803735271312,0.197153594422,-0.512185952222,2.70775706029,0,6.46394176937,-0.00528152995002,0.0604159931205
1354,0.0671210357061,0.202533445834,-0.595596175336,2.71410934526,0,4.41494849104,-0.0164886593375,0.0575906150268
1355,0.0866668827497,0.188585034238,-0.497211084913,2.69885534581,0,7.68073778156,0.00123611598891,0.0617833553777
1356,0.0854355779447,0.198462682919,-0.532043765051,2.70542937769,0,7.42857405178,0.000113048276417,0.0592158921954
1357,0.0831846366892,0.193076513343,-0.542006772026,2.70963425857,0,6.98568704323,-0.00235258034769,0.0611908312073
1358,0.0801401754635,0.216062030608,-0.612995689339,2.71593484543,0,6.42213666998,-0.00249308224165,0.0649133502822
1359,0.0585706737168,0.202826192456,-0.618107523725,2.72391964898,0,3.39288824321,-0.023616758469,0.0661017460289
1360,0.102522124498,0.184059232801,-0.467937479236,2.69966612222,0,11.6510965612,0.0146792269337,0.0559875247017
1361,0.0661554594543,0.201207100655,-0.591591616497,2.70801257005,0,4.28898089089,-0.0159631840932,0.0629525696346
1362,0.0937165985181,0.194229283894,-0.44802271894,2.70686822056,0,9.27018198067,0.00760915340429,0.0629269915123
1363,0.0676270544414,0.199692502044,-0.643334066896,2.70933652081,0,4.48210992569,-0.0157155460796,0.0595983248825
1364,0.0862708646091,0.199057747155,-0.53114182323,2.71202847753,0,7.59885468482,0.00290927747575,0.0578912428048
1365,0.0905411826672,0.196598753444,-0.587850622393,2.7033633864,0,8.52237691314,0.0044070352946,0.0586460579495
1366,0.071363475916,0.189527588028,-0.504787933359,2.7090837456,0,5.00342009394,-0.0139362751032,0.0609643854317
1367,0.0862578325807,0.20609748692,-0.602286758206,2.71798201435,0,7.59617276629,0.00318675739365,0.0633844048343
1368,0.0877787159665,0.192844937656,-0.611077074476,2.71045216647,0,7.91465420151,0.00225376125252,0.0618285738611
1369,0.0837240180559,0.196145090519,-0.580165163568,2.71026767425,0,7.08972880794,-0.00216233622699,0.0558699416379
1370,0.100175449153,0.196181556278,-0.418140201191,2.71228912006,0,10.9692638136,0.0144452757958,0.0598762698274
1371,0.0830746066733,0.197062344501,-0.550707773999,2.70546774301,0,6.96462183261,-0.000112816492945,0.0668289491933
1372,0.0955001246103,0.201050127387,-0.63593025572,2.71828828036,0,9.7146364563,0.00936643774426,0.058387844343
1373,0.0873524366003,0.196689760584,-0.541334020622,2.71507309898,0,7.82426252988,0.00113193735939,0.0633787042437
1374,0.0738709766065,0.201544098419,-0.567717422336,2.71542536536,0,5.37965360748,-0.00897961668067,0.0599170886335
1375,0.0877491239687,0.202490502896,-0.57416710042,2.71356074896,0,7.90835062889,0.00367547682754,0.0657664399712
1376,0.081258385459,0.188371728856,-0.514870250323,2.69855858949,0,6.62453126294,-0.00418390985188,0.0619985777549
1377,0.0780419832383,0.21065764505,-0.627436234017,2.71529558597,0,6.05622155352,-0.0034770443449,0.0685194776727
1378,0.0864212417281,0.192718871322,-0.515386304859,2.70866005174,0,7.62985971729,0.000233382927314,0.0619042877482
1379,0.0826788193544,0.204375217693,-0.62825827351,2.71924491057,0,6.88928935767,-0.0013195826269,0.0596397237328
1380,0.0614480859983,0.204739971937,-0.585620768672,2.72130348366,0,3.71414751414,-0.0223344792111,0.0601442633528
1381,0.0907432133564,0.19231573403,-0.572051218077,2.70867228288,0,8.56835204033,0.00419496675755,0.0574046400659
1382,0.0901441815655,0.200081574942,-0.492116245246,2.71232214904,0,8.43265136619,0.00442372842809,0.0606976947696
1383,0.0955708587667,0.197832820037,-0.482178423098,2.70575960574,0,9.7326392945,0.0102787359263,0.0582418997765
1384,0.0649278552531,0.190459202608,-0.492364360966,2.70885641828,0,4.13289359308,-0.019287940786,0.0614431326206
1385,0.0930268822707,0.18179655275,-0.463767079733,2.71336442745,0,9.10310362932,0.00548811814649,0.0598682166977
1386,0.0759303677488,0.200128015343,-0.536987034241,2.70934949264,0,5.70550997612,-0.00598019679185,0.0633287989585
1387,0.079984365458,0.195872353235,-0.592939163318,2.70525354203,0,6.39434865961,-0.00276471943107,0.0620760459694
1388,0.0768130535588,0.195993197465,-0.584759593222,2.70799022927,0,5.8500240989,-0.00787330214663,0.0612998227384
1389,0.107486768594,0.193000873961,-0.477640453115,2.70093301289,0,13.2187985145,0.020364267981,0.0615926280399
1390,0.0875014276405,0.190641073618,-0.49787911651,2.70430416305,0,7.85575513016,0.000698496276965,0.0577744672058
1391,0.0908054396547,0.207473620916,-0.577911422092,2.72136314906,0,8.58255551355,0.00521180896169,0.0583502479524
1392,0.116021954694,0.193711469345,-0.469413106516,2.70181035191,0,16.3602691801,0.0290352725518,0.0648437927421
1393,0.0782973343596,0.189857660701,-0.520073468577,2.70347130342,0,6.09980855451,-0.006092120538,0.0587671688631
1394,0.0905872902242,0.196136807469,-0.482000370651,2.71055553266,0,8.53285063829,0.00462941878559,0.0554526644272
1395,0.0726317325924,0.196433794644,-0.58039878905,2.70045587346,0,5.19096499947,-0.011334063647,0.059909370816
1396,0.102216760173,0.182037502154,-0.460501778112,2.69927865551,0,11.5603035458,0.0136147774407,0.0599003356824
1397,0.0854871374256,0.201429171052,-0.595016901492,2.70957783695,0,7.43899033327,-0.000138291720226,0.055791627299
1398,0.112189709854,0.186314986708,-0.425578884463,2.70675128673,0,14.8750061816,0.0236341455629,0.0582656429548
1399,0.0728806123751,0.203109663075,-0.614013022729,2.71060634725,0,5.22842378757,-0.0091175070418,0.061129984325
1400,0.0680665946377,0.206488830555,-0.622455317645,2.70743581514,0,4.54109738502,-0.0149537808152,0.0572039811303
1401,0.102040513964,0.194887449971,-0.483175754958,2.70888336702,0,11.5081863236,0.0155616945891,0.0572727927557
1402,0.079697126843,0.185067712706,-0.522280824903,2.70085890878,0,6.34338293012,-0.00571504863621,0.0642870820697
1403,0.103853742759,0.193536605632,-0.597589027337,2.71347183141,0,12.0544518311,0.0176657076469,0.0628397640455
1404,0.0824320820348,0.19315160768,-0.472285531763,2.71187575804,0,6.84267362056,-0.00220827174907,0.0610817535766
1405,0.0906541278142,0.189010030465,-0.521128229193,2.71539289472,0,8.54805303659,0.00348129505447,0.0541928484161
1406,0.0842229004378,0.186675876369,-0.487229069927,2.71024705077,0,7.18711801675,-0.00168379424394,0.0639667891053
1407,0.101331660501,0.196565667077,-0.537653252658,2.71468296632,0,11.3006656485,0.0143009358709,0.0643010822132
1408,0.0734859629753,0.194085674365,-0.501327356645,2.72195946543,0,5.32044673921,-0.00989805419243,0.0571850403799
1409,0.118572935602,0.194566694998,-0.509114684369,2.70692710018,0,17.4220774559,0.0314714271278,0.0600080024829
1410,0.103728625571,0.196864771137,-0.600140956847,2.71256363841,0,12.0160329188,0.0175904506577,0.0554103657453
1411,0.0851574402395,0.192068830628,-0.499453159647,2.71468370261,0,7.37259627976,-0.000653612327013,0.0643489681334
1412,0.0785559847127,0.196622746613,-0.462145903314,2.70177511575,0,6.14422258506,-0.00653601869305,0.0594614016821
1413,0.1001704588,0.198124928457,-0.53003953111,2.70160837639,0,10.9678522244,0.0149928974895,0.0594866746472
1414,0.0726677388498,0.195780246682,-0.526529025122,2.70407824746,0,5.19637085151,-0.0101770595464,0.0626143200038
1415,0.0822672266258,0.201466462874,-0.619658388742,2.71048815296,0,6.81167543436,-0.000452167559612,0.0629781561545
1416,0.0826463176042,0.192613020787,-0.441304366189,2.71500241719,0,6.88313364645,-0.00244495070214,0.0604341574147
1417,0.0828880594242,0.195148928913,-0.532626090464,2.70806918067,0,6.92902945084,-0.00181666306203,0.0639032892639
1418,0.0688039264648,0.188923094446,-0.524519978182,2.69722531815,0,4.64142235176,-0.0165570769348,0.0610420742287
1419,0.100178785521,0.201780436347,-0.591497854952,2.72092614051,0,10.9702076399,0.0151848159828,0.0616402762453
1420,0.100523922623,0.193856838134,-0.535380384331,2.70514182899,0,11.0682311702,0.014392782202,0.0645181766367
1421,0.0905348623934,0.204038117416,-0.596470863021,2.70755105227,0,8.52094207158,0.0048039017528,0.0622517831692
1422,0.0816672668031,0.202277040666,-0.616773671204,2.71312993466,0,6.69985494018,-0.002467825774,0.0669095489281
1423,0.0812161851436,0.194490201706,-0.553185988528,2.71420198813,0,6.61679762746,-0.00326344748262,0.0572496424971
1424,0.0747751888676,0.200774946407,-0.59862658903,2.71511644673,0,5.52080643883,-0.00764347289173,0.0679938217719
1425,0.0856470424709,0.202004898748,-0.605947844045,2.71468054339,0,7.47137386021,0.00294871768741,0.0677129508748
1426,0.0734759725183,0.200403612116,-0.571664763193,2.71420457086,0,5.31891747525,-0.0104419818703,0.0595657680281
1427,0.0913244131989,0.194549435941,-0.526794250955,2.69780830935,0,8.70180611589,0.00535077794192,0.0592320783655
1428,0.0807877614763,0.190254856763,-0.536386442076,2.7038473507,0,6.53871042794,-0.00464430795037,0.0599524524609
1429,0.0956357692578,0.194074393546,-0.591549536599,2.70915781211,0,9.74918551698,0.0106380481803,0.0662431026827
1430,0.0775937391665,0.199843201561,-0.581788741554,2.7098345231,0,5.98033032113,-0.00541845758238,0.0603690024981
1431,0.0755490755785,0.189665708446,-0.447757229923,2.71393061701,0,5.64399526335,-0.00968212495879,0.0580726923041
1432,0.0674078772134,0.205643461257,-0.643553300675,2.71334841331,0,4.45292183565,-0.0152045621727,0.0601629860382
1433,0.065345772967,0.200016284678,-0.625189836833,2.71547739354,0,4.1855269494,-0.0175603622518,0.0664312218003
1434,0.0600262513102,0.206019034369,-0.653062241711,2.7117164325,0,3.55267650558,-0.0221050683515,0.0657743362621
1435,0.0923480562205,0.199606055492,-0.57427062327,2.70695176636,0,8.9412171159,0.00810857627734,0.0603205765418
1436,0.0791663180853,0.180761213277,-0.546154043212,2.70015761328,0,6.25008719613,-0.00668120242807,0.0598280502398
1437,0.0872080756857,0.207810649889,-0.576099993862,2.71415269989,0,7.79385134629,0.00389202125533,0.0632510160677
1438,0.0697030027197,0.208972779966,-0.597213707795,2.70933940762,0,4.76611960322,-0.0114699015406,0.0640182079066
1439,0.0996558716391,0.190436113208,-0.556523342664,2.70479171068,0,10.8231503489,0.0126366278396,0.0584431357315
1440,0.0809248915782,0.201010407802,-0.578071767588,2.71530999823,0,6.56362048007,-0.00250729939597,0.0670008337481
1441,0.0887504920081,0.190302037844,-0.610820644862,2.70474186579,0,8.124057705,0.00310974321016,0.0599763228702
1442,0.0743681022513,0.184986355103,-0.49940480515,2.70712213913,0,5.45689011708,-0.0114608800428,0.0581801764378
1443,0.0740791612668,0.192877331491,-0.438900851192,2.70146797594,0,5.41188972813,-0.0108920483605,0.0624151909878
1444,0.0976203346519,0.194929263669,-0.561943075099,2.70227359622,0,10.2670734627,0.0118210239012,0.0620809220535
1445,0.0882564297483,0.192449950946,-0.562932237184,2.71259449797,0,8.01701035921,0.003199463412,0.0605032427355
1446,0.0684847489085,0.198159554654,-0.601504026234,2.70519237608,0,4.59778094698,-0.0145871932881,0.0540525111626
1447,0.094562041898,0.204406710419,-0.621870536634,2.71521562533,0,9.47861012028,0.0103415641819,0.0621505011233
1448,0.0848293505436,0.197727581362,-0.536080172442,2.71515430004,0,7.30702469835,0.000539822404342,0.0588544617242
1449,0.0880377833365,0.182998730418,-0.405364234556,2.70212206982,0,7.97002316436,0.000797848398279,0.0594081194954
1450,0.0948267625731,0.191774972221,-0.534394334733,2.70561401959,0,9.54470395222,0.00873635223936,0.0603193265689
1451,0.0656060786971,0.19662459963,-0.531554567643,2.71317076796,0,4.21857222131,-0.0180011481147,0.0629254285461
1452,0.0807657244661,0.190647111003,-0.531824235583,2.70699506045,0,6.53471470987,-0.00451847985118,0.0589061383964
1453,0.093056473992,0.193780608876,-0.504012341315,2.71438474493,0,9.1102180148,0.00794273899793,0.0621995873541
1454,0.0830319981206,0.18345170904,-0.48831889416,2.70706092611,0,6.95647879916,-0.00320528300496,0.0611433633397
1455,0.101865085214,0.190151567226,-0.474572453685,2.71693651027,0,11.456517355,0.0153329082356,0.0589985036466
1456,0.0864715564654,0.186536773206,-0.435153218875,2.70776399731,0,7.6402576825,-6.12608443214e-05,0.0579533338099
1457,0.0687287926764,0.201213039121,-0.621426508787,2.7191116431,0,4.63111990258,-0.0135997763218,0.0638513161194
1458,0.0896667162471,0.204391491593,-0.569910359502,2.7216268915,0,8.32581677159,0.00595782745682,0.0664109789469
1459,0.0913987334202,0.201712962595,-0.639290605726,2.70272379428,0,8.71899990878,0.00670181607504,0.0638523777331
1460,0.0899392010972,0.196981992748,-0.509885889007,2.71787868403,0,8.38664286792,0.00369899837269,0.0611024077743
1461,0.104129167932,0.193396700445,-0.48072072954,2.71013745505,0,12.1394094123,0.0183265544097,0.0588223693706
1462,0.085329591809,0.187935586475,-0.502073699425,2.71223857246,0,7.40720106044,-2.12735151642e-05,0.0586829796871
1463,0.0771306718433,0.200766173386,-0.610319053261,2.71238064819,0,5.90275384283,-0.00795002027505,0.0617084925061
1464,0.0767485100668,0.204862688024,-0.587625741252,2.70469313053,0,5.83935629351,-0.00568440830855,0.0607503954328
1465,0.0794319285009,0.184585596535,-0.459775232489,2.71247181325,0,6.29662790011,-0.00614055922932,0.0616306740625
1466,0.0542294495328,0.196971840084,-0.631900126748,2.70146373729,0,2.94770905912,-0.0293773370522,0.0590758463351
1467,0.112360817887,0.197797038037,-0.579580304428,2.70810686163,0,14.9386325457,0.0250088811465,0.0571132766842
1468,0.0803524925418,0.197519846326,-0.595066609902,2.70945467098,0,6.46016414421,-0.00403611802981,0.0628921733929
1469,0.0734922339658,0.196278487061,-0.518317690657,2.69819631677,0,5.32140683701,-0.0112478041681,0.0613032738691
1470,0.0719184131394,0.195578387551,-0.665252377282,2.7030067604,0,5.08479988666,-0.0128004791138,0.0634447921801
1471,0.0710263360969,0.210021346388,-0.664938053319,2.71158630248,0,4.95449172991,-0.0114606210433,0.0622238252519
1472,0.0957989616088,0.194547378402,-0.449296945174,2.70755913663,0,9.7908930222,0.00965394156547,0.0621201809045
1473,0.0903148330252,0.186982260498,-0.566051507741,2.71081688286,0,8.47111994565,0.00437839112136,0.0546104964615
1474,0.0737354932231,0.200519807585,-0.570300180648,2.72300777482,0,5.35875860376,-0.0105535264295,0.0657586702038
1475,0.0652083493738,0.197346556554,-0.52053966723,2.71931197339,0,4.16816255378,-0.018637693767,0.060549242964
1476,0.110121056796,0.190088977834,-0.504242751829,2.71184112569,0,14.1248459506,0.0223302066741,0.0594404807045
1477,0.1020368812,0.197032941103,-0.589101757818,2.70757360605,0,11.5071142801,0.0157653736016,0.0596670247622
1478,0.106794703252,0.198333803358,-0.546466183151,2.71460369525,0,12.9895646228,0.0204579841345,0.0569860808383
1479,0.0848923482295,0.185039825572,-0.451374772845,2.70137904563,0,7.31957690805,-0.00158940284341,0.0624910942963
1480,0.0781834841572,0.195790401367,-0.559094602184,2.71432813826,0,6.08034307872,-0.0065012335365,0.0615239317551
1481,0.0984701922426,0.194192688888,-0.541807673023,2.71395474433,0,10.496113051,0.0121158502993,0.0596578729691
1482,0.0851366468128,0.206203080717,-0.585713353503,2.72055421604,0,7.36842580351,0.00160620949354,0.0674597907456
1483,0.071663575565,0.190270859431,-0.504649848186,2.69947977602,0,5.04729791526,-0.0131260835093,0.058648991816
1484,0.076086146697,0.195526706652,-0.563049200442,2.71727102359,0,5.73079939581,-0.00802041245509,0.060942780148
1485,0.0709410402,0.200939971237,-0.565092206816,2.72082864885,0,4.94217383202,-0.0119387224004,0.0625603109099
1486,0.0828077348109,0.197511031674,-0.576080724611,2.71566322292,0,6.91375102278,-0.00152212716846,0.0575883693484
1487,0.0756292427559,0.1859981122,-0.532368633256,2.7132628667,0,5.65688359183,-0.00966956332204,0.0595262515762
1488,0.0989955912055,0.205202675871,-0.633925110319,2.71621733512,0,10.6399422395,0.0152722654694,0.0688998150874
1489,0.0443457763004,0.209272296364,-0.702898380994,2.71700609823,0,2.09013872883,-0.0363717128806,0.0587972055482
1490,0.0921785429848,0.184085857491,-0.453179529843,2.69710319273,0,8.90118246068,0.00463943412275,0.0642145284897
1491,0.0942591680853,0.19330963643,-0.505323694708,2.71639041189,0,9.40347902435,0.00788251356584,0.0571310454898
1492,0.0822574659537,0.203253991645,-0.577472950614,2.70888389897,0,6.80984380896,-0.00248406176833,0.0579133752263
1493,0.0824238468054,0.211428512196,-0.617384803901,2.7158890989,0,6.84112232663,-0.000162267107104,0.0660552306343
1494,0.0767188273313,0.191660285761,-0.579292844858,2.70563008308,0,5.83445566897,-0.00843247806308,0.0589571719594
1495,0.0902727510546,0.195178018478,-0.55076079335,2.70606186905,0,8.46161975819,0.00504846230775,0.0550176530758
1496,0.0764434468917,0.196578189989,-0.574432324979,2.71726138967,0,5.789150992,-0.00777823992111,0.0530592024168
1497,0.0673368807598,0.197120796091,-0.544304165392,2.70072464883,0,4.44349923724,-0.016705869072,0.0579798414095
1498,0.0890744049009,0.197023395526,-0.518684039876,2.70831630481,0,8.19490122254,0.0041838756436,0.0635233767837
1499,0.0765568611808,0.204926599874,-0.637134193224,2.71254090727,0,5.80777445075,-0.00672956599501,0.0617109274088
1500,0.0805984528023,0.194974141284,-0.525959871624,2.70173845055,0,6.50445158171,-0.00421873915723,0.0576060001329
1501,0.0956675513594,0.190814639084,-0.473305596188,2.7095091919,0,9.75729598045,0.0094199317233,0.0532074079261
1502,0.101876803709,0.19729629459,-0.589634123956,2.70935722393,0,11.459962393,0.0172734088495,0.0588915652304
1503,0.0797727907812,0.18710007796,-0.484143016806,2.70648584554,0,6.35677537563,-0.00637564868643,0.0610904268453
1504,0.0619003333944,0.208667780907,-0.617538502376,2.70462873765,0,3.76665140975,-0.0194383990478,0.0635164102789
1505,0.079861493888,0.206826675359,-0.625103517455,2.7104894309,0,6.37250564699,-0.00299414821202,0.0601602377534
1506,0.106470975036,0.196402420718,-0.571326391738,2.71493714263,0,12.8835595188,0.0198386738884,0.0607479272795
1507,0.0974409630981,0.194818852639,-0.554185290728,2.71320389587,0,10.2192961385,0.0112472390537,0.0640393604775
1508,0.076863703,0.183326380538,-0.466373720596,2.70864842754,0,5.85840668533,-0.00889768020513,0.0576445354043
1509,0.0689976490584,0.196705319216,-0.555030323165,2.71615223045,0,4.66806953978,-0.0136185959313,0.0617787493356
1510,0.10684322979,0.197291856917,-0.445119108385,2.71420000733,0,13.0055216027,0.0213604956499,0.0650523616878
1511,0.0757122422001,0.190876386832,-0.536834936203,2.70844913223,0,5.67025258605,-0.0085819663554,0.0637181356538
1512,0.0822320628962,0.196557474519,-0.539544459165,2.72075502851,0,6.80507876911,-0.00226588762253,0.0586184161809
1513,0.0974440960273,0.187485185404,-0.468351705756,2.70534628582,0,10.22012895,0.0107570463624,0.0615707638958
1514,0.0970401581038,0.186507440111,-0.39550876269,2.70722869417,0,10.1132408594,0.00925450505339,0.0563243286231
1515,0.0844898900151,0.198915209855,-0.535073280728,2.71511652479,0,7.239700423,-0.000540611147873,0.063962593245
1516,0.0859512798357,0.200966422161,-0.602171645863,2.70661692497,0,7.53331741145,0.00131020673569,0.0632006272586
1517,0.108636197987,0.19764318844,-0.486145964893,2.70919997226,0,13.6075281695,0.0204522434763,0.0621133454802
1518,0.0934152699074,0.185071705893,-0.531592642614,2.70462999257,0,9.19686325495,0.00639746843728,0.0578609665835
1519,0.119414036908,0.198147804984,-0.548136446942,2.70740449134,0,17.7856628757,0.0317708663888,0.061848041132
1520,0.0795388710381,0.199669416773,-0.543816202238,2.72149662365,0,6.31544755238,-0.0048267957312,0.0622752758617
1521,0.0767401593155,0.190835157615,-0.539954749955,2.70187951136,0,5.83797724162,-0.0082424235661,0.0560946942191
1522,0.08446718124,0.191046533134,-0.51114546217,2.70600651738,0,7.23521542596,-0.00235628642115,0.0660029125507
1523,0.093328327194,0.192705429965,-0.555515312001,2.71458683141,0,9.17580224275,0.00863749485995,0.0620961710497
1524,0.0795135950733,0.188183443863,-0.533260821812,2.706009169,0,6.31099530318,-0.00603746325694,0.0553642675613
1525,0.0941021751978,0.199237876089,-0.507338182811,2.7088972802,0,9.3647393563,0.00849534221395,0.0621589679464
1526,0.0719516329904,0.200786542973,-0.58871898298,2.71233426557,0,5.08970497373,-0.0101288867916,0.0623054179655
1527,0.0787544888622,0.19195043796,-0.524666845526,2.70951522426,0,6.17848970398,-0.00581941918677,0.0523490155285
1528,0.0884305390594,0.198427256872,-0.564454837989,2.7194626552,0,8.05459568843,0.00340843194854,0.0621465235301
1529,0.0850352858119,0.19976017366,-0.500523249015,2.71607834685,0,7.34812471087,0.000792529459487,0.0634069554437
1530,0.0750718994833,0.193553830605,-0.525709699415,2.71510554292,0,5.5677755632,-0.00977702057515,0.0542719079166
1531,0.0861802593974,0.193035487758,-0.509000596549,2.70252480414,0,7.58022527444,-0.000187794080156,0.0558182050356
1532,0.0740107340463,0.198155390331,-0.580550088333,2.70352927878,0,5.40127695118,-0.00852448609793,0.0625901381142
1533,0.07019911927,0.198670930042,-0.537099648802,2.71104619339,0,4.83605874577,-0.0127175190298,0.0625245091202
1534,0.0690538264475,0.194679782432,-0.553724266886,2.71003097822,0,4.67581953638,-0.0143802184598,0.0624348991741
1535,0.0820446249376,0.192556603526,-0.491742007077,2.70990137754,0,6.77000595106,-0.00442520036499,0.055564297603
1536,0.10351433141,0.18868297201,-0.425301659757,2.71635674692,0,11.9504834496,0.0161260271183,0.0603437483024
1537,0.086636149679,0.190378759686,-0.482138769394,2.70190434806,0,7.6743564863,0.00095782773788,0.0591342069017
1538,0.101361509922,0.189208399725,-0.517730999666,2.70418431286,0,11.3093370593,0.0139813939415,0.0594161566835
1539,0.075025589567,0.189296763947,-0.481355426819,2.70488400183,0,5.56042336576,-0.0101302476474,0.0619089834344
1540,0.0860580471895,0.193205843688,-0.511995637406,2.70251557808,0,7.55515859171,0.0009483250275,0.0630998482054
1541,0.065268623296,0.208526158075,-0.549466315786,2.71724390025,0,4.17577167485,-0.0154536102994,0.0688700764131
1542,0.0840760279807,0.212858381276,-0.621438081215,2.7096789427,0,7.15832986417,0.00115422891781,0.0656461427252
1543,0.0987617746798,0.190242191822,-0.525451873166,2.70933250378,0,10.5757220355,0.013146153396,0.0577142591294
1544,0.0754057682306,0.192372432832,-0.53085819693,2.71770498006,0,5.62101576409,-0.00909812414054,0.060611322567
1545,0.0777877392894,0.196175567836,-0.529422450458,2.70553626119,0,6.01307922926,-0.00663787446675,0.0622219961718
1546,0.0853124365268,0.191009977091,-0.521734809082,2.70911761368,0,7.40374645814,3.59968468405e-05,0.0586687296241
1547,0.0788170370507,0.201484979656,-0.582556017905,2.71003732897,0,6.18931989781,-0.00444168559452,0.0598169594217
1548,0.109443089063,0.192776922242,-0.439173248687,2.70947129632,0,13.8864966703,0.0218588939508,0.0562628892138
1549,0.0703840596383,0.189442540251,-0.501149946556,2.7078788615,0,4.86233850965,-0.0146311619979,0.0595305492569
1550,0.0669328400664,0.19944191254,-0.571180600912,2.7166038125,0,4.39017260075,-0.0162949828482,0.0591141665784
1551,0.0598380856704,0.199734190145,-0.581932950066,2.7063658213,0,3.53171013267,-0.0230422709099,0.0632729902434
1552,0.0993028229436,0.199809720924,-0.594711688389,2.71580359306,0,10.724847699,0.0147728421013,0.0641142507288
1553,0.0785612869733,0.200660484239,-0.552715232033,2.71278575847,0,6.14513584888,-0.00609947959612,0.0616453653765
1554,0.0928054603608,0.203366519056,-0.599095158228,2.70619689501,0,9.05002235075,0.00766911089355,0.0552942991509
1555,0.0882323865933,0.203583442134,-0.600750035531,2.71634480743,0,8.01183191791,0.00448010413672,0.064209935987
1556,0.0776139680627,0.202235662246,-0.610636511786,2.71397563116,0,5.98373825557,-0.00590470092834,0.058894408098
1557,0.0929353265278,0.19498215219,-0.584344964389,2.70457465203,0,9.08112244515,0.00696869204818,0.0605700060648
1558,0.0743532135361,0.194175865639,-0.563786018455,2.71463079252,0,5.45456390936,-0.00986528807141,0.0645233178885
1559,0.0708722732094,0.191650242968,-0.498654511573,2.70447452206,0,4.93226077833,-0.0134703304919,0.0634112838991
1560,0.0929482370685,0.197673261449,-0.545144981152,2.71462156172,0,9.08421928825,0.00764465931107,0.0604708821298
1561,0.075875791553,0.196808841546,-0.539100467901,2.70453217822,0,5.69667161458,-0.00764160975735,0.0646762310709
1562,0.0788196180492,0.193119589646,-0.442315217997,2.70775177007,0,6.18976713402,-0.00605136970182,0.0612965844122
1563,0.102017756048,0.200905199557,-0.638753938412,2.70731406735,0,11.5014718282,0.0161063659908,0.061248721995
1564,0.0976543634499,0.185461257351,-0.514679440162,2.69358667852,0,10.2761594081,0.0098431955899,0.0621442232396
1565,0.0834685268615,0.178004488217,-0.44036198404,2.6988275478,0,7.04028544015,-0.00433611729681,0.0637485023427
1566,0.0966979822585,0.19323157932,-0.622046383188,2.70828495903,0,10.0234625661,0.0110831300094,0.0653262113424
1567,0.0948684238614,0.205909825641,-0.611892056677,2.70480298114,0,9.55514212537,0.010763382771,0.0650917295756
1568,0.0774075567531,0.193738434316,-0.531326779226,2.69263705798,0,5.94903942,-0.00786799509885,0.0558447437757
1569,0.101849086711,0.185378548766,-0.569192515298,2.70077585214,0,11.4518155463,0.0145122481939,0.0558547928627
1570,0.0777647034555,0.192445247066,-0.53278876543,2.71556810104,0,6.00918286431,-0.00665714237963,0.0590440111752
1571,0.0752672544013,0.189376836564,-0.576944175968,2.70446765879,0,5.59887755389,-0.00942550311188,0.059470065712
1572,0.101451349656,0.193333600931,-0.549455202069,2.71003910906,0,11.3354714483,0.0157877510252,0.0586232628247
1573,0.0809371661792,0.183640679008,-0.48635509103,2.69940351012,0,6.56585404951,-0.00568673653496,0.0573061573468
1574,0.0886500134347,0.193113269634,-0.541286704872,2.70159435868,0,8.1021887322,0.00428106526711,0.0624221506532
1575,0.0714190575288,0.194500848077,-0.534916812124,2.71654392044,0,5.01152356215,-0.0127230136069,0.0639977341864
1576,0.071678149894,0.20014575475,-0.643640724545,2.70743527825,0,5.04943667259,-0.0114369720183,0.0593792838159
1577,0.0753844587509,0.19712924006,-0.50169749759,2.72010801048,0,5.61760529792,-0.0086622478778,0.062356769846
1578,0.0819306676977,0.192631729991,-0.503637021866,2.71003508859,0,6.74875674743,-0.0042421856347,0.064006510429
1579,0.0835040403635,0.182115209257,-0.431571343584,2.6967505481,0,7.04714068292,-0.0034009559599,0.0575074702767
1580,0.0948451547629,0.187459859959,-0.473048643886,2.70439575853,0,9.54931086346,0.00752853884342,0.0556221912328
1581,0.0839072100655,0.193596189138,-0.490040577556,2.70861691571,0,7.12536046233,-0.000782718384067,0.0589254968438
1582,0.073637665431,0.191247096808,-0.552557456012,2.7080385387,0,5.3437119842,-0.0108421999454,0.0531296131507
1583,0.0736124836165,0.184111071776,-0.529217590951,2.69892101847,0,5.33984438358,-0.01164880351,0.0523920386964
1584,0.0840368437487,0.199742509808,-0.561944510439,2.71305825993,0,7.15066591082,0.000610645358077,0.0610658028588
1585,0.101227978046,0.19005797654,-0.439047980566,2.70419201442,0,11.2705909723,0.0137338088193,0.0632070722781
1586,0.0669481591534,0.199366174697,-0.551621595153,2.69751811504,0,4.39218527104,-0.0161208702692,0.0621771976038
1587,0.0822325683448,0.2010619321,-0.574827351281,2.70806618432,0,6.80517355259,-0.00197648086754,0.0606118772945
1588,0.104274115411,0.204163456985,-0.543913222648,2.72941074234,0,12.1843331318,0.0196599222392,0.0672915311479
1589,0.0880138749941,0.194698265083,-0.537683775749,2.70631132162,0,7.96489955538,0.00289611844596,0.0555340461471
1590,0.0743821810603,0.196625535914,-0.608230654523,2.70939387836,0,5.45909052685,-0.00952373520607,0.0595009929777
1591,0.0773285597127,0.201262282305,-0.561152122529,2.71088838303,0,5.93580351068,-0.00684624035415,0.0594657706375
1592,0.089088761077,0.205870315507,-0.599354514285,2.71261652731,0,8.19805329414,0.00397458866553,0.0567148893877
1593,0.109356634332,0.197744274106,-0.566322189695,2.69970252221,0,13.856363179,0.0226024322528,0.0601464561938
1594,0.077742276355,0.207717507325,-0.596328596619,2.71310731554,0,6.00539146254,-0.00519779556428,0.0639987324397
1595,0.0798834582232,0.199727225947,-0.508595017613,2.70287644981,0,6.37640571126,-0.00489860971212,0.0611571873627
1596,0.0959473983566,0.185842759265,-0.4802905595,2.70701635203,0,9.82896449951,0.00788791811177,0.0599652374676
1597,0.0818055662412,0.199617810364,-0.64259985978,2.7160069928,0,6.7254938631,-0.00316810527896,0.0634925957917
1598,0.0635626752273,0.195615395463,-0.592380592591,2.71568445602,0,3.96451604071,-0.0200443012202,0.0611243574399
1599,0.0781517797828,0.197438794863,-0.47950921519,2.70837548758,0,6.07493158205,-0.00557638790467,0.0573070887879
1600,0.0918676571044,0.186502844287,-0.489850566341,2.70357034335,0,8.8281617492,0.00514626979007,0.0636333436154
1601,0.0968235098429,0.205509121467,-0.594928810903,2.72101641817,0,10.056316539,0.0120058424909,0.0671600462215
1602,0.0863248620177,0.199974702267,-0.485290210518,2.71345694515,0,7.60997562494,0.000681495184134,0.0564731998317
1603,0.0669423965363,0.190607328392,-0.52413547946,2.71076777211,0,4.39142807533,-0.017911831906,0.0636564142359
1604,0.0726817529083,0.192907424419,-0.557615627057,2.69408781381,0,5.19847609946,-0.0115553798915,0.0587228780058
1605,0.0636326851886,0.200049048956,-0.572507192924,2.70869984757,0,3.97302011979,-0.0196183601281,0.0629888283376
1606,0.0939813378634,0.187966443792,-0.510919575305,2.70009372603,0,9.33501596425,0.00807289879363,0.0571025885756
1607,0.0906592063699,0.190127127096,-0.505576478278,2.70404432117,0,8.54920912086,0.0052041520041,0.0593540478584
1608,0.0912497332787,0.19053577778,-0.529993044493,2.71570666635,0,8.68455856974,0.00533502638362,0.0565018098541
1609,0.0938031028894,0.192099849861,-0.552179199618,2.7015445215,0,9.29132354177,0.00765560544859,0.0649870717681
1610,0.0910089779407,0.206810365938,-0.527535669674,2.71847945219,0,8.62915592204,0.00691237015431,0.0664119194575
1611,0.0957135609226,0.194649914442,-0.457584315726,2.71199656643,0,9.76904757054,0.0106033721603,0.0650675180791
1612,0.0876487296389,0.200328690902,-0.623298697519,2.71724729388,0,7.88699693714,0.00382279047232,0.0600677382337
1613,0.0896864482372,0.198299753809,-0.624904053543,2.7127632774,0,8.33020873394,0.00423138209943,0.0645867131283
1614,0.0959133964002,0.193451223777,-0.508983062071,2.70372728884,0,9.82023219417,0.0088623058506,0.0593548940601
1615,0.083086239474,0.194594587139,-0.564399831718,2.71745905271,0,6.96684640017,-0.00223407817504,0.0566896110976
1616,0.114485868697,0.184948331779,-0.465507667452,2.70430781511,0,15.7495506833,0.0250340582238,0.0570085950753
1617,0.094228651346,0.202553959058,-0.532632899187,2.70679332821,0,9.39593780893,0.0110692145439,0.0663362975245
1618,0.101678106389,0.20337018545,-0.560583499362,2.70993574738,0,11.4016725031,0.0152429497936,0.0587145019125
1619,0.085437897801,0.200585493741,-0.528513662461,2.70865396304,0,7.429042454,0.00121288867892,0.0580743105191
1620,0.0890367167531,0.196317364789,-0.467266769029,2.70068704123,0,8.18663127676,0.00263255781676,0.0589906333827
1621,0.0799351307874,0.195006020581,-0.550773919015,2.7083298969,0,6.38558869748,-0.00408148521172,0.060111174083
1622,0.0885999161388,0.190949410412,-0.528644376824,2.70106239772,0,8.09130398762,0.00179891639305,0.0562359112989
1623,0.0878671731395,0.194195321387,-0.579296184672,2.71306275587,0,7.93352258768,0.00379494884625,0.0601190775144
1624,0.101485478946,0.18947476448,-0.499160906708,2.70557491159,0,11.3454136398,0.0148741590165,0.0585081373542
1625,0.098180301789,0.189472890031,-0.506847017953,2.69678857468,0,10.4174880235,0.0109922153789,0.0606138466067
1626,0.0894589800565,0.194455728518,-0.540720808417,2.71310611547,0,8.2796991476,0.00388074726672,0.062662915969
1627,0.0863772274995,0.190878530482,-0.533189541302,2.71322258166,0,7.62077367265,0.000422173123086,0.0586959850667
1628,0.0749016746851,0.203013392959,-0.625782155752,2.70585601173,0,5.54078944248,-0.00817216369159,0.0632750526566
1629,0.0974133105945,0.187275156959,-0.52811361612,2.70900074549,0,10.2119479832,0.0117170912821,0.0609463748737
1630,0.0754426646446,0.205010326613,-0.556509344837,2.71427363922,0,5.626924831,-0.007138703624,0.0586809944675
1631,0.0888414726019,0.189941928156,-0.530976254986,2.71202646502,0,8.14390303723,0.00264561167466,0.0603576503049
1632,0.0626309385284,0.189180818498,-0.562491544507,2.70134400941,0,3.85266127958,-0.0199437834883,0.0597600871046
1633,0.0992156930218,0.188897245782,-0.508418413558,2.7044186101,0,10.7007084826,0.012854962336,0.0584242134809
1634,0.0925203292131,0.193974497708,-0.512408273195,2.70941127429,0,8.982063006,0.00714856660605,0.0603022023733
1635,0.0941453395975,0.197489254745,-0.481063272528,2.70907743271,0,9.37537678398,0.0086322586316,0.0658951519152
1636,0.0903747132527,0.183238768205,-0.465916066757,2.70632981455,0,8.48465397957,0.00377303643709,0.0521608308001
1637,0.0780462640282,0.193043092447,-0.489784525826,2.70731152592,0,6.05695013516,-0.00645832626355,0.0648508356468
1638,0.0823472530213,0.201407472216,-0.586362021527,2.70541361243,0,6.82670826074,-0.00211634238289,0.0521580863735
1639,0.0805233076613,0.19938542444,-0.575232034137,2.70914922409,0,6.49089424917,-0.00351811897785,0.0572466664312
1640,0.0896704985773,0.197393367925,-0.544303983242,2.70527951443,0,8.32665849169,0.00451942847778,0.0561391068964
1641,0.0735953760676,0.21755508672,-0.628411101003,2.71580506624,0,5.33721817907,-0.00752564239513,0.0630294396505
1642,0.0819177527909,0.193606483928,-0.53543835162,2.72561126305,0,6.74635207855,-0.00287538079395,0.0546179818025
1643,0.0653628017305,0.210083576522,-0.611487914633,2.70861618799,0,4.1876825506,-0.0165146043723,0.0575636408973
1644,0.0871480839028,0.194677524531,-0.499140900876,2.70420860049,0,7.78124309395,0.00254972839245,0.0599235551739
1645,0.0894571493954,0.193236426815,-0.510932889311,2.70030184018,0,8.27929371557,0.00316745112084,0.0554872447772
1646,0.0783525421157,0.19453021663,-0.636239133423,2.70004946347,0,6.10926618624,-0.00528711796795,0.0628601182024
1647,0.0989404497997,0.188399437944,-0.514098290865,2.70565288004,0,10.6247662663,0.0113182087951,0.0571946795824
1648,0.106728985707,0.197266968772,-0.452633949091,2.71231026988,0,12.9679825899,0.0208353361261,0.0606926051977
1649,0.0963678588088,0.192908305156,-0.480223480017,2.70916587269,0,9.93750774747,0.00995164265488,0.0639265492043
1650,0.0868545107729,0.200189061506,-0.551182529059,2.70039522237,0,7.71979414413,0.00164404048316,0.0654179167092
1651,0.0999502389061,0.194118785801,-0.513255464861,2.7146835924,0,10.9057191749,0.0132438745175,0.0622053102922
1652,0.104903534813,0.204998877452,-0.569364086622,2.70490750634,0,12.3811286189,0.0183619465857,0.0588694526087
1653,0.0534941462398,0.191999009301,-0.51083211163,2.69656701897,0,2.87673645444,-0.0298995513961,0.05633124078
1654,0.0576840082049,0.195184869632,-0.630706010576,2.72211939585,0,3.29821098957,-0.0267032656327,0.0601333291898
1655,0.0789513234197,0.203070330535,-0.640514256079,2.70657764198,0,6.21262462798,-0.00518259050764,0.0636827349569
1656,0.0925813885465,0.196906998993,-0.568860655006,2.70814190466,0,8.99657885691,0.00635278886665,0.0533260309424
1657,0.0851669188782,0.201674334996,-0.523482722153,2.71597239383,0,7.37449804544,0.000908305552467,0.0664969792107
1658,0.0939125617811,0.192435766286,-0.5282197038,2.70852684643,0,9.31813514128,0.00789069860806,0.0608087729244
1659,0.0995375445925,0.187296299958,-0.461738796405,2.70070090949,0,10.7901154802,0.0110650292407,0.0549448550379
1660,0.0675351125177,0.19528753745,-0.534829396659,2.71681716245,0,4.46984766609,-0.0165509893855,0.0598097151827
1661,0.0741495401263,0.18677428118,-0.577826914885,2.71255531457,0,5.42282284439,-0.0104559657645,0.0653908114681
1662,0.105023315302,0.189457710639,-0.52835090055,2.7024230282,0,12.4188979536,0.0172566722012,0.0665179111966
1663,0.0661557327118,0.186796767336,-0.528900960427,2.70956805383,0,4.28901613781,-0.0171059114221,0.062971721764
1664,0.0925216370363,0.192827829602,-0.476471586526,2.71379188993,0,8.98237370691,0.00589641164165,0.0554194035795
1665,0.0900942654617,0.196625825292,-0.53421390314,2.70128848414,0,8.42142761142,0.00528116576884,0.0540797754393
1666,0.0656044023933,0.189163654436,-0.494476093447,2.70825519277,0,4.21835877168,-0.0183714024908,0.0621006236641
1667,0.106866673073,0.191652991602,-0.483652852371,2.71070721213,0,13.0132367248,0.0202509589667,0.0585632435211
1668,0.0823194414257,0.200415767599,-0.561445738144,2.7162941146,0,6.82148074737,-0.00318311651906,0.0588615762173
1669,0.0717462077572,0.198726399763,-0.526134918291,2.71584593153,0,5.05943367719,-0.0124950378046,0.0625335668572
1670,0.0916745394873,0.194937293275,-0.548284819856,2.69806001012,0,8.78306341713,0.00607754629829,0.058431152403
1671,0.0831399887511,0.188884902032,-0.477179437277,2.70488027016,0,6.97713275945,-0.0031851616845,0.0627521448648
1672,0.0747825108719,0.199925253681,-0.540625763224,2.69942591306,0,5.52196161136,-0.00889386146007,0.0575693085735
1673,0.0884934643556,0.204726533012,-0.540682639138,2.71401728214,0,8.06821652313,0.00350408951194,0.0576108568519
1674,0.0752879702896,0.195140753838,-0.552782569197,2.70817698808,0,5.6021839739,-0.00970254947014,0.0589770081398
1675,0.0931858079021,0.210077092989,-0.564874023724,2.7074131984,0,9.14136880357,0.00778283704499,0.0585047876154
1676,0.0994103909593,0.184255080445,-0.497769461336,2.70642376339,0,10.7547153151,0.0114606136521,0.0598145927253
1677,0.0891729178544,0.196395280102,-0.587196756098,2.71513939952,0,8.21655183716,0.00411568353774,0.0594109669115
1678,0.0753216531183,0.198655409187,-0.53689327993,2.71012608924,0,5.60756342141,-0.00904827303825,0.057602294409
1679,0.0842711499475,0.201980843664,-0.589204899554,2.71822779001,0,7.19659659518,-4.91411143169e-05,0.0634946301601
1680,0.0773410094269,0.192836669973,-0.502743246974,2.70105739598,0,5.9378878429,-0.00759672783555,0.0562063228317
1681,0.0850062259282,0.19039419704,-0.575484590046,2.69942779786,0,7.34231319059,-0.000481219734686,0.0591351358295
1682,0.0905918176318,0.187429837773,-0.503146029678,2.70778372096,0,8.53387967462,0.00522681543393,0.0668034337453
1683,0.0931764933212,0.192766685206,-0.586825946975,2.70339498703,0,9.13912225471,0.00851546052011,0.0571783066596
1684,0.103506200072,0.189554685996,-0.420311594242,2.71208102877,0,11.9480024528,0.0162519888257,0.0655860797508
1685,0.0783601239747,0.195350191815,-0.572067096457,2.70947431007,0,6.11056597894,-0.00752869840965,0.0592165111846
1686,0.087124856869,0.197522643786,-0.566890122833,2.71595253473,0,7.77636622289,0.00288492894547,0.0598563141209
1687,0.107157333409,0.18547222419,-0.497872257156,2.70244793573,0,13.1092323459,0.0200192862322,0.0545967980068
1688,0.0939383790416,0.195538529664,-0.444187448351,2.71685011657,0,9.32446877736,0.00885843622013,0.062550889891
1689,0.0646133938782,0.203172587998,-0.651454221487,2.70830686275,0,4.09362880044,-0.0185762992704,0.0567586227164
1690,0.0721475007391,0.1833204431,-0.516326731406,2.71082671565,0,5.11870327194,-0.0143989741573,0.0554752733376
1691,0.0933054908871,0.194187886803,-0.546135274594,2.70288687212,0,9.17027731309,0.00839212952564,0.0653120600555
1692,0.0692828694717,0.195058827333,-0.605772140437,2.71670056857,0,4.70752293889,-0.0144751323087,0.0631622897599
1693,0.0713945217988,0.199657463997,-0.588513265017,2.69682637348,0,5.007945103,-0.011580481212,0.0597258261331
1694,0.0690806554088,0.197094032037,-0.608830097365,2.70377986691,0,4.67952434117,-0.0141871085374,0.0592217283982
1695,0.0780720873165,0.206606757186,-0.643674215207,2.7116854468,0,6.06134674024,-0.00596162522178,0.0617670070354
1696,0.0769920089255,0.194279647144,-0.537213832829,2.70785748121,0,5.87968574379,-0.00729108969172,0.0607447260723
1697,0.0672151128999,0.200589496326,-0.576556247977,2.71685106337,0,4.42737473593,-0.0144437519519,0.0614687136714
1698,0.0921547211077,0.186530789673,-0.507786006838,2.70674580432,0,8.89556878643,0.00584203638932,0.0566485304247
1699,0.0809965284069,0.199772615535,-0.582578606748,2.71083141722,0,6.57666495542,-0.00357698072245,0.0616465918873
1700,0.08855350754,0.202891565963,-0.60516147694,2.71016634621,0,8.08123186221,0.00331069873132,0.0611035324442
1701,0.071610766064,0.197430199721,-0.516329294028,2.69926606258,0,5.03955430181,-0.0130272511093,0.0611100782581
1702,0.062518603774,0.205162362455,-0.624505541973,2.71594288673,0,3.83934036438,-0.0190973616284,0.0659234763181
1703,0.09983053085,0.190530950452,-0.538650944867,2.70258515931,0,10.8720748775,0.0131838336691,0.0565289133737
1704,0.0699382011156,0.197595022207,-0.603485957495,2.7141945681,0,4.79917521074,-0.0151041467457,0.0571175303842
1705,0.0816687116023,0.198701694211,-0.544668490354,2.69698529007,0,6.70012236383,-0.00362095078869,0.0544268682642
1706,0.0767339552664,0.199666094085,-0.469808595023,2.7083553161,0,5.83695287151,-0.00790979794371,0.0614743080597
1707,0.0792275992337,0.192206274156,-0.519468412877,2.70825173919,0,6.26079958365,-0.006085248484,0.0614308933751
1708,0.0732170134372,0.188912782514,-0.519906708238,2.70959681867,0,5.27940187238,-0.0123714182925,0.0606411794041
1709,0.0901009561537,0.19822392792,-0.621915195703,2.71201119452,0,8.42293128385,0.00416355437098,0.0602629062186
1710,0.0772581178396,0.192198781779,-0.523710056193,2.70863949524,0,5.92402146288,-0.00703164765352,0.0554552259608
1711,0.0805233835895,0.196597157891,-0.583332975623,2.70764463348,0,6.49090793588,-0.00334959886288,0.0575155909001
1712,0.0731293184016,0.193182527148,-0.559832034431,2.70805503682,0,5.26607407443,-0.0123503698563,0.0597916145675
1713,0.0762532548025,0.20503427866,-0.540008643085,2.71173790804,0,5.7580299603,-0.00602997662595,0.0649541126125
1714,0.0810764099161,0.199229384605,-0.586752990066,2.71989288637,0,6.59123622829,-0.00320805755849,0.0617021417786
1715,0.0714565413148,0.203411794064,-0.599740301314,2.71634867266,0,5.01699441201,-0.0119372828137,0.0617555194113
1716,0.0858914347584,0.199238727872,-0.572203985254,2.71271126858,0,7.521098485,0.000456144509982,0.0589524536863
1717,0.0764565785588,0.190407395752,-0.574745980722,2.70425167166,0,5.79130479787,-0.00809214262365,0.0628315608418
1718,0.0755754309202,0.196343655266,-0.504140486645,2.72017063516,0,5.64822971311,-0.00903757491266,0.0627427811616
1719,0.0778349691508,0.187381642674,-0.444991774956,2.71433084218,0,6.02107437369,-0.0076721569604,0.0632351990696
1720,0.0860531312946,0.189186492082,-0.499193718425,2.70455557879,0,7.55415177769,0.00155638123688,0.0624111939158
1721,0.0777559716072,0.199596765191,-0.522439863659,2.7056263527,0,6.00770647176,-0.00757098670739,0.0560049477735
1722,0.0790723057319,0.189716322389,-0.548651364974,2.70530956132,0,6.23368269195,-0.00519149312518,0.0560812509699
1723,0.0787510850448,0.195764389796,-0.516753693069,2.70047136854,0,6.17790078465,-0.00521718855869,0.0588640228049
1724,0.0712894846029,0.195622421996,-0.568681308407,2.71204128215,0,4.99264889739,-0.0130227732303,0.0643778737138
1725,0.0751334125514,0.193650794332,-0.570524167212,2.7057397177,0,5.57755367638,-0.00941139647695,0.0620481527134
1726,0.0798414849149,0.197037487263,-0.565034530835,2.71055987414,0,6.36895450955,-0.00421249923216,0.0641553470161
1727,0.0912477063628,0.198118689501,-0.621822592704,2.70402062587,0,8.68409085877,0.00632749690058,0.0657457588392
1728,0.0764853812475,0.184926273149,-0.538068178411,2.70544122909,0,5.796031206,-0.00909979732531,0.056958925974
1729,0.0773365758847,0.198372151861,-0.527779790988,2.71338167572,0,5.93714550984,-0.00604334204745,0.0610509462071
1730,0.087725130794,0.179455779276,-0.485177590465,2.704468464,0,7.9032428423,0.000864490184823,0.0578812285141
1731,0.0984197865009,0.198481041737,-0.632635219197,2.7082525497,0,10.4824045531,0.0129797340408,0.0624101784529
1732,0.0934952638109,0.188622156962,-0.502310996163,2.7045409952,0,9.2162780047,0.00708034927496,0.0594235516706
1733,0.0856634039318,0.18737145913,-0.438609575705,2.71161366722,0,7.47469406832,1.31689693168e-05,0.0635191310988
1734,0.0912604794347,0.192967914717,-0.529177351972,2.70845481029,0,8.68703860865,0.00570711140077,0.0574070414447
1735,0.0891332006765,0.187382794821,-0.458902115022,2.71055113201,0,8.2078171315,0.00264838384531,0.06397415387
1736,0.0825122334765,0.194301013739,-0.568503780078,2.71045853851,0,6.85778740045,-0.000894456400682,0.0613205411454
1737,0.0878188361414,0.187375815056,-0.562985745755,2.69590330919,0,7.9232072951,0.00174712444625,0.0586535760935
1738,0.076978600547,0.195454190294,-0.602072999857,2.71901025382,0,5.87745904741,-0.00687295757256,0.0598226894374
1739,0.0996667415501,0.187776297418,-0.452422939261,2.70044947747,0,10.8261894999,0.011647215174,0.058564296682
1740,0.103252388197,0.204595524343,-0.599717823713,2.721194255,0,11.8707898919,0.0181189869785,0.0647539410362
1741,0.0707377060748,0.210242324729,-0.615105396646,2.71872234728,0,4.91290833893,-0.0113504405849,0.0598993567796
1742,0.0784539278775,0.190412140254,-0.508310157087,2.70096975367,0,6.12666612431,-0.00639004019863,0.056109358762
1743,0.099457989722,0.186598399259,-0.534758552994,2.70482883504,0,10.7679550478,0.0119291119707,0.0564636831166
1744,0.0938780494485,0.203347407767,-0.544460686452,2.70468266757,0,9.30967421606,0.00890412161851,0.0603970643088
1745,0.0917815014125,0.200501326217,-0.610383849083,2.70433033158,0,8.80801735748,0.00807128154023,0.0628099415023
1746,0.0789264130281,0.190138369285,-0.520763978134,2.70847271877,0,6.20829607329,-0.00669460637106,0.0591922828304
1747,0.0605814441675,0.194949662765,-0.489260462214,2.70760722267,0,3.61508393705,-0.0225127015497,0.059283510834
1748,0.0818472133509,0.194795179658,-0.55425800398,2.71770957068,0,6.73323076585,-0.0032671656746,0.0584342034452
1749,0.0961803310748,0.189716903325,-0.51073379427,2.71372533632,0,9.88896822734,0.0107569600977,0.0637603238018
1750,0.100687757583,0.198400658991,-0.527746148833,2.71034159191,0,11.1150321933,0.0145482268627,0.0654659778832
1751,0.10640130779,0.190258739524,-0.546905304147,2.71186798042,0,12.860848121,0.0183381573251,0.0574388431136
1752,0.0963906297996,0.190810336403,-0.61385768412,2.71503403274,0,9.94341591744,0.00934356708389,0.0628536449232
1753,0.0735713425776,0.198692509153,-0.581898024931,2.71920904363,0,5.33353053027,-0.0105692165932,0.0641852541978
1754,0.107746432824,0.191365298739,-0.536370054277,2.72019632443,0,13.3057358068,0.0214017358656,0.0659682706478
1755,0.0860179843836,0.197811607677,-0.529526741088,2.70719852158,0,7.54695673174,0.000906791119574,0.0609141215873
1756,0.0872996862229,0.189992200348,-0.5252131521,2.70116027429,0,7.81313838797,0.00134019597236,0.0565610654182
1757,0.0991246374636,0.19871043626,-0.478855067042,2.70909436686,0,10.6755327418,0.0130849425097,0.0622869788821
1758,0.100116095944,0.196000149293,-0.507466961474,2.71344151395,0,10.9524853169,0.014256024842,0.0671300095972
1759,0.10242674004,0.198703501675,-0.620561994534,2.71614628993,0,11.6226686421,0.016056403751,0.0680279885914
1760,0.0837252063362,0.186890432384,-0.498299988549,2.72460494403,0,7.08995944886,-0.00169605496557,0.0544275105629
1761,0.0811915208238,0.188680476134,-0.519713857413,2.71169035385,0,6.61228113389,-0.00537646095285,0.0569748731466
1762,0.0994025259358,0.187654972157,-0.450834151318,2.70030491102,0,10.7525290154,0.0123567041868,0.0657667394979
1763,0.0733552214505,0.188648837778,-0.511283448979,2.70732243308,0,5.30046192559,-0.011919661475,0.0599466242964
1764,0.0903744392865,0.198980244363,-0.516312423095,2.71010281393,0,8.48459201583,0.0056565227074,0.0643729530742
1765,0.0886424247546,0.199589173407,-0.552610522676,2.70948655156,0,8.10053911882,0.00375562097032,0.0597790969914
1766,0.0807797838354,0.201293565459,-0.582543579088,2.7079229121,0,6.53726369869,-0.00303037379102,0.0619077684889
1767,0.0798940392399,0.187608702048,-0.494990789233,2.70304018583,0,6.37828522159,-0.00642850715849,0.0606051248795
1768,0.0952988585041,0.195313754421,-0.488907872463,2.70361772437,0,9.6635701117,0.0100835620994,0.0656967637545
1769,0.0907323291235,0.189134464918,-0.589114095702,2.70290072453,0,8.56586973904,0.00499660392648,0.061301653954
1770,0.0818046175297,0.184391475864,-0.465314920629,2.7011103853,0,6.72531770498,-0.00358654586494,0.0606051483607
1771,0.0708721688699,0.189154584708,-0.50422522518,2.70342421684,0,4.93224574944,-0.0131066988886,0.062673804644
1772,0.0755431401162,0.197649151051,-0.613588024411,2.72138936641,0,5.64304198464,-0.00937980362251,0.0587146993473
1773,0.0595986574776,0.198154142837,-0.535613381833,2.69966158496,0,3.5051660253,-0.0224950674948,0.0628015683741
1774,0.0753262969814,0.194506914452,-0.512829074984,2.70638078138,0,5.60830541818,-0.00846203914396,0.0585853746836
1775,0.100719686863,0.183793811858,-0.487720693249,2.70187541988,0,11.1241733946,0.0120955008048,0.0544266804258
1776,0.0863124637457,0.186979388915,-0.556260789545,2.69848485853,0,7.60742093841,-0.000188098955189,0.0569983929332
1777,0.0848321701622,0.190520913878,-0.55820641593,2.70562416663,0,7.30758611433,-0.00204927296118,0.0614669066618
1778,0.0959420126571,0.187148768053,-0.474507693996,2.70957326757,0,9.82758090486,0.00933643909426,0.0570548063136
1779,0.0674081480236,0.194526412981,-0.540769427115,2.71303755169,0,4.4529578074,-0.0151438333563,0.0635376335964
1780,0.0703590810045,0.198982438549,-0.622934137009,2.71096085533,0,4.85878244648,-0.0125993284284,0.0643620894821
1781,0.0726419524735,0.200985228242,-0.568181663427,2.7029713699,0,5.19249891518,-0.0102994828464,0.0642283547316
1782,0.0655492996228,0.194850067641,-0.605470739623,2.70165174203,0,4.21134701449,-0.0181284519802,0.06295091524
1783,0.0686108092766,0.189983269035,-0.430509976841,2.71811366264,0,4.61497835528,-0.0151924988969,0.063164169676
1784,0.0929040557198,0.195907210216,-0.565800732092,2.71116534324,0,9.07362532592,0.00744586726711,0.0603218008217
1785,0.0892653066305,0.196116630438,-0.535873550815,2.70812157406,0,8.23690105135,0.0037750820305,0.0570161832861
1786,0.0839988740374,0.194238047512,-0.457237526627,2.70519843445,0,7.14324610718,-0.00110606413394,0.0593972238522
1787,0.0687136320712,0.1864670323,-0.504655802562,2.7136103752,0,4.62904325403,-0.0154982606005,0.0612374796567
1788,0.0615209156838,0.196428681329,-0.54558080169,2.70790837802,0,3.72256498465,-0.0233010445572,0.0620368460076
1789,0.084247192573,0.188521914552,-0.487978983319,2.70612985408,0,7.19188886956,-0.00193690342981,0.0577833234581
1790,0.0890955682045,0.19190982879,-0.476758233388,2.71227534948,0,8.19954824417,0.0026481930179,0.061155168318
1791,0.113714595828,0.186285180654,-0.507993482847,2.70609049625,0,15.4507508667,0.0254580946465,0.0618735820996
1792,0.100881762729,0.197052116107,-0.527608560215,2.72860197318,0,11.1706773149,0.0143668605749,0.0541407425169
1793,0.0835549834921,0.183737087952,-0.475216089234,2.70946630947,0,7.05698415154,-0.00254562688891,0.0583701395753
1794,0.0958261523694,0.195571434587,-0.521765903987,2.70623237587,0,9.79785734338,0.0100830044609,0.059628971635
1795,0.0880302550565,0.196843252565,-0.600167607149,2.71245838274,0,7.9684095342,0.00254384069402,0.06703222531
1796,0.0879948746971,0.19562032642,-0.568313764018,2.70721748833,0,7.96082975796,0.00232093709442,0.0621882691049
1797,0.0769362116157,0.205431550848,-0.611763179875,2.72044062943,0,5.87042417938,-0.00652525726897,0.065709767545
1798,0.0575206808109,0.206310428825,-0.605233483247,2.70953898045,0,3.28098639839,-0.0237098734293,0.0655527669149
1799,0.0916718027066,0.195189869198,-0.508755062403,2.70171375283,0,8.78242573494,0.00614851501693,0.0592927093479
1800,0.0891705596467,0.195988666347,-0.45624111084,2.71686292153,0,8.21603299153,0.00488598149621,0.0665450141799
1801,0.0817720130116,0.193169318828,-0.505268603119,2.71231756629,0,6.71926599786,-0.00432411419864,0.0564126586037
1802,0.0793503876046,0.186430481536,-0.519153372366,2.70352467864,0,6.28230969498,-0.00616023392195,0.0614012881844
1803,0.0764989825094,0.185325762077,-0.454842373074,2.70024043061,0,5.79826421894,-0.00962802077258,0.0572269210266
1804,0.0778502615325,0.197221163894,-0.521728922997,2.70924819972,0,6.0236649696,-0.00621360532026,0.0638866932834
1805,0.105512097953,0.188674782758,-0.568771755109,2.70120655149,0,12.5740868522,0.0179787927381,0.053584964979
1806,0.0772657050321,0.195847754515,-0.593854492034,2.71411258004,0,5.92528956486,-0.0062909537886,0.0608112628578
1807,0.0647179203135,0.193034703304,-0.567078680971,2.71178734429,0,4.1066481966,-0.0199921901507,0.0553840700499
1808,0.0773545604941,0.198245955115,-0.498502244718,2.71270610902,0,5.94015724829,-0.00720307283467,0.0546096369449
1809,0.0936135637708,0.193835211192,-0.438418021862,2.70488154075,0,9.2450549077,0.00844078934335,0.0575462573037
1810,0.0695955483117,0.191438282873,-0.60930093523,2.70572951255,0,4.75107794827,-0.0145913176588,0.0600519476895
1811,0.100880983268,0.197417773916,-0.504359929882,2.70990668205,0,11.1704532568,0.014263208155,0.0608435965334
1812,0.0762424606518,0.183685206962,-0.525711900805,2.70660662833,0,5.75626783869,-0.00977681013081,0.0647501895736
1813,0.072740708407,0.194626426194,-0.495307999519,2.70530111282,0,5.20734016542,-0.0122144842627,0.0641682669668
1814,0.0847738026222,0.195519904835,-0.515704959163,2.70654394093,0,7.29597195365,-7.05528473328e-05,0.0657975310032
1815,0.0730073958142,0.202600458939,-0.556312055345,2.71390998291,0,5.24758959762,-0.0101603123506,0.0573598361576
1816,0.0973915028179,0.191221290999,-0.512439293204,2.70557362383,0,10.206156223,0.0105309149483,0.0627677585679
1817,0.094321762331,0.183000839904,-0.510255251149,2.70525626353,0,9.41896361066,0.00725685414004,0.0633875733182
1818,0.0774597145075,0.196021835381,-0.553739942562,2.71553509079,0,5.95779173011,-0.00770224986585,0.0643716293112
1819,0.0782181947611,0.196036486999,-0.587874748245,2.71921876008,0,6.08627226095,-0.00703554089176,0.0648957468731
1820,0.0987927155839,0.194760922179,-0.578911261874,2.69075409168,0,10.5842006843,0.0118153819202,0.0548977165798
1821,0.0724698805232,0.188756155108,-0.498281253636,2.71391743697,0,5.16672105942,-0.0115813758983,0.0633165993258
1822,0.0841686878517,0.19195986985,-0.505370891348,2.71381744162,0,7.17648057044,-0.00222811627792,0.0638888822148
1823,0.0717476349901,0.209635255929,-0.595115562936,2.71183447101,0,5.05964349308,-0.0105744897041,0.0605247525109
1824,0.0676287992359,0.195537080015,-0.488785062905,2.70814936656,0,4.48234288365,-0.0167546261333,0.0619162150325
1825,0.0767559103538,0.191561634109,-0.509197104983,2.71151342218,0,5.84057860823,-0.00778846806956,0.0573127419095
1826,0.0842900273245,0.187475913952,-0.504095632094,2.71194034012,0,7.20030791214,-0.000626146189436,0.0615846509197
1827,0.0725917352347,0.206290403341,-0.60505333288,2.71606868894,0,5.18496525443,-0.0103308535708,0.0611955957154
1828,0.095859262653,0.191697559059,-0.549979270491,2.70852050512,0,9.80634365711,0.00882565878943,0.0584227082457
1829,0.0593011109791,0.20404467228,-0.545655322525,2.71926969806,0,3.47238695035,-0.0225841210182,0.0623806931957
1830,0.0636452564694,0.198951394725,-0.580641737761,2.701067761,0,3.97454863038,-0.0203375630554,0.0616110961309
1831,0.0645666615911,0.208128596879,-0.639928827672,2.70979177926,0,4.08781834301,-0.0176779879343,0.0670722338619
1832,0.0759632114798,0.200130276775,-0.549440703144,2.70229629511,0,5.71083427076,-0.00890837120256,0.058575448689
1833,0.0869118567343,0.189542150695,-0.472738771329,2.71020315908,0,7.7317648662,0.00242945049951,0.0654955444895
1834,0.0791217008118,0.197307154523,-0.535206513056,2.70775962402,0,6.2422973362,-0.00503413779586,0.0632004541933
1835,0.0778265753041,0.202349631074,-0.608156529176,2.70907359928,0,6.01965281017,-0.00679944488615,0.0601349619726
1836,0.0750218600617,0.190994089731,-0.460635189015,2.7137327935,0,5.55983161113,-0.0104565121695,0.0587868764992
1837,0.0998701984554,0.195968151809,-0.514969774159,2.71319241435,0,10.883213433,0.0132572560018,0.0592534000135
1838,0.104890300846,0.199760291289,-0.598792170503,2.70273565706,0,12.376961944,0.0185655687463,0.0562444025636
1839,0.0853641273603,0.193826330817,-0.558803219523,2.70550450574,0,7.41415971307,0.00132249178961,0.064676173694
1840,0.101688617933,0.203187402694,-0.648968250269,2.7054767774,0,11.4047495922,0.0160233350762,0.0591095185516
1841,0.0889402709814,0.197503827933,-0.590114502868,2.69784992612,0,8.16550064654,0.00421149024816,0.0607428135182
1842,0.0713800666195,0.203599273803,-0.612253570159,2.71340667695,0,5.00583781941,-0.0104685736957,0.0639278689348
1843,0.0895216315609,0.205027812243,-0.554659071343,2.70492917785,0,8.29358469376,0.00542302717493,0.0706627287283
1844,0.0913488407676,0.192329982562,-0.565188111986,2.70289436452,0,8.70745414206,0.00541191724509,0.055588127098
1845,0.0859732795675,0.203742666167,-0.550612334872,2.71811933062,0,7.53781346158,0.00264201838299,0.0644551857724
1846,0.0891041441084,0.190405779003,-0.52958477506,2.70009096194,0,8.20143197732,0.00176843386078,0.0613092822457
1847,0.079822390162,0.2020296869,-0.602236836413,2.7037383768,0,6.36556715914,-0.00525117283845,0.0501210426435
1848,0.0830690485009,0.185895715654,-0.477811745032,2.70299797917,0,6.96355914124,-0.0037480035925,0.0596680783835
1849,0.0800300212938,0.198387435842,-0.601902127164,2.70437337399,0,6.40248079296,-0.00368854105871,0.0601079189883
1850,0.0811327887902,0.205231872998,-0.56975357284,2.71005968483,0,6.60153657583,-0.00267723807201,0.0588523705061
1851,0.0843124387251,0.191488836331,-0.480460931365,2.71162590309,0,7.20471612061,-0.00132318448639,0.062702071974
1852,0.0822555640704,0.192919768044,-0.58937511762,2.70936716644,0,6.80948696176,-0.00321003281507,0.0586364358379
1853,0.0658905527987,0.196643268925,-0.555699747313,2.71408308614,0,4.25491716107,-0.0160585272396,0.0663982046014
1854,0.0626078385723,0.204550287853,-0.516464953015,2.71152896475,0,3.84991915692,-0.0195717348962,0.0641110116802
1855,0.0777114406518,0.202516788243,-0.618042562149,2.71297778069,0,6.00018176827,-0.00621554440483,0.0649048224548
1856,0.0742976933173,0.18659250218,-0.507619565825,2.70380245072,0,5.44589655269,-0.0115724803122,0.0586331904935
1857,0.0709424942244,0.18929787748,-0.53602092714,2.717744086,0,4.94238360766,-0.013543306751,0.0591339939411
1858,0.100195364289,0.193287968439,-0.548739289921,2.71029704817,0,10.9748986752,0.0140480633543,0.0681643458941
1859,0.0928188619811,0.200451139656,-0.482221572673,2.70031970339,0,9.0532274706,0.00785826510094,0.0589942129677
1860,0.0886451734302,0.191159615629,-0.464417918068,2.6942981572,0,8.10113658768,0.00286596317475,0.0616572385411
1861,0.0856124440876,0.188281537629,-0.491188988155,2.70028176918,0,7.46435697764,-0.000647846509597,0.061698664578
1862,0.0771524461861,0.205686408804,-0.577963639324,2.71402621305,0,5.90638299363,-0.00573152003937,0.0624270802985
1863,0.0966525757179,0.194296609371,-0.541280112866,2.71407212559,0,10.0116015783,0.0100939985802,0.0599490096996
1864,0.0947568458006,0.202236716688,-0.630012824377,2.70938522871,0,9.52720871198,0.00980168184229,0.0638432126246
1865,0.0843049616317,0.190871822267,-0.561890682206,2.71413262385,0,7.20324516114,-0.000853374001182,0.0676155877368
1866,0.080977519267,0.194506472425,-0.476783236275,2.71517580292,0,6.57320144099,-0.00238348192074,0.0695295124602
1867,0.100367673969,0.202141585873,-0.6231063173,2.73188721971,0,11.0237592344,0.0164272782705,0.0643124587816
1868,0.0772221151028,0.19701200429,-0.566722248939,2.70927858943,0,5.91800710967,-0.00680385889243,0.0629811995574
1869,0.0951052122267,0.194592928453,-0.586726860826,2.71276853661,0,9.61465806611,0.00858876818592,0.0596930118075
1870,0.0883116137507,0.204650638303,-0.580843881659,2.71804512673,0,8.02890677286,0.00431734113047,0.061512179646
1871,0.0738375457042,0.198360454092,-0.617251632362,2.71069028843,0,5.37449158011,-0.00952314996179,0.0585491089276
1872,0.0923819901553,0.187995208504,-0.469451156216,2.70952012321,0,8.94925011306,0.00577726922646,0.0631520917864
1873,0.0980495289394,0.183503327895,-0.43960811687,2.69820827792,0,10.3821888643,0.0104239800846,0.0591954233588
1874,0.102444106315,0.195279511591,-0.504709111947,2.72124265071,0,11.6278398245,0.0155385753658,0.0630445384634
1875,0.0822176518892,0.209121112572,-0.594412731538,2.71136582527,0,6.80237683256,-0.000568736827437,0.059178638797
1876,0.0769556503685,0.202749636683,-0.608316137441,2.7099691161,0,5.87364937587,-0.00706118394296,0.0608930400943
1877,0.0811463391799,0.203168470705,-0.555117936853,2.72091767065,0,6.60401421691,-0.00131356519584,0.0696522219568
1878,0.0902279599778,0.2119867061,-0.613769216894,2.71051668789,0,8.45151804512,0.00611491012225,0.0580218099275
1879,0.0845634238787,0.196610450005,-0.544065017478,2.71587589316,0,7.25423952786,0.000467244051963,0.0562243676375
1880,0.0925868161072,0.190415946104,-0.519325546996,2.71208359354,0,8.9978701519,0.0061463922102,0.060507111432
1881,0.0849768137549,0.197806637238,-0.533779287535,2.71336699016,0,7.33643517913,0.0013777505063,0.062658403561
1882,0.0904048962913,0.191042776788,-0.529048050526,2.7056597357,0,8.49148294919,0.00613229443893,0.060065136101
1883,0.0772631095643,0.194166035765,-0.536736285302,2.7057037445,0,5.92485574055,-0.00606108122153,0.060372938858
1884,0.0956546547173,0.191298986827,-0.539707940163,2.70896220866,0,9.75400418169,0.00926674827825,0.0623474072058
1885,0.085675751994,0.194473890617,-0.455915190381,2.70212137175,0,7.4772006716,0.000830994863658,0.0630022620487
1886,0.0828385896644,0.191359763741,-0.506531217294,2.70547146613,0,6.91961652823,-0.00243956475496,0.0569089344058
1887,0.0936747108414,0.193325541942,-0.529610770008,2.70605067903,0,9.25995969733,0.00796750937931,0.0632464040961
1888,0.0850667354686,0.192026255064,-0.498350169964,2.70724520167,0,7.35441853431,-0.00112082308437,0.0602596926414
1889,0.0665134338789,0.201170300911,-0.571950950969,2.710886548,0,4.33534944897,-0.0163327076675,0.0632283292452
1890,0.0999867072339,0.187832443123,-0.522221524174,2.7053375269,0,10.9159869102,0.0128877243415,0.057785100146
1891,0.0624777003408,0.207061080608,-0.617680170594,2.71395460297,0,3.83449867842,-0.018736158061,0.0639470690265
1892,0.0759892045051,0.201333504534,-0.567384760179,2.71400718949,0,5.71505087937,-0.00726667388852,0.061399733553
1893,0.0936126467657,0.189890469163,-0.539186561378,2.70623567386,0,9.24483154336,0.00716157682749,0.0579223680054
1894,0.0986743059371,0.193249265697,-0.51839508503,2.69988542097,0,10.5517854873,0.0128366869311,0.0584937872595
1895,0.066300917527,0.18947201846,-0.578843581609,2.70892742032,0,4.3077752002,-0.0176086945914,0.0589673885933
1896,0.0810313427031,0.194865079661,-0.590283248934,2.70808830976,0,6.58301215963,-0.00355130431384,0.0596565491656
1897,0.10281564526,0.196439412143,-0.504066112354,2.70835431695,0,11.7389627742,0.0156439085082,0.0636948913334
1898,0.0798417457782,0.187591602474,-0.503461277709,2.7008488908,0,6.36900079627,-0.00627462157205,0.0594944423818
1899,0.0914627376488,0.199050573704,-0.590034685754,2.72284446839,0,8.73383060107,0.00711689022562,0.0570354756391
1900,0.0938221803714,0.202187585702,-0.559127790067,2.70618998922,0,9.29599168355,0.00781131734809,0.0590752366861
1901,0.0786249252531,0.203502332246,-0.596997715744,2.71823363085,0,6.1561056983,-0.00400837187416,0.0624905425931
1902,0.0913971635625,0.199417237532,-0.57038937191,2.71008765248,0,8.7186364235,0.00686372521194,0.0610479421345
1903,0.0861639945178,0.19620824113,-0.625893915651,2.71086946117,0,7.5768851507,0.000774140841179,0.0619370357178
1904,0.0689157639569,0.18646108682,-0.550989904177,2.71377290675,0,4.65679123775,-0.0165592830995,0.060689031726
1905,0.0963829219457,0.192357718238,-0.513887019917,2.70100999832,0,9.94141569126,0.00981030506189,0.0571551222809
1906,0.0737558567106,0.203146769786,-0.625469456272,2.70990911587,0,5.36189496707,-0.00951609856956,0.0645859218807
1907,0.0720210104329,0.199692579678,-0.607261938866,2.70571256478,0,5.09996118527,-0.0111701995157,0.0587626655974
1908,0.088760159657,0.187827577177,-0.467909925412,2.70832763947,0,8.12616451295,0.00340548614092,0.0589702896296
1909,0.0974139013823,0.185418538761,-0.497994176452,2.70996949095,0,10.212104926,0.0101197239727,0.0572272183177
1910,0.0758201963558,0.205351031809,-0.595335472366,2.7210767586,0,5.68767974826,-0.00696673196072,0.0649017785849
1911,0.0788682952666,0.199649030828,-0.634369916177,2.71531244862,0,6.198206949,-0.00632042039754,0.0656470186258
1912,0.0882564703561,0.198073755883,-0.530523487504,2.7146540068,0,8.01701910779,0.0020208788404,0.0609100075236
1913,0.0792192131247,0.205382066772,-0.57056437934,2.70423745694,0,6.25933273286,-0.00452521166994,0.0614696321305
1914,0.0814435167752,0.198472993724,-0.53582510835,2.71803934157,0,6.6585477595,-0.00364676082742,0.0598886479528
1915,0.0927196125963,0.192706400472,-0.524807249611,2.70072211527,0,9.02951436778,0.00750699097323,0.0635070207393
1916,0.0835981190524,0.190612897286,-0.522437205143,2.7056834957,0,7.06532805655,-0.00278810092764,0.0597277966391
1917,0.0919332118627,0.196772548794,-0.586738273131,2.70559371308,0,8.84351600291,0.00645820787909,0.0560443973064
1918,0.0911484227944,0.201779405288,-0.585509566204,2.72097590801,0,8.66120773847,0.00683263804219,0.0626354814116
1919,0.0860705379931,0.187935735661,-0.555369626062,2.70707291939,0,7.55771731935,0.00083054597693,0.058986260349
1920,0.0787418581232,0.195549543432,-0.594636814221,2.71054101868,0,6.17630460116,-0.00639476052434,0.0609113668877
1921,0.0835776318832,0.1990259804,-0.60933751282,2.7146466247,0,7.06136409602,-0.000772278946575,0.0627434260421
1922,0.0957926332917,0.190224377983,-0.476219749029,2.70606468379,0,9.78927278128,0.00904705616311,0.0608308260973
1923,0.0826990881078,0.21051380589,-0.63148589651,2.71317472383,0,6.89313052419,-0.000101241981152,0.0662384596362
1924,0.093063120595,0.195235226932,-0.554274336509,2.70604541521,0,9.11181664085,0.00883126371348,0.0585569301311
1925,0.0859367028775,0.193097812582,-0.57104147489,2.70527143363,0,7.5303395958,0.000914121956109,0.0589857134517
1926,0.0700664027186,0.191054661448,-0.526357429569,2.71488074228,0,4.81726976336,-0.0140118615878,0.0621961843177
1927,0.0700288663326,0.198726854058,-0.55606031613,2.70611372426,0,4.81196621277,-0.0143412874054,0.0542767612759
1928,0.0869720679271,0.191943419039,-0.578756947724,2.70688225029,0,7.74435069808,0.00177336320486,0.0593746673264
1929,0.105322536428,0.19403773504,-0.565386223149,2.70122683473,0,12.5136971474,0.0190068177735,0.06056489108
1930,0.0797751718493,0.19662844903,-0.529482189555,2.70357850361,0,6.35719720336,-0.00487320283105,0.060186716524
1931,0.0766002632565,0.190049451173,-0.565318223172,2.70798970287,0,5.81491437801,-0.00874035291609,0.0584012804354
1932,0.0858802432447,0.200338132668,-0.57743190775,2.70526015468,0,7.5188153149,0.000688380321853,0.0537132719462
1933,0.0684833962865,0.19378785232,-0.529315318914,2.70033523778,0,4.59759669449,-0.0166514734414,0.0683801134115
1934,0.0855193925681,0.197042892082,-0.57965166808,2.70689296506,0,7.44551295686,0.00151595213115,0.0689452745568
1935,0.0932593492506,0.201859034644,-0.572229215642,2.71051773163,0,9.15912278078,0.00691035839102,0.0557950777689
1936,0.11333209791,0.181343113241,-0.447677730337,2.70152964746,0,15.3044746638,0.0238138937368,0.0581176473002
1937,0.0768842350195,0.206061352405,-0.539340789611,2.71283353285,0,5.86180758556,-0.00602520855385,0.0661904907616
1938,0.0863725041586,0.186386493493,-0.49337294942,2.69997283208,0,7.61979915996,0.000391613350221,0.0646177894777
1939,0.0959968143518,0.188365605632,-0.468233442693,2.70427109328,0,9.84166748464,0.00868980136241,0.0577255848089
1940,0.102910105214,0.198799731988,-0.559181907342,2.72639431933,0,11.767364202,0.0181974450233,0.0663415907688
1941,0.0832770590154,0.19807720566,-0.544113622033,2.7027177783,0,7.003422656,-0.00192149908584,0.0550247890175
1942,0.0630942457596,0.194825610424,-0.597377755072,2.7006444524,0,3.90797484516,-0.0202161290238,0.0567939792817
1943,0.0788484423612,0.19388270457,-0.535659002657,2.71434553688,0,6.19476363773,-0.00583941795535,0.0557562587855
1944,0.0886556233988,0.189457362793,-0.501033791447,2.69541764018,0,8.10340840075,0.00235363378977,0.0589421035078
1945,0.0727506899805,0.189081124308,-0.487896315089,2.6975953875,0,5.20884211903,-0.0110579839583,0.0656820963941
1946,0.0903364719231,0.198623575449,-0.590769551057,2.71638010637,0,8.47600859083,0.00619358189937,0.0626261845407
1947,0.0846027041058,0.188596096826,-0.512433560169,2.72154694279,0,7.26201611338,-0.000687864165322,0.0632108999745
1948,0.110483861199,0.183748223897,-0.475989728903,2.69952942417,0,14.2538979296,0.0211984852484,0.057351305155
1949,0.0819899264837,0.198184083897,-0.515657366962,2.71521735186,0,6.75979954065,-0.00188475855433,0.0618042636504
1950,0.0875251813442,0.206684421793,-0.618914388971,2.7018897701,0,7.8607859863,0.00338154368637,0.0641502834145
1951,0.105905266421,0.19007900027,-0.461700830716,2.71696038348,0,12.7001691171,0.0181596700084,0.059796225422
1952,0.0824599366036,0.200150635864,-0.556620494356,2.710008968,0,6.84792285358,-0.00288291082575,0.0588621911101
1953,0.0871083630896,0.189550820334,-0.483328503139,2.71256590701,0,7.772904683,0.00178742620445,0.0603927288592
1954,0.0971262540299,0.200679515394,-0.600417703523,2.70423720958,0,10.1359407175,0.0118031385365,0.0641666644244
1955,0.0863883234481,0.194802475869,-0.534091834144,2.70708966078,0,7.62306338903,0.00153742034571,0.0668463067817
1956,0.0991344703606,0.189376317497,-0.47711823564,2.69929703097,0,10.6782489061,0.0107836230146,0.0578952034237
1957,0.0816182765588,0.192569283813,-0.513489971119,2.70174092553,0,6.69079242371,-0.00321140102354,0.0584912974672
1958,0.074776413649,0.202766436524,-0.572863549488,2.71849545497,0,5.52099965553,-0.00993800875393,0.0617942556213
1959,0.0896720608243,0.197321345038,-0.554706144713,2.71081566425,0,8.32700617557,0.00413258108402,0.0602987373573
1960,0.084737143733,0.189014491809,-0.523195333407,2.70666016051,0,7.28868543393,-0.00144694023595,0.0577818115845
1961,0.106813483623,0.191703173872,-0.474633338568,2.70124622786,0,12.9957380969,0.0193224811287,0.0586467992443
1962,0.0856181017067,0.194916631125,-0.474618977895,2.71473325676,0,7.46550401449,0.000425873753706,0.0617389193959
1963,0.0665345068806,0.199087825833,-0.586021044866,2.71597859845,0,4.33809118999,-0.0169412791451,0.0636744250011
1964,0.0835930051327,0.19181575487,-0.570033529258,2.70342636554,0,7.06433841414,-0.0014990491753,0.0626730827513
1965,0.0784272367975,0.198597392308,-0.60305354739,2.71449092638,0,6.12208140429,-0.00595934619851,0.0601884905505
1966,0.102180895265,0.190658955547,-0.52644156821,2.71032679252,0,11.5496811516,0.0148116517354,0.0574922169914
1967,0.0675516351125,0.191178305963,-0.52407969437,2.70209884314,0,4.47204933271,-0.0164481010927,0.0568445821618
1968,0.0844712978388,0.19206579895,-0.511805082571,2.7119076513,0,7.23602828251,-0.000226291087953,0.0642071525277
1969,0.0731151225309,0.209867920486,-0.624003327274,2.71125642384,0,5.26391916064,-0.00988025733225,0.0610221558482
1970,0.0768557044964,0.196986543152,-0.570237364957,2.70961437142,0,5.85708226106,-0.00791166054716,0.0607149793053
1971,0.102698360827,0.185966905307,-0.473403404224,2.69990403989,0,11.7037832087,0.015370455088,0.0588490259215
1972,0.0587871757912,0.197454419135,-0.529721925085,2.70847770911,0,3.4163089135,-0.0248833083172,0.0630013469543
1973,0.0920252455309,0.199354322418,-0.64436702569,2.7108943518,0,8.86511108061,0.00637969352017,0.0604431937475
1974,0.082538617135,0.194628493065,-0.502498585636,2.6990926054,0,6.86276856646,-0.00228022479981,0.0618134702212
1975,0.0902006826165,0.185576758218,-0.509983239955,2.70070878002,0,8.44537127464,0.00284518104669,0.0552543375743
1976,0.0955657092665,0.196914067489,-0.56267075664,2.71294191329,0,9.73132769318,0.0104573044109,0.0612674586213
1977,0.0758041410476,0.187843880716,-0.514735571879,2.69974008187,0,5.68508515301,-0.0095181191704,0.0544304312037
1978,0.0828473142746,0.185122591814,-0.468870620435,2.70323118937,0,6.92127583398,-0.00335153914308,0.0555594384991
1979,0.0877147023432,0.192785542165,-0.483314388057,2.71390637439,0,7.9010236598,0.00375752292498,0.067057796014
1980,0.0910768731034,0.187122853196,-0.479359485996,2.70402891974,0,8.64474903523,0.00450913613046,0.0616527675627
1981,0.0931142619954,0.202524650157,-0.612973040117,2.71300669499,0,9.12412518821,0.00871595013478,0.0579295327067
1982,0.102264859726,0.196869798897,-0.525844919753,2.71111487181,0,11.574563145,0.0163777999814,0.0584944205109
1983,0.090829411577,0.184661969276,-0.520741202023,2.71368299082,0,8.58803263585,0.00378507093106,0.0607594579406
1984,0.0806934118547,0.198447590605,-0.58010628397,2.71029797605,0,6.52161739388,-0.00353066194652,0.0599421689047
1985,0.0980234058772,0.186049925799,-0.5055465734,2.70251189289,0,10.375150123,0.010215804164,0.0593434764647
1986,0.0815053022592,0.192922235272,-0.52163430846,2.70354939373,0,6.66993282286,-0.00270359599033,0.0603549854815
1987,0.0792290169217,0.20385705196,-0.563126922839,2.7092174924,0,6.26104758578,-0.00461054305997,0.0554990798407
1988,0.090958371247,0.19441183819,-0.548060109087,2.70760542187,0,8.61754912825,0.00537175012986,0.0619781816836
1989,0.0866292589635,0.205383327623,-0.57495180936,2.70771172124,0,7.6729263441,0.00236991742683,0.0611084123423
1990,0.0869281424065,0.187791105076,-0.547500322209,2.69448939385,0,7.73516730996,0.000483872155188,0.0627815802859
1991,0.0884186032759,0.200210962765,-0.528895807652,2.71045851504,0,8.05201428457,0.00566061359201,0.0648253907644
1992,0.0921610515766,0.196929146394,-0.537432444258,2.71475600062,0,8.89706027577,0.00680399798418,0.0591015524586
1993,0.084649096706,0.199496790709,-0.588404074283,2.71720663414,0,7.27120985975,0.000515515817743,0.0603795465364
1994,0.0895124925929,0.196330597585,-0.543342760345,2.70677090476,0,8.29155796683,0.0039421291701,0.0547400876772
1995,0.0801556148935,0.193110463262,-0.534558741012,2.70584336203,0,6.42489568398,-0.00419981102077,0.0611007705886
1996,0.0828310619179,0.188554855803,-0.492515466259,2.70327175834,0,6.91818511877,-0.00325131138407,0.0577940182948
1997,0.0741236281814,0.198409849767,-0.638537805135,2.71243123918,0,5.41879542864,-0.00930107787514,0.0607227677605
1998,0.102194477382,0.188508502185,-0.473851138382,2.69655422781,0,11.5537028583,0.0143307639774,0.0571861716299
1999,0.0800490981332,0.198429913018,-0.632795403674,2.71419874062,0,6.40588127116,-0.00461860595869,0.0625213748302
2000,0.0586471697597,0.205635961983,-0.624352099845,2.72572707034,0,3.40114972304,-0.0222867865938,0.0628841701203
2001,0.0864883131211,0.181101490839,-0.51022195918,2.7081227028,0,7.6437232601,-3.4233102089e-05,0.0585763041406
2002,0.0832619711864,0.191703852618,-0.546586719309,2.71389372287,0,7.0005247549,-0.00226455657851,0.060956336215
2003,0.0894360448561,0.199780418513,-0.56801445346,2.71408783923,0,8.27462097476,0.00422777406696,0.0624932269339
2004,0.0861547700192,0.196905309767,-0.514520542975,2.70590761175,0,7.57499138141,0.00035025098921,0.0612475494467
2005,0.0775452406422,0.193602039822,-0.461702727983,2.70228713617,0,5.97216635237,-0.00726854011647,0.0538938787122
2006,0.086243876183,0.194868579391,-0.570774417218,2.70540264226,0,7.59330150965,0.00182216719226,0.0615232143807
2007,0.0765938562724,0.198362786513,-0.499773964675,2.70890584511,0,5.81385993412,-0.00780850003147,0.0629465887419
2008,0.0814818984999,0.200863088522,-0.571591399695,2.71908605383,0,6.66561835474,-0.00274314305683,0.0596142736512
2009,0.0875542955986,0.195431747947,-0.584025218169,2.71143911426,0,7.86695591517,0.00229578629762,0.0617437758051
2010,0.0730741901842,0.188703499303,-0.461533405808,2.70246924255,0,5.2577096751,-0.0133662045302,0.0603198129203
2011,0.079609645963,0.192596866047,-0.459520295046,2.71075698552,0,6.32792811643,-0.00516343913538,0.0621044165923
2012,0.0922282624319,0.197348516137,-0.528528789534,2.70964920035,0,8.91290881714,0.00616247619702,0.0564285945216
2013,0.0764679861529,0.189614756049,-0.486735476872,2.70788907662,0,5.79317636114,-0.00872096375895,0.058330468755
2014,0.0716481237691,0.191088046415,-0.539110289907,2.70189362352,0,5.04503118525,-0.0123872747893,0.0618454014633
2015,0.0913900868953,0.184678161473,-0.460541903124,2.711586437,0,8.71699805231,0.00439871998984,0.0582259813151
2016,0.0554670151891,0.193438725421,-0.598627824277,2.70550753497,0,3.06999052601,-0.0285179162465,0.0569760064088
2017,0.0879619002477,0.204889475208,-0.629977216168,2.70542902665,0,7.95377096226,0.00344115218828,0.0608504933235
2018,0.0902998512499,0.196216663974,-0.562907771688,2.71228247445,0,8.46773669392,0.00365582153757,0.0594282306843
2019,0.0745054946666,0.198196202291,-0.611436121902,2.70148176563,0,5.47839433665,-0.0100541787839,0.0560869806676
2020,0.0887904058084,0.200885425901,-0.61333422167,2.70454023832,0,8.13275888177,0.00358276630688,0.0625356296699
2021,0.115317092148,0.189543875761,-0.557723337712,2.72104474278,0,16.0774171522,0.0274828571867,0.0594683749116
2022,0.0971806054086,0.201421585689,-0.573534818671,2.70356173627,0,10.1502938289,0.0110642892872,0.0606875315181
2023,0.0730152203438,0.201482004535,-0.637323711634,2.71394516627,0,5.24877428514,-0.00963827116513,0.0642885122048
2024,0.0706013649456,0.208382080722,-0.595147902611,2.72336166512,0,4.89336269371,-0.0129554989502,0.0619937090086
2025,0.087517933548,0.187120810521,-0.508051350464,2.70530025563,0,7.85925066622,0.0023690226044,0.0576367494941
2026,0.0783552540368,0.192631168737,-0.476009602712,2.70259899424,0,6.10973107699,-0.00680372844529,0.0578877640626
2027,0.0969092735987,0.193479186738,-0.509809161868,2.71187517963,0,10.0788173558,0.0108694485084,0.0596983126208
2028,0.0820256278037,0.199744780077,-0.50327898486,2.72083612661,0,6.76645973523,-0.00135781346528,0.0616949548789
2029,0.099306216494,0.190302713392,-0.507394032463,2.70288962277,0,10.7257888453,0.0122957820317,0.0566926363342
2030,0.0763209241968,0.194220698949,-0.547157282556,2.69943231083,0,5.76908691478,-0.00845351809017,0.0610905485379
2031,0.0750670135293,0.199698619118,-0.531892853391,2.70801454441,0,5.56699949175,-0.00773448609863,0.0621032845087
2032,0.0946113454619,0.193361524272,-0.491068400168,2.70065482371,0,9.49088966847,0.00847947211669,0.0612655100071
2033,0.0771411364328,0.193058503574,-0.546329932193,2.71606958757,0,5.90449775716,-0.00738233066235,0.0610010731835
2034,0.0932584444285,0.188227913453,-0.45062270984,2.70418766333,0,9.15890416176,0.00644200462145,0.0575841134898
2035,0.0804848632585,0.202991516714,-0.579826822823,2.72448158955,0,6.48396740033,-0.00242139969265,0.0595423618073
2036,0.0900021228851,0.200643873571,-0.636392321389,2.70860414568,0,8.40074285562,0.00469249795839,0.0621411061285
2037,0.0816298640345,0.190771921162,-0.527534064569,2.70804835108,0,6.6929350197,-0.00350675543775,0.0643789942716
2038,0.0730907104144,0.192584461949,-0.482824591633,2.71901113757,0,5.26021510094,-0.010338686303,0.0652261096641
2039,0.103398630913,0.19199287548,-0.43769861894,2.70410493254,0,11.915224422,0.0162377197079,0.0627007189791
2040,0.0650125316816,0.19770186529,-0.531272016494,2.71305235787,0,4.1435162354,-0.0200932034041,0.0636087246344
2041,0.0773158285086,0.200190343195,-0.539289162163,2.69765395614,0,5.93367267408,-0.00655904765942,0.0609727381959
2042,0.110597231222,0.187790931339,-0.448511032355,2.7073105017,0,14.2944410694,0.0238419022618,0.0609723159969
2043,0.0627256137796,0.187488827472,-0.563462672099,2.70265736323,0,3.86391546257,-0.0199343394028,0.0620988511346
2044,0.0753082065532,0.19571678547,-0.514761265287,2.70694688611,0,5.60541538007,-0.00931177965017,0.0573177719926
2045,0.0813365107867,0.193648485991,-0.584292100006,2.71382623238,0,6.63886845299,-0.00326342323857,0.0594809629768
2046,0.0898563341073,0.185415374419,-0.523391050422,2.70346002757,0,8.36810443182,0.0029586920799,0.0584839232727
2047,0.0891085272198,0.209242336753,-0.655752076896,2.71678483122,0,8.20239488929,0.00677748106247,0.0718792983793
2048,0.0835130775506,0.200425293422,-0.61212808817,2.70115067162,0,7.04888604618,0.000218749137605,0.0642687712977
2049,0.0876426241739,0.188607061361,-0.495960087894,2.69757194692,0,7.88569990464,0.00143348948884,0.0569065497273
2050,0.0561977341374,0.19188735504,-0.623044089283,2.71372315876,0,3.14389290959,-0.0261045398448,0.058766635505
2051,0.0761217320309,0.193881518351,-0.601543183482,2.70886859261,0,5.73658923374,-0.00908490298769,0.0631150892136
2052,0.0873351510553,0.198171257484,-0.479980408602,2.7131991472,0,7.82061582115,0.00332138835312,0.0653128737647
2053,0.0973042838892,0.196800122464,-0.509675389237,2.71053489906,0,10.1830211638,0.0108148359866,0.0616941266296
2054,0.0683226351669,0.190494087434,-0.530598007141,2.70979533951,0,4.57573949844,-0.0152749602851,0.064442884099
2055,0.103493189269,0.188709183967,-0.473278529091,2.70148190454,0,11.9440336064,0.0159503660401,0.0657347273163
2056,0.0663138228529,0.191683946526,-0.587023080462,2.70658932505,0,4.30944576618,-0.0178956247869,0.0583395253388
2057,0.0574608793112,0.202333032256,-0.585826269389,2.70317287947,0,3.27469631655,-0.0239099971592,0.0623889590825
2058,0.0805074627763,0.207828935968,-0.533814915224,2.72144583456,0,6.48803859756,-0.00123976172559,0.071072599479
2059,0.0676607191393,0.193220875055,-0.540544386345,2.70146081347,0,4.48660638121,-0.0159620845103,0.057801389967
2060,0.0821321510694,0.200814902688,-0.624857976696,2.70352770977,0,6.78636467178,-0.00246099679816,0.0603390035758
2061,0.114833556926,0.19533217063,-0.534824499134,2.70898351114,0,15.8859491253,0.0268991456787,0.0555443087928
2062,0.0770079093612,0.190914852179,-0.540882331691,2.70552220372,0,5.88232718844,-0.00836907950984,0.0557658005133
2063,0.0977511112823,0.189009904676,-0.513032233189,2.71713228803,0,10.3020303144,0.0111896125459,0.059480684621
2064,0.0802778191583,0.187698940027,-0.538181081361,2.70724729671,0,6.44676831056,-0.0049317279847,0.0595124572383
2065,0.0811468014231,0.191739488334,-0.531238642445,2.70335542768,0,6.60409875014,-0.00362107971892,0.0567061350666
2066,0.105021110953,0.195755422778,-0.438806007092,2.71014719992,0,12.4182019506,0.0176079154145,0.0612369813428
2067,0.0596418508292,0.194078354666,-0.525068238401,2.70029976388,0,3.5099435599,-0.0240032371202,0.0585933753637
2068,0.0810405425997,0.199657408431,-0.609084693324,2.71341435583,0,6.58469030209,-0.00258534388212,0.0590694871365
2069,0.0480251249558,0.203883807291,-0.6098725206,2.71955006782,0,2.3860388857,-0.0344460441245,0.0603743380193
2070,0.0802848082021,0.188678374266,-0.438213577273,2.71076822203,0,6.44802110981,-0.00624247457484,0.0643679573193
2071,0.0927413400965,0.193212069454,-0.547424891808,2.7037964936,0,9.03470099573,0.00668980074105,0.0618900692714
2072,0.0764385837999,0.199068590271,-0.58185195501,2.704238723,0,5.78835353293,-0.00864225024249,0.0564305152446
2073,0.0798245933403,0.197534237999,-0.587035597527,2.70918232526,0,6.36595791976,-0.00233613255095,0.062253690579
2074,0.0842003558132,0.183974531801,-0.469397694916,2.70456606704,0,7.18269275652,-0.00177558767711,0.0609960813536
2075,0.0865203979149,0.203796382915,-0.509267896161,2.71765294496,0,7.65036270224,0.00191172579517,0.0667258621851
2076,0.0710130840544,0.200348209355,-0.57966678727,2.70405667241,0,4.95257634347,-0.0124208825219,0.0605610694294
2077,0.0818861952587,0.198269220781,-0.524920133429,2.70865042025,0,6.74047929644,-0.00354012393331,0.0668008585367
2078,0.0978820792808,0.186294193047,-0.503070246483,2.70785420562,0,10.3371428207,0.0098406547552,0.0578579382212
2079,0.084249840679,0.203167071996,-0.623462165575,2.71114418668,0,7.19240910578,-0.00058395272007,0.0618988456911
2080,0.0924007771814,0.187612997687,-0.50580208662,2.70255853206,0,8.9537001482,0.00538510758044,0.0597532506719
2081,0.0718589405998,0.189853658607,-0.600713234271,2.72299032119,0,5.07602793797,-0.0122534690489,0.0644983188279
2082,0.0783952802624,0.18937269807,-0.452597763898,2.70480057046,0,6.11659596875,-0.00685731732634,0.0602005029939
2083,0.0965771190536,0.191449157083,-0.453761431703,2.69908875276,0,9.99191810489,0.00957999773883,0.0556401769396
2084,0.0823974607561,0.186681499508,-0.551142011989,2.7031645348,0,6.8361538972,-0.00322646039127,0.0594559215052
2085,0.0808740555886,0.189905960463,-0.545663094805,2.70634255955,0,6.55437676814,-0.00480646730285,0.0579099873885
2086,0.0846986113027,0.191652351278,-0.56975894201,2.70512936302,0,7.28103315268,-0.00185892139964,0.0600428044708
2087,0.0831679724948,0.192853194093,-0.50878295105,2.70570697695,0,6.98249324987,-0.00215179821294,0.060487855791
2088,0.0776641267979,0.191582527821,-0.479793501049,2.71721254184,0,5.99219533191,-0.00715627808429,0.0671104185606
2089,0.105165868815,0.191116850637,-0.513949374196,2.7199232211,0,12.4639817073,0.0182608292251,0.05927147416
2090,0.0962744541914,0.200008837861,-0.593539169764,2.70157089158,0,9.91330502688,0.0109732083256,0.0634164443636
2091,0.0988909853646,0.197529027318,-0.581107880232,2.70596982106,0,10.6111688939,0.0136935664361,0.0647024948881
2092,0.112501044988,0.189971917381,-0.528202422343,2.70866736674,0,14.9909586119,0.0259919496992,0.058639882705
2093,0.0836231975526,0.190991941083,-0.541552968452,2.71059360925,0,7.07018292223,-0.0015272599313,0.0565830206923
2094,0.0716259010345,0.192014787719,-0.569723194956,2.70564490457,0,5.0417726121,-0.011931205352,0.0616593184044
2095,0.074972313215,0.188161212487,-0.485456435376,2.70384936936,0,5.55197496066,-0.0103698111399,0.0619948200707
2096,0.0909754581704,0.208189366051,-0.606716876603,2.71714769469,0,8.62146655921,0.00645928257845,0.0601982269443
2097,0.0882404250821,0.198418392942,-0.617269483277,2.71039535487,0,8.01356293824,0.00414742451926,0.0543298833686
2098,0.0846701916564,0.1985853847,-0.565080379184,2.71075507598,0,7.27539355549,0.00029449507509,0.0645358654292
2099,0.0685499514583,0.196534965931,-0.630502786798,2.71178641371,0,4.60666967658,-0.015379436792,0.0611174385463
2100,0.0924062073619,0.193243054935,-0.502746172158,2.70517573072,0,8.95498673776,0.00696841101324,0.0614050408754
2101,0.0844936100559,0.20107207575,-0.451163498801,2.70568893108,0,7.2404353572,8.7713852074e-05,0.0599092425879
2102,0.107922811148,0.189895919684,-0.53469167554,2.70593189355,0,13.3650796846,0.0208705133728,0.0560252367587
2103,0.0913382013463,0.190219735038,-0.49138625992,2.70107743773,0,8.70499375719,0.00638256970223,0.0557401296831
2104,0.0887263316799,0.190240842798,-0.546219711244,2.70658675324,0,8.11879464605,0.00213681922903,0.056525368238
2105,0.114963889656,0.190992252975,-0.538515964961,2.70756710891,0,15.9373534868,0.0271765681289,0.0600446908485
2106,0.0876196929992,0.187652074506,-0.508019473732,2.70564445988,0,7.88083007821,0.00161704877852,0.0618370239676
2107,0.0689208048896,0.201169129549,-0.606413513944,2.70173565612,0,4.65748491808,-0.0150624677463,0.0531989297697
2108,0.0791398030529,0.191888389394,-0.499156392985,2.70293140682,0,6.24545688856,-0.0047734601842,0.055380839843
2109,0.0941765278024,0.200049117783,-0.613932719007,2.7027985779,0,9.38306933196,0.00777155672536,0.0582443164115
2110,0.0961561869703,0.193404713291,-0.556371090582,2.70561915344,0,9.88273385884,0.00842623875702,0.0622448807606
2111,0.0931722619087,0.19777487782,-0.632330807454,2.7070586254,0,9.13810185427,0.00658033421246,0.0599413665951
2112,0.0952526772878,0.194024813124,-0.597665420588,2.70906022471,0,9.65188581199,0.00919634193572,0.0630585994322
2113,0.0937323987852,0.183131016184,-0.423962958818,2.70682814777,0,9.27404042651,0.00548853314906,0.0650375696264
2114,0.117616259224,0.196235357292,-0.513101821089,2.70893982248,0,17.0167562728,0.0297146669496,0.061351362949
2115,0.101488832105,0.185744532201,-0.481938092201,2.71342852406,0,11.3463908631,0.0143125493735,0.0600593633239
2116,0.0882618055386,0.192521279949,-0.527798473582,2.7110178378,0,8.01816859421,0.00302067827391,0.0575495022569
2117,0.07232621057,0.192519433634,-0.542582407922,2.70540721328,0,5.14527713545,-0.012920944795,0.0630582797919
2118,0.0906499154194,0.193153419702,-0.53589202769,2.70278555697,0,8.54709422764,0.00409738808772,0.0567468644877
2119,0.0955964894076,0.195003676026,-0.571630038112,2.7030350567,0,9.7391698294,0.00841866015044,0.0556328867181
2120,0.0755508418511,0.190550114547,-0.534483407376,2.71286079996,0,5.64427896505,-0.00812011142481,0.0580642224212
2121,0.0979611307475,0.197956666386,-0.463629145686,2.71319913829,0,10.3583872477,0.0126337129434,0.0613246837736
2122,0.0686154666415,0.195987292763,-0.496808709658,2.7097347363,0,4.61561469446,-0.0145647862801,0.0607328319529
2123,0.0794902070859,0.193958894217,-0.51415065637,2.70808903446,0,6.30687793373,-0.00488056153227,0.0557808335769
2124,0.0790610193575,0.193928556216,-0.520349080269,2.71931536762,0,6.23171569905,-0.00433438818859,0.0597914958882
2125,0.0869459080891,0.192930442708,-0.557546092738,2.71623953456,0,7.73888041509,0.00239856847337,0.0588600333956
2126,0.0781246307455,0.200457311809,-0.620104018197,2.70890514564,0,6.07030077925,-0.00612333502645,0.0625259430483
2127,0.0853822553517,0.184015899076,-0.500459533485,2.70252370177,0,7.4178145825,-0.000521748734706,0.0579991751809
2128,0.0737555231276,0.18926287097,-0.508085525155,2.70614519559,0,5.36184357699,-0.0109066117747,0.0603980755255
2129,0.0723064007612,0.186266944455,-0.491527475944,2.69610567889,0,5.14232598902,-0.0128314808783,0.0604640281055
2130,0.0751414596339,0.198524344125,-0.557610316456,2.70260165882,0,5.57883387496,-0.00966552289732,0.0555452771665
2131,0.0814200401486,0.195574469542,-0.503193973902,2.73095175005,0,6.65422603938,-0.00267591765336,0.0624400409495
2132,0.0736435918636,0.200874200991,-0.513011219967,2.70305872717,0,5.34462253725,-0.00924731784373,0.0631638831162
2133,0.0722029396127,0.197177796624,-0.520432668693,2.70875919922,0,5.12693509856,-0.0127548841273,0.0654523618514
2134,0.0608249370496,0.203574709302,-0.533514496582,2.71472481725,0,3.64271292471,-0.02190507862,0.0607344653758
2135,0.071419056291,0.182984436517,-0.529598741079,2.70577419005,0,5.01152338157,-0.0140915261704,0.0645505972597
2136,0.0637078255758,0.195404059842,-0.555748954452,2.72082228248,0,3.98216297331,-0.0207710799156,0.0633830203277
2137,0.0774290521049,0.193860221018,-0.462581196532,2.70877148871,0,5.95264515533,-0.00765253765509,0.0575458212481
2138,0.0661840106014,0.19613401268,-0.527788882629,2.7235652025,0,4.29266486551,-0.0164524531572,0.065978306527
2139,0.0911948493197,0.198993683077,-0.568560969695,2.70612164475,0,8.67190175859,0.00586834517842,0.0561565387867
2140,0.0872436064723,0.195446853288,-0.577716209465,2.70723511292,0,7.80132692673,0.00242994814279,0.0639725032818
2141,0.0752307159177,0.194739782024,-0.530010107456,2.71930301823,0,5.59304960261,-0.0111597925193,0.0568159433665
2142,0.0917656164461,0.194077426112,-0.508067072711,2.71477842119,0,8.80430757009,0.0057106189136,0.058644542621
2143,0.0661182044742,0.205862463837,-0.61131019277,2.70645666949,0,4.28417756208,-0.0172771864521,0.0573877969314
2144,0.0882272484324,0.195477849282,-0.53627857324,2.70894528477,0,8.01072562607,0.00283038113932,0.0618721328946
2145,0.0899233851546,0.194554836481,-0.588591955431,2.71787287326,0,8.38310191184,0.00506747917079,0.0596865618284
2146,0.0641029550179,0.20427763828,-0.641577859059,2.70752657605,0,4.03050770586,-0.0176259485721,0.068677270639
2147,0.0992262764961,0.189249894615,-0.510817964619,2.71110705757,0,10.7036380668,0.0130099449828,0.0629455380233
2148,0.0701152164672,0.196599872235,-0.534207075864,2.71623010093,0,4.82417366388,-0.0130597717449,0.0617309076839
2149,0.0832377073094,0.194493367513,-0.552455969966,2.69811076544,0,6.99586653713,-0.0018281275382,0.0578036778534
2150,0.0712189939114,0.194035468825,-0.49654425435,2.7122649505,0,4.98240458552,-0.0117543818605,0.0638790912157
2151,0.0807182985349,0.201312816816,-0.572702479909,2.70077988464,0,6.52612241613,-0.00293306623265,0.0606156733306
2152,0.0833077340528,0.19559004263,-0.560701324079,2.71991652878,0,7.00931748566,-0.00189722653455,0.0602918852444
2153,0.0706088569739,0.196311873349,-0.527873761588,2.70626263267,0,4.8944351238,-0.014535868314,0.0615587425675
2154,0.082106018106,0.205950946643,-0.594806697195,2.70640705123,0,6.78147693048,-0.00239807835881,0.05633637778
2155,0.0727568854743,0.183850794539,-0.503818288387,2.71641470886,0,5.20977454703,-0.0123991888165,0.0572311139862
2156,0.0846691502768,0.194049546799,-0.525121180695,2.70594611169,0,7.27518697418,-0.000776837214658,0.0573438933393
2157,0.0677122931488,0.197066558122,-0.577100572623,2.71549717796,0,4.49350178847,-0.0152761491962,0.064125617535
2158,0.102094765154,0.199200174404,-0.492527630901,2.70916505885,0,11.5242065829,0.0157523931321,0.0588952738265
2159,0.0704088451658,0.201601563472,-0.592980096413,2.71918077997,0,4.86586913274,-0.0118333553756,0.0654569350256
2160,0.073664345003,0.204961074833,-0.648849561057,2.72054526504,0,5.34781209605,-0.00943195197176,0.0615541128528
2161,0.0898749012063,0.197693998255,-0.543976354526,2.71031281715,0,8.37225507337,0.00582491684223,0.0604106254114
2162,0.0765987731455,0.193605266126,-0.509132890111,2.71200175418,0,5.81466912562,-0.00795641813573,0.0602522193935
2163,0.0952531122308,0.196487279151,-0.525984742479,2.69295377266,0,9.65199579937,0.00907541180343,0.0532736754873
2164,0.0628722253797,0.204661823101,-0.613769559284,2.71121431884,0,3.88139293273,-0.0207927003873,0.0616009049232
2165,0.0844745931265,0.203722914921,-0.654154979674,2.70378438213,0,7.23667901998,-0.000286061252495,0.0581508248255
2166,0.102150628222,0.191891943506,-0.528044983965,2.7077453132,0,11.5407234427,0.0156226083852,0.06300436818
2167,0.0972965723401,0.1961588357,-0.545210500801,2.71189372042,0,10.1809778656,0.0103849213927,0.0586945618969
2168,0.0990042465119,0.190012950862,-0.468319357761,2.69779528759,0,10.6423260751,0.0123154388481,0.059729557468
2169,0.0960878618294,0.198941377879,-0.583009028506,2.70598377513,0,9.86510988017,0.0101454101631,0.0615511648218
2170,0.0842186268965,0.203683512452,-0.603686672585,2.70746445884,0,7.18627899117,-0.000417008460507,0.0667600096772
2171,0.0910025344556,0.198511313828,-0.598030258834,2.70431641969,0,8.62767734186,0.00634004447601,0.0619083776583
2172,0.0790176457859,0.188035731484,-0.471591168377,2.70901784292,0,6.22416132416,-0.00608628991053,0.0570043129361
2173,0.0788640000173,0.195119930045,-0.547517242851,2.72305231177,0,6.19746184161,-0.00640036090715,0.061003883632
2174,0.0722491829821,0.189199325573,-0.525053180619,2.70709729555,0,5.13380967801,-0.0114150922996,0.0628690882183
2175,0.074157889132,0.202569778363,-0.62009845812,2.7138958798,0,5.42412102275,-0.00828825352959,0.067071237089
2176,0.0911861424487,0.196846502748,-0.567145844745,2.70678163015,0,8.66989532598,0.00629706913068,0.0646548282826
2177,0.0760887427152,0.19794351394,-0.591367934884,2.70890259278,0,5.73122161371,-0.00846903923727,0.0606917698091
2178,0.0871248266079,0.190842322089,-0.516625897206,2.70312716789,0,7.7763598708,-0.000145998251109,0.0620390466467
2179,0.0725159283857,0.202121861118,-0.593428510316,2.73201090461,0,5.17360929524,-0.0108609479931,0.061396478582
2180,0.0980955877314,0.18865543166,-0.505585965544,2.69707951597,0,10.3946094008,0.012693873918,0.0611889648462
2181,0.0782418829923,0.19345342162,-0.537478110446,2.71023728568,0,6.09032136841,-0.00591290092945,0.0572459287464
2182,0.0843425329617,0.188027014582,-0.542763429859,2.71381031719,0,7.21063908808,-0.000282943398069,0.0585057788516
2183,0.0968741817899,0.199305718634,-0.589434740621,2.71398787759,0,10.0696054181,0.0118886248291,0.0662068137042
2184,0.088755788078,0.200183470638,-0.544177377096,2.7174556871,0,8.1252117852,0.00361752237817,0.0610087268463
2185,0.0953716576154,0.196602993996,-0.524329160419,2.70735964277,0,9.6820140289,0.00970575705512,0.0568974374937
2186,0.0967611952629,0.202653304421,-0.562738681659,2.70542609644,0,10.0399953728,0.0114771450121,0.0593338822067
2187,0.0840540430074,0.19867584895,-0.570461911113,2.72020602078,0,7.15402902127,-0.000230634620727,0.0586932055766
2188,0.0711307257939,0.203966867075,-0.587199981767,2.71462362844,0,4.96960044852,-0.0111652188573,0.0618665460868
2189,0.0868293535722,0.197323895772,-0.532625090603,2.71650978746,0,7.71454766813,0.00191601480232,0.0631915028624
2190,0.101059981777,0.201728627689,-0.553517986077,2.7131539096,0,11.2220111295,0.0148184672083,0.0626294410198
2191,0.0997922902296,0.193563921671,-0.461951333866,2.70203077553,0,10.8613465198,0.0130777555224,0.0591469373836
2192,0.0637828444009,0.194892540412,-0.537368623899,2.71292484812,0,3.99130715775,-0.0188156206586,0.0618517599962
2193,0.0791825357792,0.204138129915,-0.527252385192,2.70318719339,0,6.25292068654,-0.00437336218924,0.0582391689648
2194,0.0901836823447,0.188814755756,-0.491456818427,2.70205066063,0,8.44154232191,0.00373600561995,0.0581694088988
2195,0.0745807479124,0.19252675437,-0.542632176069,2.71600819081,0,5.49020190465,-0.0102894575101,0.0635612654297
2196,0.0893618198664,0.185376985825,-0.440870244137,2.70140890224,0,8.25820483848,0.00303723435695,0.06168194752
2197,0.0709470825013,0.196017796501,-0.571956473663,2.71869982146,0,4.94304561626,-0.0126201974681,0.0557869911548
2198,0.0764886379821,0.19953267277,-0.602576606613,2.70625050651,0,5.79656582235,-0.00804984967525,0.0594671230645
2199,0.0866950563531,0.189419132533,-0.538770348856,2.70852528898,0,7.68659160444,0.000527846476477,0.0646332575988
2200,0.105143511709,0.200667388612,-0.492191208865,2.70523648557,0,12.4569014665,0.0188859452267,0.060779567448
2201,0.0650159509436,0.194611503251,-0.596162898343,2.71872632596,0,4.1439456249,-0.0185340362008,0.0618017858893
2202,0.080672174384,0.19975449716,-0.519573386862,2.71114608637,0,6.51777500732,-0.00371209071294,0.0571837830156
2203,0.0808267261991,0.19397827526,-0.483672896392,2.70944357611,0,6.54578044054,-0.00272653240642,0.0626710476855
2204,0.0839455765559,0.198473707399,-0.536194495491,2.70519739472,0,7.13284200224,-0.000480066328656,0.0626567112902
2205,0.0706949416162,0.194597103435,-0.637466133614,2.71649484417,0,4.90677099548,-0.0124259632068,0.0653227741355
2206,0.0933927009234,0.19188498723,-0.51573001425,2.71136440111,0,9.19139211745,0.00683752872137,0.0584646213536
2207,0.0699811518563,0.199850175804,-0.617551229981,2.72101161522,0,4.80523130127,-0.0126217696726,0.0628445681115
2208,0.078866444993,0.198460691063,-0.513742337812,2.71103204438,0,6.19788596843,-0.00580838239171,0.0623058823293
2209,0.0543167385009,0.19301042183,-0.586630062128,2.71158760851,0,2.95621681747,-0.0303558055718,0.0620614238808
2210,0.0665770833607,0.200880231088,-0.618751437505,2.71847429781,0,4.34363481425,-0.0155059751562,0.066316655915
2211,0.0647535733206,0.20044317008,-0.511741698959,2.71270998713,0,4.11109630702,-0.0182682009683,0.0610414661542
2212,0.0830625745855,0.200006132827,-0.616874933827,2.70579602066,0,6.96232153684,-0.000721383404024,0.0607491457449
2213,0.110398385701,0.194741243355,-0.53702349599,2.71592300197,0,14.2233987174,0.0229411212728,0.0605256036403
2214,0.0971894859881,0.193452852588,-0.460180169965,2.71319228016,0,10.1526407022,0.00996124550351,0.0536689264894
2215,0.0805918824319,0.200274683802,-0.619618917169,2.70626248679,0,6.50326524581,-0.00274592102355,0.0582508305655
2216,0.0991011134275,0.201857118115,-0.620271029545,2.70904336683,0,10.6690371066,0.0137298355729,0.0638105894068
2217,0.0753414856352,0.195346515371,-0.605520228354,2.70576982484,0,5.61073282194,-0.00924584966396,0.0639249971665
2218,0.0961971634995,0.196695336018,-0.513611061885,2.72234475061,0,9.89331664235,0.0103565740158,0.0596221593866
2219,0.0908297795309,0.200362999641,-0.54152006752,2.71837927482,0,8.58811672968,0.00619416528561,0.0607701089778
2220,0.0859286695307,0.20399796865,-0.603379285436,2.71867757636,0,7.52869895171,0.00190662911184,0.0616398344986
2221,0.108116471025,0.188583566038,-0.430438067772,2.69938513933,0,13.4305106987,0.0205572682879,0.0617592444053
2222,0.0719629613524,0.191373412203,-0.573629512241,2.71486134315,0,5.0913785356,-0.0122011060706,0.0559471334415
2223,0.102739137015,0.196840798517,-0.593559588604,2.7087644845,0,11.7160034547,0.0150143118168,0.0598869181299
2224,0.0677293585729,0.197512781349,-0.562483032227,2.71648731558,0,4.49578525736,-0.0150781294,0.0634007045608
2225,0.0777059671718,0.184999008224,-0.461931735523,2.71590383134,0,5.99925741283,-0.00857073807059,0.056177197941
2226,0.0756730402985,0.204796299528,-0.599328798126,2.71315788405,0,5.66393499249,-0.0072456519131,0.0698989874871
2227,0.0938206924476,0.206234883554,-0.629086974601,2.71742531897,0,9.2956275246,0.0091886957692,0.0647375906266
2228,0.0807565766434,0.194658481663,-0.598618454717,2.72385778132,0,6.53305663839,-0.00406701301431,0.0612426746562
2229,0.0580717371231,0.19643866929,-0.563901515507,2.71530965029,0,3.33936836251,-0.025806861292,0.0617764515691
2230,0.0926997787207,0.191245082922,-0.51591304581,2.70746037716,0,9.02478202247,0.0075362288278,0.0565194183958
2231,0.0828740773367,0.195054845234,-0.495042715689,2.7104221105,0,6.92636790104,-0.00148179719277,0.0619435246615
2232,0.0775428843878,0.205585402079,-0.597608337536,2.72039170412,0,5.97176994771,-0.00454010669746,0.0607318773144
2233,0.0905281712815,0.191145642458,-0.576986973033,2.70186517041,0,8.51942326817,0.00477574901234,0.0581306784714
2234,0.089580480788,0.199855892204,-0.591941249302,2.69819317872,0,8.30664573042,0.00430650801352,0.0578060200241
2235,0.0988602073436,0.197491571696,-0.575239817079,2.71912082396,0,10.602715985,0.0135761465905,0.0583330843117
2236,0.0809104774699,0.196402211116,-0.523900021675,2.71361981559,0,6.56099840082,-0.00370982074287,0.0562124545355
2237,0.0855652704194,0.19814269205,-0.564409124407,2.7095840244,0,7.45479871127,0.00176164295059,0.0609167308169
2238,0.0738284762914,0.20415363693,-0.59212540462,2.72230389677,0,5.37309187515,-0.00912098890774,0.0650970199019
2239,0.100993098994,0.184785863973,-0.455957845907,2.71376819289,0,11.2027220056,0.0134235863135,0.0616520878015
2240,0.0918651521109,0.197196161201,-0.626015194041,2.71178848375,0,8.82757548598,0.00665602131241,0.059535216924
2241,0.0895404515123,0.198504989556,-0.559789146721,2.70311153667,0,8.29775968815,0.00510608543041,0.063363384722
2242,0.0813114969749,0.191502619754,-0.487173679049,2.70718154643,0,6.63427521787,-0.00510481165173,0.0571803750941
2243,0.0915696427497,0.196093471263,-0.492116550391,2.71137390616,0,8.75865057682,0.00641749336693,0.0672483831128
2244,0.0798927844444,0.189318841767,-0.549263911938,2.70868512595,0,6.37806230769,-0.00585641942895,0.0578816291162
2245,0.089890305156,0.203426927582,-0.61405150082,2.702107682,0,8.37569994059,0.00442494736028,0.0572302935124
2246,0.104711189604,0.185755758806,-0.42716313609,2.70775244772,0,12.3206918603,0.0177072242497,0.0607157408872
2247,0.0914798678369,0.200462682366,-0.520878963333,2.70700034522,0,8.73780359979,0.00710347637072,0.0555499855836
2248,0.0958285080569,0.19298209996,-0.479094052167,2.70756992989,0,9.79846090481,0.0105966349444,0.0629724633869
2249,0.0999531332781,0.183271887029,-0.517017778416,2.6988609405,0,10.9065337806,0.0119451333326,0.0577315033817
2250,0.0875098263149,0.193173451688,-0.513239313465,2.70850553451,0,7.8575335924,0.00231539892734,0.0632082897963
2251,0.0798502856254,0.203461262844,-0.54330860922,2.71742943892,0,6.37051623275,-0.0031582570836,0.0684103984273
2252,0.0911729042786,0.197089337461,-0.611311530141,2.72126734841,0,8.66684545662,0.00542959142966,0.0560242648657
2253,0.093146969529,0.19511981645,-0.465280662509,2.69769900718,0,9.13200468362,0.00641045560608,0.0567617998515
2254,0.0797550098457,0.19926572186,-0.635246660438,2.71058858451,0,6.35362605748,-0.00589856653196,0.0588290803423
2255,0.0865482583723,0.193537467064,-0.598131320312,2.71292848459,0,7.65613196216,0.00176438575326,0.060525022121
2256,0.0685951356446,0.20262199727,-0.585631565869,2.70496762137,0,4.6128373647,-0.0150568868453,0.059103534493
2257,0.0790079124149,0.195257604804,-0.533226405454,2.70317635264,0,6.22246710571,-0.0055034488084,0.0599875957731
2258,0.0839432429083,0.204375796588,-0.554864244615,2.72283549224,0,7.1323867473,0.000643469817833,0.06412250325
2259,0.0492580297873,0.197317956704,-0.61742740183,2.70973602699,0,2.49114932202,-0.0338990232748,0.0640299879277
2260,0.0736953166745,0.204281386486,-0.605964236097,2.72047961864,0,5.35257501297,-0.00994393742665,0.0622813314323
2261,0.0551010883367,0.203984086,-0.572450790274,2.71541591213,0,3.03345981205,-0.0264411880665,0.062815774019
2262,0.0746216929452,0.194887104747,-0.521056164634,2.70546939617,0,5.49663505149,-0.0101368865204,0.0604902116272
2263,0.0797227397517,0.189583078828,-0.471601447897,2.71220552261,0,6.34791376397,-0.00470536466035,0.0626811597887
2264,0.0754943280956,0.20438522111,-0.653966880652,2.70973878254,0,5.63520740329,-0.0079611852163,0.06873989619
2265,0.0626651716494,0.196710620152,-0.519976884994,2.71723929667,0,3.85672772678,-0.0204534436372,0.0676620060574
2266,0.079800131923,0.199801701463,-0.548651014357,2.71291621166,0,6.36162050584,-0.0050179751091,0.0566633217036
2267,0.0738476548249,0.193220643651,-0.570411206344,2.70924555195,0,5.37605209411,-0.00960358451188,0.0570791381853
2268,0.0793037647026,0.198530954467,-0.553033397953,2.70256736799,0,6.27413507224,-0.00520204568967,0.0620294461377
2269,0.0882039321933,0.196627641808,-0.579560514866,2.70480419405,0,8.00570707246,0.00297217193141,0.0602668083791
2270,0.0850136622302,0.18705615764,-0.537571314768,2.70191877598,0,7.34379996371,-0.00136708153799,0.0540938631547
2271,0.0965576549095,0.194182511724,-0.48512715663,2.71186801953,0,9.98684621906,0.0101241789161,0.0604694246624
2272,0.077864362098,0.189571814032,-0.512225107622,2.7123190664,0,6.0260544811,-0.0073057903057,0.0629011356618
2273,0.0718900562886,0.199280571318,-0.569186129232,2.71080392768,0,5.08061585303,-0.0123114148931,0.0590435954364
2274,0.0845628065477,0.186678261035,-0.5234914604,2.70711037823,0,7.25411736665,-0.000892409034926,0.0581447551786
2275,0.105937780016,0.188962886783,-0.457317742756,2.69901685309,0,12.7106459214,0.0183304531548,0.0647156352255
2276,0.0966634052891,0.192441357599,-0.49787409694,2.7065585498,0,10.0144293381,0.010046188578,0.0539412038068
2277,0.0844094944457,0.196759070932,-0.483265156535,2.71258013157,0,7.22383280145,-0.00059877733373,0.0599722984367
2278,0.0637775595492,0.197651525319,-0.546767867983,2.71529115494,0,3.9906624493,-0.0195346287088,0.060137519951
2279,0.0989848247424,0.195272705259,-0.552922773495,2.71135090251,0,10.6369776064,0.0133808226574,0.0628914845238
2280,0.0931182846564,0.197497753549,-0.497260025599,2.72530494597,0,9.1250939602,0.00801199205528,0.0602599013606
2281,0.0979003330774,0.192266604709,-0.490988320535,2.70998958128,0,10.3420449821,0.0121236941843,0.0643854869371
2282,0.0772395191257,0.198565179116,-0.522042121289,2.71638643136,0,5.92091387063,-0.00695218787641,0.0636353189591
2283,0.0737047362858,0.193616225167,-0.510735943469,2.70839979146,0,5.3540242705,-0.0114282677826,0.0618570195547
2284,0.0799786591153,0.191282038693,-0.529368212934,2.7138099361,0,6.39333286047,-0.00448369802739,0.0654331336581
2285,0.0883639059503,0.18850625478,-0.483879778572,2.70750563693,0,8.04019370484,0.00184530030696,0.0542105282268
2286,0.0875576343304,0.19789436756,-0.520923503467,2.70786393462,0,7.86766372732,0.002344972485,0.0587118388218
2287,0.100280068335,0.190837763086,-0.568995604066,2.70663601097,0,10.9988936578,0.0132453018834,0.0633591650511
2288,0.0819867766712,0.194015133073,-0.575918292126,2.70717908173,0,6.75921219685,-0.00304103817909,0.0628664597869
2289,0.0929829523851,0.192950217754,-0.526657947894,2.70877728442,0,9.09255096632,0.00598950225117,0.0585291349929
2290,0.0998626535481,0.191245692844,-0.48878015431,2.70294160697,0,10.88109407,0.0128657686845,0.0585487165611
2291,0.0872709978933,0.202284907527,-0.545388983427,2.70614989585,0,7.80709417767,0.00332122945849,0.0579725689745
2292,0.0761991621355,0.1909398904,-0.52267591002,2.70946708096,0,5.74920388951,-0.00879207270432,0.0659672556597
2293,0.0829518213641,0.198211040551,-0.580443655147,2.70980334644,0,6.94117770584,-0.000725832158868,0.0619612839702
2294,0.0825375655361,0.20155672425,-0.55097117092,2.71296834915,0,6.86256996924,-0.00308521772989,0.059797430451
2295,0.0964822830138,0.192711114127,-0.510929696106,2.70110336044,0,9.96722734359,0.00995786484341,0.0566556967577
2296,0.0858763864166,0.202926256609,-0.549313484386,2.7078536937,0,7.51802862335,0.000384165567056,0.06263024243
2297,0.0955772563181,0.204722166299,-0.589990303702,2.71132819318,0,9.73426899485,0.0121998632185,0.0596639402145
2298,0.0744228917869,0.201342460756,-0.577270807768,2.71072681582,0,5.46545735857,-0.00862495200217,0.0583013437139
2299,0.0738054283426,0.195336910409,-0.56388262503,2.70695026001,0,5.36953615775,-0.00969993398279,0.0587407343711
2300,0.11340426822,0.206470650261,-0.633510090201,2.71985854027,0,15.3319782188,0.0270748455702,0.067812853666
2301,0.0902248233706,0.187886650864,-0.510412611178,2.69598394412,0,8.45081103604,0.00214064832961,0.0606192752332
2302,0.0788254466939,0.19847815139,-0.55588646652,2.71337738135,0,6.1907772218,-0.00445981478788,0.0614847831195
2303,0.0891768415701,0.203167049028,-0.524483750433,2.71096313241,0,8.21741518327,0.00407513226208,0.0619598291752
2304,0.0859458108932,0.200375393042,-0.565080337484,2.71154924143,0,7.53220008575,0.00144707297238,0.0599939600528
2305,0.0849774962209,0.201834055919,-0.584020449706,2.70600536631,0,7.33657152455,0.000219244263156,0.0576132311604
2306,0.0965378809365,0.198460564906,-0.570836476334,2.71181643047,0,9.98169590363,0.0113519759092,0.059243690261
2307,0.0912672471912,0.188061051494,-0.532268826632,2.71753935288,0,8.68860081074,0.00502095300091,0.0629213347324
2308,0.102721601945,0.200411242495,-0.572795744121,2.70670745114,0,11.710746972,0.0161952108325,0.0624709537321
2309,0.0786945072754,0.18957599078,-0.52398965691,2.70910186815,0,6.16811865239,-0.00671186298371,0.0562601995672
2310,0.0853691567699,0.194082172558,-0.515098903544,2.7121607999,0,7.41517356298,0.000841402916289,0.0575660485895
2311,0.0727778636046,0.199891673066,-0.562193412517,2.70654417,0,5.21293277652,-0.0111201583336,0.0598301172754
2312,0.0920601453437,0.196036525448,-0.549217887285,2.71997936403,0,8.87331199211,0.00728411665859,0.062752613717
2313,0.098875907872,0.192647440999,-0.524010403807,2.70601264774,0,10.6070272555,0.0127326289235,0.0598553885207
2314,0.0763628564739,0.19106246691,-0.490308201076,2.71409205083,0,5.7759472366,-0.00753694962622,0.0610102086803
2315,0.0946826409899,0.20293325764,-0.615417644095,2.70900616725,0,9.50867101003,0.00939059807576,0.0604773617035
2316,0.083800168633,0.185531351843,-0.519674446828,2.70926477427,0,7.10452214678,-0.00218796992304,0.0642243516112
2317,0.109415236803,0.198038427382,-0.535330554092,2.70698569273,0,13.8767824523,0.0218279823639,0.0585188165265
2318,0.0878747539993,0.179688806632,-0.45039117865,2.70964903128,0,7.93514141073,0.000682873352095,0.0561246124172
2319,0.0936053110301,0.199848390438,-0.516626165155,2.71442339045,0,9.24304487163,0.00952044949307,0.062818542121
2320,0.079272532299,0.192810782243,-0.568113703988,2.70686972973,0,6.26866387719,-0.00497515352085,0.0621909278748
2321,0.0881024417139,0.200452641776,-0.576383998354,2.70811602683,0,7.98389370094,0.00465774128472,0.0613285200478
2322,0.0860822611604,0.193396565833,-0.523404031121,2.71538361392,0,7.56011946693,-0.000722203389596,0.0568132443116
2323,0.0924085536821,0.184633947492,-0.506504399906,2.70240461423,0,8.95554270818,0.00588618737876,0.0567151404129
2324,0.0856498861919,0.193219944156,-0.552930935666,2.70757273749,0,7.47195084266,0.00185858422832,0.0623013812552
2325,0.0719434240854,0.194022904914,-0.586870519326,2.70648552259,0,5.08849253185,-0.0122024445939,0.0590491998014
2326,0.0660619920241,0.197569553208,-0.528866239732,2.7112063929,0,4.27693796246,-0.017033464443,0.0647679269422
2327,0.0837260958235,0.196717328687,-0.504940541086,2.71644165345,0,7.09013209925,-0.000133830166676,0.0624904519141
2328,0.0726519988283,0.197204088935,-0.576643642185,2.69850882579,0,5.19400714225,-0.0114433027826,0.0609580558804
2329,0.0875905840362,0.193832635516,-0.535741156523,2.71032246787,0,7.87465198934,0.00266593794347,0.0571605233068
2330,0.102092625054,0.184471051655,-0.475254162332,2.7114524525,0,11.5235742422,0.0150124907578,0.060905356427
2331,0.0837142445126,0.190030659681,-0.459698194517,2.70740971793,0,7.08783203843,-0.00171699975679,0.059738736813
2332,0.0852861635802,0.196669050445,-0.595199424071,2.71377981201,0,7.39845845455,0.000939798532214,0.0584043064356
2333,0.0904326163726,0.195381852258,-0.577858342438,2.70710528255,0,8.49775883471,0.00403142710285,0.0687233147093
2334,0.0871501329322,0.195382803228,-0.53510424153,2.72217827707,0,7.78167344408,0.00249297234226,0.0617742752417
2335,0.0797836790977,0.190380530506,-0.500459679579,2.70761838106,0,6.35870452925,-0.00596675318572,0.062142759176
2336,0.0733908242317,0.186524081718,-0.515098478266,2.70759240621,0,5.30589804696,-0.0112761172882,0.061304532652
2337,0.0721930950466,0.203448541617,-0.616404558521,2.70983046419,0,5.12547255357,-0.0107591737264,0.0598248272758
2338,0.0918091766463,0.187790243967,-0.518201876303,2.70494453546,0,8.81448387754,0.00494537705922,0.0582887657104
2339,0.08532435417,0.198093798583,-0.584659400155,2.70564891149,0,7.40614619912,0.000239623953097,0.0592963621708
2340,0.102185427241,0.199465052615,-0.576546177613,2.70861402534,0,11.5510229461,0.0162204928038,0.0634907173933
2341,0.0867002200717,0.202980474209,-0.606582250179,2.71333063112,0,7.68766491719,0.00237877610324,0.0613296312469
2342,0.0721906023926,0.20542995346,-0.627445445083,2.71240011837,0,5.12510228898,-0.0104178711542,0.06353300142
2343,0.0703178158052,0.192248169797,-0.499509489033,2.70484275081,0,4.85291230259,-0.0134231646789,0.0612205644804
2344,0.0864810067349,0.200421201816,-0.591323970381,2.72321441226,0,7.6422120038,0.00148533805885,0.061522930288
2345,0.0854680248828,0.194206554565,-0.504948785044,2.71500017928,0,7.4351276873,0.000776503552308,0.0566649625699
2346,0.0965808785305,0.194051047007,-0.578142149379,2.70928682345,0,9.99289799314,0.0105231010567,0.0594026160245
2347,0.0968790176175,0.187438586538,-0.491276060472,2.71660116841,0,10.0708744318,0.0101787609634,0.0600439758185
2348,0.0852474624894,0.192147652591,-0.583445125131,2.70175044846,0,7.39067484312,7.13049945863e-05,0.0585148478939
2349,0.0959813950309,0.182948129267,-0.390149015507,2.69973518247,0,9.83770222277,0.00847615993394,0.0587388960406
2350,0.0842050086541,0.182907842578,-0.495106358433,2.6924082114,0,7.18360586929,-0.00211232349956,0.0613115891265
2351,0.0848372983809,0.197655864467,-0.484820036673,2.71441772689,0,7.30860729059,0.000531647171167,0.0609578601831
2352,0.0732350253867,0.198963098751,-0.552719056795,2.70761979976,0,5.28214268145,-0.0112137847309,0.0561167496837
2353,0.0898978300945,0.190708814874,-0.500051991016,2.70202458732,0,8.37738322525,0.00457179975359,0.0568484131384
2354,0.0964524349562,0.199444397235,-0.517144048572,2.71173331417,0,9.95946737906,0.0110738675463,0.0633603849718
2355,0.0751374164619,0.198298185428,-0.530896356442,2.71335755217,0,5.5781906227,-0.00725130650213,0.0623144592629
2356,0.0947643515976,0.202934483768,-0.510965222312,2.7084053252,0,9.52908554579,0.00944300302498,0.0625385444099
2357,0.0773468477948,0.201499112303,-0.53834100471,2.71182132478,0,5.93886551039,-0.00654083275197,0.0610616804067
2358,0.0953877776387,0.192020398468,-0.504284308403,2.70703484582,0,9.686102241,0.00929616543439,0.0579843165939
2359,0.0783962663585,0.201562962962,-0.583099005469,2.71351506637,0,6.11676517434,-0.00562808691312,0.0581977347152
2360,0.0705356909689,0.195234127651,-0.49831496953,2.70274371856,0,4.88396996215,-0.0129218030572,0.0644939776871
2361,0.0875017570426,0.196469274012,-0.549610657446,2.70557345319,0,7.85582487627,0.00259168451596,0.0599011817886
2362,0.0733132454169,0.209257834174,-0.641760041021,2.71228330772,0,5.2940584725,-0.00814617948593,0.064016096026
2363,0.0662117888082,0.201739087633,-0.572611873848,2.71926806752,0,4.29625147508,-0.0170235748302,0.0597328861161
2364,0.0914971992236,0.194650128689,-0.504468326115,2.70668109784,0,8.74182484925,0.00683003287029,0.061703543335
2365,0.103435509908,0.196523620696,-0.589905444326,2.70777864139,0,11.926453039,0.0170169929138,0.0588030424331
2366,0.0824375063096,0.190556091341,-0.558668009672,2.70609079845,0,6.84369556808,-0.00197978216612,0.060114096486
2367,0.0735229738296,0.201514779411,-0.552396801659,2.72225941165,0,5.32611518394,-0.00788498893085,0.0665074479509
2368,0.0808427207377,0.190064270118,-0.488793615139,2.71864959241,0,6.54868443885,-0.00485187494887,0.0587809536289
2369,0.0796231310732,0.197584136261,-0.568771506033,2.70828657473,0,6.33030842341,-0.00623724336906,0.0576439048904
2370,0.100871099838,0.188425439366,-0.459203133109,2.70444707364,0,11.1676125819,0.0136636530344,0.0539453666212
2371,0.087964686696,0.202806994288,-0.638246679473,2.71303466008,0,7.95436724659,0.00490317333885,0.0674026474721
2372,0.075054955231,0.186269823775,-0.471759767925,2.70492347127,0,5.56508456224,-0.00995451554299,0.0567505908457
2373,0.0667882428831,0.187662441257,-0.506226294713,2.70617623758,0,4.37121051777,-0.0182986796584,0.061605827872
2374,0.0900812513774,0.189750786055,-0.490374797564,2.70720343757,0,8.41850347469,0.00316771216388,0.0554035023896
2375,0.0861229094871,0.201751861917,-0.55803682778,2.71917907153,0,7.56845357623,0.00186040250717,0.0613775698645
2376,0.0805087452955,0.199382576632,-0.551821552702,2.71688081779,0,6.48826970122,-0.00250436388189,0.0634448017215
2377,0.0695416053051,0.2002059004,-0.519117623605,2.70852958258,0,4.7435411437,-0.0137414301287,0.0608545876762
2378,0.0989442332082,0.189180084813,-0.486277162545,2.72047250959,0,10.6258069248,0.0121332347969,0.0590171341515
2379,0.0671262669184,0.20714095783,-0.616971864359,2.71380774178,0,4.4156387401,-0.0154196957156,0.0657399030417
2380,0.089533161949,0.204066827908,-0.654145659688,2.71920231745,0,8.29614236663,0.00515521749806,0.0621599912654
2381,0.0785785561887,0.189810873628,-0.468789979191,2.71235868096,0,6.14811108482,-0.00718729842648,0.0603901643003
2382,0.095147622323,0.199887835388,-0.55815127715,2.70521958905,0,9.62535171441,0.00914521049927,0.0633716472764
2383,0.0865911191649,0.199538805091,-0.576848671452,2.72015636878,0,7.66501467106,0.00266967916496,0.057762779451
2384,0.0883478971545,0.196145497773,-0.562380758428,2.70414892631,0,8.03673686999,0.00241838382253,0.0576582205815
2385,0.0949928452319,0.191409177998,-0.486145841053,2.70508712864,0,9.58637488964,0.00919300599357,0.0589431421654
2386,0.097375338768,0.198195209608,-0.542391152224,2.7047159641,0,10.2018651934,0.01086736836,0.0537785591505
2387,0.058422766776,0.20271347895,-0.578645317833,2.70555951065,0,3.37695674221,-0.0243448225919,0.0585053843153
2388,0.0703711793547,0.206876499453,-0.596681439961,2.71203908915,0,4.86050455931,-0.0126047834968,0.0610969811255
2389,0.0745019375296,0.193386277368,-0.479119904502,2.71567965584,0,5.47783671764,-0.0107637543715,0.0595336230077
2390,0.080483360577,0.199800300781,-0.539596045685,2.70371635472,0,6.48369677476,-0.00420451904672,0.0645924131852
2391,0.0577591541453,0.215002896505,-0.603295963954,2.72277814999,0,3.30615828382,-0.0226852989601,0.0667235524818
2392,0.0870378575587,0.196213330933,-0.583048408119,2.7110856375,0,7.75812252253,0.00357594967595,0.0655609836936
2393,0.0950404327924,0.196671218337,-0.540467297603,2.70540230881,0,9.59834399252,0.00900149705609,0.0550626164846
2394,0.095716946901,0.19348489869,-0.532940627806,2.70537923571,0,9.7699128919,0.00836486586345,0.062377001495
2395,0.0921936124213,0.204862071415,-0.530748129632,2.71252038942,0,8.9047351854,0.00839356855346,0.0624419167588
2396,0.099491097567,0.189988645417,-0.554778485689,2.70811986934,0,10.7771725443,0.0123742802277,0.0583257348923
2397,0.0871546498411,0.191644685576,-0.546958407584,2.71454752156,0,7.7826221855,0.00214745117136,0.0637102320101
2398,0.0837523157002,0.191999230112,-0.493759706115,2.71185652364,0,7.09522299609,-0.00278598030876,0.064347166188
2399,0.103289907655,0.188819936348,-0.528001980325,2.70111762142,0,11.8821758013,0.0155932498153,0.0541710662495
2400,0.0775005107775,0.19112863879,-0.542638663145,2.71426613351,0,5.96464491782,-0.00841922704307,0.0545667739517
2401,0.100003514292,0.190938538046,-0.469207304341,2.70321714699,0,10.9207218391,0.0132490032223,0.0614571355495
2402,0.0896107669573,0.201790545261,-0.620879408829,2.71894240221,0,8.31337434015,0.00639374803823,0.0588797706294
2403,0.0678358939227,0.205234858311,-0.640012157773,2.71600594036,0,4.51006105242,-0.0142586611841,0.0599833910904
2404,0.0751442888999,0.18605814508,-0.551278490595,2.70513873011,0,5.57928403568,-0.0101451648346,0.0616792232155
2405,0.0707625340344,0.202390334343,-0.59085303728,2.70610595906,0,4.91647433767,-0.0121350112483,0.0615690252871
2406,0.0973762481002,0.183450231487,-0.527699466774,2.70966180384,0,10.2021065495,0.0103855910813,0.0544814655551
2407,0.0706908246042,0.200798289301,-0.574243948915,2.71516531898,0,4.90618046563,-0.0126475672689,0.0643934692482
2408,0.0668379446062,0.195116331771,-0.539306054735,2.71404504265,0,4.37772102118,-0.0164584063309,0.0608962112717
2409,0.0657057967286,0.193821450506,-0.59851666421,2.71308626714,0,4.23128478198,-0.0175563503256,0.0578135343649
2410,0.0672352625591,0.195564285739,-0.55618495336,2.71687338292,0,4.43003977921,-0.0166461179761,0.0689257122577
2411,0.0777531482368,0.199535804885,-0.596744132514,2.7097467973,0,6.00722915651,-0.0060404244488,0.0612303361252
2412,0.0853150160703,0.200928559314,-0.65953551086,2.71806185561,0,7.40426582009,0.00182841562962,0.062486272183
2413,0.0901423956108,0.18690907974,-0.479389688894,2.7174704684,0,8.43224956835,0.0037367858717,0.0584360049987
2414,0.0965514227547,0.188140049247,-0.513122886476,2.70655868981,0,9.98522274572,0.0108627787984,0.0619441079352
2415,0.076579658541,0.197023688054,-0.578187363163,2.69685028941,0,5.81152386935,-0.00846291312842,0.0606945653628
2416,0.0818001097649,0.199356843705,-0.491609408631,2.71199775542,0,6.7244807495,-0.00289951928389,0.0575603072216
2417,0.0738576340437,0.205501569738,-0.598424130592,2.72804468987,0,5.37759291585,-0.00844577430664,0.0626381383729
2418,0.0798634488433,0.201629806648,-0.494334735525,2.71682081567,0,6.3728526953,-0.00389133328187,0.0611323080973
2419,0.0618626661518,0.186600617238,-0.497218908822,2.71169147073,0,3.76225703474,-0.0224954200466,0.0658216089306
2420,0.0827695443369,0.190151112367,-0.529477832624,2.70814609219,0,6.90649680101,-0.00335285686735,0.059521943174
2421,0.0888995673142,0.186616230575,-0.472374043973,2.70598548362,0,8.15659677332,0.00252967001801,0.0619280196791
2422,0.0943234687439,0.191842269063,-0.570709998228,2.70837726813,0,9.41938605383,0.00805892916933,0.0632463084932
2423,0.0767164758718,0.19751503352,-0.54410878233,2.71371983087,0,5.83406758698,-0.00641590421584,0.056349855732
2424,0.0779436248336,0.188254633197,-0.492144404153,2.70370225292,0,6.03950106456,-0.00781583228439,0.060588698765
2425,0.105115822541,0.193183763723,-0.479519023452,2.70874017736,0,12.4481375851,0.017131837749,0.0584901211071
2426,0.0971328027485,0.198641759381,-0.454196678185,2.70691137605,0,10.1376691613,0.0119264746604,0.067837548019
2427,0.0772712705552,0.191578525491,-0.567944556617,2.71258371126,0,5.9262199127,-0.00765251795982,0.0623636524777
2428,0.0943154760541,0.193200660521,-0.54261134198,2.71101101838,0,9.41740750881,0.00714617922529,0.0619893777173
2429,0.0994162507178,0.192702871992,-0.540379348317,2.70678338359,0,10.7563444503,0.012162543419,0.0622391077025
2430,0.0742258094645,0.193243727789,-0.48221208242,2.71482010559,0,5.43469126466,-0.0104408531919,0.0609492260182
2431,0.0992059439459,0.186946267439,-0.551146116537,2.71393285089,0,10.69801049,0.0130338027677,0.0643965575946
2432,0.0905787594834,0.202854936676,-0.58889827199,2.71258498708,0,8.53091197292,0.00466613129031,0.0549400360584
2433,0.0761382423397,0.184042671024,-0.465511265087,2.70461279914,0,5.73927713538,-0.010584377038,0.0612860063392
2434,0.0963679280904,0.188554001502,-0.497767282622,2.70998230101,0,9.93752571865,0.010555911335,0.0605803254345
2435,0.067334626433,0.198887800384,-0.530696001832,2.70650044049,0,4.4432003012,-0.0157349455848,0.0620882005277
2436,0.0710178057641,0.197902545497,-0.563491867986,2.71506214784,0,4.95325872872,-0.0124781689058,0.0564508868267
2437,0.0727814452161,0.199880340789,-0.623860466347,2.70459514636,0,5.21347213768,-0.0105271847182,0.0617779997538
2438,0.0976886029826,0.189951430644,-0.497475946172,2.70787047353,0,10.2853087319,0.0107892255742,0.0568166432535
2439,0.0811727007911,0.192357965366,-0.536804437417,2.71045628265,0,6.60883656973,-0.00444656622912,0.05871715307
2440,0.0779099478204,0.192169884008,-0.546880440589,2.70513115519,0,6.03378488308,-0.00580891912256,0.0583589678801
2441,0.0925073140579,0.198200444542,-0.63868871445,2.70234816756,0,8.97897148877,0.00746709128029,0.0600623642481
2442,0.090453135731,0.190755697099,-0.545392644545,2.72036884887,0,8.502407031,0.0035822876946,0.0561961342896
2443,0.0876652750079,0.200173718044,-0.606862643098,2.70896935743,0,7.89051271666,0.00217932717425,0.0564104239359
2444,0.090046046839,0.191479900447,-0.549764138589,2.69788822287,0,8.41059773375,0.00310149257913,0.0569312006507
2445,0.105428275201,0.194404813251,-0.528289452562,2.70859428142,0,12.5473510225,0.0188023166462,0.0562553841465
2446,0.0873361859909,0.19383882752,-0.525192494474,2.70756900121,0,7.82083411936,0.00180593421766,0.056970684878
2447,0.0899300731353,0.198060203188,-0.484910641607,2.70360949366,0,8.38459909522,0.00444923582674,0.0571601409364
2448,0.0821813936945,0.196976609975,-0.556987765918,2.71367060474,0,6.79558271874,-0.0028531824558,0.0537112820489
2449,0.0921569806022,0.185942907116,-0.533863112476,2.70550303085,0,8.89610110953,0.00452546330231,0.0603196538337
2450,0.0684671089273,0.192548875561,-0.518001706746,2.71188927637,0,4.5953785085,-0.0157567547752,0.0583388806933
2451,0.0847484729295,0.201932122856,-0.588722893627,2.70579210725,0,7.29093662921,0.000709799249319,0.060392589443
2452,0.0933675764272,0.192159459981,-0.551283269775,2.7029091729,0,9.18530479689,0.00698127110793,0.0591267408145
2453,0.0854072234462,0.193339367439,-0.580770164206,2.70948236988,0,7.42285101647,0.00103748453207,0.060650951921
2454,0.0855502621254,0.181461864557,-0.513642004105,2.69851092033,0,7.45175992736,-0.000999656908179,0.059188935127
2455,0.0827404856603,0.194575599362,-0.523660126896,2.70976458068,0,6.90098143396,-0.00213158137674,0.0632969279571
2456,0.104045348722,0.193524712545,-0.517719211334,2.7049920325,0,12.1134984431,0.0163891135904,0.059992795533
2457,0.0938139261429,0.196109785975,-0.544210881035,2.72082750703,0,9.29397167509,0.00888789172519,0.064167608752
2458,0.0872648766478,0.190996306692,-0.568801293315,2.71026033365,0,7.80580503708,0.00112929371332,0.0645528102153
2459,0.0824687194536,0.202285228542,-0.605996012208,2.70705881049,0,6.84957869455,-0.00222307888855,0.0636580462424
2460,0.0742819206706,0.196146382822,-0.532333620812,2.70235621882,0,5.44343629968,-0.0103695117594,0.0593742781089
2461,0.0832198691591,0.189572747747,-0.519822623157,2.69936611614,0,6.99244360412,-0.00144477024279,0.0593034049973
2462,0.0818923974985,0.201180403349,-0.600285727606,2.71137016881,0,6.74163318048,-0.00153707631936,0.0643724818663
2463,0.0958445403541,0.188564584106,-0.477566052964,2.70634049775,0,9.80256947455,0.0105674707505,0.0564639255893
2464,0.0926073630455,0.19749156072,-0.513386174996,2.71732555748,0,9.002760018,0.00849460658482,0.0586150239784
2465,0.0819407664957,0.208796253511,-0.61478753832,2.72123536154,0,6.7506375758,-0.00138074497392,0.0645175170085
2466,0.094110002006,0.19898842377,-0.619412036938,2.71892186235,0,9.36666741498,0.00811558360118,0.0634635149306
2467,0.104575402367,0.190126873391,-0.430024468942,2.71015883005,0,12.2781843151,0.0159996398921,0.0585236434671
2468,0.0797629051435,0.204524765698,-0.587402172577,2.70607690232,0,6.35502429432,-0.00300779383518,0.0666404635722
2469,0.0989889276928,0.199352907193,-0.455333378795,2.70317544946,0,10.6381073015,0.0127981607601,0.0627179607974
2470,0.0737916493485,0.205399747189,-0.584012151937,2.72252232916,0,5.36741131754,-0.00951999311456,0.0615997966779
2471,0.0755563576033,0.201014367135,-0.607695344833,2.71409511657,0,5.64516498951,-0.00721282275188,0.0622749378179
2472,0.0951931818105,0.193021242686,-0.501896020981,2.69667302698,0,9.6368510186,0.0089704292107,0.0619282219551
2473,0.0706950677121,0.199292660216,-0.537558426313,2.70028498489,0,4.90678908314,-0.0130832103147,0.0607059377143
2474,0.0864370399626,0.195044982517,-0.59471211757,2.7085753586,0,7.6331232593,0.00188082688809,0.06010614145
2475,0.0828978208418,0.189894276073,-0.509263555144,2.71282928839,0,6.93088808755,-0.00286574929576,0.054859857315
2476,0.0767148926302,0.19192092256,-0.498935958791,2.71505265093,0,5.83380630267,-0.00812560991467,0.0577920177166
2477,0.083900191316,0.1906749493,-0.517641638774,2.69854962038,0,7.12399250884,-0.00139474263392,0.0558597569451
2478,0.0991565860789,0.195469219229,-0.522625069207,2.70953962924,0,10.6843602032,0.0127295795151,0.0647394390804
2479,0.0794731704847,0.200532986029,-0.465326654014,2.71438485513,0,6.30388010623,-0.00416990015043,0.0629720291381
2480,0.0807452943582,0.197393986184,-0.565028816313,2.71061737324,0,6.53101217208,-0.00265293367064,0.0564010205695
2481,0.0805330724628,0.191987441725,-0.597125707559,2.69464126457,0,6.49265463644,-0.00517857836969,0.0516816264113
2482,0.0919452398148,0.198559104968,-0.635062952327,2.70855131516,0,8.84633569627,0.00648309412229,0.056982744501
2483,0.0660532221171,0.205037198212,-0.563978475925,2.72043086657,0,4.27580934681,-0.0164063751073,0.0656425891428
2484,0.0980477491417,0.201755650338,-0.637017507202,2.71128387406,0,10.3817091729,0.012875320598,0.0640781891342
2485,0.0892045991029,0.193900705355,-0.60687840611,2.71234289716,0,8.22352497194,0.00338400812202,0.0582669265407
2486,0.079479512896,0.204721781851,-0.596181184001,2.71046901781,0,6.30499600371,-0.0032412455158,0.0609076908105
2487,0.0815300374938,0.188901500691,-0.49933605868,2.7118285195,0,6.67449528555,-0.00381025903443,0.0582303462182
2488,0.0754879634469,0.199491024439,-0.541861726829,2.71094684041,0,5.63418649931,-0.00834914726746,0.0591153492182
2489,0.0890214948592,0.20825236084,-0.56455160007,2.715974623,0,8.1832931503,0.00505771559589,0.0598736696514
2490,0.0685848532421,0.199082885806,-0.521120060034,2.71294799664,0,4.611433233,-0.0152520560405,0.0656151576848
2491,0.0715089435724,0.18980798972,-0.595810211736,2.70784017288,0,5.02465067422,-0.0134815354812,0.0597910753471
2492,0.0786403294843,0.207370661004,-0.590640109976,2.72117630303,0,6.15876348469,-0.00325786877135,0.0626949997444
2493,0.0774407115742,0.20250197779,-0.578216617783,2.70778581798,0,5.95460172417,-0.00573701096464,0.0590104047285
2494,0.107819116656,0.191432446497,-0.467894014799,2.70101575731,0,13.3301622442,0.0197483891978,0.0565055532735
2495,0.0908553755228,0.195723848852,-0.497695337345,2.70295877017,0,8.59396829285,0.00461663961955,0.0571186812045
2496,0.0779028950361,0.195133511589,-0.592261746417,2.7056145263,0,6.03258834121,-0.00560623409508,0.0595747262067
2497,0.0919071069271,0.183247027246,-0.446214514806,2.7088400769,0,8.83739893602,0.0046750850788,0.0610948944152
2498,0.0788400690304,0.192145187238,-0.525825555839,2.70625848686,0,6.19331183228,-0.00515990470262,0.0617191131344
2499,0.0954572087058,0.203409044417,-0.578766769042,2.7061980958,0,9.70372791127,0.00966407514808,0.0601924684545
2500,0.077504023741,0.201893270749,-0.548957768067,2.72284073849,0,5.96523534868,-0.00604695907529,0.0612790622404
2501,0.0780941876717,0.185318770102,-0.53709302196,2.70786998141,0,6.06511158003,-0.00741505916257,0.0542193385145
2502,0.0942824899774,0.188907407908,-0.502050558163,2.70667914856,0,9.40924581397,0.00742881594215,0.0654398369665
2503,0.0912001947387,0.192495267917,-0.463951783204,2.71679117118,0,8.6731337683,0.00625400244267,0.0625806425924
2504,0.0788286344595,0.194314862256,-0.602737352397,2.72550524856,0,6.19132971036,-0.00585579381736,0.0612756087891
2505,0.0818360774945,0.197698432142,-0.567754960493,2.71151733353,0,6.73116129653,-0.00166040706042,0.0616218143749
2506,0.08481566139,0.192990917302,-0.492740153353,2.71161396251,0,7.3042995611,-0.00146417820886,0.065978232128
2507,0.0828286382779,0.196376329283,-0.601855924962,2.70369979875,0,6.91772431383,-0.00285050572976,0.0577968471643
2508,0.0887794264838,0.196785459001,-0.540629331518,2.71148014388,0,8.13036460253,0.00366766630693,0.0589983438902
2509,0.0801204944111,0.196737957885,-0.529962196116,2.71315688118,0,6.41862111057,-0.00458153901548,0.0552913922414
2510,0.0854612235722,0.20427099811,-0.549706295145,2.7130204832,0,7.43375355221,0.00122356479235,0.0549410998889
2511,0.0833971579302,0.193258516035,-0.437481823682,2.70791078883,0,7.02652592903,-0.00195153581219,0.0612151678018
2512,0.0843119217925,0.182480934142,-0.535308573214,2.70823636374,0,7.20461441693,-0.00124308596799,0.0632989831009
2513,0.0888724896914,0.195132676829,-0.573965015647,2.70549939252,0,8.15067818659,0.00350761235748,0.0620067824421
2514,0.0937042525301,0.200713381516,-0.574350249558,2.71477529849,0,9.26716804404,0.00861498096347,0.0606914634236
2515,0.0877517769817,0.196400157465,-0.505698002362,2.71885073748,0,7.90891558849,0.00130689861892,0.0602009813009
2516,0.091537100427,0.198388345076,-0.568245480194,2.70995767374,0,8.7510888456,0.00590452749654,0.059972063764
2517,0.0816563751147,0.184591916737,-0.44711797724,2.70696676825,0,6.69783924149,-0.00371386239777,0.0638005265285
2518,0.0812233767332,0.194503302259,-0.520475440346,2.71213424807,0,6.61811502576,-0.00319879169914,0.0593717421679
2519,0.0631137363841,0.185347249157,-0.541191298027,2.71057209251,0,3.91031504027,-0.0217638026774,0.0618681135266
2520,0.0812293977356,0.199459614122,-0.614431612654,2.70305256479,0,6.61921815741,-0.00331614763209,0.0606733251715
2521,0.0849281615802,0.190807960651,-0.563687058609,2.70522440256,0,7.32672080185,-0.00048260046001,0.0605016534494
2522,0.100604865569,0.191589590058,-0.461903372088,2.71051854796,0,11.0913315279,0.0137466537487,0.0616362584131
2523,0.0891328365689,0.195362598519,-0.51202418567,2.70791479113,0,8.20773709284,0.00356305591159,0.0613031819341
2524,0.0823103107658,0.193514124897,-0.502491028902,2.70178302093,0,6.81976526563,-0.00230881548529,0.0648193655913
2525,0.0821427052539,0.189712872327,-0.479120487253,2.70824374757,0,6.78833949528,-0.00282035991494,0.0620471137618
2526,0.0727045774625,0.202783819734,-0.611076435804,2.7124738346,0,5.20190636766,-0.0116349439856,0.0622095244319
2527,0.107351348653,0.195890497144,-0.587046448397,2.708490173,0,13.1736608077,0.0208802619766,0.0586187342622
2528,0.0664545852449,0.199826803636,-0.596159708219,2.7058583911,0,4.32770000963,-0.0165364195974,0.062050855532
2529,0.0802381444621,0.198150675349,-0.593087720472,2.71512830168,0,6.43966038562,-0.00364655943472,0.062036663275
2530,0.0700410257973,0.202752726274,-0.531352951654,2.70481080138,0,4.81368372545,-0.0130624473604,0.0621571009856
2531,0.0798414252141,0.18961181672,-0.564514044343,2.71295805038,0,6.36894391648,-0.00447587689766,0.0627977566762
2532,0.085558608603,0.20460048102,-0.624412065654,2.70375965338,0,7.45344973942,0.00103757276931,0.0620141826971
2533,0.0899464598491,0.190767256459,-0.535135494384,2.71385845317,0,8.38826842545,0.00489247202083,0.0551387313741
2534,0.096396689634,0.198070822511,-0.537036399511,2.70963981416,0,9.94498872131,0.0106085543533,0.064669329463
2535,0.0854760564975,0.19586608676,-0.498528136697,2.71300778596,0,7.43675066994,0.000522536053705,0.0568347998126
2536,0.0917412116415,0.199213539238,-0.567872458731,2.72008483313,0,8.79861068172,0.00690657936974,0.0633164651894
2537,0.0712346304864,0.186879437484,-0.585972530766,2.71325704208,0,4.98467557233,-0.0133629628471,0.0635305287091
2538,0.0772750618879,0.192312188166,-0.549148846329,2.7046615018,0,5.92685375092,-0.00779907465625,0.0596749204801
2539,0.0909580723827,0.194468075755,-0.539080386518,2.70172686655,0,8.61748062281,0.00479915563871,0.061045530777
2540,0.0798472656749,0.197574978851,-0.591452841069,2.71239534871,0,6.36998029395,-0.00426295775675,0.0595015465342
2541,0.0832607772042,0.201099189191,-0.57882521628,2.70633436758,0,7.00029547127,-0.00165401832367,0.0585833329274
2542,0.0786647934451,0.192616275937,-0.523671872556,2.70727355828,0,6.16298635245,-0.00726615125281,0.0588865321876
2543,0.108468378891,0.184698599002,-0.488659668813,2.70670698972,0,13.5501424701,0.019971907719,0.0562234111847
2544,0.0611008332556,0.212655997078,-0.649134049079,2.72707648782,0,3.67421090067,-0.0202298841593,0.0593228752432
2545,0.10262975978,0.18419616396,-0.520665449064,2.71444788133,0,11.6832495854,0.0144035421122,0.0612928299784
2546,0.0686910692924,0.197725835379,-0.552092931514,2.71338925765,0,4.62595404409,-0.0147176524103,0.0589163653684
2547,0.0792810392397,0.200006699883,-0.490190736958,2.7100807259,0,6.2701537043,-0.00448866228481,0.0646209183177
2548,0.0778860491299,0.209675417529,-0.560626450067,2.71976028999,0,6.02973113685,-0.00498657601794,0.0610079809658
2549,0.0774356459648,0.205959918114,-0.634050337128,2.71696513563,0,5.95375160213,-0.00681004607478,0.0608231065054
2550,0.0785013629317,0.198575589256,-0.582095270506,2.70752289671,0,6.13482103557,-0.00527462141002,0.0604810850776
2551,0.0915731912341,0.192010218797,-0.462535836625,2.71218692037,0,8.75947546499,0.00511309886682,0.0569735446719
2552,0.0688508517975,0.187540355535,-0.55846418858,2.70588100473,0,4.64786601037,-0.017191265038,0.0592947640803
2553,0.0840750172797,0.190992147317,-0.462614361394,2.70281779886,0,7.15813209648,-0.000344328968841,0.0628663322939
2554,0.0762335015311,0.191920423505,-0.498463463122,2.71373646217,0,5.75480561726,-0.00909525290332,0.060469502388
2555,0.0808509048608,0.192135149473,-0.484013707111,2.71881213722,0,6.55017077912,-0.00370474299696,0.0613618637553
2556,0.0743918723833,0.203873345941,-0.620494986204,2.70802313997,0,5.4606056252,-0.00962323184677,0.0597426300346
2557,0.102371760096,0.192635620958,-0.537767865357,2.71469340299,0,11.606310604,0.0157895388941,0.0607769547924
2558,0.0710190336264,0.207547307303,-0.575214044932,2.71052812028,0,4.95343619267,-0.0125884744307,0.0621878213793
2559,0.089151410021,0.20676741068,-0.585958177681,2.71689711484,0,8.21182078962,0.00696870498629,0.064568255541
2560,0.0742560125297,0.196891830522,-0.560708440713,2.71630304696,0,5.43939704895,-0.00928469519955,0.0635074582687
2561,0.0776134652299,0.204986209428,-0.564766642626,2.72251948887,0,5.98365352463,-0.00616172775649,0.0602919928276
2562,0.104841974727,0.178634412593,-0.476563537466,2.70295553838,0,12.361757203,0.0161683907951,0.061368856395
2563,0.0873297288574,0.200183129198,-0.625507933192,2.71419243981,0,7.81947220577,0.00217541475316,0.059234414363
2564,0.070917708028,0.192205990222,-0.526830586946,2.70334969314,0,4.93880861638,-0.0135431933584,0.0630534989385
2565,0.0947815439094,0.192155344015,-0.423483000785,2.70633439595,0,9.5333857171,0.00884168540027,0.0596272042229
2566,0.0686949075993,0.198472125218,-0.512991717167,2.70778586375,0,4.62647945538,-0.0153771098313,0.0586890345643
2567,0.083749471127,0.202796065472,-0.586474544944,2.71392862424,0,7.09467053987,-0.000172283827173,0.0633255659221
2568,0.106328835401,0.178970361979,-0.423321879767,2.70614986252,0,12.837260163,0.017269664893,0.0625004861664
2569,0.071509686263,0.199752348506,-0.586547627211,2.7097065069,0,5.02475925275,-0.0119553048016,0.0656499575404
2570,0.0898107925251,0.195522405359,-0.556187787434,2.70823292112,0,8.35793117622,0.00385764026724,0.0605962609941
2571,0.0677827982194,0.19749441003,-0.586754901404,2.70698189571,0,4.50294174794,-0.0167707734975,0.0609933510486
2572,0.0724135111984,0.194893747535,-0.530991218356,2.69857228874,0,5.15829891035,-0.0129156440752,0.0612730363244
2573,0.0871222757336,0.208348958474,-0.561075489098,2.71076522066,0,7.77582443484,0.00381260314148,0.0596746615554
2574,0.0839076786376,0.18914022181,-0.518036976898,2.70815602121,0,7.12545179487,-0.00171563313725,0.0657004690776
2575,0.0995431165489,0.200866664953,-0.571749426521,2.7120916433,0,10.791669081,0.0130185047437,0.0579908203093
2576,0.0808359072229,0.201385149643,-0.629592306237,2.70985053329,0,6.54744723302,-0.00273457557177,0.0592024068657
2577,0.0900206542805,0.184414301315,-0.452952597619,2.70794107169,0,8.40489939088,0.00288178124052,0.0609419192226
2578,0.0775082585026,0.205174971435,-0.567190936756,2.7104515862,0,5.96594715759,-0.00508773149,0.0598385705164
2579,0.0929360480154,0.190082551702,-0.472345457751,2.70312868083,0,9.08129548379,0.00736063040447,0.0662616329229
2580,0.0976652141031,0.191590212846,-0.527226846293,2.70166757095,0,10.2790580954,0.0110999239334,0.0536675216589
2581,0.10805276746,0.195069596525,-0.645481633925,2.7031379359,0,13.4089558901,0.021781639068,0.0626175347063
2582,0.0833569199615,0.190512706197,-0.458448102058,2.70253752176,0,7.01877826889,-0.00169264925091,0.0508695016661
2583,0.087048992464,0.206426604103,-0.595065066512,2.70612199462,0,7.76045546859,0.0029034485825,0.0609814695231
2584,0.094287911662,0.195944578145,-0.437726894134,2.70810535836,0,9.41058687079,0.00907417537388,0.0620841229476
2585,0.0777348065518,0.196987459774,-0.556476551101,2.70671777116,0,6.0041290967,-0.00572325339412,0.062181025829
2586,0.0847224835098,0.200676475258,-0.58209433556,2.69963514815,0,7.2857732113,0.000389152427389,0.0587620641187
2587,0.074326869287,0.189860381847,-0.454221332999,2.72204577271,0,5.4504498672,-0.0106154848481,0.0643442050551
2588,0.0787152595231,0.20064875858,-0.64458044158,2.71888330658,0,6.17170516632,-0.0053259247954,0.0652597745274
2589,0.099661599856,0.199128886589,-0.522245474679,2.71214970721,0,10.8247518246,0.0146410975798,0.0608984817327
2590,0.0808314631976,0.191813214531,-0.50459234998,2.69571018307,0,6.54664038685,-0.00495174003577,0.0593880043046
2591,0.0695809951345,0.205140639661,-0.597189941804,2.6985211134,0,4.74904367248,-0.0128269742941,0.060614510275
2592,0.0719209092309,0.199183387207,-0.560738104401,2.70398776812,0,5.08516831576,-0.0122890271421,0.0625522626409
2593,0.0761255434576,0.203519917959,-0.595084352989,2.71964978989,0,5.73720964787,-0.00651695729398,0.0591843725015
2594,0.0739813390709,0.203720030862,-0.594173068915,2.71213842799,0,5.39672310108,-0.0101008073979,0.0622245695836
2595,0.0961212986424,0.193575365951,-0.593198258635,2.70526433618,0,9.87373123395,0.00981041328485,0.0600225515373
2596,0.0807851801146,0.189497282364,-0.560045392226,2.71521363625,0,6.53824227394,-0.00427410779838,0.0548012516643
2597,0.0802597324697,0.201376101926,-0.557167836484,2.71500387271,0,6.44352717821,-0.00310295883474,0.0591888879264
2598,0.0799708023972,0.189482408612,-0.542077971044,2.70759476349,0,6.39193448766,-0.00563719114323,0.0581060196712
2599,0.0986822849275,0.190344599669,-0.470700906351,2.70560136854,0,10.5539670301,0.0127727990158,0.0580978337703
2600,0.0835721187871,0.189126762256,-0.454633227325,2.70768740946,0,7.06029771436,-0.00197375364582,0.0595540535021
2601,0.0769193060077,0.198957955469,-0.564740938427,2.71575349778,0,5.86762045474,-0.00690611549531,0.0573492302585
2602,0.0911534522062,0.189271065184,-0.551671977573,2.70950585348,0,8.66236567839,0.00516652900934,0.0594980429405
2603,0.101344946476,0.189510519635,-0.470039668419,2.69920149315,0,11.3045245671,0.0134553553687,0.0632839222941
2604,0.0839010729011,0.200920459484,-0.498738469578,2.71580415495,0,7.12416431752,0.000826436565163,0.0659608761584
2605,0.0898372503512,0.183701971239,-0.443879040998,2.70232536478,0,8.36384013446,0.00263301574437,0.0668782142844
2606,0.0724798609224,0.190644014007,-0.454192419266,2.71166854878,0,5.16821338592,-0.0120723579482,0.0644975392303
2607,0.111383838972,0.185432982932,-0.454656160665,2.70857397245,0,14.5786131637,0.0230444332746,0.0612116922451
2608,0.0590480320726,0.19978242615,-0.549847184171,2.7169354246,0,3.44468721593,-0.0225966916026,0.0589748739825
2609,0.0618383480861,0.192466185876,-0.541159421985,2.70609139903,0,3.7594220848,-0.0218927225445,0.0596485156948
2610,0.0767492403546,0.189148397093,-0.478610018971,2.71761617934,0,5.83947690672,-0.00833484000952,0.0629042094184
2611,0.0910116763823,0.192307517096,-0.480483604261,2.70373250771,0,8.62977519562,0.00441933669595,0.0653269226795
2612,0.0765874141064,0.186677594256,-0.526416490154,2.70429863999,0,5.81279985825,-0.00955671434435,0.0564570621142
2613,0.0794006975851,0.200914429768,-0.525071316208,2.70627708664,0,6.29114069992,-0.00364150026966,0.0633266647856
2614,0.079290871058,0.190168200226,-0.545107092068,2.70594077589,0,6.27187592402,-0.00571733061091,0.0607964908183
2615,0.0932682337535,0.20835324005,-0.631417921015,2.71153432015,0,9.16126965439,0.0103672921836,0.0631624169868
2616,0.0712310355387,0.196077862123,-0.561820515316,2.70797285756,0,4.98415338469,-0.0117035438903,0.0672880749592
2617,0.0901699259025,0.190001331271,-0.525307991174,2.70697531763,0,8.43844506589,0.00480877996391,0.0586471311178
2618,0.0773938753626,0.203991387352,-0.639521758357,2.7056789011,0,5.94674537319,-0.00514666711403,0.0600127375838
2619,0.0790008101327,0.191408227267,-0.531950752748,2.70418714561,0,6.22123110321,-0.00595946412487,0.0573660440827
2620,0.057492121811,0.192600239421,-0.570051195866,2.70625523712,0,3.27798137691,-0.0253922780181,0.0571726038001
2621,0.0765229763945,0.189866472942,-0.463846612821,2.71020640753,0,5.80220518064,-0.0082560900509,0.0590782082613
2622,0.0802684199054,0.192889945146,-0.4706857221,2.71330685284,0,6.44508379629,-0.00490815233362,0.0621722997041
2623,0.0901153122784,0.1948639186,-0.559328151897,2.7010658655,0,8.42615847163,0.00517914497252,0.056906353832
2624,0.0848776551578,0.194030122011,-0.523188268885,2.70488662599,0,7.31664770228,-0.000970129744933,0.0596170986835
2625,0.0980372004342,0.187359318278,-0.57357023205,2.69850955332,0,10.3788664825,0.0120729030202,0.0601460447358
2626,0.0769728432329,0.199276378776,-0.569635648157,2.71281699537,0,5.8765031571,-0.00494532872005,0.0622496483222
2627,0.0922959766314,0.190430678503,-0.552480703757,2.69941604997,0,8.92890072491,0.00567997309549,0.0565912048909
2628,0.0832111682205,0.183095411116,-0.490738232332,2.69698590397,0,6.99077450674,-0.00324352951233,0.0608469878498
2629,0.0955459213291,0.190078467993,-0.550829545943,2.71671750819,0,9.72628904876,0.00923032500825,0.0675637086495
2630,0.0874118751275,0.197448142131,-0.561029317735,2.71207776555,0,7.83681326422,0.00341729964916,0.0600455397824
2631,0.0921667555762,0.200159527654,-0.543180707843,2.70833516538,0,8.89840435101,0.00708476790291,0.0594991720747
2632,0.0835329546003,0.182327144722,-0.44341933273,2.70609502502,0,7.05272620651,-0.00378465514189,0.0584387049629
2633,0.0689013675412,0.191566000802,-0.599189843419,2.71595896598,0,4.65481060413,-0.0148936747143,0.0619498065407
2634,0.0921291516256,0.202640341766,-0.583517188471,2.72031930991,0,8.88954669087,0.00807524532844,0.0668487800176
2635,0.0955694085128,0.192846001611,-0.493555682627,2.71267448623,0,9.73226989257,0.00955680588115,0.0633704868006
2636,0.0782566257399,0.196050359454,-0.494957412076,2.71802920204,0,6.0928425179,-0.00586004526887,0.0643252410726
2637,0.0920294375199,0.183988266567,-0.499047038313,2.70804999525,0,8.86609578639,0.00585217800842,0.0615227392034
2638,0.0799542959192,0.189561519104,-0.474702810762,2.69920078626,0,6.38899742135,-0.00576938365332,0.0533951291831
2639,0.0686212783553,0.211095266095,-0.62951020756,2.71933610712,0,4.61640885043,-0.0116065708556,0.0702735785345
2640,0.0819894530864,0.20616831675,-0.568231520484,2.71739620634,0,6.75971126379,-0.00153442764427,0.065275676069
2641,0.0625777798354,0.199166052009,-0.54470460951,2.70818182431,0,3.84635321013,-0.0186568331939,0.0647198991361
2642,0.0740764501058,0.201871248861,-0.61980693708,2.71107110904,0,5.41146891666,-0.00874719033553,0.0651602242717
2643,0.0647681185871,0.202373773551,-0.567984757529,2.71440574116,0,4.11291206107,-0.0192508762819,0.0589753610966
2644,0.0844649948693,0.201579464825,-0.591937892317,2.69551024004,0,7.2347837403,-0.000411948038166,0.0627633885452
2645,0.0992913350629,0.189937130094,-0.561914907275,2.7028532699,0,10.7216622602,0.0126274149373,0.0586827426494
2646,0.0847965781195,0.189459275387,-0.509832282961,2.70653747677,0,7.30050203663,-0.000971252756446,0.0604909716292
2647,0.0627700101074,0.191998590431,-0.52973859561,2.70016841008,0,3.86920155739,-0.0196592624312,0.065559054909
2648,0.109111023446,0.193498409436,-0.544647403342,2.71114552731,0,13.7710760214,0.020954930512,0.0619124737569
2649,0.102081655812,0.191285961026,-0.485510257421,2.71340185662,0,11.5203336156,0.0149239685787,0.0601014116614
2650,0.0985019128574,0.191865115561,-0.433425689132,2.70293805371,0,10.5047479516,0.0127268322486,0.0550255746269
2651,0.0783705603906,0.198668586041,-0.636020511125,2.70506693736,0,6.11235551512,-0.00642399159103,0.0564072216133
2652,0.0834075430642,0.189440718494,-0.490776595814,2.70801014601,0,7.02852671337,-0.00268877616351,0.0608400010011
2653,0.0767554052213,0.18392351762,-0.496721726686,2.71030132029,0,5.84049516817,-0.00861309581635,0.0604785772264
2654,0.0819631613563,0.197700033435,-0.562078796967,2.71904486412,0,6.75481002348,-0.00254494423164,0.062414790447
2655,0.0855652301934,0.20272842762,-0.630501384286,2.72217118375,0,7.45479056516,0.00144444486802,0.0635415723659
2656,0.0779547387606,0.194126778906,-0.567658735697,2.70736888489,0,6.04138847155,-0.00696449884705,0.0613500219595
2657,0.1078453775,0.196010854203,-0.551057197308,2.71085371677,0,13.3389974332,0.0210376651181,0.0584479912009
2658,0.077546521135,0.194634130263,-0.495510178237,2.71117066958,0,5.97238178527,-0.00774968047886,0.0631841327615
2659,0.0734016957301,0.190208945421,-0.452462753948,2.70278514119,0,5.30755889412,-0.0111465056753,0.0649487402764
2660,0.0680960889183,0.196562002371,-0.590461720153,2.71028077604,0,4.54507736968,-0.0165678989515,0.0601584596562
2661,0.0778628273686,0.190518780962,-0.506161524791,2.69866013687,0,6.02579436472,-0.00593725509297,0.0675412027668
2662,0.0790001402321,0.18883824558,-0.520383640193,2.70962809933,0,6.22111453163,-0.00613070436164,0.0595084375397
2663,0.112264078291,0.187046624915,-0.547293855898,2.70193023261,0,14.9026299523,0.0247574355771,0.0658907448465
2664,0.0977021236163,0.198085789184,-0.604968604441,2.6964742964,0,10.2889236164,0.0128287407692,0.0581311183327
2665,0.102540601422,0.188899728451,-0.503082162676,2.72133676608,0,11.6566104466,0.0160243997824,0.0637284548937
2666,0.0919477339998,0.199517369746,-0.491969906909,2.70501589094,0,8.84692050125,0.00760261691402,0.0650443117404
2667,0.0873847954323,0.18957329715,-0.488641094089,2.69945299179,0,7.83109312762,0.00124165779531,0.0537041298994
2668,0.0755928866561,0.205288319103,-0.621565975098,2.7019610354,0,5.65103571287,-0.00826047397693,0.0656622076891
2669,0.0874501286347,0.205662309349,-0.583052772834,2.70222810626,0,7.84489975457,0.00367674136786,0.0663291260826
2670,0.0823007942275,0.203718518058,-0.645541918754,2.70950265316,0,6.81797766952,-0.000207358300536,0.0646562121564
2671,0.100984760935,0.17871718633,-0.484336875923,2.70254904757,0,11.2003193463,0.0125625454534,0.0618094226808
2672,0.086400372357,0.181947235352,-0.546096980052,2.6961506183,0,7.6255504168,-0.000120143654344,0.0553169353716
2673,0.0985498593185,0.196988259175,-0.489567189959,2.70180256535,0,10.5178116468,0.0128903202523,0.0593480378488
2674,0.0976020628353,0.185646261738,-0.505570805512,2.70327018184,0,10.2621976552,0.0106201714226,0.0584706383226
2675,0.0922988374632,0.212354883172,-0.58233138465,2.70609310963,0,8.9295769069,0.00895244319114,0.0636863242637
2676,0.0864488920597,0.201724565469,-0.518728955986,2.71875752316,0,7.63557240158,0.00306653981853,0.0648939912797
2677,0.0659043155703,0.198331775228,-0.53613247033,2.71162545262,0,4.25668167656,-0.0165770465956,0.0663203349899
2678,0.105505738052,0.185005500392,-0.453690057578,2.7004925489,0,12.5720565418,0.0173315684526,0.0552169187318
2679,0.100787046048,0.19254215338,-0.550104179274,2.70998676586,0,11.1434797684,0.0140513945798,0.0588014870988
2680,0.103941525004,0.193774439418,-0.439830473968,2.70436579291,0,12.0814716102,0.0168854012807,0.0599170704218
2681,0.0936547984409,0.194667502795,-0.493108042734,2.7167114676,0,9.2551036996,0.00862773088236,0.0624268805486
2682,0.0867746606663,0.186333370111,-0.466679550459,2.70604668082,0,7.70315205958,0.00058202090008,0.0599144095407
2683,0.0790712044317,0.195640654023,-0.505448713631,2.71745214016,0,6.23349073434,-0.00422275560517,0.0628716418218
2684,0.048105371231,0.203123569804,-0.597036228106,2.7110156568,0,2.39278660628,-0.0343325761525,0.0610984242898
2685,0.0764820407554,0.20393972534,-0.545480141892,2.70710719138,0,5.79548288226,-0.00716120860045,0.0598053541233
2686,0.0706043036108,0.204897600507,-0.600273064722,2.71025838258,0,4.89378332018,-0.0127034093138,0.0643760486391
2687,0.0759480002643,0.201257594462,-0.590345698889,2.7132742244,0,5.70836787664,-0.00855835428623,0.0573581502816
2688,0.0641806384723,0.201330849208,-0.542185089259,2.70279941245,0,4.04006531571,-0.0191313114898,0.0587244356272
2689,0.0812481798735,0.191412756905,-0.577304195498,2.70821479609,0,6.62266029409,-0.00416195829891,0.0569677232902
2690,0.0982276871554,0.193088377077,-0.592160617276,2.69961077865,0,10.4303045885,0.0118655521411,0.0589420201983
2691,0.0955525996116,0.203149332551,-0.59873053414,2.6999221023,0,9.72798929961,0.0113084056757,0.0578516671024
2692,0.0686183116514,0.205021647609,-0.620270415376,2.73190349619,0,4.61600344436,-0.0140467506322,0.065077240204
2693,0.0751416639283,0.190879713798,-0.492255905602,2.71467252673,0,5.57886637898,-0.011284325867,0.0651076152832
2694,0.0829626342256,0.20070279086,-0.594808910305,2.71053942707,0,6.94323960224,-0.00138214410264,0.0623404546269
2695,0.0868331216437,0.197676698178,-0.499092029194,2.71068499192,0,7.7153332974,0.00258711459955,0.0680841114399
2696,0.0840912001351,0.196076754023,-0.581551734999,2.70961828144,0,7.16129921131,-0.000678781576336,0.057488740965
2697,0.0597890681229,0.201571928646,-0.60444610917,2.71802323164,0,3.52626360991,-0.0226652029812,0.0568260476558
2698,0.0763192528765,0.19207321423,-0.550405772121,2.70696274512,0,5.76881361721,-0.00804773640902,0.0616204427795
2699,0.0929065886591,0.193004250154,-0.550493767412,2.70445198559,0,9.0742323939,0.00692528259445,0.0575824438867
2700,0.0817936111048,0.200053669831,-0.570992471783,2.70291372809,0,6.72327429847,-0.00243035793375,0.0555869674169
2701,0.088340288626,0.197110827164,-0.555865123928,2.72773858808,0,8.03509437963,0.00360727781644,0.0613906107392
2702,0.0780932341838,0.193067442191,-0.553557227682,2.71486614816,0,6.06494911162,-0.00510006534176,0.0606410382824
2703,0.0805920484525,0.196689381698,-0.515959994862,2.71555875033,0,6.50329522,-0.00484824546899,0.0606154473498
2704,0.0963783492265,0.195966387394,-0.59476955293,2.71037138748,0,9.94022921415,0.0117558743047,0.0590739713782
2705,0.0950332585054,0.181172737773,-0.521857988082,2.70513320539,0,9.59653870139,0.00758714211507,0.0551614270234
2706,0.0895121943402,0.194666760643,-0.518810038328,2.71065138676,0,8.29149183121,0.00364796948496,0.0637034054407
2707,0.0879786770918,0.199168978381,-0.574505418336,2.71741147628,0,7.95736169017,0.0035463863858,0.0612079793445
2708,0.0858338396512,0.196698879591,-0.594891205197,2.70765332053,0,7.50935483611,-0.000240296842951,0.060873865169
2709,0.0953202183263,0.193848366091,-0.591151082989,2.72041234846,0,9.66897852304,0.0096154804084,0.0608865270181
2710,0.0826154188985,0.1960879059,-0.519936382096,2.70997362121,0,6.87728582839,-0.00235552152978,0.0553174716149
2711,0.0592056142879,0.195698095079,-0.57426440229,2.71282281982,0,3.4619153,-0.0239492594369,0.0630039670815
2712,0.0601760869636,0.202127170539,-0.552068684495,2.70821226361,0,3.56943863278,-0.0228204088694,0.0652649946542
2713,0.092262244229,0.201311351761,-0.55370574433,2.71016766358,0,8.92093112223,0.00663591778713,0.0613546581816
2714,0.0667093902854,0.195745168656,-0.583030937273,2.71371573385,0,4.36089704477,-0.0173494355534,0.0571767110829
2715,0.0651544684907,0.19386693694,-0.568297238746,2.70906997934,0,4.16136961133,-0.0189427550792,0.0625715468002
2716,0.0849025508131,0.186868561477,-0.516218012944,2.70645121431,0,7.3216114752,-0.00211049629087,0.0552706451307
2717,0.0780798838471,0.194357131323,-0.560810119626,2.70778859159,0,6.06267467457,-0.00686663138402,0.0610631565733
2718,0.0854292673568,0.193742905203,-0.532216121986,2.70794661724,0,7.42730000749,-0.000919995915369,0.058281086938
2719,0.0937062328038,0.191779156318,-0.519541000984,2.70146447017,0,9.26765141663,0.00840206669442,0.0595111221721
2720,0.0861348155977,0.188450286021,-0.59338308309,2.70532620697,0,7.570896158,0.000674701412464,0.0537228043548
2721,0.0714976792159,0.210851732977,-0.628646545852,2.71646983262,0,5.02300409892,-0.010534431001,0.0636604874182
2722,0.0658713986866,0.19849445476,-0.58447009096,2.70796239838,0,4.25246237334,-0.0169795228698,0.0652610857067
2723,0.0863138798669,0.199027298303,-0.599817849357,2.71715524453,0,7.60771269589,0.00242727858929,0.0616845791632
2724,0.0817659179439,0.200507213818,-0.616263986548,2.70969113274,0,6.71813520144,-0.00232591056584,0.0639653873453
2725,0.0878775392794,0.191286679164,-0.521067682903,2.7002544498,0,7.93573625259,0.00195873425872,0.0605249965556
2726,0.0995966666122,0.189758391358,-0.506667683054,2.70339972016,0,10.8066102179,0.013027569774,0.059492468891
2727,0.0924916884974,0.198278181293,-0.537699169373,2.71092103721,0,8.97526113259,0.00699038583761,0.0608414292765
2728,0.0978586332632,0.200927359665,-0.563404660811,2.72168560146,0,10.3308492475,0.0121211437064,0.0601090336411
2729,0.0751539913635,0.205835126073,-0.618715206822,2.71543480643,0,5.58082800658,-0.00782530070747,0.0631073598535
2730,0.0864358755635,0.205721083087,-0.573409304305,2.71587179369,0,7.63288268144,0.00158789819448,0.0557255291969
2731,0.0812703164661,0.198597621484,-0.529108932312,2.71608670089,0,6.62671910964,-0.00266971794354,0.0670345333846
2732,0.0817350969968,0.207960674432,-0.591609214717,2.72015277424,0,6.71241953851,-0.000610005005419,0.0641857028166
2733,0.104883740465,0.19514188149,-0.484262724761,2.70388703554,0,12.37489689,0.0177233949442,0.0595747507664
2734,0.0766423851361,0.200488549473,-0.635536366504,2.7085014389,0,5.82185058909,-0.00722629065782,0.0630514856191
2735,0.0980621554183,0.181282321584,-0.436525801257,2.70402722948,0,10.3855925132,0.0103943833784,0.056404858372
2736,0.0877871755205,0.18966227894,-0.424947495754,2.7130931473,0,7.91645701105,0.00262290110169,0.0664430549698
2737,0.0652336895492,0.199510550527,-0.552948179706,2.71838984366,0,4.17136024546,-0.0157909849776,0.0652061188132
2738,0.0791462543446,0.190376072093,-0.539277879588,2.70793350818,0,6.24658321275,-0.00575074830755,0.0582636662678
2739,0.0882149893723,0.194641360152,-0.449733923764,2.70967162231,0,8.00808666853,0.0029893107639,0.0570771371943
2740,0.0909673745782,0.189820309542,-0.511902691951,2.7020575857,0,8.61961308445,0.00556785551703,0.0626648338487
2741,0.0921234478914,0.191325564378,-0.526638529809,2.69878991443,0,8.88820383461,0.00650144003904,0.0570723889934
2742,0.0801817867041,0.190323701265,-0.577937686087,2.70427696003,0,6.42957481882,-0.00505084045463,0.0579154245706
2743,0.0835986799055,0.200755453208,-0.567593025405,2.70504078585,0,7.06543659958,-0.000253962812704,0.0638877386064
2744,0.0877120406429,0.195419330121,-0.540274479361,2.71340510248,0,7.9004573331,0.00346003640454,0.0629791614735
2745,0.0762098976303,0.194976226824,-0.578282716313,2.71658215855,0,5.75095467257,-0.00834265890349,0.0638285392601
2746,0.110848137607,0.194873004963,-0.498237259347,2.70813732658,0,14.3845384056,0.022214184886,0.0611560282466
2747,0.0934841485399,0.188353386732,-0.498923724372,2.69916730357,0,9.21357817181,0.00816985767778,0.0580211803793
2748,0.0822816512283,0.190301412065,-0.499977123235,2.70615678784,0,6.81438301945,-0.00379350272398,0.0648582098434
2749,0.0826981100186,0.189173048191,-0.546385234789,2.7167036103,0,6.89294512352,-0.0021507492267,0.0608024599695
2750,0.0841212424325,0.184264996708,-0.497043954466,2.70841983371,0,7.16718186511,-0.00189216407695,0.0579513999389
2751,0.090286635243,0.198272610576,-0.50942950192,2.71028561822,0,8.46475316067,0.00544807751438,0.0640389816606
2752,0.0982122549418,0.193791332244,-0.537139958849,2.71498237245,0,10.4261290396,0.012806985191,0.0567510554003
2753,0.0892477394273,0.200008236482,-0.547769491198,2.7115060163,0,8.23302844008,0.00455150303004,0.0690319776816
2754,0.0804913262381,0.198199981049,-0.522646071672,2.71681016844,0,6.48513145846,-0.0035722319467,0.0583141471447
2755,0.0896397056904,0.195410082437,-0.528737406631,2.70433935114,0,8.31980796293,0.0034536399298,0.0590238639404
2756,0.0778742483717,0.200652417329,-0.531143530638,2.71515711074,0,6.02773029595,-0.00669395015739,0.0527084400965
2757,0.0691288028898,0.198928003679,-0.544362852131,2.70389588312,0,4.68617884682,-0.0147347009323,0.0584464440169
2758,0.074246560548,0.185773559321,-0.547073927997,2.7047894266,0,5.43792402866,-0.0118413390462,0.0566401088732
2759,0.082572742035,0.197667943586,-0.558899196258,2.70965555884,0,6.86921576201,-0.00189573913502,0.0612925558344
2760,0.0832882754527,0.192293433159,-0.486306593171,2.72352167277,0,7.00557763759,-0.00227929754661,0.0621703785615
2761,0.0798349064172,0.194003951038,-0.462393121722,2.71472781474,0,6.36778733521,-0.00435005314774,0.0638675797715
2762,0.0989868632736,0.192202820115,-0.531466169495,2.70741485141,0,10.6375388768,0.0119067744249,0.0613218071724
2763,0.0835563956635,0.193526275823,-0.508896210374,2.71385409462,0,7.05725718272,-0.00122181208068,0.0603627307132
2764,0.0742930324322,0.192624412772,-0.488493561812,2.72042608118,0,5.44516944331,-0.00943492852233,0.064651810313
2765,0.0843082638892,0.20354806126,-0.641245759559,2.71483782744,0,7.20389477898,0.00170549884729,0.0594971754129
2766,0.0538665966785,0.193402445489,-0.498146690657,2.70295800918,0,2.91253120937,-0.0306501761964,0.0627279877613
2767,0.0869898370875,0.186852810236,-0.519509932707,2.70948754327,0,7.74806828437,0.000585228481646,0.054150986349
2768,0.0906098811737,0.195619406686,-0.542978580318,2.72560588808,0,8.53798640772,0.00559074043271,0.0604251112153
2769,0.0762305704882,0.184687846603,-0.511883965822,2.71292802384,0,5.75432730671,-0.00893081483367,0.0601800112134
2770,0.0847763105103,0.191134068254,-0.511336357144,2.7090741097,0,7.29647066012,-0.000398112103662,0.0619101070046
2771,0.102537719628,0.190749928713,-0.562497363928,2.71542900553,0,11.6557503094,0.0161257356062,0.0653166898178
2772,0.0934698197062,0.19120685781,-0.504332933789,2.70526490735,0,9.21009879599,0.00802600612006,0.0638634967871
2773,0.0858323354418,0.195063852732,-0.58490777715,2.70660940539,0,7.50904833627,0.00073612613599,0.0623660797165
2774,0.0740685624537,0.19647511182,-0.567392432899,2.70202422263,0,5.41024478978,-0.00868902374949,0.065263395622
2775,0.0975946500048,0.193464198839,-0.49135972045,2.70037804678,0,10.2602201308,0.0119423486696,0.063855384473
2776,0.112287852562,0.191420284152,-0.525187300444,2.70375790693,0,14.9114705273,0.0238393788246,0.0596395416918
2777,0.0855751021116,0.194995360847,-0.542000785299,2.70677240739,0,7.45678993925,0.000173725728696,0.0582930593744
2778,0.0687398662888,0.188715575358,-0.559049569357,2.70884365645,0,4.63263719416,-0.0168557804445,0.0620210383253
2779,0.0759541160546,0.19908723658,-0.640490537464,2.71040390881,0,5.70935940524,-0.00770716081991,0.05900505949
2780,0.103844750514,0.202766454148,-0.545964091643,2.71806105906,0,12.0516870089,0.0170170239125,0.0574493167933
2781,0.0922062242746,0.186534014093,-0.489715270173,2.70759962933,0,8.90770945991,0.00485161249934,0.0641960345588
2782,0.0933726041861,0.18098214515,-0.438943083623,2.70275840429,0,9.186522674,0.00556540336703,0.0562984516439
2783,0.0834149754401,0.199705140375,-0.539171407627,2.71268866963,0,7.02995891817,-0.00110975856972,0.0652748828454
2784,0.0826602982108,0.205439536441,-0.619996248592,2.70625764632,0,6.88578095535,0.000362818017219,0.0648728233862
2785,0.0948108020772,0.203599409226,-0.568915446402,2.71308228316,0,9.54070770416,0.00904784915729,0.062167879675
2786,0.0848909866743,0.202565466476,-0.580006993522,2.7070382297,0,7.31930542717,0.000199056478083,0.0576842184019
2787,0.0752730602089,0.200259312789,-0.599441120268,2.70296446119,0,5.59980404619,-0.00717523480541,0.0617839839967
2788,0.101084144106,0.196126475036,-0.551946721608,2.71618336166,0,11.2289867982,0.0157114079796,0.0636322428277
2789,0.0773876628236,0.194675253538,-0.548935388428,2.70855414944,0,5.94570391722,-0.00705839211138,0.0626598008194
2790,0.0896897826306,0.199301005644,-0.520389447035,2.70203266667,0,8.33095110233,0.00440424684033,0.0606526174859
2791,0.0740385767595,0.190491138316,-0.489289516678,2.70542996886,0,5.40559320037,-0.0106132568837,0.0597137440708
2792,0.0890311811331,0.200805486492,-0.61215347246,2.71014033098,0,8.185417193,0.00395762435012,0.0596605017463
2793,0.0780199537399,0.19076620993,-0.473833163634,2.70584191181,0,6.05247332189,-0.00747421132903,0.0622019202459
2794,0.0797067097066,0.188566186572,-0.555594239553,2.70733535233,0,6.34507779052,-0.00579213801155,0.0615564463737
2795,0.0958561632339,0.197696434187,-0.520680302946,2.70633045318,0,9.80554899013,0.0086971848963,0.0606473884257
2796,0.0682458218708,0.196065408777,-0.666577353896,2.7061613108,0,4.56532490405,-0.0153349788978,0.0613467185051
2797,0.100126469916,0.189221463121,-0.514357770676,2.71220381713,0,10.9554162923,0.0145991111802,0.0617536996865
2798,0.0835628176284,0.190535728885,-0.531180895818,2.6918255843,0,7.05849892658,-0.00263197901611,0.0621855677248
2799,0.0902208082514,0.205025397272,-0.631260711316,2.716593612,0,8.44990607961,0.00773387160581,0.0634269288457
2800,0.0640126452839,0.198944363087,-0.567637370472,2.70899230501,0,4.01941855581,-0.0190172784093,0.0606783917447
2801,0.092169405359,0.192483520518,-0.503492291736,2.70405124568,0,8.89902879847,0.00651554032918,0.0586986823081
2802,0.0927365013891,0.20583274111,-0.578918631847,2.71803003164,0,9.03354571216,0.00933518484391,0.062203735891
2803,0.080650102622,0.196872970213,-0.568951517394,2.71442022662,0,6.51378367679,-0.0024750590116,0.0584050065795
2804,0.111363333166,0.2028733194,-0.61362065904,2.70674469296,0,14.5711411509,0.0237686580789,0.0582563161191
2805,0.0563636043792,0.203559243952,-0.603390565778,2.7241406312,0,3.16084724652,-0.0261930987531,0.05989590905
2806,0.0738906583118,0.204384135905,-0.521040999715,2.71490623147,0,5.38269451658,-0.00944660915722,0.066749763463
2807,0.0940730876568,0.189537476076,-0.516212797342,2.70414867568,0,9.35757694267,0.00750972104169,0.0606581781788
2808,0.0692205775286,0.18961974548,-0.525858775143,2.71613648217,0,4.69888387052,-0.0155225095371,0.0555308731613
2809,0.0873528890029,0.192449601257,-0.472863302172,2.70211704965,0,7.82435799213,0.00204551246739,0.0609081533191
2810,0.0905984633943,0.191736468842,-0.52946396622,2.70288599908,0,8.53539038614,0.00361397477346,0.0556373324594
2811,0.089373212301,0.203605592883,-0.612900278729,2.7070333189,0,8.26072265552,0.0051789924729,0.064238932189
2812,0.0912668951003,0.194613441721,-0.624816304484,2.7045498987,0,8.68851953158,0.00634449572887,0.0610415763298
2813,0.0766598432774,0.20369271122,-0.591737145135,2.70569506581,0,5.82472741102,-0.00647983810243,0.0639122071102
2814,0.0746750956976,0.189174136,-0.554802997273,2.71378170289,0,5.50503472752,-0.0106096441096,0.0529041760151
2815,0.0886211025683,0.190007434364,-0.504932432147,2.71544346329,0,8.09590567944,0.00422607806044,0.0678832764219
2816,0.0776970113119,0.192392416272,-0.594975265767,2.69985732258,0,5.99774520992,-0.00718904054108,0.0565152737788
2817,0.104078259184,0.188112611716,-0.465191179711,2.713919802,0,12.1236661658,0.0161968341448,0.0598159837672
2818,0.0851565552382,0.202616894764,-0.551051319913,2.71712126491,0,7.37241873696,0.000906416298394,0.0557983977781
2819,0.0737002843944,0.181948587893,-0.511860839463,2.71002858697,0,5.35333928361,-0.0116671668901,0.0590333935258
2820,0.0681893918071,0.197335695516,-0.619648024857,2.71767689217,0,4.55768585471,-0.0155762181667,0.0630595029305
2821,0.0843624461551,0.196558581808,-0.612103861976,2.70683683497,0,7.21456054363,-8.47267510293e-05,0.0643460203671
2822,0.0867791065057,0.194356656808,-0.471901542926,2.72238039413,0,7.70407784272,0.00330699987577,0.0642494942336
2823,0.0936210480131,0.190605132727,-0.491215301065,2.70034592666,0,9.24687809634,0.00594986815206,0.0618018709926
2824,0.0845077783497,0.186785143664,-0.469745233424,2.70526283374,0,7.24323503371,-0.00153241526435,0.0626454827582
2825,0.0747766139235,0.199920214985,-0.509689490015,2.72015511257,0,5.52103125057,-0.00806947594233,0.0604903241012
2826,0.0939612963249,0.183985849452,-0.469214317487,2.70659022416,0,9.33009410653,0.00629982412343,0.0560565591739
2827,0.0901069079768,0.204972157921,-0.622076691573,2.71097867495,0,8.42426909611,0.00559346565654,0.0581277161437
2828,0.0954606448166,0.188829870169,-0.4802080125,2.7064974482,0,9.70460092293,0.00930362361847,0.0612826519051
2829,0.0819522368877,0.186400730056,-0.578286787566,2.70640975126,0,6.75277438613,-0.00379175182438,0.0611116000852
2830,0.0880477389662,0.188382044842,-0.428928203627,2.69435447804,0,7.97215750735,0.00141630644964,0.0580456483802
2831,0.0871442563619,0.19213372534,-0.543118009253,2.70904035364,0,7.78043926391,0.00199281647761,0.0591527338635
2832,0.0869751473401,0.193574445614,-0.621378029668,2.70785212328,0,7.74499485062,0.00218140569852,0.0602200993332
2833,0.0756830596674,0.193039343667,-0.560528054601,2.71153681381,0,5.66554911918,-0.00861741430187,0.0664371229651
2834,0.0949225346015,0.186939724267,-0.432390560841,2.70539206059,0,9.56871432306,0.00901974001485,0.0625915664944
2835,0.08447211291,0.194822478383,-0.588609555185,2.71761083559,0,7.23618923423,-0.000227716864236,0.0605218189054
2836,0.0808655426689,0.197493717646,-0.565430898139,2.71313495375,0,6.552829892,-0.00426156725035,0.0604332559232
2837,0.0919628053072,0.20024160614,-0.552487676541,2.71428091992,0,8.85045494158,0.00794707085708,0.0663088961239
2838,0.0847352357488,0.2002217458,-0.558846202928,2.71270024408,0,7.28830636116,0.000219524127142,0.0561314218414
2839,0.062633568036,0.202062759035,-0.608776476542,2.71599192882,0,3.85297351459,-0.0204428368576,0.0620972306252
2840,0.0790042552386,0.192978559713,-0.528281903292,2.70319724472,0,6.22183062586,-0.00592197557999,0.0617611657662
2841,0.0840906506838,0.201924583858,-0.499234957765,2.71344820436,0,7.16119165988,-0.000101101712915,0.0612041477619
2842,0.0573937926873,0.202019019581,-0.620101983214,2.71139889275,0,3.26765054229,-0.0240176016611,0.0556077396823
2843,0.083794123646,0.192367029392,-0.485476387444,2.70267427335,0,7.10334687176,-0.00183793721139,0.0598348887678
2844,0.0749497950502,0.202140451025,-0.524647321897,2.70858955578,0,5.54840724334,-0.00850869845395,0.0676499294682
2845,0.0914991259903,0.194078627305,-0.611300448943,2.6979392728,0,8.74227199861,0.00592304788908,0.0559504048176
2846,0.107401333969,0.197790610568,-0.462956238866,2.69761293031,0,13.190305675,0.0205988828312,0.0600369892754
2847,0.0904549809193,0.194795486746,-0.566181890708,2.7053273736,0,8.50282512382,0.00435312951694,0.0538113041964
2848,0.0751258539631,0.190949376321,-0.479114120134,2.70280947503,0,5.57635140979,-0.00874063893403,0.0654611799807
2849,0.0876997750059,0.185201101893,-0.508251846968,2.7101023728,0,7.89784803625,0.00142831600804,0.0659235756252
2850,0.0873534202141,0.185683179578,-0.563359185429,2.7040491548,0,7.82447008517,0.00113550174476,0.0623727701241
2851,0.0732895629369,0.199218111217,-0.575247086162,2.7092246975,0,5.29044846675,-0.00940310227149,0.0599326011416
2852,0.0747790504888,0.189894888237,-0.504313671757,2.70714985298,0,5.52141565169,-0.0105926213418,0.0566115859909
2853,0.0720979374427,0.198308819247,-0.60191685103,2.71152429354,0,5.11135288333,-0.0111742986268,0.059199932535
2854,0.0974470880612,0.198991444458,-0.514886006211,2.70829035815,0,10.2209243635,0.0126451097799,0.065073673963
2855,0.0818823385507,0.194494085947,-0.551774783968,2.70164793433,0,6.73976186585,-0.00266185444806,0.0551465652902
2856,0.0991376246459,0.18797113598,-0.525250048611,2.70126582243,0,10.6791203504,0.012711556105,0.0523885848148
2857,0.0954138280935,0.187980729943,-0.50082326953,2.69779271222,0,9.69271209817,0.0079844404855,0.0592819953102
2858,0.0743773944747,0.20151205058,-0.611970725992,2.70405962241,0,5.45834233937,-0.00914860336939,0.061484099587
2859,0.0745868314146,0.193477115249,-0.533638977658,2.69314637597,0,5.49115733662,-0.0101545042916,0.0537796698746
2860,0.0971274813205,0.189867193654,-0.490522850622,2.70176448591,0,10.1362646243,0.0100042367353,0.0621749570349
2861,0.0940370648229,0.194194551542,-0.517655209352,2.70348440201,0,9.34871340322,0.00782129816028,0.0634475414318
2862,0.0669439248994,0.191826917509,-0.557046608685,2.72671973384,0,4.39162888905,-0.0172942712644,0.06280181798
2863,0.0578507838776,0.188629613429,-0.496261450263,2.7022455669,0,3.31586799231,-0.0257773777033,0.062702810566
2864,0.0890203067145,0.198846280157,-0.518123150194,2.70905991547,0,8.18303264196,0.0041620034451,0.0578164916023
2865,0.081075788979,0.193500086553,-0.531576371282,2.71583301432,0,6.59112285862,-0.00300672989875,0.0630704830963
2866,0.0815891603865,0.206918542646,-0.627415531045,2.71750178827,0,6.68541119526,-0.00233699041305,0.0625411281296
2867,0.0848787530902,0.193662722867,-0.507764117074,2.70974685365,0,7.31686655143,-0.00146388620393,0.0586026245553
2868,0.106482658038,0.183513282539,-0.461092113584,2.71025153073,0,12.8873716585,0.0179966992621,0.0615791130072
2869,0.0662220173602,0.192648531878,-0.567410669408,2.70218807359,0,4.29757273291,-0.0180877803604,0.059724310846
2870,0.0794066296814,0.200536700598,-0.578504568012,2.71367529703,0,6.29218265027,-0.00379126931202,0.0602264536309
2871,0.111074047868,0.198839968062,-0.562413310812,2.70826919959,0,14.466096378,0.0233902559075,0.0553215702569
2872,0.0691405399564,0.198908316524,-0.529825793165,2.71917523861,0,4.68780217329,-0.0150379641714,0.0577591127455
2873,0.0951860808182,0.188228630875,-0.523978395441,2.70910929951,0,9.63505792731,0.00764023178352,0.0565935187956
2874,0.0902876103541,0.188486691008,-0.494860262859,2.70132006132,0,8.46497326257,0.00341223630053,0.0583936165694
2875,0.0753772639455,0.193403810381,-0.605742613853,2.7078916105,0,5.61645418998,-0.00968335133988,0.0649654811383
2876,0.0929141279945,0.196300963302,-0.483138985314,2.71074080353,0,9.07603954993,0.00801162621329,0.065732864961
2877,0.100949786883,0.20190630087,-0.569988632624,2.71779058989,0,11.1902463284,0.0161791394409,0.0647768373607
2878,0.0943395659094,0.192981794153,-0.556783455503,2.71012700086,0,9.42337191254,0.00805468035489,0.0605131963479
2879,0.0774193997187,0.204060947804,-0.586621496701,2.71661809775,0,5.95102579442,-0.00517231439731,0.0557622241232
2880,0.0876549364489,0.197157415078,-0.615840799963,2.70619118217,0,7.88831568575,0.00264725127833,0.0581577807961
2881,0.0881747897837,0.194077282784,-0.569529079353,2.71364897054,0,7.99943828113,0.00252665049063,0.0633363555146
2882,0.0666733681493,0.206390002457,-0.523856899105,2.71496564112,0,4.35619189229,-0.0167705689122,0.0639680087872
2883,0.10281860894,0.184027245474,-0.483859877559,2.70591010938,0,11.739852945,0.0146719638837,0.0582443629141
2884,0.0772316055054,0.193682652058,-0.531199439102,2.70718884814,0,5.91959201901,-0.00697393606221,0.0626138806839
2885,0.069650319485,0.194323527341,-0.596967493058,2.70814740718,0,4.75874019184,-0.0131265134289,0.0608671352981
2886,0.0880052260337,0.192658160431,-0.564813821496,2.71239861147,0,7.96304675788,0.00323750694825,0.0613848490024
2887,0.0678727808928,0.193498276617,-0.516569184485,2.70477823371,0,4.51501223157,-0.0155217287946,0.0597760918398
2888,0.0743235396505,0.193911022887,-0.489840687005,2.71455782496,0,5.44993007497,-0.010422531469,0.0575411942915
2889,0.0774366875162,0.19166455693,-0.542128051927,2.69711240947,0,5.95392638949,-0.00653677119878,0.0575333913615
2890,0.0685358888563,0.196012653259,-0.495556696674,2.70996352019,0,4.60475144696,-0.0168519943237,0.0594905305868
2891,0.0708428983758,0.19774174816,-0.56194099443,2.70090790903,0,4.92803112012,-0.013091447383,0.0577590045873
2892,0.0927592257402,0.193961694422,-0.518138917764,2.70987979296,0,9.03897245937,0.00787993287282,0.0617303055235
2893,0.103964270203,0.197507477702,-0.530594037124,2.70772553847,0,12.0884814541,0.0171737193494,0.0587657361503
2894,0.095187656187,0.187331779113,-0.4763251909,2.71490127394,0,9.63545570296,0.00839857212159,0.064745279147
2895,0.0937936830034,0.18973293526,-0.47064399377,2.70680507216,0,9.28901930455,0.00608960628605,0.0554236201363
2896,0.0728105924039,0.200196755937,-0.517338749342,2.69751581404,0,5.21786313817,-0.0115862156205,0.0586589536242
2897,0.0630588655523,0.201157342598,-0.550112371156,2.71699835229,0,3.9037295638,-0.0197801528191,0.0562125716672
2898,0.0731988860748,0.196766050693,-0.546718246469,2.70436679958,0,5.27664466226,-0.0108764416011,0.0648436968808
2899,0.0841389037303,0.198065111261,-0.533820061807,2.70652581301,0,7.17064206863,-0.000749304458505,0.0589936161482
2900,0.0779899408513,0.198094817088,-0.620703670747,2.70962523577,0,6.04736982891,-0.00567519025274,0.0610920093767
2901,0.0852973004457,0.195896525169,-0.50154849639,2.71186644635,0,7.40069960087,0.00176496815002,0.0644048459625
2902,0.0745348714583,0.203297510568,-0.56637068961,2.70672471278,0,5.48300122567,-0.00860857489159,0.0645512717339
2903,0.0859516952385,0.192090405437,-0.545373782519,2.70546344138,0,7.53340228558,0.00121918002481,0.0582922224658
2904,0.0775795016841,0.19734341592,-0.614548418156,2.70946822863,0,5.97793271079,-0.00637382170006,0.0558519683858
2905,0.101220948013,0.198353047794,-0.528758915104,2.71635387596,0,11.2685543655,0.0159959981086,0.0630018324883
2906,0.0744730098062,0.197458635014,-0.654813174305,2.69988346518,0,5.4733037031,-0.0091994558724,0.0667094265492
2907,0.0870950909534,0.194213633935,-0.532920548866,2.70871115521,0,7.77012022072,0.00157298635837,0.060182196312
2908,0.0877578591527,0.185028119231,-0.484767497681,2.71296979415,0,7.91021091793,0.00137203432581,0.0585768699297
2909,0.0870806157333,0.208535032262,-0.565590800756,2.72071536332,0,7.76708432316,0.00336364426101,0.061562666374
2910,0.0832634516355,0.197738945926,-0.554572767356,2.70832313106,0,7.00080905832,-0.000538163273777,0.063377628269
2911,0.0832120100282,0.197450144482,-0.579037398447,2.70671688262,0,6.99093597572,-0.00220047270628,0.0593373728476
2912,0.0767072918359,0.199290165546,-0.552580993648,2.70026481356,0,5.83255206795,-0.00657051934048,0.0641671151762
2913,0.105793525361,0.197134835984,-0.459134912556,2.71696874255,0,12.6642216284,0.0197067872235,0.0594210725535
2914,0.0877824948764,0.194591002274,-0.534873044799,2.70924696038,0,7.91545947899,0.00327539854039,0.0605593203576
2915,0.0640678926368,0.201852422653,-0.616456378167,2.70857168681,0,4.02619959458,-0.0190891608193,0.058124209841
2916,0.087250556458,0.199923391085,-0.614653711207,2.70158452277,0,7.80278989908,0.00268565917381,0.0625462528866
2917,0.0661101699281,0.194080617737,-0.503145891863,2.70960156323,0,4.28314220849,-0.0168521773586,0.0645655918423
2918,0.0910158969441,0.184387562731,-0.512122876551,2.70413643291,0,8.63074386201,0.00448296394298,0.0652425327388
2919,0.0810114871351,0.20082881631,-0.557393988918,2.70987752416,0,6.57939154514,-0.00245908406371,0.065052708752
2920,0.0826642138824,0.197531266636,-0.495173140471,2.70773464779,0,6.88652256371,-0.00199936085668,0.0569540279559
2921,0.0744482974708,0.198172407854,-0.527092629893,2.71179895185,0,5.46943366166,-0.0105347612137,0.0569672531349
2922,0.0914045880733,0.201186409791,-0.594739870421,2.70999651755,0,8.72035561203,0.00564580482694,0.0597190956851
2923,0.086570644919,0.190114646322,-0.485788526472,2.71896350977,0,7.66077038167,0.000625404152964,0.0617606234739
2924,0.0808345120212,0.201616039447,-0.534783829698,2.72238111364,0,6.54719391473,-0.00295881448392,0.0631401538618
2925,0.0995429346816,0.200052166997,-0.541719274545,2.71061078603,0,10.7916183687,0.0139704682542,0.0668515855579
2926,0.0762811515862,0.196528146625,-0.589775906676,2.70799087852,0,5.76258609662,-0.00730277391445,0.0639045523226
2927,0.0927125785969,0.185202556953,-0.506130540708,2.7051726446,0,9.02783581593,0.00531676839213,0.057154426956
2928,0.0865441256686,0.19665916325,-0.52777096407,2.70962783837,0,7.65527594064,0.00289989000853,0.064798434118
2929,0.0636704442479,0.204154280793,-0.601839793512,2.71514602287,0,3.97761250873,-0.0189432350765,0.0614095448389
2930,0.0779912872628,0.190255128605,-0.574267127373,2.70695645754,0,6.04759870117,-0.00769314937721,0.060241611316
2931,0.0872151351917,0.185666234146,-0.549223447595,2.7151396058,0,7.79533616089,0.000597175003715,0.0551994886978
2932,0.0963880132975,0.193588608942,-0.533354314739,2.70896238353,0,9.94273688279,0.0100098969943,0.0521954605631
2933,0.0716728223968,0.213554271324,-0.62194907281,2.71425962775,0,5.04865478735,-0.0104147540558,0.0644229169706
2934,0.0736669727818,0.194124429586,-0.56978645685,2.71058537119,0,5.34821607045,-0.0103799205728,0.0543310664853
2935,0.0848006269637,0.200762126359,-0.638308352879,2.70850382607,0,7.30130760721,8.28788729391e-05,0.0632454744912
2936,0.0993559536664,0.193804477528,-0.553957163842,2.71050327975,0,10.7395909825,0.0134809383789,0.054931297495
2937,0.0978839486737,0.200008054257,-0.58124469088,2.70847207342,0,10.3376447631,0.0123982175181,0.0589220763386
2938,0.075492235357,0.199631108106,-0.589451754591,2.71137438475,0,5.63487170664,-0.00700600715402,0.0622107664348
2939,0.0865950939831,0.18762460237,-0.476487137599,2.71020713442,0,7.66583887843,-0.000984761725451,0.0645218493298
2940,0.104656679824,0.19947239237,-0.570097691598,2.7195409804,0,12.3036121377,0.0192148268376,0.0606811660794
2941,0.0749952612123,0.202315304512,-0.669964248999,2.70607468742,0,5.55561270232,-0.00921614571576,0.0545026797268
2942,0.0889958580643,0.186998581262,-0.462871541532,2.70973509877,0,8.17767369605,0.00445693196675,0.058390860868
2943,0.0860135740433,0.204249891836,-0.573750265572,2.72369847575,0,7.54605428672,0.00301402671958,0.0637737871565
2944,0.0690207282934,0.186650069308,-0.551445351861,2.70543632779,0,4.67125222185,-0.0163159992697,0.0606742178325
2945,0.0871031001797,0.205769889884,-0.644095567836,2.70736374075,0,7.77180043545,0.00372583078326,0.0590558828853
2946,0.093501180928,0.191447645189,-0.489300321273,2.69836688976,0,9.21771551692,0.00738439528806,0.0595712727214
2947,0.0752096496588,0.193458576568,-0.520922537129,2.69871435783,0,5.58969174752,-0.010161390868,0.0528477509383
2948,0.0434020572366,0.204351304589,-0.55147909085,2.71791284687,0,2.01834698628,-0.0378010296146,0.0623777745317
2949,0.0720472301071,0.196600785903,-0.505128476969,2.71060494571,0,5.10384161718,-0.0118244351395,0.0638836956688
2950,0.0812598718364,0.204486645387,-0.620882845485,2.70758546253,0,6.62480379428,-0.00218806304491,0.0611272161727
2951,0.0834112651324,0.197146249906,-0.498292655676,2.713836786,0,7.02924391816,-0.000898346381057,0.0602668531869
2952,0.0810734477573,0.191656366281,-0.504967716165,2.70095815104,0,6.59069541695,-0.0043444035056,0.0641126128878
2953,0.100047533098,0.198189582451,-0.566860774489,2.70807114404,0,10.9331315086,0.0135686413871,0.0594453885485
2954,0.095493081026,0.198197456768,-0.550246429679,2.71083767891,0,9.71284535547,0.0104229547706,0.0644475731929
2955,0.0972419298981,0.18228041652,-0.479254099115,2.70052177966,0,10.1665097572,0.00931046554426,0.0604641447644
2956,0.0926746307549,0.193269387241,-0.50230521687,2.71341360814,0,9.01878482681,0.00785321829108,0.064229442969
2957,0.0738191502634,0.207836844221,-0.603727724357,2.71238442823,0,5.37165287433,-0.00851802832341,0.0621922833497
2958,0.095867976117,0.202590774041,-0.572366080799,2.70701388602,0,9.8085780226,0.0112775710914,0.0610419548842
2959,0.0817628822579,0.194169028016,-0.503542256203,2.70822384799,0,6.71757206075,-0.00360375739689,0.0618870158946
2960,0.111969257173,0.190069032837,-0.446804064871,2.70500786552,0,14.7933910104,0.0235829915146,0.0571674377576
2961,0.0863808152639,0.18968224237,-0.563421933586,2.70104768008,0,7.62151396566,0.000819053635735,0.0602067624893
2962,0.0725161367401,0.184555679134,-0.471556947146,2.7158698974,0,5.17364047949,-0.0132921097793,0.0616240223001
2963,0.0865490077678,0.20333533256,-0.57821548903,2.71678527653,0,7.6562871958,0.00309784917344,0.0677606907042
2964,0.0789590903036,0.195574421752,-0.485909570621,2.71905666773,0,6.21397475175,-0.00539992643802,0.0607502410879
2965,0.0826561701284,0.209199577413,-0.636234367014,2.70565163225,0,6.88499919009,-0.00174838430821,0.0627439978516
2966,0.0945614817702,0.196756588754,-0.548899028272,2.70358533626,0,9.47847069425,0.00998676324956,0.062627267865
2967,0.0681436796915,0.191537463737,-0.469838158366,2.70619024276,0,4.55150510782,-0.0170197451441,0.0601982933991
2968,0.0867720977437,0.197909688867,-0.500561703999,2.70875869488,0,7.70261841026,0.00215146231178,0.0599811734229
2969,0.081146716083,0.1867720567,-0.47605216305,2.70724441218,0,6.60408314342,-0.00460674836781,0.0622433358364
2970,0.0444223748786,0.208227152181,-0.618491575738,2.72207544122,0,2.09603732724,-0.0369058867108,0.0587426291046
2971,0.0928393608503,0.189654069643,-0.50405126506,2.69700360217,0,9.05813186382,0.00669261509537,0.0645084089446
2972,0.0951729337062,0.196727181537,-0.484158022487,2.71233619044,0,9.63173888071,0.0105090215916,0.063468888758
2973,0.0739839490687,0.204884941098,-0.596416984985,2.71583825057,0,5.39712731417,-0.0107742282911,0.0605828320958
2974,0.087030832543,0.194768332386,-0.555118131668,2.70899873992,0,7.75665097336,0.00214455656909,0.0645486012832
2975,0.0831551310663,0.198332654425,-0.519981587077,2.70895254013,0,6.9800329506,-0.00142356314811,0.0601106022274
2976,0.0885203305372,0.200337647785,-0.63875613199,2.71053582335,0,8.07403798717,0.00395747014526,0.0549590240307
2977,0.0870652648968,0.194299887405,-0.581421372846,2.71796041177,0,7.76386588603,0.0027595613839,0.0640285589479
2978,0.0887954595289,0.192975196582,-0.544169066979,2.70175473287,0,8.13386115774,0.0048069423424,0.0568628768014
2979,0.0584246204027,0.208781413823,-0.599359371952,2.72134715883,0,3.3771560577,-0.0221305287305,0.0657948451893
2980,0.112065086522,0.201862234898,-0.59757501854,2.70509004409,0,14.8288189012,0.0254379135418,0.05808335367
2981,0.0612595990626,0.192184266035,-0.516957599468,2.70053661259,0,3.69242959935,-0.0230633861492,0.0607434043939
2982,0.0831569039584,0.20757021786,-0.641912680506,2.71263030707,0,6.98037257699,0.000420003915829,0.0674693551619
2983,0.101652314951,0.192862429268,-0.497892685296,2.71086161209,0,11.3941255748,0.0146078736751,0.0624524303793
2984,0.0989665203318,0.192827951628,-0.530865698997,2.71134962451,0,10.6319390045,0.0117117400717,0.0623062092115
2985,0.0777763250532,0.195632842974,-0.521851224647,2.71025980171,0,6.0111483235,-0.00698899446631,0.055628546022
2986,0.0609859926726,0.195579288439,-0.531040108646,2.70874354946,0,3.6610751228,-0.0228392205838,0.0587628779541
2987,0.0787214682354,0.199210253151,-0.575282838238,2.72131250351,0,6.17277852434,-0.00383965043369,0.0652393077107
2988,0.0696865657189,0.190155188151,-0.55006761206,2.70406206341,0,4.76381627514,-0.014540594848,0.0613321210287
2989,0.0776455119919,0.194775334272,-0.607913371986,2.70657535005,0,5.98905561074,-0.0074454391098,0.0614938027325
2990,0.0963345745637,0.196088991012,-0.520908930932,2.70834948401,0,9.92887732222,0.0102252020481,0.0577469411741
2991,0.0946968385988,0.193666891886,-0.529266083348,2.70671103232,0,9.51221539919,0.00822011534135,0.0561197566819
2992,0.083909187238,0.199381648477,-0.583213834555,2.71136309322,0,7.125745853,-0.000220511740174,0.0664337180751
2993,0.105696725623,0.191560146325,-0.442460403004,2.70172278785,0,12.6331541452,0.0179561752464,0.0560791548651
2994,0.0869900271306,0.192045982454,-0.60061483167,2.71123253598,0,7.74810805257,0.00246711788884,0.0591573906998
2995,0.0843033035541,0.190751167036,-0.475602199586,2.70310126542,0,7.20291900393,-0.00169943690987,0.0573878277387
2996,0.0975021542199,0.206050023259,-0.602086449113,2.72229428023,0,10.2355730428,0.0121190305836,0.061091469064
2997,0.0930130535725,0.209921404474,-0.592592369322,2.71236107589,0,9.09978061058,0.00844086611913,0.0661512323144
2998,0.0888992581376,0.193312660398,-0.511148115419,2.70251754252,0,8.15652917318,0.00325313396255,0.0588330141086
2999,0.0720423324294,0.201333951167,-0.502178935779,2.71252168054,0,5.10311659556,-0.010992565465,0.0675985138546
3000,0.0948474990726,0.183340858508,-0.474329309786,2.71247289337,0,9.54989820973,0.0085299828609,0.0617183478179
3001,0.0858085079339,0.18917265461,-0.564189051973,2.7118126551,0,7.50419462513,0.000683265937077,0.0590063906703
3002,0.0702653465525,0.204912964768,-0.62182975141,2.70990819553,0,4.8454565028,-0.0133684569921,0.0605796535837
3003,0.0827456101922,0.203861529913,-0.606594304198,2.72019938929,0,6.90195380671,-0.00293598210515,0.0594146946552
3004,0.0866128472247,0.200231778637,-0.569185982486,2.71303377119,0,7.66952106211,0.00290851091884,0.0557750046235
3005,0.0577776309134,0.19302927929,-0.579335937535,2.72279219009,0,3.30811451535,-0.0251505843601,0.0563018838302
3006,0.0750957451894,0.197376582259,-0.550189875821,2.7126243823,0,5.57156441497,-0.00824486930799,0.0557246524572
3007,0.0969573898963,0.190896264897,-0.52155008438,2.70328715416,0,10.0914603306,0.0105555404145,0.0544027265763
3008,0.0866046448036,0.188960617415,-0.478061155079,2.7003418484,0,7.66781961849,5.56987005902e-05,0.061849222048
3009,0.0890498099259,0.19202574958,-0.51843420039,2.71200809879,0,8.18950351294,0.00372814782077,0.0639215621644
3010,0.0914380372415,0.191781676015,-0.493683864763,2.71220943454,0,8.7281045879,0.00505792250272,0.0677532310546
3011,0.0916152941123,0.190338582552,-0.50809744148,2.71206392321,0,8.76926790749,0.00572836647535,0.0600904728622
3012,0.0724530782559,0.19923543554,-0.510618262225,2.70158643947,0,5.16420947229,-0.0115953980599,0.0620736060483
3013,0.0670287573896,0.190747319749,-0.555041191878,2.70808419932,0,4.40278643137,-0.0175259278004,0.0656877834701
3014,0.0796912597398,0.209180547967,-0.639725720194,2.72741359516,0,6.34234543833,-0.00264180920049,0.0636495922997
3015,0.0788131131454,0.198915662821,-0.497247946683,2.7174664565,0,6.18864001354,-0.00459813912372,0.0659210224096
3016,0.0740373807062,0.206403134754,-0.626788742958,2.71283168323,0,5.40540772759,-0.00929295615778,0.066163926544
3017,0.0918769812384,0.190269580924,-0.505997827124,2.71309031754,0,8.83034424478,0.00647720661371,0.0648802401606
3018,0.0841886224542,0.211689611329,-0.623451657908,2.71406508628,0,7.18039053813,0.000169692572657,0.0608074653447
3019,0.0962808060289,0.189908279388,-0.468872077312,2.71057879043,0,9.9149492625,0.00964173344576,0.0611884079079
3020,0.102836833172,0.18600289198,-0.504244356839,2.70476451453,0,11.7453280882,0.0165815574916,0.0636538079672
3021,0.0869495264319,0.20244641355,-0.562246790653,2.70928036971,0,7.73963685052,0.00344661177509,0.0635589208338
3022,0.0726741546034,0.201056125009,-0.560566245103,2.71829219621,0,5.19733456635,-0.0123630438055,0.0573149760531
3023,0.0972875643225,0.194116020711,-0.52413040661,2.71014048049,0,10.1785915018,0.00997192411257,0.0641810377978
3024,0.0705564777318,0.198959988952,-0.483006852352,2.71537349957,0,4.88694133938,-0.0126441371476,0.0617454266597
3025,0.0786965278469,0.205544750276,-0.635295394736,2.71049121241,0,6.16846778252,-0.00455590609316,0.0622970393517
3026,0.0852309070123,0.19066946763,-0.550556571212,2.70560985086,0,7.3873473037,0.000657368811125,0.0604371879179
3027,0.0622391382614,0.19764521897,-0.502469508894,2.71284136989,0,3.80635306375,-0.0213504801599,0.0597884793671
3028,0.0610422880784,0.198236286816,-0.485042818639,2.72367261543,0,3.66750990283,-0.0214911174005,0.0652006561244
3029,0.0647869968538,0.196534734272,-0.532260137335,2.71292678903,0,4.11526964886,-0.0187367829837,0.0635668109351
3030,0.0989624934934,0.19081872001,-0.488374350793,2.71400830347,0,10.6308308299,0.0132252423818,0.0583814081148
3031,0.0782331030501,0.19202391822,-0.512900923677,2.72065642924,0,6.08882032454,-0.00633956846929,0.0597638123247
3032,0.0739327723953,0.189969699208,-0.469732102763,2.70239296842,0,5.38920600812,-0.0102364921744,0.0620081930144
3033,0.0999158078946,0.201862972369,-0.555298263253,2.71028969337,0,10.8960328583,0.0139514288547,0.0592511843076
3034,0.0881405957226,0.203620771668,-0.596105990483,2.72141644104,0,7.99208818442,0.00484551404122,0.0667871947909
3035,0.0792094219173,0.189862074757,-0.50000308733,2.70127709916,0,6.25762047076,-0.00616078062312,0.0569193812817
3036,0.0998605680388,0.188880791718,-0.550800459765,2.71431397574,0,10.880508315,0.0125654565877,0.0657775829232
3037,0.0806184195271,0.186598270839,-0.529248312047,2.6947320047,0,6.50805784957,-0.00491141038344,0.0631908104095
3038,0.0763408546962,0.195801501504,-0.588974774323,2.70825978842,0,5.77234680695,-0.0077622902593,0.0607659874662
3039,0.0848139977992,0.197092073447,-0.538691698667,2.71321912516,0,7.30396844411,0.000108521293466,0.0603769909243
3040,0.080530134919,0.195617005232,-0.573908698295,2.70660801682,0,6.49212501758,-0.00312579282146,0.0603278744431
3041,0.0967164873649,0.19785276971,-0.628397914733,2.70804460356,0,10.0282999482,0.0117814705654,0.0613542509601
3042,0.0805912813026,0.195911974326,-0.592221113334,2.70661251706,0,6.50315671584,-0.00444620818081,0.0577125586816
3043,0.0831671554622,0.191350607765,-0.518994730096,2.7146711062,0,6.98233669224,-0.00134139467712,0.062577075817
3044,0.0816591072953,0.193151712817,-0.506487046662,2.71155815758,0,6.69834483193,-0.00396992818269,0.0581866154366
3045,0.0897865709104,0.201003110692,-0.636896653539,2.70572132974,0,8.35252478598,0.00468058560734,0.0639137920929
3046,0.0944813651195,0.192287571889,-0.507097698683,2.70152623429,0,9.45854656196,0.0078980558566,0.0555454389867
3047,0.0661374851687,0.204606284848,-0.595712695614,2.71418352858,0,4.286662921,-0.0164191849849,0.0604140350585
3048,0.0903998190232,0.19601301794,-0.626423896748,2.70340709269,0,8.49033387702,0.00530373958456,0.053982142579
3049,0.0934994212293,0.190424292715,-0.50073975864,2.70526571739,0,9.21728799309,0.00680434595154,0.0588557329793
3050,0.0849806941783,0.201341410663,-0.536306749696,2.70515590519,0,7.33721045214,0.00147056764807,0.0656575061716
3051,0.0788715362464,0.204979924241,-0.584001669616,2.71241477889,0,6.1987692188,-0.00470752465088,0.0585585078606
3052,0.096993436935,0.20025798266,-0.620000649852,2.71580965541,0,10.1009410914,0.0115674781438,0.0597410053715
3053,0.0720906202775,0.191844410268,-0.540243848876,2.70799130311,0,5.11026844484,-0.0125433754831,0.058819321978
3054,0.078151881232,0.186495919982,-0.496886362437,2.7045456816,0,6.07494889168,-0.00732947394589,0.0658999248903
3055,0.0905689832804,0.195806709086,-0.533993304179,2.71279243478,0,8.52869073447,0.00550968112169,0.0565672495154
3056,0.0634102337611,0.200276537452,-0.631998304185,2.71019415825,0,3.94604738797,-0.0187495049108,0.062038044144
3057,0.0651840740648,0.202392364516,-0.608517778852,2.71247434462,0,4.16510102133,-0.017640124996,0.0594315132116
3058,0.0751936662291,0.191806061779,-0.520474111777,2.70818947619,0,5.58714516689,-0.00976844724056,0.0624425112065
3059,0.100189149831,0.183616938819,-0.464460072831,2.70944825248,0,10.9731400599,0.0130104360598,0.0633816944194
3060,0.0770251492053,0.19295876647,-0.57394353906,2.7043835569,0,5.88519224286,-0.0079545855533,0.0572035493468
3061,0.106524147728,0.197892439706,-0.60280426765,2.71941396391,0,12.9009177943,0.0210955973909,0.0678158934727
3062,0.0804020192746,0.196655823307,-0.569532674071,2.70142834947,0,6.4690616381,-0.00321902279516,0.0625146477699
3063,0.0846616185151,0.202054208597,-0.543721427853,2.71287583937,0,7.27369302573,0.00108284808289,0.0611315106481
3064,0.081820166586,0.198639344015,-0.577475716183,2.70509429609,0,6.72820536329,-0.00223751271084,0.0610231943701
3065,0.112551103779,0.189794904496,-0.484132606037,2.71508162756,0,15.0096781421,0.0233013886089,0.0626037728767
3066,0.0877170953553,0.187724897989,-0.53368983239,2.7040895098,0,7.90153284762,0.0013227683904,0.0554831658802
3067,0.10021997534,0.200665880735,-0.568899328903,2.7064034987,0,10.9818657402,0.014338337041,0.0643357130689
3068,0.0877159472067,0.18560494499,-0.52042531061,2.70421645682,0,7.90128853976,0.00135910012716,0.0559007714265
3069,0.0914531365895,0.191152201034,-0.499226477675,2.69808403889,0,8.7316045123,0.00576979775278,0.0594658997456
3070,0.0879789557294,0.195212805346,-0.580603422059,2.71314232891,0,7.95742133831,0.00274831168211,0.051491504278
3071,0.0806302317658,0.20835983035,-0.638925572029,2.71830219338,0,6.5101920884,-0.0019117073304,0.0611939004318
3072,0.087240931429,0.201770362282,-0.569301620656,2.70614816068,0,7.80076389229,0.00223952768152,0.0647548791035
3073,0.0574928756666,0.204442826797,-0.627701930616,2.71427465482,0,3.27806067267,-0.0240260138338,0.0648963803044
3074,0.0820784212381,0.194460098827,-0.555789625091,2.7102020271,0,6.77631859265,-0.00155812780317,0.0614882253404
3075,0.0855445470691,0.210418630644,-0.596495121737,2.71287593987,0,7.45060305522,0.00174291244212,0.0657438413546
3076,0.0878187729617,0.195831825497,-0.490505208227,2.70447731011,0,7.92319381981,0.00237286985623,0.0590907880419
3077,0.0824056843674,0.202466645873,-0.53689295293,2.70862108915,0,6.83770205858,-0.00135126652159,0.0632692541233
3078,0.0831819005681,0.201420741624,-0.479825624405,2.7081647271,0,6.98516256483,-0.000419081806479,0.0616679887077
3079,0.0816389010024,0.190505962412,-0.504100951121,2.70011003709,0,6.69460640934,-0.00359463444435,0.0561606910794
3080,0.0863635940348,0.188041801383,-0.493017885196,2.69883348557,0,7.61796112484,0.000535258997295,0.0611568947283
3081,0.0757512972902,0.201067251119,-0.497037200045,2.71572753406,0,5.67655224655,-0.00743675365213,0.06342684328
3082,0.0852396385601,0.191448234416,-0.489825298649,2.7144741971,0,7.38910212785,0.000672626158667,0.0579197811517
3083,0.0982159911917,0.194667594968,-0.475483749222,2.70416116429,0,10.4271398354,0.0118161321551,0.0613406513742
3084,0.067858837825,0.196079896162,-0.497144265586,2.69435304668,0,4.51314021094,-0.0162321910475,0.0597221604522
3085,0.0605701990802,0.200099201826,-0.557483026991,2.71410466508,0,3.61381179074,-0.0222708754791,0.0609530690015
3086,0.088881729871,0.202167722679,-0.540625161201,2.70442462845,0,8.1526974778,0.00318238756253,0.0587149930174
3087,0.0958613932644,0.186477618386,-0.528332537422,2.70944436895,0,9.8068899619,0.00969672571327,0.0587154609677
3088,0.0788723103423,0.19218222576,-0.524997657438,2.70997942509,0,6.19890352107,-0.00613793714433,0.0596525694405
3089,0.10577780738,0.196623537034,-0.538507442332,2.71069672015,0,12.659172381,0.0202308905004,0.0626809172917
3090,0.0825812828387,0.198999372984,-0.523543220383,2.7086839971,0,6.87083016573,-0.00308299261351,0.0566290919978
3091,0.0915802640764,0.198736401976,-0.493136259378,2.712549084,0,8.76111983288,0.00735676795187,0.058352179862
3092,0.0744103796957,0.200437691981,-0.614804347703,2.71308143855,0,5.46349992562,-0.00843407441274,0.0668801759058
3093,0.0924608749988,0.189627588713,-0.511571710827,2.6996148172,0,8.96794822238,0.00520140325787,0.0626578054525
3094,0.0761606414451,0.193084559598,-0.551952105239,2.70867393622,0,5.74292539,-0.00938849368208,0.0583270153764
3095,0.0920237810765,0.189288106498,-0.489803232614,2.71791407076,0,8.8647670999,0.00619087223332,0.0560435383176
3096,0.0968086238368,0.206107012982,-0.622005716334,2.72127927624,0,10.0524155526,0.0126543589166,0.0625292005522
3097,0.0926401882296,0.193601445419,-0.504594177927,2.71320567474,0,9.010576696,0.00680447566614,0.060364389274
3098,0.0993791227266,0.195856724225,-0.521560678959,2.71041857721,0,10.7460257622,0.0132596235425,0.0628963611975
3099,0.102392022121,0.194061096042,-0.587622637499,2.70982513247,0,11.6123367378,0.0156525605973,0.0605580391778
3100,0.0823782522172,0.212051301573,-0.648535091638,2.70710310166,0,6.83253887978,-0.00194140651152,0.061150700062
3101,0.0919600308804,0.207389300956,-0.601714348374,2.71302781811,0,8.84980420664,0.00850371965731,0.0639034702752
3102,0.0766894030618,0.189473689838,-0.564288283671,2.70374151226,0,5.82960104972,-0.00919163816413,0.0604416021816
3103,0.0711461435445,0.203095796143,-0.604558143436,2.71593342814,0,4.97183504014,-0.0128601049471,0.0663842831839
3104,0.0691205031512,0.199972710218,-0.602252798527,2.70299404431,0,4.68503119813,-0.0143714803313,0.0578357718261
3105,0.0716802824672,0.191054379662,-0.503149155192,2.70141636438,0,5.04974968497,-0.0129567042755,0.0604267992461
3106,0.0885684096289,0.188706366718,-0.492752432413,2.71059145778,0,8.08446491405,0.0031731617106,0.0663934625346
3107,0.0888863838383,0.193955651845,-0.524884848229,2.71199373868,0,8.15371468903,0.00371679233004,0.0644297539546
3108,0.0820311743538,0.198868506002,-0.527624694407,2.71963085605,0,6.76749495493,-0.00252335372954,0.0557228480883
3109,0.0732262851975,0.201679020386,-0.554791543077,2.70694857365,0,5.28081257685,-0.00981679380536,0.0627309003893
3110,0.0883914357643,0.195131505708,-0.60746024623,2.7103831103,0,8.04614128667,0.00292308150463,0.0578476426241
3111,0.0947745221219,0.199770460777,-0.631177701257,2.70845277246,0,9.53162921126,0.0109365698279,0.0624359123887
3112,0.0997082882734,0.192299328224,-0.474033766908,2.71561144563,0,10.8378125968,0.0139295943931,0.061048614958
3113,0.0747417444216,0.197698715651,-0.563812489194,2.71616823807,0,5.51553250145,-0.00903186070859,0.0588908899713
3114,0.0958348589185,0.194092926454,-0.553729528296,2.70626587032,0,9.80008824964,0.00827215267654,0.0581140120996
3115,0.0720795306647,0.193539470706,-0.542625062262,2.71113594076,0,5.10862526448,-0.0113411727448,0.059504305428
3116,0.0858301200675,0.195847287543,-0.585813720538,2.71771984138,0,7.50859694778,0.000955400185625,0.0607295838883
3117,0.0808750695117,0.190969062354,-0.513098684435,2.7013600845,0,6.55456102763,-0.00511817860516,0.0532415499997
3118,0.0759261538224,0.189873784819,-0.541395714927,2.71072213603,0,5.70482715091,-0.00903053198604,0.0640021961231
3119,0.0920353086017,0.195590784694,-0.610003878694,2.70679639203,0,8.86747507299,0.0061614260186,0.0578197729619
3120,0.0842618459214,0.195110235782,-0.599494460825,2.71100720019,0,7.19476800576,-0.000222681798382,0.0570969357887
3121,0.0626668788026,0.193814663539,-0.550658591191,2.71862619363,0,3.8569306,-0.0206203631662,0.0638947533427
3122,0.0864937779018,0.204643722077,-0.589367172118,2.71115404517,0,7.64485376396,0.00316349912972,0.0665709997624
3123,0.0861836907108,0.191902589596,-0.520928887631,2.71146934924,0,7.58093008198,0.00165003192594,0.0641580952017
3124,0.0836924180514,0.192837703228,-0.445645068671,2.70483032149,0,7.08359768072,-0.00153934419772,0.0643552690712
3125,0.0849519324192,0.196085389586,-0.575642040871,2.7273234285,0,7.33146576342,0.00085879557327,0.0619128369023
3126,0.0973446513766,0.196387004047,-0.594997610716,2.71065013854,0,10.1937230354,0.0111522458117,0.0616511509014
3127,0.0840054080125,0.196305071431,-0.443759422982,2.71626220635,0,7.14452247294,-0.000781719899686,0.0669544398956
3128,0.0769808148773,0.200310814082,-0.589921823365,2.70991987271,0,5.87782672802,-0.00687293409544,0.056785737868
3129,0.0948968924684,0.202264496679,-0.612381283305,2.70785359465,0,9.56228060551,0.0106567153737,0.0656957754847
3130,0.073655240036,0.200398778238,-0.577485623518,2.70651587112,0,5.34641256002,-0.00973431830897,0.057143301035
3131,0.0643603146181,0.197308193737,-0.547635369887,2.72031934257,0,4.06223831009,-0.0193890928429,0.0572169759223
3132,0.0974348318131,0.185358439893,-0.508472383216,2.70240344315,0,10.2176664604,0.0105527519482,0.0585158375183
3133,0.0950878851887,0.185957630002,-0.504919990824,2.70343069424,0,9.61029205528,0.00809359242132,0.0586500936631
3134,0.0776805535089,0.195650871067,-0.503847911598,2.70878858321,0,5.99496711799,-0.00689589638493,0.0643285950051
3135,0.082373368204,0.199572269214,-0.584864945863,2.70869638057,0,6.83161997174,-0.00213364277202,0.0567600305735
3136,0.0843431443439,0.190013715513,-0.520779598054,2.70652652148,0,7.21075945927,-0.000600040309217,0.0576257489784
3137,0.0869728042367,0.188090147172,-0.494801882246,2.70361912349,0,7.7445047154,0.000420266994743,0.0586469471497
3138,0.0853078711749,0.199101434955,-0.58965281799,2.71279943853,0,7.40282735172,0.00150105703785,0.0629528489417
3139,0.0749580643607,0.196057917479,-0.563971718621,2.70970451897,0,5.54971719351,-0.0100779252067,0.0550534133559
3140,0.0703887741822,0.205503708302,-0.604381816742,2.71006193267,0,4.8630099247,-0.0121338643935,0.0583575617146
3141,0.0937419296861,0.190027942467,-0.497158052385,2.70745439156,0,9.27636855889,0.00797185559154,0.0635316897544
3142,0.0769790836763,0.18640808777,-0.507114538275,2.71046365972,0,5.87753926747,-0.00782601532002,0.06278380883
3143,0.0921979639857,0.18653012629,-0.484077391085,2.69637767,0,8.90576132512,0.00624297092357,0.062668777582
3144,0.101855518442,0.189758049806,-0.471386272672,2.71298126832,0,11.4537055661,0.014740165488,0.061075210528
3145,0.0999422296666,0.205010004896,-0.596595611508,2.70705575636,0,10.9034652961,0.0157326982026,0.0616166764492
3146,0.0816211000968,0.197587477244,-0.583506656538,2.71196366489,0,6.69131446049,-0.00282067160362,0.059897021165
3147,0.0810297423519,0.19852609246,-0.578326572641,2.70858206098,0,6.58272027787,-0.00394338071355,0.0547346023813
3148,0.0985780730776,0.196441133526,-0.629531686696,2.71161391837,0,10.5255055515,0.01342727355,0.0637057194458
3149,0.0964814104567,0.192745742027,-0.541079126088,2.70279294814,0,9.96700041931,0.0112305294473,0.0587950413785
3150,0.0826476065545,0.203236469672,-0.592459097773,2.71280117532,0,6.88337768088,-0.00150379319301,0.0601590263528
3151,0.0703861752773,0.200150281751,-0.541507216501,2.70671623956,0,4.86263979622,-0.0121563802724,0.0612623167121
3152,0.0848741534629,0.198627868547,-0.580199854313,2.705719542,0,7.31594975193,-0.000469134497109,0.060589526376
3153,0.073960120221,0.196025215519,-0.586715425683,2.7123377971,0,5.39343782696,-0.00948337770017,0.0646220702256
3154,0.0850633385404,0.19275829937,-0.562431259038,2.70197183583,0,7.35373850855,-6.23770475001e-05,0.0587788556974
3155,0.0828338341267,0.210037301503,-0.555678053195,2.71362001484,0,6.91871222844,-0.000346093531232,0.0587949698002
3156,0.0720129462559,0.200012418074,-0.627199457128,2.71714024005,0,5.09876818868,-0.0123058389837,0.059627850186
3157,0.0947470993709,0.193301033186,-0.563364989832,2.70642243276,0,9.52477208529,0.00750357227229,0.0646816027333
3158,0.0788312076462,0.19355399716,-0.546461956101,2.71809726805,0,6.19177571277,-0.00585476213646,0.0671105619463
3159,0.0840334734584,0.204037366965,-0.589364565597,2.70356829704,0,7.15000704696,-0.000255783360827,0.0619715523782
3160,0.0570247781182,0.20043710192,-0.583105650588,2.71554293992,0,3.22909397645,-0.0239370377509,0.0605090062441
3161,0.087090470153,0.205553166527,-0.568495124698,2.70270675267,0,7.76915098734,0.00231520209226,0.0623913240549
3162,0.0803507583588,0.196760519675,-0.533651382134,2.72008923552,0,6.4598527824,-0.00298286461289,0.0618606314609
3163,0.0961503346705,0.190082679487,-0.484116682871,2.70297378848,0,9.88122322446,0.00910263719219,0.0565962610126
3164,0.0666778656678,0.189850962054,-0.574320484463,2.71693743817,0,4.35677913378,-0.0169678400328,0.0611582892632
3165,0.109904634186,0.186066592444,-0.496357228187,2.70488576808,0,14.0483635652,0.0221269542294,0.0534000639332
3166,0.102511071266,0.201491250772,-0.538690777123,2.70622672841,0,11.6477991592,0.0184474732502,0.0588011110238
3167,0.0959467243,0.200007160422,-0.530705043191,2.70404576089,0,9.82879132401,0.0110913865549,0.0648982448665
3168,0.0931569375056,0.187520587856,-0.496527789529,2.71718967514,0,9.13440721769,0.00714828249976,0.0566281336654
3169,0.0948380467009,0.190777748092,-0.485245778863,2.69632106545,0,9.54753019294,0.00717197918576,0.0578852259602
3170,0.0531995773047,0.20985808041,-0.615923700933,2.71949165258,0,2.84864979758,-0.0280640645125,0.0631330659072
3171,0.0760833625365,0.206118265769,-0.615832253014,2.71265969183,0,5.73034660663,-0.00579445502616,0.0649778578331
3172,0.068157394306,0.186374305725,-0.543935067146,2.69924989317,0,4.55335877003,-0.0161909180944,0.0586567443348
3173,0.0793108212355,0.203524797354,-0.639982370643,2.70989967126,0,6.27537176195,-0.00275371417446,0.0680112521865
3174,0.0759952274221,0.208005272807,-0.585804376161,2.7122518808,0,5.7160282851,-0.00627290555345,0.0607025263762
3175,0.0789345797517,0.19505212128,-0.555289813167,2.70854360493,0,6.2097148889,-0.00573875246389,0.0589167063007
3176,0.100518811573,0.20310681606,-0.585147019982,2.72186954924,0,11.0667739496,0.0150357323957,0.0639997881772
3177,0.0709929984418,0.18665336269,-0.515787229668,2.7005239661,0,4.9496743951,-0.0147934889398,0.057820299614
3178,0.0585023973947,0.203018158909,-0.544295361001,2.72163278067,0,3.385527079,-0.0241169784569,0.060051471186
3179,0.087918344041,0.18118720497,-0.441847793349,2.70659813787,0,7.94445513932,0.000378551209954,0.0629775356342
3180,0.0717226794718,0.20690934244,-0.657585242821,2.71759964735,0,5.05597581728,-0.0107519658277,0.0645776566891
3181,0.0790231580224,0.211243679631,-0.60444615164,2.71466489443,0,6.22512096932,-0.00341196302345,0.066567139863
3182,0.0569398558918,0.200588567506,-0.599762245472,2.71240408252,0,3.22026838852,-0.0260185195346,0.0580397432051
3183,0.0835330628597,0.202607852194,-0.585651678926,2.70759452947,0,7.05274712657,-0.000676221049778,0.0618314562626
3184,0.0901047056049,0.198936412308,-0.554113535442,2.70814838271,0,8.42377403993,0.00339652551555,0.0577228252362
3185,0.105166902654,0.188772094241,-0.469139748796,2.70509446971,0,12.464309199,0.0169691588878,0.0622201604431
3186,0.0876602319436,0.203690806116,-0.621676486978,2.71733028872,0,7.88944095778,0.00432678565688,0.0623150178383
3187,0.0799848567942,0.191446659529,-0.486367703646,2.71013177307,0,6.39443612976,-0.00602825486425,0.0651090548479
3188,0.104086582457,0.194639945724,-0.496674599445,2.71139029719,0,12.1262388506,0.0163695448984,0.0597176014705
3189,0.0799762954123,0.192854215043,-0.485158757947,2.70348187161,0,6.39291213161,-0.00527533651778,0.0639785514085
3190,0.089174443447,0.201259872868,-0.586286919059,2.71146083272,0,8.21688750832,0.0056364245102,0.0619038420219
3191,0.0928782765249,0.194228471358,-0.471596362336,2.70505507079,0,9.06744884268,0.00701521244198,0.0607304684977
3192,0.105775197652,0.192676782176,-0.546635442803,2.70696800958,0,12.6583342051,0.0198311709101,0.0581859075553
3193,0.0753545313333,0.198723682165,-0.62059299286,2.70835031647,0,5.61281842956,-0.00800421423877,0.0557348398152
3194,0.0911055129061,0.186665479254,-0.507363651975,2.72009232958,0,8.65133386161,0.0052902099299,0.062467030389
3195,0.0693902712935,0.189468300414,-0.545740247463,2.71258509523,0,4.72244773188,-0.0134135988374,0.0578987227003
3196,0.0752161182103,0.198962282825,-0.494972908068,2.70053872263,0,5.59072262692,-0.00814586557277,0.0641686240905
3197,0.073250477072,0.194399273944,-0.497664885664,2.71635691216,0,5.28449482157,-0.0105807624133,0.0636490211335
3198,0.113107441113,0.184941248068,-0.532062122296,2.69538228336,0,15.2191444683,0.0244939204902,0.0593324731038
3199,0.0996144716477,0.203296755133,-0.597812098413,2.70789244448,0,10.8115820766,0.0148693172987,0.0633313052077
3200,0.0856710053732,0.190380497102,-0.587915037369,2.7054597817,0,7.47623704375,-0.000231900815804,0.0610777720194
3201,0.0747374508949,0.190671205439,-0.525146138654,2.70214213985,0,5.51485574175,-0.0101096632511,0.0582564057885
3202,0.0776796127794,0.196212121298,-0.592028770398,2.71320513997,0,5.99480835405,-0.00719626998895,0.0612149024169
3203,0.0776273904802,0.183329050194,-0.46163994894,2.70673058278,0,5.98600039475,-0.00774902575369,0.0544540234772
3204,0.0879221750973,0.201971898717,-0.618429761891,2.70287155402,0,7.94527415359,0.00312540549146,0.0569444840433
3205,0.0897524965632,0.195327700244,-0.46242327061,2.70550387572,0,8.34492429874,0.00513615470789,0.0631296846548
3206,0.0746737087461,0.198900494493,-0.563004766106,2.71369279526,0,5.50481644301,-0.0100370127838,0.0574082321939
3207,0.085562201573,0.190887486243,-0.572402121389,2.70077170074,0,7.45417726534,-2.66683463155e-05,0.0617940099929
3208,0.0764931475336,0.207000112144,-0.612744454482,2.7091657261,0,5.79730616434,-0.00713703576307,0.0598605958612
3209,0.0921090630664,0.198116281793,-0.574226290338,2.71704357154,0,8.88481792805,0.00706813223716,0.0555237547133
3210,0.086708023302,0.200792439503,-0.54234841949,2.70437663994,0,7.6892871117,0.00192676575898,0.0583445365933
3211,0.0900074934396,0.19547063839,-0.563878371562,2.7164379798,0,8.40194727273,0.00405700837773,0.0555965505145
3212,0.0857957617191,0.186623484209,-0.531097130121,2.71428295086,0,7.50159928867,-0.000508772771726,0.0634617586043
3213,0.0967202345883,0.198564465644,-0.587501794321,2.70360637086,0,10.0292797507,0.0112492224778,0.0626624779323
3214,0.0689098026481,0.193870973456,-0.586898759785,2.71170814461,0,4.65597101044,-0.0155821406161,0.0590676706669
3215,0.084474936753,0.191070846409,-0.560219052868,2.70115811528,0,7.23674688054,-0.000695638084445,0.0580499748126
3216,0.0771895017222,0.204634279487,-0.570788860751,2.70418832514,0,5.91256329391,-0.00665931569445,0.0610770756337
3217,0.0912569707691,0.190013489242,-0.504889186404,2.71074825113,0,8.68622879826,0.00568033626521,0.0639323732388
3218,0.0817641872019,0.187002368862,-0.467568369141,2.71280826557,0,6.71781413202,-0.00453246050247,0.0616092692139
3219,0.0900174075541,0.186605485103,-0.544237376216,2.69890082076,0,8.40417103241,0.00233946186044,0.0638149262659
3220,0.0877874673603,0.194938825327,-0.462861978742,2.70938358151,0,7.91651921107,0.00259206747827,0.0663313552475
3221,0.0690486956667,0.194236060291,-0.524361509941,2.69973501419,0,4.67511129283,-0.0140484699513,0.0601404020181
3222,0.0891094741969,0.188846486628,-0.513346460869,2.70099405375,0,8.20260294043,0.00367252567992,0.059101248678
3223,0.0785643980487,0.187483148241,-0.523511659883,2.70755815762,0,6.14567175421,-0.0074622976243,0.0637558596852
3224,0.0721907319776,0.187578381286,-0.520202737844,2.70758382428,0,5.1251215373,-0.0135156268128,0.0582733486159
3225,0.0643714312846,0.209439970616,-0.586167491754,2.7183898508,0,4.06361324269,-0.0179732124315,0.0612981802622
3226,0.0831079357786,0.194331399695,-0.603762954157,2.71448714674,0,6.97099703136,-0.00132707948525,0.0618693419061
3227,0.0834636772582,0.196433767217,-0.618798459816,2.70282884022,0,7.03934974733,-0.000648488991211,0.0656742041401
3228,0.0716581139119,0.191884541723,-0.53093082174,2.70933541673,0,5.0464966145,-0.0131311287805,0.0577050233729
3229,0.0974237117206,0.18663011044,-0.458521500797,2.71357563283,0,10.2147113522,0.00948529158158,0.0568657767331
3230,0.115941241674,0.185744741644,-0.441147905845,2.71384078374,0,16.3276531615,0.0267028625105,0.0676501304767
3231,0.106076104564,0.201380969867,-0.597302354001,2.71302958758,0,12.7553041886,0.0193028470531,0.0591934977349
3232,0.107608116306,0.190907240435,-0.537204262647,2.70862459997,0,13.2593631082,0.0195527510906,0.0574407139631
3233,0.0630955121329,0.187342837769,-0.530700658764,2.70545154015,0,3.90812686315,-0.0220148381474,0.0562434931374
3234,0.0887058654502,0.187695957576,-0.457902912057,2.70651420021,0,8.11433858929,0.00248427588205,0.0588475432811
3235,0.0927022365154,0.196324080303,-0.577666653861,2.713722496,0,9.02536833356,0.00729450525153,0.0614981017567
3236,0.0924263220724,0.206881118618,-0.612065598139,2.70843547425,0,8.95975397204,0.00957724070802,0.0652416884603
3237,0.0752934459816,0.196062183475,-0.580447217525,2.70894906789,0,5.6030582039,-0.00749269842055,0.0635569856217
3238,0.0785841954469,0.198479310627,-0.53087787585,2.70583803181,0,6.14908290539,-0.005339336986,0.059279905594
3239,0.0862097750481,0.194595739871,-0.604000378339,2.71832308385,0,7.58628974503,0.000214061933969,0.0623755303061
3240,0.0600892143952,0.199524451399,-0.538987123405,2.71724860421,0,3.55971297632,-0.0216674652842,0.0599609680336
3241,0.0917608011831,0.188829965044,-0.484736738573,2.71602816321,0,8.80318327634,0.00610984426716,0.0616488779528
3242,0.0952716326721,0.190617146773,-0.516833508662,2.70600883772,0,9.65668021951,0.00882445195446,0.061147374706
3243,0.083814094667,0.19491383628,-0.443053036597,2.7253324382,0,7.10723028996,-2.25816395593e-05,0.0662825209328
3244,0.0805548524634,0.186258001635,-0.482209958541,2.70759538458,0,6.49658254336,-0.00457168123891,0.0629665438199
3245,0.0816155494587,0.183992257354,-0.511225769958,2.70528987026,0,6.69028824945,-0.00419359025917,0.0628765362832
3246,0.090588682665,0.204546937781,-0.614845967195,2.70417561626,0,8.53316711535,0.00597130801973,0.0605229556045
3247,0.0834632487569,0.186180989204,-0.503789445378,2.70442397921,0,7.03926707642,-0.00208127684091,0.0619396554061
3248,0.0995138156445,0.181713593548,-0.457304887954,2.71249407225,0,10.7835014597,0.0126013174133,0.0563847385208
3249,0.0716354471615,0.204976868532,-0.605098968767,2.70523226215,0,5.04317217672,-0.0104272611512,0.0620330018008
3250,0.0874842071872,0.189187024315,-0.497327409505,2.71246866642,0,7.85210968481,0.00280780611463,0.0610059199876
3251,0.0955121668286,0.19018517405,-0.508213519273,2.71084116149,0,9.71769931807,0.0097480362126,0.0612943860837
3252,0.0770081951997,0.202810691661,-0.635768789191,2.70964730331,0,5.882374682,-0.00570347748692,0.0596856602798
3253,0.0813822781925,0.195519817817,-0.556430663718,2.72198874193,0,6.64727950795,-0.00370429777994,0.0618144535912
3254,0.0673918358088,0.195778373585,-0.581012621195,2.70127853802,0,4.45079146148,-0.0172224275321,0.0626299772502
3255,0.0882323285836,0.200514607499,-0.564996677818,2.72096250731,0,8.01181942718,0.00332162338041,0.0590066312362
3256,0.0679703851545,0.191379134975,-0.548302510496,2.70317505081,0,4.5281338755,-0.0144620206753,0.0616755054113
3257,0.0769023170829,0.186132080497,-0.461897708284,2.70191203859,0,5.86480402069,-0.0091199161642,0.0566084734809
3258,0.0909705226758,0.191588804689,-0.484903968723,2.71267244476,0,8.62033486622,0.00481406492519,0.0640573707052
3259,0.063983806291,0.196828078993,-0.512478042317,2.70404386761,0,4.01588236423,-0.0204521698445,0.0539883733673
3260,0.0849474654883,0.188434961972,-0.516391417159,2.70865249842,0,7.33057390891,-0.00185680741926,0.0607729264796
3261,0.0781238972754,0.192366678705,-0.512096677254,2.70805389059,0,6.07017571193,-0.00664886817873,0.0637307166337
3262,0.0798670115862,0.185710000637,-0.533774988771,2.7064940919,0,6.37348520229,-0.00623210107603,0.0598891876256
3263,0.0868581550193,0.188178828422,-0.493723499297,2.71352584316,0,7.72055439506,0.000484415779367,0.0561238245691
3264,0.110279248254,0.186802059563,-0.424932515174,2.70697456522,0,14.1809861149,0.0223690535461,0.0623752989771
3265,0.083704295445,0.195915195091,-0.471932297707,2.70758214736,0,7.08590164383,-0.0005237779527,0.0566026353258
3266,0.0770160928519,0.18339395515,-0.477755154285,2.69839227393,0,5.88368704306,-0.00870424239714,0.0597335029016
3267,0.102618591891,0.193519735726,-0.548099929279,2.70779555035,0,11.6799098416,0.0167495098276,0.059504929606
3268,0.0911292946454,0.196418322793,-0.472285531763,2.71364743659,0,8.65680501324,0.00576828231849,0.0615477335504
3269,0.114767939643,0.18906749062,-0.494318050355,2.70331630553,0,15.8601259054,0.0262299521438,0.0616042861228
3270,0.0855382521088,0.188319751793,-0.480647757952,2.70759779816,0,7.44932897204,-0.000729433854749,0.066551712018
3271,0.0801343686056,0.200252234154,-0.592240326797,2.71466565264,0,6.42109924415,-0.00374211186541,0.0632179005283
3272,0.0673932425226,0.200130546749,-0.579632758641,2.70954842025,0,4.4509782477,-0.015491142171,0.0564902832967
3273,0.0806609564517,0.187078317252,-0.513145526238,2.70173421545,0,6.51574616625,-0.00418517917084,0.0653355154355
3274,0.0963435308753,0.195853228694,-0.517563916428,2.70245563785,0,9.93119900136,0.00945867087911,0.057304655028
3275,0.0808962786221,0.211955621599,-0.641588821597,2.71155890727,0,6.55841633432,-0.0025543023732,0.0602858612825
3276,0.106433902986,0.197706892143,-0.467226402787,2.70816473583,0,12.8714696461,0.0194111471108,0.0613414586431
3277,0.0729314874479,0.200550154862,-0.590412958091,2.71358111507,0,5.23610775424,-0.0107056277309,0.0564913138639
3278,0.0870531504643,0.198705028501,-0.545911069648,2.70507771555,0,7.76132679136,0.00282369175366,0.0590937197116
3279,0.0943999098081,0.210179879715,-0.599483147172,2.71043553887,0,9.43832686733,0.0106761163134,0.0646412251736
3280,0.0837111966667,0.19111430301,-0.462021365892,2.70613040069,0,7.08724062486,-0.0016722740634,0.0564187119743
3281,0.101455181302,0.185461617433,-0.518731802808,2.7044396889,0,11.3365872602,0.0142611915536,0.0580160283782
3282,0.0845574038074,0.193437298597,-0.579387758336,2.71884387127,0,7.25304831374,0.00116198641936,0.0669827946475
3283,0.0797070785529,0.195603371376,-0.556954461283,2.70501233493,0,6.34514303355,-0.0047125312782,0.0582528695259
3284,0.106008145289,0.193969510069,-0.490552495209,2.71125837637,0,12.7333459952,0.0193932253951,0.0597622989562
3285,0.0923086018723,0.193323086422,-0.471668550352,2.72197599482,0,8.93188514169,0.0063161355483,0.0673948456829
3286,0.0657526748535,0.201752780724,-0.577661360285,2.72029837591,0,4.23727132775,-0.0178037876757,0.0599839788927
3287,0.0928020829367,0.194351735305,-0.563411548221,2.70579858745,0,9.04921476397,0.0079413151225,0.058246949279
3288,0.0850529286631,0.197905401181,-0.57692439642,2.70428246675,0,7.3516549029,0.00126587525385,0.0564865355751
3289,0.109064002445,0.19812393889,-0.491872557203,2.71371676821,0,13.7548019939,0.0218499664083,0.0676203588609
3290,0.110122394568,0.186594654773,-0.485398904787,2.7007245201,0,14.1253198708,0.0215963257702,0.0605831880231
3291,0.104776104792,0.20372432352,-0.623679245305,2.70136647635,0,12.3410594491,0.0189945139327,0.062119411531
3292,0.0884252570889,0.191423730596,-0.507907890137,2.70387479405,0,8.05345324637,0.00339282237794,0.0546851398701
3293,0.0752287028432,0.187549696626,-0.486993765295,2.70101857992,0,5.59272865764,-0.00911596284397,0.0612066163873
3294,0.090103948257,0.193804142614,-0.501225604269,2.70313672404,0,8.42360380663,0.00370858099074,0.05689302907
3295,0.0782523460875,0.186084921249,-0.532837255102,2.71535524393,0,6.09211056803,-0.00676115766528,0.0610835450567
3296,0.103188519904,0.198337667664,-0.53881861963,2.70354199821,0,11.8514302377,0.0166673782437,0.0567781278812
3297,0.0769337541566,0.185078899735,-0.475399185915,2.70695808335,0,5.87001655168,-0.00926131187991,0.0589409887325
3298,0.086812457558,0.195854778162,-0.532021887972,2.71380917583,0,7.71102574743,0.00189809682361,0.0580032447764
3299,0.0743819854608,0.201223338567,-0.585378250076,2.72417613616,0,5.4590599512,-0.00886679544263,0.0628008765931
3300,0.0911748564378,0.201472700242,-0.602647708439,2.7111132351,0,8.66729514573,0.00520862815303,0.0540990813304
3301,0.0787476112553,0.186991090356,-0.460890474201,2.70961218915,0,6.17729980684,-0.00718913623654,0.0592822504053
3302,0.09426388214,0.183169860175,-0.473066892966,2.70552194893,0,9.40464441793,0.00764764628432,0.0570744928377
3303,0.0942553651261,0.201189421241,-0.524399050904,2.70484016063,0,9.40253896038,0.00869310517486,0.066102655227
3304,0.0860826617553,0.194724112383,-0.519646270351,2.6968857522,0,7.56020156269,0.000552851762756,0.0621198706517
3305,0.0808356513073,0.19223233458,-0.557851396285,2.70638833472,0,6.54740076737,-0.00402064373059,0.0566481576442
3306,0.0717079361758,0.196064442686,-0.52000735138,2.71337800147,0,5.05381001988,-0.0123787650085,0.0604242793678
3307,0.100422404396,0.196978809187,-0.585566452591,2.70923274896,0,11.0393188029,0.0153860885133,0.0619122843761
3308,0.0960441824178,0.188495044453,-0.537369269457,2.70563887118,0,9.85385747359,0.00889927558433,0.0579723884109
3309,0.102317509663,0.184479327009,-0.426822878265,2.70331298575,0,11.5901895957,0.0140667907298,0.0683319231462
3310,0.094553346542,0.189177857056,-0.532545214061,2.70503306541,0,9.4764458886,0.00942546206354,0.0657952894072
3311,0.0869692877139,0.207623201528,-0.62475015683,2.7100715182,0,7.74376917145,0.00317070185828,0.0586023825491
3312,0.0796010497788,0.203988950425,-0.521485535889,2.71082826038,0,6.32641115987,-0.00325908232625,0.0627867827898
3313,0.0872365006271,0.18667017603,-0.512522673811,2.70044347071,0,7.79983138766,0.00175175250737,0.0552961655775
3314,0.112922515134,0.18645040331,-0.473944232182,2.70359404649,0,15.149227383,0.0237164747107,0.0604999867481
3315,0.0893296446806,0.203642179184,-0.632862452266,2.71285438115,0,8.25109742516,0.00496233077147,0.0589809210253
3316,0.093438780752,0.198787553672,-0.604277660676,2.70490338975,0,9.20256572016,0.00822462298718,0.0640645458525
3317,0.0819250400097,0.194164592016,-0.464131390305,2.70966355737,0,6.7477088215,-0.00318265744559,0.0540854790265
3318,0.072488996666,0.198727035968,-0.560114518001,2.70804581073,0,5.16957971907,-0.0105180648097,0.0638005497271
3319,0.0869961818254,0.196851219883,-0.582909862077,2.71967254945,0,7.74939607092,0.00229214077577,0.0560246626706
3320,0.0654382819318,0.203867597975,-0.631051687351,2.70777179146,0,4.19724765719,-0.01598072357,0.0663469222577
3321,0.0803544215805,0.20223389464,-0.62158051455,2.70117859435,0,6.46051050581,-0.00120785643311,0.0639869912759
3322,0.083454311764,0.200501208548,-0.543764209843,2.7080170534,0,7.03754304523,-0.00145972531818,0.0622353402377
3323,0.0894030570903,0.194011437456,-0.538082415769,2.70130631733,0,8.26732170915,0.00449533574336,0.0541215869392
3324,0.0872542918216,0.200303277077,-0.623030193412,2.70369779777,0,7.80357628992,0.003696273372,0.0648485332721
3325,0.0818706591817,0.195745732756,-0.552990277803,2.70875712372,0,6.73758964211,-0.00413181269608,0.0590902154565
3326,0.0990892192781,0.203950740426,-0.615670625922,2.70370769359,0,10.6657541267,0.0143092851374,0.0579729666355
3327,0.0612568371606,0.209541775246,-0.629490872887,2.7232953578,0,3.69211208271,-0.0200033236157,0.0678892390139
3328,0.0827304193862,0.186102713332,-0.49682466831,2.69466945613,0,6.89907170754,-0.00317652211887,0.0637418572662
3329,0.0934188166992,0.186765410268,-0.472484098754,2.71848302393,0,9.19772331937,0.00722637670053,0.0586835900635
3330,0.0557368660113,0.205012125091,-0.647798348861,2.71007273819,0,3.09713349417,-0.0269604151091,0.0628902527038
3331,0.0857901476615,0.186775616185,-0.518039924761,2.71269896229,0,7.50045641692,-0.000414385970657,0.0598307390683
3332,0.0843948906974,0.191505221736,-0.59608172667,2.72074605638,0,7.2209536242,-0.0014582023717,0.0625142110633
3333,0.0883019786735,0.196191676969,-0.552995665211,2.70558278304,0,8.02682858286,0.00383138491004,0.0591908185868
3334,0.0828874632708,0.201837190993,-0.573983914594,2.71277003231,0,6.92891595297,-0.00150326662321,0.0572142546566
3335,0.0858075655094,0.193747294923,-0.550992656945,2.71475053261,0,7.50400270611,0.00134986842423,0.0629055415467
3336,0.071239278482,0.203952518297,-0.660247289797,2.71964707645,0,4.9853507864,-0.0114770332017,0.0658013311804
3337,0.0665943861442,0.198767525183,-0.578552167783,2.71666221596,0,4.34588928593,-0.0174276887612,0.0637486271864
3338,0.0609890127306,0.206244638382,-0.613076441431,2.70907539709,0,3.66142011034,-0.0216075520718,0.0599897976956
3339,0.100853355253,0.182290366831,-0.463720172543,2.70878119075,0,11.1625140698,0.0125856226441,0.0594277182523
3340,0.108987841887,0.183972934258,-0.42758525501,2.71533864216,0,13.7284792998,0.0215328701795,0.0584231637637
3341,0.0675296661345,0.185137755767,-0.456655125557,2.71129804979,0,4.46912211204,-0.0176785460736,0.0680188995048
3342,0.0808557698717,0.190292288163,-0.529932740936,2.70335531359,0,6.55105445999,-0.00425579854734,0.061068246546
3343,0.0586600302445,0.192568752833,-0.56342731057,2.70110586663,0,3.40254010591,-0.0247950432733,0.0582371410761
3344,0.0714162242426,0.205770456197,-0.600525593344,2.71539036676,0,5.01111023163,-0.010917703656,0.0647080193028
3345,0.0941869570626,0.190138957865,-0.539101648314,2.71249554388,0,9.38564292472,0.00749501139899,0.0606820572462
3346,0.0918577033784,0.205592160248,-0.61794118747,2.71058179641,0,8.82583239947,0.00675910620119,0.0637540936611
3347,0.100176171607,0.196780742646,-0.538489982539,2.69743514093,0,10.9694681827,0.0136222740368,0.0611726258904
3348,0.0832250175047,0.199166618601,-0.568450117819,2.72485297812,0,6.99343136694,-2.4564069544e-05,0.0590453814864
3349,0.0900731690837,0.203036598839,-0.611554881064,2.71742162869,0,8.41668790208,0.00543349555889,0.0605808057401
3350,0.112182368116,0.191712753648,-0.499858391864,2.7137567095,0,14.8722816347,0.0255917526925,0.060455863251
3351,0.0816493141923,0.182216282853,-0.49120565074,2.70159614802,0,6.69653276458,-0.00462262966489,0.0644482501896
3352,0.0882344301478,0.200825884822,-0.494162410563,2.71032830382,0,8.01227194972,0.00321525127147,0.0613132901385
3353,0.083565379912,0.190752410887,-0.505983070844,2.70842582658,0,7.0589944182,-0.00144875442706,0.0614165072387
3354,0.0680084742807,0.194852737201,-0.559841278013,2.70551632713,0,4.53326260981,-0.0157141225491,0.0653570892876
3355,0.0927039767339,0.19555102758,-0.613197933353,2.7140702178,0,9.02578348557,0.0066306178636,0.0560969808752
3356,0.0745881155635,0.203634920137,-0.558074826073,2.71429895635,0,5.49135903329,-0.00875445369893,0.0588163856263
3357,0.0869453747084,0.185500780781,-0.485396327398,2.70577195094,0,7.73876891411,0.000311877616447,0.0558628443308
3358,0.10178226516,0.189234781535,-0.510808711176,2.71053874101,0,11.4321957667,0.0140022761571,0.0587318230514
3359,0.0772261582191,0.201719732312,-0.598586836123,2.70705743382,0,5.91868227256,-0.00436363741967,0.0628077847397
3360,0.0814551971033,0.196107872391,-0.557679764544,2.70627529744,0,6.66069881927,-0.00418520166024,0.061339568285
3361,0.082798418313,0.200370366397,-0.609702970657,2.71012707069,0,6.91198077839,-0.00254431492073,0.0643590682221
3362,0.0571268064999,0.198817261126,-0.606431869533,2.70344312481,0,3.23972080063,-0.0258720973701,0.0601661247884
3363,0.105288812931,0.2037086255,-0.528188118654,2.70702640062,0,12.5029807616,0.0197900501787,0.0638322680282
3364,0.0769843397273,0.19207736413,-0.590538672553,2.70710229801,0,5.87841205411,-0.00806909279631,0.0569991899952
3365,0.0817779506135,0.201460029919,-0.586910533898,2.71045155262,0,6.72036773338,-0.00288307898374,0.0592843161605
3366,0.0773085289578,0.204104172199,-0.586002710656,2.70691009283,0,5.93245122361,-0.00595656152842,0.0599438696996
3367,0.0810868081664,0.19373648838,-0.600977027533,2.70465523106,0,6.59313496529,-0.00343706449216,0.0572955926425
3368,0.0815836173647,0.192792793905,-0.588523799897,2.72048211014,0,6.68438714857,-0.00393501320101,0.0605513715798
3369,0.0903426226601,0.20055311103,-0.500218152248,2.71208760934,0,8.47739860397,0.00550085386312,0.0646731703005
3370,0.0826455502427,0.19386974591,-0.554355536848,2.71210077609,0,6.88298836683,-0.00316543362283,0.0605425882558
3371,0.0689694819239,0.203809234525,-0.592881283526,2.71529761491,0,4.66418755116,-0.0128731795699,0.0654631860528
3372,0.0797443526981,0.191114070193,-0.555613333369,2.71648238941,0,6.3517391095,-0.00483615521814,0.0616774640787
3373,0.0922853950083,0.190160514275,-0.463524192023,2.70290914495,0,8.92640005285,0.00767364093764,0.0628454281979
3374,0.0961024099641,0.187207903577,-0.427085689053,2.71375124816,0,9.86886016574,0.0105069811955,0.0576572947141
3375,0.0935068585715,0.197361462215,-0.538159803542,2.7058370736,0,9.21909503398,0.00766192422246,0.0592467045669
3376,0.0809495689334,0.19601118402,-0.520201263603,2.70244067882,0,6.56811158275,-0.00397617495131,0.0563398414945
3377,0.101022313306,0.191165511588,-0.493746610037,2.7036489365,0,11.2111438664,0.013716159172,0.0644758700747
3378,0.0893396765203,0.191250130019,-0.537317852579,2.70093569058,0,8.2533128689,0.00366269137743,0.0548406247553
3379,0.090919986202,0.196210628561,-0.529515310064,2.70364666376,0,8.60875437829,0.00561639227638,0.0647968469864
3380,0.092604581333,0.189963763719,-0.517382995896,2.70596084694,0,9.00209787718,0.00670118801991,0.0605843258413
3381,0.0682045976932,0.200662165096,-0.574184695836,2.70946118609,0,4.55974331264,-0.0161092690658,0.0575555746309
3382,0.0664126535651,0.198056731528,-0.64432142023,2.72211041361,0,4.32225595562,-0.0168105072579,0.0650810693188
3383,0.0746977035817,0.194430383876,-0.527922853025,2.70116875267,0,5.50859384874,-0.00955165275867,0.0647950376653
3384,0.100404275995,0.182207835068,-0.547144518552,2.70487391831,0,11.0341628521,0.012855788296,0.058526346373
3385,0.0949662559111,0.189822064919,-0.495339010218,2.70875178759,0,9.57969287194,0.00930386680913,0.0597228492757
3386,0.0733547217498,0.19193583169,-0.554207186293,2.71136988077,0,5.3003856593,-0.011785055991,0.0589444600553
3387,0.088375376741,0.190312323053,-0.486787525943,2.70508947164,0,8.04267141437,0.0034200938617,0.0601452443174
3388,0.0886319422077,0.193222576108,-0.532664644855,2.71435897364,0,8.09826091478,0.00312371180792,0.0578538778672
3389,0.0785575589352,0.203056536853,-0.557139609036,2.70602493352,0,6.14449371815,-0.00622323213022,0.0615993308744
3390,0.0893312602018,0.200717811985,-0.602101308444,2.71662014597,0,8.25145416437,0.00533668991702,0.07093591919
3391,0.0614245430561,0.202175195719,-0.598094069735,2.71287566813,0,3.71142956735,-0.0210286824841,0.0565430018713
3392,0.0862916130122,0.200535615754,-0.60813598754,2.71192855841,0,7.60312625029,0.00228645652805,0.0701580051303
3393,0.0972040704887,0.192652219489,-0.534768381797,2.70646432128,0,10.156495983,0.0097707299746,0.0577465989663
3394,0.0918183021577,0.183223431922,-0.447955795542,2.70200373949,0,8.81661701837,0.00520278456544,0.057882346097
3395,0.086608105799,0.195559998447,-0.506404857961,2.70136333709,0,7.66853750012,0.00108157838052,0.0577450676823
3396,0.074825321474,0.199820239257,-0.589926768104,2.71416221493,0,5.52871966226,-0.00838017618619,0.0588823261658
3397,0.106654345878,0.196262993833,-0.550525387921,2.71104043878,0,12.943509255,0.0202576059112,0.0626852084367
3398,0.0894096652656,0.18749488347,-0.462382213957,2.71298634663,0,8.26878347008,0.00353240161488,0.065269447771
3399,0.0889153250801,0.189088949313,-0.521346649178,2.7168966858,0,8.16004277662,0.00396012760973,0.0583594563912
3400,0.106608102217,0.186919242019,-0.527655464813,2.70072583536,0,12.9283673095,0.0189026808921,0.0593078471772
3401,0.0923512338271,0.1850890803,-0.511789638147,2.70704222603,0,8.94196906881,0.00559172079054,0.0621941827773
3402,0.0881157223213,0.194487816254,-0.566119493503,2.70822207937,0,7.98674521314,0.00222563596603,0.05877344632
3403,0.0773709816103,0.203649558637,-0.640169453054,2.71044876607,0,5.9429082591,-0.0065033377289,0.0657671945738
3404,0.087748817126,0.191649841855,-0.50822930651,2.71902700502,0,7.90828528891,0.00182189790444,0.0613996977312
3405,0.0844301039739,0.193274418571,-0.589690708896,2.70590711243,0,7.22789768781,-0.0011024850137,0.0616595485982
3406,0.097021169506,0.197831340511,-0.556577674969,2.70526150511,0,10.1082403604,0.0110590341016,0.0541111841148
3407,0.097799293703,0.191851909425,-0.539606490396,2.71229493457,0,10.3149358406,0.0119141855166,0.0663945510502
3408,0.0812559829764,0.194835023077,-0.503147825414,2.70499579605,0,6.62409078106,-0.00440241025337,0.0583659612528
3409,0.0797005383211,0.201889918812,-0.54592662278,2.71994296575,0,6.34398625353,-0.00367122077821,0.062901768928
3410,0.0994314410821,0.180390233155,-0.534507984646,2.71046432383,0,10.7605686999,0.0108678937672,0.0631890551154
3411,0.100463642446,0.192049084276,-0.581257094213,2.70226124039,0,11.0510553483,0.0143152837599,0.0594692210067
3412,0.090300738068,0.192655397645,-0.53795468095,2.7022205104,0,8.46793692681,0.00533884148725,0.055898460219
3413,0.0739306651047,0.193891220564,-0.543321446266,2.70925475927,0,5.38888003651,-0.0108483875618,0.0554890163406
3414,0.0992393182126,0.190065005432,-0.49473128163,2.71107901073,0,10.7072490808,0.0134111457289,0.061327978864
3415,0.0835561422306,0.194753929748,-0.514675744177,2.70596922251,0,7.057208183,-0.00192512624166,0.0589786117985
3416,0.0944720572861,0.192064055086,-0.557861339995,2.70587402406,0,9.45623416917,0.00927009997057,0.0612624665168
3417,0.0752935790618,0.194453525081,-0.565627946118,2.70583823572,0,5.60307945241,-0.00919999842213,0.0582792720463
3418,0.0982626719356,0.208566087369,-0.607793500345,2.72280416109,0,10.4397759787,0.0136787706004,0.0605279731985
3419,0.0986376437673,0.193259326838,-0.509024368107,2.70524663707,0,10.5417667412,0.0128062777675,0.0572419412608
3420,0.0780964556165,0.195951119129,-0.491721667889,2.71122855661,0,6.06549803815,-0.00709829296681,0.0614255988044
3421,0.0913696322031,0.187640404632,-0.474112479267,2.70267119169,0,8.71226392944,0.00436971719666,0.0581845144598
3422,0.0696086644722,0.18714780302,-0.520449283246,2.70360611862,0,4.75291194763,-0.0153020637183,0.0584215247224
3423,0.0759034264465,0.187472058293,-0.485410498505,2.71351724066,0,5.7011455564,-0.00968854566284,0.0651774551586
3424,0.0802168303702,0.192702562106,-0.522674745465,2.71369688252,0,6.43584455109,-0.0041271812617,0.0566311242867
3425,0.0920279630397,0.19194103247,-0.602065853374,2.70894599941,0,8.86574941756,0.0062454371432,0.0549791047974
3426,0.0915297190284,0.189004082603,-0.468849097403,2.70183072014,0,8.74937444317,0.00537282501564,0.0596786612987
3427,0.0814640427501,0.188003610919,-0.500580856074,2.7086096533,0,6.66232822812,-0.00491326463774,0.0562061686531
3428,0.0787772034814,0.194769819006,-0.543646428613,2.7137798451,0,6.18242091592,-0.0054330822687,0.0609974723844
3429,0.0692743190832,0.195110244481,-0.564549350769,2.71022655242,0,4.70633636796,-0.014756297843,0.0555267870526
3430,0.107377102472,0.191441433582,-0.411378605652,2.70679942794,0,13.1822343583,0.0204173676341,0.0590407109752
3431,0.0665115673801,0.205732908533,-0.595583553789,2.70993073889,0,4.33510667006,-0.0158303786821,0.0590092388297
3432,0.0861256705613,0.201794036174,-0.582956696149,2.71848203519,0,7.56901996101,0.00154422611978,0.0638605157051
3433,0.0838736831962,0.197305664699,-0.531961826808,2.69707311973,0,7.11882807649,0.000549358542885,0.0596301097535
3434,0.0807525427688,0.192372989089,-0.504930332598,2.71150089101,0,6.53232559747,-0.00313049672529,0.0621095180791
3435,0.069571261114,0.198786955087,-0.500214170544,2.70382751515,0,4.74768341539,-0.0133474542933,0.0671305596056
3436,0.0552673133087,0.203136125038,-0.527920507509,2.71779491381,0,3.05001490733,-0.0270021132659,0.0648118112301
3437,0.0785251563868,0.195330032884,-0.535476171372,2.70005534277,0,6.1389149229,-0.00520400458367,0.0593546820846
3438,0.0832413350482,0.193530536211,-0.501610394737,2.70934233332,0,6.99656283037,-0.00187849721112,0.0624909230721
3439,0.0766765903628,0.193811596914,-0.489431262289,2.70851578813,0,5.82748815854,-0.0083122924704,0.0625923898675
3440,0.0992845513781,0.194099901404,-0.570115256171,2.70321245616,0,10.7197816241,0.0127014494062,0.0566019630507
3441,0.0763899570998,0.193931795378,-0.474786666967,2.7056386524,0,5.78038458516,-0.00929282656026,0.0639627181488
3442,0.102789207415,0.198453673278,-0.583306531711,2.70843465876,0,11.7310245517,0.0154901489708,0.0613485148462
3443,0.0830760250189,0.203669485633,-0.594111232767,2.71514772282,0,6.96489303416,-0.00157073533721,0.0632864180942
3444,0.0975682472537,0.192185419819,-0.508235229887,2.71285298617,0,10.2531793681,0.0120525139864,0.0534382711161
3445,0.0890626422589,0.195884115223,-0.594003307622,2.71208996191,0,8.19231936678,0.00436079888502,0.06011753105
3446,0.0847348568345,0.188721402978,-0.501373841269,2.70065046366,0,7.28823108155,-0.00169694664107,0.0644991026028
3447,0.103548214029,0.192903855711,-0.512557689864,2.70980355955,0,11.9608264823,0.0167058522518,0.0613677917523
3448,0.0801219183012,0.191633387845,-0.532117619364,2.70961680521,0,6.41887540147,-0.00474602988615,0.0580823453155
3449,0.0755576154144,0.190720535946,-0.487424260667,2.71782900892,0,5.64536705428,-0.00881431168072,0.0531631460681
3450,0.0870488490867,0.198610797487,-0.535444069159,2.70146912441,0,7.7604254249,0.00277850626455,0.0632110967704
3451,0.0823169426321,0.200573273281,-0.576094514905,2.70377139595,0,6.82101123441,-0.00262918935513,0.0589180442437
3452,0.0674673099277,0.204701953178,-0.604537825349,2.71244928114,0,4.46082176049,-0.0154144643266,0.0602866847449
3453,0.0722632649612,0.189088157543,-0.54621247968,2.70504153327,0,5.13590458999,-0.0125372312548,0.0631640010182
3454,0.0704720676835,0.194288480246,-0.520378424378,2.70672685684,0,4.8748842498,-0.0134952459722,0.0613877336038
3455,0.0988333410221,0.190625695942,-0.491075961331,2.71103168564,0,10.5953422265,0.0120359165961,0.0640800266729
3456,0.0980217891626,0.188314451247,-0.547181936592,2.71356363494,0,10.3747146441,0.0120596073687,0.0655947863578
3457,0.0894497704952,0.19162444467,-0.454867577805,2.69528775492,0,8.2776597013,0.00369244781636,0.0591985995552
3458,0.0798026755618,0.199880644667,-0.574747740655,2.71543811497,0,6.36207142064,-0.00438135572636,0.0597290676014
3459,0.0815841716472,0.193691941315,-0.483137228178,2.7064700632,0,6.6844895437,-0.00314544108445,0.0604936910889
3460,0.0982059936897,0.191314450362,-0.520208161498,2.71718707745,0,10.4244353287,0.0120200654793,0.0579253920438
3461,0.0751533883872,0.19772365252,-0.583968725779,2.7075964951,0,5.58073204371,-0.0100366860007,0.0593833592463
3462,0.0796260533421,0.192786760157,-0.526407730867,2.70559264516,0,6.33082434197,-0.00552027294845,0.0606512624132
3463,0.0695773405699,0.197075011396,-0.613086760858,2.70898490538,0,4.74853293793,-0.0143738444819,0.0597521222468
3464,0.0745965560913,0.205221102921,-0.603002212593,2.70644145035,0,5.49268490669,-0.00846507426275,0.0617258008728
3465,0.0940903063569,0.198295224689,-0.62237964433,2.70275780241,0,9.36181623975,0.00869027126633,0.0585837301834
3466,0.0966603873558,0.204019776039,-0.574249030364,2.71586655338,0,10.0136412413,0.012979051095,0.0700151798104
3467,0.0682977186516,0.199430779442,-0.488670485392,2.70617741442,0,4.5723591852,-0.0150989203079,0.056576999482
3468,0.0765605059944,0.191627559427,-0.508824228684,2.71930110254,0,5.80837376982,-0.00802783049377,0.0633139730302
3469,0.0899457442408,0.194595251089,-0.548560383008,2.70396404703,0,8.38810815686,0.005056497749,0.0590922535734
3470,0.0970725075751,0.192460362567,-0.5256582567,2.70060055501,0,10.1217648252,0.00912555050443,0.0563508120814
3471,0.0773055866382,0.200021562439,-0.510447699481,2.71193970921,0,5.93195893708,-0.00663831357234,0.0636279699108
3472,0.0939375154765,0.195065442652,-0.541605531649,2.71040726907,0,9.32425686227,0.00798200652657,0.0612844685475
3473,0.0790715945748,0.203694002154,-0.562085826143,2.71826480395,0,6.23355873607,-0.00410366996911,0.0583858592905
3474,0.0798205772513,0.186095605363,-0.501688029544,2.7060248662,0,6.36524563218,-0.00584890457496,0.0599323194276
3475,0.0845142449191,0.188743716042,-0.601359521405,2.70565326711,0,7.24451314166,-0.00128145520656,0.0595996651164
3476,0.104989236997,0.185444889722,-0.49527459879,2.70455755824,0,12.4081419189,0.017129247303,0.0542006675542
3477,0.081082745037,0.205410823241,-0.607388025745,2.70994902557,0,6.59239297707,-0.00303675780526,0.0590657247436
3478,0.0632514867539,0.200660856433,-0.511247913096,2.71224288256,0,3.92688502927,-0.0203032324669,0.0606067934511
3479,0.0884439606115,0.196647390166,-0.569745812409,2.71856770366,0,8.05749927142,0.0035007159724,0.0605017618366
3480,0.0936869411068,0.206555771737,-0.569842507631,2.70330812864,0,9.26294336393,0.0100830684067,0.062835356777
3481,0.0914246755722,0.186296527721,-0.493631418794,2.70844996602,0,8.72500845484,0.0054043879672,0.0617565738028
3482,0.0891375636476,0.206463997917,-0.569712349063,2.70692239803,0,8.20877625822,0.0037886432355,0.0622525981942
3483,0.0992078278648,0.188207570767,-0.426379813999,2.70900833831,0,10.6985318055,0.0124256967367,0.0612266731842
3484,0.0988057644792,0.189728105243,-0.485146285268,2.70416810594,0,10.5877782263,0.0114625149989,0.0567674798056
3485,0.111966149463,0.187865522833,-0.488275269082,2.70356905232,0,14.7922433743,0.0237724611353,0.0573717002197
3486,0.101583289085,0.182729626224,-0.443571800694,2.71192824269,0,11.3739493787,0.0132292618722,0.0622321169718
3487,0.0771031575619,0.196099112446,-0.564751398617,2.7087642018,0,5.89817063332,-0.00675074409797,0.0571224201385
3488,0.0796639076374,0.19481560308,-0.478461453497,2.69843463534,0,6.33751057027,-0.00441211262392,0.0589032040494
3489,0.0763606166562,0.204186961708,-0.534794036688,2.71461403431,0,5.77558062272,-0.00744300161553,0.0611604474236
3490,0.0803248301321,0.203770957947,-0.588883320611,2.7143157393,0,6.45519901991,-0.0028799665368,0.0650406869788
3491,0.0923305114602,0.190722032862,-0.556290523345,2.7055133146,0,8.93706628562,0.00530466853199,0.0658156285329
3492,0.107693695582,0.191189935738,-0.472994206452,2.71550652279,0,13.2880377725,0.0212607337801,0.0626983846391
3493,0.10033567496,0.196150559815,-0.531713365765,2.71334922893,0,11.0146710458,0.0142687183374,0.0550634098175
3494,0.0754101977308,0.208649014819,-0.592078415429,2.70882380471,0,5.6217248936,-0.00725867072672,0.0612722987961
3495,0.0695957100246,0.193392897763,-0.520786128687,2.70718464321,0,4.75110055675,-0.0148734823434,0.0583252640504
3496,0.105967041814,0.197764851949,-0.563600354012,2.70019567125,0,12.7200814903,0.0195982717931,0.0573619235554
3497,0.096596773573,0.193519970629,-0.427983050199,2.71316933277,0,9.99704188231,0.0104214170351,0.0613956063675
3498,0.0954808806091,0.203523200486,-0.600453186014,2.71101998849,0,9.70974361384,0.0103555467536,0.0591840109654
3499,0.100103109658,0.202577004486,-0.525097085884,2.72168380025,0,10.9488172539,0.0149505796871,0.0604797848676
3500,0.0658701631537,0.195423115588,-0.569442591788,2.71609632817,0,4.25230406552,-0.018131229771,0.0595022994665
3501,0.0790169034228,0.195376020384,-0.586483830368,2.70813989979,0,6.22403209285,-0.0053628393673,0.0577232985289
3502,0.0723447709029,0.198026454716,-0.58248142919,2.7066586119,0,5.14804337952,-0.0115951002639,0.0621944055924
3503,0.0887176809751,0.193403905225,-0.598930499639,2.70442243274,0,8.116910896,0.00511891891704,0.0607564055574
3504,0.0723893785328,0.204608357676,-0.593248656226,2.70525228062,0,5.15469662733,-0.0108321506856,0.0621983640387
3505,0.090996343065,0.192366485542,-0.533653933356,2.71135366468,0,8.62625681526,0.00431671722288,0.0557307284581
3506,0.0830533533397,0.185899947346,-0.518121832127,2.70793762668,0,6.96055905053,-0.0033438675734,0.0630223556382
3507,0.0935156560779,0.190351236491,-0.510977695636,2.70462951777,0,9.22123294885,0.0074997968658,0.0618676833088
3508,0.0814518966434,0.190744109333,-0.468908447882,2.71630121534,0,6.66009094472,-0.00374176584145,0.0635857602976
3509,0.0811396038633,0.195907346294,-0.508974869168,2.70886495283,0,6.60278259092,-0.00292182334984,0.0569196386854
3510,0.0787701769136,0.194919840964,-0.601114574759,2.71279927831,0,6.18120460897,-0.00650391502024,0.0571475263605
3511,0.0710450023351,0.201481434013,-0.643681150422,2.72457840101,0,4.95719066341,-0.0114687314045,0.0627026752705
3512,0.0904990753196,0.19494073217,-0.460924334698,2.711812726,0,8.51282153693,0.00509637958605,0.0656633521417
3513,0.0768519388081,0.199582467583,-0.612289679651,2.71787819283,0,5.85645880846,-0.00622981025113,0.0574790433808
3514,0.0708001030072,0.193908807857,-0.584556249754,2.70980746505,0,4.92187423927,-0.0129210150484,0.0589320955123
3515,0.0958504380821,0.186034970321,-0.470729003772,2.71083529247,0,9.80408125348,0.00866041362992,0.0613881160591
3516,0.0831962651694,0.198498663995,-0.531414726862,2.70968713813,0,6.98791643939,-0.00177408125898,0.061763617881
3517,0.110489805376,0.182894329469,-0.442988969181,2.69822142728,0,14.2560211035,0.0218786856151,0.0609805400192
3518,0.0943325685665,0.186785555304,-0.490520110293,2.71244219771,0,9.42163910317,0.00806671027973,0.0581092913545
3519,0.0949676990408,0.196513579708,-0.536572373148,2.71053526177,0,9.58005543294,0.00770287688206,0.0596747944413
3520,0.0867601463401,0.191166022175,-0.464415143308,2.70324207484,0,7.70013031567,0.00080171223596,0.0611475648683
3521,0.0576363154178,0.199012316874,-0.581021338301,2.7057105158,0,3.29317440738,-0.0242130577014,0.0552555703755
3522,0.0808037288064,0.190729893212,-0.56446568912,2.71330214014,0,6.54160687351,-0.00390619232772,0.0569002057916
3523,0.066165900649,0.188497303172,-0.515788314287,2.70539670889,0,4.29032783954,-0.0186835149981,0.0590233126862
3524,0.100412271813,0.191508177683,-0.526047282452,2.70063776121,0,11.0364367039,0.0136926091439,0.058634062029
3525,0.0606040313761,0.192046403959,-0.565422402432,2.71150419407,0,3.61764022623,-0.02177319496,0.0701809256646
3526,0.0965451963358,0.191749470336,-0.523996456908,2.7083526127,0,9.9836009969,0.00927821910573,0.0630525816387
3527,0.0959509992857,0.198380566628,-0.528486900659,2.71230741153,0,9.82988967868,0.0105174788302,0.059463036974
3528,0.0912519207853,0.193944303924,-0.546594966611,2.70815975415,0,8.68506336137,0.00452524789323,0.0551404263627
3529,0.0793774241642,0.186681606905,-0.552385458724,2.7115015994,0,6.28705419364,-0.00629248896533,0.0595142176929
3530,0.0957772330798,0.203556252884,-0.568050702587,2.71961451635,0,9.78533083765,0.010144093069,0.0605437411624
3531,0.0812981695625,0.19937184803,-0.626477511531,2.70932731943,0,6.63182901692,-0.00280008420781,0.0577417061761
3532,0.0924553029651,0.188987788204,-0.505939437335,2.7108295291,0,8.96662637249,0.0056154426833,0.0603156956908
3533,0.0876775644295,0.191220618121,-0.516078315263,2.70448980189,0,7.89312500158,0.00245231576794,0.062696175808
3534,0.071555160372,0.198257073289,-0.579143758702,2.70957002804,0,5.03141097992,-0.0128516619628,0.0566343009188
3535,0.0850040036865,0.204292489483,-0.646974585425,2.70700511644,0,7.34186893731,0.000551568631631,0.0585998724344
3536,0.108316785755,0.181706791226,-0.418146345628,2.71396542623,0,13.4984916283,0.0199316531348,0.067771401196
3537,0.0922411167682,0.204508041999,-0.625475503781,2.70656299939,0,8.91594269062,0.00610375067085,0.0657214802118
3538,0.0717508439513,0.200830283219,-0.573330990003,2.70895804237,0,5.06011526432,-0.0117925976584,0.0594024586785
3539,0.110506141143,0.193107514791,-0.51896829967,2.70330972388,0,14.2618574668,0.0224720687991,0.0604991540072
3540,0.0830090064026,0.196544242918,-0.579064910207,2.71214331528,0,6.95208811688,-0.00230655066015,0.0602333214908
3541,0.078299972054,0.204136204916,-0.605243043075,2.71558150121,0,6.10026014217,-0.00418221612479,0.0618967147718
3542,0.0854937048835,0.199197014431,-0.509919134305,2.72500055438,0,7.44031800946,0.00231154139654,0.0637875629788
3543,0.10258294233,0.187241437521,-0.501559764682,2.70164453793,0,11.6692545403,0.015873112556,0.0610805097816
3544,0.0931574494813,0.196635982087,-0.498764337842,2.70990236244,0,9.13453063155,0.00816330725457,0.0640668911351
3545,0.0991093260871,0.200196920933,-0.59638099275,2.71014189104,0,10.6713044535,0.0128693693806,0.0565287834068
3546,0.0658931058328,0.205076317435,-0.602230905346,2.71510835285,0,4.25524444079,-0.0166414843533,0.0622342778954
3547,0.0895790778059,0.199285013051,-0.539441152813,2.72959110344,0,8.30633414637,0.00538422611758,0.056918186121
3548,0.088492734878,0.187099656261,-0.562425993449,2.7139676568,0,8.0680585073,0.00255331193167,0.0636483177857
3549,0.0743936345187,0.191358319221,-0.477949009421,2.70205950894,0,5.46088114633,-0.0113216216781,0.0562726681534
3550,0.0976506541164,0.204797022147,-0.595174582536,2.7048497879,0,10.2751686461,0.0130843299346,0.0625478021731
3551,0.0764412596704,0.206060296888,-0.619201217011,2.71802140301,0,5.78879231613,-0.00541378825909,0.0639718229433
3552,0.0734693551841,0.188690291346,-0.548408338405,2.71082540256,0,5.31790473944,-0.0104110973435,0.0619497451985
3553,0.0715364942343,0.189057083494,-0.514783390433,2.70662099797,0,5.02867973591,-0.0132659484111,0.0595396892215
3554,0.114959300485,0.204540632941,-0.540175087855,2.7120264825,0,15.9355409248,0.0278107220361,0.0619686479509
3555,0.0872897583518,0.187053591042,-0.506068421115,2.7059126538,0,7.81104627996,-0.000210395841007,0.060023147531
3556,0.0686934595411,0.195035091809,-0.588883283869,2.71259121444,0,4.62628123064,-0.0156202538317,0.0573061927704
3557,0.0773491762831,0.195218481698,-0.570592948492,2.71139905001,0,5.93925546579,-0.00703433540475,0.0606617373238
3558,0.0861297605287,0.19164573711,-0.481838326588,2.70135252698,0,7.56985901048,5.89283200229e-05,0.0567530390149
3559,0.0847030701602,0.198394468311,-0.627167545165,2.71708932986,0,7.28191830409,0.000625799104507,0.0609038907758
3560,0.088192338563,0.198944155831,-0.543137710139,2.71533579462,0,8.00321267678,0.00412794628437,0.0663894417228
3561,0.0857392090137,0.19059057085,-0.488669332762,2.702728041,0,7.49009342165,-1.1814528578e-05,0.0629716284121
3562,0.0697515540271,0.198216523944,-0.590636280379,2.72050504708,0,4.77292830013,-0.0130775268849,0.0552882794997
3563,0.0863808017741,0.188372281423,-0.538448884434,2.71336311141,0,7.62151118207,0.000250281240746,0.0608468173507
3564,0.0780631291665,0.194971409199,-0.526484307317,2.70885217173,0,6.05982125092,-0.00722509345461,0.057300488061
3565,0.0758663428306,0.194542066596,-0.492278249831,2.70357650062,0,5.69514257584,-0.0080857502073,0.0627057439943
3566,0.0686013932648,0.195221819204,-0.515830422187,2.7149180737,0,4.61369205047,-0.0160108741059,0.0584606338497
3567,0.089342700782,0.192137843941,-0.567021523782,2.71334195164,0,8.25398085062,0.00378239981687,0.0599320863198
3568,0.0811172683156,0.188528520476,-0.568144228873,2.70515850144,0,6.59869966538,-0.00502928236228,0.0581401884855
3569,0.119665991509,0.186493077238,-0.536136098737,2.7081734916,0,17.8959123944,0.0317766301043,0.054809291977
3570,0.0915635379769,0.191182222251,-0.566818137079,2.70775056575,0,8.7572316053,0.00574887313628,0.0585772695501
3571,0.0854665191733,0.200600294577,-0.549842761881,2.70907646453,0,7.43482345558,0.00237820160056,0.0669818113442
3572,0.0779837247699,0.193024283411,-0.598840640495,2.70364129129,0,6.04631326942,-0.00710598619937,0.0588547275059
3573,0.093700867981,0.194788149871,-0.492833712411,2.7171662872,0,9.26634194712,0.00695133858192,0.0584745866568
3574,0.0929986035785,0.200566505143,-0.472007945895,2.70900114143,0,9.09630941805,0.00764960209731,0.0607659650412
3575,0.0767827851601,0.183063724414,-0.474647009931,2.70133966465,0,5.84501932053,-0.00885027060502,0.058029568884
3576,0.0905619945037,0.193086307447,-0.559161849234,2.70392497511,0,8.52710312868,0.00423668224677,0.0585428728486
3577,0.0795914851049,0.191216865876,-0.536901944989,2.71954474154,0,6.32472365018,-0.0057199257516,0.0584070213523
3578,0.0890960370208,0.188154321064,-0.450119379063,2.70341345743,0,8.19965121204,0.00245306541278,0.0646284356193
3579,0.0717087149522,0.187402594607,-0.537179441509,2.71556440067,0,5.05392440388,-0.0139750828856,0.0558787756605
3580,0.0834109591137,0.201209728368,-0.624714768486,2.70998267619,0,7.02918494915,-0.000767819849937,0.0634391539997
3581,0.0709044608717,0.211777525036,-0.62061103842,2.71968825792,0,4.93689878532,-0.0116015079487,0.0648641924138
3582,0.0768784003705,0.196928529527,-0.51490280246,2.70392023302,0,5.86084097608,-0.00643001766558,0.0618037864846
3583,0.094473792635,0.189259989156,-0.457950274848,2.70475501211,0,9.45666525352,0.00802595661622,0.0606354937844
3584,0.0877424619801,0.195614783037,-0.530043644787,2.70444723088,0,7.90693210906,0.00334583383193,0.0581564315317
3585,0.0982302936592,0.18401016892,-0.523537416068,2.71066164498,0,10.4310099843,0.0115750748427,0.0576239179269
3586,0.0884538335762,0.1809667365,-0.442230490127,2.7019440379,0,8.05963573395,0.00259964048736,0.0585923965342
3587,0.0821472052547,0.192583385264,-0.587491776899,2.69332439976,0,6.78918164968,-0.00325240472033,0.0518683821363
3588,0.0903146978127,0.195808351552,-0.628357421573,2.70508430805,0,8.47108940618,0.00510596907233,0.0540189515143
3589,0.0824320265481,0.18772811772,-0.508151034726,2.7093517954,0,6.8426631674,-0.00310846754742,0.065985886506
3590,0.0803244490656,0.18867846265,-0.533889256002,2.71238509311,0,6.4551306445,-0.00475277918072,0.0631600582349
3591,0.0900543710882,0.200225729573,-0.538093666354,2.71796719834,0,8.41246650054,0.00408778999292,0.0627710824592
3592,0.08050937247,0.204393044075,-0.639639682242,2.70232744192,0,6.48838271749,-0.00179677742062,0.0657796655789
3593,0.0868453086286,0.182321464621,-0.475388820193,2.7044265776,0,7.71787470604,-0.000165695267995,0.0638611097149
3594,0.0718466316722,0.188397952594,-0.496104638619,2.70685259591,0,5.07421394243,-0.0121224310487,0.0611987782339
3595,0.0834386563645,0.205629470608,-0.649146622129,2.70228706951,0,7.03452382611,-0.000383527290014,0.0616357456771
3596,0.0875072232438,0.186307654131,-0.518953650479,2.70685290898,0,7.85698234207,0.00139483044348,0.0543923712097
3597,0.07967401523,0.197524599099,-0.518407473317,2.71273876334,0,6.33929687243,-0.004851194628,0.060045640634
3598,0.0693255546423,0.195853285007,-0.531214831321,2.71270311114,0,4.71345007674,-0.0159650842226,0.0630785121607
3599,0.0772528285484,0.202136546175,-0.630714288019,2.71398769372,0,5.92313755772,-0.0066393317976,0.0666463295658
3600,0.0794551193813,0.190892978281,-0.585493021106,2.70420484378,0,6.30070505332,-0.00656472219705,0.0598989476554
3601,0.0976650357134,0.188401118837,-0.52838618731,2.70127085387,0,10.2790104338,0.0116187505637,0.0593360768066
3602,0.0745523664329,0.195083524188,-0.474316272157,2.71077136873,0,5.48574629625,-0.00980703163182,0.0552000561982
3603,0.0865569972182,0.187023359692,-0.472289195228,2.70539779132,0,7.65794233826,0.000165901425654,0.0613494897359
3604,0.0658696608544,0.194608854934,-0.636141125369,2.71248614104,0,4.25223970762,-0.0183518057931,0.0599062147466
3605,0.0826627120309,0.208703553076,-0.645285007668,2.71197755439,0,6.88623811272,-0.000635170625404,0.0612189308722
3606,0.0877601468669,0.205725965904,-0.637604352226,2.71423297064,0,7.91069818287,0.0032509977111,0.0585112518594
3607,0.0895618721108,0.184814381978,-0.486613984665,2.70354501297,0,8.30251380127,0.00300368527647,0.0578830267581
3608,0.0728596902309,0.203339775991,-0.493713862671,2.71158411411,0,5.22526643343,-0.0104552641985,0.0666110316318
3609,0.0949066503197,0.199888818828,-0.560295267826,2.72781760388,0,9.56472844688,0.00971222619602,0.0591803231191
3610,0.0745675677578,0.207735082366,-0.650296670866,2.71605015829,0,5.4881323863,-0.0088898099024,0.0582855655037
3611,0.088470771701,0.196796832596,-0.536127680144,2.71820204206,0,8.06330219226,0.00430052001976,0.0587965239838
3612,0.0818402205886,0.206423090207,-0.686897106349,2.71974821999,0,6.73193118014,-0.00176630180263,0.0653821332204
3613,0.0899614737846,0.187038258306,-0.521128859879,2.71943484771,0,8.39163157266,0.00465197912274,0.0562557353872
3614,0.0883845959405,0.191469571874,-0.525893979473,2.71913614317,0,8.04466324983,0.00207250815934,0.0629126168022
3615,0.0795048811079,0.194850772617,-0.548855631397,2.70513601262,0,6.30946098082,-0.0055649945401,0.0633636187254
3616,0.0714842650821,0.192025782035,-0.528054288817,2.70174244012,0,5.02104384284,-0.0127147951242,0.0597461499076
3617,0.0891092639799,0.192937668589,-0.517360561977,2.72194061394,0,8.20255675529,0.0034766087107,0.0593097073913
3618,0.0888623062153,0.198624181981,-0.574249789477,2.7113016166,0,8.14845324946,0.00412522312282,0.0557159370431
3619,0.085842088647,0.191807316026,-0.534544004164,2.7107348122,0,7.51103585194,0.00141726976402,0.0599857283339
3620,0.0851597166284,0.194664896892,-0.60881587685,2.70927551188,0,7.37305296972,-0.000281962896203,0.0598849477687
3621,0.0791965556607,0.187444232763,-0.498356210141,2.69885725806,0,6.25537104209,-0.00604900682358,0.0556571042844
3622,0.0978245755466,0.196763201818,-0.560604490379,2.7123299447,0,10.3217131784,0.0106394260619,0.0571939314551
3623,0.0923301329273,0.19622278205,-0.505366944866,2.71084541744,0,8.93697674872,0.00759680803931,0.0559062411278
3624,0.0873397678513,0.196912491498,-0.493201273451,2.70424799145,0,7.82158967868,0.00238862204828,0.0591852210516
3625,0.0708419562895,0.194165607449,-0.566146911858,2.71673287211,0,4.92789551788,-0.0131794351734,0.0571636262242
3626,0.0841569355439,0.187473493193,-0.5712673044,2.70421335475,0,7.17417631793,-0.000773831662718,0.0604837729661
3627,0.0770468415691,0.201664074237,-0.595805829777,2.71092737557,0,5.88879888179,-0.00665636431929,0.0610325895542
3628,0.0901344935286,0.192336769308,-0.489005278626,2.70426380319,0,8.43047198302,0.0052620749037,0.060656377842
3629,0.0790118593174,0.187151241662,-0.483719230645,2.71968270503,0,6.2231540688,-0.00637611540017,0.0612765239853
3630,0.0895256824079,0.203543805657,-0.615872092439,2.71445610824,0,8.2944831763,0.00416827050878,0.064580305614
3631,0.0875439468586,0.184761741399,-0.523890588436,2.69866701776,0,7.8647623243,0.000438954519788,0.0566398171342
3632,0.0822927565781,0.193599481727,-0.5040060766,2.70027576843,0,6.81646817548,-0.00215342781897,0.0540614990875
3633,0.0654993447097,0.199210540531,-0.550742497708,2.71901158919,0,4.20499814549,-0.0157578893753,0.0620727160106
3634,0.0855612272627,0.194174974289,-0.523077904442,2.69859584015,0,7.45397997525,0.000374301850299,0.0569000290131
3635,0.0829634878212,0.187806267686,-0.517981828335,2.70403532145,0,6.94340239565,-0.00166172544068,0.0588206775901
3636,0.0618123390392,0.204556133848,-0.601029617567,2.71256236182,0,3.75639179967,-0.02009973326,0.0634185792178
3637,0.0913780612382,0.205213258259,-0.669002316486,2.70952410538,0,8.71421451326,0.0070263877486,0.0591536493803
3638,0.102991847869,0.194754185814,-0.55595672325,2.71215546783,0,11.7919910317,0.017353595618,0.061513219366
3639,0.0858409060034,0.191166797238,-0.570651336599,2.71480424857,0,7.51079482814,0.00220305114331,0.0591088689439
3640,0.0866103422804,0.185707754681,-0.513711244241,2.7067038708,0,7.66900142276,0.000198855254871,0.05853618677
3641,0.0756232647071,0.198492414102,-0.53687972482,2.71207389528,0,5.65592168312,-0.00852470136397,0.0656723156478
3642,0.087904143474,0.198504137698,-0.550559060095,2.70181306038,0,7.94141993015,0.00357898463487,0.0590858033622
3643,0.0756306016124,0.200390221211,-0.567333295242,2.70844579293,0,5.65710225973,-0.00775277878967,0.0646505248731
3644,0.101926259116,0.203047172786,-0.603505205178,2.71348413597,0,11.4745115347,0.0169447953335,0.0663349265139
3645,0.0966483969785,0.189039094044,-0.457203359551,2.70522389687,0,10.0105106349,0.0107248703416,0.0620405361539
3646,0.0798346384864,0.1984605557,-0.545917692234,2.71254813166,0,6.36773980198,-0.00434123435312,0.0621287398733
3647,0.0870968073875,0.189382956014,-0.511480533616,2.71062990298,0,7.77048027662,0.00130846125696,0.0674273247384
3648,0.086372659096,0.186315713238,-0.514387028729,2.70973408301,0,7.61983112475,-0.000387802796405,0.060534983254
3649,0.0731929227719,0.188667256319,-0.583492718838,2.70647097263,0,5.27573788579,-0.0103412651304,0.0602976510111
3650,0.0764575214453,0.196738284751,-0.492404962963,2.70717836782,0,5.79145947179,-0.00771847389586,0.0612927103226
3651,0.0773544704231,0.194633538762,-0.557946587608,2.70241826378,0,5.94014216169,-0.00745028079635,0.058859768022
3652,0.0704707369792,0.195620510857,-0.575151013026,2.70768295333,0,4.87469436289,-0.0138789352252,0.0575634512916
3653,0.0937918754571,0.190018423901,-0.501124309876,2.70961330386,0,9.28857720991,0.0078170510542,0.0633461943076
3654,0.0675863712331,0.190557369146,-0.570796683377,2.70526031785,0,4.4766807648,-0.0163681945235,0.0607949848464
3655,0.0976081756591,0.191089907291,-0.446740226077,2.70438316312,0,10.2638286274,0.0104393432146,0.0558081412026
3656,0.0918555626529,0.191527674515,-0.53407220774,2.70635512104,0,8.82533150083,0.00601454308595,0.0654985717894
3657,0.0776824270608,0.187582022095,-0.467535623071,2.70160991391,0,5.99528332174,-0.00816651449816,0.0553969961674
3658,0.0741751008344,0.188236878835,-0.558184958283,2.69822719869,0,5.42679804898,-0.0123592984639,0.0583563462247
3659,0.0856480605231,0.19218823583,-0.543125065949,2.70651631545,0,7.4715804156,0.00152328098669,0.0605365419027
3660,0.0837718858305,0.189652149864,-0.501631089391,2.70022744575,0,7.09902477402,-0.00215390653592,0.0556016411765
3661,0.0946090676995,0.17894970126,-0.494804070449,2.69108757776,0,9.49032206413,0.00675376306275,0.063053443471
3662,0.090672136988,0.20475828549,-0.630093312055,2.72262275908,0,8.55215325911,0.00684183022933,0.0630767481335
3663,0.100047723168,0.182930812476,-0.456543125675,2.7013634158,0,10.9331851195,0.0115886780603,0.0534809092777
3664,0.0835903772653,0.193141047323,-0.518972439732,2.72476408742,0,7.06382991639,-0.00152846876292,0.0647494081255
3665,0.0612010616841,0.191443441356,-0.539337178612,2.70117878701,0,3.68570438405,-0.0225209704167,0.0556271579864
3666,0.0749366957473,0.197197814922,-0.521434285709,2.70134952718,0,5.54633268458,-0.00835744017449,0.0631909486046
3667,0.0751989295296,0.189185024322,-0.534501623461,2.71053287734,0,5.58798364454,-0.00955047430275,0.0613328410682
3668,0.101124297444,0.205114403268,-0.636171644717,2.71338331542,0,11.2405875418,0.0153973214276,0.0594618113568
3669,0.0814903991345,0.193257524625,-0.55607262518,2.72090968472,0,6.66718517136,-0.0031737773543,0.0620684314305
3670,0.0706614006316,0.202723163291,-0.612417717174,2.71556448334,0,4.90196164594,-0.0137036014714,0.0632940782882
3671,0.0891803416421,0.195155151884,-0.646327937101,2.70336691684,0,8.21818537949,0.00382405047535,0.0585913143963
3672,0.0969231602384,0.197780270231,-0.454576076679,2.72699514975,0,10.0824647677,0.0109633583116,0.0628207768658
3673,0.0828009036645,0.185776751415,-0.543139287186,2.70121615064,0,6.91245298721,-0.00316195406489,0.0598217402217
3674,0.0724324038249,0.201406798032,-0.599205149481,2.70735569147,0,5.16112042744,-0.0113499389188,0.0579674175016
3675,0.0806512979751,0.188879729893,-0.569033445964,2.70625365229,0,6.51399978538,-0.00337741334169,0.056911088548
3676,0.0749245279963,0.202814192197,-0.636521966347,2.7067452465,0,5.54440622341,-0.00753880183423,0.0585272114227
3677,0.0839886092219,0.194393099585,-0.508724535959,2.70549581909,0,7.14124133658,-0.00150518358924,0.0601796094582
3678,0.0732348855268,0.196370609507,-0.607234579001,2.72740052115,0,5.28212139507,-0.0111685965841,0.0649376530513
3679,0.0793268045548,0.200191036006,-0.603391206579,2.70498751278,0,6.27817365947,-0.00512716943056,0.0574022840681
3680,0.0639831334505,0.194391899882,-0.513170187111,2.71231561202,0,4.0157998902,-0.0184939551545,0.0621657963361
3681,0.0602518528856,0.198773104758,-0.583663926924,2.71723677257,0,3.57793714697,-0.024212442985,0.0675897637104
3682,0.0680330261407,0.196814228059,-0.49218966315,2.7032485437,0,4.53657096405,-0.0163553232738,0.0616513949093
3683,0.0969000099097,0.202362454643,-0.595151425815,2.71082102158,0,10.0763848324,0.0121344273839,0.0590345021459
3684,0.0784651332428,0.20283587853,-0.629439062757,2.71533282394,0,6.12859171271,-0.00532409680144,0.0582369063578
3685,0.0965244782968,0.192927872197,-0.486397615312,2.71538386021,0,9.97820638136,0.010924560621,0.0638991770573
3686,0.0850620656208,0.192364509793,-0.584101506435,2.70467624036,0,7.35348369846,-0.000374134796678,0.0560489315019
3687,0.0973912094327,0.186702314589,-0.469345984044,2.70347224608,0,10.2060783246,0.0104379199208,0.0644972008382
3688,0.0845925740439,0.200472331882,-0.580548721357,2.72261801746,0,7.26000991923,0.000155255061631,0.0585473233
3689,0.084183029044,0.194432765676,-0.562343654957,2.70708438715,0,7.17929326671,0.000419821061376,0.0625377843104
3690,0.0861232212815,0.194721013306,-0.504038195167,2.70942924764,0,7.56851753345,0.00174858394695,0.0588629254671
3691,0.0705791668854,0.192893300667,-0.545408120054,2.70531237596,0,4.890186302,-0.0146189580909,0.0604789807245
3692,0.0872621634171,0.191710947424,-0.556772554566,2.70351907074,0,7.80523368595,0.00121226357205,0.0532229285334
3693,0.0842284572074,0.199938481776,-0.599816234202,2.70562009609,0,7.18820910254,0.000554721653336,0.0554973787836
3694,0.0912117944021,0.190272116988,-0.512683691106,2.70531252307,0,8.67580777241,0.00642546156031,0.0639653871298
3695,0.0831026049538,0.203365338335,-0.618634899114,2.71937132306,0,6.96997702047,-0.000677832574483,0.062830595653
3696,0.0940521565709,0.19476469083,-0.563371246448,2.71177546716,0,9.3524258905,0.00742260843142,0.056572515615
3697,0.077822690146,0.190504258502,-0.558991707392,2.71426710839,0,6.01899492197,-0.0066220378846,0.060300926396
3698,0.0847693610489,0.189171064642,-0.514027132298,2.70383190999,0,7.29508879463,-0.000655399920496,0.0595627513822
3699,0.0744876666895,0.198968118672,-0.55572367044,2.70775083665,0,5.47560007581,-0.0082499790783,0.0602149166092
3700,0.0805642550674,0.201250649569,-0.614144528015,2.71373420903,0,6.49827886464,-0.00221233852702,0.0680059774292
3701,0.0924765699382,0.190072285725,-0.53148287865,2.71008837636,0,8.97167242872,0.00697476182391,0.0595053034679
3702,0.0902030345122,0.198333134423,-0.616023366912,2.70661994199,0,8.44590110712,0.00504433868453,0.0616491852299
3703,0.0937435820225,0.192702168104,-0.549058695352,2.72447661724,0,9.27677223002,0.00713021192103,0.0619826179904
3704,0.0606760395026,0.204227161758,-0.659298498583,2.70195053486,0,3.62579878001,-0.0219161881053,0.0608911511018
3705,0.088188705833,0.195491310383,-0.604913780878,2.70991016531,0,8.00243122342,0.00389581612282,0.0616838007071
3706,0.0670527451593,0.188696278709,-0.470046846605,2.71046957357,0,4.40594543273,-0.017228658929,0.0655132347658
3707,0.10628933076,0.189752142014,-0.488518783581,2.70358250285,0,12.8244186451,0.0186532830669,0.0573408706688
3708,0.0965267673349,0.188248296301,-0.476053261076,2.70758318345,0,9.97880228169,0.00919498618512,0.0577848562057
3709,0.0801016374028,0.196627673564,-0.512507021281,2.70995107168,0,6.41525424937,-0.00509809828267,0.059268188362
3710,0.0798238507318,0.192569435719,-0.481517496356,2.71268912702,0,6.36582620684,-0.00482435564242,0.0623638449215
3711,0.0682928747514,0.193107093435,-0.510754575893,2.71737044586,0,4.57170226353,-0.0152577526437,0.0619382540913
3712,0.0707451324072,0.194750254631,-0.58499016859,2.71814426361,0,4.91397475408,-0.0125453181859,0.0646655942457
3713,0.0707294739895,0.208076083476,-0.636775384438,2.72054894877,0,4.91172643443,-0.0110204624795,0.0660593153181
3714,0.0449481219272,0.198855777712,-0.57315916299,2.71142492905,0,2.13681649448,-0.0376803932548,0.0601543231426
3715,0.0926962723289,0.190604670984,-0.490062668554,2.71041835804,0,9.02394562382,0.00622984447816,0.0578202792901
3716,0.0854505288127,0.189742864038,-0.494851430364,2.70680709766,0,7.43159322098,0.000112758765642,0.0658755952635
3717,0.0932756487495,0.191478714862,-0.550655096827,2.70934778923,0,9.16306176661,0.00771107522661,0.063016865512
3718,0.0770562297143,0.194688389863,-0.56480344924,2.71121539608,0,5.89036034678,-0.00758828470216,0.0547692195604
3719,0.0785214226735,0.194860786758,-0.600348797891,2.7085861361,0,6.1382723531,-0.00668291643656,0.0535672895237
3720,0.0837001149049,0.209791701502,-0.580942207925,2.7206691558,0,7.08509063548,0.000904376828908,0.0589289417608
3721,0.0877933242597,0.195384096613,-0.577608301229,2.70617908894,0,7.91776758448,0.00175753806754,0.0649766132614
3722,0.0934587496088,0.197490883003,-0.528153804893,2.7002790117,0,9.20741149793,0.00833994733909,0.0612925841673
3723,0.0715559690561,0.197122443074,-0.493386854999,2.70710087095,0,5.0315293341,-0.012229791571,0.0662733571632
3724,0.10093080764,0.194854760803,-0.535834400327,2.70911639852,0,11.1847833876,0.0147571391687,0.0652704749791
3725,0.0986059818207,0.191505499819,-0.502312778746,2.71397499651,0,10.5331211401,0.012321024164,0.0645294137241
3726,0.0984008889267,0.200572018167,-0.595959172853,2.71056772037,0,10.4772691638,0.0122336952471,0.0554332314037
3727,0.0615353762042,0.204936898731,-0.623755470663,2.71462719485,0,3.72423801369,-0.0221010213913,0.0585865628649
3728,0.0877241655803,0.191618666367,-0.497137838013,2.70763644065,0,7.90303742173,0.00127301893184,0.062997699497
3729,0.0872600120241,0.202970435754,-0.62542458835,2.7046928221,0,7.80478067172,0.00133580314643,0.0649389275585
3730,0.100849745963,0.193647506751,-0.550032456416,2.70719662245,0,11.161477272,0.0159901591913,0.0581585891759
3731,0.0748492216983,0.195917421631,-0.542701668945,2.70753144222,0,5.53249546282,-0.00964807257568,0.0574518424729
3732,0.0818610643201,0.194165365681,-0.473589077464,2.71534846911,0,6.73580555059,-0.00209038511381,0.0635307381666
3733,0.064930821659,0.197804162439,-0.564420928865,2.71167514346,0,4.13326537134,-0.0189307569587,0.0591255581563
3734,0.0929175418908,0.193961151914,-0.485576791421,2.70731337776,0,9.07685795314,0.00743818104156,0.0626727706846
3735,0.0937886259888,0.186483847905,-0.467165223446,2.70074625183,0,9.28778249198,0.00670103599475,0.0590148952553
3736,0.0910237490803,0.192410550544,-0.580436677999,2.71043238226,0,8.63254626485,0.0037316931965,0.0627594808581
3737,0.0882553926966,0.194139559403,-0.481379288137,2.70132138572,0,8.01678693885,0.00249122428026,0.0590356873596
3738,0.0794777583469,0.195249237676,-0.498683946683,2.71058086924,0,6.30468728817,-0.00419262506589,0.0677406881313
3739,0.0614204270563,0.195776868047,-0.551600486636,2.7196320792,0,3.71095454495,-0.0231710778548,0.0564788991786
3740,0.0943600017892,0.191120308653,-0.51120480341,2.70722406721,0,9.42843420313,0.00861076720142,0.0571993765648
3741,0.0741783943592,0.201870617225,-0.600384293543,2.71187437114,0,5.42731043039,-0.00874704201373,0.0631915787386
3742,0.0820795182638,0.205043350087,-0.624253976907,2.71408008127,0,6.77652358319,-0.00120134065161,0.0649780725367
3743,0.0918140554135,0.184885830807,-0.501700382981,2.7016948688,0,8.81562426201,0.00473448603811,0.0562541946509
3744,0.0781892671967,0.199949905233,-0.618371111624,2.71207397298,0,6.08133059239,-0.00555292428432,0.060085339617
3745,0.05957581953,0.196546112305,-0.567382083091,2.71843340328,0,3.50264193041,-0.0232519435208,0.06764762698
3746,0.0659241898737,0.19589066962,-0.561741884432,2.70395988008,0,4.25923075275,-0.0193080311442,0.0568483690645
3747,0.0574700001914,0.197987381291,-0.622527376196,2.70557089614,0,3.27565510048,-0.024608505436,0.0627252009406
3748,0.101096861267,0.181649836783,-0.454355598707,2.7010838879,0,11.2326597824,0.012508463769,0.063335162849
3749,0.0858779203422,0.213402925707,-0.608923239764,2.71522401648,0,7.51834149549,0.00309722573096,0.0706685771987
3750,0.0804862277823,0.193101942701,-0.550198569918,2.70445771747,0,6.48421315251,-0.00407788490604,0.0605394178375
3751,0.084904963565,0.194995549102,-0.554682640512,2.70392188938,0,7.32209268854,-0.000695497764867,0.0561575977637
3752,0.0814187244628,0.201438697405,-0.585119991732,2.72095339196,0,6.65398390934,-0.00119635138977,0.0665424921452
3753,0.0811582099375,0.205199294125,-0.595623702818,2.7036104038,0,6.60618538126,-0.0026924440404,0.0617501606
3754,0.102490024133,0.188108212999,-0.524920057969,2.71003680892,0,11.6415226591,0.0139782749525,0.0602112718473
3755,0.097221105317,0.195161818064,-0.464301922212,2.70666959008,0,10.1610006083,0.0107262529261,0.0577704865438
3756,0.0792461508453,0.190794481038,-0.53604456635,2.71856684359,0,6.26404553934,-0.00488353090915,0.0634363500271
3757,0.0697653052103,0.197281223371,-0.615128798942,2.7094763355,0,4.77485813126,-0.0140793560007,0.0621282541851
3758,0.0816637054483,0.197149682901,-0.485673490097,2.71121998725,0,6.69919579294,-0.00265476402962,0.0639276963517
3759,0.0806967590267,0.192394853887,-0.596372920691,2.71131243561,0,6.52222315277,-0.00417301711125,0.0609769478096
3760,0.0984190703396,0.189858898367,-0.543010964793,2.70185824145,0,10.4822098969,0.0116530947199,0.0542229026751
3761,0.102556356001,0.191842764912,-0.545750210215,2.70165885889,0,11.6613137547,0.016209047561,0.0593671632471
3762,0.0735546191481,0.200044968684,-0.560222507565,2.70515935612,0,5.33096573947,-0.00931388973692,0.0565855516476
3763,0.0703523618143,0.19796892008,-0.600807896966,2.70816020629,0,4.85782622842,-0.0138979004241,0.0659478723519
3764,0.0856435230791,0.186008822939,-0.478451331442,2.70221158253,0,7.47065983848,-0.000432365606926,0.0584703186601
3765,0.0837296728504,0.187637740325,-0.552457890211,2.71518167442,0,7.09082643963,-0.00192729677896,0.0577746152593
3766,0.0860607957928,0.19378994126,-0.514525431056,2.71667085119,0,7.55572157701,0.000668977040279,0.0648527877859
3767,0.0940034915053,0.20890748449,-0.579264947049,2.71512103341,0,9.34045914212,0.0103582673979,0.0643211860795
3768,0.08629188728,0.200627756749,-0.534349680212,2.71012084128,0,7.60318272869,0.00107713966978,0.0574655098711
3769,0.0879471746043,0.185027216088,-0.501749776348,2.71539159249,0,7.95062039101,0.00126150875851,0.0588213018773
3770,0.0882003688445,0.19090758536,-0.467289668937,2.69621205139,0,8.00494033921,0.00279317750578,0.059561202271
3771,0.08215444696,0.206584170393,-0.62329087211,2.70439679799,0,6.79053708525,-0.00198220222447,0.0602931557774
3772,0.0934180350772,0.20538420519,-0.604381502027,2.71701250628,0,9.19753377723,0.0104822600446,0.0629013269057
3773,0.0796447471152,0.193990185918,-0.511445314275,2.71140385755,0,6.33412550249,-0.00547119682586,0.056601756786
3774,0.114705927094,0.194555769822,-0.519702532531,2.70518509598,0,15.8357562065,0.0265310912533,0.0590636921911
3775,0.0919510337678,0.184740058034,-0.493161660664,2.70275436913,0,8.84769424048,0.00559119409106,0.061718097138
3776,0.0803968697004,0.188753738416,-0.499371546472,2.70818362315,0,6.4681360403,-0.005046930255,0.0603985860637
3777,0.075629451413,0.201360408258,-0.549253488792,2.72112468913,0,5.6569171686,-0.00783681505194,0.0624551570301
3778,0.0857606179501,0.187497509306,-0.4721407977,2.70482429422,0,7.49444739039,-0.00095858712646,0.0588825324729
3779,0.0723809176648,0.199052408266,-0.559298916839,2.71337844362,0,5.15343415331,-0.0104757739688,0.0558544842126
3780,0.0823919916016,0.190234118827,-0.486322272845,2.71525672457,0,6.83512444741,-0.00295980680747,0.0641852035554
3781,0.0981965041802,0.196087596524,-0.522183427494,2.70445664481,0,10.4218688125,0.0128109293372,0.0571558733652
3782,0.0784744682941,0.198278695772,-0.646057352732,2.70541305897,0,6.13019627856,-0.00673217769925,0.059563863088
3783,0.106550024944,0.186639977244,-0.485560193198,2.70869767695,0,12.9093729834,0.0183606103711,0.0607463644361
3784,0.077770480139,0.195125676478,-0.575456552103,2.71637731093,0,6.01015975804,-0.00573457879659,0.0675379815438
3785,0.0851621199509,0.20409583289,-0.592531060827,2.71307294918,0,7.37353515114,0.00102553053241,0.0657083181725
3786,0.0879278037522,0.198045518614,-0.487062103931,2.71236005973,0,7.94647759443,0.00377429804145,0.0625998772846
3787,0.0957497398414,0.201734608856,-0.619652230471,2.71232894383,0,9.77829692286,0.0103394972971,0.0593255275663
3788,0.0934082748197,0.182905255835,-0.507298639563,2.69567753854,0,9.19516721487,0.00651533076191,0.0543495298317
3789,0.0964302254708,0.186193939019,-0.52474829943,2.703241463,0,9.95369673353,0.00909453246993,0.0574843102978
3790,0.0877247603358,0.199834009293,-0.576461161203,2.71973950668,0,7.90316399938,0.00456245732243,0.0650047766776
3791,0.102396078953,0.188961713966,-0.496991148907,2.71694826033,0,11.6135436139,0.0147905061166,0.0592842932235
3792,0.0716808953415,0.186193204432,-0.551540673621,2.70215762615,0,5.04983964363,-0.0140639933882,0.0592999128715
3793,0.0931231384295,0.190952238153,-0.515545605523,2.71211862931,0,9.12626300645,0.00611727669594,0.0556619626783
3794,0.0716901139009,0.211547705402,-0.594602387957,2.72707565721,0,5.05119291329,-0.00976025472955,0.0655346697024
3795,0.0976716189842,0.201770507369,-0.583700380002,2.70802749182,0,10.2807694574,0.0117539658888,0.0631378810507
3796,0.0874647542569,0.198528085122,-0.643628988723,2.70651448528,0,7.84799337588,0.0029797027769,0.0566089213271
3797,0.100082086461,0.192547995744,-0.583490778848,2.70736313151,0,10.942881406,0.0141330191174,0.0560396160454
3798,0.0817747315332,0.186605107414,-0.501961790942,2.71495007521,0,6.71977040696,-0.00450356768941,0.0610698527033
3799,0.0938728712502,0.195400949741,-0.526097680388,2.70097433718,0,9.30840532239,0.00694301961988,0.0605330936434
3800,0.104502584905,0.18868905644,-0.574605707353,2.70933216283,0,12.2554429138,0.0167942244253,0.0587674253717
3801,0.0800248388612,0.194222807752,-0.52595614331,2.70235984214,0,6.40155727513,-0.00338652031922,0.0635236436716
3802,0.0908371594471,0.192025169685,-0.522394859119,2.71070270084,0,8.58980351844,0.00500182357718,0.058316477663
3803,0.0661206377554,0.206729367527,-0.57203895842,2.70668106283,0,4.28449115983,-0.0170388011353,0.0576616796581
3804,0.0866250253047,0.203296973691,-0.587215433918,2.71461525407,0,7.67204777651,0.00177912682182,0.0609900727288
3805,0.080522744357,0.196100472445,-0.519923587407,2.71600850614,0,6.49079270944,-0.00326782316727,0.0604718308692
3806,0.0867537719341,0.193830894723,-0.510367494389,2.71476253211,0,7.69880354414,0.00159141798336,0.0642874347013
3807,0.0894710883507,0.198170731694,-0.539060596879,2.71565465776,0,8.28238117082,0.00436706892972,0.0580033003782
3808,0.0819507013585,0.204941749996,-0.575000479658,2.71650172452,0,6.75248830076,-0.00145825041724,0.0584792073951
3809,0.0948737990992,0.201680596205,-0.662482448612,2.71750131576,0,9.55648960655,0.00975746044148,0.0645856105039
3810,0.0716938692873,0.192035325522,-0.530699856525,2.71074430752,0,5.05174428139,-0.0122926600917,0.0605375323036
3811,0.0958847368452,0.194397623873,-0.462397186473,2.71038232857,0,9.81287717121,0.00930902247033,0.0572912085179
3812,0.0954319920679,0.183775542491,-0.502636362122,2.7124225998,0,9.6973232219,0.00968215411566,0.0650368690368
3813,0.0809124443616,0.186214841699,-0.478396911121,2.70883228956,0,6.56135614779,-0.00399192025056,0.0605438204361
3814,0.0854841436385,0.186910182807,-0.50975734461,2.71228790699,0,7.43838517642,0.000231774230106,0.0633732317342
3815,0.085832804071,0.20074635349,-0.577480702942,2.70834551083,0,7.50914382367,0.00146232636612,0.0619524717732
3816,0.0844579222898,0.190000098689,-0.488392799508,2.70568431585,0,7.23338745134,-0.00191051231978,0.0605126754666
3817,0.0804400911025,0.202314770232,-0.581421683597,2.70394536225,0,6.47590819024,-0.00292163505812,0.059952285699
3818,0.0851798255398,0.202925848964,-0.607741441174,2.70659810505,0,7.3770882672,0.000834989752422,0.0574071281238
3819,0.0669030277874,0.193097667114,-0.528560226407,2.71914560283,0,4.38625783941,-0.0175882614336,0.0602703441522
3820,0.0906768198363,0.189996930184,-0.42944490314,2.71884655817,0,8.55321969972,0.00493212796038,0.0604821141325
3821,0.100030390548,0.203584086393,-0.573959841841,2.71412316554,0,10.9282972486,0.0133025531498,0.0610127290375
3822,0.0686798994125,0.193714023738,-0.528257162772,2.69993749708,0,4.62442530991,-0.015897943293,0.0635265955355
3823,0.10455510329,0.182708377492,-0.447172447891,2.70684208236,0,12.2718410033,0.0163383752861,0.0606526387082
3824,0.0926449082544,0.194322077054,-0.538828184825,2.70837543417,0,9.01170116081,0.0082829151456,0.0566078983332
3825,0.0819454193563,0.197548665675,-0.578283079149,2.71037492833,0,6.75150428529,-0.00296159869806,0.0542180431569
3826,0.0997629469463,0.196806920486,-0.478415054217,2.71163793006,0,10.8531206203,0.0132877473386,0.06249395358
3827,0.0836719228339,0.186483324594,-0.468611917659,2.70356587191,0,7.07962352639,-0.00272975705532,0.0612393038345
3828,0.0940555268023,0.195142294065,-0.53501460866,2.70738923853,0,9.35325512386,0.00981702465856,0.0593158398604
3829,0.0807914934917,0.183778277948,-0.41265837573,2.71169786379,0,6.53938731318,-0.0049858891553,0.0588472997253
3830,0.0829569905716,0.209589167337,-0.603042894627,2.70879050147,0,6.94216335391,-0.000626716650254,0.0628702310141
3831,0.0676083736952,0.196592343164,-0.525112653762,2.7062961538,0,4.47961634394,-0.015986902798,0.067210982859
3832,0.0672634218218,0.194412382983,-0.548994942884,2.71153838805,0,4.43376630035,-0.0167149408007,0.0593453266557
3833,0.100149949736,0.183617272883,-0.449050939484,2.70601620668,0,10.9620526371,0.0124847574009,0.0558788174201
3834,0.0815605913313,0.203357893646,-0.568858242363,2.7233309568,0,6.68013460369,-0.00207036857412,0.0678626298389
3835,0.113154887557,0.191184110163,-0.472102507259,2.70090824119,0,15.2371299536,0.0254079132331,0.0659464949641
3836,0.07677208209,0.196978025033,-0.580026342725,2.72235368572,0,5.84325044532,-0.00634703059059,0.0592405486322
3837,0.0986478041893,0.190773531396,-0.528321591651,2.71768402181,0,10.5445424633,0.0128431291663,0.0603082167319
3838,0.0892497701161,0.185950982182,-0.516844855866,2.70361005032,0,8.2334760165,0.00223587001077,0.0580430527654
3839,0.0969793305992,0.187155327734,-0.47546303288,2.70878071087,0,10.097230045,0.0102272887289,0.0675074128325
3840,0.0758805767053,0.186913803667,-0.535688628405,2.71016076384,0,5.69744609956,-0.00850784164572,0.059857375762
3841,0.0659870149577,0.194199677811,-0.499911376413,2.70937549351,0,4.26729651124,-0.0175754988897,0.0589087406634
3842,0.0939378229005,0.211225122655,-0.61933170729,2.70999273116,0,9.32433230231,0.0107087975368,0.0683833349039
3843,0.080239223698,0.193098108499,-0.557917242767,2.7113480326,0,6.43985364992,-0.00478006435492,0.0611453256412
3844,0.0932827503807,0.203557781998,-0.548239223864,2.70544180352,0,9.16477842738,0.00846092375443,0.0587128540702
3845,0.0840409339169,0.204118029044,-0.619465784008,2.70086141776,0,7.15146557367,-0.000768886160454,0.0556560903949
3846,0.0813469683469,0.181312627345,-0.468616938535,2.70969669059,0,6.64078954097,-0.00513482557568,0.0640623141359
3847,0.0806308750354,0.19436541819,-0.59732139898,2.71055932341,0,6.5103083313,-0.00444913738675,0.0622862341007
3848,0.0676450987549,0.197491461288,-0.615211588954,2.69553267796,0,4.48451958979,-0.0157176662558,0.0606278656482
3849,0.100668845078,0.196208872982,-0.512397087705,2.71190016349,0,11.1096207586,0.0137873349911,0.0590870007738
3850,0.0955045138308,0.203521728411,-0.625491973936,2.70559607302,0,9.71575272918,0.0106417247031,0.0636513857564
3851,0.0891665989976,0.19392753386,-0.531364346788,2.70896149088,0,8.21516164488,0.00378972774771,0.0598115961707
3852,0.0993481763639,0.195457653285,-0.481126102769,2.71270213682,0,10.7374317399,0.0129883927615,0.0598942875844
3853,0.0838470028294,0.211859965834,-0.580723084216,2.71560068556,0,7.11363327388,0.00145152589494,0.0643748491893
3854,0.0973159118843,0.194848033664,-0.511488335061,2.71925289261,0,10.1861028659,0.0106202175962,0.0598427033549
3855,0.0825815655624,0.19319098884,-0.489368719756,2.71308540342,0,6.8708836123,-0.00171323988055,0.0668365396401
3856,0.0795468652174,0.197990588632,-0.560132791154,2.7084040591,0,6.31685623422,-0.00648887794456,0.054646801559
3857,0.0868254791307,0.194484081207,-0.513031985882,2.70027139367,0,7.7137399321,0.00202642842399,0.0593996493554
3858,0.0895870409488,0.19425181866,-0.620014355673,2.70378276787,0,8.30810278981,0.00375695523858,0.0643093194266
3859,0.0748730257837,0.182812446215,-0.461087556349,2.69912413542,0,5.5362581622,-0.0113196538509,0.0597737291676
3860,0.0879072141527,0.19690356595,-0.496483562472,2.70039733849,0,7.94207616877,0.000827662047187,0.0569259100626
3861,0.083536366881,0.202263976562,-0.602682739697,2.70570206286,0,7.05338562156,-0.0020963410603,0.0619916155587
3862,0.0851936924784,0.195647332655,-0.472285531763,2.70099247963,0,7.37987206419,0.00142678650494,0.0631712032665
3863,0.0658629385565,0.203349847468,-0.563937743228,2.7113250141,0,4.25137847561,-0.0155208982414,0.0584820604977
3864,0.0618232868591,0.182998889081,-0.473699625975,2.70363309997,0,3.75766709183,-0.0234028684761,0.0607333951535
3865,0.0702208829611,0.200344467433,-0.624751000392,2.70418301436,0,4.83914544448,-0.012514064686,0.0644978109862
3866,0.0795619149688,0.209270475604,-0.598226261146,2.70234437356,0,6.31950891046,-0.00476647295455,0.0618485443298
3867,0.0855677491791,0.205285907112,-0.576632765796,2.72228700878,0,7.45530069584,0.000905605811833,0.0586187344119
3868,0.0890609592841,0.187622782012,-0.46553977721,2.69551129982,0,8.19195001714,0.00249545603802,0.0539766917812
3869,0.100431627193,0.197724487974,-0.514991212683,2.7085421718,0,11.0419427002,0.0138333589404,0.0578124456997
3870,0.0657533420435,0.194669947623,-0.479780678976,2.70927106778,0,4.23735657842,-0.0177732988002,0.0665305496212
3871,0.0841127607395,0.209159089053,-0.629744688547,2.70709188012,0,7.16552063168,0.00104610369129,0.0581985040614
3872,0.0981029928175,0.190384983969,-0.567615462657,2.70443712571,0,10.3966075239,0.0119881336028,0.0599740283261
3873,0.0933901099006,0.19173754947,-0.475550370695,2.71214672161,0,9.19076418646,0.00816766353298,0.0628920349131
3874,0.0741429829769,0.194177467277,-0.514729972904,2.71835891234,0,5.42180345678,-0.00945465941484,0.0600919426354
3875,0.0821291235814,0.196420494181,-0.50462697918,2.70262146293,0,6.78579827876,-0.00336013334491,0.0600341946067
3876,0.0734933404697,0.200887771635,-0.61856019286,2.70650416888,0,5.32157625893,-0.00929671012532,0.0642306389209
3877,0.0881153102381,0.189062682727,-0.511153799162,2.7053220992,0,7.98665672066,0.00225918223572,0.0585461582536
3878,0.0842974711358,0.195805873406,-0.493616794685,2.7089281885,0,7.20177181929,-2.58840526279e-05,0.0631977609121
3879,0.0837314520466,0.196081982326,-0.46952105716,2.71073180118,0,7.09117182258,-0.00215265659741,0.0598743376692
3880,0.110184846813,0.20155548508,-0.462398607473,2.70649281191,0,14.1474601668,0.0238215280884,0.0636406945456
3881,0.0753755766803,0.192249788121,-0.524305457534,2.70427987659,0,5.61618426971,-0.00849058273652,0.0576447879076
3882,0.0864121062984,0.194928219508,-0.521209978696,2.71397849573,0,7.62797309471,0.00105039786594,0.0611295782895
3883,0.0936296502856,0.201455265886,-0.505464803285,2.71465197442,0,9.24897402658,0.00948747742715,0.0605068229177
3884,0.0691328022825,0.207461677539,-0.60038125076,2.70626008141,0,4.68673194351,-0.0142723722446,0.0574822609252
3885,0.0688864556655,0.191318223817,-0.607232761786,2.71381470692,0,4.6527597575,-0.0152882155438,0.0678632138311
3886,0.0885065454879,0.200638292086,-0.578333682485,2.72081713553,0,8.07105054276,0.00395180778414,0.0625774078864
3887,0.0789339139741,0.191583485582,-0.502308447165,2.71341095129,0,6.20959921242,-0.00676958768125,0.0572056385781
3888,0.0848155839502,0.193121057942,-0.593601122513,2.70656160993,0,7.30428414739,0.000305469752204,0.0578119614208
3889,0.0800820136727,0.199572219476,-0.557741618365,2.71869173094,0,6.41175205244,-0.00342900890754,0.06032766587
3890,0.0886125517363,0.188221069921,-0.483650851303,2.70400908891,0,8.09404816951,0.00347117188288,0.0598506387764
3891,0.0888868570081,0.189194513099,-0.564512826773,2.7059699588,0,8.15381811517,0.00215288216552,0.0626111228566
3892,0.0882151526461,0.20487341017,-0.551690366916,2.72547576666,0,8.00812181094,0.00479251925349,0.0655819514545
3893,0.0984252070424,0.191507438896,-0.47483116407,2.70776764622,0,10.4838779853,0.0125540567453,0.0587655439187
3894,0.0737903042428,0.196358565857,-0.575425383126,2.71829956114,0,5.36720392711,-0.00924872456641,0.0615472457096
3895,0.090883107356,0.193259890614,-0.520973195945,2.7165009836,0,8.60031201157,0.00550928745882,0.0640391834484
3896,0.0840453879114,0.197946895223,-0.51695748704,2.71101029041,0,7.15233645345,0.000701887993144,0.062868252579
3897,0.0681301477814,0.195365502402,-0.537195936187,2.71532438967,0,4.54967672299,-0.0161910166157,0.0578986817769
3898,0.0855492715806,0.18874030889,-0.537343421436,2.70507615337,0,7.45155940509,-0.000546792145434,0.0599688723945
3899,0.082060204949,0.198199867852,-0.501226576265,2.71157273413,0,6.77291545089,-0.00267821923829,0.0629419018159
3900,0.0810906120296,0.199589317142,-0.520227537557,2.72204785136,0,6.59382967081,-0.00377285110818,0.0563016433391
3901,0.0648699072079,0.202137970915,-0.621612395843,2.71366295838,0,4.12563618259,-0.0171890225262,0.0625943974922
3902,0.0806782676693,0.188855393939,-0.5041872553,2.71857496975,0,6.51887724104,-0.00424641791565,0.0556177636072
3903,0.10966448609,0.187712248049,-0.486255212191,2.70468732423,0,13.9639320162,0.0213386535714,0.0626243602411
3904,0.0732890739753,0.200686333558,-0.675554024139,2.71822345078,0,5.29037395355,-0.00910988345453,0.0644484132662
3905,0.107999990113,0.191004751748,-0.532775250789,2.71881042521,0,13.3911215407,0.0204043817595,0.0667875591634
3906,0.0756951616262,0.186592427331,-0.50899971981,2.71640584395,0,5.66749925369,-0.00817183567666,0.0601402905014
3907,0.0961201685609,0.198051637763,-0.551071762975,2.70755121465,0,9.87343974618,0.0117644632888,0.0615519832358
3908,0.0971352397878,0.196066736242,-0.586515915602,2.71278740414,0,10.13831245,0.0120310312583,0.059929869481
3909,0.087117606237,0.197140589552,-0.537086611443,2.71209751377,0,7.77484437523,0.00212273847321,0.0633544960983
3910,0.0745460001,0.202724486296,-0.550860679916,2.71861905587,0,5.4847472496,-0.00958004345472,0.0671973698835
3911,0.10662159302,0.191538878718,-0.560064610342,2.70660960663,0,12.9327830809,0.0196487398725,0.0573421968363
3912,0.0654467078643,0.196514855505,-0.554231302715,2.72414382931,0,4.19831647145,-0.018522582218,0.0599400090599
3913,0.0878237163598,0.193180946559,-0.541355347543,2.71264429919,0,7.92424823159,0.00217624862065,0.0616072605084
3914,0.0721293109815,0.201048164471,-0.606589550049,2.71402194113,0,5.11600468834,-0.00996624407957,0.0620074739057
3915,0.103538766799,0.204657435889,-0.493141158041,2.70923661756,0,11.9579418159,0.0180273876259,0.0606324729304
3916,0.0723210708122,0.197543350077,-0.582769656616,2.71168858352,0,5.14451131422,-0.0113483181609,0.0589586302907
3917,0.101253224601,0.186064327587,-0.456297349626,2.69848956156,0,11.2779076014,0.0128821492908,0.0626817364839
3918,0.096256065519,0.196111788081,-0.498449547956,2.70933165603,0,9.90854628086,0.00994222619319,0.0605135607046
3919,0.0932485026931,0.188678074549,-0.47649130061,2.71026780754,0,9.15650238263,0.00678852501913,0.0636159243367
3920,0.0910375235233,0.19312860641,-0.486541666594,2.71646774951,0,8.63570887531,0.00538562249753,0.056491487773
3921,0.0793328437678,0.195143457807,-0.516117189364,2.69692881156,0,6.27923261174,-0.00468701877052,0.056825392803
3922,0.0735932330615,0.19972112823,-0.54940982078,2.7182850405,0,5.33688927685,-0.0107213096758,0.0590655363941
3923,0.0867053316943,0.193194459653,-0.520243687644,2.70785181934,0,7.68872752704,0.00183943650716,0.0634895739044
3924,0.0757303747405,0.191294041827,-0.51566225035,2.70663166967,0,5.67317668828,-0.00863850005632,0.0619512852582
3925,0.1024053618,0.190918801687,-0.510589383103,2.71300866964,0,11.6163056069,0.0150609992979,0.0630625629072
3926,0.0816378118316,0.195431122704,-0.533465070675,2.71060936787,0,6.6944049484,-0.00152327778347,0.0654322641696
3927,0.082158919214,0.204975972503,-0.570479843431,2.71711233056,0,6.79137427376,-0.00114543342839,0.0629969405959
3928,0.0744020323717,0.198396578025,-0.585933322661,2.71725490329,0,5.46219435955,-0.0098673602244,0.0585740812515
3929,0.0812590602058,0.195120694915,-0.555107494619,2.70501007627,0,6.62465497844,-0.00353763715044,0.0640752097038
3930,0.0707571136662,0.197963462881,-0.520942156341,2.70824083004,0,4.91569564274,-0.01245359014,0.0674003632014
3931,0.0730627534088,0.192888302697,-0.538490235545,2.7120994557,0,5.25597576089,-0.0112419929032,0.0599276239315
3932,0.0863635290738,0.197087230526,-0.551370779083,2.70636897136,0,7.61794772568,0.000772692839637,0.0668981081817
3933,0.104419615382,0.19859555988,-0.554913602404,2.71622845973,0,12.2295765999,0.0187568478115,0.062878943507
3934,0.0755801265024,0.194329329283,-0.536374056524,2.70589262379,0,5.64898441338,-0.00851776260754,0.0629850760179
3935,0.0804873476252,0.200621296099,-0.612164010445,2.712264314,0,6.4844148432,-0.0047703046045,0.0607096394737
3936,0.0882475700621,0.191828458711,-0.539111536765,2.71994479713,0,8.01510181739,0.00301275501667,0.0661697156708
3937,0.0770191431865,0.196000789892,-0.604290590982,2.71417374703,0,5.88419398473,-0.00683765113588,0.0627507672898
3938,0.0897595532598,0.196568822415,-0.542675130346,2.70853801498,0,8.3464978494,0.00375153727292,0.0636050868203
3939,0.0675133120068,0.195393199118,-0.578699257667,2.71790870685,0,4.46694401062,-0.0160839751353,0.0581424816431
3940,0.0939732463135,0.199563962,-0.539409037841,2.70441317849,0,9.33302854719,0.00730480331524,0.0540842953171
3941,0.0903082654408,0.189561335052,-0.476341469294,2.70844630437,0,8.46963668119,0.00465177752625,0.0601743902849
3942,0.0920200182426,0.191036360344,-0.52432908868,2.69959371233,0,8.86388331354,0.00494987129078,0.0568771819513
3943,0.0907438401963,0.204538818916,-0.628148799759,2.72277057251,0,8.56849501878,0.00609137893807,0.0689672618369
3944,0.0773617181174,0.189996137894,-0.493087077602,2.71367063525,0,5.94135622784,-0.0079854524727,0.0632880190263
3945,0.0976354738897,0.191901672956,-0.506320205853,2.70052114617,0,10.2711148836,0.0114416277026,0.0590569202537
3946,0.101439777601,0.191641979313,-0.526268526003,2.7029226934,0,11.3321021451,0.0146989329026,0.0590593216309
3947,0.0786041883323,0.187771125578,-0.50259213214,2.7056940843,0,6.15252932859,-0.0070876951919,0.0569617221961
3948,0.0797410759184,0.198984024614,-0.523715565798,2.70982160491,0,6.35115901849,-0.00394894632624,0.0588542341322
3949,0.0946126424224,0.185444355316,-0.476579243236,2.70470379279,0,9.49121287623,0.00734128133326,0.0623420681693
3950,0.089322550121,0.18975030937,-0.499836171927,2.71529255771,0,8.24953096184,0.00362959229178,0.067482230196
3951,0.0718964300511,0.193546740791,-0.550968338633,2.71254082836,0,5.08155605617,-0.011951872787,0.0654460706467
3952,0.08324266736,0.194493890005,-0.497582800769,2.71112289359,0,6.99681856343,-0.00157644442763,0.0574719863212
3953,0.0968138000263,0.189806177993,-0.517600320242,2.69901186703,0,10.0537718607,0.00897824143043,0.0593640833029
3954,0.0973482555604,0.188932953267,-0.528042306343,2.70784537876,0,10.1946790235,0.00979015406106,0.0578728092212
3955,0.0761262591825,0.209039909013,-0.674786879999,2.71418410016,0,5.73732615784,-0.00667603231489,0.062069626878
3956,0.0667590242255,0.20674336188,-0.573369994648,2.71581122492,0,4.36738665995,-0.0163383392015,0.0621604262848
3957,0.0710025306563,0.202372566148,-0.63095783338,2.71266793916,0,4.95105142987,-0.0108972633799,0.0674017296566
3958,0.0751317102304,0.18822761923,-0.570000690137,2.70696669925,0,5.57728288733,-0.00964297947692,0.051231099973
3959,0.0918305563067,0.186350022941,-0.479368044207,2.70922228921,0,8.81948219753,0.00610676549048,0.0560945587087
3960,0.0919641472584,0.184258769037,-0.48268513945,2.70174937086,0,8.85076970776,0.00620163685211,0.064420667484
3961,0.0744984274237,0.201537853898,-0.550421257654,2.71464407571,0,5.4772865165,-0.00916012419766,0.0623579937141
3962,0.0723341011606,0.196118633427,-0.608174585807,2.70447061748,0,5.14645300793,-0.0114922671286,0.0563227865396
3963,0.0897724581387,0.198968839899,-0.537041607442,2.69874176391,0,8.34937612689,0.00363398164707,0.0536087743009
3964,0.105283501132,0.200370199857,-0.546811478783,2.70325481511,0,12.5012935653,0.0208315855762,0.0632511208955
3965,0.0780510362483,0.203866581073,-0.635776445765,2.7034347073,0,6.05776244247,-0.00492628768471,0.0649935904337
3966,0.0768280559935,0.201079553089,-0.577551940616,2.72372700448,0,5.85250600523,-0.00715961519045,0.0649319292535
3967,0.0773034117815,0.212947419996,-0.638682338823,2.72541648887,0,5.93159507821,-0.00618790140895,0.0636204143573
3968,0.0618887839155,0.204267135667,-0.601321696228,2.71664635055,0,3.76530359814,-0.0207745270536,0.0651114765424
3969,0.0682842316674,0.202994405652,-0.546487286071,2.70926210241,0,4.57053028787,-0.0143613463758,0.0578688363938
3970,0.0919089477174,0.191348981508,-0.501876172095,2.71034484429,0,8.83783016137,0.00665713095886,0.0578886538459
3971,0.0931505864401,0.196583131456,-0.619413414585,2.71029818372,0,9.13287638722,0.00633844130832,0.0629423783467
3972,0.0939460258586,0.209894873912,-0.570416805688,2.70582932852,0,9.32634545516,0.00954181323216,0.0587934210911
3973,0.0754298350345,0.193019972288,-0.494404167702,2.71000343062,0,5.62486955718,-0.0100773367503,0.0552509110946
3974,0.0844273763746,0.194942575687,-0.483781525828,2.70906409585,0,7.22735960335,-0.000420105692695,0.0672184028085
3975,0.0776060093985,0.207123259905,-0.62840435438,2.72112172691,0,5.98239727945,-0.00526793781439,0.0611416117676
3976,0.0917663177874,0.184217804331,-0.553402635347,2.70355011459,0,8.8044713334,0.00477356835717,0.0577666435152
3977,0.0948121603519,0.199916102292,-0.623108220136,2.70556984072,0,9.54104773731,0.00897218149194,0.0656525757119
3978,0.103362331559,0.194497138375,-0.517916377475,2.70789790388,0,11.9041814483,0.0154965117409,0.0602234834279
3979,0.0833865546751,0.201926408597,-0.584710615702,2.70762824717,0,7.02448361644,-2.73012400258e-06,0.0607064440931
3980,0.0711682571168,0.198570984638,-0.57534439695,2.7135740299,0,4.97504150346,-0.0128979667257,0.0612159177209
3981,0.0762577562227,0.199817006506,-0.584918354209,2.70559596067,0,5.75876493791,-0.00744525789045,0.0602670077585
3982,0.086105779355,0.19637699079,-0.577396835592,2.71739410353,0,7.56494044173,0.00191288082815,0.0631102163007
3983,0.0780194271535,0.20098324844,-0.623680652927,2.71370349053,0,6.05238374874,-0.00628558132515,0.0633359539542
3984,0.100832449032,0.195339790133,-0.463301925008,2.70999529391,0,11.1565097675,0.0143411246714,0.0623513321268
3985,0.0973000936944,0.186391707612,-0.490500002217,2.71680415914,0,10.1819108602,0.0110974633032,0.0658169979646
3986,0.0799306294813,0.192673116227,-0.563351329743,2.70345772944,0,6.38478831131,-0.00530242496179,0.0594716947539
3987,0.0736561133328,0.191644123013,-0.485644703473,2.70642747395,0,5.34654678272,-0.0100423573636,0.0595096296626
3988,0.0779415871638,0.191188660699,-0.507094501844,2.71266690338,0,6.03915507292,-0.00674906336348,0.0605168750165
3989,0.0803449217888,0.191417461166,-0.477103345262,2.71891921013,0,6.45880495425,-0.00414537072539,0.0639350320745
3990,0.0775962931121,0.193655309335,-0.472285531763,2.71129388017,0,5.98076049263,-0.00608824719318,0.060641000768
3991,0.0941975125146,0.188329003925,-0.492181162473,2.69798595757,0,9.38824828192,0.00674009191557,0.0628251130939
3992,0.0768591881151,0.208504314996,-0.60684866205,2.72280481921,0,5.85765906236,-0.00683616647203,0.0625319369718
3993,0.0791528521115,0.202857940395,-0.634873430768,2.70654310449,0,6.24773528402,-0.00427300155865,0.062083279339
3994,0.071625728386,0.196871888989,-0.58555205306,2.69921218896,0,5.04174730284,-0.0115285546563,0.0564808883701
3995,0.0923884577654,0.200635714731,-0.586722180731,2.71329210973,0,8.95078186346,0.0067400511168,0.0559886860879
3996,0.102868316216,0.182111100566,-0.479583677867,2.70946980612,0,11.7547919346,0.0148247460551,0.0572905679456
3997,0.0738786913464,0.209158426383,-0.635068738312,2.70291193206,0,5.38084540232,-0.00810873868466,0.0583572371564
3998,0.0742373630227,0.197831297109,-0.520168965469,2.71503352068,0,5.43649097451,-0.0107800427259,0.0609099999817
3999,0.0741178370099,0.192262184452,-0.540902968435,2.70303898715,0,5.41789565632,-0.010046818108,0.0580496496211
4000,0.112419168257,0.192287478637,-0.398634006396,2.71304874271,0,14.9603860892,0.0247002053788,0.0597114471931
4001,0.0838758612913,0.197230539854,-0.4904700519,2.71963802845,0,7.11925230381,-0.000404884118096,0.0623717544998
4002,0.0923959034854,0.197071872455,-0.578069352071,2.71950483902,0,8.9525455444,0.00638097797948,0.0584573617825
4003,0.086698467081,0.19738294877,-0.543656928439,2.70675291601,0,7.6873005323,0.00127128515819,0.0626232632093
4004,0.0770865955664,0.203871696959,-0.535925083643,2.71830207701,0,5.89541321895,-0.00606133329485,0.0619719835923
4005,0.0814451406439,0.191453813194,-0.520445099965,2.71197703351,0,6.65884677786,-0.00325288694739,0.054712292787
4006,0.0809611464945,0.195359133264,-0.528402691099,2.70089270862,0,6.57021949989,-0.0039334180563,0.0625157995708
4007,0.0953188416841,0.193310209671,-0.506754040339,2.71388528277,0,9.66862987101,0.0103075061505,0.0651444281184
4008,0.0834932909793,0.187523390181,-0.484183695574,2.71322234659,0,7.04506511476,-0.00207305714216,0.0638573746435
4009,0.080050986914,0.205183459964,-0.602852962253,2.71284862635,0,6.40621803117,-0.00430991054116,0.0545720588477
4010,0.0922490395921,0.198086707739,-0.53124692384,2.70291077653,0,8.91781307592,0.00608429449853,0.0636917609776
4011,0.0860345734734,0.198283554394,-0.621858142749,2.71603023481,0,7.55035201639,0.00168687001044,0.06366136893
4012,0.0828603159486,0.188557904456,-0.50577325371,2.7125068782,0,6.92374920111,-0.00271471243777,0.0600416089636
4013,0.0712446981335,0.189105752858,-0.481559096813,2.7060851743,0,4.98613819139,-0.0125193360415,0.0624829863895
4014,0.0642688989173,0.190286052664,-0.558395020289,2.70742175474,0,4.05094543028,-0.0201549423208,0.060369727346
4015,0.110464152125,0.195297149965,-0.513089045926,2.71157530021,0,14.2468601661,0.0242457664937,0.0554462432399
4016,0.0791612132484,0.189076776171,-0.534270842963,2.7115095748,0,6.24919551976,-0.00636807360187,0.053275724843
4017,0.0800576351749,0.192602732287,-0.50980275656,2.70676308011,0,6.40740349941,-0.00479868189013,0.0568611657051
4018,0.0963883191642,0.195188911159,-0.478832015181,2.71333686145,0,9.94281625922,0.0110078271327,0.0581793442721
4019,0.0982242305985,0.196122986236,-0.48426695681,2.70742073756,0,10.4293692081,0.0129977114052,0.0620705136397
4020,0.0899387122603,0.19321232794,-0.500658727506,2.72213979851,0,8.38653340529,0.00268565283084,0.0590522901572
4021,0.0653339252453,0.194777996364,-0.525537265005,2.70973271677,0,4.18402770309,-0.0176919040655,0.0642083326662
4022,0.0698336132059,0.194383162353,-0.490060479115,2.71140507472,0,4.7844536236,-0.014604963383,0.065665318195
4023,0.0838953486912,0.205597266568,-0.596148259037,2.7114838143,0,7.1230488109,-0.000858988330852,0.0541062364941
4024,0.0764557793233,0.191025375935,-0.462080515006,2.70174872658,0,5.79117369154,-0.0086724991236,0.0642109483323
4025,0.0599100437226,0.203664736292,-0.663815505752,2.70549879493,0,3.53971707792,-0.0214198673307,0.0674478206611
4026,0.0772844537438,0.193087850856,-0.524199057044,2.70974060573,0,5.92842412954,-0.00654904991024,0.0642591175276
4027,0.084881512553,0.184942415634,-0.508290728466,2.69756581629,0,7.31741661526,0.000177315969899,0.0585954365965
4028,0.0615525028472,0.198886818224,-0.567005199256,2.72059060413,0,3.72622024052,-0.0218672873853,0.0658511469711
4029,0.0973641488869,0.200079149862,-0.562190618788,2.71082171324,0,10.1988955693,0.0117993400802,0.060493240616
4030,0.0700521963222,0.204072269872,-0.566358006451,2.72372589545,0,4.81526198142,-0.0131007716444,0.0596594247106
4031,0.0805709311505,0.198973884242,-0.607224151263,2.72026962148,0,6.49948351907,-0.00221537626713,0.064872751943
4032,0.07309367792,0.193186275109,-0.571917172975,2.71096821004,0,5.26066524922,-0.0120567445146,0.058992864747
4033,0.102666559475,0.199580077948,-0.459594350561,2.71166993011,0,11.6942604764,0.0155597153536,0.0594287460605
4034,0.108893465763,0.195577612925,-0.434891489553,2.69978620855,0,13.6959235626,0.0213177120886,0.0524588077954
4035,0.0877735629571,0.187442892653,-0.472518546434,2.71220384717,0,7.91355621911,0.00161496385693,0.0645854429199
4036,0.0794540753095,0.183582762128,-0.542403001659,2.70901670366,0,6.30052144957,-0.00601418811011,0.0641173278
4037,0.0704664396424,0.19138121039,-0.49690583393,2.71498731964,0,4.87408118812,-0.0131228457111,0.066047569207
4038,0.0813862798856,0.196863063809,-0.504824372169,2.70934050157,0,6.64801535543,-0.00267600808591,0.0559931173714
4039,0.066034593813,0.202083871533,-0.531473754,2.70469879813,0,4.27341280575,-0.0163415667386,0.0643761732754
4040,0.0889993758124,0.192670328974,-0.496187395566,2.70952780935,0,8.17844457267,0.0027225285749,0.0624063900471
4041,0.0679526373698,0.202952094631,-0.547724997815,2.70392057542,0,4.52574568213,-0.01541405707,0.0609255302884
4042,0.0683357302559,0.199357635876,-0.643407952972,2.71552427849,0,4.5775168415,-0.0140649547018,0.0658912398014
4043,0.0819865559476,0.199744049646,-0.61991070755,2.69914552913,0,6.75917104024,-0.00378649596745,0.0530997090592
4044,0.0919486231808,0.191895929575,-0.542094634478,2.69828935002,0,8.84712899324,0.0059326485383,0.0568843909553
4045,0.0679349998725,0.192091970948,-0.490356118314,2.7097604895,0,4.52337331217,-0.0170275949538,0.0655227503742
4046,0.0719713004675,0.200503256311,-0.660581193174,2.7087703905,0,5.09261077254,-0.011167317622,0.0659596410028
4047,0.090908207724,0.186845531466,-0.543440748654,2.71137251812,0,8.60605725394,0.00412138648139,0.0575132408788
4048,0.0983234986352,0.191897475655,-0.485626377959,2.69925128609,0,10.456261492,0.0109204962593,0.0598742236656
4049,0.0834056129717,0.210589842195,-0.60847172255,2.70892824675,0,7.02815482835,0.000855520053197,0.0651504311777
4050,0.0934545046972,0.187481041331,-0.521152404273,2.71175112949,0,9.2063812138,0.00664289170203,0.0571351980659
4051,0.0916345054817,0.197265784194,-0.471047335559,2.70507041421,0,8.77373929685,0.00461868454161,0.0578879983543
4052,0.0920558442021,0.194901767715,-0.524506794884,2.71445560141,0,8.87230093689,0.00636425803301,0.0595889983331
4053,0.0771859923719,0.202660618226,-0.538098108995,2.71967041723,0,5.91197775971,-0.00568793080683,0.059884627199
4054,0.0965354974014,0.196411839483,-0.591830658357,2.70201550536,0,9.98107524651,0.0108166886489,0.0597337052641
4055,0.0682558492244,0.202656557485,-0.61663046545,2.70446724113,0,4.56668338272,-0.0149394289432,0.0647789515111
4056,0.0998471980256,0.188678973179,-0.521480437871,2.7151358868,0,10.8767537516,0.0133424415103,0.0683816222258
4057,0.0831888368084,0.193106083278,-0.485539205327,2.72049925278,0,6.98649221525,-0.00110758254447,0.0660273111504
4058,0.103830033502,0.19782227149,-0.564375467215,2.71665246607,0,12.0471632221,0.0181237644615,0.0574344331938
4059,0.077600618885,0.200052013356,-0.538868581257,2.71869507758,0,5.98148915839,-0.00628367585188,0.0600585399737
4060,0.0814205000215,0.209946591165,-0.598391523777,2.70437459809,0,6.65431067306,-0.00270847842378,0.0632868873209
4061,0.0993479411686,0.201923898613,-0.580738965726,2.70959517247,0,10.7373664477,0.0144199191346,0.0636807343394
4062,0.059560051662,0.198099780025,-0.643045950957,2.7146684641,0,3.50090002819,-0.0234235148015,0.0592772586394
4063,0.0823974089633,0.188489684641,-0.524964090411,2.71359192979,0,6.83614414771,-0.00312354951412,0.0648144596554
4064,0.0964402184904,0.199803880784,-0.56995235412,2.70436816619,0,9.9562928379,0.0116077904995,0.063667653822
4065,0.0833147959584,0.203954009295,-0.68436496672,2.70742787535,0,7.01067516489,-0.000443334543576,0.060777410947
4066,0.102826980181,0.194988690081,-0.466579879013,2.70922945181,0,11.7423676532,0.0160224139701,0.0583598932538
4067,0.0754419174551,0.184989694696,-0.514064348556,2.70510793813,0,5.62680511616,-0.0102735483719,0.0611966468429
4068,0.0698797678228,0.203931427171,-0.586279222767,2.71333583353,0,4.79094582078,-0.0124725156765,0.0639916793761
4069,0.106278195059,0.185869982616,-0.507133519518,2.69481833452,0,12.8208009057,0.0182554124987,0.058064739644
4070,0.0857990315357,0.205996836553,-0.524653877581,2.71353105928,0,7.50226500382,0.0019358309346,0.0563969410687
4071,0.0726048310694,0.196778018801,-0.636381020753,2.72021899372,0,5.18692906008,-0.0108356315547,0.0629362202781
4072,0.0797472517992,0.201712661081,-0.55217277581,2.70316887273,0,6.35225237644,-0.00453223026409,0.0584223846096
4073,0.0718856293885,0.193207518609,-0.506982118299,2.71143943271,0,5.07996291669,-0.0129390851778,0.0623974822904
4074,0.0773833727388,0.195696630758,-0.504384829261,2.71493258455,0,5.94498482475,-0.00705650767261,0.0571336732156
4075,0.0695478474024,0.205081414406,-0.611761266456,2.71278044162,0,4.7444127904,-0.0126876537195,0.0671743487236
4076,0.0861693852406,0.19338804905,-0.540497217528,2.70429725715,0,7.5779920404,0.0012630287965,0.0564958768042
4077,0.0772767642325,0.205864314522,-0.647480992083,2.70853933262,0,5.92713836847,-0.00559819345587,0.0691723526237
4078,0.0907789092259,0.187049726183,-0.501558276236,2.70478246087,0,8.57649732907,0.00424240008997,0.0621372637877
4079,0.0858160442237,0.204222653915,-0.588015936434,2.71538725345,0,7.50572949455,0.00299023024409,0.0609620563243
4080,0.0697699393451,0.194210347144,-0.539755449414,2.71207962859,0,4.77550862213,-0.0136750841836,0.0611521850138
4081,0.0775937026293,0.195318331599,-0.579057870097,2.71341552445,0,5.9803241672,-0.00743134780859,0.0570325084536
4082,0.0754140463489,0.200126915674,-0.559592451009,2.71519493351,0,5.62234108757,-0.00739129420189,0.0588881950115
4083,0.0681737800046,0.199568275906,-0.514297417467,2.71301716586,0,4.55557423526,-0.014056715511,0.0643913590388
4084,0.0952648992618,0.19685461477,-0.584476265501,2.70703862533,0,9.65497689258,0.00988542328006,0.0574601950667
4085,0.104831326244,0.19673726685,-0.6466131116,2.70782587969,0,12.3584091291,0.0188584396493,0.0633215283642
4086,0.0954761120603,0.192893350186,-0.470039902691,2.70646168693,0,9.70853152881,0.00921348568553,0.0597129133647
4087,0.0789851754746,0.195119966146,-0.491288165702,2.70578486456,0,6.21851093718,-0.00759198903382,0.0591315917325
4088,0.105435644382,0.195447218934,-0.49882044474,2.70986873597,0,12.5496994406,0.0192453335968,0.0629672369978
4089,0.060612719327,0.204535057286,-0.566496009463,2.7077231793,0,3.6186238406,-0.0212380653413,0.0571077121165
4090,0.0936291871,0.188831563908,-0.566571530089,2.70475669351,0,9.24886116163,0.00826584107661,0.057319003374
4091,0.0981274652602,0.191509754383,-0.515567503623,2.70430573239,0,10.4032133486,0.010888508252,0.0575750044789
4092,0.0813989029415,0.200832355006,-0.61198633445,2.7130865226,0,6.65033697998,-0.00203614528768,0.0599938716892
4093,0.0636448169802,0.189953472152,-0.525060162242,2.70112401813,0,3.97449518637,-0.0213054703303,0.0599055652712
4094,0.101914723197,0.195529406087,-0.484972406348,2.70727024908,0,11.4711163562,0.0154372302226,0.0616955564197
4095,0.09984046811,0.200713287647,-0.561427334398,2.71337169639,0,10.8748642902,0.0145809239623,0.0647041796718
