path_id,cagr,annualized_volatility,max_drawdown,annualized_half_gross_turnover_ex_initial,annualized_fee_fraction_including_initial,total_return,annualized_arithmetic_active_vs_ew9,tracking_error_vs_ew9
0,0.0677513832066,0.202392630758,-0.518990174569,2.70182341396,0.00272104356065,4.49873365102,-0.0157045180758,0.0578254556942
1,0.103233262836,0.186835713958,-0.525611052694,2.7041662982,0.0027233864449,11.8649897038,0.0150227145471,0.0569261970633
2,0.0950061496157,0.193573436414,-0.539481559526,2.7026673444,0.0027218874911,9.58971986505,0.0087742483396,0.0523537961267
3,0.0702807019761,0.199741482025,-0.607514892438,2.70754578301,0.0027267659297,4.84763753903,-0.0118802850757,0.0653981562286
4,0.0920960001978,0.188599939644,-0.486867357647,2.70394908824,0.00272316923493,8.88174415005,0.00607651308793,0.0591366533495
5,0.0855146511607,0.193556457458,-0.6235169703,2.70843668416,0.00272765683085,7.44455384729,0.000894068326329,0.0611731828772
6,0.0816783019652,0.18905173123,-0.523980389158,2.70872320061,0.00272794334731,6.70189770878,-0.00425403361612,0.0629168854458
7,0.0914086348877,0.197827850306,-0.57104127842,2.71160794347,0.00273082809016,8.72129279848,0.00797078619579,0.0577286901334
8,0.0780352612989,0.195456828546,-0.501173218298,2.7103562355,0.00272957638219,6.05507763922,-0.00650196202249,0.0592581135224
9,0.108723160003,0.190584430099,-0.474506799973,2.71258682439,0.00273180697108,13.6373503504,0.0210387638389,0.0602804609944
10,0.0867997750814,0.192349797506,-0.594340506952,2.70530401654,0.00272452416323,7.70838302458,0.00184123558502,0.0624457252796
11,0.065949552384,0.202491719383,-0.594025495675,2.71502277157,0.00273424291826,4.26248547206,-0.0175452843475,0.0601213659882
12,0.0848483988275,0.192178961367,-0.48556608582,2.7166715917,0.00273589173839,7.31081812309,0.00131252873109,0.0668269009026
13,0.0555087474681,0.205652416272,-0.619573257915,2.71599099496,0.00273521114165,3.07417683924,-0.0272964127633,0.0543821906864
14,0.0771026301293,0.191049293802,-0.479879192829,2.70332887909,0.00272254902578,5.89808280449,-0.0078611345797,0.063359214746
15,0.0815803144083,0.194675466721,-0.476473492414,2.71519778243,0.00273441792912,6.68377700559,-0.00310222542364,0.064354009835
16,0.071498396684,0.18831095701,-0.536459500994,2.71085184639,0.00273007199308,5.02310896242,-0.0132475279077,0.0559666198938
17,0.0863715668259,0.196279780513,-0.561640400979,2.71195047977,0.00273117062646,7.61960578348,0.00206300167957,0.0606682667743
18,0.0642503468873,0.193986035393,-0.570235791999,2.70615706761,0.0027253772143,4.04865659614,-0.0188121575769,0.0583205703911
19,0.0656406613702,0.201467546026,-0.603604362681,2.71835618832,0.00273757633501,4.22297762774,-0.0172729110662,0.0586855930768
20,0.0823239727002,0.196994347088,-0.487676158179,2.71109531507,0.00273031546177,6.82233222421,-0.00251537705479,0.0631763162719
21,0.0768252726596,0.197732544616,-0.533382279112,2.70551653012,0.00272473667682,5.85204548303,-0.00770209285285,0.0582396134403
22,0.0760473730853,0.195188441618,-0.620194346419,2.70303876196,0.00272225890866,5.7244962628,-0.00772684573118,0.0565566908518
23,0.082180206363,0.199235869905,-0.53446650741,2.71044748934,0.00272966763603,6.79536033104,-0.00287181395339,0.0582946001406
24,0.0881223773688,0.189926098946,-0.587196627231,2.70472089118,0.00272394103787,7.98817446223,0.00278640890645,0.0586242349763
25,0.0828640676109,0.187780188645,-0.448557504341,2.71062355056,0.00272984369725,6.92446303482,-0.0024539356144,0.0586574365209
26,0.0670424518754,0.19115855717,-0.570126751544,2.7066358553,0.00272585600199,4.4045896704,-0.0163330944056,0.0657069531625
27,0.079303512165,0.195234972359,-0.568828254291,2.70295014457,0.00272217029127,6.27409081761,-0.00437212075446,0.0573267867456
28,0.0903284940291,0.186976104879,-0.470956781915,2.70924579215,0.00272846593884,8.47420594812,0.00437069433001,0.0595036389127
29,0.0754382995167,0.191954910457,-0.549714763795,2.70830351582,0.00272752366251,5.62622547883,-0.00885552052135,0.0583132746286
30,0.0798839907271,0.205488564207,-0.593510506281,2.70751848495,0.00272673863165,6.37650028916,-0.00295941239418,0.0629022379213
31,0.0771162855923,0.202169748577,-0.579718321954,2.71917974084,0.00273839988753,5.90035707849,-0.00656036593411,0.0594903605921
32,0.0922921086247,0.184193040522,-0.495276600909,2.71008638984,0.00272930653653,8.92798655897,0.00607415191939,0.0592023428023
33,0.0891088342056,0.207789456733,-0.631210545676,2.72165997352,0.00274088012021,8.20246233364,0.00472317585016,0.0603886673235
34,0.0824815978176,0.193858867358,-0.506362087928,2.70953555205,0.00272875569875,6.85200727499,-0.00317293110447,0.0605987004953
35,0.099258062873,0.195067602397,-0.521267645205,2.70757430412,0.00272679445081,10.7124410125,0.0127237730237,0.0622469873924
36,0.0845272839727,0.201723753555,-0.616504314936,2.70542196782,0.00272464211452,7.24709087098,0.00158305186772,0.0628515128378
37,0.0826395151525,0.187455976134,-0.489460391057,2.70852679885,0.00272774694554,6.88184587183,-0.00291362893511,0.0562799628942
38,0.0656165660865,0.193398108017,-0.495855549692,2.70636924536,0.00272558939205,4.21990780789,-0.0176065157863,0.0605497602477
39,0.0699520612631,0.196491883544,-0.557087407421,2.71191767535,0.00273113782205,4.801128839,-0.0117464298174,0.0599159137376
40,0.0605890865793,0.203388163214,-0.57109178562,2.71950900019,0.00273872914688,3.61594870852,-0.0227512954094,0.0598202329191
41,0.0691464046421,0.195310391312,-0.508238494006,2.7118085297,0.00273102867639,4.68861347132,-0.0151139210377,0.0591939339874
42,0.0826883626903,0.195615658417,-0.647027533851,2.7112536555,0.00273047380219,6.89109770779,-0.00148976967933,0.0662779352374
43,0.0837400625834,0.206291407829,-0.646409069642,2.71075610935,0.00272997625604,7.09284352634,-6.67346776061e-05,0.0602145364554
44,0.0771626929076,0.181642245973,-0.522687854493,2.70723891115,0.00272645905784,5.90809145938,-0.0080913917905,0.059949979917
45,0.0872803012482,0.206346922901,-0.530275184642,2.7129825656,0.00273220271229,7.80905382126,0.00366224783287,0.0684601611586
46,0.0845592812585,0.179212249472,-0.527658619203,2.69990449989,0.00271912464658,7.25341979431,-0.00232424246418,0.0628781170423
47,0.0787721635826,0.197237220204,-0.581087001139,2.71336610796,0.00273258625466,6.18154848356,-0.00522911897735,0.0533827010864
48,0.0953989726096,0.18651768337,-0.502928564238,2.69788807592,0.00271710822261,9.68894229177,0.00817294104113,0.0530566075713
49,0.0834453787815,0.20076377082,-0.576640260776,2.70701796256,0.00272623810925,7.03582014295,-0.00113018740243,0.0582482574322
50,0.0927278867856,0.203524255439,-0.589107716254,2.71830014681,0.0027375202935,9.031489217,0.00754717190925,0.0620509474525
51,0.0951079175532,0.186556718837,-0.485039115172,2.70210563099,0.00272132577768,9.61533990141,0.00745732921949,0.0623301575343
52,0.0817638868774,0.194679287127,-0.527471039875,2.70022406699,0.00271944421369,6.71775842022,-0.00238401886557,0.05653369006
53,0.061627650709,0.208679283028,-0.6549599178,2.70090897653,0.00272012912322,3.73492726342,-0.0201356028225,0.0572254655598
54,0.0880895331144,0.187999533334,-0.465849448221,2.70265407867,0.00272187422536,7.98112289726,0.00288415049688,0.0577880964355
55,0.0743631579503,0.194058997943,-0.546759845507,2.70509020426,0.00272431035095,5.45611753181,-0.0110339027757,0.0562566959706
56,0.0943812250095,0.199040542555,-0.556752612194,2.70871211205,0.00272793225874,9.43369403277,0.00761775171871,0.0641924029107
57,0.0935253563962,0.188551997368,-0.54410330258,2.69986307067,0.00271908321736,9.22359075796,0.0068313308896,0.0622417425119
58,0.0986782506744,0.178739571414,-0.468376065487,2.7025606292,0.00272178077589,10.5528639719,0.0106487196629,0.0642731590872
59,0.069907187568,0.204333847002,-0.589659941746,2.71603598251,0.0027352561292,4.79480605184,-0.0129165595409,0.0577413516199
60,0.0917022545032,0.192565958251,-0.542603314285,2.70717813615,0.00272639828284,8.78952339259,0.00681401142447,0.0600004871601
61,0.058430345847,0.201518429373,-0.611703041055,2.71264515747,0.00273186530416,3.37777175448,-0.0232146308029,0.06277488583
62,0.089819509042,0.20023508374,-0.630792140769,2.70698413479,0.00272620428148,8.35987748328,0.00534897630779,0.0623620595728
63,0.08289883474,0.196912685681,-0.613598303252,2.70473317807,0.00272395332476,6.9310811643,-0.0010692783091,0.0564569711652
64,0.0707981331681,0.199623222205,-0.565318018036,2.71849278143,0.00273771292812,4.92159099068,-0.0131638972861,0.0597370469508
65,0.0867558800629,0.192033687403,-0.572786783958,2.7079202836,0.00272714043029,7.69924230942,0.00177406567516,0.0628514500029
66,0.0933620079527,0.197989449511,-0.484418069521,2.70203104965,0.00272125119634,9.18395610535,0.00902198166376,0.065822761913
67,0.0861536043666,0.196440525478,-0.619822910349,2.71708261926,0.00273630276595,7.57475210411,0.00116243328812,0.0555456270371
68,0.0921796145104,0.197749874937,-0.609789198784,2.71775817214,0.00273697831883,8.90143503984,0.00830896428655,0.0627271229238
69,0.0926361261454,0.199563312801,-0.60707722087,2.69705090708,0.00271627105377,9.00960907145,0.00768661174781,0.0633499540657
70,0.0935343893484,0.201114499506,-0.575479956618,2.70883615135,0.00272805629805,9.22578682387,0.00874740152936,0.06200414114
71,0.0778698923163,0.202569403653,-0.516039950742,2.71114726946,0.00273036741615,6.0269918569,-0.00510034223196,0.0622063816602
72,0.0847991918968,0.201601973801,-0.496002674085,2.71244615389,0.00273166630058,7.30102207326,0.00179139981543,0.0626740770574
73,0.101955754749,0.187702230568,-0.436135990658,2.7014540107,0.00272067415739,11.4831965438,0.0146964608117,0.0627447201504
74,0.0934357255737,0.198925626642,-0.604889556105,2.70473615734,0.00272395630403,9.20182452507,0.00770911331193,0.0563700011562
75,0.111254451329,0.183633473719,-0.484760059001,2.70573041052,0.00272495055721,14.5315239092,0.0228704291907,0.0560520120542
76,0.101432640459,0.190484959745,-0.519183353032,2.70237042631,0.002721590573,11.330024546,0.0151732237296,0.0638838903235
77,0.098242543966,0.1945907619,-0.519561697041,2.70702780339,0.00272624795009,10.4343258346,0.0111745037359,0.0549826311407
78,0.0771752404436,0.197201839191,-0.546542041123,2.70469407096,0.00272391421765,5.91018410014,-0.00756454906637,0.0602858411187
79,0.102274075766,0.196332135813,-0.512102046367,2.70543679924,0.00272465694593,11.5772971097,0.0161530044881,0.0652019794734
80,0.0764917877199,0.197704320415,-0.619338598987,2.70934096184,0.00272856110853,5.79708291286,-0.00867785821304,0.0595178386256
81,0.0899048361533,0.187068525374,-0.553397999257,2.69077866294,0.00270999880963,8.37895070076,0.00436887125571,0.0635443208144
82,0.0934786623212,0.190094221081,-0.546610850218,2.70593353468,0.00272515368137,9.21224585498,0.00729528528413,0.0564654086786
83,0.0828180956136,0.203810867642,-0.637223872025,2.71753777461,0.0027367579213,6.91572014465,-0.00102592473167,0.0593185239579
84,0.0703907614513,0.192182251817,-0.530334777462,2.7157233463,0.00273494349299,4.86329296095,-0.0132771279293,0.0598309779987
85,0.0960524499615,0.196449888498,-0.511032303762,2.70533745803,0.00272455760472,9.85598644445,0.0103702888261,0.0617019681511
86,0.0934359678925,0.189659985157,-0.540106480459,2.70522912972,0.00272444927641,9.2018833104,0.00721163619723,0.0610240204146
87,0.0781483091458,0.199018302249,-0.591344889434,2.70409172041,0.0027233118671,6.07433943405,-0.00669521971576,0.0561226461469
88,0.0718832806485,0.204520301356,-0.576666303185,2.70523272275,0.00272445286944,5.07961652159,-0.0101452914621,0.0599619479595
89,0.0923194150419,0.191259456772,-0.54435942107,2.70891331919,0.00272813346588,8.93444189785,0.00719494950898,0.0586803324862
90,0.0717828628629,0.194760079883,-0.608340176931,2.71061875326,0.00272983889996,5.06482451741,-0.0119626421327,0.0574742630095
91,0.076281326264,0.194340318641,-0.580242485964,2.70899587334,0.00272821602003,5.76261463451,-0.00754878083885,0.0620050015255
92,0.0991624021709,0.213064912722,-0.628191346999,2.71825026211,0.00273747040881,10.6859678905,0.0132109030262,0.0613529233291
93,0.0710695690279,0.188499314555,-0.550747480433,2.7120927604,0.00273131290709,4.96074453081,-0.0132744669114,0.0565714216924
94,0.0627881244388,0.207191057616,-0.621106641838,2.7125664911,0.00273178663779,3.87135994541,-0.0191719133466,0.0669120730165
95,0.0717299851232,0.199316728137,-0.603466533257,2.70976000472,0.00272898015142,5.05704929709,-0.0120462636056,0.0548391897719
96,0.0818373292527,0.202906823234,-0.530572298066,2.70708318261,0.0027263033293,6.73139389466,-0.00286180288935,0.0616108605669
97,0.0659526732972,0.209464346476,-0.628788732256,2.72300355924,0.00274222370593,4.26288610629,-0.0156677304167,0.0660122068508
98,0.0824294205844,0.192160394842,-0.527384876368,2.70576225475,0.00272498240144,6.84217224319,-0.00182111484688,0.060570076154
99,0.0788585040022,0.194760183579,-0.529252289396,2.71823115089,0.00273745129758,6.1965085426,-0.00497774227622,0.0652466130879
100,0.0752260830387,0.202190393906,-0.606658614284,2.72986053825,0.00274908068495,5.59231100405,-0.00857471337099,0.0558198026332
101,0.0925371793603,0.18516991064,-0.453909698618,2.70602344632,0.00272524359301,8.98606682491,0.00601382793993,0.0620429130663
102,0.0893658575949,0.187813226475,-0.477803400378,2.71355495962,0.00273277510631,8.25909713269,0.00395480307374,0.0599484875245
103,0.0620273294742,0.189744784677,-0.528317590179,2.70510027384,0.00272432042053,3.78149590957,-0.0215621599513,0.0593507710856
104,0.0877222370815,0.203667669178,-0.547095153039,2.71890218727,0.00273812233396,7.90262700468,0.00371204065002,0.0589748760339
105,0.0809772495804,0.19449346513,-0.567008448917,2.70225159094,0.00272147173763,6.57315231436,-0.00317184175734,0.0587631767341
106,0.0884221446603,0.20027580507,-0.481158829126,2.70361076265,0.00272283090934,8.05278012135,0.00453913287288,0.0637347176795
107,0.087603109514,0.184426948269,-0.553130857955,2.70814366659,0.00272736381328,7.87730989114,0.000883738342417,0.058557769739
108,0.062007640508,0.196246618044,-0.580616284917,2.70606404546,0.00272528419215,3.77919156946,-0.0214834203302,0.0595974090298
109,0.0802690913726,0.203139238363,-0.613682653106,2.71604354023,0.00273526368692,6.44520412306,-0.0032469368272,0.0602163726658
110,0.0907139615318,0.201985359087,-0.581234610719,2.70835547033,0.00272757561702,8.5616821574,0.00590320787456,0.0635494304672
111,0.0723168100823,0.200623022062,-0.590960323153,2.7195303583,0.00273875050499,5.14387653726,-0.00934539889489,0.0658708949933
112,0.0829579651837,0.204271609669,-0.529717498886,2.71531430418,0.00273453445088,6.94234920303,-0.00126737571126,0.0581988771578
113,0.0951250706374,0.195746239546,-0.537639389445,2.70239732616,0.00272161747285,9.61966404847,0.0096442727608,0.0566546372861
114,0.0766443822848,0.185336268854,-0.569990275543,2.70117924701,0.0027203993937,5.82217962811,-0.00817429017475,0.0553482949066
115,0.0932876492851,0.193519606059,-0.58444279741,2.70339034849,0.00272261049518,9.16596279064,0.00708004493058,0.0538932522819
116,0.077980848058,0.207734588304,-0.629503432183,2.71209552899,0.00273131567568,6.04582436063,-0.00485109318527,0.0653044844159
117,0.0743321657571,0.193467173649,-0.482284478565,2.70142383786,0.00272064398455,5.45127678639,-0.0103869869982,0.0630816934523
118,0.0896212620656,0.185119842635,-0.595192199058,2.70985700379,0.00272907715048,8.31570710574,0.00247958349687,0.0583673171254
119,0.0822511806653,0.201211939531,-0.558299021734,2.71082341478,0.00273004356147,6.80866457046,-0.00105816115968,0.0611609516546
120,0.0771606304595,0.195951499719,-0.610608404788,2.70634039936,0.00272556054605,5.90774754873,-0.00754062187468,0.0573176671509
121,0.064454735524,0.187483070471,-0.511735808253,2.70351620396,0.00272273635065,4.07392791886,-0.0201324986111,0.0550971073522
122,0.096095513567,0.195405433401,-0.556012583914,2.70230080855,0.00272152095524,9.86708222542,0.00966971247413,0.0556436560137
123,0.0829518889219,0.185116944083,-0.477142983606,2.70550679623,0.00272472694292,6.94119058678,-0.00225980388811,0.0617995549213
124,0.0651610056648,0.2076302919,-0.594992232956,2.70731034512,0.00272653049181,4.1621933168,-0.016419355951,0.0612711411044
125,0.0789100957559,0.196393043381,-0.455629812742,2.72155948984,0.00274077963654,6.20546205623,-0.0051117162432,0.0619255414693
126,0.0772382200754,0.19746991714,-0.571426051796,2.7167880747,0.0027360082214,5.92069686709,-0.00659020926882,0.0578844390007
127,0.0813733936676,0.191938349314,-0.480092351947,2.71205072624,0.00273127087293,6.64564602903,-0.00337743510718,0.0613442003424
128,0.0823135926563,0.192962502542,-0.477385975769,2.70548829767,0.00272470844436,6.82038183036,-0.00251760091633,0.0645608696726
129,0.0967192538871,0.202287582038,-0.580311746653,2.70729674193,0.00272651688862,10.0290233145,0.0120608796837,0.0620234323573
130,0.0750710607037,0.196897242737,-0.595112218683,2.71252568405,0.00273174583074,5.56764232749,-0.00856375426421,0.0606335110381
131,0.0861489539467,0.185281446835,-0.45826394396,2.71010634929,0.00272932649598,7.57379756118,0.00159393847911,0.0651781029958
132,0.10378360497,0.192048161252,-0.47506729592,2.69813916256,0.00271735930925,12.0329016723,0.0169303759517,0.065052315867
133,0.0844967075096,0.196562844592,-0.571652251375,2.70481526555,0.00272403541224,7.24104734068,-0.000488957350086,0.0550149838815
134,0.093125570686,0.190717533886,-0.518457098673,2.70577893095,0.00272499907764,9.12684887176,0.00747469715732,0.0635309853064
135,0.0774825767855,0.197578418322,-0.586396141183,2.71923842749,0.00273845857418,5.96163146552,-0.00678597278884,0.0606581785692
136,0.0787530471058,0.201840886278,-0.62475581993,2.7073668294,0.00272658697609,6.17824024949,-0.00433117853676,0.0581779609424
137,0.0915776013591,0.195200614393,-0.524327203501,2.71099249485,0.00273021264154,8.76050074541,0.00562832867523,0.0590666336961
138,0.0935755838665,0.190022240266,-0.519279071191,2.70199116091,0.0027212113076,9.23580767149,0.00846822104791,0.057774817922
139,0.0775845438558,0.207581540517,-0.650502380593,2.70961108506,0.00272883123175,5.97878172841,-0.00589824544579,0.0667498349372
140,0.0777428556162,0.198909140552,-0.542001438129,2.71304696678,0.00273226711347,6.00548936443,-0.00711672802697,0.0584883220769
141,0.0931704863047,0.199603159703,-0.567260398689,2.711494423,0.00273071456969,9.13767369874,0.00847710414225,0.0584624023537
142,0.0818355424362,0.193054386827,-0.51438885888,2.6998620028,0.00271908214949,6.73106187558,-0.00272870907852,0.0576274064457
143,0.0653655277954,0.200937129333,-0.59576336827,2.71550388364,0.00273472403034,4.18802771195,-0.0169984854099,0.0658805948917
144,0.0900908094466,0.198959881231,-0.580741308912,2.7230398563,0.00274226000299,8.4206509937,0.00444305292594,0.0602068526638
145,0.058780002298,0.202861227142,-0.636844067849,2.71675844386,0.00273597859056,3.41553098283,-0.0239293386737,0.0612018681707
146,0.064789173287,0.201018232396,-0.594001246404,2.73045356257,0.00274967370927,4.11554151708,-0.0178073858556,0.0633945556401
147,0.0676664933276,0.202377817521,-0.658531223567,2.70877777488,0.00272799792157,4.48737797204,-0.0144358918672,0.060382506597
148,0.0907126194637,0.192317263694,-0.540404244991,2.70049616661,0.0027197163133,8.56137625173,0.00494078490027,0.0526298549108
149,0.0838778425872,0.192895036895,-0.535072561303,2.71954664918,0.00273876679587,7.11963821909,0.000258699293892,0.071278700476
150,0.0755577133629,0.197876130289,-0.627218954552,2.7075781194,0.0027267982661,5.64538278974,-0.00804932828263,0.0627259459938
151,0.0691481833219,0.193080527332,-0.517255078649,2.72112649771,0.0027403466444,4.68885954902,-0.0126691107178,0.0625754349305
152,0.0806394642422,0.193471991701,-0.463889471277,2.70816456298,0.00272738470967,6.51186062115,-0.00379581749146,0.0620081081767
153,0.0889694142645,0.186705338803,-0.457075358115,2.70755840499,0.00272677855168,8.1718808147,0.00369385558544,0.0568598771335
154,0.084923732107,0.210702187017,-0.6262570043,2.71623262802,0.00273545277471,7.32583690997,0.00209639455194,0.0639733983498
155,0.0806961976349,0.202573266937,-0.602560288789,2.71525745328,0.00273447759997,6.52212155088,-0.00334423473569,0.0618758444875
156,0.0726664371826,0.206919496885,-0.607499295339,2.70945658101,0.0027286767277,5.19617534476,-0.0108581064931,0.0592240288634
157,0.0892515147887,0.201441788352,-0.596530294358,2.7102225194,0.00272944266609,8.23386056987,0.00427072042191,0.0591511118057
158,0.0736316653067,0.186311655365,-0.505068448158,2.70559811005,0.00272481825674,5.34279023698,-0.0109724016956,0.0631878583514
159,0.0720899239205,0.202781139936,-0.579551487789,2.70769134069,0.00272691148738,5.11016525109,-0.00953407321651,0.066372790846
160,0.0714463221458,0.203309236378,-0.627038632669,2.71030807435,0.00272952822104,5.01550242493,-0.0101332607236,0.0645623294486
161,0.0931762062022,0.202202863005,-0.602504528469,2.72047596287,0.00273969610956,9.13905301317,0.00882659450979,0.0611921543443
162,0.071963174618,0.197512224066,-0.549426924246,2.6997423455,0.00271896249219,5.09141004599,-0.0116207835981,0.0539864164226
163,0.0921194147929,0.186776317526,-0.475283549049,2.7051690429,0.00272438918959,8.88725440959,0.00537610702041,0.0578270959559
164,0.0693283654937,0.189808123409,-0.519644306873,2.70410119644,0.00272332134313,4.71384059097,-0.0155155186657,0.0560299022385
165,0.0824657857772,0.193953642973,-0.500557151557,2.70403485516,0.00272325500186,6.84902556775,-8.23205189375e-05,0.063435645275
166,0.0699752682219,0.192390677154,-0.511055308628,2.71952225914,0.00273874240584,4.80440134457,-0.0134971217428,0.0589776459188
167,0.0908869210181,0.197298416766,-0.626653707284,2.70785892133,0.00272707906802,8.60118471069,0.00556132791468,0.0618157915634
168,0.0755036027577,0.202768722415,-0.616637314323,2.71469995468,0.00273392010137,5.63669535044,-0.00876456916216,0.0564896929367
169,0.073999193902,0.206503742842,-0.573677660337,2.71631458932,0.00273553473601,5.39948878813,-0.00961985261247,0.0596024005485
170,0.102895959159,0.189942467138,-0.50503441823,2.70617541698,0.00272539556367,11.7631070117,0.016246556472,0.0621497226731
171,0.0908296824866,0.189779902003,-0.558608604087,2.70707815114,0.00272629829783,8.58809455065,0.00487913155957,0.0596182219468
172,0.0720975180642,0.192456945126,-0.550826489248,2.70263784715,0.00272185799385,5.11129072445,-0.0130573238023,0.060001469435
173,0.0682517010224,0.204245992906,-0.616987386045,2.71761892281,0.0027368390695,4.5661213569,-0.0145860982018,0.0595126391031
174,0.0856338568076,0.190404191107,-0.603796865362,2.70755787382,0.00272677802052,7.4686990224,0.000568503234649,0.0546999821759
175,0.0831222610321,0.184952928728,-0.495374692859,2.70141200412,0.00272063215081,6.97373867651,-0.00247844778661,0.0613443168393
176,0.073902180786,0.206156225093,-0.597398306457,2.71697871709,0.00273619886378,5.38447543573,-0.00793686298672,0.060493318943
177,0.0879329484585,0.18746056338,-0.483097427168,2.70875064432,0.00272797079101,7.94757770029,0.00148819644795,0.0565194445451
178,0.0775113745139,0.203831370234,-0.560600631144,2.70960763838,0.00272882778508,5.96647096362,-0.00654929978541,0.058927469489
179,0.0714256442839,0.187532204034,-0.521340157998,2.70445789187,0.00272367803856,5.01248456859,-0.0126693681188,0.058147470919
180,0.0578688210412,0.197667123032,-0.524043542672,2.71477668662,0.00273399683331,3.3177818109,-0.0234723907838,0.0692255871629
181,0.0898300514347,0.180621479088,-0.483117600889,2.70537952866,0.00272459967535,8.36223200935,0.00233847745383,0.0601976285648
182,0.08553679397,0.186546735062,-0.411637923657,2.70682799086,0.00272604813755,7.44903387499,-0.000412576547886,0.0619566272684
183,0.0776628602069,0.196182849698,-0.519823159355,2.70296811359,0.00272218826029,5.9919816556,-0.00741919105289,0.0613181840492
184,0.0641674238811,0.197434520946,-0.5297030592,2.71523217265,0.00273445231934,4.03843825655,-0.0195451463422,0.0599337384519
185,0.0763826242253,0.201586365113,-0.571714201775,2.71252582957,0.00273174597626,5.77918365384,-0.00634062247894,0.05852003489
186,0.095045618483,0.189805618329,-0.473732946166,2.71448209563,0.00273370224232,9.59964907027,0.00840435156417,0.0597928498222
187,0.0840127975295,0.183049369347,-0.500637389445,2.70483721982,0.00272405736652,7.14596619451,-0.00190370865991,0.0545169854928
188,0.0716633968785,0.192027362038,-0.550665352875,2.70792713188,0.00272714727858,5.04727169784,-0.0122775452204,0.0663429504915
189,0.0981904405671,0.186849023436,-0.459183835497,2.70289015968,0.00272211030637,10.4202291487,0.012717400968,0.064109203743
190,0.0540216102478,0.197386052125,-0.603242204673,2.71893971172,0.00273815985841,2.92752242534,-0.0286192448323,0.0624093800453
191,0.0635417418177,0.202720290288,-0.543628403696,2.71276544786,0.00273198559456,3.96197598546,-0.0186005990881,0.056573643459
192,0.0947816121566,0.187917533197,-0.518095235412,2.7098666856,0.00272908683229,9.53340279057,0.00837091168507,0.0569275581546
193,0.0702135643901,0.189179686749,-0.512480045397,2.70569145835,0.00272491160504,4.83810729175,-0.0135640171194,0.0604236805325
194,0.0841185371564,0.200340826878,-0.537219691804,2.71431086873,0.00273353101542,7.16665197155,-0.000702659079058,0.0564017729868
195,0.086513306131,0.18351325635,-0.475915765975,2.70646954775,0.00272568969445,7.64889474736,-0.000480839805527,0.0566776623176
196,0.0799591428172,0.19457124362,-0.502868938623,2.70900115782,0.00272822130451,6.38985973368,-0.00419112631669,0.0607083737193
197,0.103122906746,0.186349199429,-0.436717071869,2.70014202243,0.00271936216913,11.8315708425,0.0144095542791,0.0585218631599
198,0.0841587384827,0.193651658348,-0.548530480851,2.70605193018,0.00272527207687,7.17452977614,-6.75302150303e-05,0.0572179054232
199,0.0652699981037,0.204241335543,-0.545595323112,2.71002252609,0.00272924267278,4.17594535937,-0.0173405936084,0.0611898834948
200,0.0684312007501,0.19785350973,-0.525080006448,2.715469871,0.00273469001769,4.59049113597,-0.0145439990705,0.0628186303892
201,0.0776661600806,0.207745423689,-0.64678503595,2.71659348998,0.00273581363667,5.99253836368,-0.0048442571809,0.0635232177217
202,0.0843912160604,0.185500049076,-0.517842893374,2.70309924435,0.00272231939104,7.22022931001,-0.00141862248438,0.0583557961166
203,0.0788488048512,0.195781476048,-0.51025596596,2.71658987292,0.00273581001961,6.19482649422,-0.00414419771429,0.0598445565037
204,0.109510454993,0.184224322842,-0.451346823011,2.70225941994,0.00272147956663,13.9100175568,0.0211620721394,0.0574676501676
205,0.0717518439794,0.190415113227,-0.5100213096,2.70558596524,0.00272480611193,5.0602622925,-0.0129918789695,0.0634552470107
206,0.0917711355133,0.201447847645,-0.541498169126,2.70001664954,0.00271923679623,8.80559634434,0.00759091991749,0.0594120947075
207,0.0634388722127,0.199324706603,-0.55769261471,2.70826870261,0.0027274888493,3.94951195843,-0.0195143701779,0.0594940274144
208,0.0893493746345,0.188007567325,-0.56339923247,2.69928735485,0.00271850750154,8.25545509727,0.00347038332553,0.055077269756
209,0.0724050236308,0.201424707825,-0.599312307017,2.72012449152,0.00273934463822,5.15703174007,-0.0105568521016,0.0618649934788
210,0.0653234043218,0.193192959072,-0.505663634959,2.71557904812,0.00273479919481,4.1826967032,-0.0176789444928,0.0640686677286
211,0.0792138981386,0.201002114641,-0.537820901593,2.70766458159,0.00272688472828,6.25840321306,-0.00380409317244,0.0629178261319
212,0.0815524727086,0.196538436068,-0.51527372156,2.70860700338,0.00272782715007,6.67863576188,-0.00237859578421,0.0632479147692
213,0.0720736001556,0.196383777172,-0.588934574079,2.70751992039,0.00272674006708,5.10774669798,-0.0108793033721,0.059076761289
214,0.0880588777939,0.189102460484,-0.484114183116,2.71501913001,0.0027342392767,7.97454608969,0.000855414644308,0.0593508511493
215,0.071792691755,0.188530621241,-0.550589885094,2.70961104701,0.0027288311937,5.06627082944,-0.0128420901033,0.0626854603166
216,0.0910012088259,0.191553917732,-0.537008351523,2.70552120066,0.00272474134736,8.62737317802,0.00499769968026,0.0603562034249
217,0.0920519802352,0.205094174874,-0.643975492782,2.71410087231,0.002733321019,8.87139273178,0.00721669302647,0.0594061431687
218,0.0843309467768,0.19629194885,-0.520018292479,2.70782213356,0.00272704228026,7.20835827798,0.000880728682308,0.0643821387784
219,0.105370905935,0.181224477733,-0.508747003307,2.71218280998,0.00273140295668,12.5290819037,0.01754222998,0.0572108033784
220,0.0719883244671,0.188976281931,-0.578260154935,2.70558910739,0.00272480925408,5.0951270835,-0.0132698845401,0.056571089705
221,0.0845319377508,0.206063296178,-0.557669408825,2.7221882067,0.00274140835339,7.24801107788,0.00138824292615,0.0618733669576
222,0.101573970061,0.187005329118,-0.45307231963,2.70807367857,0.00272729382527,11.3712278575,0.0150346981019,0.0588119806997
223,0.0994720686443,0.193836507374,-0.555969161274,2.7122243456,0.00273144449229,10.7718738876,0.0141474193927,0.0581443997763
224,0.0631358952173,0.204040554619,-0.525721734622,2.71649060828,0.00273571075497,3.91297690444,-0.0177182958373,0.0664332864963
225,0.0655469315187,0.205397236375,-0.618757394302,2.71115736467,0.00273037751136,4.21104587938,-0.0177147183517,0.0550791919169
226,0.0600611782931,0.196252935206,-0.553223703141,2.71428664988,0.00273350679657,3.55657849733,-0.0227515610441,0.0615247879155
227,0.0912492839596,0.195235473406,-0.609212145281,2.70706745033,0.00272628759702,8.68445488745,0.00643098228419,0.0592493851243
228,0.0672171378571,0.19880475006,-0.555570356187,2.72215351319,0.00274137365988,4.42764250488,-0.0162920541693,0.0572704449671
229,0.0590703508206,0.19500274018,-0.611967676159,2.71483846349,0.00273405861018,3.44712337703,-0.0234834259812,0.0551814998723
230,0.0568354846264,0.2051312207,-0.661351853095,2.72310398996,0.00274232413665,3.20944580497,-0.0250750026439,0.064774916993
231,0.0802188705766,0.19265346818,-0.518543808763,2.70341875784,0.00272263890453,6.43620972516,-0.00426123189417,0.0570809102515
232,0.0829770945979,0.188357762415,-0.505604706586,2.71082968778,0.00273004983447,6.94599784427,-0.00102372282543,0.062431862781
233,0.0828022844101,0.212107709671,-0.595306641459,2.71148465168,0.00273070479837,6.91271533617,0.000288043934951,0.0674648632462
234,0.0927008259489,0.189724835953,-0.483913632142,2.70343419821,0.0027226543449,9.02503183651,0.00655558713225,0.0572183811069
235,0.0780925082551,0.201371714666,-0.631898457591,2.70437357411,0.0027235937208,6.06482542029,-0.00515695100697,0.0586925925617
236,0.0937997969315,0.179680162772,-0.432955990457,2.70138943642,0.00272060958311,9.29051480123,0.00673792325611,0.0616559028685
237,0.102511281358,0.185759720734,-0.506425040808,2.71315813042,0.00273237827711,11.6478618262,0.0139245080048,0.062178061525
238,0.0863546533618,0.191204229295,-0.478143310536,2.71000087798,0.00272922102467,7.61611716664,0.00258371550872,0.0610369369644
239,0.100469957903,0.187900504198,-0.518356124807,2.7016391946,0.0027208593413,11.0528537287,0.0136471272111,0.0601398326845
240,0.0755043646212,0.194022125629,-0.556399876176,2.70809594069,0.00272731608738,5.63681759154,-0.00920875381975,0.058421430957
241,0.0965616463704,0.18816101768,-0.53286395717,2.69703598389,0.00271625613058,9.98788611392,0.010145610869,0.0581257491533
242,0.0703267909647,0.187422851394,-0.496162133533,2.70925018562,0.00272847033231,4.8541885744,-0.0146074613491,0.0590798590988
243,0.0643544263964,0.198022180744,-0.667804821617,2.71068862476,0.00272990877145,4.06151018793,-0.0179585578113,0.0647090579244
244,0.0743061205628,0.19590627795,-0.553399405579,2.71053093512,0.00272975108181,5.44721142365,-0.00844803900415,0.0610131909501
245,0.0681544974257,0.190690190884,-0.51814841445,2.71549559321,0.0027347157399,4.55296717918,-0.0156718714077,0.0613468159691
246,0.0893960211125,0.190496594488,-0.553604358689,2.70446641446,0.00272368656115,8.26576555986,0.00408744617137,0.0543478000653
247,0.0897255253084,0.194996168651,-0.541161908647,2.70533211051,0.0027245522572,8.33891241021,0.00435850226509,0.0588249250332
248,0.0633218580248,0.200568697365,-0.660974445166,2.71365034313,0.00273287048982,3.93537072383,-0.0182594187388,0.0618788468379
249,0.0807616046997,0.207284182845,-0.622389866615,2.71151146151,0.0027307316082,6.53396794591,-0.0034746385411,0.0594094616195
250,0.0760176775399,0.196116395255,-0.623880923944,2.70817315586,0.00272739330256,5.71967272074,-0.00754809162352,0.0674574505525
251,0.0689085486793,0.204274420666,-0.587987558047,2.72044166603,0.00273966181272,4.65579848915,-0.0149657280454,0.0579537972645
252,0.0566798777356,0.207784175692,-0.579608626159,2.71887059034,0.00273809073703,3.1933599768,-0.0249619578976,0.0592265442176
253,0.062334261868,0.194215347427,-0.589833175592,2.70943564779,0.00272865579448,3.81755683245,-0.0205714048802,0.0556806728233
254,0.0675084622955,0.184691844351,-0.516367642829,2.70545510609,0.00272467525278,4.46629826903,-0.0168349890455,0.0575092446588
255,0.0767421965297,0.204712128308,-0.638631561942,2.71774120339,0.00273696135009,5.83831364467,-0.00589039052658,0.0612927657587
256,0.0860547341403,0.193689162504,-0.544224263064,2.6993392652,0.00271855941189,7.55448004061,0.000141604324533,0.0600697767028
257,0.0918554644503,0.186304685672,-0.457540176357,2.70519319091,0.0027244133376,8.82530852343,0.00511810623108,0.0585222911735
258,0.0723182196322,0.19346862342,-0.596053211658,2.7144272644,0.00273364741109,5.14408652946,-0.0116921023516,0.0583949193478
259,0.0861892429807,0.191208719182,-0.547594945558,2.7024396144,0.00272165976109,7.58207066163,0.00228299974272,0.0608251217069
260,0.105284866943,0.191566639517,-0.545821299262,2.7144833372,0.00273370348389,12.5017273709,0.0184118596199,0.0632532861741
261,0.0756047320704,0.201371490031,-0.612121844507,2.70984086399,0.00272906101068,5.65294050513,-0.00845934853889,0.0590522308866
262,0.0710066257942,0.19659205656,-0.541294448046,2.69490984701,0.0027141299937,4.95164311236,-0.012565703013,0.059195005648
263,0.0955634219867,0.192924469468,-0.480166848318,2.71076803932,0.00272998818601,9.73074516198,0.0107595220525,0.0616120513716
264,0.0781544035975,0.192844569252,-0.476398941951,2.7059072716,0.00272512741829,6.07537927982,-0.00639367157065,0.0718239616259
265,0.096159850755,0.191987133382,-0.492211764452,2.71619486828,0.00273541501497,9.88367968185,0.00986646265185,0.0645474389042
266,0.0537916262708,0.209063523353,-0.593165539438,2.70921841445,0.00272843856115,2.9053006466,-0.0268100463608,0.0645081166391
267,0.0821648754054,0.186955742092,-0.541009338198,2.70010936387,0.00271932951056,6.7924893839,-0.00300446975198,0.0610536738513
268,0.112477222191,0.194548552124,-0.573928071894,2.71474611412,0.00273396626081,14.9820574482,0.0260558929482,0.0594316772135
269,0.0994263803957,0.190279631406,-0.54108654735,2.71023846781,0.0027294586145,10.7591612244,0.0116348400211,0.0617037629165
270,0.0691384280101,0.214472236048,-0.61388156394,2.71365750795,0.00273287765464,4.68751004202,-0.0131163299307,0.0610235301451
271,0.0680497351438,0.202040582549,-0.584593066885,2.71699947468,0.00273621962137,4.53882358375,-0.0140586213028,0.0564657905842
272,0.0926785639594,0.188479792583,-0.480863405645,2.7063637424,0.00272558388909,9.01972257551,0.00735273405375,0.0611461251278
273,0.118041566063,0.196721328222,-0.493696477255,2.70151736024,0.00272073750694,17.1958786462,0.0313143536984,0.0629638697724
274,0.0874482392582,0.189691485635,-0.485463821976,2.70186578028,0.00272108592697,7.84450018829,0.00159287704089,0.0600602338209
275,0.0885681262041,0.201243759226,-0.609311358406,2.71301836538,0.00273223851207,8.08440341389,0.00555968259228,0.0620714815793
276,0.073269890444,0.206909160811,-0.610806177904,2.70889358851,0.00272811373521,5.28745123168,-0.0089591838206,0.0678324665863
277,0.0704880852085,0.201394851377,-0.516397544822,2.71915610466,0.00273837625135,4.87717035828,-0.0121304248124,0.0612380390147
278,0.0720061389432,0.199622485612,-0.631651053305,2.70258121867,0.00272180136536,5.09776130445,-0.0118446451222,0.0627856264597
279,0.0807293376177,0.200651510227,-0.558459655042,2.70318385654,0.00272240400324,6.52812155717,-0.0025067635386,0.0644183133221
280,0.0691874288507,0.191000286562,-0.546625325057,2.7030596863,0.00272227983299,4.69429171466,-0.0143137009003,0.0598246487962
281,0.0808431791057,0.199081494768,-0.513774200303,2.70766167434,0.00272688182103,6.54876767685,-0.00264802060151,0.0611218090601
282,0.0703736262117,0.20000138142,-0.477412421076,2.71077843406,0.00272999858076,4.86085291092,-0.0138224626699,0.0650059493568
283,0.0892235261526,0.187122139039,-0.57022102082,2.70913843477,0.00272835858146,8.22769329087,0.00286408382675,0.0592814830762
284,0.102424072725,0.184593536849,-0.558070653586,2.70299961599,0.00272221976268,11.621874572,0.0150365632141,0.0565815339412
285,0.0804384199504,0.189417144566,-0.525548314213,2.70054341426,0.00271976356095,6.47560753618,-0.00562214500159,0.0576442088445
286,0.0800874656081,0.194702157037,-0.593838888942,2.70438628798,0.00272360643468,6.41272488582,-0.0053857943783,0.0555824124911
287,0.0601918050751,0.201715864094,-0.575450142813,2.71989647222,0.00273911661892,3.57120045432,-0.0222050918876,0.064995566845
288,0.123215022705,0.190884682015,-0.507940486147,2.70278509061,0.0027220052373,19.5165611189,0.0341085663567,0.0599462099249
289,0.0694947602563,0.196973790593,-0.570986737346,2.71292266303,0.00273214280972,4.7370037567,-0.0141474610187,0.061281407842
290,0.0731099578093,0.197759138512,-0.552557143414,2.72005991575,0.00273928006244,5.26313533977,-0.0115372362931,0.0599255710611
291,0.0772663656924,0.194916871776,-0.496606762902,2.70162110509,0.00272084125179,5.92539999633,-0.00659687524401,0.0621353791902
292,0.0671178643584,0.195767512681,-0.534762065097,2.69928292745,0.00271850307414,4.4145300786,-0.0168696134226,0.0559669763914
293,0.0898356043478,0.199548843259,-0.563902615941,2.71900916471,0.0027382293114,8.36347241968,0.00685493474368,0.0682231804666
294,0.075261389666,0.198088694718,-0.587032985468,2.71124450475,0.00273046465144,5.59794178486,-0.00972814581043,0.057812201336
295,0.0939365395366,0.196270598149,-0.519920968035,2.71039076959,0.00272961091628,9.32401737596,0.00738692158805,0.0613030874174
296,0.065400112663,0.198950317065,-0.59616558121,2.71708437112,0.00273630451781,4.19240860075,-0.0164584627982,0.0594494449205
297,0.081632221784,0.200685000345,-0.516033980418,2.69945142877,0.00271867157546,6.69337105244,-0.00175657771085,0.0623031981793
298,0.0896026320404,0.186706755793,-0.4231227294,2.70352418957,0.00272274433626,8.31156656472,0.00424539775707,0.061784504814
299,0.0773912414442,0.193268715561,-0.573640042928,2.70848442534,0.00272770457203,5.94630381074,-0.00676995146987,0.0577961201293
300,0.0956526058243,0.195316445898,-0.549355197315,2.70849754607,0.00272771769276,9.7534813019,0.0098431355802,0.0629102771167
301,0.102219525114,0.192541124033,-0.531722347075,2.70094618244,0.00272016632913,11.5611228194,0.0149663847751,0.0590975213135
302,0.072880815055,0.195509731042,-0.474208472215,2.71567739633,0.00273489754302,5.22845438145,-0.0102139591564,0.0615158398276
303,0.0698171277118,0.198292052683,-0.466428917219,2.70477333729,0.00272399348398,4.78213643901,-0.0131911846907,0.0630536783216
304,0.0823512542296,0.189904454696,-0.508903112019,2.71275455708,0.00273197470378,6.82746061081,-0.00188031543026,0.0595750876754
305,0.0841840171523,0.189336044641,-0.547097646037,2.70759294814,0.00272681309483,7.17948709576,-0.00230905173035,0.057554763981
306,0.0583377184335,0.19746188251,-0.551158858905,2.69963536698,0.00271885551367,3.36782110234,-0.0237403011773,0.055959868557
307,0.076197000149,0.193749899417,-0.498765774058,2.69419194504,0.00271341209174,5.74885135781,-0.00854993916431,0.0614514537147
308,0.053865163728,0.205361229825,-0.600218146036,2.71476623802,0.00273398638471,2.91239288707,-0.0280277726735,0.064919762017
309,0.0940415282042,0.199101618035,-0.547918716409,2.70807694247,0.00272729708916,9.34981123722,0.00979017867255,0.0630266522914
310,0.0818763400171,0.191579732645,-0.533549231889,2.70204693004,0.00272126707673,6.73864613671,-0.00356105520939,0.0577932051605
311,0.089262513448,0.192825190807,-0.526316916937,2.70780343125,0.00272702357795,8.23628520237,0.00404264756308,0.0587700723741
312,0.069138597278,0.197135284005,-0.475584450762,2.71198783172,0.00273120797841,4.68753345517,-0.0142780482774,0.064642748065
313,0.0791809173789,0.195611892976,-0.54716229968,2.70580012895,0.00272502027564,6.25263787832,-0.00561455551743,0.0560890620514
314,0.0870490739865,0.203653983156,-0.612630403696,2.70983293007,0.00272905307676,7.76047255111,0.0027251184829,0.0633957099431
315,0.0992665195115,0.188498459895,-0.517311184889,2.70831345793,0.00272753360462,10.714784073,0.0119101718676,0.061504684324
316,0.0887767861168,0.206580992132,-0.565921931464,2.71254922434,0.00273176937103,8.12978890343,0.00422179414531,0.0640888997573
317,0.102742341336,0.190099033352,-0.517643045085,2.70601821636,0.00272523836305,11.716964239,0.0148726432322,0.0575546928027
318,0.0849046174125,0.192515327385,-0.543012075622,2.71793099409,0.00273715114078,7.32202364821,0.000558584953175,0.0592869911869
319,0.097321715341,0.191473774922,-0.475259029021,2.70505323578,0.00272427338247,10.1876412289,0.0117451486944,0.0600680738286
320,0.0800815145367,0.208438463017,-0.627566570463,2.72028431711,0.00273950446381,6.41166299364,-0.00159600524098,0.0664887577371
321,0.0922219475499,0.201145575277,-0.601400962643,2.7095579432,0.00272877808989,8.91141870907,0.0065635052519,0.0616236645597
322,0.0711864696227,0.189436184998,-0.443477671338,2.70820130139,0.00272742144808,4.97768355606,-0.0128397491445,0.0608051788844
323,0.0599118021353,0.19972210569,-0.587847149349,2.70420515598,0.00272342530268,3.5399129109,-0.0216428954225,0.0586038618224
324,0.0686782986418,0.195358040098,-0.580949582887,2.71226756724,0.00273148771393,4.62420625766,-0.0150237566151,0.0642317854581
325,0.0787929289417,0.188118347213,-0.557593687381,2.71645783645,0.00273567798314,6.18514372889,-0.00587581777265,0.0594032108442
326,0.0720080144356,0.207520044504,-0.603370060735,2.70990588408,0.00272912603077,5.09803869661,-0.01069353138,0.0605485006352
327,0.0904158589657,0.199537583189,-0.522301233934,2.70922111693,0.00272844126362,8.49396444526,0.00572717498945,0.0611899225553
328,0.101618630804,0.187428258492,-0.504220582142,2.71249576725,0.00273171591394,11.3842757814,0.0142478653297,0.0594419972207
329,0.0855883812641,0.20179853918,-0.565589176938,2.71391016497,0.00273313031166,7.45948010261,0.00339283401019,0.0689456117017
330,0.064508458207,0.197371210817,-0.556909446185,2.70321725013,0.00272243739682,4.08059053857,-0.0186944929064,0.0595680759265
331,0.088309204307,0.199325983504,-0.495564821143,2.71724147159,0.00273646161828,8.02838703676,0.00369191128228,0.0667934294981
332,0.0734702172695,0.195580686566,-0.586802031231,2.71055259963,0.00272977274633,5.31803666662,-0.0107688081897,0.0560547664916
333,0.0791900907999,0.196860820463,-0.512273959148,2.70941219572,0.00272863234241,6.25424103298,-0.00415745722744,0.0655463814189
334,0.0698634129289,0.208791318683,-0.625086987857,2.71461269798,0.00273383284467,4.78864450888,-0.0126701991272,0.0607205402516
335,0.0772658845457,0.204063100028,-0.627410791981,2.70182532917,0.00272104547586,5.92531957097,-0.00527812883377,0.0625867730074
336,0.0824811614526,0.202175868323,-0.540773146698,2.71213620934,0.00273135635603,6.85192497418,-0.00242911241886,0.0589283321939
337,0.0898442146322,0.194577155352,-0.553932470915,2.71415081316,0.00273337095985,8.36539609843,0.00412559033255,0.057884063656
338,0.0934995573147,0.188581504276,-0.516319717653,2.71358271344,0.00273280286013,9.2173210548,0.00631145488848,0.0567008229376
339,0.075670389657,0.194296288961,-0.474466673122,2.70925597201,0.00272847611871,5.66350803533,-0.00865321007782,0.063718870432
340,0.0691529733046,0.194647521451,-0.598037658142,2.7132021129,0.00273242225959,4.68952228691,-0.0147003604243,0.0598372198333
341,0.067084135733,0.209297420211,-0.638596456618,2.70472930069,0.00272394944738,4.41008200823,-0.0143414228262,0.0675815687204
342,0.0412785631005,0.196269765608,-0.591618031859,2.72817175562,0.00274739190231,1.86262306359,-0.0409112068013,0.0563219832816
343,0.0748182598284,0.192763866249,-0.532389581086,2.70775161825,0.00272697176494,5.52760445242,-0.0098942811888,0.0612930074292
344,0.0975431038504,0.191481039185,-0.510999032579,2.69829867051,0.0027175188172,10.2464783681,0.0107460591427,0.0550587123983
345,0.0789627681895,0.192094900146,-0.541641327844,2.71221845845,0.00273143860515,6.21461416646,-0.0049558798435,0.065285276884
346,0.0790755016901,0.196685475425,-0.573639399968,2.70465430833,0.00272387445502,6.234239778,-0.00489820993745,0.0631194232631
347,0.0840670751177,0.192552234155,-0.558325053777,2.70902832334,0.00272824847003,7.15657818391,-0.00167130545863,0.0633766598438
348,0.0794663897865,0.19130345204,-0.51464099609,2.69950778034,0.00271872792703,6.30268727691,-0.00587162083658,0.0613735759742
349,0.0827290577412,0.190634021936,-0.497200414465,2.70603512619,0.00272525527289,6.8988134167,-0.00182438155804,0.0628707113284
350,0.0803657390774,0.191680079484,-0.516283828321,2.69840957571,0.0027176297224,6.4625428898,-0.00460144891127,0.0573774818993
351,0.0719727676239,0.202146804722,-0.583051424449,2.71658529928,0.00273580544598,5.09282759303,-0.0104419224169,0.0640526785325
352,0.0693592016145,0.187131235488,-0.528597812205,2.7050763089,0.00272429645559,4.71812636775,-0.0150679967189,0.0598596498274
353,0.0775648611528,0.201047416888,-0.513232778836,2.71026684509,0.00272948699178,5.97546805232,-0.00639515661117,0.0628557418251
354,0.0819349328051,0.202929909036,-0.608271180583,2.71196047036,0.00273118061705,6.7495510394,-0.00200637167572,0.0679566602733
355,0.0764032164789,0.195878681009,-0.547212971469,2.71759134792,0.00273681149461,5.78255664092,-0.00795296968696,0.0612153878502
356,0.0835005256385,0.193488853284,-0.504266225489,2.70300428422,0.00272222443091,7.04646197797,-0.002062368879,0.0611483555137
357,0.0741281958859,0.195813196889,-0.578938366598,2.70851780365,0.00272773795034,5.41950519689,-0.00901704155692,0.0619153827075
358,0.0762584735013,0.193062062225,-0.536738957432,2.70959192013,0.00272881206682,5.75888205998,-0.00876969547154,0.0588782426763
359,0.0867767226638,0.199070117466,-0.509667600693,2.71637656835,0.00273559671504,7.70358142962,0.00302015758015,0.0642514669028
360,0.0887091322544,0.193131008454,-0.529454302432,2.70547790097,0.00272469804766,8.11504972127,0.00238760563057,0.0588733351831
361,0.0928714529452,0.203681138899,-0.599648682632,2.71770737498,0.00273692752167,9.06581457864,0.0082118253825,0.05918980474
362,0.0839258569115,0.198773272375,-0.532962620851,2.71118004021,0.0027304001869,7.12899580646,-0.00161812428676,0.0608139960557
363,0.0884874771042,0.18839260335,-0.499058263674,2.70592770234,0.00272514784903,8.06691967267,0.00229597157139,0.0583911891799
364,0.0767496982502,0.18078347087,-0.472839966237,2.70443618886,0.00272365633555,5.8395525331,-0.00957256506079,0.0594225526195
365,0.0873740188565,0.195293650407,-0.521221639317,2.71761899361,0.0027368391403,7.82881774515,0.00373298571309,0.0628350038746
366,0.0981542191289,0.188069666638,-0.504445172577,2.70178336852,0.00272100351521,10.4104392091,0.0111339355087,0.0596337684178
367,0.0748892863085,0.204153745192,-0.592380167391,2.72370488652,0.00274292503321,5.53882965276,-0.00824008060761,0.0645566133112
368,0.0483823415528,0.190319959224,-0.607923174753,2.70022207454,0.00271944222123,2.41617585985,-0.0341589097775,0.056061991989
369,0.0700197944738,0.188507031585,-0.522440147354,2.70480928777,0.00272402943446,4.81068513924,-0.0136905197964,0.0640470916295
370,0.071159306837,0.193537896512,-0.510859821679,2.70694672747,0.00272616687416,4.9737435154,-0.0138009038122,0.0582432533979
371,0.0810431729636,0.194079234932,-0.50234461673,2.70401865289,0.00272323879958,6.58517016937,-0.00394955999973,0.0561871521448
372,0.0729163052955,0.209014590733,-0.607024650212,2.70824276255,0.00272746290924,5.23381374924,-0.00997734030086,0.0593596115872
373,0.0669536413976,0.191740404801,-0.507261933701,2.69271660848,0.00271193675517,4.39290572125,-0.0165507424639,0.0669953046634
374,0.081253627896,0.212441932934,-0.622920203643,2.72218853916,0.00274140868586,6.62365901384,-0.00128492348857,0.0629355402466
375,0.0691736486949,0.207964322814,-0.662908055964,2.71361271395,0.00273283286064,4.69238376796,-0.0131247404684,0.0553477847023
376,0.101025662003,0.196695582984,-0.487828844514,2.71693102844,0.00273615117514,11.2121095809,0.0149212149979,0.0625242343938
377,0.0926986193416,0.186499293878,-0.499166214524,2.71149539513,0.00273071554183,9.02450546205,0.00605624876062,0.0616597817898
378,0.070992476926,0.187250173023,-0.478495572877,2.71029430285,0.00272951444955,4.94959906516,-0.0128360239848,0.0659996874928
379,0.0881930713135,0.187028073418,-0.509669037395,2.70702453457,0.00272624468126,8.00337031003,0.00106225158767,0.0622861510143
380,0.0806503506837,0.193495913282,-0.54729622813,2.71158600381,0.0027308061505,6.51382852351,-0.0054274925272,0.0548981865088
381,0.0840506462933,0.196988395678,-0.584895896083,2.69854796974,0.00271776811643,7.1533647285,0.000502437416076,0.0591306203353
382,0.0701821009321,0.192685621706,-0.478097981372,2.70822742389,0.00272744757058,4.83364616372,-0.0135543750875,0.0610213707897
383,0.065844196787,0.202762227771,-0.506100049144,2.70829216862,0.00272751231531,4.24897807734,-0.0169792059869,0.0635812418222
384,0.0920836328501,0.193069917722,-0.461911830074,2.7018988441,0.0027211189908,8.8788348796,0.00665420700336,0.0571410698011
385,0.07301500594,0.202820435683,-0.574976168934,2.70843199234,0.00272765213903,5.24874182007,-0.0115234811776,0.0611315083362
386,0.0760274839036,0.191325870671,-0.494051715241,2.70357652373,0.00272279667043,5.72126523161,-0.00844120700235,0.0587208992456
387,0.0734821305405,0.194422873611,-0.531742697291,2.70645805221,0.0027256781989,5.31986005686,-0.0102884391701,0.0597952055929
388,0.0598126801169,0.20249644062,-0.573250689476,2.71494411761,0.0027341642643,3.52888644055,-0.0220996204986,0.0617392948391
389,0.0977864470214,0.183230166601,-0.422932396334,2.70301800793,0.00272223815462,10.3114935083,0.0106393024058,0.0604336854702
390,0.0882893422196,0.196072167356,-0.567134215906,2.71164652831,0.00273086667501,8.02410372298,0.00338866265872,0.059984470888
391,0.0782413204558,0.196003828627,-0.516612894335,2.70635864793,0.00272557879463,6.0902251864,-0.00569383651363,0.0584036544692
392,0.0802903797266,0.200268717178,-0.502985384703,2.72334478229,0.00274256492898,6.44901996121,-0.00140744982306,0.0657932310034
393,0.0878518626961,0.203580932093,-0.56808765312,2.70331902155,0.00272253916825,7.93025404286,0.00359459382117,0.0612935673719
394,0.103821278772,0.200643952329,-0.486731245281,2.71341436274,0.00273263450943,12.0444728655,0.0170384369281,0.0583388727569
395,0.0703019392702,0.198177356467,-0.544041453813,2.70745963516,0.00272667978186,4.85065530719,-0.0128781544098,0.0616194110672
396,0.0756270463817,0.195217001732,-0.532375489914,2.71500056581,0.0027342207125,5.65653016474,-0.00882551596249,0.0611746532462
397,0.0884133441484,0.201985930095,-0.623690083145,2.69976901868,0.00271898916537,8.05087709477,0.00399155898716,0.0619018477251
398,0.0806667376639,0.185148916197,-0.472505589034,2.70776961694,0.00272698976363,6.51679167292,-0.00475373625268,0.0577808282283
399,0.0721949731176,0.190528059539,-0.497736438796,2.71647953463,0.00273569968133,5.12575154079,-0.012007323245,0.066182330748
400,0.0804519202492,0.202376842583,-0.502871712606,2.71869367611,0.0027379138228,6.4780366838,-0.00167017923518,0.0642674110424
401,0.0835637530038,0.201530554366,-0.594459897745,2.71213044097,0.00273135058767,7.05867980507,0.00115482016027,0.0658783751961
402,0.0769652428666,0.188198889846,-0.439071267216,2.70764152215,0.00272686166884,5.87524145939,-0.00909420824594,0.0639406189879
403,0.0924845178587,0.191793003796,-0.481823376007,2.70161875482,0.00272083890151,8.97355887785,0.00689617650603,0.0598588732427
404,0.0799928316996,0.192689744808,-0.587082580218,2.70206910241,0.0027212892491,6.3958560019,-0.00477855245892,0.0580968716136
405,0.0865388077363,0.198774013689,-0.498819328511,2.70200070381,0.0027212208505,7.65417453828,0.00185158603987,0.0594453096485
406,0.0628343307479,0.206951939061,-0.65124394163,2.69889596072,0.00271811610741,3.8768697611,-0.0198118408915,0.0589820237425
407,0.0738356881725,0.183742933493,-0.539995511268,2.70284113621,0.0027220612829,5.37420487857,-0.0120391677648,0.0643564799209
408,0.081266330995,0.196370736611,-0.640726401624,2.69957551237,0.00271879565906,6.62598820731,-0.00350110486504,0.0588875921195
409,0.0867020718224,0.194020350994,-0.532586246249,2.71053991596,0.00272976006265,7.68804984678,0.00147485396844,0.0600467596431
410,0.0816056570983,0.192074655633,-0.489342014219,2.710309857,0.0027295300037,6.6884596601,-0.00406398485275,0.0610493377318
411,0.0820785194692,0.192639195772,-0.551658172197,2.70186882473,0.00272108897143,6.77633694793,-0.00289901935534,0.0632256642183
412,0.0971104580502,0.196864716887,-0.492792815739,2.70799599375,0.00272721614044,10.1317726483,0.0123293128502,0.0642097739978
413,0.0863891678249,0.18813490746,-0.493240459523,2.71008261729,0.00272930276398,7.62323765524,0.0019567386151,0.0589952606189
414,0.0939995602723,0.205053860266,-0.614034462272,2.71800990081,0.0027372300475,9.33949303205,0.00978658339828,0.0638857917279
415,0.0645892946045,0.198217277834,-0.53654220849,2.70604887853,0.00272526902522,4.09063162169,-0.0180436343736,0.0605650314346
416,0.0861384176694,0.189796426917,-0.522349864062,2.71117697612,0.00273039712282,7.571635268,0.000329550128304,0.0564506157338
417,0.0832540921992,0.182231052221,-0.494903181504,2.69947864871,0.0027186987954,6.99901184837,-0.00242298096009,0.0639518299981
418,0.0776770244733,0.20678298174,-0.669859773721,2.7005775947,0.00271979774139,5.99437155171,-0.0045150117872,0.0649582339242
419,0.0783813928222,0.190948624199,-0.520499186895,2.71208848432,0.00273130863101,6.11421341429,-0.005561819402,0.0594557622321
420,0.090743977894,0.200536142747,-0.539201579145,2.71346506069,0.00273268520738,8.56852642707,0.00674402474105,0.0668261252312
421,0.0744387433564,0.20412546686,-0.53841180222,2.72008503247,0.00273930517916,5.46793804905,-0.00815527491327,0.0647443264421
422,0.07999334096,0.196853134369,-0.589633867408,2.71535599683,0.00273457614352,6.39594668081,-0.0039362386666,0.062449283837
423,0.0734242918154,0.199302940007,-0.572892235825,2.71694955326,0.00273616969996,5.31101226122,-0.0106795128227,0.0541559071266
424,0.0911614895299,0.195362705414,-0.54745765052,2.709904535,0.0027291246817,8.66421641792,0.00596185819605,0.0588987847068
425,0.0925786399313,0.187948425081,-0.529478583972,2.69876704646,0.00271798719315,8.99592498285,0.00657661289656,0.058940722656
426,0.0962105323759,0.189625418487,-0.558429869949,2.71189388819,0.00273111403489,9.8967714891,0.0104673419989,0.0609509802958
427,0.0725829518443,0.199931806719,-0.61198257294,2.712705384,0.00273192553069,5.18364846371,-0.0110242573847,0.0641602622168
428,0.110617109859,0.197801907005,-0.55221957001,2.70491086253,0.00272413100922,14.3015606926,0.0234725508971,0.0626088724229
429,0.0908342918991,0.200614989459,-0.561645323261,2.70179964607,0.00272101979276,8.58914806413,0.00529098847871,0.0601929242552
430,0.0666565276853,0.188744747138,-0.520877432775,2.72165360807,0.00274087375476,4.35399358079,-0.0173697491293,0.0551330276978
431,0.0949930993381,0.193107044354,-0.536181900957,2.71114968104,0.00273036982773,9.58643876725,0.00858351193909,0.0620385282367
432,0.0788285226627,0.19804628259,-0.627966910846,2.7068029543,0.002726023101,6.19131033358,-0.00504865906918,0.0537495793198
433,0.0744184365897,0.195876589927,-0.499833667538,2.71100081817,0.00273022096486,5.46476030744,-0.011166470503,0.0574638475805
434,0.0915831125668,0.197924992007,-0.500902162625,2.71046106551,0.0027296812122,8.76178215475,0.00666521199938,0.0583921822211
435,0.0864202777125,0.198515778182,-0.482406174114,2.71351121886,0.00273273136555,7.62966061286,0.00283812669274,0.064311920839
436,0.092935715172,0.200258796581,-0.621056293098,2.7047251567,0.0027239453034,9.08121565562,0.00964683579221,0.0678060607604
437,0.0822720942929,0.195386588314,-0.448489345628,2.71297004703,0.00273219019372,6.81258902404,-0.00274214884089,0.0583427063125
438,0.0739847282739,0.200764347546,-0.502567449819,2.71260124072,0.00273182138741,5.39724799525,-0.00864741956103,0.0689738471055
439,0.0753867123374,0.193246233011,-0.519250925423,2.70704676902,0.00272626691572,5.61796589228,-0.00918386543767,0.0651587531415
440,0.0764853887911,0.207839948357,-0.658984033041,2.71355948364,0.00273277963034,5.79603244429,-0.00543762866786,0.0611236091886
441,0.0826899193746,0.19191614326,-0.588422584573,2.71546165783,0.00273468180453,6.89139271902,-0.00140180120755,0.0588566663467
442,0.0806544897897,0.195338808165,-0.470514645081,2.70791231283,0.00272713245952,6.51457686467,-0.00486447765548,0.0610822629291
443,0.0869887062705,0.189744963007,-0.502118463055,2.70178240731,0.002721002554,7.74783165449,0.00095662439717,0.0574256776641
444,0.0584975051336,0.209720541049,-0.643942344307,2.70952376285,0.00272874390955,3.38500007889,-0.02297734665,0.0674372408492
445,0.0801571651639,0.199964798641,-0.50470787514,2.71117043119,0.00273039057788,6.42517277057,-0.00354143498464,0.0655543458593
446,0.0738565911486,0.189674048617,-0.508844353436,2.7098410557,0.00272906120239,5.37743187291,-0.0112654912509,0.0598307963865
447,0.0789651401405,0.199113002982,-0.497590483784,2.70103840702,0.00272025855371,6.21502656821,-0.0064094705748,0.0576602506589
448,0.0724699415735,0.19489020777,-0.512133550815,2.70913660334,0.00272835675003,5.16673018696,-0.0103750172829,0.0647772338392
449,0.0861273812744,0.189766436898,-0.488143576224,2.70724698827,0.00272646713497,7.56937090112,-0.000228613560758,0.0647074751441
450,0.0957499446489,0.18618679966,-0.564866632789,2.70754738262,0.00272676752932,9.77834930486,0.00945462043016,0.057649009062
451,0.0936054769948,0.188007321108,-0.534363779465,2.70692043432,0.00272614058101,9.24308529023,0.00760846391646,0.0549621050136
452,0.0820871145364,0.191168550039,-0.496489730392,2.70605353492,0.00272527368161,6.77794316748,-0.00282160185444,0.0595378420306
453,0.0848670101124,0.192883895475,-0.539484145861,2.70648250432,0.00272570265101,7.31452612917,-0.000583285516394,0.0549164791592
454,0.0842717092431,0.197588696618,-0.556930864916,2.71545833894,0.00273467848563,7.19670653021,0.000283568559753,0.0621398445512
455,0.0793306751331,0.198160632269,-0.524682175385,2.71045599618,0.00272967614287,6.27885233311,-0.00480118546867,0.0614919942924
456,0.0833790325514,0.192743877982,-0.576358006776,2.71416731467,0.00273338746136,7.02303506926,-0.00192138322923,0.0601883944193
457,0.0649010181939,0.197098005311,-0.551518501636,2.7046027128,0.0027238228595,4.12953129352,-0.0197220438081,0.0580079772673
458,0.073872874407,0.191179061449,-0.511232788109,2.71180213678,0.00273102228348,5.37994676522,-0.011225913306,0.0561696494318
459,0.0900062095921,0.190306253908,-0.598891209558,2.71069319338,0.00272991334007,8.40165933964,0.0044583379818,0.0598129569716
460,0.0857898793978,0.189752618358,-0.505909773461,2.71699972124,0.00273621986793,7.50040180932,0.00105713728757,0.0623423325763
461,0.0704999504237,0.20775020877,-0.620997075785,2.70661419548,0.00272583434218,4.87886437795,-0.0118987091886,0.0677779036982
462,0.0726918275388,0.196837889143,-0.534284785854,2.71007074123,0.00272929088792,5.19998997568,-0.01089758024,0.0593098066862
463,0.0575975945826,0.193088590784,-0.552687187516,2.6954130628,0.00271463320949,3.2890894798,-0.0257410560673,0.0593938741555
464,0.0633548260538,0.183629222522,-0.520811443157,2.70229496855,0.00272151511524,3.93935099416,-0.0216574483403,0.0598621028994
465,0.0725031759025,0.196862454195,-0.550996238667,2.70607261662,0.00272529276331,5.1717009286,-0.0110744358596,0.0574403058938
466,0.0798045003051,0.191250188943,-0.530294664095,2.70614674446,0.00272536689115,6.36239491207,-0.0054108356911,0.0570625420991
467,0.0970930773672,0.20123263696,-0.533448713759,2.7119881272,0.00273120827389,10.1271881584,0.0110277885353,0.0598130280334
468,0.0933785304305,0.192971805323,-0.522359657874,2.72068216905,0.00273990231574,9.18795837158,0.00662568722985,0.0665717792761
469,0.0652638463626,0.202325687916,-0.570470767231,2.71345264406,0.00273267279075,4.17516823077,-0.0167032809178,0.0620714686157
470,0.0834122498583,0.193147841994,-0.479339457732,2.71045321613,0.00272967336282,7.02943367517,-0.0010248103514,0.0612174826348
471,0.0975384772834,0.197325022866,-0.548557917636,2.70910732008,0.00272832746677,10.245245754,0.0132981681167,0.0631352540449
472,0.0735197337834,0.195131183197,-0.567877709602,2.71490722128,0.00273412736797,5.32561875535,-0.0103740041456,0.0622430957607
473,0.0907921254562,0.188100486544,-0.462239920559,2.71436400124,0.00273358414793,8.57951477538,0.00594991296484,0.0661498919951
474,0.0531541990789,0.193976155361,-0.555993374285,2.71295677693,0.00273217692362,2.84434048946,-0.029620053953,0.0556987440325
475,0.0815587324024,0.188414591762,-0.476725855299,2.70114790998,0.00272036805667,6.67979138759,-0.00444662430053,0.0607554491591
476,0.0998337299584,0.195735915152,-0.572939819391,2.70574109709,0.00272496124378,10.8729728062,0.0143268000222,0.0652407122504
477,0.0819849121091,0.191708669341,-0.491751095396,2.70455250277,0.00272377264946,6.75886453312,-0.00262941017485,0.0597316433891
478,0.0780995256993,0.202763168776,-0.636573571836,2.71150635246,0.00273072649916,6.06602121308,-0.00456402964639,0.0624239532632
479,0.065921672409,0.199942196183,-0.598673835906,2.71672035345,0.00273594050014,4.25890779725,-0.0159648300866,0.0655973967011
480,0.0813996167208,0.191291051158,-0.490710019017,2.71629817949,0.00273551832618,6.65046827807,-0.00302854791006,0.0568267635367
481,0.059358192615,0.199703359438,-0.578596856919,2.71780606463,0.00273702621132,3.47865749324,-0.0229641288456,0.06475912364
482,0.0823938716157,0.20625152958,-0.634538360061,2.71632253377,0.00273554268046,6.83547830466,-0.00154875492645,0.063051191653
483,0.0863785877094,0.195243876373,-0.543420919979,2.69805589348,0.00271727604017,7.62105432878,0.00234829433281,0.0607204317381
484,0.0756955556374,0.182241586276,-0.481793887836,2.70063621251,0.0027198563592,5.66756275467,-0.0109863881343,0.0602214890968
485,0.0803009210132,0.193670492241,-0.564232631744,2.70885782692,0.00272807797362,6.45091013372,-0.00406890450291,0.05963342735
486,0.0793757880935,0.20064908765,-0.563372734032,2.7057478353,0.00272496798199,6.28676700403,-0.00487079156353,0.0639546872303
487,0.095840585858,0.198345241501,-0.532746122716,2.70878356117,0.00272800370786,9.80155592287,0.010957365003,0.0623610154248
488,0.063678203519,0.19718667911,-0.501892419292,2.7028132268,0.00272203337349,3.97855672339,-0.0190769122051,0.0615907096706
489,0.0947940388982,0.195435250461,-0.540598955463,2.71296905054,0.00273218919723,9.53651204531,0.00825483877585,0.0605742947207
490,0.101403307767,0.206958391389,-0.570803965526,2.71668800961,0.0027359081563,11.3214894274,0.0160524449701,0.0612512182927
491,0.075052779983,0.200410675784,-0.571364939076,2.71700964046,0.00273622978715,5.56473917709,-0.00898706533002,0.0615808694554
492,0.0857705290517,0.19356799015,-0.508811193801,2.71434052231,0.002733560669,7.49646375349,0.000938951357208,0.0587640195211
493,0.0674926067145,0.198862031446,-0.567422691524,2.71019774462,0.00272941789131,4.46418760193,-0.0155083085,0.0580676148621
494,0.0722316840317,0.202133678519,-0.612189158638,2.71705721579,0.00273627736249,5.13120739703,-0.0124076139157,0.0624082220025
495,0.0808635193724,0.194286172322,-0.5387807752,2.70605842183,0.00272527856852,6.55246228513,-0.00298639088609,0.0558744090106
496,0.0702593494983,0.199588596276,-0.57573482655,2.72374537158,0.00274296551827,4.84460491244,-0.0129502890509,0.0611163277765
497,0.0757708285246,0.194790785473,-0.54842880723,2.7106886461,0.00272990879279,5.67970481735,-0.00928430948406,0.0545504821191
498,0.0531774108698,0.205239212178,-0.632932855109,2.71477245035,0.00273399259705,2.84654419928,-0.0277092664002,0.0655791619762
499,0.0679744018208,0.190504888102,-0.512191162472,2.70272741914,0.00272194756583,4.52867450747,-0.0162436487167,0.0636946228015
500,0.0887119615463,0.203760216882,-0.617394493431,2.70353035757,0.00272275050427,8.11566565679,0.00473432521864,0.0649446969496
501,0.0971476829604,0.193164218176,-0.52049935883,2.70718304037,0.00272640318706,10.1415975466,0.0120163615591,0.0625255095313
502,0.0845416619876,0.190220674114,-0.472790046066,2.70665217116,0.00272587231785,7.24993420197,-0.000678496785537,0.0626037822216
503,0.100648487568,0.18748852284,-0.500754156159,2.70069973604,0.00271991988274,11.1037984619,0.0131923260559,0.0531170560433
504,0.0594662452066,0.188582424037,-0.540629321274,2.70612342336,0.00272534357005,3.4905504617,-0.024933688012,0.062662300612
505,0.0801413144307,0.197835351149,-0.568210770096,2.70834779511,0.0027275679418,6.42234016883,-0.0027085853552,0.0627042487172
506,0.0944364933732,0.201595241501,-0.533947653298,2.71369650523,0.00273291665192,9.4474033707,0.00899159801844,0.0574246851686
507,0.0949837732078,0.201254346659,-0.607989873936,2.70885243074,0.00272807257743,9.58409459263,0.00926251256823,0.0594230433705
508,0.0964827316863,0.19113736502,-0.486722112534,2.71145697756,0.00273067712426,9.96734403077,0.010675491216,0.0567915252893
509,0.0860727099511,0.21281193544,-0.675133709369,2.71415295001,0.0027333730967,7.5581623177,0.00382655596743,0.0703240871278
510,0.0712559166101,0.198610477778,-0.542561049103,2.69688635008,0.00271610649677,4.98776840685,-0.013159936665,0.0654747217986
511,0.0652995719919,0.208516290837,-0.638586267908,2.70660211156,0.00272582225825,4.17968289511,-0.0164392552216,0.0617549376081
512,0.0780498543056,0.19148038682,-0.44762176957,2.70538562824,0.00272460577493,6.05756124875,-0.0065003057348,0.0590740336961
513,0.0641874842584,0.193065603698,-0.586175993693,2.7119249788,0.00273114512549,4.04090840831,-0.0186816191353,0.0580731877846
514,0.0638571750941,0.196328539393,-0.503917280262,2.71624868944,0.00273546883613,4.00038337956,-0.0183167403072,0.064719811811
515,0.090171414277,0.19754222961,-0.617641391275,2.72166820298,0.00274088834967,8.43878012551,0.00660395181859,0.0626751993397
516,0.106776949999,0.188802264659,-0.525965979952,2.70252792366,0.00272174807035,12.98373119,0.0193397298763,0.0585996920108
517,0.102386223105,0.187782735175,-0.503445600112,2.70284078423,0.00272206093092,11.6106117681,0.0157231227992,0.0590767377855
518,0.0847772921668,0.192680025642,-0.473862878202,2.7116100938,0.00273083024049,7.29666587542,9.14123852904e-07,0.0536138684179
519,0.0809084132505,0.189196515337,-0.540257728764,2.69206284616,0.00271128299286,6.56062296897,-0.00459002292418,0.0641307663296
520,0.0902649231047,0.190249782962,-0.573825540604,2.71804741826,0.00273726756495,8.45985357559,0.00449105927358,0.0627760434158
521,0.0806230689213,0.187551551286,-0.517306615826,2.70420694666,0.00272342709335,6.5088978339,-0.00500333898437,0.0596966412563
522,0.0782353765877,0.204043871176,-0.626337372874,2.72473911096,0.00274395925765,6.08920898567,-0.00474248601923,0.0609843181075
523,0.0761107822813,0.210038890817,-0.611357716884,2.70974631389,0.00272896646058,5.73480716756,-0.00711985846307,0.0678106796061
524,0.0740578440596,0.196479933589,-0.515529446662,2.70862318051,0.0027278433272,5.40858170506,-0.00948938485221,0.0550432356787
525,0.0803302573051,0.195929670216,-0.494905945003,2.70310579998,0.00272232594667,6.45617289227,-0.00417991589805,0.0633506963092
526,0.0652603160467,0.198397407269,-0.567880454909,2.71466415268,0.00273388429938,4.17472230859,-0.016779127579,0.0574528231029
527,0.0939332985149,0.191651379486,-0.520820174246,2.70431923905,0.00272353938574,9.32322209851,0.00734145251698,0.0576791402942
528,0.103744669357,0.196888916863,-0.532562503145,2.71493587886,0.00273415602556,12.0209532952,0.0172033787195,0.0604853217572
529,0.0858233020356,0.198977713873,-0.555784654031,2.71160867945,0.00273082882614,7.5072078999,0.00183633154395,0.0584752094552
530,0.0727247976666,0.189694332399,-0.57067774791,2.69695753334,0.00271617768003,5.2049467567,-0.0113089423435,0.0632213636152
531,0.0786257363445,0.191529696279,-0.555989542749,2.70717326414,0.00272639341083,6.1562456172,-0.00621205954363,0.0575364956702
532,0.090468577922,0.194219924903,-0.531828232246,2.71207926373,0.00273129941042,8.50590655229,0.00438700686729,0.0604209389494
533,0.0689228005633,0.199820062387,-0.544605661444,2.7213652423,0.002740585389,4.65775956438,-0.0139680512745,0.0603731079596
534,0.0866539371136,0.203402887107,-0.628862103383,2.7096986528,0.0027289187995,7.67804924999,0.00311786742611,0.0643600010112
535,0.0912868640239,0.193893065105,-0.538738915776,2.69597646322,0.00271519660991,8.69313033549,0.00446897685646,0.0558133818655
536,0.0644323376319,0.194903571263,-0.477605520155,2.7078098797,0.00272703002639,4.07115264256,-0.0189935235229,0.0657721578162
537,0.077574389115,0.187410708444,-0.555058257344,2.71071673057,0.00272993687726,5.97707194083,-0.00729460229,0.0577113799991
538,0.0618149136644,0.20016673433,-0.577729913558,2.71837491986,0.00273759506655,3.75669168364,-0.0203234706508,0.0625470021727
539,0.0815628554016,0.200381526835,-0.596191321583,2.71023271031,0.00272945285701,6.6805526414,-0.00194811375355,0.0654891444359
540,0.0825851996492,0.189801267016,-0.489011015263,2.7190442678,0.00273826441449,6.87157063739,-0.0034878666131,0.0599713190481
541,0.0566451239389,0.200048017361,-0.611566598985,2.70900362991,0.0027282237766,3.18977539387,-0.0263684587704,0.0552844945081
542,0.102049805393,0.189650886104,-0.413141163268,2.71472710811,0.0027339472548,11.5109286634,0.0160354023489,0.0622954110844
543,0.105250601277,0.206956390351,-0.604359828616,2.70929927171,0.0027285194184,12.4908480395,0.0196753167719,0.0660265011144
544,0.0636751482186,0.203970702005,-0.578364730203,2.71191080494,0.00273113095164,3.97818490768,-0.019211061592,0.0607633930743
545,0.0599474343041,0.196118910224,-0.534446725953,2.70992516987,0.00272914531656,3.54388298658,-0.0225970841371,0.0608856551082
546,0.0728927606906,0.194653184629,-0.495648737525,2.71154170847,0.00273076185516,5.23025779253,-0.0115293318083,0.0610648720255
547,0.0919300470498,0.205347384615,-0.569903607724,2.71331260025,0.00273253274694,8.84277420997,0.00746170652704,0.0640179943859
548,0.0867973609042,0.206810434906,-0.588113572005,2.70484766143,0.00272406780812,7.70788005551,0.00230627326685,0.0627371361343
549,0.0819879595124,0.196052328115,-0.493670253112,2.71134283471,0.0027305629814,6.75943275558,-0.00279516516909,0.0631819605012
550,0.0883822949303,0.190365964436,-0.461968111044,2.6944580787,0.0027136782254,8.04416607023,0.00255358696303,0.0657171726572
551,0.069273393047,0.197784596081,-0.572060094247,2.71118344478,0.00273040359148,4.70620787252,-0.0136715056049,0.0608001281793
552,0.0655602860337,0.20549545083,-0.615810995303,2.71573264672,0.00273495279342,4.21274429781,-0.014663966086,0.0658409575245
553,0.0913807716668,0.184045273871,-0.444277190051,2.70749366652,0.00272671381321,8.71484182025,0.00541316200232,0.0637601654866
554,0.0909474484985,0.182403149902,-0.478420266001,2.70362964986,0.00272284979655,8.61504572951,0.00314942130713,0.057051151995
555,0.078091036345,0.192728677459,-0.568138993032,2.69963468334,0.00271885483003,6.06457462724,-0.00529397871513,0.0634157445674
556,0.078506954884,0.201052144801,-0.536617818261,2.71850238517,0.00273772253186,6.1357829805,-0.00489700054292,0.0636338301636
557,0.0767641552487,0.195789664512,-0.645127810281,2.71368247386,0.00273290262055,5.84194067526,-0.00719198395014,0.0574217939758
558,0.0709482025464,0.198067985021,-0.65481047282,2.71066320539,0.00272988335208,4.94320723006,-0.0126295760499,0.0620499425079
559,0.0832303293462,0.197153574607,-0.592267516255,2.70647813036,0.00272569827706,6.99445062114,-0.00109930123019,0.0633759228513
560,0.0981649307753,0.196323185844,-0.540165852563,2.706869927,0.00272609007369,10.413333515,0.0129699908374,0.0586594229663
561,0.0776769519584,0.199394979442,-0.500323234669,2.71162824739,0.00273084839408,5.99435931446,-0.00371129858178,0.0657453201383
562,0.0788801416116,0.185274519453,-0.487038628862,2.70856075189,0.00272778089858,6.20026234781,-0.00724660235256,0.0576125907674
563,0.0857631603016,0.197237530895,-0.638761995303,2.70287943309,0.00272209957978,7.49496457496,0.00166007048423,0.0600641719933
564,0.0961193107832,0.196068139802,-0.52174008402,2.70370338962,0.00272292353631,9.87321850012,0.0109620399333,0.0675144043298
565,0.0771511894986,0.19075687113,-0.50735498885,2.69983344665,0.00271905359334,5.90617349043,-0.00782819090818,0.0577063165407
566,0.105440392945,0.192723793515,-0.463088560222,2.71080447396,0.00273002462065,12.5512129252,0.0186733562612,0.0593188344851
567,0.104312326771,0.188120083623,-0.524005105456,2.71335043885,0.00273257058554,12.1962005942,0.0173795317028,0.0612612954812
568,0.0822590022805,0.186600085062,-0.494751801357,2.70054810606,0.00271976825275,6.81013207885,-0.00482559348699,0.060348043076
569,0.0804740665496,0.198469230894,-0.581637905829,2.71161871868,0.00273083886537,6.48202317517,-0.00452582834794,0.0600281925198
570,0.0892926444918,0.195736200008,-0.551433887618,2.7098220982,0.00272904224489,8.24293066697,0.00447125572388,0.055842323202
571,0.0662898810414,0.19978190842,-0.561425860482,2.70464390126,0.00272386404795,4.30634695241,-0.0175986993867,0.0587101402245
572,0.0838004453014,0.199481528011,-0.583440213432,2.71900095182,0.00273822109851,7.10457594097,0.00106536798273,0.0634075462715
573,0.0556936300643,0.198852218836,-0.598741090745,2.72033966099,0.00273955980769,3.09277292382,-0.025734551781,0.0591927753836
574,0.0943995242639,0.206463066457,-0.622833481104,2.71233563125,0.00273155577794,9.43823125292,0.00993199127465,0.0587457135966
575,0.0834525507386,0.200748217412,-0.485676916464,2.70323469577,0.00272245484246,7.03720336855,-0.00141296054001,0.0624927317662
576,0.111331382326,0.188146858963,-0.496077421588,2.7038688722,0.00272308901889,14.5595056041,0.0240648112597,0.0606534158033
577,0.0693700212524,0.193160873335,-0.498055964304,2.70821180004,0.00272743194673,4.71963087404,-0.0146508815374,0.0610973148007
578,0.0718810963648,0.201154033333,-0.510372205434,2.71273315154,0.00273195329823,5.07929439774,-0.0110542774074,0.063876236647
579,0.0869129655307,0.189727624605,-0.501093000996,2.70106531388,0.00272028546057,7.73199647832,0.00125153895985,0.0635105260998
580,0.0897853364175,0.185767480909,-0.448070700608,2.70556182955,0.00272478197624,8.3522493212,0.00259677807472,0.0636079401601
581,0.100848232318,0.193049920062,-0.490479555608,2.70323304577,0.00272245319247,11.1610424904,0.0154383055601,0.0621596966749
582,0.110854123176,0.202910054477,-0.551121325709,2.70663248986,0.00272585263655,14.3866939684,0.023562442694,0.0602065213047
583,0.0660811317906,0.203760270675,-0.64318412735,2.70490936765,0.00272412951434,4.27940190088,-0.0166358470674,0.0601107293819
584,0.0830167191757,0.182077253397,-0.472559677829,2.70070785533,0.00271992800202,6.95356074995,-0.0036383965309,0.055384788757
585,0.0759014470243,0.190192606258,-0.566120817723,2.70617676385,0.00272539691055,5.70082500296,-0.00819639991069,0.0591260382185
586,0.0780599167034,0.194170882171,-0.556625977816,2.71033659058,0.00272955673727,6.05927427565,-0.00683976486421,0.0601001219305
587,0.0764733558913,0.193540826873,-0.596698327366,2.70850581569,0.00272772596238,5.79405750779,-0.00804242730717,0.0548242766606
588,0.0937378712513,0.195878017496,-0.577936245966,2.70618922631,0.002725409373,9.27537713484,0.00752613688297,0.063947924417
589,0.0744321048773,0.205038300848,-0.517978323055,2.71990708348,0.00273912723017,5.46689904926,-0.00821413050031,0.0646749752916
590,0.0738510740266,0.190546750954,-0.52875790903,2.70582480413,0.00272504495082,5.37657998894,-0.0107550893134,0.0556797639627
591,0.0846285950942,0.198867700229,-0.536954327327,2.70450729828,0.00272372744498,7.26714578781,0.000857547600329,0.0611505267787
592,0.0697549391816,0.198003710532,-0.549895922741,2.70473155946,0.00272395170615,4.77340331272,-0.0128302115511,0.059903427061
593,0.0753542383199,0.201724002497,-0.640499787171,2.70541936484,0.00272463951153,5.61277157876,-0.00888510651384,0.0622490362245
594,0.0796077034304,0.193378112818,-0.604307297583,2.70251819267,0.00272173833937,6.32758529402,-0.00378519882265,0.0641951747454
595,0.0922701151863,0.193671950199,-0.444472262056,2.70198056794,0.00272120071464,8.92279016081,0.0061288194997,0.0589626262211
596,0.0658119311582,0.20411764722,-0.563001047657,2.71405374223,0.00273327388892,4.24484804891,-0.0179177102614,0.0610073746378
597,0.0810670132023,0.187142396942,-0.57327582223,2.70283729658,0.00272205744327,6.58952076613,-0.00317709326049,0.05621390274
598,0.0731805882337,0.201977656582,-0.598860853322,2.71196144817,0.00273118159486,5.27386270257,-0.0107916355991,0.0549869684084
599,0.0722277480064,0.188465000978,-0.562712199908,2.7063730513,0.00272559319799,5.13062221425,-0.0132146944892,0.0552387761164
600,0.0777560712206,0.195086547423,-0.521242811503,2.70364081138,0.00272286095807,6.00772331285,-0.00647737367857,0.0615082745353
601,0.0771354782368,0.193842078088,-0.473779041944,2.69922152091,0.0027184416676,5.90355477134,-0.00595993044113,0.0622325070838
602,0.0688175796859,0.191815823647,-0.493901825999,2.7155268468,0.00273474699349,4.6432964453,-0.0150654345928,0.0681628743847
603,0.0677832496384,0.189355581202,-0.480081263725,2.70718103732,0.00272640118401,4.50300223888,-0.0175640037041,0.0603767160154
604,0.0747110424294,0.191303072644,-0.470561977029,2.69821288836,0.00271743303505,5.51069463932,-0.0098755593704,0.0581306887
605,0.117509473905,0.193450144411,-0.544029921211,2.70728955799,0.00272650970468,16.9720495313,0.0297722489857,0.0550767005582
606,0.0704796963302,0.193382376297,-0.504421832508,2.71112717761,0.0027303473243,4.87597294518,-0.0126833815153,0.0599555274485
607,0.107204936817,0.182100189926,-0.47444263684,2.69867691313,0.00271789705983,13.1250143352,0.0194915710788,0.0537782133407
608,0.0942647449967,0.194217748548,-0.548220132732,2.7078298909,0.00272705003759,9.40485774422,0.00880194520681,0.0573647157685
609,0.0751431537491,0.196228274938,-0.602255165261,2.70331296742,0.00272253311412,5.57910341981,-0.00877112938933,0.0587347211042
610,0.06346080082,0.191272352934,-0.503173563529,2.71005758837,0.00272927773506,3.95216637489,-0.0191632607019,0.066196805552
611,0.0821380042117,0.196095359855,-0.503193286207,2.71778941938,0.00273700956608,6.78745981042,-0.00286725473533,0.0640909860316
612,0.080973240323,0.19604081351,-0.495110269025,2.70423806984,0.00272345821653,6.57242201628,-0.00273872316862,0.0659226148863
613,0.100399536347,0.188926412483,-0.496089016506,2.70744452048,0.00272666466718,11.0328151852,0.0136346672936,0.0583546373268
614,0.0846150435527,0.190706171608,-0.534953451526,2.71664823738,0.00273586838407,7.26446049511,-0.00100683820158,0.0569055306272
615,0.0867690239433,0.199832727253,-0.57653115389,2.70742936882,0.00272664951551,7.70197842793,0.00308059465181,0.0571382824911
616,0.0776077923397,0.196124808142,-0.526154571794,2.70568479613,0.00272490494282,5.98269767035,-0.00668506686842,0.0604112526768
617,0.0906937160518,0.19052713323,-0.48925841655,2.71067011565,0.00272989026234,8.55706848285,0.00475473643949,0.0532501457297
618,0.0911179580761,0.193722824622,-0.552165299804,2.70620625682,0.00272542640351,8.65419658614,0.00540936190325,0.0564568973036
619,0.0793191212432,0.196909755534,-0.526909594542,2.71683583747,0.00273605598416,6.27682663506,-0.00527599880262,0.0601734326015
620,0.0734829054423,0.204657722172,-0.616687637062,2.70823543803,0.00272745558472,5.31997867729,-0.0100059153028,0.0685190131777
621,0.0681621960096,0.196230712898,-0.558894432024,2.69967211049,0.00271889225718,4.55400790715,-0.0154156246134,0.0620821396518
622,0.0687303741958,0.189301390088,-0.513717959535,2.7051262232,0.00272434636989,4.6313365762,-0.0161001769922,0.05956577288
623,0.0771037270891,0.183986134074,-0.516966682384,2.70226588728,0.00272148603398,5.89826547303,-0.00941075380634,0.0599908205897
624,0.0463827907128,0.198444350382,-0.501149082297,2.71023473363,0.00272945488032,2.25074014225,-0.0357053901822,0.0637824423476
625,0.0757940637951,0.201663523034,-0.573442789903,2.71467995345,0.00273390010015,5.68345712741,-0.00803146360088,0.0613495199389
626,0.0979395635085,0.190648637139,-0.573239769915,2.70613284904,0.00272535299573,10.3525874368,0.0114035244528,0.0543099855387
627,0.0749648571181,0.188128658207,-0.490611131308,2.70990423304,0.00272912437973,5.55079342984,-0.0100470142295,0.0589105678036
628,0.0806107129472,0.19731095689,-0.605890189905,2.70499320589,0.00272421335258,6.50666573677,-0.0034489974933,0.0595759778548
629,0.0678285868326,0.205506250154,-0.616081337641,2.71912273752,0.00273834288421,4.5090807605,-0.015255634065,0.0612250121803
630,0.103992568521,0.189380814719,-0.494108012916,2.6997864079,0.00271900655459,12.0972077563,0.0161436035838,0.0607917445881
631,0.083266852871,0.188430383302,-0.474712974091,2.71437148205,0.00273359162874,7.00146226374,-0.00287311892491,0.0619423239824
632,0.0802525244752,0.191653339904,-0.569755850152,2.7113702622,0.00273059040889,6.44223588453,-0.0036027787481,0.06724059859
633,0.0721990155658,0.196097932811,-0.551542879273,2.71046434197,0.00272968448866,5.12635208746,-0.0108745292679,0.0609962313649
634,0.0804529702605,0.194030716631,-0.527617873346,2.71787884945,0.00273709899614,6.47822564715,-0.0032975682726,0.0608497204053
635,0.079299166385,0.214105970882,-0.615634399784,2.7266730942,0.0027458932409,6.27332930478,-0.00231820126502,0.0639812238162
636,0.0832472261358,0.185123156926,-0.515062387905,2.7003858104,0.00271960595709,6.99769366565,-0.00232231304307,0.0549713798774
637,0.0821549222094,0.191404211531,-0.56204935533,2.70654943246,0.00272576957915,6.79062604598,-0.00403386620485,0.0563343768544
638,0.0780060418675,0.200185789268,-0.635731147103,2.70926493543,0.00272848508212,6.05010725843,-0.00580423701598,0.0627044733627
639,0.0861712360683,0.195778614926,-0.485650474816,2.71363150917,0.00273285165586,7.57837210685,0.00115638534169,0.0620316300496
640,0.0520892930824,0.192446307378,-0.471951374207,2.70547800237,0.00272469814906,2.74453428621,-0.0315804715495,0.0653483842284
641,0.0676930303193,0.203003065228,-0.569650524059,2.69907961262,0.00271829975931,4.49092538795,-0.0149211136763,0.0618284566131
642,0.0841762192638,0.1906157884,-0.514263998145,2.70614430791,0.0027253644546,7.17795756838,-0.0017582493343,0.0565254482244
643,0.0831731517053,0.193372427655,-0.491746536393,2.70958446716,0.00272880461386,6.98348574525,-0.00139333818366,0.0601545009754
644,0.0785782220553,0.198346682867,-0.547371742747,2.70967772613,0.00272889787282,6.14805350716,-0.00512440641858,0.0580132532011
645,0.0716115609738,0.188555313473,-0.500553328849,2.70921023759,0.00272843038428,5.03967079109,-0.0132602177568,0.0601823916029
646,0.0763178772279,0.198946566958,-0.548550055026,2.70905207126,0.00272827221795,5.76858867641,-0.00699083989606,0.0567526767646
647,0.0826759414197,0.182206112623,-0.551422472063,2.70357270291,0.0027227928496,6.88874410103,-0.00419447070366,0.0646788465206
648,0.0805239816605,0.194044211136,-0.588969525174,2.70395769745,0.00272317784415,6.4910157442,-0.0049278940214,0.0617246091537
649,0.0735628766483,0.195452656584,-0.572752738151,2.7003405095,0.00271956065619,5.33223202715,-0.0111817016195,0.0589642156912
650,0.0831968781869,0.191092129096,-0.487618557964,2.69955734377,0.00271877749047,6.98803398287,-0.00216787118144,0.0622060062256
651,0.084739102797,0.193216827579,-0.544552369539,2.71232707513,0.00273154722183,7.28907467242,-0.000947338885869,0.0599420682975
652,0.0943912100607,0.195240097886,-0.531725440237,2.70936879039,0.00272858893708,9.43616954745,0.00807089928118,0.058450269269
653,0.0807978571578,0.184383826195,-0.546776338492,2.7110123304,0.00273023247709,6.54054164242,-0.00496380743408,0.0613069466712
654,0.0729826087428,0.20708839933,-0.528806824147,2.70093055416,0.00272015070085,5.24383809026,-0.00991115813308,0.0587208304781
655,0.0836581850655,0.200899995482,-0.592105405151,2.70584890801,0.00272506905471,7.07696073658,-0.00121315405212,0.0571100047655
656,0.0737788213092,0.190521506972,-0.570015710215,2.70145421828,0.00272067436497,5.36543373544,-0.00989790151284,0.0640922707473
657,0.0648740051474,0.195491938806,-0.574842140286,2.72428177196,0.00274350191865,4.12614908398,-0.0188078737862,0.0645467537546
658,0.0668196590153,0.199406476773,-0.562350717828,2.72695535243,0.00274617549913,4.37532488234,-0.0143933435771,0.0670324216676
659,0.0783290736472,0.187670518176,-0.5062932205,2.70854283581,0.00272776298251,6.10524432738,-0.00757055520441,0.0571868100468
660,0.0904229915948,0.189586956611,-0.53171304678,2.71832443169,0.00273754457838,8.49557931244,0.00473442702815,0.0610558867998
661,0.0994822230777,0.192450133476,-0.451736948859,2.71440452468,0.00273362467137,10.7747011326,0.0141141092345,0.0651213904493
662,0.0679019725691,0.192305644517,-0.595899878904,2.71041324425,0.00272963339094,4.5189335366,-0.0154662866139,0.0640327794749
663,0.0734473143355,0.203064824756,-0.565351477252,2.71253501955,0.00273175516624,5.31453267022,-0.0110620156243,0.060162277639
664,0.0769352467524,0.197515073619,-0.598143162077,2.71348352168,0.00273270366837,5.87026413121,-0.00742204832788,0.0594662436089
665,0.0671617209669,0.197170018485,-0.585833115809,2.70166891426,0.00272088906095,4.42031906828,-0.0159484790005,0.0591087707353
666,0.0754715608137,0.188475630322,-0.491379098021,2.70995661536,0.00272917676205,5.63155617613,-0.0091597255885,0.0602026401239
667,0.0665237593221,0.19938640572,-0.585690029503,2.72456584924,0.00274378599593,4.33669269021,-0.0163946908841,0.0637642716384
668,0.0708705846823,0.200968982793,-0.505075593187,2.70562637162,0.00272484651832,4.93201757011,-0.0110127401405,0.0641193145697
669,0.0822194296048,0.1848662244,-0.551438176917,2.69947395718,0.00271869410387,6.8027100899,-0.0033842460274,0.0635431153338
670,0.0889222219273,0.190499269227,-0.469922568443,2.72058701597,0.00273980716266,8.16155141305,0.00438152065279,0.0627942003501
671,0.103409427944,0.193954149474,-0.54000071661,2.70092953755,0.00272014968424,11.918510843,0.0171186994717,0.0611093343664
672,0.0702821628024,0.197927539832,-0.585728711636,2.70823065029,0.00272745079698,4.84784507097,-0.0127208613571,0.0617513247207
673,0.0928529106958,0.19784729692,-0.579704931503,2.72101396717,0.00274023411386,9.06137495283,0.00776662898352,0.0584138725132
674,0.0610109547222,0.199524820833,-0.583818592342,2.71009278505,0.00272931293174,3.66392732718,-0.0218728792288,0.0612285707889
675,0.0738346563794,0.188439122479,-0.475892760756,2.71045813414,0.00272967828083,5.37404563137,-0.0100608804841,0.0584180529202
676,0.0827988515808,0.190015531474,-0.459301021557,2.70948175902,0.00272870190571,6.91206309592,-0.00131603366129,0.062019560761
677,0.0940517037506,0.197243764422,-0.560457503226,2.70042085221,0.00271964099891,9.35231448056,0.00955669206421,0.0625610097571
678,0.0650239462381,0.195770510662,-0.600607759785,2.70185115313,0.00272107129983,4.14494980519,-0.0172124801488,0.0572802063194
679,0.0651460124598,0.192679455242,-0.49131748739,2.70386327953,0.00272308342622,4.16030431105,-0.0184210807636,0.0600126101246
680,0.0751928742155,0.197704648159,-0.555769444328,2.70967676145,0.00272889690815,5.5870190029,-0.00963988455439,0.0589690435618
681,0.0780746682791,0.202871045706,-0.604679849407,2.71708541246,0.00273630555915,6.06178631287,-0.00562748147643,0.0632629886405
682,0.0940765712225,0.195792402164,-0.539062207728,2.71598221827,0.00273520236496,9.35843447269,0.00827824359263,0.0593969795291
683,0.0752272394562,0.189513187371,-0.492154684366,2.7087608223,0.00272798096899,5.5924953589,-0.00950472254493,0.0625599546992
684,0.0826206940967,0.201969872228,-0.643610936177,2.69988426557,0.00271910441226,6.87828390491,-0.00173427610601,0.0638958559725
685,0.0831877564492,0.200902662023,-0.621469172025,2.71258962252,0.00273180976921,6.98628510057,-0.000399087597695,0.065349505343
686,0.0797430930659,0.201034262929,-0.521385358623,2.71873417059,0.00273795431728,6.35151611057,-0.00508545707529,0.0583979362761
687,0.061981324158,0.20291972774,-0.640893924365,2.70202620565,0.00272124635234,3.77611324679,-0.020392262223,0.0536229700265
688,0.0950885448517,0.200277033647,-0.592457712609,2.70845894189,0.00272767908858,9.61045824342,0.0101237391272,0.0620166214722
689,0.0749277468824,0.189216545377,-0.588990129225,2.7009410093,0.00272016115599,5.54491580103,-0.0101518531571,0.0575371702125
690,0.0812406758114,0.198998190272,-0.518731198644,2.70244897201,0.0027216691187,6.62128487156,-0.00171821127757,0.0653246232965
691,0.0846221921607,0.192269197191,-0.512190768669,2.72038715387,0.00273960730056,7.26587691613,0.00091143485638,0.05837778133
692,0.0833531938054,0.201492971296,-0.63252192111,2.71230687633,0.00273152702303,7.01806117631,-0.000578757906203,0.0625309875242
693,0.0801927804138,0.197026767803,-0.5610987935,2.70699411083,0.00272621425753,6.43154117796,-0.00484178926421,0.063208548833
694,0.0734984263799,0.195598538005,-0.638087038594,2.71260942513,0.00273182957182,5.32235504227,-0.0104573582344,0.0610219874745
695,0.0686761750681,0.192594989286,-0.527433545656,2.71334400705,0.00273256415374,4.62391567679,-0.0155573916931,0.0543997821192
696,0.0838171184778,0.192002422754,-0.595474986036,2.70290552963,0.00272212567632,7.10781843399,-0.00158909361461,0.059254904591
697,0.0825745353771,0.198591681354,-0.616449667238,2.70964272757,0.00272886287426,6.86955471752,-0.0018997456983,0.0601776408908
698,0.0848496465332,0.193479631051,-0.492573744821,2.70476620443,0.00272398635112,7.31106665912,0.000501807949191,0.0623293747832
699,0.0763693137008,0.196919080987,-0.496183712632,2.70267178846,0.00272189193515,5.77700426376,-0.00865169011634,0.058766941572
700,0.0883280918018,0.202904400402,-0.602043925868,2.7130758598,0.00273229600649,8.03246199028,0.00325767655978,0.0592163908019
701,0.0923778421908,0.188588354895,-0.535119769562,2.71341523579,0.00273263538249,8.94826785308,0.00572044901263,0.0650087386649
702,0.0634241730873,0.198422610247,-0.525355740489,2.70655818897,0.00272577833566,3.94773342301,-0.0201414309905,0.0606174853864
703,0.0815803246939,0.209344544075,-0.592590759625,2.71408043062,0.00273330057731,6.68377890555,-0.00248573561652,0.059261415214
704,0.0709269722652,0.195971333809,-0.590796767465,2.70318260487,0.00272240275157,4.94014458443,-0.0121072483995,0.0656397570373
705,0.0846140948488,0.192160831087,-0.540758082943,2.70506545851,0.0027242856052,7.26427253702,-0.000234746202351,0.0619767182892
706,0.0708529371741,0.194895325903,-0.617572526996,2.71196214412,0.00273118229081,4.9294762722,-0.0133437632175,0.053883511039
707,0.0541072536533,0.20540022259,-0.56779271398,2.71475530053,0.00273397544722,2.93582858908,-0.0267322258629,0.069827976876
708,0.0744385183119,0.191457184799,-0.542723926868,2.71499194102,0.00273421208772,5.46790282432,-0.00986543775728,0.0606814177898
709,0.0899979673241,0.192163667582,-0.48794696326,2.70896853709,0.00272818868379,8.3998110185,0.00432719358038,0.05723208229
710,0.0709826903916,0.204716539353,-0.626408420138,2.71103498733,0.00273025513402,4.948185627,-0.0117612062696,0.064643522853
711,0.0769630269065,0.193161286279,-0.502104963502,2.71074714483,0.00272996729153,5.87487364116,-0.00692875390365,0.0596253595685
712,0.0887118145639,0.194067354249,-0.536668417341,2.71858653602,0.00273780668271,8.1156336578,0.00356846766178,0.0566278090442
713,0.07279407109,0.199872244604,-0.584866899577,2.70965915204,0.00272887929874,5.21537384929,-0.0115769139905,0.0549267633306
714,0.103124516957,0.197315378479,-0.582247183279,2.7127199776,0.00273194012429,11.832057858,0.0157676037107,0.0552481747465
715,0.0738929008961,0.205539352933,-0.523889033511,2.70834630909,0.00272756645578,5.38304109404,-0.00855187536053,0.0637228098336
716,0.0837034734452,0.198335716887,-0.498188416202,2.70821458349,0.00272743473018,7.08574217291,0.000496272544248,0.0616705911044
717,0.075641354122,0.19209404513,-0.498170045964,2.70951541525,0.00272873556194,5.65883280276,-0.0071479059451,0.0619080357244
718,0.0882969630847,0.190905131467,-0.528871329321,2.70797818881,0.00272719833551,8.02574695242,0.00169939515543,0.0595230351525
719,0.0887816715091,0.194293670367,-0.582057919863,2.71802911574,0.00273724926243,8.13085412977,0.00487633643571,0.0609738178786
720,0.0583327538412,0.203642743278,-0.607094813745,2.70446642204,0.00272368656873,3.36728838737,-0.0238440661454,0.0587310083736
721,0.0958585336343,0.188256426388,-0.502178316178,2.70405902618,0.00272327917287,9.80615673732,0.00979464253805,0.0581211566307
722,0.0816070382798,0.194961108187,-0.526632109364,2.71355741123,0.00273277755792,6.68871494451,-0.0025684094215,0.0637621937135
723,0.0799612371975,0.195328681527,-0.526517306801,2.71321839902,0.00273243854571,6.39023237514,-0.00460647397242,0.0634252594859
724,0.0781857372257,0.187505662631,-0.50977721226,2.70789845997,0.00272711860666,6.08072779767,-0.00675534120247,0.0613551087738
725,0.0851035576841,0.18695240821,-0.54286782724,2.71218342928,0.00273140357597,7.36179333271,-0.00139462965696,0.0577295756558
726,0.0812966043005,0.198504081196,-0.576559549857,2.71448744131,0.002733707588,6.6315417679,-0.00232102365826,0.063994949664
727,0.0761223843624,0.198158234101,-0.574098638218,2.70615034758,0.00272537049427,5.73669541467,-0.00742430639746,0.0635710586855
728,0.0827391142193,0.192136250606,-0.547288455127,2.70778355228,0.00272700369897,6.90072122447,-0.003250124554,0.0605826013446
729,0.0874378702643,0.191837388108,-0.534569790486,2.69728521949,0.00271650536618,7.84230765714,0.00333585080143,0.0597250263505
730,0.0748095618708,0.200615956006,-0.581247462112,2.71312523958,0.00273234538627,5.52623107987,-0.0093059191969,0.0585076967632
731,0.0957120581101,0.193997764572,-0.584188132236,2.71991219008,0.00273913233677,9.76866353287,0.00970280890084,0.0597307001762
732,0.0957977984511,0.207215711021,-0.585594117836,2.72382238136,0.00274304252805,9.79059520105,0.01122946729,0.0629483537749
733,0.101544647491,0.191326572052,-0.525898888236,2.7010831625,0.00272030330919,11.3626682692,0.0149340053842,0.0566248786162
734,0.0774884404569,0.192730804864,-0.517221627036,2.71123397349,0.00273045412018,5.96261660144,-0.00578454425712,0.0664838508334
735,0.0862053122917,0.202166383548,-0.537768493572,2.71003820708,0.00272925835377,7.58537253472,0.002044323726,0.0574494743297
736,0.0908022210199,0.202189608221,-0.627019714493,2.71202125753,0.00273124140422,8.58182034665,0.00754782264271,0.0679535631568
737,0.0946643817564,0.205764162911,-0.586789828335,2.71084663937,0.00273006678606,9.50411433803,0.0126280330189,0.0705424133666
738,0.0572837058222,0.187845233775,-0.542666949874,2.70486269693,0.00272408284362,3.25611285683,-0.0272126918386,0.0570336592581
739,0.0685821597951,0.194325300479,-0.561978779408,2.70722506604,0.00272644521273,4.61106548041,-0.0149108235789,0.0580307035961
740,0.0743158903597,0.195793046887,-0.584682431225,2.70518565989,0.00272440580658,5.4487360906,-0.00935346981439,0.0591227848566
741,0.0610046904778,0.193576130397,-0.58856898319,2.70361035488,0.00272283050157,3.66321140674,-0.0226682424805,0.0586153449208
742,0.0720752102751,0.201049603041,-0.528372063004,2.70884068984,0.00272806083653,5.10798521474,-0.0108822422612,0.0552151638357
743,0.0840941799197,0.205287690008,-0.506583058546,2.71470990181,0.0027339300485,7.16188250797,0.000394660133121,0.0660562319722
744,0.0848037973173,0.199984042366,-0.58477736941,2.71803347185,0.00273725361855,7.30193844305,0.000343420876141,0.0575265318072
745,0.0995306022072,0.202346523621,-0.625284640085,2.71933820107,0.00273855834776,10.7881800449,0.0158507964644,0.0644398204136
746,0.0892228312384,0.189866868227,-0.544032039041,2.704697099,0.00272391724569,8.22754021734,0.00350051524659,0.0573159527672
747,0.0601289812732,0.205136411905,-0.609503229391,2.71793101975,0.00273715116644,3.5641625302,-0.0224568901445,0.0625148873562
748,0.0899088548875,0.196158158086,-0.479176170944,2.71355868018,0.00273277882687,8.3798499316,0.00452571872259,0.0597007932978
749,0.0950012943221,0.183524236182,-0.510386463693,2.70004206441,0.0027192622111,9.58849903403,0.0076740267644,0.0537247377567
750,0.0856679298007,0.192464974487,-0.534337719329,2.70744302176,0.00272666316845,7.47561271742,0.000645659438062,0.0599508386778
751,0.0876205106596,0.194901074297,-0.502136629945,2.714459983,0.0027336801297,7.88100367823,0.00233923730185,0.0618883356935
752,0.0818895061732,0.190367060554,-0.580334701656,2.7183032346,0.0027375233813,6.74109524872,-0.003274637132,0.0616186099197
753,0.0865526896199,0.179256200073,-0.440801534923,2.70505748981,0.0027242776365,7.65704991255,-0.000572657640937,0.0638486538472
754,0.0792670141527,0.202266906269,-0.59960781979,2.70718456531,0.002726404712,6.26769763692,-0.00381475563468,0.0663818593603
755,0.0677517832907,0.193140895504,-0.521322637571,2.717922105,0.0027371422517,4.49878722354,-0.0173247612491,0.0586325814224
756,0.0999093320062,0.189795681353,-0.51625974997,2.70669930281,0.0027259194495,10.8942118735,0.0126883200804,0.0595737083662
757,0.0808623461869,0.193187806092,-0.50141463235,2.70644337196,0.00272566351866,6.55224914035,-0.00273833487855,0.0649803758231
758,0.072358394811,0.196743866859,-0.52542705161,2.70887906823,0.00272809921492,5.15007465758,-0.0109440203893,0.0640391745005
759,0.0854895333878,0.204436718038,-0.620322918128,2.71778187989,0.00273700202658,7.43947467732,0.00252920677921,0.0647742485444
760,0.0606138137287,0.205466989117,-0.589437012843,2.71726379466,0.00273648394135,3.61874775857,-0.0214461100632,0.0569188861562
761,0.0643170879162,0.199911634723,-0.626317797052,2.71452824773,0.00273374839442,4.05689535213,-0.0186905626733,0.063322131723
762,0.0879177989726,0.192667536631,-0.508450363312,2.71405503684,0.00273327518353,7.94433861889,0.00362294034139,0.0633322699965
763,0.0864418569409,0.195152507775,-0.627030408623,2.71001845087,0.00272923859756,7.63411856925,0.00168584961792,0.0580452351531
764,0.0758629538709,0.190983022006,-0.593206923578,2.70344328214,0.00272266342883,5.6945942395,-0.00925403724367,0.0658639736344
765,0.0783825610491,0.191166933733,-0.542360720127,2.70211123319,0.00272133137988,6.11441380787,-0.00676484110522,0.0613361427699
766,0.0701927233416,0.203224357403,-0.606690174649,2.71545330502,0.00273467345171,4.83515192299,-0.0116231578354,0.0657363215819
767,0.0881739783091,0.188677613829,-0.462003971313,2.70543398988,0.00272465413657,7.99926378578,0.00234197306995,0.0573409420145
768,0.0770602085053,0.193905523084,-0.565101151434,2.70941493305,0.00272863507974,5.89102221412,-0.00734443787996,0.0590117678455
769,0.069929093475,0.199086929648,-0.530155376382,2.71129984921,0.00273051999591,4.79789180664,-0.0128076372464,0.0606950140003
770,0.0893618769503,0.19889488473,-0.535019761103,2.70328570321,0.00272250584991,8.25821745281,0.00364398098584,0.0562697169982
771,0.0796281867596,0.189966666159,-0.513584506819,2.70757182173,0.00272679196842,6.33120101302,-0.00607614315092,0.0613200285884
772,0.0643635864092,0.197464505945,-0.53029477059,2.70628011862,0.00272550026532,4.06264293478,-0.0178931372946,0.0620908188279
773,0.0818136399062,0.195120700142,-0.508492228566,2.71545860096,0.00273467874765,6.72699314915,-0.002292911937,0.0576033861692
774,0.0636757411119,0.206133470713,-0.58594375379,2.71330953279,0.00273252967948,3.97825705792,-0.018202530975,0.0604732157649
775,0.0745743161834,0.201945726621,-0.635899734704,2.70042454507,0.00271964469176,5.48919192968,-0.00950435759231,0.0658921963399
776,0.0894910476668,0.189093281465,-0.616234238341,2.71125570328,0.00273047584997,8.28680384576,0.00423515121363,0.0598130261127
777,0.0654437624899,0.20003936378,-0.533789759961,2.70862393614,0.00272784408284,4.19794283202,-0.0175336026656,0.0604305459173
778,0.0883872166345,0.193261843458,-0.448755605294,2.70756356207,0.00272678370876,8.04522953554,0.00179564880982,0.0594707888817
779,0.0702541898966,0.198699202127,-0.551425803187,2.70932494192,0.00272854508862,4.84387233702,-0.0127923825785,0.0629069606891
780,0.0990667445935,0.193294981444,-0.531801750143,2.69939783428,0.00271861798097,10.6595531702,0.0134467313332,0.0559645635261
781,0.0761083480746,0.197645209264,-0.564048450603,2.70697630514,0.00272619645184,5.73441106326,-0.00576521683211,0.0606199640576
782,0.0852363193359,0.199436609185,-0.596638260838,2.70266186278,0.00272188200947,7.38843500468,0.000820990826757,0.0615345212455
783,0.0844009496124,0.187834919282,-0.54431769037,2.70619993369,0.00272542008038,7.22214804165,-0.00149657643955,0.0584477639232
784,0.0590738551013,0.205372753951,-0.587085269466,2.71401360367,0.00273323375036,3.44750599683,-0.0229187109538,0.0589812123429
785,0.0724830091585,0.186454201351,-0.581624162901,2.7114400334,0.00273066018009,5.16868420027,-0.0126397997002,0.061959084548
786,0.0660821176723,0.204613835246,-0.666778838095,2.7162303004,0.00273545044709,4.27952884732,-0.0153828819815,0.0676647034065
787,0.100639598198,0.18577137401,-0.495457563204,2.70706269039,0.00272628283709,11.1012569251,0.014029147045,0.0573339506927
788,0.0886311945366,0.196704506327,-0.559812867819,2.70066410735,0.00271988425404,8.09809844208,0.00356739224956,0.0601704350811
789,0.0827127039948,0.200207822725,-0.522080838541,2.70165689314,0.00272087703984,6.89571190419,-0.000903562992906,0.0600798927089
790,0.0612276933836,0.210644842833,-0.648524461541,2.70587123619,0.00272509138288,3.68876288456,-0.0189164860919,0.0675315570786
791,0.0549671546317,0.203890873483,-0.541840593336,2.72135213298,0.00274057227967,3.02016810496,-0.0270247875963,0.0613703964901
792,0.085465874499,0.191002405577,-0.493447173882,2.70281017565,0.00272203032235,7.43469320101,-0.00136769299793,0.0558474982077
793,0.0605728662891,0.209776618847,-0.64618727256,2.71910888107,0.00273832902776,3.6141134991,-0.0203805452246,0.0573773935152
794,0.0695653395587,0.201624656107,-0.598825003409,2.71592637428,0.00273514652097,4.74685607341,-0.013437080416,0.0580836109892
795,0.0669954889476,0.211758497078,-0.617387892228,2.72099954489,0.00274021969159,4.39840817595,-0.0135588548454,0.0682663572415
796,0.0994556845506,0.200320950944,-0.608432375846,2.70970541919,0.00272892556588,10.7673135275,0.0132577552271,0.0625034727609
797,0.0700511699618,0.199361922512,-0.616027311072,2.7165709735,0.00273579112019,4.8151169523,-0.0118071714558,0.0613134947982
798,0.0620213767733,0.197637842803,-0.57638962145,2.69652039885,0.00271574054555,3.7807991099,-0.0214801231695,0.0564010612022
799,0.0723327181126,0.199555821155,-0.597255177809,2.71062191552,0.00272984206221,5.14624688756,-0.0121052970084,0.0580437597567
800,0.0846670401006,0.183213096862,-0.487567397117,2.69397385892,0.00271319400562,7.27476838798,-0.00134635485018,0.0582131512747
801,0.0852919067395,0.19035501192,-0.476547494979,2.70542672111,0.0027246468678,7.39961411731,0.00103355916455,0.0625743421996
802,0.0745509537674,0.199466658716,-0.602994922425,2.70892342949,0.00272814357618,5.48552459875,-0.00995401580248,0.058342748066
803,0.0961633380045,0.198922173495,-0.561919563659,2.71240436969,0.00273162451638,9.88458000488,0.011111726293,0.0634715756842
804,0.0834071602809,0.188404452874,-0.505373972955,2.71066592014,0.00272988606683,7.0284529584,-0.00227164231141,0.0543245056247
805,0.0774172277438,0.192369577617,-0.521789784254,2.71711206286,0.00273633220955,5.95066145667,-0.0071360879617,0.0636601777621
806,0.0868956342815,0.182814915861,-0.49773100358,2.71230295827,0.00273152310497,7.72837689734,0.000920037813413,0.0559762549455
807,0.0716999868921,0.186620213198,-0.536821081405,2.69905166814,0.00271827181483,5.05264257528,-0.0129824592667,0.0603134482741
808,0.0856384284444,0.195043182301,-0.473697836026,2.70711041844,0.00272633056514,7.46962633061,0.000288519900944,0.0657141216882
809,0.0749828320674,0.211367387332,-0.689214928026,2.71903276972,0.00273825291641,5.55364217965,-0.00695085059901,0.0665448388112
810,0.0887868883844,0.189129888427,-0.524991187622,2.70732632132,0.00272654646801,8.13199176566,0.00210960252093,0.0649148715267
811,0.0863918241717,0.189489485551,-0.543636671982,2.69994222843,0.00271916237512,7.62378590593,0.00123228825109,0.0630546075961
812,0.0694093846919,0.200239111165,-0.567668028077,2.72192176638,0.00274114191307,4.72510770205,-0.014184668083,0.0619907722911
813,0.0779727810582,0.19890476511,-0.541870189372,2.72238542194,0.00274160556863,6.04445351549,-0.00643901867866,0.0590976071944
814,0.0835133623483,0.194445181227,-0.503215023876,2.71371407484,0.00273293422153,7.04894105544,-0.000712271969934,0.0617446972569
815,0.0805950163277,0.192798560895,-0.536035202704,2.70861043195,0.00272783057864,6.50383107469,-0.00377073838758,0.0602585379018
816,0.0915874101642,0.192147825521,-0.474319940017,2.71095953291,0.0027301796796,8.76278150015,0.00538755902266,0.0576626826185
817,0.0813153190199,0.207706948985,-0.566679654765,2.70848236705,0.00272770251374,6.63497688026,-0.00304510651317,0.0579963927134
818,0.0821519808407,0.191060371778,-0.560237882392,2.717862652,0.00273708279869,6.79007547433,-0.00355508248325,0.060115487053
819,0.0963214599934,0.202713000819,-0.513779567753,2.70882990022,0.00272805004691,9.9254785835,0.011132863821,0.0703761855662
820,0.0712403033178,0.194269987654,-0.4995978384,2.71321072155,0.00273243086824,4.98549967411,-0.0132237455044,0.0638132962639
821,0.102689795426,0.193156854036,-0.521803062863,2.71040126293,0.00272962140962,11.701217673,0.015681224884,0.0566787667122
822,0.0800743938368,0.195823773021,-0.517513557484,2.70374185263,0.00272296199932,6.41039258853,-0.00340969917377,0.0565673541163
823,0.0638916629514,0.199157134452,-0.545825287238,2.7169231722,0.0027361433189,4.00459994076,-0.0190387613157,0.054412509168
824,0.0854668412876,0.195238025666,-0.572733861565,2.70453371769,0.00272375386438,7.43488853854,0.000651548364046,0.058380887639
825,0.0829966545167,0.185738923948,-0.456111115844,2.70794963578,0.00272716978247,6.94973026411,-0.00220464803272,0.0644743799523
826,0.0642012469992,0.201124609886,-0.608451329025,2.71197130178,0.00273119144847,4.04260376864,-0.0185631560304,0.0618633655463
827,0.0722176193052,0.19473456499,-0.605812256223,2.70277487447,0.00272199502116,5.12911659138,-0.0100916598503,0.0635856855453
828,0.0797741056513,0.193733927567,-0.485021001997,2.70432995673,0.00272355010342,6.35700831387,-0.00381333338322,0.0621501578571
829,0.0886086716782,0.181737604668,-0.49841122539,2.70112243518,0.00272034258187,8.09320541904,0.0015765596689,0.0574793709488
830,0.0925686008704,0.191808075246,-0.501663503421,2.70869705901,0.00272791720571,8.99353711824,0.00641959913561,0.0640425143287
831,0.0851679430012,0.195860458138,-0.621475922928,2.71097798329,0.00273019812999,7.37470354726,-0.00118388416599,0.0576901600476
832,0.0925418366908,0.185413634911,-0.522454289297,2.70436866448,0.00272358881117,8.98717374089,0.00598752311668,0.0560314184732
833,0.113557048203,0.185306298463,-0.474301765277,2.7100964544,0.00272931660109,15.3903487597,0.0250126940134,0.0557817179923
834,0.0891199672509,0.20385233755,-0.622416974662,2.70750489013,0.00272672503682,8.20490857022,0.00528080117072,0.0667813903876
835,0.0779195099468,0.195369518196,-0.54449610269,2.71717679409,0.00273639694078,6.0354074606,-0.00607267204373,0.0621391759882
836,0.0655647864862,0.199515001234,-0.574071381495,2.71721283967,0.00273643298637,4.21331678229,-0.0169178559187,0.0590917330869
837,0.108019163806,0.186156688876,-0.431261579156,2.70624041403,0.00272546056073,13.3975981964,0.0202468839992,0.0601222456929
838,0.093433298558,0.203773127599,-0.591521972248,2.71437403774,0.00273359418443,9.20123576093,0.00880396350412,0.0637779507069
839,0.0806782898179,0.193802633988,-0.540711796661,2.71371362471,0.00273293377141,6.51888124785,-0.00487669397689,0.0622944009259
840,0.0800767308587,0.198523180833,-0.619007302422,2.71637650869,0.00273559665538,6.41080951386,-0.00389628514908,0.0573563745074
841,0.0830252769122,0.19562457219,-0.546888646309,2.70532624987,0.00272454639656,6.9551950224,-0.00211069923296,0.0587643582883
842,0.0970042715832,0.200963248566,-0.502407587168,2.70463340041,0.0027238535471,10.1037922437,0.0110227911889,0.0568341690429
843,0.0865220227263,0.187423413043,-0.555572757572,2.71016642349,0.00272938657018,7.65069906177,0.00115360870276,0.0627759447104
844,0.0921084420825,0.195674990711,-0.512188386299,2.71680287607,0.00273602302277,8.8846717857,0.0076876566154,0.0616440872902
845,0.0736704443094,0.19095628177,-0.534988075267,2.70853690833,0.00272775705502,5.34874979416,-0.0104793696952,0.0641026570843
846,0.0858201917683,0.189148544256,-0.481901180158,2.70835025779,0.00272757040448,7.50657431288,0.00133003201539,0.0555844033474
847,0.0833618373066,0.192169738983,-0.491710349046,2.71203799275,0.00273125813944,7.01972469821,-0.0020048617716,0.0577892814872
848,0.0833138486355,0.189561255385,-0.526973759388,2.70564699938,0.00272486714607,7.01049302548,-0.00211115302028,0.0611140036915
849,0.0936018193767,0.20010825935,-0.590005776048,2.70217218404,0.00272139233074,9.24219455933,0.00887138537638,0.0588521539112
850,0.0958081457855,0.193522051285,-0.568044990931,2.71357044022,0.00273279058691,9.79324486587,0.0106728391961,0.0681301813647
851,0.0666554084869,0.189773963901,-0.504833809715,2.69510862706,0.00271432877375,4.3538475142,-0.0181200348942,0.0580377231063
852,0.0656807849354,0.200439518946,-0.517155904148,2.70866077169,0.00272788091838,4.22809335681,-0.0180074171743,0.061656396492
853,0.0750439343875,0.199775151047,-0.568858144427,2.701974798,0.00272119494469,5.56333485635,-0.00917919080258,0.0567818607855
854,0.0972251274891,0.192384910631,-0.572802524576,2.70726515967,0.00272648530636,10.1620644714,0.0120449447849,0.061940540059
855,0.0769673589988,0.197770405787,-0.521697584858,2.72398905835,0.00274320920504,5.87559272525,-0.00724279341562,0.0616853173503
856,0.0816393095448,0.194671453498,-0.52405838829,2.70556255685,0.00272478270354,6.69468197761,-0.00265860259393,0.0593396755876
857,0.0781926557083,0.202643574558,-0.617546538767,2.72381165763,0.00274303180432,6.08190927725,-0.00441237714671,0.0648193883374
858,0.0578206892928,0.197803540217,-0.565774770936,2.70690591423,0.00272612606093,3.31267664648,-0.0242095326612,0.0603855065698
859,0.102370042465,0.19194595856,-0.496996134514,2.70325893174,0.00272247907843,11.6057998902,0.0160447388661,0.0635410607241
860,0.0919758195223,0.183751337462,-0.477580811757,2.70374949598,0.00272296964267,8.85350794537,0.00505627873109,0.0584833971354
861,0.0902610318459,0.194782565162,-0.512245768542,2.72309201812,0.00274231216481,8.45897572758,0.00489947497741,0.0625942587951
862,0.0806046400483,0.192797951372,-0.586299341894,2.70533006145,0.00272455020814,6.50556890616,-0.0049350603277,0.0573514864504
863,0.0805187386518,0.195825634082,-0.597317995279,2.70594659456,0.00272516674125,6.49007068994,-0.00500879830414,0.0620086702796
864,0.0605121270362,0.197904259055,-0.588320866211,2.7139956596,0.0027332158063,3.60724751913,-0.022036304849,0.0634406890247
865,0.0813016723502,0.193210622691,-0.486715539591,2.70879293781,0.0027280130845,6.63247186861,-0.00451360343692,0.0547781815098
866,0.0673353768399,0.196158393091,-0.610690031155,2.70261828743,0.00272183843412,4.4432998075,-0.0164986509246,0.0634397861321
867,0.0822277825211,0.192971791081,-0.526402017819,2.7168743929,0.00273609453959,6.80427614266,-0.00136108278179,0.0629108848421
868,0.0818203420783,0.201905190709,-0.611404284218,2.71079602885,0.00273001617554,6.72823796036,-0.00304987852211,0.0590909063624
869,0.0888590805999,0.195777218654,-0.450987892739,2.71556555737,0.00273478570406,8.14774860924,0.00504617145497,0.0612476539276
870,0.0913878045452,0.197017412968,-0.505500478521,2.71384430421,0.0027330644509,8.71646970534,0.00599463865357,0.0604989214407
871,0.0996419109709,0.201940030921,-0.492371760405,2.70157667829,0.00272079682498,10.8192481454,0.0140746666016,0.0593908474728
872,0.0797212734784,0.205495093896,-0.630388926137,2.70792622462,0.00272714637132,6.34765431284,-0.00344753847019,0.0612130031693
873,0.0880045877676,0.194133543578,-0.53527466908,2.70725023978,0.00272647038647,7.96291004183,0.00214956412272,0.0591033472284
874,0.0979687235717,0.190932457549,-0.46735492411,2.70652884032,0.00272574898702,10.36042977,0.0109894097592,0.0625766240694
875,0.084501554848,0.20601061344,-0.653485465459,2.71599340383,0.00273521355052,7.24200514764,0.0014529698228,0.0655468996445
876,0.0728287554956,0.193732835283,-0.561576380415,2.71204778585,0.00273126793254,5.22060090219,-0.0113637961288,0.0560537937072
877,0.0785824847926,0.21112809141,-0.616518725208,2.72224574027,0.00274146588697,6.14878809272,-0.00363725004925,0.0719464928994
878,0.0822928694201,0.206076253335,-0.630178531994,2.70046511626,0.00271968526295,6.8164893656,-0.000784323305929,0.0625176663641
879,0.0825932450617,0.212452531012,-0.68015345587,2.70562706384,0.00272484721053,6.87309182994,0.00124505238038,0.0689855107359
880,0.0831736529441,0.202397660914,-0.557590634366,2.70379070192,0.00272301084862,6.98358180425,-0.00119581007758,0.0648000260907
881,0.0751141451449,0.191881625711,-0.582441410118,2.71041366222,0.00272963380891,5.57448942617,-0.00986240748056,0.0585151565955
882,0.0756098074236,0.19962688096,-0.569667824261,2.71483504991,0.0027340551966,5.6537568037,-0.00809390204153,0.056265705033
883,0.0989620477041,0.194663441522,-0.53124848455,2.71111106096,0.00273033120765,10.6307081562,0.0115517733265,0.0568185776805
884,0.0552447897773,0.192943894018,-0.551421462436,2.7046867881,0.00272390693479,3.0477678665,-0.0273574985476,0.0561465172501
885,0.0822887889442,0.19615701678,-0.547139885286,2.70340854327,0.00272262868996,6.81572314557,-0.00240694039295,0.0560249988002
886,0.0742235771789,0.189518903254,-0.535287004331,2.71405303799,0.00273327318468,5.43434359498,-0.0108410569688,0.0592619397999
887,0.0800296447253,0.189794513836,-0.440473949371,2.71618370538,0.00273540385207,6.40241368411,-0.00480432197625,0.0672467459894
888,0.080727953549,0.200617870766,-0.622224638648,2.71818839533,0.00273740854203,6.52787087895,-0.00302446474552,0.0647095714894
889,0.0836134306315,0.18887600589,-0.52248326655,2.70839654436,0.00272761669105,7.06829184161,-0.00120670607004,0.0568678348206
890,0.0959659871576,0.192712697847,-0.551333593448,2.71402198467,0.00273324213136,9.83374129773,0.00990687131659,0.0632337865169
891,0.0715591549455,0.199119562489,-0.590151608148,2.71141913525,0.00273063928194,5.0319956236,-0.0110580256008,0.0699426449703
892,0.0686313039203,0.189503265718,-0.550090658567,2.70375851447,0.00272297866116,4.61777907233,-0.0159001950381,0.060327461754
893,0.0900589052755,0.197524934188,-0.554202786564,2.70988929893,0.00272910944563,8.41348456092,0.00493493889151,0.0620121222996
894,0.0793151907474,0.201672372236,-0.586698507892,2.72002164509,0.00273924179178,6.27613764028,-0.00299703119741,0.0648212943915
895,0.0920302620254,0.19422010445,-0.492865270321,2.70290325642,0.00272212340311,8.86628947535,0.0059980642889,0.0621428503126
896,0.104649934163,0.188101193041,-0.530958546058,2.70088955632,0.00272010970302,12.3014999634,0.0177161011558,0.0594817079932
897,0.0877773728987,0.188612218607,-0.48703323376,2.70828013452,0.00272750028121,7.91436801353,0.00199497284347,0.0592803727626
898,0.0797941540191,0.200457758288,-0.526106024911,2.71955331413,0.00273877346082,6.36056089805,-0.00336882108227,0.059477682153
899,0.0844028739315,0.201343935486,-0.566802546935,2.70904009777,0.00272826024446,7.22252742507,-0.000628667483743,0.0568324331717
900,0.0846579339966,0.197087777752,-0.613310933291,2.70844673681,0.0027276668835,7.27296228444,-0.000399665132265,0.0590645049508
901,0.0743416196762,0.20244171965,-0.527149874297,2.71237306595,0.00273159321264,5.45275304677,-0.00830720458212,0.0626333194326
902,0.0728779606425,0.200913739828,-0.601264313111,2.70560388738,0.00272482403408,5.22802353024,-0.00992243354308,0.057122997234
903,0.0679331106275,0.20270299907,-0.592466846049,2.71828181432,0.00273750196102,4.52311925323,-0.0143153832593,0.0635159406105
904,0.102523882191,0.19259178619,-0.485448902576,2.70252670371,0.00272174685041,11.6516209926,0.0168546974702,0.0572286891497
905,0.0921454247779,0.187174094116,-0.507014331422,2.70870769005,0.00272792783674,8.89337891751,0.00478555909295,0.0603353116785
906,0.0854116672151,0.190759510785,-0.570713279626,2.70451530578,0.00272373545247,7.42374769405,-0.00121625363743,0.059869614469
907,0.0821565123714,0.203750001696,-0.576466706495,2.70510355658,0.00272432370328,6.79092371146,-0.00221384860644,0.0597866954249
908,0.0906485728297,0.180065546157,-0.480046132788,2.69631864023,0.00271553878692,8.54678865204,0.00419550440553,0.0635922421565
909,0.0795260830148,0.191450471504,-0.562502975143,2.70732809175,0.00272654823845,6.313194673,-0.0048504701654,0.0616932371783
910,0.0956866336121,0.182485755876,-0.447474668932,2.71488535349,0.00273410550018,9.76216840059,0.00758793075345,0.0601826225214
911,0.084675508739,0.201710434983,-0.588756844065,2.71147717838,0.00273069732507,7.27644839693,0.000665648879712,0.0584079137852
912,0.0803812897304,0.19638059271,-0.595488552697,2.71495234681,0.0027341724935,6.46533632775,-0.00205259908131,0.0604545482638
913,0.0946072370158,0.193194673666,-0.528316927093,2.70555400242,0.00272477414911,9.48986589045,0.00800219151944,0.0632946400334
914,0.0723235969322,0.208617033261,-0.586241684746,2.70972401529,0.00272894416198,5.14488769331,-0.00992396210318,0.0636897928423
915,0.0880204748074,0.192659061403,-0.503910526233,2.70466759209,0.00272388773879,7.96631362826,0.00336301025549,0.0626233752832
916,0.0826833243028,0.199296757727,-0.588268162447,2.7106387489,0.0027298588956,6.89014294285,-0.0013435590697,0.0667326581619
917,0.065914104501,0.203686808791,-0.509725924867,2.7071065012,0.0027263266479,4.25793705535,-0.0164783181142,0.0622073340639
918,0.107581203145,0.194687722027,-0.549078611745,2.7122890711,0.00273150921779,13.2503568787,0.022032473417,0.0618535423919
919,0.103472650028,0.19878552213,-0.577915281061,2.71264153845,0.00273186168514,11.9377706477,0.0180403781799,0.0627043919321
920,0.0744504774229,0.201396718835,-0.520963328987,2.71153491198,0.00273075505867,5.46977496058,-0.00962312483133,0.0601674198363
921,0.0804025199805,0.189190260095,-0.53621398168,2.7045780432,0.00272379818989,6.46915164217,-0.00464873097753,0.0611762867303
922,0.0848618510529,0.205799086166,-0.58930660235,2.72081087934,0.00274003102603,7.31349810831,0.00223979058149,0.0579485344306
923,0.0703707362731,0.197367641516,-0.541398929407,2.70450243166,0.00272372257835,4.86044148127,-0.0134418904786,0.0591841515217
924,0.0660714324117,0.211521033279,-0.630662084398,2.70140339587,0.00272062354256,4.27815312296,-0.0148238185895,0.0676136650908
925,0.0645636865892,0.194519289409,-0.547489713066,2.7196461851,0.0027388663318,4.08744866209,-0.0188444733674,0.0592412696926
926,0.0826635417394,0.200157939706,-0.55234945217,2.70306772526,0.00272228787195,6.88639525846,-0.000361880014947,0.0635685581469
927,0.101415189473,0.194926838248,-0.485683440522,2.70449312806,0.00272371327475,11.3249460377,0.0149170669012,0.0597315709743
928,0.0809023902077,0.187527772924,-0.485670367006,2.69839274205,0.00271761288874,6.55952762481,-0.00503611632308,0.0580181972264
929,0.112823953829,0.180504885449,-0.445986050883,2.70540857443,0.00272462872112,15.1120816647,0.0239594604524,0.0561537036979
930,0.0994852432981,0.186476929296,-0.524307868173,2.70364994604,0.00272287009274,10.7755421626,0.0125413336162,0.0597134415066
931,0.0713370898394,0.195397352233,-0.511699010268,2.71386870735,0.00273308885404,4.9995768387,-0.0129668988188,0.0610567099346
932,0.0604149717877,0.203305760037,-0.59003182225,2.72280030264,0.00274202044934,3.59628548605,-0.0214795247981,0.0670572135058
933,0.0770651023502,0.195177737149,-0.498219361493,2.71749461986,0.00273671476656,5.89183638348,-0.00715203792735,0.0586439155482
934,0.0849696321984,0.193966760968,-0.462765988989,2.70259158254,0.00272181172924,7.33500055286,0.000486665478252,0.0682584260747
935,0.0804038656146,0.197700820472,-0.487722804048,2.70392080613,0.00272314095282,6.46939353089,-0.004130116541,0.0610261033738
936,0.0808340623543,0.204233267451,-0.589478836664,2.70605863345,0.00272527878014,6.5471122732,-0.00245530825002,0.0630924419451
937,0.0944667505949,0.193991870431,-0.422366273367,2.70253017121,0.0027217503179,9.4549160207,0.00872426339103,0.0580189117438
938,0.0837406319968,0.18832500791,-0.455746428675,2.70779633178,0.00272701647847,7.09295408755,-0.00194337755526,0.0564129365346
939,0.0811731424619,0.199462514411,-0.502045412341,2.70191463328,0.00272113477997,6.60891739002,-0.00259720722069,0.0594976246512
940,0.0626397475317,0.19642457275,-0.576500535603,2.71557718942,0.00273479733611,3.85370736106,-0.017886968869,0.0632661023506
941,0.0955044948872,0.183008409573,-0.43889845518,2.69890939592,0.00271812954261,9.71574791118,0.00856364122278,0.0595284585343
942,0.0746891865611,0.196979399972,-0.613335351563,2.70885405047,0.00272807419716,5.50725280873,-0.00920890387163,0.0605432094306
943,0.0718733278531,0.206500286021,-0.606425486865,2.70864690988,0.00272786705657,5.07814888148,-0.0109511646744,0.0634184781884
944,0.0894208808871,0.188290891981,-0.483291306991,2.69893320474,0.00271815335143,8.27126492827,0.00388541057525,0.0589818161475
945,0.0784720181945,0.189398071819,-0.476526376242,2.70162361352,0.00272084376021,6.12977510681,-0.00708554565173,0.0637187693137
946,0.0861634148285,0.197141616241,-0.522323672874,2.70515992207,0.00272438006876,7.57676612991,0.00240962012771,0.0649111988704
947,0.0782687665268,0.210821432736,-0.657020368208,2.71281387511,0.0027320340218,6.09491935465,-0.00413154752245,0.0691469621418
948,0.0683417449434,0.196459215571,-0.550297042393,2.7049828482,0.00272420299489,4.57833337306,-0.014129231104,0.0633790981264
949,0.0814179469962,0.185733516001,-0.487426249898,2.69565526515,0.00271487541184,6.65384083304,-0.00423738166541,0.0581075114702
950,0.0836134292365,0.198823165039,-0.506049273406,2.7056612884,0.00272488143509,7.06829157154,0.000551647618348,0.0664672032195
951,0.081100112537,0.192296272191,-0.549813850147,2.70503370265,0.00272425384934,6.5955650304,-0.00351883050377,0.0604413592793
952,0.0758029891192,0.196285312795,-0.589336271427,2.70013436264,0.00271935450933,5.68489903449,-0.00849588862626,0.0563087479798
953,0.0934997473664,0.194062290498,-0.458809319757,2.70600797158,0.00272522811827,9.21736722773,0.0080853234577,0.0584581151719
954,0.0885646903779,0.194623163581,-0.51840878577,2.72322513859,0.00274244528529,8.08365790803,0.00301908652296,0.070900176974
955,0.0955895308546,0.194723179371,-0.527451524865,2.70373932541,0.0027229594721,9.73739645371,0.00864583316146,0.0595147116157
956,0.0732404418984,0.191724870711,-0.477649588018,2.70007512176,0.00271929526845,5.28296711614,-0.0106271037806,0.0613118752349
957,0.110949573614,0.195949568449,-0.525767304689,2.7059567122,0.00272517685889,14.4211074794,0.0242449002989,0.0593497851917
958,0.0975064015632,0.198157095136,-0.613083110567,2.7093594633,0.00272857960999,10.2367036831,0.0129584985993,0.0648919348157
959,0.0573407592217,0.203596987913,-0.616765120858,2.70521661631,0.00272443676301,3.2620886055,-0.0248322179906,0.0630089301052
960,0.0983039428061,0.194387229521,-0.587697527782,2.70660921779,0.00272582936448,10.4509588974,0.012387263793,0.0616348487438
961,0.0869756265547,0.188922843247,-0.49760136045,2.71094254959,0.00273016269628,7.74509509697,0.001601341692,0.061428290786
962,0.0869094710531,0.18747290433,-0.497867905403,2.7047271,0.00272394724669,7.7312665507,9.05390542176e-05,0.06006798911
963,0.0607090034178,0.198836104594,-0.557041554408,2.70497925215,0.00272419939884,3.62953822985,-0.0229369218721,0.0588293229807
964,0.0733828276203,0.186920448672,-0.512598333945,2.71104770347,0.00273026785017,5.30467666688,-0.012121714338,0.0607667210727
965,0.0929642282777,0.196319377446,-0.546848515202,2.70623231035,0.00272545245704,9.08805635753,0.00717020936535,0.066336004203
966,0.0937606521188,0.1825408953,-0.522975693404,2.7035801806,0.00272280032729,9.28094340233,0.00741104729715,0.0620429275026
967,0.0921694752284,0.192208648688,-0.475434181276,2.70972697589,0.00272894712259,8.89904526439,0.00606827611613,0.0595640049112
968,0.0786004836033,0.202321711641,-0.542577674868,2.72356507941,0.0027427852261,6.15189057766,-0.005991893172,0.0671579630395
969,0.0770830585701,0.189964102291,-0.541567337038,2.70042678695,0.00271964693364,5.89482448015,-0.00713769577275,0.0608150679067
970,0.101707933686,0.202390917352,-0.587937360755,2.71568467024,0.00273490481694,11.4104058889,0.016999094817,0.0624532911902
971,0.0962257820516,0.185864621831,-0.48689795904,2.6950221172,0.0027142422639,9.90071366701,0.00908765449473,0.055908826507
972,0.104487382287,0.193242660847,-0.49842092458,2.70593260976,0.00272515275645,12.2506997584,0.0175673246076,0.0617152666015
973,0.0560335608175,0.205731198074,-0.669316428275,2.71449606542,0.00273371621211,3.12717744524,-0.0253315467587,0.0607362551916
974,0.0601108920121,0.199873725387,-0.524953531373,2.70093140894,0.00272015155563,3.56213798815,-0.0228563451245,0.0619749286439
975,0.0856933818671,0.195993502107,-0.501164899635,2.71732296035,0.00273654310704,7.48078069517,0.00143429225585,0.0562419538605
976,0.0972998456762,0.207656489994,-0.625233212194,2.71839520331,0.00273761535,10.1818451445,0.0142574909526,0.0674225626694
977,0.0990426268522,0.200715013843,-0.590923571731,2.71195703372,0.00273117718041,10.6529024059,0.0141632639021,0.059696268234
978,0.0913359265111,0.189047496452,-0.458542612673,2.70858120047,0.00272780134716,8.70446777535,0.00570723950404,0.0622747163857
979,0.0901531066187,0.197032299154,-0.594504992805,2.70033770591,0.0027195578526,8.43465954009,0.00558596088373,0.0602872522276
980,0.0637231414543,0.194285726982,-0.562236985,2.71375510236,0.00273297524905,3.9840285447,-0.0201815472972,0.0631921817672
981,0.077558935786,0.18723760171,-0.506621442917,2.70003535425,0.00271925550094,5.97447078512,-0.00814394960583,0.0592319900677
982,0.0907526448511,0.189247498487,-0.56810949715,2.70065077266,0.00271987091935,8.57050352526,0.0050504228044,0.059325516457
983,0.0635978137859,0.199390395614,-0.642951075146,2.71325843894,0.00273247858563,3.96878255655,-0.019357481508,0.0633350210971
984,0.0839770417524,0.202555932378,-0.598806952108,2.70742211463,0.00272664226132,7.13898271978,-0.000159118549058,0.0590215161033
985,0.0546719793985,0.199011756313,-0.501981685749,2.71973602868,0.00273895617537,2.99102316647,-0.0273054765883,0.0615245270329
986,0.0623133506637,0.202101149968,-0.631922620589,2.70392214253,0.00272314228922,3.81509173521,-0.0202285542663,0.0655629366782
987,0.0756621139712,0.205057931738,-0.512267781328,2.70593239418,0.00272515254087,5.66217518265,-0.00765750792102,0.0598735944051
988,0.103857937894,0.190006203115,-0.521848503484,2.69358989623,0.00271281004292,12.0557418912,0.0163423123439,0.0591402778325
989,0.073581284083,0.194825771444,-0.514108498949,2.71743160364,0.00273665175034,5.33505568392,-0.0100682304558,0.0634758857015
990,0.0618422290658,0.1906568187,-0.557740073473,2.70681297137,0.00272603311806,3.75987441256,-0.0216506914511,0.0617778464879
991,0.0997794638471,0.193521125781,-0.452475040119,2.70209434894,0.00272131449563,10.8577501826,0.0134630110803,0.0640225097995
992,0.0758511665809,0.205055068084,-0.563033615213,2.72044687209,0.00273966701878,5.692687383,-0.00568613819235,0.0627611460151
993,0.101544507952,0.192902128637,-0.506893287626,2.70575832676,0.00272497847345,11.3626275496,0.0150742386453,0.0589182042388
994,0.0830157326471,0.193144683978,-0.575329766702,2.7086768249,0.00272789697159,6.95337237316,-0.00162191460843,0.0624616069262
995,0.0910060487317,0.202664504483,-0.671921327923,2.70293039106,0.00272215053775,8.62848373227,0.00732559836124,0.0638773288199
996,0.0666998266136,0.19263755025,-0.563562652039,2.71144576099,0.00273066590769,4.35964746624,-0.0167119380146,0.0585862725392
997,0.0963778427241,0.197551971503,-0.560030762541,2.71370735831,0.002732927505,9.94009780028,0.0101369951629,0.0584384087671
998,0.0947649879946,0.203493594312,-0.583780923811,2.70032461131,0.002719544758,9.52924469242,0.00966088738066,0.0603963461693
999,0.0811247750723,0.201878776845,-0.602514343038,2.70373370217,0.00272295384886,6.60007166099,-0.0030839208662,0.0601187027449
1000,0.0733226570491,0.18978528978,-0.533378980747,2.71045202565,0.00272967217234,5.29549367457,-0.0104936508349,0.0627536494676
1001,0.0865807280061,0.197047600517,-0.604509864109,2.71431569647,0.00273353584316,7.66286034502,0.00126650933173,0.0596681936031
1002,0.100225931776,0.199991571131,-0.553787008084,2.70851633963,0.00272773648632,10.9835525148,0.0141076927867,0.058475994359
1003,0.0853896924659,0.195095312325,-0.522540014264,2.70863784679,0.00272785799348,7.41931445554,0.000637241183378,0.0604005126312
1004,0.0845325407016,0.19683201945,-0.556053962774,2.71318151657,0.00273240166327,7.24813030855,-0.000158143718109,0.0591206393612
1005,0.0744332179662,0.194074085583,-0.559275248661,2.70463036618,0.00272385051287,5.46707324952,-0.0105650711901,0.0571818676495
1006,0.0851297083301,0.193662197271,-0.529007096595,2.71765242764,0.00273687257434,7.36703461703,0.000319610011046,0.0561557002831
1007,0.0712113944425,0.201706656162,-0.579918256506,2.7080910557,0.0027273112024,4.98130117161,-0.0108623140849,0.0573888223145
1008,0.0812628205757,0.211192079969,-0.596893151263,2.70449901498,0.00272371916168,6.62534448135,-0.00202104909602,0.061305395034
1009,0.0891112136353,0.198493551789,-0.57439546284,2.70797341457,0.00272719356126,8.20298510733,0.00415029074278,0.0603063407385
1010,0.103436265015,0.198293503736,-0.543635211334,2.70189197996,0.00272111212665,11.9266830459,0.0176955394182,0.061997532339
1011,0.0880570170129,0.179668407627,-0.422982881177,2.70741071183,0.00272663085852,7.97414702593,0.000762771328176,0.0588451461011
1012,0.0867630440821,0.210830147168,-0.575487704384,2.71473301035,0.00273395315704,7.70073351725,0.00409447065038,0.0638428984935
1013,0.0785630097591,0.188725773417,-0.55717688569,2.7048524785,0.00272407262519,6.14543260646,-0.00650370071685,0.0568343962113
1014,0.0724161727987,0.192703688108,-0.550630624432,2.70509623498,0.00272431638167,5.15869633154,-0.011981750012,0.05733287598
1015,0.0894450315474,0.196977635205,-0.60519239493,2.715029568,0.00273424971469,8.27661043493,0.00574011097873,0.0637675405597
1016,0.0846074564999,0.193078065058,-0.491351331061,2.70358137373,0.00272280152042,7.26295745618,-0.000332311201715,0.0573361123088
1017,0.0918050710568,0.199527170588,-0.650679080207,2.70105092524,0.00272027107193,8.81352431774,0.00713406509302,0.06121994349
1018,0.0918478949278,0.186844759374,-0.50516836838,2.70191391949,0.00272113406619,8.82353756606,0.00440677117664,0.0602104198371
1019,0.0743687829791,0.200988735623,-0.585368524089,2.71208516555,0.00273130531224,5.45699649302,-0.00919999069561,0.0607133556096
1020,0.0864369970006,0.187481748012,-0.503792339621,2.7167934021,0.00273601354879,7.63311438274,0.000840318772507,0.0561193351437
1021,0.102519510174,0.199809397502,-0.660467194342,2.70106875886,0.00272028890555,11.650316581,0.0168835647131,0.0648614015957
1022,0.0845227351097,0.193327442402,-0.519629681355,2.71454265819,0.00273376280488,7.24619150472,-0.000468435584373,0.0603791208626
1023,0.0857028854317,0.195759793207,-0.513957838647,2.71315353391,0.0027323736806,7.48271114674,0.000853637604405,0.0601652511132
1024,0.0695727817149,0.191281061432,-0.477295257376,2.712320971,0.0027315411177,4.74789588768,-0.0147426034573,0.0588406939612
1025,0.0697841719453,0.200177098895,-0.541837874335,2.70864946708,0.00272786961377,4.77750688464,-0.0128703274844,0.0619904445057
1026,0.0983400079531,0.188110865381,-0.477466407704,2.70604763512,0.00272526778181,10.4607398581,0.011582933772,0.061171133657
1027,0.087326126217,0.190649087579,-0.475636315137,2.70135382932,0.00272057397601,7.81871243869,0.00234792660854,0.0617597429717
1028,0.0801982009014,0.187668773691,-0.462977418493,2.70050874554,0.00271972889223,6.43251088251,-0.00540901993352,0.0616488116333
1029,0.0643946708198,0.19372158652,-0.551961116042,2.71646426628,0.00273568441297,4.06648871712,-0.018995235807,0.060732290326
1030,0.0882095380487,0.190202336322,-0.4702516685,2.70080192904,0.00272002207573,8.00691342322,0.00244956731891,0.0599143072195
1031,0.0673375513002,0.198102547921,-0.548073994083,2.70864682098,0.00272786696767,4.4435881576,-0.0153261544218,0.0647796983433
1032,0.0821425001532,0.197851565975,-0.584357186528,2.7064670101,0.0027256871568,6.78830111371,-0.0019426862991,0.0562780401516
1033,0.072160290665,0.192431058512,-0.547074806917,2.70582735566,0.00272504750235,5.12060143651,-0.0141587599671,0.058177289117
1034,0.0909066908452,0.202184345428,-0.532518488714,2.70536904291,0.0027245891896,8.60570996056,0.00588457273122,0.0636215675715
1035,0.0713126794351,0.193248067646,-0.515070293297,2.70280969939,0.00272202984609,4.99602345611,-0.0131818735595,0.061256920112
1036,0.0690298232121,0.20292365264,-0.599730637887,2.71971292391,0.00273893307061,4.67250690499,-0.0135720795197,0.0646590906902
1037,0.107741979149,0.198871937614,-0.552110021387,2.71494354983,0.00273416369652,13.3042403882,0.0219656802515,0.0558015714096
1038,0.0713527309791,0.211007824804,-0.634357745523,2.71558827227,0.00273480841897,5.00185475808,-0.0108106396664,0.0585821879757
1039,0.094574863488,0.18916421136,-0.49958802454,2.71991381281,0.0027391339595,9.48180213577,0.00852644675662,0.0614590561955
1040,0.100735103625,0.198174652675,-0.592753262601,2.71129634005,0.00273051648674,11.1285895143,0.0144580183619,0.0604934848707
1041,0.076105195346,0.198691704532,-0.533630847364,2.71393744244,0.00273315758914,5.73389807135,-0.00731701912211,0.0628740422122
1042,0.0731290715789,0.193600567785,-0.524207870493,2.70865169388,0.00272787184057,5.26603660098,-0.0107952063067,0.0636786068988
1043,0.0996073859143,0.1938744961,-0.558462334941,2.70573908757,0.00272495923426,10.809603223,0.0141818620373,0.0612715117452
1044,0.0790836047913,0.197192732609,-0.509639407936,2.71273395802,0.00273195410471,6.23565241089,-0.00452636627918,0.0574334491487
1045,0.0770234595683,0.198064625461,-0.480862985133,2.69346371823,0.00271268386493,5.88491139486,-0.00680708112012,0.058236774429
1046,0.0818183507699,0.188430393621,-0.51288586043,2.70907494152,0.00272829508821,6.72786808953,-0.00349554641354,0.0618320425072
1047,0.0724735976707,0.18924139691,-0.523141308353,2.70527170612,0.00272449185282,5.16727682804,-0.0118068901958,0.0564664892976
1048,0.0719430447065,0.201758278071,-0.5751266401,2.71634667893,0.00273556682563,5.08843650382,-0.0110922057524,0.0595613994587
1049,0.105629654448,0.191763410714,-0.507664356054,2.71099830514,0.00273021845183,12.6116677695,0.0185935468161,0.0615214794482
1050,0.0712764641236,0.20027658668,-0.574822866386,2.70583136545,0.00272505151214,4.99075538046,-0.013466389893,0.0654087080643
1051,0.0804827870131,0.189413073074,-0.463493909355,2.69974122399,0.00271896137068,6.4835934812,-0.0058148448857,0.0581280092919
1052,0.0680157109039,0.19959401486,-0.611887577664,2.71253040213,0.00273175054882,4.53423754455,-0.0145225928876,0.064667298691
1053,0.0662977423754,0.207605261595,-0.559721312953,2.71315747268,0.00273237761937,4.30736426131,-0.0150281924929,0.0628357618839
1054,0.0978525097322,0.199007688003,-0.537795247006,2.71464353952,0.00273386368621,10.3292060722,0.0119524272223,0.0579875872261
1055,0.0750795271227,0.194905816683,-0.568700174114,2.71172767746,0.00273094782415,5.56898729269,-0.00772982861096,0.0586789397068
1056,0.0890399244732,0.192777218789,-0.494164837888,2.70436515701,0.0027235853037,8.18733487125,0.00305455219773,0.0589322782923
1057,0.103405649885,0.191948999298,-0.485470526056,2.70024693634,0.00271946708303,11.9173607786,0.0171483159804,0.065581361231
1058,0.0901675111058,0.188990238381,-0.424640111836,2.70318618018,0.00272240632687,8.43790147645,0.00468453992895,0.0623265647857
1059,0.0974054742447,0.186134505894,-0.424385991012,2.70291418601,0.00272213433271,10.2098664559,0.0101054171713,0.0576675530065
1060,0.077911163942,0.192976922866,-0.532476612915,2.71237286256,0.00273159300925,6.03399122427,-0.00621220959817,0.0608251155133
1061,0.0922739136484,0.208418801384,-0.555492880922,2.72467425129,0.00274389439798,8.92368743804,0.00810510086563,0.0573944480487
1062,0.0643246364567,0.1917011646,-0.506289469097,2.70576778705,0.00272498793374,4.05782798484,-0.0200861597262,0.0549855159221
1063,0.0832985111591,0.192805185365,-0.559835507066,2.70783980845,0.00272705995515,7.00754468109,-0.00202824511318,0.0575863025288
1064,0.0790722691126,0.20708258329,-0.578208945303,2.70883149937,0.00272805164606,6.23367630909,-0.00477619652378,0.0553951163505
1065,0.0534811253348,0.205322570454,-0.600082529239,2.7090589907,0.00272827913739,2.87549078034,-0.0291307148207,0.0591637829041
1066,0.074207002542,0.195694780385,-0.533539781651,2.71105750854,0.00273027765523,5.4317627255,-0.00952862044126,0.0572473283519
1067,0.0953874898459,0.196908304707,-0.515203395474,2.71330065641,0.00273252080311,9.68602924045,0.00980565052417,0.0569781918417
1068,0.0977136486331,0.201727700426,-0.557715856491,2.70870448107,0.00272792462776,10.2920058306,0.0126892075691,0.0581311268782
1069,0.0772329058833,0.186744134118,-0.448488328138,2.69930919364,0.00271852934034,5.91980921096,-0.00805265662239,0.062087239921
1070,0.0901715221228,0.197171339697,-0.528180174521,2.70703114063,0.00272625128732,8.43880440398,0.00579700811955,0.0617751955192
1071,0.0887284984066,0.19143730067,-0.550127115679,2.70882706364,0.00272804721033,8.11926652419,0.00409517324484,0.0556608765114
1072,0.0717201292666,0.205594792306,-0.608904721872,2.71565990303,0.00273488004972,5.0556011376,-0.0110503687861,0.0618193680389
1073,0.075939055628,0.207321623921,-0.597284862901,2.70690618268,0.00272612632937,5.70691797229,-0.00733185403463,0.0571370451531
1074,0.0928479667361,0.202756959689,-0.636581964157,2.71103474595,0.00273025489264,9.06019152386,0.00809463086568,0.059038838322
1075,0.0978746587666,0.198869326512,-0.627896880152,2.71104054267,0.00273026068936,10.3351505816,0.0121413614976,0.065590879926
1076,0.0816741103981,0.186413188987,-0.455884356795,2.71221146617,0.00273143161286,6.70112172753,-0.00368394101495,0.0615144529388
1077,0.0971037260103,0.188866552028,-0.482910722681,2.70635770261,0.0027255778493,10.1299967277,0.00995786774533,0.0567024194476
1078,0.0835841382769,0.206432672107,-0.613867762453,2.71318645527,0.00273240660197,7.06262278274,0.000392301796743,0.0615404513557
1079,0.0901964292631,0.195917021512,-0.617144571702,2.71052728734,0.00272974743403,8.44441315647,0.00502414623247,0.0635971837701
1080,0.0763423316109,0.190405746518,-0.49361190398,2.70304648834,0.00272226663503,5.77258843561,-0.00834783679469,0.0588180284287
1081,0.0723727709239,0.183650166165,-0.528464399075,2.71635622888,0.00273557637557,5.15221878655,-0.0125659352057,0.060744060604
1082,0.0882951626834,0.198910472848,-0.645505424695,2.70932630243,0.00272854644912,8.02535871957,0.00327600650885,0.0625327904824
1083,0.102901206357,0.184762963587,-0.490007700699,2.71091456614,0.00273013471284,11.7646859727,0.0140881163777,0.06063824238
1084,0.0668723892417,0.199506873253,-0.561052784134,2.70814114901,0.0027273612957,4.38223742654,-0.0143807945031,0.0698191027774
1085,0.0701420824896,0.201178004014,-0.556875058741,2.71673471821,0.0027359548649,4.82797678071,-0.0128823021209,0.0667958514386
1086,0.0986652750941,0.18919148173,-0.503656722347,2.70964229857,0.00272886244527,10.5493168344,0.0121092443231,0.0594386988811
1087,0.087868638023,0.187886955227,-0.487348300807,2.70197881423,0.00272119896092,7.93383537812,0.00126152982958,0.056925520346
1088,0.0805935817763,0.190516851242,-0.488419748552,2.69918991478,0.00271841006147,6.5035720595,-0.00456857736211,0.0595462991739
1089,0.0635978365992,0.205312235798,-0.589502739348,2.71621220478,0.00273543235147,3.96878532768,-0.0177816748963,0.0608937529369
1090,0.0913409236682,0.196138465295,-0.57686190636,2.70451354444,0.00272373369113,8.70562324181,0.00712305524509,0.0591578280404
1091,0.0750340951388,0.209584077942,-0.594149050457,2.71005671657,0.00272927686326,5.56177312326,-0.00847200122052,0.0631867756174
1092,0.0765894191102,0.189275232605,-0.525851877526,2.69905560006,0.00271827574675,5.81312977006,-0.0077231905853,0.0544732171488
1093,0.0736082671544,0.188308518002,-0.531260273944,2.7166653246,0.00273588547129,5.33919701124,-0.010591934197,0.0631158996117
1094,0.0692288132399,0.192848889403,-0.56325801411,2.70348331385,0.00272270346054,4.70002533302,-0.0135527309854,0.0643950854803
1095,0.101490155572,0.197675707228,-0.539968106205,2.70025641947,0.00271947656616,11.3467765864,0.0152393191592,0.0608113123548
1096,0.0757228952102,0.19753750865,-0.563262629262,2.70538807917,0.00272460822586,5.67197036978,-0.00892789343348,0.0589663156646
1097,0.0650752960659,0.194403070582,-0.528969835584,2.71592861439,0.00273514876108,4.15140365349,-0.0171449678239,0.0644355750739
1098,0.10889301206,0.189285635688,-0.498201255449,2.71607038296,0.00273529052965,13.6957672219,0.0227618289328,0.0590794709628
1099,0.0753959497049,0.197301276303,-0.518364131031,2.70956155282,0.00272878169952,5.61944415263,-0.00918886796098,0.0574061735904
1100,0.0924746632085,0.191062479758,-0.482339749032,2.70850411922,0.00272772426591,8.97121991501,0.00650448975262,0.0606597871433
1101,0.0876524626153,0.18671061321,-0.495732937379,2.69628861972,0.00271550876641,7.88779005268,0.00124955221602,0.0529387194514
1102,0.0758066170129,0.184541004677,-0.463463935985,2.71782462549,0.00273704477219,5.68548521474,-0.00963743804813,0.0592899836066
1103,0.0593806168691,0.205887930664,-0.626222472718,2.70621880756,0.00272543895425,3.48112315877,-0.0223475817304,0.0652576535927
1104,0.0932709741257,0.190864115459,-0.473983014388,2.70114343446,0.00272036358115,9.16193193283,0.00703207859551,0.0564752720476
1105,0.0899240370008,0.193206654504,-0.566391381619,2.71107151525,0.00273029166195,8.38324782521,0.00423964000744,0.061675451773
1106,0.0755951355664,0.197454775958,-0.514295886866,2.71482557919,0.00273404572588,5.65139730674,-0.00795074978378,0.0673971957858
1107,0.0936878017615,0.187840608209,-0.481320705848,2.71242655546,0.00273164670215,9.26315335863,0.00748576149844,0.0587666105829
1108,0.0713275153623,0.203504194362,-0.546760773214,2.70292813066,0.00272214827735,4.99818285646,-0.0132841405696,0.0600720932857
1109,0.0840263203705,0.192971775493,-0.452726038294,2.71532786599,0.00273454801268,7.14860884714,-0.00138221741493,0.0589684912206
1110,0.0848596078783,0.185093803312,-0.469377091404,2.70650574873,0.00272572589542,7.31305115985,-0.00155217941142,0.0591638823613
1111,0.0769752623024,0.20249007496,-0.554834113552,2.71200858305,0.00273122872974,5.8769047811,-0.00671142536742,0.0609301643646
1112,0.0546826943702,0.196191159444,-0.651038164452,2.71655224207,0.00273577238876,2.9920775758,-0.0275890444967,0.0600270087634
1113,0.0791788269084,0.191887781947,-0.547822246943,2.70769254631,0.00272691269301,6.25227259362,-0.00564004019092,0.0595559846906
1114,0.0782240270202,0.192618153786,-0.500499181062,2.7134692525,0.0027326893992,6.08726898185,-0.00536493874326,0.0631622665211
1115,0.0770322476055,0.199314132744,-0.58833839066,2.71694149435,0.00273616164104,5.88637224474,-0.00687867410836,0.0647008491034
1116,0.0767413443405,0.203074865319,-0.617514139119,2.72102416042,0.00274024430711,5.83817292162,-0.00687478394063,0.0622992182447
1117,0.0796634293622,0.197613453469,-0.523482836205,2.70227043067,0.00272149057736,6.33742605565,-0.00483991466205,0.0612670267098
1118,0.0758072820817,0.204791471408,-0.574017603681,2.71237578559,0.00273159593229,5.6855926792,-0.00668147658429,0.0596389394027
1119,0.105186508237,0.19702477062,-0.555978838038,2.71426979098,0.00273348993768,12.4705211566,0.017410643529,0.0546838754571
1120,0.0856049871529,0.185570553042,-0.525910069732,2.70019793051,0.00271941807721,7.46284537228,-0.000532204359565,0.0577705572254
1121,0.0863576572617,0.194439563587,-0.491304020167,2.69505161405,0.00271427176074,7.61673665999,0.00127462966357,0.0628869197027
1122,0.0895989219373,0.198658651377,-0.598720619859,2.71897366133,0.00273819380802,8.31074220205,0.00606460348024,0.0580998108254
1123,0.0904164825354,0.209212266972,-0.58740673839,2.70874828602,0.00272796843271,8.49410561439,0.00617496643429,0.062686382817
1124,0.103334711474,0.195144201524,-0.546213524739,2.71003236285,0.00272925250955,11.8957849609,0.0169081567544,0.0582839246953
1125,0.0686646207843,0.202117667353,-0.588537227909,2.71186389202,0.00273108403871,4.62233489028,-0.0134844871686,0.059569984814
1126,0.0762195113315,0.205158753541,-0.61831787154,2.7142347375,0.00273345488419,5.75252288013,-0.00782287686991,0.0641525694232
1127,0.0720224809568,0.204941718001,-0.635379189969,2.70759740377,0.00272681755047,5.10017875552,-0.0116242296502,0.0592292991838
1128,0.092686460453,0.186781956065,-0.548530387177,2.71093099036,0.00273015113706,9.02160550046,0.00657350540102,0.0583209724939
1129,0.10611788131,0.198282440916,-0.557513225608,2.70400385173,0.00272322399842,12.768819345,0.0197192375796,0.0604763988577
1130,0.0787425130511,0.193256236005,-0.503823007576,2.7077626009,0.00272698274759,6.17641788717,-0.00520929500741,0.0587034380076
1131,0.0669866778517,0.193565684804,-0.585534428798,2.71399865103,0.00273321879773,4.39724917325,-0.0169576257092,0.0576447575812
1132,0.0780119879661,0.189647390869,-0.476098074322,2.70208576187,0.00272130590856,6.05111844848,-0.00629300113396,0.0674333842636
1133,0.0675269364055,0.199039231927,-0.58985705793,2.70019496613,0.00271941511283,4.46875849893,-0.0158609643395,0.0569216503532
1134,0.0844338951597,0.199761528928,-0.588497176403,2.70375949855,0.00272297964524,7.22864564643,0.000993642505505,0.0633123793469
1135,0.0557718250602,0.204058236716,-0.640496833978,2.71083634202,0.00273005648871,3.10066256222,-0.0250338614828,0.0641603742129
1136,0.0843662711751,0.20307894923,-0.566525697561,2.72215839011,0.00274137853681,7.21531400145,0.000697207445091,0.0585600714809
1137,0.0900961986643,0.196050227669,-0.536122072446,2.701965245,0.00272118539169,8.42186205748,0.00501902221422,0.06307448041
1138,0.0620155277954,0.191538239239,-0.575280571746,2.7068175934,0.00272603774009,3.78011454672,-0.022766856214,0.0592328893331
1139,0.0587845973604,0.195609247579,-0.583937043225,2.70914655517,0.00272836670186,3.41602927998,-0.0258195141581,0.0522564161453
1140,0.082608563371,0.193491783151,-0.574114152454,2.71461992378,0.00273384007047,6.87598893251,-0.00299594785206,0.0569781237018
1141,0.0891677288468,0.19258543755,-0.50590852876,2.69793081626,0.00271715096295,8.21541020474,0.00295680934073,0.0569920576779
1142,0.067554738639,0.198054599507,-0.638626727619,2.71158349563,0.00273080364232,4.47246297846,-0.0156848230749,0.0617660135543
1143,0.0863461803402,0.192968399827,-0.551909810553,2.71155235106,0.00273077249775,7.61437000876,0.00183399103259,0.0646115367601
1144,0.0578222572608,0.197754648782,-0.54263734888,2.70233982425,0.00272155997094,3.3128428638,-0.0252627753527,0.0572247741029
1145,0.0889355547459,0.195513935132,-0.587879045024,2.70832212389,0.00272754227059,8.16446855003,0.00336714706074,0.0611704302311
1146,0.0896306648775,0.182469549344,-0.496656609287,2.70993087403,0.00272915102072,8.31779756191,0.00325658421443,0.0579991243647
1147,0.0792841566354,0.200007651162,-0.522434479582,2.70514961855,0.00272436976524,6.27069972974,-0.00425975583402,0.0572111714318
1148,0.0892462345951,0.191071263763,-0.513403340354,2.70398438023,0.00272320452692,8.23269677916,0.00248651476797,0.0562349088839
1149,0.0838439846533,0.191162419096,-0.584199577093,2.70453902926,0.00272375917596,7.11304582096,-0.00248841062273,0.0568970966142
1150,0.102148315536,0.180436370367,-0.506062552327,2.70730319429,0.00272652334098,11.5400392428,0.0145094135754,0.0607252758997
1151,0.0710088301517,0.191398095738,-0.505118578513,2.71678420365,0.00273600435035,4.95196163047,-0.0131202851182,0.0611828495946
1152,0.061585849875,0.191250756477,-0.520683235686,2.70712862824,0.00272634877493,3.73008209918,-0.0222495553455,0.0581148906436
1153,0.085746882931,0.193236385238,-0.52679504225,2.70372565208,0.00272294579877,7.49165383137,0.000327880016416,0.0616218594561
1154,0.0768189620951,0.209268243431,-0.623135394119,2.7237343989,0.00274295454559,5.85100146595,-0.00613460097838,0.0598632155375
1155,0.0804629209211,0.192417938041,-0.600582752119,2.70575259376,0.00272497274045,6.48001662753,-0.00402447715121,0.0578843310461
1156,0.0824988484853,0.190710749954,-0.478042940466,2.70948117332,0.00272870132001,6.85526150924,-0.00273397554251,0.0606269344839
1157,0.0649950097038,0.190809498183,-0.509131939617,2.70360599809,0.00272282614478,4.1413163735,-0.0189808809654,0.0627819194
1158,0.0641367847786,0.1949839576,-0.585813309022,2.71869755538,0.00273791770208,4.03466773062,-0.0203445246746,0.0572258534314
1159,0.112590505762,0.191057996458,-0.504739761388,2.70224825628,0.00272146840297,15.0244273671,0.0256410427641,0.0599862859591
1160,0.0825523406507,0.192848719973,-0.537991206584,2.706589793,0.00272580993969,6.8653607307,-0.00231693119014,0.0565197268598
1161,0.0942787485436,0.188135239868,-0.503754558267,2.71452627047,0.00273374641716,9.40832046504,0.00811230322365,0.0631026264673
1162,0.074770510513,0.194480785129,-0.5183570425,2.71074336064,0.00272996350733,5.52006845067,-0.00953873698364,0.0571568361339
1163,0.0924158119967,0.192390952399,-0.43024855502,2.72028002636,0.00273950017305,8.9572627853,0.00513670412218,0.0603987639224
1164,0.0767947414618,0.192555605829,-0.523698264925,2.71793196294,0.00273715210963,5.84699583471,-0.00766444170531,0.0666490920008
1165,0.0755002721377,0.199302975715,-0.530033283083,2.7017579489,0.00272097809559,5.63616097745,-0.00830783827413,0.0584674343662
1166,0.0884822367392,0.196023266668,-0.446975380383,2.70574917817,0.00272496932486,8.06578474561,0.00397885335748,0.0650904266238
1167,0.0844174203303,0.189668520016,-0.522109121913,2.70901824206,0.00272823838875,7.22539582168,-0.000871269158962,0.0629936187369
1168,0.095101461712,0.191383672325,-0.51555555927,2.70909176582,0.00272831191251,9.61371287712,0.00803435072736,0.0564530905265
1169,0.10111186999,0.190453951064,-0.533083062291,2.70427118473,0.00272349133142,11.2369959827,0.0146778508015,0.0561644491843
1170,0.0697326742946,0.198936319551,-0.594854918095,2.72297790359,0.00274219805028,4.7702797422,-0.0133176286874,0.0622986429419
1171,0.0667918972951,0.201424669568,-0.508875396638,2.70708470352,0.00272630485021,4.37168895645,-0.0156332255849,0.060646065605
1172,0.075145931857,0.191129291349,-0.556710834765,2.7126040791,0.00273182422579,5.57954545798,-0.00917503801126,0.0605033099824
1173,0.0734404814354,0.188394163457,-0.530155512839,2.71352527307,0.00273274541977,5.31348764394,-0.0104196422831,0.0614173908118
1174,0.0648995349585,0.203288837061,-0.651729588741,2.71447080046,0.00273369094716,4.12934552713,-0.0185472329261,0.0626984610341
1175,0.0756378994776,0.202557901395,-0.549566584901,2.72042328304,0.00273964342973,5.65827675416,-0.00845245180293,0.055583846969
1176,0.0625451183338,0.193473391553,-0.596993573864,2.71031084255,0.00272953098924,3.84248134851,-0.0209113329487,0.0592062033663
1177,0.0678393725917,0.20346585665,-0.580201285265,2.71113124683,0.00273035139352,4.51052779659,-0.0147944146078,0.0632559276135
1178,0.0869508188028,0.188672353068,-0.542041596771,2.71211748044,0.00273133762713,7.73990704337,0.00195188050037,0.0591321730339
1179,0.107336660545,0.199611302542,-0.566242809429,2.71105733017,0.00273027747686,13.1687733089,0.0201975570407,0.057548921029
1180,0.0889498485945,0.18712676956,-0.523384386744,2.70847023526,0.00272769038195,8.16759694632,0.00270162630238,0.058110979685
1181,0.0736992761508,0.201263965846,-0.60603778277,2.716563044,0.00273578319069,5.35318416083,-0.0111233734567,0.0561687389809
1182,0.0829736135543,0.194888292487,-0.561439971153,2.72061186229,0.00273983200899,6.94533376887,-0.00161858839478,0.0647525756001
1183,0.097389930427,0.195046327106,-0.539975107702,2.70010707309,0.00271932721979,10.2057387349,0.0123885206518,0.0590202467004
1184,0.0935851315067,0.195184946423,-0.531847186413,2.70148773317,0.00272070787987,9.23813154758,0.00912004816962,0.0643388236078
1185,0.0861632077766,0.205333037738,-0.631577895978,2.70712279845,0.00272634294514,7.57672361877,0.00381761939057,0.0583616207546
1186,0.0928003822373,0.197741375278,-0.628495375526,2.70894306164,0.00272816320834,9.04880812786,0.00802244904828,0.0645670432901
1187,0.0866253359685,0.198599278824,-0.537527872991,2.71966404083,0.00273888418753,7.67211224244,0.00252561707593,0.0600758990612
1188,0.114670877678,0.183630119217,-0.49101889783,2.69612567251,0.0027153458192,15.8219974675,0.0260004542028,0.0624978742813
1189,0.0756053979638,0.196653283426,-0.627806590007,2.7200262401,0.0027392463868,5.65304759915,-0.00907081917063,0.054502383454
1190,0.0737434992913,0.198898939648,-0.524938730053,2.71220479115,0.00273142493784,5.35999151272,-0.010076025968,0.0619006285877
1191,0.0615273230555,0.204462050589,-0.509354865852,2.70974838733,0.00272896853402,3.7233062237,-0.0202038099048,0.0631048867949
1192,0.0850561013302,0.197158998342,-0.555153651643,2.71130012751,0.0027305202742,7.35228988021,0.000434277266837,0.0646856934337
1193,0.0490225717112,0.194101678622,-0.505772575292,2.71143501079,0.00273065515748,2.47083613252,-0.0341424757804,0.0647544393514
1194,0.0967805118122,0.194767091187,-0.556424392465,2.70073344756,0.00271995359425,10.0450522009,0.0112832831381,0.0603039030768
1195,0.0751567427816,0.186417647945,-0.548449542142,2.70277644982,0.00272199659651,5.58126590823,-0.0100035917126,0.0579307275122
1196,0.0945281592843,0.193202360146,-0.511093201693,2.71918331035,0.00273840345704,9.47017932839,0.00884184516824,0.054702434461
1197,0.0847318048676,0.185894585238,-0.504677074229,2.69803542217,0.00271725556887,7.28762476557,-0.00154746254982,0.0570424661682
1198,0.0797117049526,0.192585918721,-0.520132908066,2.7040978881,0.00272331803479,6.34596141719,-0.00536789834677,0.0589984173689
1199,0.0816773230535,0.195167044639,-0.565779189223,2.70992421812,0.00272914436481,6.70171647696,-0.00243246084972,0.0619842939765
1200,0.114575849156,0.193483147109,-0.452202270731,2.70386643521,0.0027230865819,15.7847481493,0.0266543697212,0.063645716353
1201,0.112936171738,0.199732306268,-0.544415139668,2.7104344861,0.0027296546328,15.1543807652,0.0253690975431,0.0557785540151
1202,0.0780240590292,0.193447764555,-0.578025603064,2.71188182036,0.00273110196705,6.05317167538,-0.00596629629554,0.058954910784
1203,0.0746855985575,0.203499721148,-0.568757348362,2.71862259931,0.00273784274601,5.5066879423,-0.00835850231044,0.0662359391816
1204,0.0857245258424,0.20745434977,-0.617813694109,2.71488021286,0.00273410035955,7.48710852286,0.00271813906885,0.0576548246078
1205,0.0927718466678,0.190811615805,-0.546121667086,2.7014459691,0.00272066611579,9.04198765137,0.0064251014231,0.0576716704786
1206,0.0698143205776,0.201932743332,-0.501404358349,2.71712816068,0.00273634830737,4.78174195997,-0.0120264609308,0.0670130306084
1207,0.0939831660268,0.202594011143,-0.663689044963,2.71411916851,0.0027333393152,9.33546504199,0.00920235653996,0.0703334445354
1208,0.0953450922338,0.196231238664,-0.515827745004,2.70499665588,0.00272421680258,9.67528004217,0.0101943414724,0.0602827723179
1209,0.0797759238884,0.20088534058,-0.559188563181,2.72184707369,0.00274106722038,6.35733043871,-0.00397648397811,0.0626284858495
1210,0.0901489877882,0.196408865145,-0.518353381097,2.70713547594,0.00272635562263,8.43373273511,0.00442777421327,0.0577702272742
1211,0.094358344637,0.185207974403,-0.483674924138,2.70159624788,0.00272081639457,9.42802361225,0.00680032011926,0.0580542578556
1212,0.0856747608134,0.190832962266,-0.541574090853,2.70387668897,0.00272309683566,7.47699943991,0.00123261141287,0.0623505833656
1213,0.0819490289698,0.195832547277,-0.496781961968,2.70531415947,0.00272453430616,6.75217672857,-0.00191776524771,0.0600722742527
1214,0.107457762259,0.186301014753,-0.467922360281,2.69828172163,0.00271750186832,13.2091186064,0.0189670885793,0.0600379449135
1215,0.0906134066879,0.195895276453,-0.520189470261,2.70922924768,0.00272844939437,8.53878812915,0.00405946922886,0.0586121554553
1216,0.100287910368,0.209643145271,-0.592030646931,2.70419784591,0.0027234179926,11.0011174877,0.0146602904901,0.0605877220064
1217,0.0855693886527,0.20151869702,-0.583549498921,2.70470768304,0.00272392782973,7.45563272862,0.00165757299956,0.0625163240598
1218,0.0936282014476,0.193209774591,-0.584162969281,2.71706623103,0.00273628637772,9.2486209906,0.00794999812785,0.0618778802558
1219,0.087408627609,0.203264964185,-0.589538123207,2.70942607275,0.00272864621945,7.83612709183,0.00361740647846,0.0616913623751
1220,0.0926007266349,0.192263521985,-0.501580038327,2.70580593817,0.00272502608486,9.0011803995,0.00725010249181,0.0635788286288
1221,0.0892144324837,0.184057564961,-0.513546097591,2.69124183843,0.00271046198512,8.22569035904,0.00254634450878,0.0568215299903
1222,0.0923899343817,0.192382230627,-0.47353056345,2.70395934697,0.00272317949366,8.9511316083,0.00639415140882,0.0623425366415
1223,0.0895748439149,0.192312899897,-0.497607204558,2.70940418333,0.00272862433002,8.30539391512,0.00403824786138,0.0574212368125
1224,0.0782250436952,0.200755978336,-0.537861966056,2.70929728212,0.00272851742882,6.08744274328,-0.00506981041478,0.064125193751
1225,0.0821964357288,0.194465320242,-0.544027287979,2.70584549281,0.0027250656395,6.79840062649,-0.00369298041167,0.0580970038577
1226,0.0628706209956,0.196970088769,-0.493291805822,2.70692209454,0.00272614224123,3.8812013488,-0.0214749923281,0.0598350916758
1227,0.0817852889869,0.19099408787,-0.521698376924,2.70986849951,0.0027290886462,6.72172959417,-0.00275815077793,0.0599506887365
1228,0.0922183461364,0.185248099575,-0.534182575679,2.71556429675,0.00273478444344,8.91056898832,0.00646346199539,0.0573357909196
1229,0.0853992636912,0.194242701956,-0.57967632571,2.7004242324,0.00271964437909,7.42124510163,0.000910581495726,0.0609183438123
1230,0.0778752572656,0.183516605014,-0.525689500865,2.70904818414,0.00272826833083,6.02790133442,-0.00757660118456,0.0664352356676
1231,0.0775814052251,0.193871872174,-0.557541880826,2.70735364307,0.00272657378976,5.97825322367,-0.00642878272151,0.0573135400214
1232,0.099948666581,0.198903858035,-0.611249951084,2.70906123995,0.00272828138664,10.9052766748,0.0137247616,0.0591426055905
1233,0.0615499454538,0.206880483588,-0.630183774902,2.71279479465,0.00273201494134,3.72592419864,-0.0202926783111,0.0584840086623
1234,0.0648788343568,0.196566496509,-0.636401817731,2.69750363554,0.00271672378223,4.12675357503,-0.0180681258568,0.0554200712581
1235,0.0723203683194,0.198608140958,-0.544236863854,2.70742777336,0.00272664792006,5.14440665029,-0.0123595478149,0.0602220034407
1236,0.0865229902226,0.19666809536,-0.56014080805,2.71121697438,0.00273043712107,7.65089935349,0.000321264077715,0.0599517412267
1237,0.0644003876323,0.19745159866,-0.546781412861,2.69943288941,0.0027186530361,4.06719631041,-0.018830626151,0.0576080011409
1238,0.0852797118564,0.191338745173,-0.488414995564,2.70477323205,0.00272399337874,7.3971603938,-0.000926760503549,0.0548987593367
1239,0.0900711061506,0.191281316917,-0.556318016421,2.70380764753,0.00272302779422,8.41622454734,0.00436563458098,0.0647207943927
1240,0.0572562112037,0.205392695505,-0.602389416977,2.71838702955,0.00273760717624,3.25323595969,-0.0242890043451,0.0605908758539
1241,0.081151314883,0.201704680783,-0.557505376311,2.70377374839,0.00272299389508,6.60492420162,-0.00410574310804,0.0577857153733
1242,0.0751554706189,0.195865722978,-0.538509555047,2.70729266991,0.0027265128166,5.58106343383,-0.00921902078019,0.0580534461275
1243,0.0969150736596,0.190677430161,-0.526012329537,2.7072766309,0.00272649677759,10.0803406373,0.0104895489072,0.0582702558163
1244,0.082145177404,0.196725640528,-0.518516731165,2.71416388712,0.00273338403381,6.78880213592,-0.00313007747799,0.0628819514403
1245,0.0695993672301,0.201893788832,-0.583768726342,2.7049232307,0.00272414337739,4.75161187989,-0.0128920121285,0.0676523959574
1246,0.0931846993952,0.197634078154,-0.569320291956,2.70739476496,0.00272661491165,9.14110142185,0.00776673790033,0.0570158587457
1247,0.0825404755396,0.191705987338,-0.503546501164,2.71789925558,0.00273711940227,6.86311954284,-0.00166782617764,0.0660861015996
1248,0.0892812592905,0.190013817575,-0.508369339181,2.71791139889,0.00273713154559,8.24041909686,0.00401926237498,0.0565365594881
1249,0.100098768818,0.201777025547,-0.581647216078,2.71419197639,0.00273341212308,10.9475913961,0.0150121672467,0.0576444064814
1250,0.0735938437228,0.190030485067,-0.502515814707,2.70788425135,0.00272710439804,5.33698299766,-0.0112883003696,0.0562655044151
1251,0.0728652981054,0.191385330874,-0.495066354152,2.71439354075,0.00273361368745,5.22611256499,-0.0100283580437,0.0649209917159
1252,0.089186947921,0.188371011147,-0.537769783618,2.71616926086,0.00273538940755,8.21963926998,0.00458645234961,0.0649477367605
1253,0.0804665465021,0.192332052623,-0.453988796047,2.71558159232,0.00273480173901,6.48066928413,-0.00520066235216,0.0609168951703
1254,0.0706636019839,0.196014891306,-0.604293266559,2.70880762346,0.00272802777016,4.90227717631,-0.0138649483657,0.0573551432056
1255,0.0688315724125,0.197648051003,-0.50593533464,2.70185496638,0.00272107511308,4.64521776181,-0.0152411152332,0.0590096173019
1256,0.0878894739695,0.185479118909,-0.4443877451,2.70251320678,0.00272173335347,7.93828553089,0.00147502413307,0.0634520268685
1257,0.0872602607152,0.189535064468,-0.509652128615,2.70181799158,0.00272103813828,7.80483303692,0.000994116427163,0.0601360004539
1258,0.0878199293921,0.188998178084,-0.536025893969,2.70219746665,0.00272141761334,7.92344047216,0.00133478166577,0.061362630137
1259,0.0876238076603,0.195016075434,-0.547840871417,2.72032153886,0.00273954168555,7.88170370777,0.00283281369338,0.0588091725283
1260,0.0930296841015,0.188972029243,-0.550810565897,2.70096573329,0.00272018587998,9.10377703381,0.00813282573838,0.0556890262797
1261,0.0703050370863,0.194279128615,-0.55277733835,2.71047486813,0.00272969501482,4.85109562451,-0.0129963513738,0.0643126309082
1262,0.087361728874,0.192788349744,-0.529403473204,2.70239835606,0.00272161850276,7.82622350774,0.0026162870654,0.055062651132
1263,0.0659459902809,0.190135564498,-0.523250809922,2.71362168088,0.00273284182757,4.26202823774,-0.0176488358613,0.0586244702689
1264,0.0852668865729,0.194404531076,-0.533914348806,2.70926275637,0.00272848290307,7.39458057149,0.000585195551183,0.0563407412001
1265,0.0862721717904,0.191185787332,-0.519437724346,2.70902070088,0.00272824084757,7.5991237398,0.000848738400011,0.0566963913354
1266,0.0820147396257,0.197509992869,-0.473724387544,2.70627630013,0.00272549644682,6.76442792873,-0.00289488044454,0.0598461199919
1267,0.0751193840689,0.197664577736,-0.579366832996,2.71428656227,0.00273350670896,5.57532247837,-0.00902641074031,0.0550249716893
1268,0.0834769008692,0.200330117517,-0.48386164171,2.69976180257,0.00271898194926,7.0419013856,3.50863719589e-05,0.0644053138058
1269,0.0965325896446,0.185418467907,-0.530358771367,2.70629081698,0.00272551096367,9.98031813114,0.00935964913905,0.0589899508557
1270,0.0719889900917,0.198301320028,-0.546599368867,2.70084719981,0.0027200673465,5.09522548952,-0.0113798581595,0.0617241939018
1271,0.0728387187647,0.189147581607,-0.495789358023,2.71865135343,0.00273787150012,5.22210318059,-0.0108090630931,0.0613919529684
1272,0.0859115147416,0.188995287688,-0.502760935497,2.70732283804,0.00272654298473,7.52519645835,0.000627079519015,0.0580602085797
1273,0.0930406745375,0.201249512939,-0.533608671255,2.70335366095,0.00272257380764,9.10641894078,0.00748438832066,0.0562413754938
1274,0.0665881250361,0.203117173588,-0.613983178857,2.7171924404,0.00273641258709,4.34507338728,-0.015121287235,0.0632101255624
1275,0.0715820829224,0.187680644257,-0.538273280072,2.71336197801,0.0027325821247,5.0353524044,-0.0129565712877,0.0587340685676
1276,0.0981923666478,0.199120608751,-0.523806494762,2.70173342897,0.00272095357567,10.4207499563,0.0121996937683,0.0553591262689
1277,0.0928007488433,0.198724464869,-0.607231674723,2.71271013649,0.00273193028318,9.0488957818,0.00851383850581,0.0576734916106
1278,0.0822511112449,0.186757677464,-0.531855580176,2.69657686874,0.00271579701543,6.80865154684,-0.00322289685152,0.0541732062811
1279,0.0794766767188,0.191363637147,-0.539827094372,2.72567520862,0.00274489535531,6.30449698034,-0.00444773415261,0.0585522850713
1280,0.0877932274475,0.187794032198,-0.533295546284,2.70788360878,0.00272710375547,7.91774694801,0.00150275407276,0.0573788403812
1281,0.0754339042725,0.193660140978,-0.531688285948,2.70364478726,0.00272286493395,5.62552137331,-0.00925988440152,0.0615200653122
1282,0.0671548359987,0.199274118689,-0.575294567786,2.70842202156,0.00272764216825,4.41940987181,-0.0145966651413,0.0671084425774
1283,0.0677993045184,0.201895401281,-0.58455447768,2.71331915358,0.00273253930027,4.50515403686,-0.0164010103071,0.0616805846235
1284,0.0940277423893,0.183698831108,-0.500599737083,2.69930821047,0.00271852835716,9.34642077533,0.00790555714961,0.0555689557172
1285,0.0839324973069,0.19649408859,-0.489527891672,2.71380956744,0.00273302971414,7.13029077952,-0.00071443043942,0.0607861586574
1286,0.0887464649638,0.189209045139,-0.517433297988,2.69651086245,0.00271573100915,8.12318025535,0.00300169717664,0.0629480778368
1287,0.080282867318,0.192867789372,-0.524575184816,2.70335145632,0.00272257160301,6.44767318236,-0.00531361158834,0.064613123264
1288,0.078450724037,0.199986087428,-0.535534941815,2.70616701381,0.0027253871605,6.12611565162,-0.00518668163785,0.0627974292124
1289,0.100889461669,0.191123319561,-0.540151085428,2.69908522277,0.00271830536947,11.1728906094,0.0140183004753,0.0562033470268
1290,0.0888064565184,0.190873278331,-0.500764724825,2.69712263912,0.00271634278581,8.13626017275,0.00401800762489,0.0600652295372
1291,0.0927329599761,0.19704972873,-0.582304064146,2.70447083917,0.00272369098586,9.03270024999,0.00761602680561,0.06421728201
1292,0.0946578442679,0.196632736493,-0.619681291895,2.71483736808,0.00273405751477,9.50248334095,0.00808889852925,0.0638838307028
1293,0.09365212015,0.187356874132,-0.480477763875,2.69953355485,0.00271875370154,9.25445071872,0.00748361888974,0.0633981967288
1294,0.0674946447906,0.20636064606,-0.630080476634,2.69988248892,0.00271910263561,4.46445886315,-0.0149351186567,0.0573492811154
1295,0.0956828142212,0.20130188063,-0.574625248237,2.7162663225,0.0027354864692,9.76119299595,0.0104600435563,0.0633604343934
1296,0.0837943020883,0.19475415291,-0.497098051806,2.70109334056,0.00272031348726,7.10338156242,-0.00240392801569,0.0595970838967
1297,0.0865058482863,0.19561068308,-0.494751539396,2.69903372333,0.00271825387002,7.6473512786,0.00292763168695,0.0688190611739
1298,0.0927912010042,0.186935836976,-0.476607668444,2.70022049333,0.00271944064002,9.04661317434,0.00660061234747,0.0582108313548
1299,0.0744812081611,0.196241165265,-0.481032276437,2.70531148116,0.00272453162786,5.47458808692,-0.0104177481194,0.0580693268838
1300,0.0937066876503,0.192821652058,-0.506343077163,2.71876306228,0.00273798320897,9.26776244495,0.00738176337695,0.0577304421694
1301,0.0890408431024,0.196316454119,-0.582649841757,2.70978221722,0.00272900236391,8.1875363767,0.00494647269412,0.0656281819218
1302,0.0793031388472,0.1911654971,-0.515948605983,2.71850424226,0.00273772438895,6.27402539796,-0.00530672179945,0.0559827336673
1303,0.0849899281969,0.188348519144,-0.4827236339,2.71836278045,0.00273758292714,7.33905560316,-0.000211621483238,0.0656085866176
1304,0.0888488410943,0.194041824231,-0.480327847192,2.70790701013,0.00272712715682,8.14551212063,0.00276680164074,0.0613751096149
1305,0.0854319382933,0.196269353311,-0.616446392949,2.70027440918,0.00271949455588,7.42783922012,0.000550819696373,0.0630753756524
1306,0.0669703293957,0.202605617499,-0.552977338634,2.70386531024,0.00272308545694,4.39509934757,-0.0154072866531,0.0585117200625
1307,0.109227076621,0.200002222747,-0.508543114921,2.7192388669,0.00273845901359,13.8113160726,0.0228654403175,0.0647296799045
1308,0.0714114456239,0.203395398135,-0.626612288664,2.71828448614,0.00273750463283,5.01041317051,-0.0101616913949,0.062159244068
1309,0.0813723951838,0.19291097443,-0.551648036408,2.70569875963,0.00272491890632,6.64546247213,-0.00272808216112,0.060862415868
1310,0.0763778953483,0.206015164927,-0.562926803829,2.71567366059,0.00273489380728,5.77840929706,-0.00789229170667,0.0575761196832
1311,0.0874148785841,0.192193912018,-0.504270106896,2.71130556959,0.00273052571628,7.83744791405,0.00304980277626,0.062204239014
1312,0.0779655073739,0.192859473574,-0.56731671859,2.70889867755,0.00272811882424,6.04321770026,-0.0059834723018,0.0576029560753
1313,0.0748241432876,0.191161383939,-0.564254250109,2.71189229106,0.00273111243775,5.52853358452,-0.0102505384619,0.0605955120219
1314,0.0909051297403,0.19499568004,-0.503498313063,2.7117096609,0.0027309298076,8.60535255411,0.00655670475856,0.0596790644518
1315,0.0833372183686,0.19030698925,-0.465545384043,2.70445883223,0.00272367897892,7.01498742875,-0.00247610667107,0.0623043926283
1316,0.0897510916162,0.209120423952,-0.622161533107,2.71066205077,0.00272988219746,8.34461104442,0.00565132951954,0.0602285478457
1317,0.0907919072591,0.205393481487,-0.541949339048,2.70908691086,0.00272830705755,8.57946495057,0.00741916361879,0.0599906042295
1318,0.0938287261486,0.198277478437,-0.583370737662,2.72264632454,0.00274186647123,9.29759386382,0.00796208962245,0.0583299345497
1319,0.0888808399758,0.196526570735,-0.55444412688,2.70325343799,0.00272247358468,8.15250298701,0.00418484599965,0.057948728866
1320,0.0685637862181,0.202162241498,-0.534368314155,2.71348390346,0.00273270405015,4.60855744306,-0.01444223585,0.0586305156324
1321,0.108949622848,0.191321916275,-0.461926072555,2.71010583815,0.00272932598484,13.715287015,0.0216413684682,0.0575098222402
1322,0.0783999972546,0.198839603325,-0.540534926324,2.70993566618,0.00272915581287,6.11740539902,-0.00626064115365,0.0649198708033
1323,0.105120069924,0.199703534036,-0.5869386201,2.70617611129,0.00272539625798,12.4494815653,0.0205286958831,0.0626555245407
1324,0.0788063679725,0.196764821611,-0.652129618654,2.7065139149,0.0027257340616,6.18747144045,-0.00510768330068,0.0643200363262
1325,0.0922783395537,0.190760815619,-0.54636198007,2.71104302123,0.00273026316793,8.92473302906,0.00559572687548,0.0606110748663
1326,0.0769585508913,0.196017477589,-0.540621874531,2.71806119191,0.0027372813386,5.87413074327,-0.00703853201611,0.0604191848001
1327,0.0870375260147,0.192852604554,-0.520126421639,2.70213823845,0.00272135838514,7.75805306775,0.00134369719893,0.0591420574218
1328,0.0944625498889,0.190278599293,-0.506568170414,2.71296522881,0.0027321853755,9.45387270525,0.00763909856298,0.0616237279624
1329,0.0832756640723,0.197258214864,-0.492506651046,2.71537672359,0.00273459687028,7.00315468861,-0.00122754987039,0.0568484769248
1330,0.0788051602996,0.194467100442,-0.46384816116,2.72626285858,0.00274548300527,6.18726223545,-0.0052818508028,0.0689921196257
1331,0.0515275696789,0.206361108876,-0.60516890856,2.71843458459,0.00273765473128,2.69289644777,-0.028946375712,0.0625301061135
1332,0.0843127929235,0.18640672883,-0.476178459871,2.70394682597,0.00272316697266,7.20478580791,-0.00150944018435,0.0617898183294
1333,0.0848065655941,0.194008227271,-0.587979861031,2.7080581378,0.0027272782845,7.30248931149,0.000566595676512,0.0615396295089
1334,0.0734291523614,0.20240676933,-0.576299476089,2.71447080452,0.00273369095121,5.3117553376,-0.00963402776287,0.0556051580362
1335,0.0778807096427,0.190204625535,-0.470844201227,2.71132278228,0.00273054292897,6.02882574884,-0.00698045876706,0.0600377213895
1336,0.0793982999894,0.202005423539,-0.625831900818,2.71534054251,0.00273456068921,6.29071961189,-0.00349643907957,0.0589560887362
1337,0.0556537009388,0.216102716803,-0.690231064809,2.71185487573,0.00273107502242,3.08874982746,-0.0231197075115,0.0698860998004
1338,0.0809484515509,0.191091423411,-0.472037635228,2.69426744052,0.00271348758721,6.56790817169,-0.00551215192707,0.0534314727978
1339,0.0868482970627,0.198017016754,-0.568496425897,2.71102313725,0.00273024328394,7.71849800687,0.00300421060671,0.0643680498656
1340,0.0888376465619,0.202758982281,-0.601677943976,2.70756278404,0.00272678293073,8.1430676389,0.0049387853911,0.0638437598492
1341,0.0902712698915,0.193141334355,-0.58065997931,2.70252297071,0.00272174311741,8.4612855462,0.00440556180691,0.0576339478793
1342,0.0882931065435,0.186782168499,-0.513509675075,2.71286533799,0.00273208548469,8.0249153597,0.00208317557107,0.0606011388817
1343,0.0951545454646,0.202200431647,-0.563792009018,2.70860429352,0.00272782444021,9.62709835841,0.0110934039564,0.0696075243927
1344,0.0947695160406,0.189415869868,-0.476663840612,2.70767438583,0.00272689453252,9.53037710796,0.00908040124323,0.0605676294209
1345,0.0971158758095,0.190104472439,-0.509685544041,2.70917487076,0.00272839501745,10.133202058,0.0103455074447,0.0586583444176
1346,0.0773003008994,0.198119801198,-0.573725463546,2.7042700222,0.0027234901689,5.93107465191,-0.0077482683619,0.0557521009737
1347,0.0754175091101,0.183015716276,-0.498258251622,2.70276087031,0.002721981017,5.62289554995,-0.0096410742795,0.0584414540648
1348,0.060703101795,0.209513728897,-0.637369565428,2.71823451333,0.00273745466003,3.62886853205,-0.0212588791584,0.0649705809209
1349,0.0765190181707,0.188187961038,-0.499014984081,2.71757369432,0.00273679384101,5.80155489672,-0.00793157487977,0.0601938986473
1350,0.0765436451465,0.205594637783,-0.631453090604,2.69812107789,0.00271734122458,5.80560175502,-0.00553689928428,0.0640438010844
1351,0.0875317294327,0.184507386439,-0.487827088364,2.70687440381,0.0027260945505,7.8621733054,0.00145437432679,0.0573237002849
1352,0.0774130972743,0.197973478561,-0.596882193505,2.71410850291,0.0027333286496,5.94996864205,-0.0064670304984,0.0621506878698
1353,0.0774314178397,0.197135504039,-0.513770049799,2.7071652415,0.00272638538819,5.95304210512,-0.00785044848305,0.0604259919915
1354,0.0642082944116,0.202520065902,-0.597256657432,2.71348108455,0.00273270123124,4.04347211489,-0.0190660913429,0.0575195288263
1355,0.0837171703377,0.188574157833,-0.498623023586,2.69836880356,0.00271758895025,7.08839981385,-0.00132957242479,0.0617250776642
1356,0.0824821317972,0.198452314234,-0.535521134955,2.70490346804,0.00272412361474,6.85210798756,-0.00245537994393,0.0592153112933
1357,0.0802328548262,0.193058071673,-0.543350322276,2.70903193093,0.00272825207762,6.43871321328,-0.0049246400465,0.0611860882116
1358,0.0771899296931,0.216050099372,-0.614148202504,2.71530667891,0.0027345268256,5.912634704,-0.00507559355569,0.0648447636526
1359,0.0556708555418,0.202812695896,-0.619803674786,2.72334609785,0.00274256624454,3.0904777894,-0.0262014050012,0.0660523886031
1360,0.0995284941735,0.184042538118,-0.4696263769,2.69916797401,0.0027183881207,10.7875924165,0.0121135669514,0.05602171009
1361,0.0632517512991,0.201201218907,-0.592922219905,2.70746568423,0.00272668583093,3.92691690307,-0.0185300033329,0.0629629916561
1362,0.0907390724435,0.19421290416,-0.449792448721,2.70632234683,0.00272554249352,8.56740757434,0.00503639952461,0.0629130673644
1363,0.0647178827863,0.199679805357,-0.644733217188,2.70883170016,0.00272805184685,4.10664351662,-0.0182846849445,0.0596029861204
1364,0.0833081230962,0.199047516904,-0.532640364022,2.71138437523,0.00273060452193,7.00939227502,0.000337009332126,0.0579575050806
1365,0.0875761117478,0.196589130489,-0.589210585882,2.70281946812,0.00272203961482,7.87158192785,0.00183931362616,0.0586614449574
1366,0.0684444218007,0.189503810659,-0.507476871614,2.70855128421,0.0027277714309,4.59229014259,-0.0165065680001,0.0609507012702
1367,0.0832885862423,0.206084252935,-0.603583279328,2.71742277442,0.00273664292112,7.00563735664,0.000602265062917,0.0633487380714
1368,0.0848134833466,0.19283216686,-0.61236727139,2.70988997419,0.00272911012088,7.30386605132,-0.000319993256543,0.0618404093989
1369,0.0807700670419,0.196133523179,-0.581561465745,2.70967933015,0.00272889947684,6.53550193815,-0.00473592302374,0.0558749560803
1370,0.0971743350794,0.196164894879,-0.419801008156,2.7117946489,0.00273101479559,10.1486370532,0.0118671003409,0.0598905709361
1371,0.0801275134321,0.197059356884,-0.551524744613,2.7049705908,0.00272419073749,6.41987471067,-0.00268160000966,0.0668234590017
1372,0.092505284539,0.201043406457,-0.637381777307,2.71772437851,0.00273694452521,8.97848949585,0.00677979600069,0.0583488400582
1373,0.0843833449281,0.196673869468,-0.542681037275,2.71451943852,0.00273373958521,7.2186780237,-0.00144576764759,0.0634037790867
1374,0.070938342965,0.20153374879,-0.568546174419,2.71485203059,0.00273407217729,4.9417847142,-0.0115597674834,0.0598701484827
1375,0.084780594728,0.202483752282,-0.575409281351,2.71300468756,0.00273222483426,7.29732266558,0.00109947275846,0.0657979664535
1376,0.0783237491216,0.188356388821,-0.516931891646,2.69800302189,0.00271722316858,6.10433215268,-0.00674320669505,0.0620222103361
1377,0.0750981413093,0.210649599752,-0.628540828166,2.71468161006,0.00273390175676,5.57194525142,-0.00605206433802,0.0685482182564
1378,0.0834616199185,0.192703168483,-0.517282103194,2.70812841119,0.00272734855788,7.03895283145,-0.00233813874883,0.0619201856214
1379,0.0797180811451,0.204356110199,-0.629888472401,2.71860097901,0.0027378211257,6.34708947284,-0.00390353645011,0.0596163670286
1380,0.0585431042339,0.204731659296,-0.586847067397,2.72077654669,0.00273999669338,3.38991442961,-0.0249132644354,0.0601757323993
1381,0.0877717553983,0.192307608406,-0.573495695534,2.70818625231,0.002727406399,7.91317110262,0.00161918908431,0.0573523870494
1382,0.0871704916244,0.200069775653,-0.493592183859,2.71173879586,0.00273095894255,7.78595040734,0.00185026155686,0.0607408800661
1383,0.092589488487,0.197814736603,-0.483830984093,2.705221061,0.00272444120769,8.99850600854,0.00770497784459,0.058210972653
1384,0.0620266383679,0.190450114818,-0.494348206242,2.70826610437,0.00272748625106,3.78141500638,-0.0218558439963,0.0614348349293
1385,0.0900441818649,0.181779013476,-0.4658695708,2.71279094653,0.00273201109323,8.41017910206,0.00291043665225,0.0598794014808
1386,0.0729985894975,0.200117390188,-0.537842444493,2.70881508634,0.00272803523303,5.24625651908,-0.00855100858951,0.0633348155006
1387,0.0770459385511,0.195857096272,-0.59452592722,2.70473120737,0.00272395135406,5.88864870702,-0.00532856750137,0.0621438237347
1388,0.0738803739629,0.195980590499,-0.586402169619,2.70741240828,0.00272663255497,5.38110536611,-0.0104441906092,0.061278964393
1389,0.104478259438,0.192988362857,-0.479691815255,2.70043356957,0.00271965371626,12.2478542497,0.0177957238331,0.0615955836525
1390,0.0845436390468,0.190625786039,-0.49879827054,2.70372409459,0.00272294424129,7.25032524993,-0.00187022092359,0.0577593353114
1391,0.0878200708771,0.20745650988,-0.579350305623,2.72081565497,0.00274003580166,7.92347064962,0.0026226369328,0.0582894815012
1392,0.11298936037,0.193701723046,-0.47037368885,2.70124058857,0.00272046073526,15.1744668168,0.0264634075378,0.0648427517407
1393,0.0753654417217,0.189837771804,-0.521622517098,2.70292289058,0.00272214303727,5.61456315237,-0.00865626122557,0.0588040871729
1394,0.08761427907,0.196114907144,-0.483653497764,2.71000317158,0.00272922331827,7.87968071243,0.00205553286974,0.0554847777478
1395,0.0697185206669,0.196416625004,-0.581732074488,2.69986140122,0.00271908154791,4.76829495588,-0.0138949094532,0.0598953729473
1396,0.0992244857518,0.182031976532,-0.462594305985,2.69868936141,0.0027179095081,10.7031423259,0.0110441407599,0.0598277983779
1397,0.0825290859646,0.201412483822,-0.596640607789,2.70902847642,0.00272824862311,6.8609687561,-0.00271335227919,0.0557489084938
1398,0.109162070104,0.186302974531,-0.427799745511,2.70616149265,0.00272538163934,13.7887628728,0.0210561725592,0.058231005347
1399,0.0699557911375,0.203102397939,-0.615137647165,2.71007801217,0.00272929815886,4.80165468375,-0.0116903999184,0.06111401185
1400,0.0651583341367,0.206473525342,-0.623688601223,2.70685217872,0.00272607232542,4.16185668019,-0.0175215632037,0.0571925999331
1401,0.0990382075616,0.194875596539,-0.484139878189,2.70825047198,0.00272747061867,10.6516841276,0.0129905796984,0.0573463752077
1402,0.0767642272928,0.185054984358,-0.524138306073,2.70032378869,0.00271954393539,5.84195257817,-0.00827457454145,0.064352345032
1403,0.100841433207,0.193530625757,-0.598931732502,2.7128477745,0.0027320679212,11.1590896886,0.015087996295,0.0628961632932
1404,0.079479871839,0.193139952465,-0.472290218508,2.71132758592,0.00273054773262,6.30505916183,-0.00478375692966,0.0610746922175
1405,0.0876757200131,0.188998608448,-0.522709890041,2.71479692817,0.00273401707486,7.89273289854,0.000902720959013,0.0542305999814
1406,0.0812676221987,0.186672181057,-0.488143262899,2.70964832075,0.00272886846745,6.62622499599,-0.00426293291078,0.0638546872919
1407,0.0983248264409,0.196545142135,-0.538498635915,2.71413137589,0.00273335152258,10.4566216142,0.0117172942054,0.0642665418071
1408,0.0705473810113,0.19406793097,-0.503266909342,2.72138881662,0.00274060896332,4.8856408253,-0.0124822392845,0.0571614506794
1409,0.115527661897,0.194552231079,-0.510026296286,2.7063931858,0.00272561333249,16.1614485024,0.028894387614,0.0600247302267
1410,0.100717562757,0.196857083361,-0.601338852401,2.71202789378,0.00273124804047,11.1235650673,0.015010889851,0.0554087658812
1411,0.082194769325,0.192061874317,-0.500348466053,2.71412554108,0.00273334568777,6.79808840159,-0.00323389328253,0.0643114944706
1412,0.0756252171083,0.196610211404,-0.463888111715,2.70122382962,0.00272044397631,5.65623582305,-0.00910298996802,0.0594047751254
1413,0.0971811819616,0.19810314169,-0.532006363919,2.70101931532,0.00272023946201,10.1504461803,0.0124208018369,0.0594313426542
1414,0.0697504537048,0.19576237649,-0.527895256093,2.703577355,0.00272279750169,4.77277390849,-0.0127419678815,0.0626254872166
1415,0.079316985106,0.201457652671,-0.620789576241,2.70992131447,0.00272914146116,6.27645217391,-0.00302137232108,0.0630349636188
1416,0.0796901223271,0.192603019993,-0.444931285781,2.71447720887,0.00273369735556,6.34214432364,-0.00502364541539,0.0604164749835
1417,0.0799387989341,0.195135223755,-0.533945056215,2.70744573896,0.00272666588566,6.38624099963,-0.00438574094227,0.0639360990646
1418,0.0659045399676,0.188914178238,-0.526059538622,2.69664289806,0.00271586304476,4.25671045111,-0.0191159807275,0.0610110082549
1419,0.0971682163617,0.201762204015,-0.593270193254,2.72040354851,0.0027396236952,10.1470205652,0.0125963735988,0.0616355280922
1420,0.097529757193,0.193841349646,-0.53620879951,2.7045989223,0.00272381906899,10.2429228927,0.0118202062949,0.0645163677188
1421,0.0875652993571,0.204029404741,-0.598058787705,2.70696641548,0.00272618656217,7.86928892085,0.00223351054017,0.0622758339167
1422,0.0787157995859,0.202268774769,-0.61843496423,2.71257233838,0.00273179248507,6.17179852589,-0.00504496142611,0.0668827217553
1423,0.0782648476573,0.194475542462,-0.55468896152,2.71359372044,0.00273281386713,6.09424891805,-0.00584275178286,0.0572196555748
1424,0.0718404402529,0.200758243976,-0.599394379582,2.71451955543,0.00273373970212,5.07330169529,-0.0102202466422,0.0680016471776
1425,0.0826829869156,0.202000366813,-0.607503138101,2.71417072437,0.00273339087106,6.89007901258,0.000368719761945,0.0676915854366
1426,0.0705457134469,0.200387369712,-0.573119273765,2.71363992519,0.00273286007188,4.88540245166,-0.0130174361,0.0595451403325
1427,0.0883632430171,0.19452993639,-0.528298549288,2.69728033678,0.00271650048347,8.04005053013,0.00278523787307,0.0591676465396
1428,0.0778486710151,0.190240668145,-0.537890851382,2.70331825925,0.00272253840594,6.02339548622,-0.00720993036469,0.0599438962279
1429,0.0926505535776,0.194062325221,-0.592853922565,2.70857872669,0.00272779887338,9.01304622158,0.00806338223245,0.066219844382
1430,0.0746569268683,0.19983109092,-0.58300251655,2.7092806528,0.0027285007995,5.50217579562,-0.0079917162882,0.0603583602017
1431,0.0726134623398,0.189652704674,-0.449883053443,2.71335458291,0.0027325747296,5.18822370302,-0.0122567947714,0.0580777663552
1432,0.064495130629,0.205629427281,-0.64471224178,2.71275016304,0.00273197030973,4.07893688491,-0.0177799685257,0.060128842082
1433,0.0624363767512,0.200008618476,-0.626829884866,2.71489317567,0.00273411332236,3.829611989,-0.0201353889602,0.0664159698913
1434,0.057135303927,0.206005030338,-0.654441082228,2.71118369309,0.00273040383978,3.24060701231,-0.0246762716513,0.0657634073577
1435,0.0893742259769,0.199593476923,-0.575688541934,2.70634956663,0.00272556971332,8.2609467177,0.00553763191949,0.0603223383882
1436,0.0762356290221,0.180755283837,-0.548071046245,2.69960990368,0.00271883005037,5.7551528183,-0.00924191857871,0.0598477661778
1437,0.0842404013296,0.207802807772,-0.577504082185,2.71357758384,0.00273279773053,7.19055483448,0.0013132591865,0.0632510728779
1438,0.0667882032071,0.208968964616,-0.598777217262,2.70880460907,0.00272802475576,4.37120532358,-0.014039801329,0.0640111315348
1439,0.0966644459104,0.190429132757,-0.558236327074,2.70425463391,0.0027234747806,10.0147010964,0.0100667906561,0.0584672289469
1440,0.0779730966298,0.201000495871,-0.578881797456,2.71475712521,0.00273397727191,6.04450713653,-0.00508436361618,0.0670175383035
1441,0.0857888212968,0.190287133435,-0.612472985906,2.70417070541,0.0027233908521,7.50018642617,0.00054242262919,0.0600054310897
1442,0.0714429812956,0.184974054486,-0.501035855849,2.70657442245,0.00272579456915,5.01501474175,-0.0140332990981,0.0581167817179
1443,0.0711608594765,0.192870262254,-0.440848572676,2.70094304803,0.00272016319472,4.97396866294,-0.0134551112478,0.0624161040491
1444,0.0946372430102,0.194919180742,-0.563696058763,2.70169917057,0.00272091931727,9.49734525474,0.00925102581199,0.0620468753179
1445,0.0852875194273,0.192438944025,-0.564353384581,2.71208036119,0.00273130050788,7.39873127005,0.000624698122628,0.0605264174524
1446,0.0655777290327,0.198149605908,-0.60281706627,2.70461894142,0.00272383908811,4.21496348858,-0.0171499407042,0.0541003462888
1447,0.0915731510967,0.204399244762,-0.623125152006,2.71462360345,0.00273384375014,8.75946613419,0.00776286842277,0.0621733191584
1448,0.0818669979537,0.1977108473,-0.537391315376,2.71465958866,0.00273387973535,6.73690881794,-0.00203888013818,0.0588360527257
1449,0.0850808772978,0.182977337901,-0.407048494366,2.70156790133,0.00272078804802,7.35725013714,-0.00176816387822,0.0594135769223
1450,0.0918475543453,0.191768383701,-0.535275547713,2.70509549091,0.0027243156376,8.82345789096,0.00616628631495,0.0603486804887
1451,0.0626984219279,0.196604633215,-0.532902881603,2.71258555896,0.00273180570565,3.86068056181,-0.0205783319395,0.0628518178713
1452,0.0778233545135,0.190631060932,-0.533641748082,2.70641653977,0.00272563668647,6.01910741758,-0.00708588394019,0.0589416308146
1453,0.0900725363958,0.193766324993,-0.505429245756,2.71385281574,0.00273307296243,8.41654579192,0.00536157868689,0.0621797961409
1454,0.0800833442936,0.18343111923,-0.489945828004,2.70652233611,0.0027257424828,6.41198947467,-0.00578073581783,0.0610540500116
1455,0.098854300326,0.190138775061,-0.47662974271,2.71639978127,0.00273561992796,10.6010943522,0.0127480664797,0.0589845526253
1456,0.0835127603253,0.186524290599,-0.436940749176,2.70723930918,0.00272645945588,7.04882477389,-0.00263445728536,0.0579121431266
1457,0.0658063052475,0.201201851887,-0.622529851925,2.7185069748,0.00273772712149,4.24412824745,-0.0161782779628,0.0638393188386
1458,0.0866842272211,0.20438554221,-0.571296336529,2.72103214609,0.00274025229279,7.68434111243,0.00336709719813,0.0663402773878
1459,0.0884320397356,0.20169987672,-0.640342978348,2.70216897188,0.00272138911857,8.05492029629,0.00413367421962,0.0638387536742
1460,0.0869600561133,0.196968015903,-0.510804973033,2.71727048537,0.00273649063206,7.74183849933,0.00111659849703,0.0610972324784
1461,0.101119681739,0.193385786044,-0.483083216621,2.70960372343,0.00272882387012,11.2392534755,0.0157446980305,0.0587528202649
1462,0.0823690926714,0.187926578573,-0.503493487913,2.71168459173,0.00273090473842,6.83081563206,-0.00260059305054,0.0586170094504
1463,0.0741924415797,0.200753015815,-0.611622055091,2.71177377274,0.00273099391943,5.42949623066,-0.0105249265122,0.0616790408096
1464,0.0738195128962,0.20485526093,-0.588967052291,2.70414861142,0.00272336875811,5.37170882253,-0.00824784289171,0.0608042527813
1465,0.0764872332975,0.18456825183,-0.461332627287,2.71194966707,0.00273116981377,5.79633522832,-0.00871445836281,0.0616550119329
1466,0.0513651060288,0.196959244724,-0.641095521556,2.70091853086,0.00272013867755,2.67808967805,-0.0319359709628,0.0590617631651
1467,0.109331185824,0.197779381831,-0.580963764613,2.70753852813,0.00272675867483,13.8475043703,0.0224323441581,0.0571283861866
1468,0.0774086111251,0.197510270614,-0.596259197829,2.70886265128,0.00272808279797,5.94921624356,-0.0066041741968,0.0629447674833
1469,0.0705789819721,0.196264805838,-0.519676246793,2.69771784992,0.00271693799661,4.89015984908,-0.0138085400515,0.0612863695505
1470,0.0690044141548,0.195568648373,-0.666584712931,2.7024082441,0.00272162839079,4.66900228489,-0.0153658833231,0.0634105485599
1471,0.068105592666,0.21001033683,-0.666062179222,2.71099282652,0.00273021297321,4.54636039937,-0.0140348024953,0.0621766375917
1472,0.0928150232909,0.194530914551,-0.451053483711,2.7070023396,0.00272622248629,9.05230931238,0.00707420193572,0.0620338676956
1473,0.0873423447047,0.186968470484,-0.566853002051,2.71020456651,0.0027294247132,7.82213327983,0.00180149156293,0.0545617142172
1474,0.0707950192799,0.200505102734,-0.571566229048,2.72251814593,0.00274173829262,4.92114326269,-0.0131397420943,0.0657125068993
1475,0.0622952629796,0.197346421414,-0.522607957034,2.71871778757,0.00273793793426,3.81296046423,-0.0212155624614,0.0605629481087
1476,0.107093323003,0.19008220711,-0.505863364332,2.71133336791,0.0027305535146,13.0880376594,0.0197487638036,0.0594286731048
1477,0.0990359593253,0.197023927995,-0.590450590482,2.70700137708,0.00272622152377,10.651064397,0.0131947910637,0.0597302833953
1478,0.103773039718,0.198326953856,-0.547798674319,2.7140519804,0.00273327212709,12.0296584159,0.0178751186749,0.0569782230632
1479,0.0819448239037,0.18502879796,-0.453463507191,2.70079488885,0.00272001503554,6.75139336243,-0.00415913723864,0.0624189404357
1480,0.075240250359,0.195777853736,-0.560529100392,2.71375640878,0.00273297655547,5.59456988508,-0.00907864235551,0.0615000196221
1481,0.0954720099449,0.194175492613,-0.542943219553,2.71336529657,0.00273258544327,9.7074889455,0.00953965773815,0.0597086728629
1482,0.0821677102834,0.206185842228,-0.586939632166,2.7199685942,0.00273918874089,6.79302017985,-0.000977304926801,0.0674782141105
1483,0.0687539677055,0.1902589709,-0.506255677848,2.69894928955,0.00271816943624,4.6345699205,-0.0156836561623,0.058678939838
1484,0.0731455158016,0.195507609114,-0.564475564942,2.71666527486,0.00273588542155,5.26853368827,-0.01060320741,0.0608892921346
1485,0.0680106675896,0.20092366901,-0.567370767872,2.72022440414,0.00273944455083,4.53355808006,-0.0145227666685,0.062530627237
1486,0.0798504090092,0.197501429833,-0.57747118852,2.71511643997,0.00273433658667,6.37053813,-0.00410315024792,0.0575590585506
1487,0.0726941446919,0.185979796313,-0.53390581058,2.71267277839,0.00273189292508,5.20033821571,-0.0122451168447,0.0594940888532
1488,0.095993497731,0.2051948229,-0.635128507334,2.71562393865,0.00273484408534,9.8408144584,0.0126897376101,0.0689152178004
1489,0.041492098477,0.20926483761,-0.710882219874,2.71645993348,0.00273568008018,1.87792607876,-0.0389406840534,0.0588324661917
1490,0.0892158239322,0.184057470575,-0.454720796438,2.69657414676,0.00271579429345,8.22599680632,0.00207526287745,0.0641694969168
1491,0.0912698402988,0.193281873226,-0.506214837092,2.71578095318,0.00273500109987,8.68919944227,0.0053025167102,0.0571728680743
1492,0.0793089196861,0.203237980212,-0.578857662349,2.70837762128,0.00272759776797,6.27503848681,-0.00505566473451,0.0579377729677
1493,0.0794673558031,0.211418471866,-0.618671894329,2.71531344751,0.0027345335942,6.30285720268,-0.00274398802177,0.0660096884664
1494,0.0737888891457,0.191649072823,-0.580656428259,2.70510136341,0.0027243215101,5.36698575232,-0.0109985219837,0.0589662886813
1495,0.0873054924531,0.195163791311,-0.552218839094,2.70550311326,0.00272472325995,7.81436216072,0.00248114778718,0.0550641886813
1496,0.0735018097366,0.196569275076,-0.575691617105,2.71669445805,0.00273591460475,5.32287317208,-0.0103575836192,0.0530463125944
1497,0.0644377028436,0.197105244236,-0.546058949231,2.70018645697,0.00271940660367,4.07181730184,-0.0192666470752,0.0579650506081
1498,0.0861079319462,0.197010380347,-0.519557114073,2.70778085936,0.00272700100606,7.56538182997,0.00160823904113,0.0634900894668
1499,0.0736199855089,0.204908339003,-0.638689989678,2.71196941584,0.00273118956253,5.34099633993,-0.00930277455536,0.0617212725115
1500,0.0776621299229,0.194963366345,-0.526858856596,2.70122947131,0.00272044961801,5.99185845816,-0.00678341536522,0.0575973794147
1501,0.0926818232832,0.190806109055,-0.474264573841,2.70896678488,0.00272818693157,9.02049972255,0.00684786647341,0.0532758207705
1502,0.0988743445051,0.197285707207,-0.590980162802,2.70879661767,0.00272801676437,10.6065978953,0.0146999568828,0.058952234319
1503,0.0768336345605,0.18709475115,-0.485787081864,2.70594215217,0.00272516229886,5.853429108,-0.00894408878276,0.0610923172689
1504,0.0590117618017,0.208659819968,-0.623027407369,2.70411674474,0.00272333689144,3.44073093941,-0.0220057327012,0.0634492217438
1505,0.0769178208511,0.206820924066,-0.626591653169,2.70991107964,0.00272913122633,5.86737420029,-0.00556576285648,0.0601785001601
1506,0.103449871607,0.196383073736,-0.573022142279,2.71434721364,0.00273356736033,11.9308283115,0.0172509917845,0.0606651051183
1507,0.0944464107912,0.194809885802,-0.555039427623,2.71261227723,0.00273183242392,9.44986522202,0.00866849541872,0.0640362682965
1508,0.0739301737267,0.183312728364,-0.468649667337,2.708076041,0.00272729618769,5.38880402874,-0.0114674034837,0.0576495914833
1509,0.0660775248608,0.196690781103,-0.557004890497,2.71560120308,0.00273482134977,4.27893748186,-0.0161966452874,0.0617439828891
1510,0.103821909224,0.197276602172,-0.446116376359,2.71362050612,0.00273284065281,12.0446665878,0.0187742839833,0.0649964907314
1511,0.0727819898757,0.190863220479,-0.538197889442,2.70794662929,0.00272716677598,5.21355416286,-0.011151900238,0.0636976512829
1512,0.079270810067,0.196541090778,-0.540861552235,2.7202109636,0.00273943111029,6.2683622971,-0.00485207274721,0.0585891369056
1513,0.0944581416429,0.187468425814,-0.470035221567,2.70475164078,0.00272397178748,9.45277795142,0.00818564287523,0.0615716007593
1514,0.0940532762087,0.186499627674,-0.396309393796,2.7066023956,0.00272582254229,9.3527013663,0.00667870295569,0.0562729066674
1515,0.0815286385029,0.198902796655,-0.536452867843,2.71449680416,0.00273371695085,6.67423716931,-0.00311800299934,0.0639634151471
1516,0.0829951674341,0.200957257085,-0.603357359527,2.70607035606,0.00272529050276,6.9494464401,-0.00125433561104,0.0632853480947
1517,0.105615418443,0.197634353132,-0.487803633115,2.70870605469,0.00272792620138,12.6071114295,0.0178756304345,0.0621272994102
1518,0.0904409962304,0.185059893336,-0.532984581898,2.70409212403,0.00272331227072,8.49965683767,0.00382978067835,0.0578939804896
1519,0.116365975022,0.198129333727,-0.549607131867,2.70683972375,0.00272605987044,16.4999505393,0.0291902893635,0.0618173975995
1520,0.0765843387888,0.19965414937,-0.545645219842,2.72081305396,0.00274003320065,5.81229386234,-0.00741117210315,0.062257237759
1521,0.0738142425373,0.190824564635,-0.54144178037,2.70130127106,0.00272052141775,5.37089574045,-0.0108057719349,0.0560908568205
1522,0.0815158018014,0.191028978087,-0.512749599317,2.7054280752,0.00272464822189,6.67186916542,-0.00492918384834,0.0659319995522
1523,0.0903434244024,0.19269469731,-0.556353796674,2.71405537308,0.00273327551977,8.47757980521,0.00606048600379,0.0621404313849
1524,0.076575619123,0.188165454918,-0.535082868768,2.705502076,0.00272472222269,5.81085937276,-0.00860650397405,0.055351557367
1525,0.0911213432842,0.199227766081,-0.509445309595,2.70839079358,0.00272761094027,8.65497541648,0.00591869841029,0.0621279489969
1526,0.069027503025,0.200770741014,-0.589942354761,2.71180084798,0.00273102099467,4.67218679984,-0.0127011120912,0.0623057009254
1527,0.0758148467389,0.191936388444,-0.526207664959,2.70897050908,0.00272819065577,5.68681512349,-0.00839098947382,0.052353824101
1528,0.0854536994635,0.198415237421,-0.565899729701,2.71894680849,0.00273816695519,7.43223363394,0.000826276962701,0.0621671826617
1529,0.0820715067023,0.199745557486,-0.502144543071,2.71545797633,0.00273467812302,6.77502666004,-0.00179071844754,0.0633537478961
1530,0.0721363500725,0.193539937816,-0.527270959478,2.71451129216,0.00273373143885,5.11704885321,-0.0123556112382,0.0542160416453
1531,0.0832279153062,0.193022803697,-0.510604291978,2.70201608711,0.0027212362338,6.99398739144,-0.00274728868077,0.0559277104378
1532,0.0710904219042,0.19814241944,-0.581887891177,2.70299268753,0.00272221283422,4.96376274955,-0.0110899437331,0.0625743166773
1533,0.0672811839496,0.19865964129,-0.538639379516,2.7104752134,0.00272969536009,4.43611815724,-0.0152878063647,0.0625249796352
1534,0.0661400727133,0.194670015401,-0.555193808143,2.70948270381,0.0027287028505,4.28699655142,-0.0169499488562,0.0624213608806
1535,0.0790955883562,0.192536614552,-0.493403842333,2.70936788416,0.00272858803085,6.23774202041,-0.00699814185266,0.055547000501
1536,0.100499720352,0.188662990713,-0.426919113252,2.71578196497,0.00273500211166,11.0613323143,0.013544550388,0.0603636643904
1537,0.0836832401012,0.190371138709,-0.484143314012,2.70139551879,0.00272061566549,7.08181778488,-0.00160910074877,0.0590966719173
1538,0.0983661682203,0.189189562097,-0.519252294463,2.70359417668,0.00272281432337,10.4678396162,0.0114086231972,0.0593821690203
1539,0.0721010631408,0.189281487942,-0.483386767655,2.704349135,0.0027235692817,5.11181618299,-0.0126965726345,0.0618931651929
1540,0.0831061074221,0.193195482311,-0.513558300218,2.70194981705,0.00272116996374,6.97064717576,-0.00162027819942,0.0630474386886
1541,0.062357524114,0.208513230171,-0.550756198943,2.71669434837,0.00273591449506,3.82030050577,-0.0180280738623,0.0688968501328
1542,0.0811216928168,0.212840903004,-0.622566288529,2.70914857746,0.00272836872415,6.59950829421,-0.00142233830887,0.0656004680767
1543,0.0957678677122,0.190219825668,-0.526941389867,2.70873551444,0.00272795566113,9.78293429126,0.0105699830583,0.0577108758605
1544,0.0724665704468,0.192360039105,-0.532710113511,2.7170615622,0.00273628170889,5.16622619449,-0.0116764425688,0.0606031914895
1545,0.0748550721802,0.196159096479,-0.530942690822,2.70493231763,0.00272415246432,5.53342005236,-0.0092061622721,0.0621992034529
1546,0.0823554130463,0.190990252102,-0.522629601319,2.70851744682,0.00272773759352,6.82824266982,-0.00253786702478,0.0586391896641
1547,0.0758767415616,0.201471931677,-0.584203587293,2.70941821155,0.00272863835824,5.69682536823,-0.00701402060602,0.0598188825403
1548,0.106419819785,0.192756154955,-0.439962368788,2.70897032372,0.00272819047041,12.8668795107,0.019284875345,0.0563315368988
1549,0.0674689772943,0.189433085382,-0.502552401936,2.70733108507,0.00272655123176,4.4610435491,-0.0172008277871,0.0594982617864
1550,0.0640178686299,0.199422866991,-0.572603023519,2.7160589587,0.00273527910539,4.02005929056,-0.0188725514278,0.0590966244759
1551,0.0569533370571,0.199727673841,-0.583711750031,2.7058058551,0.0027250260018,3.22166824235,-0.0256040981215,0.0633088979462
1552,0.0963002578625,0.199802760524,-0.596058530243,2.71528888533,0.00273450903202,9.91998604274,0.0121880995783,0.0640795923347
1553,0.0756186446689,0.200643226071,-0.554010082859,2.71224936209,0.00273146950878,5.6551783791,-0.00867169016207,0.0616946064445
1554,0.0898311332881,0.203356547306,-0.59984874403,2.70566268466,0.00272488283135,8.36247366149,0.00509988983638,0.0553153032816
1555,0.0852595300096,0.203566053553,-0.601960833464,2.71577616885,0.00273499631554,7.39310113324,0.00190109207508,0.0642346463971
1556,0.0746726855855,0.202228665064,-0.612315488403,2.71338701625,0.00273260716294,5.50465541803,-0.00848105185633,0.0588730947072
1557,0.0899624481175,0.194962578535,-0.585175956799,2.70401088961,0.0027232310363,8.3918498649,0.00439898698098,0.0605573816561
1558,0.071420107347,0.194170321057,-0.565052383903,2.71406307137,0.00273328321806,5.01167672056,-0.0124471824756,0.0644249060163
1559,0.0679595114078,0.191633229751,-0.500744390521,2.70391438121,0.0027231345279,4.52667055488,-0.0160364377144,0.0633775433128
1560,0.0899643825774,0.197664167533,-0.546495755124,2.71404608067,0.00273326622736,8.39228328116,0.00506340865468,0.0604605730666
1561,0.072949332989,0.1967962037,-0.541200711319,2.70399529319,0.00272321543988,5.23880523189,-0.0102102376178,0.0646263478628
1562,0.0758817788329,0.193106411744,-0.443340242343,2.70712883371,0.00272634898041,5.69764067947,-0.00862325324305,0.0612783624393
1563,0.0990171332762,0.200898938278,-0.640194409505,2.70677619323,0.00272599633992,10.6458762042,0.0135327402759,0.0612524611749
1564,0.0946806581185,0.185442524187,-0.516020257116,2.69304036897,0.00271226051566,9.50817608379,0.00728482625304,0.0621510835503
1565,0.0805275981598,0.177988912739,-0.441987244293,2.69827412351,0.0027174942702,6.49166768637,-0.00689902504141,0.0637195003241
1566,0.0937107839357,0.193219125163,-0.622757966244,2.70774526634,0.00272696541303,9.26876240281,0.00851257956429,0.0653812816516
1567,0.0918900148901,0.205899138268,-0.613152345541,2.70425914964,0.00272347929633,8.83339580644,0.00819444203582,0.0651179873021
1568,0.0744897378703,0.193726435042,-0.533147427061,2.69207879126,0.00271129893795,5.47592464198,-0.0104218645328,0.0558701299652
1569,0.0988561116272,0.185362772237,-0.570426916817,2.7002334919,0.00271945363859,10.6015915792,0.0119451302964,0.0558511710373
1570,0.0748212865102,0.192428527969,-0.534305087104,2.71499007809,0.00273421022478,5.52808241848,-0.00923621211339,0.0590217783595
1571,0.0723425645278,0.189366356568,-0.578314064318,2.70388908472,0.00272310923142,5.14771447724,-0.0119927101538,0.0594341831152
1572,0.098449360936,0.193318200964,-0.55090313238,2.70942277749,0.00272864292418,10.490445799,0.0132143194147,0.0587014993432
1573,0.0780024504019,0.183626580687,-0.489313016532,2.69888444851,0.00271810459521,6.04949656341,-0.00824708958649,0.0573400305033
1574,0.0856920571831,0.193105171411,-0.542403827975,2.70100238352,0.00272022253021,7.4805116467,0.00171525762797,0.0624375321642
1575,0.0684919333792,0.194486389072,-0.536277349407,2.7159606199,0.00273518076659,4.59875970441,-0.015307917793,0.063877694515
1576,0.0687600230917,0.200145392028,-0.644814498894,2.70688259291,0.0027261027396,4.63540006147,-0.0140045768558,0.0593726039292
1577,0.0724426565358,0.19711765687,-0.504109911346,2.71954591502,0.00273876606171,5.16265213762,-0.0112429268616,0.0623776406173
1578,0.0789818171835,0.19261716637,-0.505216556836,2.70948251368,0.00272870266037,6.2179267799,-0.00681669774021,0.0639717762168
1579,0.0805652293608,0.182109101807,-0.433382675222,2.69622504126,0.00271544518795,6.49845465775,-0.0059616358015,0.0575028533655
1580,0.0918673075615,0.187446707333,-0.474685802838,2.70380359685,0.00272302374354,8.82807994092,0.00495416490089,0.055536185183
1581,0.0809544971613,0.193572775356,-0.491678502176,2.70807208204,0.00272729222873,6.5690087922,-0.00335568392841,0.0589116065494
1582,0.0707135692712,0.191235780471,-0.554011002104,2.70747429417,0.00272669444086,4.909443591,-0.0134130023522,0.0530864752787
1583,0.0706983245628,0.184101964384,-0.53071537548,2.69825705212,0.00271747719881,4.90725627604,-0.0142072737512,0.052411729422
1584,0.0810790249834,0.199731078331,-0.563233519466,2.71246742038,0.00273168756707,6.59171370074,-0.00196306432471,0.0611145483638
1585,0.0982329620207,0.190044742557,-0.440816953145,2.70362731841,0.0027228474651,10.431732164,0.0111623862287,0.0631950177081
1586,0.0640534213636,0.199352092552,-0.552437728754,2.69700798233,0.00271622812902,4.02442254512,-0.018677681958,0.06218873778
1587,0.0792850385415,0.201046605731,-0.576218568687,2.70749761753,0.00272671776422,6.27085420658,-0.00454822258986,0.06059798497
1588,0.101243097725,0.204145776873,-0.545442816494,2.72879244359,0.00274801259028,11.2749722578,0.0170615315686,0.0672775426145
1589,0.0850524735516,0.194681304045,-0.539198781301,2.70577008265,0.00272499022934,7.35156382072,0.000325321371131,0.0555242614562
1590,0.0714546041899,0.196612199845,-0.609523637154,2.70882982622,0.00272804997291,5.01671156664,-0.0120944181432,0.0595148992348
1591,0.0743913862967,0.201249561028,-0.562473343577,2.71028661857,0.00272950676526,5.46052962445,-0.00942017630084,0.0594160431499
1592,0.0861176651229,0.205856805769,-0.600672794531,2.71200001089,0.00273122015758,7.56737788825,0.00139570570235,0.0566797987821
1593,0.106344439221,0.197723610542,-0.567584631034,2.69917500796,0.00271839515465,12.842335555,0.0200378938603,0.0602001015716
1594,0.074801601391,0.207710528616,-0.597089929033,2.71249665566,0.00273171680235,5.5249743956,-0.00777159595835,0.0640212974965
1595,0.0769478634044,0.199711499938,-0.510159397799,2.70235680881,0.0027215769555,5.87235722065,-0.00746555186171,0.0611186479011
1596,0.0929636991714,0.185825923071,-0.481958368162,2.70641337524,0.00272563352193,9.08792937672,0.00531359418535,0.0599310018016
1597,0.0788506295682,0.199604211439,-0.644023744695,2.71543772273,0.00273465786942,6.19514291183,-0.00574711272064,0.0635000163231
1598,0.0606579136073,0.195613664946,-0.593748601865,2.715113665,0.00273433381169,3.62374380338,-0.0226157804093,0.0611645934973
1599,0.0752149887446,0.197418211909,-0.480449808175,2.70784664781,0.0027270667945,5.59054261519,-0.00815090893884,0.0572386609988
1600,0.0888987286295,0.186487599771,-0.4914760755,2.70305147986,0.00272227162655,8.15641339962,0.002577335483,0.0636160773344
1601,0.0938220941961,0.20549366397,-0.596123149714,2.72042745393,0.00273964760062,9.2959705924,0.00941523125116,0.0671051931831
1602,0.0833603351077,0.199958860106,-0.48656819375,2.71289735766,0.00273211750435,7.0194355623,-0.00189927318387,0.0564121253928
1603,0.0640336163584,0.190593231043,-0.525764457909,2.71021615211,0.0027294362988,4.02199150094,-0.0204824087682,0.0636520958561
1604,0.0697750666026,0.192893308303,-0.559053497034,2.69363587896,0.00271285602565,4.77622841445,-0.0141130646786,0.0586690396101
1605,0.0607350567404,0.200035371978,-0.573902490254,2.70821038808,0.00272743053477,3.63249579352,-0.0221899598373,0.0629169072034
1606,0.0910104982107,0.187962463695,-0.512313293962,2.69953362078,0.00271875376747,8.62950480872,0.00550787374667,0.0571043525114
1607,0.0876930424573,0.190112343052,-0.506974264129,2.70352906939,0.00272274921608,7.89641611858,0.00263607207851,0.0593694222678
1608,0.088269272219,0.190525579364,-0.531346311564,2.71518880862,0.00273440895531,8.01977755695,0.00275144207176,0.0564486606028
1609,0.0908311064888,0.19209026816,-0.553003580363,2.70103801723,0.00272025816392,8.58842000445,0.00508981383076,0.065003313495
1610,0.0880262511857,0.20679641595,-0.529032058179,2.71787305967,0.00273709320636,7.96755144834,0.00432692968298,0.0663847354205
1611,0.0927250298939,0.194634193341,-0.459167169346,2.71141790938,0.00273063805608,9.03080730368,0.00802365387793,0.0650306532894
1612,0.084676494437,0.200319306549,-0.624531140974,2.71667226315,0.00273589240984,7.27664396107,0.00124247832762,0.0600803353982
1613,0.0867135730416,0.198287984742,-0.626186388328,2.71213711467,0.00273135726136,7.69044101078,0.00165044102318,0.0645267582262
1614,0.0929333496273,0.193434625618,-0.510573679622,2.70315736636,0.00272237751306,9.08064832802,0.00629600462301,0.0594013795148
1615,0.0801262618844,0.194582459414,-0.566145897613,2.71686783487,0.00273608798156,6.41965116881,-0.00481310698981,0.0567251610021
1616,0.111454640772,0.18493479649,-0.466454783746,2.70376626639,0.00272298641308,14.6044388059,0.0224584515405,0.0569786809294
1617,0.0912498419012,0.202537822257,-0.534130852761,2.70622028835,0.00272544043504,8.684583635,0.00849243717317,0.0662752634022
1618,0.0986756063612,0.203359121505,-0.561998166382,2.70932515254,0.00272854529923,10.5521410104,0.01266456556,0.0586834182367
1619,0.0824809402128,0.20056860118,-0.530031815008,2.70814166671,0.0027273618134,6.85188324747,-0.00135838764106,0.0580982114781
1620,0.086078595911,0.196307465215,-0.468221463884,2.70018768976,0.00271940783646,7.55936836559,6.83431277937e-05,0.058999374667
1621,0.0769936121692,0.194993039371,-0.552197871126,2.70772573999,0.00272694588668,5.87995203692,-0.0066528866467,0.0600888635365
1622,0.0856426915257,0.190932871707,-0.530153180832,2.70045458634,0.00271967473303,7.47049113959,-0.000767439550654,0.0562147162228
1623,0.084898883109,0.194183364534,-0.58106917234,2.71248694627,0.00273170709296,7.3208800181,0.00121725137594,0.0601142090465
1624,0.0984881766787,0.189454394794,-0.500810205263,2.70507218289,0.00272429232959,10.5010079606,0.012301077233,0.0584842948007
1625,0.0952017693821,0.189454595765,-0.508939501169,2.69614681221,0.0027153669589,9.6390198785,0.00842858762744,0.0605920072084
1626,0.0864863325758,0.194439088713,-0.542090004125,2.71249937526,0.00273171952195,7.64331357809,0.00130389590949,0.0626587388781
1627,0.0834128662511,0.190865251151,-0.534998837485,2.71261224298,0.00273183238967,7.02955245647,-0.00215583883752,0.0586821907533
1628,0.0719764783651,0.202998005105,-0.626978691796,2.70528881492,0.00272450896162,5.0933760099,-0.0107395118953,0.0632616973768
1629,0.0944234200653,0.187267216958,-0.529648171459,2.70842286371,0.0027276430104,9.44415896877,0.00914115859572,0.0609165607104
1630,0.0725069087763,0.204997361617,-0.557379714346,2.71376172871,0.0027329818754,5.17225948202,-0.00971648192271,0.0586396669589
1631,0.0858716255361,0.189925119855,-0.532466722783,2.71147133178,0.00273069147847,7.5170576252,7.11391803221e-05,0.0603910768545
1632,0.0597439113681,0.18916979577,-0.563293055511,2.70078314382,0.00272000329051,3.52125164482,-0.0225047149283,0.059747368884
1633,0.0962259039936,0.188881202119,-0.509814970879,2.70385276321,0.0027230729099,9.90074519564,0.0102812302149,0.058380226953
1634,0.0895432407211,0.193964015297,-0.513757482666,2.70891088455,0.00272813103124,8.29837859615,0.00457573403411,0.0603176626232
1635,0.0911642910426,0.19748164894,-0.483858761529,2.70848029764,0.00272770044433,8.66486159713,0.00605679399922,0.0658764110276
1636,0.0874069895678,0.183223379044,-0.467624901968,2.70567346228,0.00272489360897,7.83578100741,0.00120183072188,0.0521705760884
1637,0.0751109409339,0.19302975873,-0.491760884345,2.7067492384,0.00272596938509,5.57397996791,-0.00903175369014,0.0647773052902
1638,0.0794022689513,0.201399041968,-0.587132059423,2.70485047054,0.00272407061723,6.29141669053,-0.00468455721926,0.0521612663877
1639,0.0775793273238,0.199378242598,-0.576624328547,2.70852236703,0.00272774251372,5.9779033532,-0.00608995786506,0.0572258271768
1640,0.0867057518232,0.197381534447,-0.545225359445,2.70470032455,0.00272392047125,7.68881486948,0.00195101022605,0.056156375967
1641,0.0706631362864,0.217546031737,-0.629927941797,2.71518599964,0.00273440614634,4.9022104243,-0.0101040873786,0.0629949851914
1642,0.0789521667822,0.193586353236,-0.536952549287,2.72502195293,0.00274424209962,6.21277121862,-0.00546465087159,0.0546022654847
1643,0.0624605515059,0.210069047712,-0.612828783465,2.70812518668,0.00272734533337,3.83247017926,-0.0190820888737,0.0575490488622
1644,0.0841913377841,0.194666741672,-0.500052487714,2.70364959705,0.00272286974374,7.18092326133,-1.70864677333e-05,0.0599445810458
1645,0.0864983320364,0.193218839588,-0.512804211741,2.69977693372,0.00271899708041,7.6457959903,0.000599580740887,0.0554286472663
1646,0.0754241490315,0.194516898285,-0.637303662122,2.69953015152,0.00271875029821,5.6239588687,-0.00784885274985,0.0628523961814
1647,0.095950095202,0.188392053894,-0.515471241675,2.70505107424,0.00272427122093,9.8296573872,0.00874714328944,0.0572084574868
1648,0.103710048174,0.197246809534,-0.453618066701,2.71174544511,0.0027309655918,12.0103377575,0.0182561018347,0.0607212190943
1649,0.0933806138448,0.192895517132,-0.4818880057,2.70860996279,0.00272783010948,9.18846314771,0.00737388115908,0.0638739850564
1650,0.0839027470733,0.200172489708,-0.552632988536,2.699789996,0.00271901014269,7.12449060001,-0.000919319290972,0.0654217901486
1651,0.0969472205002,0.194098899153,-0.513969547786,2.71408971062,0.00273330985731,10.0887870779,0.0106629454352,0.0621867009474
1652,0.101897684037,0.204987413851,-0.570747038071,2.70438913813,0.00272360928482,11.4661031245,0.0157899505148,0.0588821833466
1653,0.0506369259593,0.191981952796,-0.512716497641,2.69604169979,0.00271526184648,2.61242252574,-0.0324537876862,0.0563110408001
1654,0.0547885896561,0.195161724879,-0.640386565165,2.72147475031,0.002740694897,3.00251264142,-0.029284850591,0.0600831972699
1655,0.0760143227344,0.203051578753,-0.64169983778,2.70601746465,0.00272523761134,5.7191279982,-0.00775049023774,0.063683617037
1656,0.0896055566244,0.196890798696,-0.570153380648,2.70760397081,0.0027268241175,8.31221643922,0.00378094060103,0.053351283682
1657,0.0822028552796,0.201660077446,-0.525351134562,2.71538902165,0.00273460916834,6.79960353473,-0.00167361439166,0.0664705541481
1658,0.0909327018334,0.192420805909,-0.529756653301,2.70797230626,0.00272719245295,8.61166691639,0.00531881719924,0.0608330631415
1659,0.0965509460432,0.187278987593,-0.462702787796,2.70014538945,0.00271936553614,9.9850985721,0.00850010997021,0.0549706194069
1660,0.0646183026146,0.195276889129,-0.537499211014,2.71623851345,0.00273545866014,4.0942394982,-0.0191282588534,0.0598123861347
1661,0.0712192210508,0.186766180896,-0.579217270041,2.71197943318,0.00273119957987,4.98243756832,-0.013028962831,0.06538824835
1662,0.102019960834,0.189449449574,-0.529843169762,2.7018284437,0.00272104859039,11.5021221764,0.0146852421701,0.0665011423957
1663,0.0632503898853,0.186777412919,-0.530433544802,2.70900028578,0.00272822043248,3.92675287486,-0.0196761751847,0.0629340817234
1664,0.0895398805647,0.192809632875,-0.477985814944,2.71318987653,0.00273241002322,8.29763300332,0.00331600017673,0.0553811419503
1665,0.0871326680186,0.196611749086,-0.536034525986,2.70074287957,0.00271996302627,7.77800600251,0.00271537538088,0.0540812069632
1666,0.062701933612,0.189140206573,-0.496077321389,2.70771186104,0.00272693200773,3.8610982158,-0.0209414215744,0.0620702634679
1667,0.103849114153,0.191635493023,-0.484594175845,2.71015695292,0.00272937709962,12.0530286151,0.0176731686977,0.0585592558155
1668,0.0793628755029,0.20039526691,-0.563149128313,2.7156456067,0.00273486575339,6.28450075901,-0.00576241081435,0.0588431860314
1669,0.0688189309581,0.198714889302,-0.527653474212,2.71526714494,0.00273448729163,4.64348195866,-0.015075307481,0.0624680656173
1670,0.0887121120378,0.194926325593,-0.549600567075,2.69756264875,0.00271678279544,8.11569841985,0.00351220981683,0.0583785135503
1671,0.0801934681179,0.188870954471,-0.479555756083,2.70427493882,0.00272349508552,6.43166419886,-0.00575820992148,0.0626554070613
1672,0.071864510657,0.199912363301,-0.542366030812,2.69887833099,0.00271809847768,5.07684898154,-0.0114572505084,0.0575144526548
1673,0.0855223886187,0.204712310053,-0.542467095317,2.71347798187,0.00273269812856,7.44611906313,0.000930525613884,0.0576837529286
1674,0.0723592047987,0.195131808662,-0.554254956404,2.7076370286,0.00272685717529,5.1501954443,-0.0122697324844,0.0590212689236
1675,0.0902091454925,0.210058620492,-0.566303973853,2.70685594076,0.00272607608745,8.44727791561,0.00521277931464,0.0585528744553
1676,0.0964177948604,0.1842440585,-0.499376619867,2.70593020766,0.00272515035435,9.95046818862,0.00888855327742,0.059828214161
1677,0.0861988955885,0.196385794498,-0.587984121193,2.71448317725,0.00273370332394,7.58405390362,0.00153942807755,0.0594711533839
1678,0.0723906926115,0.198644428545,-0.538207318415,2.70959768033,0.00272881782702,5.15489272769,-0.0116239207689,0.057516378524
1679,0.0813071042608,0.2019687452,-0.590558393446,2.71763516947,0.00273685531616,6.63346886694,-0.00263188745682,0.0634723541131
1680,0.0744143120531,0.192823037112,-0.504169568718,2.70050799387,0.00271972814056,5.46411505522,-0.010157558446,0.0562357242718
1681,0.0820604561747,0.190378361263,-0.57684634165,2.69889055987,0.00271811070656,6.77296237479,-0.00304389079779,0.0591300691282
1682,0.0876218211073,0.187416793655,-0.504655012907,2.70722011253,0.00272644025922,7.88128191025,0.00265434816201,0.0668111669956
1683,0.0902042218569,0.192755320922,-0.588441619029,2.70285062138,0.00272207076807,8.44616860167,0.00594770829231,0.0571815413437
1684,0.100496276775,0.189538420776,-0.421358715615,2.7115429287,0.00273076307539,11.0603510308,0.0136703744655,0.0655659481138
1685,0.0754216698672,0.195335228348,-0.573754742803,2.70886346449,0.00272808361118,5.62356183548,-0.0101009872344,0.0592166667764
1686,0.0841554490976,0.197515785829,-0.568172421366,2.71538456006,0.00273460470675,7.17388491772,0.000303492966048,0.0598297740178
1687,0.104148012398,0.185456569985,-0.498805366992,2.7019798878,0.00272120003449,12.1452415619,0.0174511483168,0.0546393464812
1688,0.0909493464579,0.195523119855,-0.444580601534,2.71631476944,0.00273553491614,8.61548068028,0.00627477614472,0.0625339082074
1689,0.0617136398929,0.203158821512,-0.652585211847,2.70769586418,0.00272691601087,3.74490934069,-0.0211432829058,0.0567566950441
1690,0.0692245036818,0.183309537454,-0.518271166283,2.71023985877,0.00272946000546,4.69942800457,-0.0169740362289,0.0554045761477
1691,0.0903334557788,0.194174460948,-0.548075148807,2.70231281145,0.00272153295814,8.47532704005,0.00582470877192,0.0653210459591
1692,0.0663613468185,0.195044994072,-0.607052415952,2.71618103276,0.00273540117945,4.31560199873,-0.017053537232,0.0631396090285
1693,0.0684885259474,0.199645294527,-0.589679864501,2.69625328356,0.00271547343025,4.5982954814,-0.0141341759979,0.059783139422
1694,0.0661734322702,0.197083362801,-0.610359258138,2.70328950764,0.00272250965433,4.29129964835,-0.016749068907,0.0592498973269
1695,0.0751319315712,0.206594957994,-0.645230717223,2.71117800144,0.00273039814813,5.57731809551,-0.00853540276615,0.0617600472661
1696,0.0740589311362,0.194268389186,-0.538061231528,2.70733068446,0.00272655083115,5.40875035887,-0.00986154494346,0.0607210206603
1697,0.0642991024679,0.200580056875,-0.577927679831,2.71631096538,0.00273553111207,4.05467389124,-0.0170213173679,0.0614557142626
1698,0.0891816368935,0.186516018647,-0.509699621605,2.70614773837,0.00272536788506,8.21847041726,0.00327222732404,0.0566770222413
1699,0.0780493970641,0.199760167127,-0.583959572505,2.71024852359,0.00272946867029,6.05748341727,-0.00614958601002,0.0616583041411
1700,0.0855864466014,0.202876809407,-0.606748161644,2.70962905654,0.00272884920323,7.45908811685,0.000739939490006,0.0611582264475
1701,0.0687015202233,0.197422172362,-0.517694288833,2.69874576906,0.00271796591575,4.62738474311,-0.0155882459498,0.0610900820871
1702,0.0596164020535,0.205159136899,-0.626033581092,2.71538842213,0.00273460856882,3.5071281299,-0.0216695259162,0.0659630549384
1703,0.0968410650712,0.190518241908,-0.539992305383,2.70203216891,0.0027212523156,10.0609187159,0.0106149287947,0.056550083269
1704,0.0670176707799,0.197581520891,-0.605200989369,2.71357250952,0.00273279265621,4.40132701155,-0.017678500645,0.0571135331875
1705,0.0787345640063,0.198683690401,-0.546432492894,2.69651713688,0.00271573728358,6.17504301895,-0.00617852249272,0.054464239792
1706,0.0738010609497,0.199649253825,-0.472086673881,2.70781337972,0.00272703352642,5.36886259415,-0.0104784055088,0.0614981536973
1707,0.0762880292494,0.192184398481,-0.520347452389,2.70770566167,0.00272692580836,5.76370981862,-0.00865779042614,0.0613983361502
1708,0.0702923862742,0.188900684111,-0.52144002488,2.70903969216,0.00272825983885,4.8492976643,-0.0149415554842,0.0606251493948
1709,0.0871277073527,0.198214326112,-0.623162593641,2.71144199038,0.00273066213707,7.77696458532,0.00158478512612,0.0602302568569
1710,0.074323509131,0.19218351406,-0.525275982853,2.70808071582,0.00272730086251,5.44992531074,-0.00960233885734,0.055444778963
1711,0.0775809580465,0.196588515647,-0.58413307938,2.70708036847,0.00272630051516,5.97817792773,-0.00591941608096,0.0575210558116
1712,0.0702065376134,0.193172300565,-0.561568898761,2.70753701144,0.00272675715813,4.83711069759,-0.0149163447899,0.0598511829527
1713,0.0733180484525,0.205025705789,-0.54212276463,2.71118708938,0.00273040723607,5.29479085945,-0.00860325754183,0.0649587269402
1714,0.0781192348253,0.199207136854,-0.588525867271,2.71936121064,0.00273858135733,6.06938074609,-0.00579211576528,0.0616772158039
1715,0.06852950448,0.203398276421,-0.601087644564,2.71578382171,0.0027350039684,4.60388078515,-0.014518614152,0.0616829093239
1716,0.0829288568707,0.19922662503,-0.573020669021,2.71219011282,0.00273141025951,6.93680033096,-0.00211833842635,0.058959233144
1717,0.0735289240716,0.19039754579,-0.576435960168,2.70363737764,0.00272285752433,5.32702695686,-0.0106582193865,0.0628250036735
1718,0.0726331109947,0.196328462965,-0.50579719246,2.71954000238,0.00273876014907,5.19117186442,-0.0116234013979,0.0626682931623
1719,0.0748927092485,0.187366463288,-0.446761849093,2.71373493608,0.00273295508278,5.53937109119,-0.0102471878485,0.0632499180529
1720,0.0830989252917,0.189171553432,-0.500118001966,2.70405527809,0.00272327542478,6.96927301961,-0.00101177147789,0.0624194455513
1721,0.0748232442835,0.199585263995,-0.523941022916,2.70506845618,0.00272428860287,5.52839160309,-0.010142019413,0.0559511447022
1722,0.0761363067307,0.189708144963,-0.549946521195,2.70478190707,0.00272400205376,5.73896196213,-0.00775816441336,0.0561042219275
1723,0.0758211747507,0.195751400288,-0.518123043294,2.69993569319,0.00271915583989,5.68783789167,-0.00777817067164,0.0588995371898
1724,0.0683674590835,0.195610039726,-0.570382492722,2.71152166239,0.00273074180909,4.58182552526,-0.0155931266052,0.0644071881145
1725,0.0722076989597,0.19364129114,-0.571762844727,2.70518245694,0.00272440260363,5.12764228507,-0.0119765989813,0.0620812679458
1726,0.0768978381925,0.197033041783,-0.566452501634,2.70993740584,0.00272915755253,5.86406169258,-0.00678225671644,0.0641938930023
1727,0.0882799797571,0.198104091562,-0.623054296203,2.70349589817,0.00272271604486,8.02208535987,0.00376160691044,0.0657859376173
1728,0.0735563981765,0.184913637027,-0.539378971243,2.70480062988,0.00272402077657,5.33123853289,-0.0116657836151,0.0569783483995
1729,0.0743966513994,0.198355892558,-0.530687832555,2.7128288376,0.00273204898429,5.46135288114,-0.00861853218258,0.061044509001
1730,0.0847665998078,0.179437423926,-0.486652196611,2.70384762298,0.00272306776967,7.29453979715,-0.00170751221697,0.0578088623824
1731,0.0954279621881,0.198467870439,-0.633325500158,2.7076855631,0.0027269057098,9.69630002777,0.0104070923979,0.0624248212227
1732,0.0905209381778,0.188607877459,-0.503918607729,2.70393880896,0.00272315895565,8.51778170105,0.00450670440113,0.0593674963637
1733,0.0827026838604,0.187354315826,-0.440788743633,2.71104843987,0.00273026858657,6.89381214928,-0.00256156397756,0.0635155704206
1734,0.0882880200077,0.19296325231,-0.530527129157,2.70780833752,0.00272702848421,8.02381865374,0.00313242464262,0.0573830523402
1735,0.0861641758197,0.187364277706,-0.461011870778,2.70998263677,0.00272920278346,7.57692237561,6.83620814441e-05,0.063899501923
1736,0.0795613749196,0.194290241299,-0.569908078891,2.70987427302,0.00272909441972,6.31941370514,-0.003468961971,0.0612941128971
1737,0.0848692937075,0.187357261027,-0.564398748591,2.69533015776,0.00271455030445,7.31498120917,-0.000813617979384,0.058630189119
1738,0.0740336667898,0.195445273628,-0.603630813479,2.71840135334,0.00273762150003,5.40483184103,-0.00945305015587,0.0598203209337
1739,0.0966800361212,0.187764950797,-0.454027969543,2.69992308109,0.00271914322779,10.0187732517,0.00908096957592,0.0585588692464
1740,0.100233209706,0.204575971619,-0.600464310024,2.72058141859,0.00273980156528,10.9856138265,0.0155296082671,0.0647282539366
1741,0.0678101179159,0.210239057612,-0.615826860329,2.71813927985,0.00273735942654,4.50660378713,-0.013930204943,0.0598915162938
1742,0.0755243311849,0.190393043104,-0.50971196223,2.7003923565,0.00271961250319,5.64002200124,-0.00895226424166,0.0561244506013
1743,0.0964670453237,0.186589867875,-0.536306502895,2.70430455887,0.00272352470556,9.96326515507,0.00936022977998,0.0564903473838
1744,0.0909025102173,0.203337976451,-0.546258822084,2.70409661576,0.00272331676246,8.60475285733,0.00633772209061,0.0604594965609
1745,0.0888120208027,0.200489736175,-0.611532993905,2.70377200157,0.00272299214826,8.13747426318,0.00550358057629,0.0628263653871
1746,0.0759873724027,0.190118530732,-0.522603546497,2.70797500778,0.00272719515447,5.71475359088,-0.00926210575412,0.0592409734787
1747,0.0576933970197,0.194937415588,-0.490921174904,2.70701093841,0.0027262310851,3.29920316158,-0.0250786772595,0.0592796430473
1748,0.0788903126927,0.194778953287,-0.55616982474,2.71715351648,0.00273637366317,6.20202753039,-0.00584853156833,0.0584076119057
1749,0.0931885914368,0.189704037401,-0.512372035908,2.71318782035,0.00273240796704,9.14204024675,0.00817569026158,0.0637175507529
1750,0.0976874526081,0.198390840315,-0.52945861602,2.70978409246,0.00272900423915,10.2850012185,0.0119696947325,0.0654478141336
1751,0.103383756232,0.190244018346,-0.547734562001,2.71129977178,0.00273051991847,11.9106981545,0.0157588556966,0.0574456552415
1752,0.0933968346291,0.190803073629,-0.615650455264,2.71454219695,0.00273376234364,9.19239399268,0.00676184660601,0.0628419911914
1753,0.0706354654601,0.198683099301,-0.583115555802,2.71864238665,0.00273786253334,4.89824545455,-0.0131519108165,0.0641419707037
1754,0.104716073263,0.191344775982,-0.537683747078,2.71957104136,0.00273879118805,12.3222231015,0.01881189232,0.065930260814
1755,0.0830610034068,0.197791922885,-0.530379506597,2.70670486117,0.00272592500786,6.9620212059,-0.00166337793917,0.0609123605275
1756,0.0843458328333,0.189984082997,-0.527045176059,2.70060273647,0.00271982288316,7.21128879913,-0.00122246722611,0.0565927012398
1757,0.0961299389612,0.198688935212,-0.480551608354,2.70855698877,0.00272777713547,9.87596012457,0.0105080267113,0.0622547630243
1758,0.0971139284942,0.195987152775,-0.508394259131,2.71290312994,0.00273212327664,10.1326882623,0.0116750347311,0.0670977732924
1759,0.0994153794924,0.198692167825,-0.621276500504,2.71552625868,0.00273474640538,10.7561022177,0.0134755392859,0.0680652505731
1760,0.0807558274727,0.186877159861,-0.501109504475,2.72394751853,0.00274316766523,6.5329208644,-0.00428781097858,0.0543562666971
1761,0.0782429432467,0.188674228798,-0.521776379693,2.71109732024,0.00273031746693,6.09050265319,-0.0079489372453,0.0570080704442
1762,0.0964167259185,0.187641590928,-0.452426284917,2.69975215639,0.00271897230309,9.95019060001,0.00978823302734,0.0657258168167
1763,0.0704326498522,0.188629600895,-0.513364937995,2.70676863775,0.00272598878444,4.86926196272,-0.014488416575,0.0599439774887
1764,0.0874025488495,0.198961317998,-0.517863747264,2.70950623274,0.00272872637943,7.83484284055,0.00308255001276,0.0643886676032
1765,0.0856758513242,0.199577078072,-0.553926044326,2.70895827844,0.00272817842513,7.4772208381,0.00118188802959,0.0597658994531
1766,0.0778363999566,0.201281832145,-0.584325538386,2.70732217996,0.00272654232665,6.02131671945,-0.00559993829512,0.0619209659684
1767,0.0769583044654,0.18759518702,-0.496620412414,2.7024591905,0.00272167933719,5.87408984545,-0.00899521783328,0.0605567915778
1768,0.0923205382581,0.195304099181,-0.48985767924,2.70310705392,0.00272232720062,8.93470751673,0.00751535950378,0.0657257208037
1769,0.0877672647632,0.18912113261,-0.590453556058,2.70233608071,0.0027215562274,7.91221440204,0.00243060358263,0.0613190970338
1770,0.0788656870344,0.184375964684,-0.467024382727,2.70060919937,0.00271982934607,6.19775448376,-0.00615093725303,0.0605989481712
1771,0.0679605695515,0.189140956915,-0.505647831129,2.70282402347,0.00272204417016,4.52681293686,-0.0156719571039,0.0626622134371
1772,0.0725995383712,0.197632748482,-0.615161163657,2.72081806931,0.002740038216,5.18613531336,-0.0119619604316,0.0587115445089
1773,0.0567215599765,0.198147635111,-0.537457608644,2.69918234901,0.0027184024957,3.19766306402,-0.0250540432516,0.0627753919495
1774,0.0723993027527,0.194488234613,-0.514370055275,2.70588811484,0.00272510826153,5.15617777029,-0.0110280762385,0.0586032905609
1775,0.0977285652209,0.183780880365,-0.489389489421,2.70134048415,0.00272056063084,10.2959962772,0.00952560118826,0.0544000908894
1776,0.0833641851362,0.186964608793,-0.558300550822,2.6979330384,0.00271715318509,7.0201766171,-0.00274964438677,0.057013817718
1777,0.0818801874658,0.190515835235,-0.559458993149,2.705069207,0.0027242893537,6.73936174559,-0.00462079609609,0.0614233252373
1778,0.0929555368559,0.187131895726,-0.476007920436,2.70896602232,0.00272818616901,9.08597068836,0.00676251183097,0.0570666031483
1779,0.0644956816339,0.194518693668,-0.542264912519,2.71248537096,0.00273170551765,4.07900524201,-0.0177194309287,0.06349860839
1780,0.0674408083209,0.198962419493,-0.624418054323,2.71038231473,0.00272960246142,4.45729775109,-0.0151721085071,0.0643367072658
1781,0.0697259783273,0.200972733603,-0.569429369261,2.70241608,0.00272163622669,4.76934067394,-0.0128601306887,0.0642790886646
1782,0.0626539719334,0.19483633877,-0.60710382491,2.7011326067,0.00272035275339,3.85539698645,-0.0206925470541,0.0629099216457
1783,0.0656896546967,0.189976801642,-0.432364443914,2.71755820823,0.00273677835492,4.22922489582,-0.0177728340007,0.0631228010314
1784,0.0899241097388,0.195889044202,-0.567242881571,2.71057108083,0.00272979122752,8.38326410747,0.0048700522239,0.0603062483415
1785,0.0862985697591,0.196101600028,-0.537384565062,2.70754590781,0.0027267660545,7.60455892324,0.00120374192637,0.0570398144735
1786,0.0810496176796,0.194222840509,-0.459774920485,2.70464446108,0.00272386460778,6.58634602675,-0.00367435606519,0.0593949464149
1787,0.0657969689723,0.186454175387,-0.506238565482,2.71308159148,0.00273230173818,4.24293393675,-0.0180726676873,0.06120631539
1788,0.0586298966742,0.196418750198,-0.547076774216,2.70740191882,0.00272662206551,3.39928294596,-0.0258671750819,0.0620423826947
1789,0.0812962103586,0.188504506392,-0.49014447604,2.70561670642,0.00272483685312,6.6314694753,-0.0045082867493,0.0577389479078
1790,0.0861247554441,0.191891172758,-0.47879297781,2.71172281474,0.00273094296143,7.56883223715,6.93585104249e-05,0.0611137750701
1791,0.110683461164,0.186277219893,-0.509372818097,2.70557286621,0.0027247930129,14.3253477887,0.0228856955587,0.0619390229501
1792,0.097860932346,0.19704086422,-0.529058183426,2.72799449849,0.00274721464518,10.3314662376,0.0117738716166,0.0541891536017
1793,0.0806023620816,0.183719343407,-0.476713797288,2.70887439624,0.00272809454293,6.50515752071,-0.00511701583144,0.0583774499355
1794,0.0928435687295,0.195557384813,-0.523303678046,2.70569511592,0.00272491526261,9.05913889143,0.00751165956334,0.0596342915463
1795,0.0850621098491,0.196826921922,-0.601465987746,2.71194406345,0.00273116421014,7.35349255187,-3.40834104079e-05,0.0670104190198
1796,0.0850326101855,0.195588382267,-0.569700667889,2.70661210705,0.00272583225374,7.34758946494,-0.000252008692592,0.062169453966
1797,0.0739897732766,0.205424718567,-0.612508364568,2.71991045234,0.00273913059903,5.39802940388,-0.00910871141721,0.0656892775917
1798,0.0546388784192,0.206297101141,-0.605997143488,2.70899251512,0.00272821266181,2.9877675479,-0.0262754136702,0.0655661982815
1799,0.0887054152547,0.19518752844,-0.509664513906,2.70120682771,0.00272042697441,8.11424059299,0.00358275581359,0.05929366169
1800,0.0861946224117,0.195978048002,-0.458358888056,2.71625222983,0.00273547237652,7.58317587475,0.00230767479465,0.0665692794764
1801,0.0788210573901,0.193153252988,-0.50760068862,2.71183488223,0.00273105502892,6.19001655508,-0.00689765344317,0.0564305917778
1802,0.0764155690432,0.186421957996,-0.520698097778,2.70298064127,0.00272220078796,5.78458075078,-0.00872816547137,0.0613737634222
1803,0.0735754171006,0.185312717198,-0.457213072525,2.69972277716,0.00271894292385,5.33415557134,-0.0121929868814,0.0571679467958
1804,0.0749133622902,0.197201045628,-0.523269226717,2.70871150549,0.00272793165218,5.5426388908,-0.00878439606937,0.0639025052257
1805,0.1025087225,0.188657935217,-0.570196013249,2.70064179065,0.00271986193735,11.6470985812,0.0154086714278,0.0535464629938
1806,0.0743251633245,0.195833790008,-0.595198049936,2.71358332417,0.00273280347086,5.45018354299,-0.00886800531471,0.0607965389805
1807,0.061814122403,0.193023610856,-0.568807871458,2.71123507082,0.00273045521752,3.75659951815,-0.0225640458332,0.0553554188023
1808,0.0744153366242,0.198227927774,-0.500644780767,2.71213059233,0.00273135073902,5.46427533575,-0.0097786311974,0.0545777740972
1809,0.0906385290534,0.193823120085,-0.440029396176,2.70429603992,0.00272351618661,8.54450297047,0.00586871487711,0.0575254960803
1810,0.0666849579965,0.191420725201,-0.610835442739,2.70513332923,0.00272435347592,4.35770530573,-0.0171553458459,0.0600686077918
1811,0.0978807158535,0.197400611084,-0.505952859109,2.70926901766,0.00272848916436,10.3367767462,0.0116853826553,0.0608181690041
1812,0.0733128247927,0.183668328747,-0.527989458343,2.70602525679,0.00272524540348,5.29399433786,-0.0123507361961,0.0646612861419
1813,0.0698219449429,0.194618475866,-0.49644492908,2.70477323922,0.00272399338591,4.78281345189,-0.0147810169745,0.0641582672493
1814,0.0818210275287,0.19550669048,-0.517072998124,2.70594929215,0.00272516943884,6.72836528167,-0.00264063382704,0.0657862816485
1815,0.0700787899472,0.202591125566,-0.557819892368,2.71329023482,0.00273251038151,4.81902098732,-0.0127340986129,0.0573773479038
1816,0.0944053972541,0.191204335914,-0.513329042552,2.70501999516,0.00272424014185,9.43968783729,0.00795647074093,0.0627177780987
1817,0.0913444220338,0.182989867939,-0.511643327234,2.70464164179,0.00272386178848,8.70643222929,0.00468525404514,0.0633911581328
1818,0.0745171995046,0.196010041324,-0.55437481324,2.71492646867,0.00273414661537,5.48022952016,-0.0102812120026,0.0643381455482
1819,0.0752695896152,0.196027235986,-0.589083525411,2.71866196449,0.00273788211119,5.5992501929,-0.00961527935367,0.0649209425237
1820,0.0958190558108,0.194743360512,-0.580427921158,2.69018667793,0.00270940682462,9.79603929775,0.00925867501303,0.05489974314
1821,0.069542665071,0.188746743389,-0.49993371099,2.71336296803,0.00273258311472,4.74368912049,-0.0141561605694,0.0633240783894
1822,0.081209637549,0.191949995463,-0.506837830007,2.71327329489,0.00273249344158,6.61559839051,-0.00480607512226,0.0638696716127
1823,0.0688246467685,0.209631471732,-0.596329059536,2.7112511496,0.00273047129629,4.64426673529,-0.0131497040585,0.0604838202258
1824,0.0647209230862,0.195523740047,-0.490890864183,2.70761023079,0.00272683037748,4.10702268241,-0.0193207855323,0.0619320176631
1825,0.0738196284599,0.191544091521,-0.510766420285,2.71091175818,0.00273013190487,5.37172665218,-0.0103644034912,0.0572530057615
1826,0.0813327629991,0.187475335681,-0.50621576435,2.71131564514,0.00273053579183,6.63818008521,-0.00320386670489,0.0615554869899
1827,0.0696618872527,0.206281517495,-0.605811342448,2.71551299022,0.00273473313692,4.76035972613,-0.0129047072575,0.0612310562421
1828,0.0928740391115,0.19169331142,-0.551431968973,2.7080291904,0.00272724933709,9.06643394177,0.00624850069303,0.0583710924474
1829,0.0564042187518,0.204027170168,-0.547118613454,2.71868112002,0.00273790126671,3.16500877671,-0.0251640983698,0.0623319373403
1830,0.0607557955669,0.198933513873,-0.582569964247,2.70047831482,0.00271969846151,3.63485135612,-0.0228949967059,0.0616401758697
1831,0.0616653452267,0.208118038009,-0.641492829822,2.70928845538,0.00272850860207,3.73930055334,-0.020249757224,0.0670340766075
1832,0.0730388880416,0.200109999178,-0.55092007067,2.70178342431,0.002721003571,5.25235905217,-0.0114732771969,0.0585571633443
1833,0.0839492021375,0.189527619982,-0.474226710408,2.70969285754,0.00272891300423,7.13354934012,-0.000150570795935,0.0654126332132
1834,0.0761829231436,0.19728980293,-0.536723390762,2.70723739084,0.00272645753754,5.74655640603,-0.00760717248383,0.0631591385081
1835,0.0748899480045,0.202332118363,-0.6094797848,2.70851849986,0.00272773864655,5.53893431604,-0.00936967015824,0.0601358241088
1836,0.0720879078926,0.190981742492,-0.462150286574,2.71314976158,0.00273236990827,5.10986650358,-0.0130326704753,0.0587757481845
1837,0.0968690061681,0.195955958563,-0.516393536355,2.71262500217,0.00273184514886,10.068247391,0.0106770813112,0.0592332698471
1838,0.101886886908,0.199747512102,-0.600128731804,2.70221193364,0.00272143208033,11.4629274151,0.0159933205728,0.0562149226763
1839,0.0824108254815,0.193813817232,-0.560069723891,2.70494947054,0.00272416961723,6.8386700643,-0.00124667054227,0.0646814479958
1840,0.0986908584298,0.203174173466,-0.649643818204,2.70498627501,0.00272420642171,10.5563115604,0.0134499460439,0.059090553676
1841,0.0859855938935,0.197504414968,-0.591333015895,2.69725721398,0.00271647736067,7.54033111501,0.00165190839762,0.0607844830228
1842,0.0684564175288,0.203586372864,-0.61352431981,2.71280884184,0.00273202898853,4.59392289953,-0.0130429736756,0.063925063146
1843,0.0865575956847,0.205018627135,-0.555935409314,2.70441960116,0.00272363974786,7.65806633241,0.00284929914874,0.0705960641264
1844,0.0883820346554,0.192316139043,-0.566445590354,2.70239749411,0.0027216176408,8.04410983425,0.00284528178712,0.0556179676299
1845,0.0830046263903,0.20372607359,-0.553442049526,2.71759307527,0.00273681322196,6.95125193895,6.06019803166e-05,0.0644594055066
1846,0.0861464887419,0.190397511763,-0.531091523976,2.69959020942,0.00271881035611,7.57329159589,-0.00079740630937,0.0612951507048
1847,0.076886016617,0.202013940344,-0.603028176065,2.70323474581,0.00272245489251,5.86210276377,-0.00781842239721,0.0500804673028
1848,0.0801246886501,0.185884872452,-0.478782491581,2.70245284082,0.00272167298751,6.41937017893,-0.00631677642124,0.0596062306998
1849,0.0770924223145,0.198371004906,-0.603034705045,2.70384796319,0.00272306810988,5.89638319611,-0.00625462292023,0.0601347494162
1850,0.0781861295812,0.205218295884,-0.571465430831,2.70946633472,0.00272868648141,6.08079479573,-0.00525370182415,0.0587971028953
1851,0.0813554418776,0.191482693551,-0.481411248997,2.71101139497,0.00273023154166,6.64234649694,-0.00389708586752,0.0627118199254
1852,0.0793065571572,0.192910856095,-0.591128476514,2.70880677649,0.00272802692318,6.27462443851,-0.00577982960068,0.0586790523476
1853,0.0629810671408,0.196627635595,-0.556959706426,2.71357829261,0.0027327984393,3.89440692453,-0.0186292765673,0.0664347388472
1854,0.059710035027,0.204538196724,-0.519077432187,2.71100927361,0.0027302294203,3.51749520076,-0.0221444507968,0.0640692171624
1855,0.0747709387977,0.202500900534,-0.61879738721,2.71241366254,0.00273163380924,5.5201360072,-0.00879285374477,0.0648594406601
1856,0.071376283498,0.18657853367,-0.508544077594,2.70328979253,0.00272250993922,5.00528643134,-0.0141391696039,0.05861044649
1857,0.0680154208872,0.189287989015,-0.537491184846,2.71713313665,0.00273635328334,4.53419846964,-0.0161219713572,0.0591462386968
1858,0.0971963791643,0.193267627835,-0.550063731354,2.70980510138,0.00272902524807,10.1544626913,0.0114670571064,0.0681052642346
1859,0.0898508913186,0.20043660689,-0.483148074793,2.69979917714,0.00271901932383,8.36688804125,0.00529079893036,0.0589551903107
1860,0.0856951410801,0.191148369919,-0.466494449852,2.69371863828,0.00271293878497,7.48113801086,0.000306224680862,0.0616426563213
1861,0.0826640064314,0.188262220514,-0.493341017704,2.69983514712,0.00271905529382,6.88648327187,-0.00321164430958,0.0616856086543
1862,0.0742123090703,0.205678090236,-0.579346517166,2.71349412554,0.00273271427224,5.43258890717,-0.00831211991817,0.0623383141346
1863,0.0936592493688,0.194284252967,-0.54309940684,2.71345881763,0.00273267896432,9.25618894676,0.00750896263645,0.0598694057651
1864,0.0917737127554,0.202221593953,-0.631240961581,2.70886533515,0.00272808548184,8.80619821983,0.00722337873204,0.0637866626539
1865,0.0813452045108,0.190855638954,-0.564592763173,2.71358406767,0.00273280421437,6.64046548594,-0.00343361486183,0.0675685258037
1866,0.0780257173819,0.194495243208,-0.478485243806,2.71462947428,0.00273384962097,6.05345379773,-0.00496236105817,0.0695116596096
1867,0.0973445742047,0.202131938374,-0.624375710764,2.73134862542,0.00275056877211,10.1937025669,0.0138261275459,0.064267014888
1868,0.0742869161941,0.197000701087,-0.568107533659,2.70872332328,0.00272794346998,5.444215415,-0.00937470802665,0.062973609972
1869,0.0921174775201,0.194576908635,-0.588093953811,2.7122086387,0.00273142878539,8.88679839059,0.00600946792809,0.0596741815857
1870,0.0853367731913,0.204643713321,-0.582508652716,2.71740421108,0.00273662435777,7.40864759887,0.00173690126233,0.0615389173131
1871,0.0709100232917,0.198347684643,-0.61878031269,2.710164134,0.00272938428069,4.93770064267,-0.0120958501332,0.0585265991729
1872,0.089405235268,0.187985277706,-0.471526154226,2.70894841652,0.00272816856321,8.26780350829,0.00320442163157,0.0631722757126
1873,0.0950697150912,0.183494750248,-0.441192524718,2.69764116373,0.00271686131042,9.60571546791,0.00786100745413,0.0592199032593
1874,0.0994270782816,0.195261965926,-0.506154236141,2.72063734746,0.00273985749415,10.7593553105,0.0129486732659,0.0630150536222
1875,0.0792665944099,0.209110915778,-0.595749760785,2.71080170393,0.00273002185063,6.26762414404,-0.0031455400969,0.0591488097233
1876,0.0740203732249,0.202729733947,-0.609640226223,2.70947110608,0.00272869125278,5.40277092491,-0.00963764335102,0.0608142760705
1877,0.0781878907892,0.203156460035,-0.556560723579,2.72036540729,0.00273958555398,6.08109554459,-0.00389850046612,0.0696429720836
1878,0.0872559208185,0.211974991305,-0.615019821672,2.71001191398,0.00272923206068,7.80391925715,0.0035401347244,0.0580515761745
1879,0.0816010655871,0.196602454652,-0.54554436489,2.71533508511,0.0027345552318,6.68761106757,-0.00210952194827,0.0562937198524
1880,0.0896067137859,0.190396951925,-0.521197119589,2.71150904431,0.00273072919101,8.31247358518,0.0035697706826,0.0605177086102
1881,0.0820160812319,0.197787911522,-0.535291667621,2.71278999729,0.00273201014398,6.76467825378,-0.00119849570899,0.062662353288
1882,0.0874376839682,0.191028557457,-0.531630355482,2.70512946221,0.0027243496089,7.84226826949,0.00356441657752,0.0601049079058
1883,0.0743315764515,0.194155607523,-0.538528776043,2.7052070969,0.00272442724359,5.45118477515,-0.0086293313351,0.0603743763856
1884,0.0926696765677,0.191288591471,-0.541200212143,2.70831083343,0.00272753098012,9.01760377703,0.00669381410928,0.0623603847185
1885,0.082725287355,0.194464268014,-0.457478962117,2.70154742709,0.00272076757378,6.89809825341,-0.00173919292792,0.0629181407337
1886,0.0798921706142,0.19135382165,-0.507455945149,2.70494046225,0.00272416060894,6.37795326336,-0.00500656891832,0.056940606186
1887,0.0906981923604,0.19331449859,-0.531448713099,2.70550438094,0.00272472452764,8.55808838946,0.00539632077817,0.0632509900646
1888,0.082112336551,0.192012018994,-0.499812640243,2.70671293358,0.00272593308028,6.78265842129,-0.00369471096853,0.0602030088245
1889,0.0636057650182,0.201154690589,-0.5733478353,2.71027050063,0.00272949064732,3.96974848242,-0.0189063488205,0.0631726153273
1890,0.0969938115876,0.187818831217,-0.523739983579,2.70477337805,0.00272399352474,10.10103967,0.01031336517,0.0577354694668
1891,0.0595777161791,0.207050934041,-0.618927104895,2.71340358797,0.00273262373466,3.50285150001,-0.0213063344562,0.0639901937767
1892,0.0730523037633,0.201319161572,-0.568814830589,2.71343768025,0.00273265782694,5.25439190801,-0.00983926237921,0.0614451990148
1893,0.0906361488612,0.189879456248,-0.540517672215,2.70563845053,0.00272485859722,8.54396138267,0.00458985191503,0.0579218517737
1894,0.0956909729406,0.193239200689,-0.519935173818,2.69930564841,0.0027185257951,9.76327669123,0.0102731927451,0.0585386648054
1895,0.0633958442342,0.189466019536,-0.580469553701,2.70837444988,0.00272759459658,3.94430747828,-0.0201742541975,0.0590273246519
1896,0.0780870421878,0.194848701232,-0.591461347095,2.70753593625,0.00272675608294,6.06389412144,-0.00612057418711,0.0596766000465
1897,0.0998117757914,0.196422491123,-0.505498852782,2.70775085638,0.00272697100308,10.8668120042,0.0130686411617,0.063699354167
1898,0.0769084378964,0.187577375165,-0.505377986324,2.70033977931,0.002719559926,5.86581860478,-0.00883450879688,0.0595585069947
1899,0.0884739546056,0.199036893707,-0.591399302125,2.72229885179,0.00274151899848,8.063991329,0.00453074747095,0.0570646431198
1900,0.090845082211,0.202172835697,-0.560398776148,2.70566754088,0.00272488768758,8.59161470065,0.00524079741475,0.0590957445531
1901,0.0756762650637,0.203494139621,-0.598154100833,2.71768064034,0.00273690078703,5.66445446319,-0.00659131086663,0.0624449097857
1902,0.0884224434758,0.199406439736,-0.571814914663,2.70954426234,0.00272876440903,8.0528447441,0.0042854026969,0.0609824302074
1903,0.0832026952739,0.196191900341,-0.627144228035,2.71032341371,0.0027295435604,6.98914946708,-0.00179982436169,0.0619566974836
1904,0.0659984627142,0.186448894957,-0.553083189147,2.71316102866,0.00273238117535,4.26876750473,-0.019131282134,0.0607132149975
1905,0.0934045877587,0.192344161322,-0.515757405083,2.70042291139,0.00271964305808,9.1942733534,0.00724572225622,0.0571857937042
1906,0.0708294353352,0.203145167717,-0.626703243692,2.70934403301,0.0027285641797,4.92609355713,-0.0120837212587,0.0646227240493
1907,0.0691038034167,0.199691558923,-0.608427708368,2.70514717088,0.00272436731758,4.68272271249,-0.0137328094967,0.0588369884221
1908,0.0857945841154,0.18782246106,-0.468880009412,2.70774238471,0.0027269625314,7.50135954785,0.000833620316789,0.0589868300394
1909,0.094422971243,0.185410576455,-0.499947151653,2.70937126439,0.00272859141108,9.44404760177,0.00754414506376,0.0572312790568
1910,0.0728761490269,0.2053379885,-0.597100827311,2.72052671266,0.00273974685935,5.22775009592,-0.00954756916937,0.0649283970019
1911,0.0759220227603,0.199640967751,-0.63583296871,2.71484471867,0.00273406486536,5.70415781794,-0.00889642324317,0.065657322716
1912,0.0852854118408,0.198058773458,-0.531174827579,2.71405702531,0.002733277172,7.3983071977,-0.00055757268336,0.060904736616
1913,0.0762840433389,0.205369013246,-0.571962683099,2.70363900679,0.00272285915348,5.76305855006,-0.00709113144269,0.0614720183408
1914,0.0784873859728,0.198461250676,-0.53734335092,2.71746363898,0.00273668378568,6.13241722118,-0.0062286251781,0.0598782548726
1915,0.0897515728577,0.192690038519,-0.526805333188,2.70010955316,0.00271932969985,8.34471834339,0.00493986310977,0.0634762825093
1916,0.0806493969017,0.19059593057,-0.524004738322,2.70515933177,0.00272437947846,6.51365609201,-0.00535735575762,0.0597233502549
1917,0.0889619983825,0.196754529746,-0.588081316944,2.70498350163,0.00272420364832,8.17025689415,0.00388784135558,0.0560434124525
1918,0.0881625533107,0.201773547372,-0.58630692569,2.72041260836,0.00273963275506,7.99680735795,0.00424091525154,0.0625547783111
1919,0.0831135687858,0.187924928176,-0.556794704671,2.70656026872,0.00272578041541,6.97207499885,-0.00173954541345,0.0589882666091
1920,0.0758012135409,0.195536339988,-0.595976801558,2.70993249584,0.00272915264254,5.68461216181,-0.00897182991961,0.0608524448847
1921,0.080619319767,0.199014141826,-0.610479701905,2.71408349618,0.00273330364288,6.50822048466,-0.00334718137054,0.0627872349607
1922,0.0928103459451,0.190210729481,-0.477869892639,2.70550784135,0.00272472798804,9.05119066903,0.00647459226382,0.0608298306289
1923,0.0797448248114,0.210503261665,-0.632176506087,2.71255679592,0.00273177694261,6.35182269174,-0.0026784258646,0.0662054399946
1924,0.0900883191416,0.195218184056,-0.555725574395,2.70545460541,0.00272467475211,8.42009142349,0.00626353694231,0.0586117983569
1925,0.0829820400376,0.19308986685,-0.572442547167,2.70476881103,0.00272398895773,6.94694137291,-0.00165698284361,0.0589414569229
1926,0.0671447005092,0.191041634049,-0.527863109057,2.71434317413,0.00273356332082,4.41807169363,-0.016587040839,0.0621938801892
1927,0.0671166620997,0.198707352773,-0.557379659724,2.70554179251,0.0027247619392,4.41437146647,-0.0169085623996,0.054250968214
1928,0.0840129646601,0.191934533591,-0.580545505051,2.70626539098,0.00272548553768,7.14599885039,-0.000796567558481,0.0593906134068
1929,0.102319585849,0.194025772757,-0.566805126779,2.70072648774,0.00271994663443,11.5908061883,0.0164382094713,0.0605880411512
1930,0.0768391504333,0.196615562453,-0.530347634014,2.70302619454,0.00272224634123,5.85434195411,-0.00743541353718,0.0602580593484
1931,0.0736682076416,0.190035508983,-0.566764593978,2.70737112549,0.00272659127218,5.34840591679,-0.0113165578633,0.0582762648763
1932,0.0829258676125,0.200326978551,-0.578691538526,2.70464440457,0.00272386455126,6.93623070446,-0.00187859324556,0.0537433101211
1933,0.065581505598,0.193780053062,-0.531675588896,2.69981099382,0.00271903114051,4.21544408285,-0.019216186425,0.0683181199829
1934,0.0825641262623,0.197031431959,-0.580402061633,2.70637624996,0.00272559639665,6.86758751005,-0.00105455049449,0.068939787988
1935,0.0902791954334,0.201857982709,-0.573639622908,2.70987220987,0.00272909235656,8.4630740103,0.00433890223591,0.0558545561881
1936,0.11030713105,0.181327768326,-0.449236472522,2.70095503008,0.00272017517678,14.1909021177,0.0212444717633,0.0581356642131
1937,0.0739461387522,0.206047983667,-0.541188027073,2.7122770211,0.00273149716779,5.39127398955,-0.00859950937638,0.0661955513824
1938,0.083422486101,0.186376677307,-0.494269764938,2.69938824692,0.00271860839361,7.0314064579,-0.00217276500554,0.0646087297087
1939,0.0930159924975,0.188346671071,-0.469719106764,2.70365844902,0.00272287859571,9.1004867426,0.00611761412998,0.0576687919184
1940,0.0998861205359,0.198789022436,-0.560652031197,2.7258010696,0.00274502121629,10.8876871354,0.0156050280347,0.066359079969
1941,0.0803324585089,0.198060128945,-0.545633617846,2.70215147858,0.00272137162528,6.45656791941,-0.00448830175673,0.0549917105497
1942,0.0602066553669,0.194807740863,-0.608125223882,2.70012765224,0.00271934779893,3.5728656032,-0.0227739198451,0.0567971051647
1943,0.0759034033892,0.19386630112,-0.53696551717,2.7137465283,0.00273296667499,5.70114182234,-0.00841321030065,0.05579690165
1944,0.0857042372981,0.189439981476,-0.502457756634,2.694937566,0.00271415771269,7.48298578463,-0.000203168181495,0.0589825920723
1945,0.0698401910051,0.189069362369,-0.489511027384,2.69702354766,0.00271624369436,4.78537844167,-0.0136163007638,0.0656808408982
1946,0.0873578287996,0.198614611189,-0.592095078333,2.7158110757,0.00273503122239,7.82540041169,0.00361268348382,0.062631895226
1947,0.081634136083,0.188584820467,-0.514455469718,2.72097685078,0.00274019699747,6.69372509271,-0.00327286072906,0.0632151762794
1948,0.107468871976,0.183736029805,-0.477644791115,2.69893308652,0.00271815323321,13.2128253594,0.0186338251929,0.0573996453077
1949,0.0790353803881,0.198176780778,-0.516524012607,2.71460909135,0.00273382923804,6.22724924234,-0.00446176170026,0.0618115638825
1950,0.0845699093681,0.206673131604,-0.619612283703,2.70134537737,0.00272056552407,7.25552302097,0.000819322225211,0.0642053696778
1951,0.102883467265,0.190061841596,-0.463437725799,2.71637648727,0.00273559663396,11.7593487687,0.0155738083987,0.0597786265964
1952,0.0795096407575,0.200141330068,-0.557480851883,2.70948593054,0.00272870607723,6.31029900371,-0.00545838075433,0.058806128869
1953,0.0841425917027,0.189534837502,-0.484983369749,2.71207315103,0.00273129329773,7.17136479451,-0.000787830056572,0.060415270248
1954,0.0941422934261,0.200663438018,-0.601989681053,2.70372005238,0.00272294019907,9.37462574187,0.00923397157264,0.0641628083318
1955,0.0834304556125,0.194800117091,-0.534955595354,2.70659183604,0.00272581198274,7.03294270689,-0.00103168743419,0.066876626696
1956,0.0961504793827,0.189362389931,-0.478813706472,2.6987660253,0.00271798617199,9.8812605761,0.00821833067817,0.0579065379472
1957,0.0786792416117,0.192551613364,-0.514897111359,2.70117395358,0.00272039410027,6.16548146012,-0.00577610643275,0.0584731010872
1958,0.071837984098,0.202752344186,-0.57457675591,2.7179515162,0.00273717166289,5.07293984058,-0.0125195999625,0.0617667967879
1959,0.0867012199976,0.197306132548,-0.555559662737,2.71030219144,0.00272952233814,7.68787277308,0.00155384228618,0.060237426378
1960,0.0817843198307,0.188998909319,-0.524721026976,2.70608688161,0.0027253070283,6.7215497242,-0.00401732612339,0.0577749670008
1961,0.103806467908,0.191690290096,-0.476310703229,2.70073794417,0.00271995809086,12.0399226547,0.0167569902214,0.0587035586699
1962,0.0826541183611,0.194903672383,-0.476149397298,2.71417551772,0.00273339566442,6.8846106596,-0.00215303078104,0.0617184439785
1963,0.0636213143935,0.199072634976,-0.588333617509,2.71541012187,0.00273463026857,3.97163796224,-0.0195162115475,0.0637002412988
1964,0.0806467458542,0.191793519668,-0.571417146862,2.70289349479,0.00272211364148,6.51317683673,-0.00406887940639,0.0626088769719
1965,0.0754831936495,0.198582772885,-0.604389746527,2.71389054893,0.00273311069562,5.63342151207,-0.00853594864538,0.0601793751518
1966,0.0991765859747,0.190645571101,-0.527791324089,2.70972203174,0.00272894217843,10.6898894771,0.0122294465737,0.0574026351573
1967,0.0646504006377,0.19116466087,-0.525576826634,2.70157114317,0.00272079128986,4.09823456109,-0.0190141205528,0.0567929048905
1968,0.0815134438493,0.192049926187,-0.513368230884,2.7114044406,0.00273062458729,6.67143426716,-0.00279929829653,0.0642496913294
1969,0.0701890134109,0.20985417622,-0.625090619012,2.71068239308,0.00272990253978,4.83462598641,-0.0124489801229,0.0610762856625
1970,0.073921126594,0.196980152791,-0.571049459912,2.70907127634,0.00272829142303,5.38740474766,-0.0104811379813,0.0607457059073
1971,0.0997040488896,0.185950257783,-0.474350016044,2.69935145014,0.00271857159683,10.8366260853,0.0127977436833,0.0587501078519
1972,0.0559030459512,0.1974480546,-0.531267124587,2.70792848845,0.00272714863514,3.11393522531,-0.0274478096225,0.0630216371748
1973,0.0890478798123,0.199344161306,-0.645549854698,2.71040257028,0.00272962271697,8.1890800516,0.00380542675001,0.0604790766211
1974,0.0795999039373,0.194614216873,-0.503419556613,2.69855891828,0.00271777906497,6.32620897763,-0.00483828755895,0.0618704939084
1975,0.0872394104119,0.185561290843,-0.511596232175,2.70017797718,0.00271939812387,7.800443769,0.000278987592787,0.055223395312
1976,0.0925766275869,0.196898968321,-0.564536837023,2.71228998187,0.00273151012856,8.99544628795,0.00787990694556,0.0612783040433
1977,0.0728830552438,0.187830946936,-0.51562142803,2.69916928201,0.00271838942871,5.22879254047,-0.0120793721977,0.0544219846232
1978,0.0799032381603,0.185118443771,-0.470947846329,2.70275027917,0.00272197042586,6.37991960376,-0.00591134513702,0.0556858125295
1979,0.0847458888876,0.192767615941,-0.484972467716,2.71335315223,0.00273257329892,7.29042310919,0.00117880402046,0.0670564518831
1980,0.0881097314039,0.18710895105,-0.481026071236,2.70338302438,0.00272260317108,7.98545878067,0.00194042121813,0.0616495384451
1981,0.0901316965667,0.202512706352,-0.614257349503,2.71244934406,0.00273166949075,8.42984287941,0.0061386333818,0.0579374092816
1982,0.0992593909304,0.19685380151,-0.527405691672,2.71057142017,0.00272979156687,10.7128089443,0.0138005085176,0.0585275945834
1983,0.0878524047112,0.184653584962,-0.522152918645,2.71306759354,0.00273228774023,7.93036973513,0.00120970212721,0.0608072414022
1984,0.0777477154307,0.198434720776,-0.581490959721,2.70968507425,0.00272890522094,6.00631078147,-0.00610140930153,0.0599858077381
1985,0.0950388952241,0.186032660541,-0.507459154031,2.70199293572,0.00272121308242,9.5979570639,0.00764486072321,0.059308494634
1986,0.0785645838531,0.192908133355,-0.523170116668,2.70301931403,0.00272223946072,6.14570376159,-0.0052732174466,0.0602973541696
1987,0.0762883690003,0.203838668621,-0.565144007315,2.70870309053,0.00272792323722,5.76376533422,-0.00718493488343,0.0554664169327
1988,0.0879875855967,0.194398248185,-0.550143931039,2.70702673927,0.00272624688596,7.95926892959,0.00279693568111,0.0619408735926
1989,0.0836701523885,0.205376767989,-0.576345576864,2.70713053721,0.0027263506839,7.07928031382,-0.000202489625239,0.0610919846395
1990,0.0839825005948,0.187785218067,-0.548800266011,2.69396079764,0.00271318094433,7.14004851596,-0.00207577395876,0.0627648083517
1991,0.0854516450191,0.200200377229,-0.53038168838,2.70987302111,0.0027290931678,7.43181866875,0.00308595494983,0.064836975668
1992,0.0891792220269,0.196914424975,-0.539287681935,2.71415893435,0.00273337908104,8.21793899972,0.00422476329111,0.0591062855446
1993,0.0816851068587,0.199481051718,-0.589603295089,2.71662800468,0.00273584815138,6.70315765303,-0.00206539437924,0.0603691340844
1994,0.086546474571,0.196314428089,-0.54420847876,2.70626508894,0.00272548523563,7.65576246709,0.00137145546575,0.0547685229671
1995,0.0772161243312,0.193090997858,-0.53591480257,2.70528621089,0.00272450635759,5.9170068229,-0.00676542363402,0.0611281801912
1996,0.0798870637755,0.18853385579,-0.493943714555,2.70271876385,0.00272193891054,6.37704611528,-0.00581565913361,0.0578200334574
1997,0.0711934511666,0.19840270038,-0.639748797128,2.71191401772,0.00273113416441,4.97869665279,-0.0118739233411,0.0607269537959
1998,0.0992052663674,0.188485536556,-0.475332663066,2.69595685988,0.00271517700657,10.6978229969,0.0117676894433,0.0572081951091
1999,0.0771008802233,0.19841797326,-0.63449732232,2.7136577354,0.00273287788209,5.89779141529,-0.00719458355628,0.0625349913161
2000,0.0557452228069,0.205625798017,-0.625800362274,2.72516197615,0.00274438212284,3.09797683552,-0.0248702282384,0.0628855696747
2001,0.0835291324181,0.181083888533,-0.511835506198,2.70755268615,0.00272677283284,7.0519876406,-0.00260994840213,0.0585146675936
2002,0.0803053679218,0.191688935472,-0.54840605818,2.71329876657,0.00273251891326,6.45170765328,-0.00484544577059,0.0608989723105
2003,0.0864623537111,0.199765004654,-0.56930360451,2.71351752353,0.00273273767023,7.6383549559,0.00165265389292,0.0625307793757
2004,0.0831988431207,0.196894137792,-0.515193823415,2.70538836542,0.00272460851211,6.98841076169,-0.00221836627113,0.061261585788
2005,0.0746166421782,0.193591080929,-0.463414842415,2.70176058421,0.0027209807309,5.49584116045,-0.00983349126104,0.0538776378349
2006,0.0832882954975,0.194849664057,-0.572003334577,2.7048444331,0.00272406457979,7.00558148925,-0.000749068181677,0.0614782787022
2007,0.0736607657316,0.198349819236,-0.50143525855,2.7083524034,0.0027275725501,5.34726188631,-0.0103839380694,0.0628577121783
2008,0.078524472141,0.200853417034,-0.572977978319,2.71856674529,0.00273778689198,6.13879716045,-0.00533088402904,0.0595206009097
2009,0.08458865329,0.19542430855,-0.585685317232,2.7108324544,0.00273005260109,7.25923356465,-0.000279474744495,0.061751421534
2010,0.0701575508432,0.188684969865,-0.463288948669,2.70194101042,0.00272116115711,4.83016754247,-0.0159302527568,0.0603030024404
2011,0.0766663478505,0.192587823351,-0.463596270843,2.71020154686,0.00272942169355,5.8257995587,-0.00773498758809,0.0621262085137
2012,0.0892517497599,0.19734227832,-0.529906746826,2.70911127702,0.00272833142372,8.23391236241,0.00358463191811,0.0563734377648
2013,0.0735363573959,0.189602656044,-0.488492130133,2.70731028156,0.00272653042825,5.32816616432,-0.0112957704355,0.058233083637
2014,0.0687359285536,0.191073372289,-0.539950936171,2.70140873894,0.00272062888563,4.63209760592,-0.0149490647395,0.0618624969918
2015,0.0884137352059,0.184665931841,-0.462067489914,2.71106276964,0.00273028291633,8.05096164904,0.00182624396884,0.0582958403554
2016,0.0525950373415,0.193426884538,-0.599960645893,2.70497591524,0.00272419606193,2.79161947491,-0.0310814268372,0.0569594411177
2017,0.0850016068171,0.204871255275,-0.631452436876,2.70487981042,0.00272409995711,7.34138979931,0.000873075953157,0.0608630251516
2018,0.0873257932178,0.196197488353,-0.564210296759,2.71168717035,0.00273090731705,7.81864221509,0.00108110090258,0.0594516688089
2019,0.0715859821655,0.198181189649,-0.612665981221,2.70099206138,0.00272021220807,5.03592345353,-0.0126157415843,0.0561007124388
2020,0.0858287935293,0.200866484484,-0.61457557398,2.70401938429,0.00272323953098,7.50832667309,0.0010096636433,0.0624515127886
2021,0.112265040087,0.189525621773,-0.559450745078,2.72045354177,0.00273967368846,14.9029875091,0.0248923137261,0.0594664670206
2022,0.0941972630458,0.201406765906,-0.574805626411,2.70302148376,0.00272224163045,9.38818669935,0.00849450192023,0.0606902610816
2023,0.0700865068393,0.201476712266,-0.63800525866,2.71337310613,0.00273259325282,4.82011220643,-0.0122110167498,0.0643151071959
2024,0.0676691639963,0.208366977733,-0.59649724951,2.7228084114,0.00274202855809,4.48773488233,-0.0155385046632,0.0619880464262
2025,0.0845589245389,0.187105162394,-0.509734200262,2.70481070721,0.0027240308539,7.25334921099,-0.000201875186803,0.0576206683283
2026,0.0754241629808,0.192615163546,-0.477726689402,2.70203172638,0.00272125187307,5.62396110272,-0.00936815622138,0.0578723849842
2027,0.0939175467386,0.193466924668,-0.511199541495,2.7113571541,0.0027305773008,9.31935778807,0.00829029491931,0.0596629258528
2028,0.0790648822289,0.199733569966,-0.504896033569,2.72026495179,0.00273948509848,6.2323888636,-0.00394151643937,0.0617104884922
2029,0.0963178357648,0.190289392927,-0.50900921577,2.70234302822,0.00272156317491,9.92453951688,0.00972508416426,0.0566717849023
2030,0.0733987004169,0.194200601498,-0.548450631746,2.69892236554,0.00271814251223,5.30710125585,-0.0110174957995,0.0610321741098
2031,0.0721390404462,0.19968464909,-0.533413454845,2.70745761062,0.00272667775731,5.11744798322,-0.0103063354191,0.0620624425445
2032,0.091638167318,0.193346352927,-0.49198616044,2.70010928472,0.00271932943142,8.77459180169,0.00591326014345,0.0612602317489
2033,0.0741988844054,0.193040085843,-0.547173343042,2.71549039873,0.00273471054542,5.4304989976,-0.00996402863742,0.0609493458696
2034,0.0902850859985,0.188213768346,-0.452210278471,2.70364520431,0.00272286535101,8.46440347561,0.00387205257147,0.0575690837477
2035,0.077524424766,0.202975510417,-0.581240911262,2.72389065517,0.00274311080186,5.96866514153,-0.00501050443069,0.0595057249109
2036,0.0870328633816,0.200628509615,-0.637572998544,2.70802138983,0.00272724153653,7.75707635422,0.00211782012639,0.0621241710862
2037,0.0786839396628,0.190758611752,-0.529070332695,2.70753039425,0.00272675054094,6.16629296411,-0.00608261335881,0.0642974153706
2038,0.0701562961357,0.192575824843,-0.485145956987,2.71850637005,0.00273772651674,4.82998981045,-0.0129206541312,0.0651947768477
2039,0.100397803767,0.191984583603,-0.439265368958,2.70354513099,0.00272276527768,11.0323225813,0.0136587053428,0.0625876752566
2040,0.062106559184,0.19768630689,-0.53279946833,2.71252583346,0.00273174598015,3.79077953141,-0.0226699684364,0.0635352186815
2041,0.0743929017091,0.200171568324,-0.540606892388,2.69706372027,0.00271628386696,5.46076656549,-0.00911956795158,0.060954645188
2042,0.107573311817,0.187775281596,-0.45064939081,2.7067172092,0.00272593735589,13.2477171589,0.021262233665,0.0609142795899
2043,0.0598369502787,0.187476235594,-0.564931698999,2.70208331096,0.00272130345766,3.53158390379,-0.0224931303724,0.062141917788
2044,0.0723806639106,0.195704238983,-0.516348120306,2.70644541684,0.00272566556353,5.15339629365,-0.0118815896547,0.0572751208386
2045,0.0783851962771,0.193637953741,-0.585649140657,2.71326978047,0.00273248992716,6.11486586565,-0.00584350984095,0.0594145806469
2046,0.0868930712517,0.185402646326,-0.52475224936,2.70286921314,0.00272208935984,7.72784173849,0.000389112334114,0.0584498516711
2047,0.0861328128982,0.209231171016,-0.656757341547,2.71620315351,0.0027354233002,7.57048525011,0.00419667881108,0.0718806277158
2048,0.0805695105606,0.200406958868,-0.613372547962,2.70060288644,0.00271982303313,6.49922716756,-0.00234276306816,0.0643045599329
2049,0.0846917807152,0.188589569851,-0.497527941611,2.69696913148,0.00271618927817,7.279677353,-0.0011282097702,0.0569035070687
2050,0.0533151920007,0.191885471559,-0.633178511503,2.71311593909,0.00273233608579,2.85965006018,-0.0286721946271,0.0588154453703
2051,0.0731899557158,0.193865095748,-0.602829274688,2.70832530027,0.00272754544696,5.27528676384,-0.0116564891229,0.0630857242347
2052,0.0843681459828,0.198163414678,-0.481464042106,2.71263920804,0.00273185935473,7.21568332797,0.000740782030876,0.0652579949349
2053,0.0943129545356,0.196783088533,-0.511270626829,2.71000988397,0.00272923003066,9.41678339618,0.0082366692046,0.0616739820941
2054,0.0654110765978,0.190479405747,-0.533349097105,2.70929284402,0.00272851299071,4.19379815225,-0.0178427942111,0.0644521653454
2055,0.100495019866,0.18869300388,-0.474229580485,2.70089599406,0.00272011614075,11.0599928807,0.0133804940067,0.0657023598947
2056,0.063411243407,0.191669070805,-0.588665273149,2.70599823276,0.00272521837945,3.94616949141,-0.020463951316,0.0582907468755
2057,0.0545858816298,0.202324820189,-0.587163364979,2.70269609733,0.00272191624403,2.98256041043,-0.0264710167772,0.0623839813045
2058,0.0775502631923,0.20781542046,-0.535808141806,2.72082729817,0.00274004744486,5.97301139385,-0.00382439802909,0.0710747965336
2059,0.0647598963535,0.193208531991,-0.542314781893,2.70090561381,0.0027201257605,4.11188556477,-0.0185245310323,0.0577741846519
2060,0.0791897577134,0.200807430301,-0.626080946595,2.70299093959,0.00272221108628,6.25418281654,-0.0050294948784,0.0603140624452
2061,0.111796255078,0.195319490418,-0.536182343716,2.70837855517,0.00272759870186,14.7296255111,0.0243197671229,0.0555279791247
2062,0.0740773331994,0.190910522059,-0.54300581937,2.70495918213,0.00272417932882,5.41160598268,-0.0109367821283,0.0557492910319
2063,0.0947513579427,0.188997538787,-0.514456142643,2.71659176513,0.00273581191182,9.52583666995,0.00860527209645,0.0594629267846
2064,0.0773364582972,0.187692582501,-0.53952029171,2.7067144414,0.00272593458809,5.93712582254,-0.00750243240173,0.0594715517777
2065,0.0782072369109,0.191733307946,-0.532752498989,2.702853891,0.00272207403769,6.08439995173,-0.00618440145661,0.0567644785804
2066,0.102009221689,0.195741754909,-0.440609722524,2.70957621549,0.00272879636218,11.4989547444,0.0150285771945,0.0612105881531
2067,0.056764089618,0.194057873127,-0.527057775935,2.69969872975,0.00271891887644,3.20205800915,-0.0265613209663,0.0585926008949
2068,0.0780904392846,0.199647348181,-0.61067173191,2.71289544192,0.00273211558861,6.06447289889,-0.00516106670208,0.0590840922761
2069,0.0451587861882,0.20387270697,-0.610847967177,2.71895256497,0.00273817271167,2.15330101589,-0.0370221640362,0.0603481913113
2070,0.077339666025,0.188671526178,-0.439834077716,2.71020487055,0.00272942501724,5.93766290145,-0.00881591510188,0.0643694608319
2071,0.0897698138782,0.193192698431,-0.548717665914,2.70325427201,0.0027224744187,8.34878628708,0.00412343186855,0.061913404111
2072,0.0735109859941,0.199056803188,-0.583243357749,2.70363062582,0.00272285077252,5.32427863664,-0.0112056908875,0.0564695661578
2073,0.0768823796077,0.197523757676,-0.588359205313,2.70865146374,0.00272787161043,5.86150019063,-0.00490540508827,0.0623015493903
2074,0.0812512459381,0.183963793014,-0.471647628024,2.7040026493,0.002723222796,6.62322234297,-0.00434229010058,0.0610106539435
2075,0.0835508054592,0.203782649125,-0.510858357441,2.71707950703,0.00273629965372,7.05617641693,-0.000668069604574,0.0667429708426
2076,0.0681003908363,0.200336292473,-0.581437560456,2.70349254836,0.00272271269505,4.545658104,-0.0149896256135,0.0605140710505
2077,0.0789389889979,0.19825468112,-0.52577895566,2.70807104802,0.00272729119472,6.21048102463,-0.00610998713846,0.0668298391207
2078,0.0948921319373,0.186279816363,-0.504713285469,2.70730993419,0.00272653008088,9.56108658307,0.00726517907178,0.0578214784763
2079,0.0812934124332,0.20315645642,-0.624917405204,2.71064627621,0.0027298664229,6.63095604466,-0.00315951682784,0.0618880926218
2080,0.089431507895,0.187596114776,-0.507890854369,2.70203130743,0.00272125145412,8.27361674497,0.00281485356048,0.0597064113246
2081,0.0689237275312,0.189830032078,-0.60241046219,2.72240354697,0.00274162369366,4.65788713886,-0.0148385501869,0.0644739724189
2082,0.0754617088049,0.189352304448,-0.454175926664,2.70423558201,0.0027234557287,5.62997679191,-0.00942584556419,0.0601605387694
2083,0.093600330292,0.191429575326,-0.455873928657,2.69852770267,0.00271774784936,9.24183194745,0.0070122876212,0.0555772131179
2084,0.079454781817,0.186670844774,-0.553086600844,2.70258807626,0.00272180822295,6.30064569094,-0.00579173218445,0.0594706539235
2085,0.077932074589,0.189885367642,-0.547164570766,2.70578302086,0.00272500316755,6.03754007602,-0.00737421108561,0.0579257019402
2086,0.0817475209928,0.191636848097,-0.571173627461,2.70458010833,0.00272380025503,6.71472304582,-0.00442761000477,0.0600365020294
2087,0.0802204238184,0.192831567412,-0.510333911962,2.70515677631,0.002724376923,6.43648774959,-0.00471996486134,0.0605109118636
2088,0.074719201828,0.191566854781,-0.481501513661,2.71664795964,0.00273586810633,5.51198001831,-0.00973784366044,0.0670811351879
2089,0.102142831564,0.191098666299,-0.514837326812,2.71933232264,0.00273855246934,11.5384169721,0.0156681233961,0.0591976193534
2090,0.0932957545388,0.199989655683,-0.59488200641,2.70102670563,0.00272024685232,9.16792261499,0.00840764962634,0.0634400067451
2091,0.0959003277846,0.197511878709,-0.582464413696,2.70545075024,0.00272467089693,9.81687774355,0.0111219642689,0.0647280791086
2092,0.109470461196,0.189949233518,-0.52902425362,2.70805169392,0.00272727184061,13.8960493736,0.023419865755,0.0587495384913
2093,0.0806691106566,0.190980533985,-0.543317273153,2.71005908063,0.00272927922732,6.51722085864,-0.00409902744435,0.0566194610836
2094,0.0687098828762,0.191995147288,-0.571111292366,2.70504286531,0.002724263012,4.62852981552,-0.0144948148717,0.0616874279685
2095,0.0720490471502,0.188147361171,-0.488387113559,2.70330979266,0.00272252993936,5.10411062195,-0.0129377393577,0.0619412977376
2096,0.0879942494052,0.208170281093,-0.608039977988,2.71656487189,0.00273578501858,7.96069585281,0.00387693095923,0.0601927880536
2097,0.0852739129094,0.198404523246,-0.618544430183,2.70991141113,0.00272913155782,7.39599383374,0.00157455431997,0.0543837834514
2098,0.0817131389667,0.198575862641,-0.566470112985,2.71016124905,0.00272938139574,6.70834996295,-0.00228150081188,0.0645136537209
2099,0.0656357203073,0.196521699628,-0.631737385948,2.71121865431,0.002730438801,4.22234797832,-0.0179530169196,0.0610710295817
2100,0.0894341068953,0.193225513108,-0.504410968945,2.70461679656,0.00272383694326,8.2741920057,0.00439988649456,0.0614419396282
2101,0.081542528773,0.2010488356,-0.453268220651,2.70508706868,0.00272430721537,6.67680031814,-0.00247916896277,0.0599545152314
2102,0.104907676071,0.189880525704,-0.536192850124,2.70535755005,0.00272457769674,12.382432738,0.0182999173112,0.0560918535492
2103,0.0883734810548,0.190203120395,-0.492945249596,2.70050713436,0.00271972728105,8.04226189802,0.00381772329166,0.0557651643883
2104,0.0857627502761,0.190228204616,-0.548295260552,2.70599227205,0.00272521241874,7.49488116239,-0.000433782222754,0.0565164838082
2105,0.111927755369,0.190970485713,-0.539397992672,2.70701054812,0.00272623069482,14.7780715598,0.024601076353,0.0600675888589
2106,0.0846601206561,0.18763400391,-0.51028644204,2.70507275215,0.00272429289884,7.27339595163,-0.000950314707156,0.0618813842668
2107,0.0660162457373,0.201164129701,-0.607584534143,2.70119838244,0.00272041852913,4.27105333949,-0.0176271323386,0.053134845034
2108,0.0762062029814,0.191878857718,-0.502179730492,2.7023822571,0.00272160240379,5.75035208668,-0.00733648838423,0.0554216281863
2109,0.0912021545858,0.200038476255,-0.615057997103,2.70228839938,0.00272150854607,8.67358551076,0.00520544488707,0.0582683534893
2110,0.0931733659859,0.193392163111,-0.557835344032,2.70509084516,0.00272431099186,9.13836809173,0.00585514529768,0.0622589839907
2111,0.0901959351577,0.197753612414,-0.633545127437,2.70658175091,0.0027258018976,8.44430185943,0.00400627273618,0.0598926605411
2112,0.0922685716846,0.194016462475,-0.598992046338,2.70851673625,0.00272773688294,8.9224255753,0.00662435020957,0.0630911360158
2113,0.0907548721662,0.183105588863,-0.425643751773,2.70628338854,0.00272550353524,8.57101168174,0.00291320019798,0.0649652754271
2114,0.114571333531,0.196218258083,-0.513973200101,2.70841641613,0.00272763656282,15.7829800878,0.0271315468129,0.0612952117785
2115,0.098482939343,0.18572508276,-0.483651572528,2.71288336043,0.00273210350713,10.4995822832,0.0117312399622,0.0600547642041
2116,0.0852946297561,0.192511556987,-0.529988763021,2.71046670631,0.002729686853,7.40016210764,0.000445211889766,0.0575532483578
2117,0.0694084574327,0.192499698645,-0.544089945548,2.7048829718,0.00272410311849,4.72497862997,-0.0154869590008,0.0630535275785
2118,0.0876851917087,0.193138771186,-0.537847675978,2.70222843657,0.00272144858326,7.89474665543,0.00152959237493,0.0567260625504
2119,0.0926180205868,0.194986306235,-0.572872857234,2.70250143849,0.00272172158518,9.00529726015,0.00585159438791,0.0556500513645
2120,0.0726163428192,0.190536496775,-0.535988043045,2.71231397688,0.00273153412357,5.18865581701,-0.0106944486268,0.0580784971228
2121,0.0949651467562,0.197937001935,-0.465739888837,2.71262516108,0.00273184530777,9.5794142244,0.0100524728469,0.0612907164999
2122,0.0657031981314,0.195980697845,-0.498273267193,2.70920760178,0.00272842774847,4.23095312208,-0.0171326925586,0.0607510912895
2123,0.0765500685985,0.193949805358,-0.515784686113,2.7075698087,0.00272678995539,5.80665767736,-0.00745073912561,0.055785693413
2124,0.0761100448188,0.193915279302,-0.52188644125,2.71872212808,0.00273794227477,5.73468716222,-0.00691666873229,0.0597871062658
2125,0.083976738382,0.192918440435,-0.558969479037,2.71561495162,0.00273483509832,7.13892349303,-0.00018539935607,0.0588009187492
2126,0.0751874174362,0.200453629914,-0.620825476428,2.7083074692,0.00272752761589,5.58614982718,-0.00869487910001,0.0625126275327
2127,0.0824321468609,0.184006312339,-0.502068897772,2.70195492608,0.00272117507278,6.84268583323,-0.00308599435011,0.058017608909
2128,0.0708330616763,0.18925364902,-0.509692821218,2.70564682394,0.00272486697063,4.92661539003,-0.0134776064424,0.0603305996452
2129,0.069398723399,0.186245521643,-0.492973790291,2.6955125128,0.00271473265949,4.72362384646,-0.0153919356933,0.0603860566747
2130,0.0722190385057,0.198514313367,-0.55935344188,2.70209277327,0.00272131291996,5.12932753291,-0.012230828303,0.055534152075
2131,0.0784501253258,0.195552290464,-0.504095719256,2.73030007498,0.00274952022167,6.12601278767,-0.00526951618461,0.0624414748749
2132,0.0707248208388,0.200855635712,-0.514953282349,2.70248553381,0.0027217056805,4.9110584685,-0.0118099292398,0.0631980258022
2133,0.0692819568021,0.197165580226,-0.521612539577,2.70821706404,0.00272743721073,4.70739627284,-0.0153261325708,0.0654280501932
2134,0.057928653684,0.20355897416,-0.534899653798,2.71416844755,0.00273338859424,3.3241361497,-0.0244806502232,0.0606857448969
2135,0.0685034269411,0.182968761111,-0.530912237275,2.7052053555,0.0027244255022,4.6003258417,-0.0166606019777,0.0645041246523
2136,0.0607971929826,0.195390475141,-0.557211740118,2.72027440888,0.00273949455558,3.63955681225,-0.0233519095712,0.0633641196888
2137,0.0744938252405,0.193841749536,-0.464207967531,2.70822312768,0.00272744327437,5.47656520278,-0.0102245634447,0.0575151867797
2138,0.063263715068,0.196117403794,-0.529154183225,2.72298860492,0.00274220875161,3.92835856838,-0.0190410183514,0.0658854985132
2139,0.0882250734748,0.198982775647,-0.570236859149,2.70550948961,0.0027247296363,8.01025737764,0.00329895703445,0.0561862367855
2140,0.0842832560937,0.195431578666,-0.579083481128,2.70673381679,0.00272595396349,7.19897649351,-0.000142269975526,0.0639467197391
2141,0.0722902167162,0.194731054203,-0.531570579923,2.71872273094,0.00273794287763,5.13991599858,-0.0137424559952,0.056772905852
2142,0.0887847728169,0.194065863317,-0.509673055523,2.71424694555,0.00273346709224,8.13153041072,0.00312495852385,0.0585319168226
2143,0.0632162757793,0.205851220244,-0.62061872317,2.7058870037,0.0027251071504,3.92264439409,-0.0198436184142,0.0573836258862
2144,0.0852624135611,0.195470704813,-0.538085590324,2.70839867652,0.00272761882322,7.39368099864,0.000254757633871,0.0618288107988
2145,0.0869442398436,0.194541308312,-0.589795761131,2.71730982737,0.00273652997406,7.73853167996,0.00248335023037,0.0596614286242
2146,0.0612053254247,0.204266597788,-0.642996533559,2.70700318209,0.00272622332879,3.6861939216,-0.0201943856007,0.0686478982367
2147,0.0962291076186,0.189228447304,-0.512397224022,2.71055840784,0.00272977855453,9.90157353802,0.0104276740998,0.0628664191412
2148,0.0671919151705,0.196592543344,-0.536361051797,2.71571815888,0.00273493830558,4.42430810488,-0.0156407834011,0.0616677535536
2149,0.0802980986374,0.194480570213,-0.553898493332,2.69763364281,0.0027168537895,6.45040400446,-0.00438737885083,0.0578314475608
2150,0.0682968795941,0.194027175306,-0.4996686501,2.7117851982,0.00273100534489,4.57224538829,-0.0143228717527,0.0639569949728
2151,0.0777827011863,0.201300961025,-0.574506096302,2.70025465423,0.00271947480093,6.01222688824,-0.00549788035807,0.0605800669351
2152,0.0803444584877,0.195578017948,-0.562147544232,2.71935895042,0.00273857909711,6.45872178478,-0.00447929610893,0.0603247178993
2153,0.0676949442671,0.196298838227,-0.529425377874,2.7056617237,0.00272488187039,4.49118132618,-0.0171058629175,0.06150803922
2154,0.0791606039591,0.205936476205,-0.59600333815,2.70585628588,0.00272507643257,6.24908910051,-0.00496696359883,0.0563317523771
2155,0.0698262183133,0.183841906766,-0.505420114102,2.71585771883,0.00273507786552,4.78341409446,-0.0149744372853,0.0572514928085
2156,0.0817172408304,0.194033727794,-0.526975055752,2.70541148352,0.00272463163021,6.70911002201,-0.00334487129176,0.0573823117235
2157,0.0647964282908,0.197056463254,-0.578337920873,2.71489727811,0.00273411742481,4.11644787313,-0.0178505890754,0.0641435860393
2158,0.0990919315155,0.199185518284,-0.494139389363,2.70859491608,0.00272781506278,10.6665026704,0.0131739445267,0.0588568339278
2159,0.0674817124097,0.201594901384,-0.593563804405,2.71855404583,0.00273777419252,4.46273782544,-0.0144105642614,0.0654978703835
2160,0.0707268631012,0.20495160524,-0.650031940745,2.71990422377,0.00273912437046,4.91135162902,-0.012013086544,0.0615494011137
2161,0.0869040685241,0.197678140375,-0.545292981019,2.70978494508,0.00272900509177,7.73013818412,0.0032491806007,0.060406766418
2162,0.0736623837002,0.193588401716,-0.510540421816,2.71141044252,0.00273063058921,5.34751059663,-0.0105274388511,0.0602876541195
2163,0.0922865889074,0.196472079257,-0.527482863881,2.6924234279,0.00271164357459,8.92668216735,0.00651435552562,0.053237007565
2164,0.0599740233775,0.204661050223,-0.615079868163,2.7107055537,0.00272992570039,3.54684767066,-0.0233644408632,0.0615556030245
2165,0.0815255683736,0.203712590216,-0.655167084055,2.70323420039,0.00272245434708,6.67367075443,-0.00285485835176,0.0581169739108
2166,0.0991491790545,0.191876027385,-0.529408164976,2.70719837788,0.00272641852458,10.6823130574,0.0130526075851,0.0630831425958
2167,0.0943038378195,0.196150085427,-0.546682295375,2.71131348378,0.00273053363047,9.41452717584,0.007808915172,0.0587097192667
2168,0.0960222525501,0.190001533215,-0.469810086554,2.69726772749,0.00271648787419,9.84821226935,0.00974799546042,0.0596904547
2169,0.0931048913088,0.198927544762,-0.584953304084,2.7053974944,0.00272461764109,9.1218688041,0.00757270969134,0.0615358171693
2170,0.0812662967136,0.20367592344,-0.605263999403,2.70693581251,0.0027261559592,6.62598192069,-0.00299127806275,0.0667142824594
2171,0.0880351606155,0.198494637399,-0.599328508124,2.70378382569,0.00272300397238,7.96946097217,0.00377171909822,0.061927164958
2172,0.0760778346663,0.18801685867,-0.472536905614,2.70846005112,0.00272768019781,5.7294476936,-0.00865991631785,0.0569463405123
2173,0.0759096109523,0.195104975307,-0.549321170781,2.72239623153,0.00274161637822,5.70214718837,-0.00898689630859,0.0609702019744
2174,0.0693298676124,0.189185520876,-0.526585108662,2.70653929985,0.00272575944654,4.71404929226,-0.0139841225455,0.06283517359
2175,0.0712260536659,0.202558582286,-0.621840481066,2.71337561844,0.00273259576513,4.98342981034,-0.0108619429405,0.0670837574667
2176,0.0882156281152,0.19683365281,-0.568427861873,2.70620933174,0.00272542947844,8.00822414975,0.00372550357838,0.0646567365534
2177,0.0731570705932,0.19792587287,-0.592717041372,2.70831229966,0.00272753244635,5.27028887827,-0.0110422405707,0.0606313834113
2178,0.0841693316297,0.190826166402,-0.51819851113,2.70255502416,0.00272177517086,7.1766068128,-0.00271363874392,0.0620237968888
2179,0.0695692872224,0.202115087055,-0.595062523015,2.73140356009,0.00275062370678,4.74740761645,-0.0134588571552,0.0613283980713
2180,0.0951168647349,0.188636067695,-0.506991144276,2.6965313444,0.00271575149109,9.61759519875,0.0101312525625,0.0611977554935
2181,0.0753028843727,0.193441800417,-0.538964809486,2.70967045383,0.00272889060053,5.604565366,-0.00848519783617,0.0572341258919
2182,0.0813830721533,0.188010830419,-0.543607496183,2.71321354027,0.00273243368696,6.64742549925,-0.00285873916523,0.0585358984063
2183,0.0938802712549,0.19929701376,-0.590635254311,2.71344215735,0.00273266230404,9.31021870552,0.00931036674348,0.0662339835782
2184,0.0857803511632,0.200167487485,-0.54630037608,2.71683399094,0.00273605413763,7.49846246608,0.00103417492002,0.0609688278396
2185,0.0923891184444,0.196588740628,-0.525694421062,2.70678704289,0.00272600718959,8.95093834754,0.00713083781462,0.0568668226692
2186,0.0937769329447,0.202642040491,-0.564133354186,2.70490450116,0.00272412464786,9.28492322876,0.00890914759376,0.0593852666775
2187,0.0810884369961,0.198664290113,-0.571916706264,2.71962617542,0.00273884632211,6.59343243355,-0.00281621910846,0.0586504512725
2188,0.0682064113006,0.203958355862,-0.588573471939,2.71406977282,0.00273328991951,4.55998875471,-0.0137413946279,0.061847860701
2189,0.0838601305754,0.19730965089,-0.534156189268,2.71595905751,0.0027351792042,7.11618891301,-0.000663807639872,0.0632081663037
2190,0.0980556476074,0.201712895486,-0.554814224681,2.71252806938,0.00273174821607,10.383838117,0.0122363833103,0.0625798579335
2191,0.0968035710538,0.193548228995,-0.464036271647,2.70144695248,0.00272066709917,10.0510917348,0.010508316182,0.0591424877162
2192,0.0608803525744,0.194888180493,-0.540263297878,2.71240828587,0.00273162843256,3.6490230706,-0.0213864776318,0.0618590886087
2193,0.0762485261037,0.204131656491,-0.529115023625,2.70265478623,0.00272187493292,5.75725795612,-0.00693772570222,0.0582649197128
2194,0.0872210166643,0.188797653917,-0.493065256164,2.70150214992,0.00272072229661,7.79657338569,0.00116610777144,0.0580991104075
2195,0.0716455274725,0.192514277849,-0.544433306871,2.71545669369,0.00273467684038,5.04465039685,-0.0128682734584,0.0635382289334
2196,0.0864020723468,0.185357963816,-0.442427350791,2.70087074965,0.00272009089635,7.62590136898,0.000473836272502,0.061711515129
2197,0.0680189680904,0.196004262503,-0.573236459371,2.71809698643,0.00273731713312,4.5346764142,-0.0151990419292,0.0558025466607
2198,0.0735587108244,0.199520959651,-0.604152009472,2.70567377109,0.00272489391778,5.33159316761,-0.0106145134402,0.0595281960645
2199,0.0837349175969,0.189402638659,-0.540110265776,2.70791573436,0.00272713588105,7.09184460637,-0.00204500181951,0.0646312728671
2200,0.10213663096,0.20065001984,-0.493817446592,2.70473171824,0.00272395186493,11.5365829506,0.0163095785938,0.0607159256568
2201,0.0621039798981,0.194593556515,-0.597480870215,2.71816507301,0.0027373852197,3.79047703474,-0.0211133246848,0.0617836350701
2202,0.0777256197352,0.199743439664,-0.521187761481,2.71053408517,0.00272975423187,6.00257686261,-0.00628793156347,0.0571550022186
2203,0.0778815435759,0.193962691156,-0.48458505154,2.70887198895,0.00272809213564,6.028967147,-0.00529781398629,0.0626916886772
2204,0.080996433749,0.198455131839,-0.537498469536,2.70467411259,0.00272389425928,6.57664770472,-0.00304886415908,0.0626427906633
2205,0.067769796152,0.194578637207,-0.639041170309,2.71596158279,0.00273518172948,4.50119972241,-0.0150010061658,0.0653428880589
2206,0.090411159432,0.191872706397,-0.516600163362,2.71081295151,0.0027300330982,8.49290058881,0.00426164776363,0.0584848235721
2207,0.0670531639608,0.199841307492,-0.619336920299,2.72045038453,0.00273967053122,4.40600060138,-0.0152039942203,0.0628382309045
2208,0.075924863131,0.198442367718,-0.515628369332,2.71048846596,0.00272970861265,5.70461802048,-0.00838483953822,0.0622572687265
2209,0.0514415730011,0.192992798309,-0.588282744388,2.71098344193,0.00273020358863,2.68505167405,-0.0329262426483,0.0620115058939
2210,0.0636610978582,0.200872635629,-0.619867001829,2.71792627108,0.00273714641777,3.97647538849,-0.0180796391808,0.0663812484017
2211,0.0618487300066,0.200436226118,-0.512631096293,2.71212787967,0.00273134802636,3.76063218912,-0.0208390063503,0.0610466517534
2212,0.0801152488551,0.199988796125,-0.618127369789,2.7052159292,0.00272443607589,6.41768438504,-0.00328939295897,0.0607671244444
2213,0.107365500099,0.194730975061,-0.538514081925,2.71530122057,0.00273452136726,13.1783712643,0.0203583001473,0.0605570752545
2214,0.0941956552904,0.193438095982,-0.461152551871,2.71258156387,0.00273180171056,9.38778982562,0.00738182464055,0.053665747392
2215,0.0776507983549,0.200263607574,-0.620868175645,2.70566330578,0.00272488345247,5.9899471129,-0.00531550025608,0.0582551872657
2216,0.0961065558582,0.201847432599,-0.621446298112,2.70848845457,0.00272770860126,9.86992914142,0.0111527559613,0.0637808253607
2217,0.072415101848,0.195334498376,-0.606845228133,2.70528174099,0.00272450188768,5.15853641782,-0.0118137890972,0.0639167643582
2218,0.093196019722,0.196682486464,-0.515056985402,2.72174731591,0.00274096746261,9.14383230413,0.00776698333062,0.0596003790679
2219,0.0878476390417,0.20035481633,-0.542876770756,2.7177870994,0.00273700724609,7.92935255981,0.00361066683407,0.0607754629963
2220,0.0829595903636,0.203987154081,-0.604555720702,2.71809847693,0.00273731862363,6.94265911844,-0.000674788624031,0.0616600052244
2221,0.105108021414,0.188573398593,-0.432465770229,2.69883343672,0.00271805358341,12.4456694462,0.0179895799119,0.0617547676966
2222,0.0690361778239,0.191361842016,-0.57533482188,2.714251539,0.00273347168569,4.67338370939,-0.0147775453713,0.0559224014904
2223,0.0997350181796,0.196822209825,-0.594904431365,2.70816842137,0.00272738856806,10.8452963521,0.0124391922597,0.059893088711
2224,0.0648123269756,0.197496695249,-0.565187746855,2.71594945581,0.0027351696025,4.11843461041,-0.017655718893,0.0633714070751
2225,0.0747623017386,0.184982784833,-0.463454412372,2.7153698736,0.00273459002029,5.51877374967,-0.0111477571969,0.05619379716
2226,0.0727379021799,0.204784352708,-0.601031536191,2.71259962238,0.00273181976908,5.20691796795,-0.00981795469456,0.0699246451572
2227,0.0908314152725,0.2062287215,-0.630531245398,2.71683306749,0.00273605321418,8.58849057794,0.00660177635062,0.0646726067674
2228,0.0777960773407,0.194647333922,-0.599993636188,2.72325600158,0.00274247614827,6.01449007096,-0.00665776908239,0.0611648083586
2229,0.0551823464363,0.196427203342,-0.565636093089,2.71475970126,0.00273397984795,3.04154452685,-0.0283812314338,0.0617476622769
2230,0.0897243689537,0.191230717053,-0.517316504339,2.70692085945,0.00272614100614,8.33865474208,0.0049619436021,0.0564828370108
2231,0.0799222870664,0.195041242402,-0.49679650463,2.70982407109,0.00272904421778,6.38330515047,-0.00405573643492,0.0619427068043
2232,0.0745949219693,0.205575660482,-0.59891817351,2.71978437832,0.00273900452502,5.49242819164,-0.00711873413782,0.0608024411101
2233,0.0875647231293,0.191132953215,-0.578210050969,2.70136099171,0.00272058113841,7.86916673498,0.00221227912473,0.0581746101283
2234,0.0866236435625,0.199844034295,-0.593562409152,2.69764671306,0.00271686685976,7.6717610563,0.00174465256786,0.0578238965335
2235,0.0958552109779,0.197471377721,-0.576506134623,2.71861108986,0.00273783123655,9.8053048504,0.0109898040687,0.058323126491
2236,0.0779605110504,0.196382500504,-0.525790031509,2.71309635148,0.00273231649818,6.04236893451,-0.00628772962237,0.056180559142
2237,0.0826070388032,0.198130044612,-0.565814554176,2.70899778782,0.00272821793451,6.87570054997,-0.00081507206603,0.0608650896795
2238,0.0708885811228,0.204144026252,-0.593337260314,2.72173956253,0.00274095970922,4.93461019394,-0.0117060073248,0.0650809718109
2239,0.0979881888935,0.184769532126,-0.458051567394,2.71322004184,0.00273244018853,10.3656676898,0.010841941653,0.0616273864992
2240,0.0888873605829,0.197184422358,-0.62748611386,2.7111949876,0.00273041513429,8.15392818853,0.00407987925796,0.0595443407239
2241,0.0865784229018,0.198494475636,-0.561167505455,2.7025241755,0.00272174432219,7.66238251372,0.00254101862363,0.0634010991472
2242,0.0783674398309,0.191482917954,-0.488153161939,2.70660334567,0.00272582349236,6.11182038619,-0.00767477828087,0.0571861215638
2243,0.0885931149739,0.196080806382,-0.493063066618,2.71077300587,0.00272999315256,8.0898272495,0.00384075895885,0.0672307373376
2244,0.0769509352529,0.189306272095,-0.551708767172,2.70813859662,0.00272735874331,5.87286692991,-0.00842646926952,0.0579035333344
2245,0.0869283660564,0.20340744514,-0.615343469315,2.7015662246,0.00272078637129,7.73521404433,0.00185791822703,0.0572174052607
2246,0.101702802496,0.185735843031,-0.428988679597,2.70716560951,0.0027263857562,11.4089030635,0.0151283212719,0.0606543393374
2247,0.0885083258917,0.200444674929,-0.522240555183,2.7064189329,0.00272563907959,8.07143633203,0.00453189496178,0.055575676708
2248,0.0928444930823,0.192966255963,-0.480587788331,2.70699840411,0.0027262185508,9.0593601201,0.00802138860227,0.0629487404214
2249,0.096967434073,0.183244715824,-0.518579317495,2.69829639278,0.00271751653947,10.0941012749,0.00937648062867,0.0576680129531
2250,0.0845474429404,0.193156730823,-0.514787707859,2.70793932172,0.00272715946841,7.25107768262,-0.000258084947554,0.0632082942032
2251,0.0768992156551,0.20344612006,-0.545221403105,2.71680586464,0.00273602601134,5.86428998403,-0.00574077632014,0.0683682095485
2252,0.0881866520373,0.197080147095,-0.612055758873,2.72070331294,0.00273992345964,8.0019894508,0.00284529077289,0.0560390929066
2253,0.0901809977814,0.195105703949,-0.466977176131,2.69714840631,0.002716368553,8.44093781709,0.00384596732059,0.0567445319641
2254,0.076811498542,0.199256675185,-0.636807156602,2.710032139,0.00272925228569,5.84976689635,-0.00846933003233,0.0588689428277
2255,0.0835836693002,0.193524429961,-0.599449831764,2.71239355899,0.00273161370569,7.06253205109,-0.000813480395249,0.0605006476239
2256,0.0656879749967,0.202608137595,-0.587439517559,2.70446997306,0.00272369011975,4.22901059395,-0.0176222995968,0.059068337456
2257,0.0760744001561,0.195239115738,-0.535352569314,2.70263123738,0.00272185138407,5.72888924984,-0.00807055548028,0.0599520504474
2258,0.0809750183094,0.204349736903,-0.555728673266,2.72232929483,0.00274154944153,6.57274587339,-0.0019444238361,0.064085772561
2259,0.0463985119069,0.197309270462,-0.618695590805,2.70921316532,0.00272843331201,2.25201029215,-0.0364615354292,0.0640663688927
2260,0.0707577687151,0.204269660406,-0.606719137188,2.71988699471,0.0027391071414,4.91578974242,-0.0125281361493,0.0622355230179
2261,0.0522196837878,0.203970974669,-0.574465229283,2.71487891363,0.00273409906032,2.75661968666,-0.0290080366472,0.0628894419836
2262,0.0716976743283,0.194882826379,-0.522592322012,2.70489991514,0.00272412006183,5.05230298909,-0.0127010082212,0.0605284778597
2263,0.0767775598398,0.189579320069,-0.474695973677,2.71166297781,0.00273088312451,5.84415568726,-0.00728086503409,0.0626630312344
2264,0.0725633797193,0.204370902857,-0.654620653189,2.70914733967,0.00272836748636,5.18071521401,-0.0105328335488,0.0687419908199
2265,0.0597612531757,0.196700756672,-0.521498293461,2.71663008048,0.00273585022717,3.52317578703,-0.0230366215806,0.0675450726197
2266,0.0768540172994,0.199793481154,-0.549523689892,2.71233448932,0.00273155463601,5.85680291963,-0.00759252933343,0.0566756990032
2267,0.0709216588094,0.193205526901,-0.57121448547,2.70871438999,0.00272793453668,4.93937831146,-0.0121729760262,0.0571004048334
2268,0.0763700832944,0.198517000374,-0.554467686238,2.70204305375,0.00272126320044,5.77713025431,-0.00776552289051,0.0620615902425
2269,0.0852436503588,0.196611909419,-0.580780758747,2.7042642435,0.00272348439019,7.38990851807,0.000406408022365,0.0603183720864
2270,0.0820652102119,0.187046821809,-0.539363431953,2.70135015109,0.00272057029778,6.77385038443,-0.00393430763085,0.0540496288363
2271,0.093566942559,0.194170409569,-0.486598901301,2.71130675613,0.00273052690283,9.23370483217,0.00754738745121,0.0604937057866
2272,0.074924112189,0.189555450745,-0.513842971624,2.71179171776,0.00273101186446,5.54434040029,-0.00988600893294,0.0628175982637
2273,0.0689677260536,0.199265825257,-0.570594869589,2.71027418163,0.00272949432832,4.66394564216,-0.0148828874045,0.0590334691992
2274,0.0816099806333,0.186663549359,-0.525028466218,2.70652515824,0.00272574530493,6.68925880822,-0.00346201601711,0.0581578531411
2275,0.102935678569,0.188952101597,-0.45906528437,2.69843951249,0.00271765965918,11.7750638514,0.0157626522458,0.0646922803209
2276,0.0936782285499,0.192421408601,-0.499799727704,2.70598308942,0.00272520323611,9.26081778371,0.00747498674564,0.0539529073843
2277,0.0814511744581,0.196743836156,-0.484220121381,2.71199072871,0.00273121087541,6.65995793972,-0.00317710439533,0.0599437368406
2278,0.0608725978171,0.1976399571,-0.548253450054,2.71475032268,0.00273397046937,3.64813954317,-0.0221110492537,0.0601040545448
2279,0.0959880818332,0.195262319949,-0.553778794166,2.7107687091,0.0027299888558,9.83942164228,0.0108027577622,0.0628740152996
2280,0.0901223234068,0.197473463031,-0.49891857165,2.72472397498,0.00274394412167,8.42773492579,0.00542248313556,0.0602782912873
2281,0.0949080325898,0.19224697181,-0.492622930347,2.70941299291,0.0027286331396,9.56507524541,0.00954385444106,0.064331798432
2282,0.0742966368553,0.198538480701,-0.523586177541,2.7158279112,0.00273504805789,5.44573173514,-0.00953202274342,0.0635900786239
2283,0.0707800247626,0.19359574047,-0.512853910782,2.70787819377,0.00272709834047,4.91898774343,-0.013994930102,0.0618919522987
2284,0.0770310887265,0.191264026005,-0.531040921571,2.71323193747,0.00273245208416,5.88617958532,-0.0070638645404,0.0653686587131
2285,0.0854002800017,0.188490578016,-0.48589173209,2.70694163806,0.00272616178475,7.42145013025,-0.000724384942737,0.054232278619
2286,0.0845957134522,0.197875635137,-0.521820978319,2.70739435366,0.00272661450036,7.26063160892,-0.000228648448098,0.0586796427634
2287,0.0972849494015,0.190821689189,-0.570274299471,2.70607173605,0.00272529188275,10.1778988604,0.0106720172245,0.0633512842222
2288,0.0790408639974,0.194006410467,-0.577595380056,2.7066189699,0.00272583911659,6.22820429574,-0.0056124490582,0.0628486578748
2289,0.0900052888364,0.192941343364,-0.528494329424,2.708279967,0.00272750011369,8.40145284367,0.00341563995479,0.0585179619425
2290,0.0968727480435,0.191223186761,-0.490245263429,2.70235448252,0.00272157462921,10.0692292026,0.010296637288,0.058564172046
2291,0.0843118077843,0.202268172242,-0.546864672241,2.70559598083,0.00272481612753,7.2045919866,0.000750864373854,0.0579709369746
2292,0.0732665068442,0.190925093386,-0.525918714399,2.70894899629,0.00272816914298,5.28693585616,-0.011363534536,0.0659527639257
2293,0.0800004765539,0.198204506512,-0.581189612073,2.70921549539,0.00272843564208,6.39721735704,-0.00329743431219,0.0619759648149
2294,0.0795839271513,0.201545128504,-0.552781865006,2.71238315837,0.00273160330506,6.3233904535,-0.00565579762976,0.0598876081185
2295,0.0935035574538,0.192694505523,-0.512379815327,2.70053456341,0.0027197547101,9.21829292798,0.00739347026924,0.0566928546549
2296,0.0829191344941,0.202906177196,-0.552115184527,2.70731064407,0.00272653079076,6.93494780015,-0.00218609284112,0.0626406501872
2297,0.0925897721114,0.204708431223,-0.591152362915,2.7108001584,0.00273002030509,8.99857349542,0.00962425044418,0.0596840617531
2298,0.0714937986209,0.201321376161,-0.578155978963,2.71014096785,0.00272936111454,5.02243695041,-0.0111967453555,0.0583037398042
2299,0.0708820412507,0.19532273802,-0.56559208309,2.70638510825,0.00272560525494,4.93366791338,-0.0122669407252,0.0587566233104
2300,0.110358741541,0.206454282949,-0.634986787987,2.71929240763,0.00273851255432,14.2092728731,0.0244848589371,0.0677906571444
2301,0.0872686556334,0.187871640559,-0.511309459277,2.69542330693,0.00271464345362,7.80660087391,-0.000416911949707,0.0606538938621
2302,0.0758814618052,0.198462691411,-0.557168071999,2.71282651815,0.00273204666484,5.6975893639,-0.00703743453131,0.0614462513459
2303,0.0862072241457,0.203149516824,-0.525343215164,2.71041794421,0.0027296380909,7.58576545797,0.00149654435307,0.0619030800807
2304,0.082984376138,0.20035341772,-0.565921265385,2.71099814006,0.00273021828675,6.9473871094,-0.0011273917453,0.0599967165217
2305,0.0820246460979,0.201826407937,-0.58595641066,2.70550598469,0.00272472613138,6.76627652143,-0.00235253133595,0.0575722787368
2306,0.0935472967846,0.198456165761,-0.571631373403,2.7112395727,0.00273045971939,9.22892563057,0.00877655406206,0.0592918204798
2307,0.0882848669359,0.188048591551,-0.53426107329,2.71690758118,0.00273612772787,8.02313888551,0.00243540018735,0.0628790421548
2308,0.0997197281818,0.200393971894,-0.574074759006,2.7061703011,0.00272539044779,10.8410149498,0.0136214085014,0.0624873652234
2309,0.0757554539651,0.18956335671,-0.525821916364,2.70857553679,0.00272779568348,5.67722306286,-0.00928135046661,0.0562888892651
2310,0.0824086824605,0.194077797569,-0.518361024434,2.7115619327,0.0027307820794,6.83826654701,-0.00173501992904,0.0575536617855
2311,0.0698577185289,0.199878351931,-0.563654682427,2.70596965456,0.00272518980126,4.78784345113,-0.0136870476207,0.0598344647065
2312,0.0890728989106,0.196023460245,-0.550726181351,2.71938579858,0.00273860594527,8.19457062441,0.00469776065441,0.0627374775699
2313,0.0958852390804,0.192625564179,-0.525550494452,2.70549780213,0.00272471794882,9.81300602056,0.0101621688481,0.0598870125653
2314,0.0734248572848,0.191050425526,-0.491814627522,2.71351013163,0.00273273027832,5.31109870539,-0.0101104061877,0.0610617404001
2315,0.0917002264662,0.202924146445,-0.616952724372,2.70839131481,0.0027276114615,8.78905054699,0.00681698163299,0.0604781498436
2316,0.080847078722,0.185509958426,-0.521266087325,2.70869132107,0.00272791146776,6.5494758689,-0.00476299052898,0.0641806063083
2317,0.106394839784,0.198018938578,-0.536820054916,2.70644326505,0.00272566341174,12.8587413757,0.0192510204551,0.0585035718649
2318,0.0849101133614,0.179668622438,-0.452145268346,2.70910457319,0.00272832471988,7.32311988353,-0.00189103110413,0.0561112634567
2319,0.090619971511,0.199832626853,-0.517501572945,2.7137635233,0.00273298366999,8.54028117895,0.0069378819076,0.0627815306377
2320,0.0763343066192,0.192791161367,-0.569509870003,2.70634389095,0.00272556403764,5.7712756174,-0.00754567205108,0.0621679803827
2321,0.0851388728656,0.200441860826,-0.577760350375,2.70754496927,0.00272676511596,7.36887218087,0.00208603148874,0.0613424331271
2322,0.0831163022848,0.193390176528,-0.525289810973,2.71482977012,0.00273404991681,6.97259814883,-0.0033002505881,0.0568339673374
2323,0.0894394113082,0.184625309909,-0.508091794528,2.70189676175,0.00272111690844,8.27536618678,0.00331976327442,0.0567407974234
2324,0.0826935940805,0.193208496824,-0.55482192598,2.70699490452,0.00272621505121,6.89208916395,-0.000715365124648,0.062247107682
2325,0.0690256190479,0.19401247168,-0.588077839497,2.70590537041,0.0027251255171,4.67192688929,-0.0147677963991,0.0590796155871
2326,0.0631551066546,0.197555900161,-0.530228082784,2.7106911561,0.00272991130279,3.915285831,-0.0196039623207,0.0647784803259
2327,0.0807654390435,0.196702658175,-0.506541128248,2.71587689755,0.00273509704425,6.53466297083,-0.00271045783568,0.0625283664341
2328,0.069740736696,0.197187545807,-0.577851202705,2.69798812353,0.00271720827022,4.77141063947,-0.0140059148365,0.0608958558792
2329,0.0846260156718,0.193816841213,-0.537227783281,2.70975142733,0.00272897157402,7.26663460021,8.76013989384e-05,0.0570841691105
2330,0.0990872741817,0.184455033617,-0.476740054593,2.71089028624,0.00273011043293,10.6652173327,0.012435191663,0.0609353367072
2331,0.0807633946937,0.190020154159,-0.461406259713,2.70683454296,0.00272605468965,6.53429239804,-0.00428762600294,0.0597327381516
2332,0.082324142804,0.196659554033,-0.596559576085,2.71320119104,0.00273242133773,6.82236419033,-0.00163858542839,0.0583688097966
2333,0.0874638266119,0.195371495411,-0.579121660396,2.70650924072,0.00272572938741,7.8477971289,0.00145689351697,0.0686859510888
2334,0.0841739023437,0.195367695776,-0.536939117008,2.7216128545,0.00274083300119,7.17750316595,-9.29908730258e-05,0.0617826541034
2335,0.0768433567829,0.190375272723,-0.502068260843,2.70699759764,0.00272621774433,5.85503816005,-0.00853541050018,0.0621530520933
2336,0.0704678289548,0.186520155855,-0.516631155441,2.70707424077,0.00272629438747,4.87427941842,-0.0138495106077,0.0612264923227
2337,0.069271026964,0.203440486021,-0.617693660837,2.70925642668,0.00272847657338,4.70587957091,-0.013329983239,0.0598140373301
2338,0.0888389838504,0.187777721589,-0.52043201274,2.70435608616,0.00272357623285,8.14335962139,0.00237339669954,0.0582372355076
2339,0.0823709602133,0.198080514813,-0.58630079679,2.70513621652,0.00272435636321,6.83116695584,-0.00232780312841,0.0593143748552
2340,0.0991828988055,0.199445865084,-0.578518637197,2.70809415736,0.00272731430405,10.6916352771,0.0136462584475,0.0635172980042
2341,0.0837347943376,0.202970936811,-0.607886763706,2.71278219487,0.00273200234156,7.09182067653,-0.000196397873156,0.0613529497429
2342,0.0692656980802,0.205420153783,-0.629206442289,2.71191701132,0.00273113715801,4.70514023772,-0.0129927262703,0.0635116860239
2343,0.0674061480307,0.192228940854,-0.501422543057,2.70430094826,0.00272352109496,4.45269215355,-0.0159886853903,0.0612058957226
2344,0.0835054900263,0.200402737586,-0.593114001835,2.72264492558,0.00274186507227,7.0474206336,-0.00110242329704,0.0614970572574
2345,0.0825041405161,0.194190405339,-0.507636830599,2.71446513172,0.00273368527841,6.8562600788,-0.00179807637129,0.056726399085
2346,0.0935929005076,0.194034750289,-0.579367822503,2.70874898868,0.00272796913537,9.24002288085,0.00795128779655,0.0594545424013
2347,0.0938823304241,0.187418073737,-0.493586149299,2.71596647107,0.00273518661776,9.31072336282,0.00759402041372,0.060004412057
2348,0.0822985736144,0.192131915525,-0.585053512564,2.7011669224,0.00272038706909,6.81756060388,-0.00249416996079,0.0585001827357
2349,0.0930054739627,0.182931668432,-0.391247473039,2.69921406363,0.00271843421033,9.0979596858,0.0059077827089,0.0586851606005
2350,0.0812690664493,0.182898024796,-0.497052940434,2.69181488224,0.00271103502893,6.62648985968,-0.00466772428538,0.061316885753
2351,0.0818757891717,0.197636756752,-0.486824627229,2.71386118509,0.00273308133178,6.73854368705,-0.00204488241774,0.0609880397502
2352,0.0703124416606,0.198952592572,-0.553526501608,2.70708536221,0.0027263055089,4.85214822482,-0.0137832806935,0.0561042422339
2353,0.0869360013807,0.19069600118,-0.500939065428,2.70144642573,0.00272066657242,7.7368096827,0.00200738856657,0.0568875638182
2354,0.0934621969325,0.19942804703,-0.518688474577,2.7111351242,0.00273035527089,9.20824827275,0.00849293039557,0.0633045683401
2355,0.0722035201025,0.198290886703,-0.532744786299,2.71280511331,0.00273202526,5.12702134874,-0.00982399324428,0.0623502713636
2356,0.0917822353687,0.202923796438,-0.512684224401,2.70791559065,0.00272713573734,8.8081887988,0.00686812017344,0.0625362377383
2357,0.0744086342521,0.201484097642,-0.540136998046,2.71121010354,0.00273043025023,5.46322690795,-0.00911997620998,0.060990726212
2358,0.0924055345123,0.192009011393,-0.505758059346,2.70647451287,0.00272569465957,8.95482730874,0.0067247882504,0.0580048363251
2359,0.075453325818,0.201550445937,-0.584495632992,2.71294532454,0.00273216547123,5.62863319269,-0.00819949705652,0.058273534719
2360,0.0676256413571,0.195223718986,-0.499229628162,2.70223279422,0.00272145294091,4.48192126334,-0.0154838073296,0.0645235800309
2361,0.0845425757905,0.196461297954,-0.550918946204,2.70500854145,0.00272422868814,7.25011494334,2.21359342413e-05,0.0599084437267
2362,0.0703855034895,0.209251817332,-0.642928801423,2.71170458469,0.00273092473138,4.86254412581,-0.0107183915449,0.0640480394005
2363,0.0632959997908,0.201724421313,-0.574600254968,2.71867973879,0.00273789988548,3.93225098602,-0.019604060593,0.0596969487899
2364,0.0885258897958,0.194637474756,-0.506031354277,2.70616329751,0.00272538344421,8.07524303661,0.00426063495593,0.0617442803776
2365,0.100430546601,0.196514928179,-0.591255253626,2.70721100061,0.0027264311473,11.0416352421,0.014441428096,0.0588035333578
2366,0.0794915175926,0.190544247555,-0.560081646771,2.70555297531,0.002724773122,6.30710858465,-0.00454699920965,0.060137966117
2367,0.0705840151204,0.201505314336,-0.554186328943,2.72164444716,0.00274086459386,4.89087991097,-0.0104681444899,0.0665113473248
2368,0.0778875721166,0.190053859457,-0.489768400022,2.71807496635,0.00273729511305,6.02998940203,-0.00743240018019,0.0587834955636
2369,0.0766824298786,0.197571564624,-0.570022679978,2.70775608999,0.00272697623668,5.82845105188,-0.00880960339589,0.0576040912479
2370,0.0978766748278,0.188399883746,-0.460917341074,2.70397579767,0.00272319594436,10.3356918148,0.011090253454,0.0538984216474
2371,0.0849960606348,0.202794213689,-0.638932739417,2.7125507583,0.00273177090499,7.34028121013,0.00232574967646,0.0674006775764
2372,0.0721303361543,0.186261358361,-0.473436844429,2.7043611383,0.002723581285,5.11615674979,-0.0125203974243,0.056750842466
2373,0.0638847282993,0.187651508969,-0.50831013343,2.70566271489,0.00272488286159,4.00375182044,-0.0208624541621,0.0616327548417
2374,0.0871133217926,0.189740734459,-0.492012501639,2.70660015727,0.00272582030396,7.77394522508,0.000597149591409,0.0554177291002
2375,0.0831527553058,0.201742813055,-0.559316788088,2.71860081928,0.00273782096597,6.97957785673,-0.000723675461495,0.0613550374096
2376,0.0775564231444,0.199370709925,-0.553253859063,2.71629902891,0.0027355191756,5.97404793707,-0.00508503340218,0.0634255801868
2377,0.0666281970647,0.20019337673,-0.520669547081,2.70791192657,0.00272713207327,4.35029733055,-0.0163118090153,0.0608294117676
2378,0.0959375962588,0.189168178321,-0.487775331187,2.71989639648,0.00273911654317,9.82644645207,0.00954411719574,0.0589842797265
2379,0.0642137592844,0.207128145585,-0.617699575955,2.71324603227,0.00273246617896,4.04414556764,-0.0179939809492,0.0657357062551
2380,0.0865536585875,0.204055000881,-0.655518457201,2.71862101072,0.00273784115741,7.65725065049,0.00257267619594,0.0621689563963
2381,0.0756363020501,0.18979855185,-0.470518044429,2.71184478289,0.00273106492958,5.6580196524,-0.00976289063018,0.0603740130944
2382,0.0921680466477,0.19987353059,-0.55957206872,2.70463226509,0.00272385241179,8.89870860001,0.00657126131981,0.0633030203864
2383,0.0836186319439,0.199520721813,-0.578238081361,2.71957185317,0.00273879199986,7.06929887165,8.43819300852e-05,0.0577276873462
2384,0.0853879517575,0.196133889191,-0.564253066934,2.70359195966,0.00272281210636,7.41896337679,-0.000150476993882,0.0576448801863
2385,0.0920137533265,0.19138329794,-0.487789285874,2.70457526592,0.00272379541261,8.86241202568,0.00662158063669,0.0589320857274
2386,0.0943901752558,0.198183096961,-0.543904357674,2.70419992138,0.00272342006808,9.43591297024,0.00829619564752,0.0537634939061
2387,0.0555427317936,0.202706475621,-0.579992533811,2.70498875301,0.0027242088997,3.0775889861,-0.0269092810672,0.058478809679
2388,0.0674517679934,0.206865261678,-0.598295503065,2.71141684478,0.00273063699147,4.45875483102,-0.0151725416248,0.0611744651607
2389,0.0715672579811,0.19337351454,-0.480606930479,2.71515200152,0.00273437214822,5.03318174701,-0.0133442863059,0.059478959542
2390,0.0775452341537,0.199787959125,-0.541055727244,2.70319113613,0.00272241128282,5.97216526074,-0.00677149651836,0.0645683581224
2391,0.054862782242,0.214996900928,-0.604060303608,2.72218357172,0.00274140371841,3.00983929952,-0.0252671732546,0.0666972355632
2392,0.0840739922603,0.196191406768,-0.584474634357,2.71049239806,0.00272971254476,7.15793153176,0.000998363912699,0.0655298607981
2393,0.0920609725301,0.196650632318,-0.541956119019,2.70479351916,0.00272401366585,8.87350644752,0.0064290025115,0.0550195649295
2394,0.0927355846579,0.193479396294,-0.534254192702,2.70485044687,0.00272407059356,9.033326849,0.00579433209649,0.0623796218489
2395,0.0892141256944,0.204853265925,-0.532096514969,2.71192811756,0.00273114826425,8.22562279427,0.00581593817065,0.062454862553
2396,0.0964964975339,0.189973578446,-0.556552134377,2.70755629452,0.00272677644121,9.97092472305,0.00980055705246,0.058343787953
2397,0.0841866640752,0.191638820958,-0.547789393506,2.71399950198,0.00273321964867,7.18000634256,-0.000430552659564,0.0637217383216
2398,0.0807965688271,0.191987230885,-0.495242729966,2.71126933764,0.00273048948433,6.54030793356,-0.00536541477829,0.0642764319729
2399,0.100292632068,0.188811657375,-0.5293398061,2.7005854966,0.00271980564329,11.0024566501,0.0130249093122,0.0541655126727
2400,0.0745592215928,0.191109345093,-0.54349342313,2.71368183149,0.00273290197819,5.4868222183,-0.0109941905798,0.0545734605588
2401,0.097012880885,0.190930261322,-0.470737765256,2.70267001479,0.00272189016148,10.1060582952,0.0106785826929,0.0614361054927
2402,0.0866313526933,0.201774808713,-0.622354767557,2.71834382526,0.00273756397195,7.6733608659,0.00381063901886,0.0588778188429
2403,0.0649190690934,0.205223027416,-0.641205466628,2.71548332243,0.00273470346913,4.13179257972,-0.0168365457483,0.0599509754079
2404,0.0722191478176,0.186050057619,-0.553831780332,2.70462239747,0.00272384254416,5.12934378068,-0.0127126232871,0.0616559177415
2405,0.0678483269205,0.202378475447,-0.592646771762,2.70554667918,0.00272476682588,4.51172940246,-0.014696286387,0.0616479836039
2406,0.0943857727963,0.183434099902,-0.529199918108,2.70905130328,0.00272827144997,9.43482145952,0.00780860806564,0.0544507614669
2407,0.067767168021,0.200786744424,-0.575951428416,2.71457677466,0.00273379692135,4.50084766812,-0.015223003011,0.064380973043
2408,0.06392600694,0.19510453831,-0.540807442236,2.71345145723,0.00273267160392,4.00880230963,-0.0190352185457,0.0608456255848
2409,0.0627979524378,0.1938058345,-0.5997952758,2.71250719187,0.00273172733856,3.87253137192,-0.0201262209131,0.0578570728001
2410,0.0643192381342,0.195551339694,-0.558198528264,2.7162708502,0.00273549099689,4.05716099772,-0.0192273002475,0.0688558160384
2411,0.0748159511651,0.199516499292,-0.598073649024,2.70923460796,0.00272845475466,5.52723989668,-0.00861475937181,0.0611928480716
2412,0.0823483140063,0.200923515279,-0.660654327419,2.71745283421,0.00273667298091,6.82690775174,-0.000749087479056,0.0625439716539
2413,0.0871630924303,0.18689356531,-0.480904635998,2.71690661548,0.00273612676217,7.78439574966,0.00115508079533,0.0584521995766
2414,0.0935665517553,0.188123820679,-0.514678576658,2.7059820946,0.00272520224129,9.23360974094,0.00829198545339,0.0619808014624
2415,0.0736595193178,0.197007535189,-0.578951728629,2.6963275177,0.0027155476644,5.3470702969,-0.0110250470837,0.0606259179816
2416,0.0788494760647,0.199337671594,-0.493111868279,2.71146610279,0.00273068624949,6.19494288539,-0.00547218112397,0.057580621661
2417,0.070911516464,0.20548588856,-0.599775584219,2.72747259604,0.00274669274273,4.93791591044,-0.0110375083308,0.0626063151494
2418,0.0769129860133,0.201616058671,-0.495776751527,2.71621139559,0.00273543154229,5.86657259256,-0.00646891804644,0.0611532985743
2419,0.0589667896328,0.186591746581,-0.498818878554,2.71110965319,0.00273032979988,3.43583018214,-0.0250708145618,0.0657348320686
2420,0.0798204386335,0.19014078293,-0.530824475897,2.70760142688,0.00272682157357,6.36522104833,-0.00592090901853,0.0595720933568
2421,0.0859361372737,0.186599445395,-0.47475882837,2.70541745544,0.00272463760214,7.53022407305,-3.77186322443e-05,0.0619669119244
2422,0.0913425906153,0.191828996224,-0.572109392105,2.70788045499,0.00272710060168,8.70600871069,0.00548669038365,0.0632650634772
2423,0.0737778517988,0.197501073563,-0.545917159705,2.71319551992,0.00273241566661,5.36528429885,-0.00899184599139,0.0563365517571
2424,0.0750125024501,0.18823760259,-0.493764262562,2.70310068361,0.0027223208303,5.5583470798,-0.0103823119068,0.0605644855382
2425,0.102105244363,0.19316843101,-0.480467242516,2.70815223255,0.00272737237924,11.5273033432,0.0145595750852,0.0585482198597
2426,0.0941459662687,0.198620018866,-0.45576122567,2.70633121284,0.00272555135954,9.37553129801,0.0093557883131,0.0678715307406
2427,0.0743324603888,0.191564307405,-0.569229987691,2.71195559908,0.00273117574577,5.4513227892,-0.0102260036649,0.0623662883071
2428,0.091331787231,0.193185734692,-0.544092674925,2.71047550878,0.00272969565547,8.70351077146,0.00456959279275,0.0619895203485
2429,0.0964232891684,0.192690722934,-0.541243091446,2.70624852377,0.00272546867047,9.95189508696,0.00958975814638,0.0622480762212
2430,0.071292889346,0.193232538045,-0.484409337109,2.71421305083,0.00273343319752,4.99314413066,-0.0130220841,0.0608608995749
2431,0.0962058224501,0.1869318704,-0.552591619157,2.71329885888,0.00273251900557,9.89555420815,0.0104532458041,0.0643818640923
2432,0.087603542951,0.202830687968,-0.590279288801,2.71205185391,0.0027312720006,7.87740188002,0.00208755657493,0.0548934699886
2433,0.0732109672301,0.18402710622,-0.467051182731,2.70409158526,0.00272331173195,5.2784821021,-0.0131520855136,0.0612667868371
2434,0.0933797819821,0.188538685383,-0.499630538266,2.70943337393,0.00272865352062,9.18826159852,0.00797504345094,0.0605111056802
2435,0.0644293357655,0.198873029016,-0.532184144148,2.70593468541,0.0027251548321,4.07078079848,-0.0183002054561,0.0621089188839
2436,0.0680934304463,0.197890329788,-0.56537329652,2.71441439324,0.00273363453993,4.5447185204,-0.0150529626592,0.0564564934732
2437,0.0698633436047,0.199865593198,-0.625329944014,2.70405093382,0.00272327108051,4.78863475609,-0.0130933706875,0.0617782650046
2438,0.0946991798283,0.189931414824,-0.498369814148,2.70731337917,0.00272653352586,9.51279999029,0.00821345080072,0.0567825532254
2439,0.0782254395328,0.192343124795,-0.538160352878,2.70992402558,0.00272914417227,6.08751039758,-0.00701965567465,0.0587184240688
2440,0.0749773246563,0.192153447022,-0.550243725361,2.70458161317,0.00272380175986,5.55276921413,-0.00837550447901,0.0583576434969
2441,0.0895379951425,0.198189299113,-0.639863095338,2.70181384813,0.00272103399483,8.29721466783,0.00490104087987,0.0600802065189
2442,0.0874698567673,0.190745174323,-0.547195197972,2.71977942173,0.00273899956842,7.84907290705,0.000997449432451,0.0561875104907
2443,0.0847019157856,0.200164972882,-0.608433396977,2.70844950783,0.00272766965452,7.28168913435,-0.000396438200439,0.056357561731
2444,0.0870882713966,0.191461902117,-0.551655973651,2.69734758482,0.00271656773152,7.7686898246,0.000541271676888,0.0569597643946
2445,0.102417004919,0.19438629653,-0.529831530551,2.70800881312,0.00272722895981,11.619770691,0.0162257693569,0.0562540161989
2446,0.0843752851909,0.193825284827,-0.526727398441,2.70700843821,0.00272622858491,7.21708985777,-0.000767045986043,0.0569493685288
2447,0.0869664880549,0.198047537003,-0.486589002338,2.70297924306,0.00272219938975,7.74318361498,0.00187635281105,0.057062003921
2448,0.0792279437931,0.196962342679,-0.558304710998,2.71310981957,0.00273232996626,6.26085985811,-0.00543121736229,0.0536811245795
2449,0.0891852138278,0.185925799005,-0.535373140133,2.70493170048,0.00272415184717,8.2192576145,0.00195292808674,0.0602843232153
2450,0.0655530547548,0.192541390765,-0.521017511895,2.71126413041,0.0027304842771,4.21182456245,-0.01833071959,0.0582932349346
2451,0.0817964966044,0.201918861743,-0.590094512228,2.70527420027,0.00272449434696,6.72380995791,-0.00185925543995,0.0604068711943
2452,0.0903953620853,0.192143183874,-0.552738357093,2.70232193752,0.00272154208421,8.48932530637,0.00441629264541,0.0591755480351
2453,0.0824494750191,0.193324939186,-0.582430512621,2.70894951862,0.00272816966531,6.84595095713,-0.00153255142984,0.060694368355
2454,0.0826040096475,0.181449059556,-0.515040201137,2.69797085449,0.00271719100118,6.87512759438,-0.0035587237172,0.0592344812797
2455,0.0797897691977,0.194562899314,-0.525173365536,2.70916610946,0.00272838625615,6.35978376387,-0.00470156965488,0.0633484313362
2456,0.10104181433,0.193514921765,-0.518624411256,2.70440637342,0.00272362652011,11.2167687045,0.0138186123243,0.0600232790889
2457,0.0908209285281,0.196091086734,-0.545693622318,2.72026164739,0.00273948179408,8.5860940786,0.00629955408544,0.064121446969
2458,0.084301242736,0.190981000905,-0.570209459822,2.70970793305,0.00272892807974,7.20251364177,-0.00144810680037,0.0644893019392
2459,0.0795216206581,0.20226701155,-0.607161919123,2.70650263698,0.00272572278367,6.312408692,-0.0047893996671,0.0637057276223
2460,0.0713620982181,0.196122291811,-0.533822682733,2.70184880664,0.00272106895333,5.00321936725,-0.0129353904917,0.0593482580667
2461,0.0802790652945,0.189556934738,-0.521199077292,2.69878242249,0.00271800256918,6.44699166797,-0.00400670946839,0.0593176082667
2462,0.0789422188379,0.201170267053,-0.601470173644,2.71080965074,0.00273002979743,6.21104228042,-0.00410875256849,0.0644055202819
2463,0.0928617373392,0.18855211338,-0.479232161394,2.70584979171,0.0027250699384,9.0634881074,0.00799739024686,0.0565081736115
2464,0.0896215093502,0.197478597925,-0.51643759188,2.71673393662,0.00273595408332,8.31576207689,0.00590923907774,0.0585639806677
2465,0.0789798101077,0.208786529803,-0.616355362007,2.72067422677,0.00273989437346,6.2175776812,-0.00396714362464,0.0644675412801
2466,0.0911183205848,0.198974599818,-0.62054485673,2.71831167656,0.00273753182325,8.65427998515,0.00553258180543,0.0634766231689
2467,0.101564728947,0.190106661108,-0.431852746312,2.70957689001,0.0027287970367,11.3685296574,0.0134234379589,0.0585494354379
2468,0.0768242657492,0.204508160609,-0.589293901502,2.70548800785,0.00272470815454,5.85187888997,-0.00557682626739,0.066645594668
2469,0.0960011489508,0.199339136315,-0.456890024995,2.70258092775,0.00272180107444,9.84278242955,0.010224384748,0.0626405347464
2470,0.0708516374227,0.205389524454,-0.585384460786,2.72194274597,0.00274116289266,4.92928914521,-0.0121061716496,0.0615578411836
2471,0.07262053023,0.200998947702,-0.608856103732,2.71353917823,0.00273275932493,5.18928404155,-0.00978622705983,0.0623082950261
2472,0.092222777272,0.193010844024,-0.502788488313,2.69612341036,0.00271534355705,8.91161448437,0.00640784616734,0.0619284856957
2473,0.0677872621971,0.199278224208,-0.539247863603,2.69972378829,0.00271894393498,4.50353995691,-0.0156449281753,0.0606888492109
2474,0.0834774565542,0.195032199077,-0.596004188915,2.70805370246,0.00272727384915,7.04200862806,-0.000694351538479,0.0600528128237
2475,0.0799433392608,0.189883292725,-0.510190012623,2.71225401214,0.00273147415883,6.3870484772,-0.0054419751196,0.0548533907951
2476,0.0737749109263,0.19190409658,-0.500559278329,2.71446325713,0.00273368340382,5.36483102476,-0.0107013236077,0.0578082876907
2477,0.0809584244129,0.190665438295,-0.519667534698,2.69796496028,0.00271718510698,6.56972384195,-0.00395623543781,0.0558559118785
2478,0.0961613062015,0.195453669083,-0.524527817208,2.7090081701,0.00272822831679,9.88405543404,0.0101509092527,0.0646961658988
2479,0.0765262908231,0.200521642384,-0.467062584708,2.7138744049,0.00273309455159,5.8027497435,-0.00674939048314,0.0629333373163
2480,0.0777990795988,0.197392083585,-0.566437052231,2.71003454307,0.00272925468976,6.01499813547,-0.00522625224248,0.0564029444048
2481,0.0776045509484,0.191972809187,-0.598442401525,2.69415624673,0.00271337639342,5.98215156823,-0.00773616456427,0.0516778114833
2482,0.0889707385425,0.198545911804,-0.636513675281,2.70797312934,0.00272719327603,8.17217083252,0.00391218861176,0.0570297299289
2483,0.0631366534647,0.205020349941,-0.565420008536,2.71982059623,0.00273904074292,3.91306801463,-0.0189873153289,0.0656226730528
2484,0.095053619472,0.201744302876,-0.638086755693,2.71071700865,0.00272993715534,9.60166297456,0.0103012693337,0.0641247505907
2485,0.0862334469257,0.193891811573,-0.608182293873,2.71176189378,0.00273098204047,7.5911564954,0.000807137877213,0.0582598609295
2486,0.0765368655328,0.204711818968,-0.597475823776,2.70992670361,0.0027291468503,5.80448745571,-0.00581095957317,0.0609872518152
2487,0.07858040894,0.188894538798,-0.500954272979,2.71121488947,0.00273043503616,6.14843035779,-0.00638153734403,0.0582863622427
2488,0.0725556740198,0.199475255212,-0.543683696206,2.7104145421,0.00272963468879,5.17956073765,-0.0109225420586,0.0590977546761
2489,0.086046839593,0.20824371786,-0.565831370219,2.71544765258,0.00273466779927,7.55286335383,0.00247660918671,0.0598525829265
2490,0.0656692857788,0.199074202103,-0.52250257391,2.71238252516,0.00273160267185,4.22662672932,-0.0178254416672,0.0655982209044
2491,0.0685907963118,0.189804928922,-0.597171277412,2.70733219517,0.00272655234187,4.61224475823,-0.0160512879696,0.0597580679698
2492,0.0756884690262,0.207357677602,-0.591843143602,2.72061538219,0.00273983552888,5.66642072657,-0.00584385306574,0.0626467643355
2493,0.0745065894994,0.202492187066,-0.57943730275,2.70716435055,0.00272638449725,5.47856597261,-0.00830520672267,0.0590291414639
2494,0.104809696381,0.191421555044,-0.469428111595,2.7004408005,0.00271966094719,12.3516107956,0.0171802934179,0.0565328171544
2495,0.0878898613668,0.195711791275,-0.499284576184,2.7024406927,0.00272166083939,7.9383682916,0.0020505984693,0.0571483841611
2496,0.0749698050844,0.195122953689,-0.593890776655,2.70503415412,0.00272425430082,5.55157748673,-0.00817561158361,0.0595335073451
2497,0.0889323982688,0.183234157496,-0.448009283813,2.70825778858,0.00272747793527,8.16377785198,0.00210311974538,0.0611133015948
2498,0.0759036732308,0.192137814666,-0.527385743998,2.70573787265,0.00272495801934,5.70118552239,-0.00773221870141,0.0616494137959
2499,0.0924757290213,0.203390861,-0.580140746028,2.70560248251,0.0027248226292,8.9714728561,0.00709239893363,0.0601803477441
2500,0.0745535099196,0.201888867372,-0.550417103811,2.72225731786,0.00274147746456,5.48592575534,-0.0086361599869,0.0612046447749
2501,0.0751582130456,0.185305085502,-0.538483007084,2.70723246898,0.00272645261567,5.58149991941,-0.00998477013763,0.0542036822593
2502,0.0913036242091,0.188882775625,-0.504044745586,2.70613879474,0.00272535894144,8.69700187356,0.00485796944235,0.0654382137014
2503,0.088218775273,0.192482116591,-0.464939080602,2.71619341813,0.00273541356483,8.00890156451,0.00367265708277,0.0625710260844
2504,0.0758716264251,0.194304390607,-0.604079216223,2.72492006682,0.00274414021351,5.69599755171,-0.00844685063833,0.0612221445737
2505,0.0788858573085,0.197686340632,-0.569188455959,2.71099142563,0.00273021157232,6.201254251,-0.00422982465403,0.0616877660006
2506,0.0818572041049,0.192975674488,-0.494355031626,2.71109444755,0.00273031459424,6.73508788451,-0.00404096086628,0.0659505594232
2507,0.0798842545838,0.196363638325,-0.603136641202,2.70307996238,0.00272230010908,6.3765471531,-0.00541578067426,0.0578125409472
2508,0.0858103866588,0.196767825195,-0.541923318701,2.71088414971,0.0027301042964,7.50457722846,0.00109491387444,0.0590570671915
2509,0.0771732012177,0.196722857096,-0.531473409287,2.71261662323,0.00273183676992,5.90984396263,-0.00715733690572,0.0552688570761
2510,0.0824995347684,0.204265934782,-0.551034607499,2.71245425567,0.00273167440236,6.85539099924,-0.00135169132209,0.0549725792803
2511,0.0804466561534,0.19324636136,-0.440899364214,2.70731061692,0.00272653076362,6.47708940963,-0.00452347129963,0.0611866909987
2512,0.0813585007824,0.182470111297,-0.536809955674,2.70770630587,0.00272692645257,6.64290862568,-0.00381197109715,0.0633325374604
2513,0.0859096222428,0.195122300716,-0.57475097823,2.70496844645,0.00272418859314,7.52481015158,0.000934723690448,0.0619500933077
2514,0.0907181939598,0.200697099877,-0.575171937252,2.71417471193,0.00273339485862,8.56264694183,0.00603270580221,0.0606478725835
2515,0.0847775777349,0.196389694766,-0.507644432018,2.71822131702,0.00273744146372,7.29672266523,-0.00127673227048,0.0601808681148
2516,0.0885622309478,0.198372982727,-0.569673639286,2.70933193293,0.00272855207963,8.0831242968,0.00333140133792,0.0599976550877
2517,0.0787116187515,0.184573699148,-0.448695122996,2.70638084795,0.00272560099464,6.17107582402,-0.00628098303645,0.0638255616399
2518,0.0782741939175,0.194483855509,-0.522033687729,2.71157903754,0.00273079918423,6.09584796831,-0.00577528582009,0.0593275120112
2519,0.060215501361,0.185333347152,-0.542664197109,2.71011552415,0.00272933567084,3.57385777315,-0.0243353899348,0.0618270824539
2520,0.0782899491766,0.199448676423,-0.615803867892,2.70253804966,0.00272175819635,6.09854431778,-0.00588072929275,0.0606803019488
2521,0.0819763556154,0.190787444376,-0.565095098153,2.70466418412,0.00272388433081,6.75726929294,-0.00304861984957,0.0605443029951
2522,0.0976046147593,0.191573990106,-0.463658537369,2.7099399458,0.0027291600925,10.2628785105,0.0111698995353,0.0616475386243
2523,0.0861666694804,0.195349810747,-0.513922981022,2.7073538515,0.00272657399819,7.57743438985,0.000990091411772,0.0612716218026
2524,0.0793693539077,0.193501999137,-0.504068968876,2.70121372084,0.00272043386753,6.28563767716,-0.00487325645697,0.0648183400193
2525,0.0791951507895,0.189697224483,-0.480041843185,2.70774595663,0.00272696610333,6.25512546677,-0.00539150076419,0.0620661279451
2526,0.069778284292,0.202774557852,-0.612339082267,2.71190100644,0.00273112115314,4.77668017527,-0.0142086876614,0.062204096522
2527,0.104334906067,0.195879118104,-0.58842194637,2.70794948154,0.00272716962823,12.2032179678,0.0183043285135,0.0586277448
2528,0.0635523638319,0.199816652017,-0.597355458812,2.7053008397,0.00272452098639,3.96326470209,-0.0191004070582,0.0620709710665
2529,0.0772884461971,0.198135679335,-0.594405356524,2.71455154087,0.00273377168756,5.92909179707,-0.00622206003295,0.0620699588628
2530,0.067130141863,0.202735239428,-0.532680243951,2.7042726675,0.0027234928142,4.41615008661,-0.0156271473894,0.0621613204667
2531,0.0768951647474,0.189604668749,-0.565578311947,2.71236450118,0.00273158464787,5.86361863448,-0.0070511245006,0.0628041727077
2532,0.0826066476913,0.204588970492,-0.625888158575,2.70322214483,0.00272244229152,6.87562657008,-0.00152685558786,0.0620578912322
2533,0.0869716396594,0.190751303096,-0.536607576003,2.71327320541,0.00273249335211,7.74426111653,0.00231301661154,0.055123783189
2534,0.0934088458836,0.198055543414,-0.538369431153,2.70908569927,0.00272830584596,9.19530566577,0.00803236725906,0.0646635233615
2535,0.08251440194,0.195851800638,-0.499960259652,2.71238311535,0.00273160326204,6.85819668623,-0.00205705050907,0.0567842984302
2536,0.0887546704133,0.199199458138,-0.569288047595,2.71954002461,0.0027387601713,8.12496822032,0.00431909617364,0.0632727151789
2537,0.0683114590097,0.186857855962,-0.588274735682,2.71273380749,0.00273195395418,4.57422303493,-0.0159390299391,0.0634838509841
2538,0.0743446849303,0.192294339544,-0.550606091519,2.70410005673,0.00272332020343,5.45323176596,-0.0103635248485,0.0597043644795
2539,0.0879936016361,0.194451793483,-0.539925744363,2.70122655254,0.00272044669923,7.96055713625,0.00223085584621,0.0610123000469
2540,0.0769015595792,0.197563998009,-0.592680476465,2.71183561133,0.00273105575802,5.86467846714,-0.00683625277192,0.0595071879669
2541,0.0803123482337,0.201087589695,-0.579449116501,2.70573648897,0.00272495663566,6.45295968517,-0.00422176094095,0.0586074368175
2542,0.0757277959314,0.192603457471,-0.525069064454,2.70673955943,0.00272595970612,5.67276074741,-0.00983798331873,0.0588216620668
2543,0.10545091103,0.184683472886,-0.490120632587,2.70612347812,0.00272534362481,12.5545658775,0.017394680804,0.056185204325
2544,0.0581907656714,0.212649072932,-0.650304334669,2.7264799602,0.00274570010689,3.35207906671,-0.0228162537568,0.0593070710385
2545,0.0996196720794,0.184178315338,-0.521548236199,2.71386345123,0.00273308359792,10.8130346193,0.0118208050101,0.0612689510151
2546,0.0657747314884,0.19772042228,-0.553840405635,2.71283409437,0.00273205424106,4.24009033682,-0.0172946802912,0.0588481870255
2547,0.0763393525124,0.199989924313,-0.492146092219,2.70953696347,0.00272875711016,5.77210105268,-0.00706396686445,0.0645714581026
2548,0.0749377633717,0.209658315658,-0.561443692321,2.71921060102,0.00273843074771,5.5465017424,-0.00756604593325,0.0610395729299
2549,0.0744915920002,0.20594293689,-0.635256709241,2.71642020901,0.00273564035571,5.47621520829,-0.00939223220077,0.0607664029091
2550,0.0755646107947,0.198561092145,-0.583441936441,2.70692554684,0.00272614569353,5.6464909555,-0.00784264877438,0.0605053223714
2551,0.0885957474396,0.191990938571,-0.46429162326,2.71160531251,0.0027308254592,8.09039880986,0.00253572700043,0.0569690574112
2552,0.0659421116018,0.187531179254,-0.559765397393,2.70529803038,0.00272451817707,4.26153041094,-0.0197608171863,0.0592141632116
2553,0.0811282286413,0.190977522893,-0.464330177969,2.70216960187,0.00272138974856,6.60070294322,-0.0029119439658,0.0628424671498
2554,0.0732962010397,0.19190353661,-0.501220667444,2.7131877111,0.00273240785779,5.29146013581,-0.0116707976172,0.0604610134142
2555,0.0778955618661,0.19211341306,-0.484963854207,2.71823552115,0.00273745566785,6.03134443799,-0.00628699492319,0.0613441316414
2556,0.071465710413,0.203867523233,-0.621218121285,2.70748485158,0.00272670499827,5.01833339279,-0.0121863116244,0.0598514387293
2557,0.099362051914,0.192628161758,-0.538641343282,2.71416155077,0.00273338169747,10.7412843297,0.0132050119657,0.0607325852726
2558,0.0680993939257,0.20753091449,-0.576609868186,2.70997862121,0.0027291987679,4.54552352157,-0.015164728548,0.0620995945186
2559,0.0861753790506,0.206758161932,-0.5873112023,2.71638608056,0.00273560622725,7.57922292469,0.00439008589507,0.0646225168381
2560,0.0713213162171,0.196883646018,-0.562133015271,2.71579631117,0.00273501645786,4.99728046693,-0.0118620835823,0.0635011377948
2561,0.0746629771042,0.204966721161,-0.566536674906,2.72195353919,0.00274117368588,5.50312768822,-0.00874821660161,0.0602505701002
2562,0.101838486593,0.178623764697,-0.4785939746,2.70239634473,0.00272161649142,11.448701212,0.013598058918,0.0613654370466
2563,0.0843616438088,0.2001658378,-0.626594151515,2.71364982409,0.00273286997078,7.21440250478,-0.000407027568724,0.0591502795861
2564,0.0680060335755,0.192195956203,-0.528696019831,2.70278047385,0.00272200062054,4.53293382956,-0.0161077163061,0.0630352826784
2565,0.0918016413162,0.192146372563,-0.425136255778,2.70584500898,0.00272506515568,8.81272278673,0.00627133741558,0.0596575208261
2566,0.0657845119205,0.198458445349,-0.513870828974,2.70725081848,0.00272647096518,4.24134081878,-0.0179443876471,0.0587007173358
2567,0.0807915036391,0.20278388066,-0.588085327562,2.71333114827,0.00273255129496,6.53938915372,-0.00275018868703,0.0632965662873
2568,0.103317790922,0.178950179314,-0.424975266693,2.70558176791,0.0027248019146,11.8906437198,0.0146941522447,0.0624678498654
2569,0.068589616155,0.199735770418,-0.587322399951,2.70912795471,0.0027283481014,4.61208359902,-0.0145267413079,0.065613036857
2570,0.0868424485212,0.19551902292,-0.5574360835,2.70765689011,0.0027268770368,7.71727821056,0.00129021037219,0.0606824650548
2571,0.0648757378583,0.197481638629,-0.588112649546,2.7064507267,0.00272567087339,4.12636596631,-0.0193342178727,0.0610430293043
2572,0.0695028400714,0.194869964977,-0.532813878975,2.69803969447,0.00271725984116,4.73813081173,-0.0154820957205,0.0611603619432
2573,0.0841584897392,0.208334885199,-0.562823273739,2.71020644192,0.00272942658861,7.17448101018,0.00123620333345,0.0596435104454
2574,0.0809554474108,0.18912432545,-0.519606226262,2.70762621856,0.00272684636525,6.56918180181,-0.00428900730806,0.0656624941923
2575,0.0965439861172,0.200854838795,-0.572587223461,2.71155834572,0.00273077849241,9.98328580703,0.0104403766314,0.0579992709676
2576,0.0778901919133,0.201376186132,-0.630796046643,2.70934126994,0.00272856141664,6.0304336835,-0.00530436730129,0.0592464784695
2577,0.0870520401275,0.18440042538,-0.456245482881,2.70738085332,0.00272660100001,7.76109410845,0.000310672036042,0.0609655813478
2578,0.0745709741674,0.20516406637,-0.568627264657,2.70993597624,0.00272915612293,5.48866719228,-0.00765390389084,0.0599414428763
2579,0.0899646940602,0.19006902363,-0.473314147999,2.70261149419,0.00272183164088,8.39235307076,0.00479312295613,0.0662796618185
2580,0.0946826007548,0.191571287057,-0.528573904235,2.70115112341,0.0027203712701,9.5086609671,0.00853185575469,0.0536483835891
2581,0.105040320113,0.195061293709,-0.646897092875,2.70260538042,0.00272182552711,12.424268234,0.0192093209326,0.0625868392332
2582,0.0804122388758,0.190502949276,-0.45999843285,2.70202675658,0.00272124690328,6.47089886237,-0.00426196438674,0.0508002766018
2583,0.0840904527032,0.206414544196,-0.595842076295,2.70555289821,0.00272477304491,7.16115290684,0.000336368846959,0.0610193664558
2584,0.0913074987696,0.195926243985,-0.439451662365,2.70754176298,0.00272676190967,8.69789709363,0.00649701440576,0.0620252819079
2585,0.0748009560306,0.196980313945,-0.557288611058,2.70616860687,0.00272538875357,5.52487252573,-0.00829188089609,0.0621814747507
2586,0.0817772872832,0.200661339565,-0.583331994371,2.69907298751,0.0027182931342,6.72024464343,-0.00217328589752,0.0587648191507
2587,0.0713858901191,0.189849562882,-0.456700129466,2.72147763981,0.0027406977865,5.00668668673,-0.0131985029483,0.0643481568889
2588,0.0757656676256,0.200624724702,-0.645747837872,2.71831593665,0.00273753608335,5.67887164848,-0.00790282156577,0.0653067122569
2589,0.0966621567611,0.199114559229,-0.524274562386,2.71154818971,0.0027307683364,10.0141032936,0.0120670899373,0.0609881849537
2590,0.0779010240826,0.191802517569,-0.506538614687,2.69518456047,0.00271440470717,6.03227095698,-0.00751139947111,0.0593519638678
2591,0.0666780840141,0.205126744572,-0.598505661076,2.69797282741,0.0027171929741,4.35680764487,-0.0153876947468,0.0605657010764
2592,0.0690057421353,0.199171422893,-0.561983814283,2.70349621357,0.00272271636026,4.669185399,-0.0148543109459,0.062535585368
2593,0.0731821776949,0.20350810313,-0.596452234856,2.71911332846,0.00273833347515,5.2741043134,-0.00909935828537,0.0591560895073
2594,0.0710519184098,0.20372154359,-0.594943575795,2.71157049262,0.00273079063932,4.95819095065,-0.012675282713,0.0622080012343
2595,0.0931389497258,0.193563281698,-0.594506398996,2.70474536664,0.00272396551334,9.13007210612,0.00723536738582,0.0599466233727
2596,0.0778338253954,0.18948532282,-0.561893015052,2.71470225774,0.00273392240443,6.02088065349,-0.0068525254456,0.0547844117776
2597,0.0773101188631,0.201368859767,-0.558633538869,2.71441744728,0.00273363759397,5.93271724845,-0.00568115264759,0.0591782045564
2598,0.0770299395848,0.189470977083,-0.543844005014,2.70702649465,0.00272624664134,5.88598854981,-0.00820351673199,0.0581764034128
2599,0.0956926429026,0.190337575027,-0.472205756463,2.70504272178,0.00272426286848,9.76370323881,0.0102037882418,0.0581400558939
2600,0.080621332799,0.1891097067,-0.456436469845,2.70713387858,0.00272635402527,6.50858416623,-0.00454900752452,0.0594643699938
2601,0.0739779800523,0.198948941471,-0.566143351213,2.7151930176,0.00273441316429,5.39620292251,-0.00948405442156,0.0573469460033
2602,0.0881800660756,0.189252561465,-0.553135673059,2.70893040541,0.0027281505521,8.00057294727,0.00259627951328,0.0595698651139
2603,0.0983550737221,0.189498827731,-0.472149211066,2.69865641816,0.00271787656485,10.4648281118,0.0108901160855,0.0632792251741
2604,0.0809406527328,0.200907948613,-0.500852848843,2.71521582542,0.00273443597211,6.56648860203,-0.00175195650079,0.0659654346516
2605,0.0868752787917,0.183683562094,-0.445482257472,2.70172856082,0.00272094870751,7.72412755473,6.66619779731e-05,0.066875465126
2606,0.0695550105834,0.190626115875,-0.455949276457,2.71112695822,0.00273034710491,4.74541321398,-0.0146495695733,0.064429378503
2607,0.108356314119,0.185415316626,-0.456562529176,2.70803907254,0.00272725921923,13.5119427224,0.0204637728217,0.0611571841664
2608,0.0561542893374,0.199773477841,-0.551633492377,2.71635523353,0.00273557538022,3.13946321268,-0.0251734148925,0.0589431360939
2609,0.0589484484372,0.192454879053,-0.553375945797,2.70552791766,0.00272474806435,3.43383297827,-0.0244565003842,0.0596596887266
2610,0.0738063610381,0.189132828217,-0.48186372193,2.71707208516,0.00273629223185,5.36968001211,-0.0109186269928,0.0628268258223
2611,0.0880448426254,0.19229075421,-0.482891980028,2.70326533687,0.00272248548357,7.97153652341,0.00184998721115,0.0653027623016
2612,0.0736592798739,0.186651447862,-0.527791321818,2.70375234371,0.0027229724904,5.34703349201,-0.0121259678425,0.0563857465855
2613,0.0764628360307,0.200900845653,-0.527133073292,2.70568146894,0.00272490161563,5.79233135562,-0.00621485307474,0.063255986674
2614,0.0763535735435,0.190160518644,-0.546580202836,2.70543463409,0.00272465478078,5.77442792868,-0.00828763422974,0.0607561484142
2615,0.0902869226259,0.208343068275,-0.632545193362,2.71091217452,0.00273013232121,8.46481802817,0.00779245462899,0.0631864601636
2616,0.0683135717459,0.196064169147,-0.563226173597,2.70740050388,0.00272662065057,4.57450967616,-0.0142710270723,0.0672902197151
2617,0.0872019464533,0.189982036113,-0.526829788765,2.70642384066,0.00272564398735,7.79256239015,0.00223265996243,0.0585556624417
2618,0.0744620726544,0.203972042892,-0.640924632128,2.7051266862,0.00272434683289,5.47159063092,-0.00771515808327,0.0599936049092
2619,0.0760662986883,0.191391794121,-0.533299452839,2.70357857038,0.00272279871707,5.72757214565,-0.00852334772597,0.0574100289816
2620,0.054613819196,0.192586683408,-0.572184087205,2.70574865794,0.00272496880463,2.98530456791,-0.0279576227035,0.0571289746917
2621,0.0735887010051,0.189846389664,-0.465375019844,2.70963579477,0.00272885594146,5.33619376432,-0.010827821171,0.0590948335484
2622,0.0773206293171,0.192867702675,-0.473420440571,2.71270410228,0.00273192424898,5.93447611709,-0.0074863920951,0.0621212086207
2623,0.0871539134624,0.194842870827,-0.561052473501,2.70050643498,0.00271972658167,7.78246750818,0.0026137682105,0.0569023727047
2624,0.0819263422582,0.19401837472,-0.524567927582,2.70433500772,0.00272355515441,6.74795129971,-0.00353819525255,0.0596166221754
2625,0.0950570771346,0.187344030079,-0.575212990876,2.69795446608,0.00271717461277,9.60253340603,0.00951223551596,0.0602123232876
2626,0.0740345603546,0.19926255388,-0.571038187206,2.71222470856,0.00273144485525,5.40497039424,-0.00752005436769,0.0622391025582
2627,0.0893304546268,0.19041101947,-0.553785895201,2.6988546885,0.00271807483519,8.25127627574,0.00311489040643,0.0565763623625
2628,0.0802728843233,0.183088789305,-0.492364249999,2.69647334587,0.00271569349256,6.44588385416,-0.00580435167325,0.0608287990968
2629,0.0925526787906,0.1900583052,-0.553332849811,2.71614722779,0.00273536737448,8.98975105895,0.00664832509565,0.0675688023041
2630,0.0844458913245,0.197439869647,-0.562463971458,2.71150560271,0.0027307257494,7.23101278658,0.000843599848028,0.0600867418837
2631,0.0891919607063,0.200142798671,-0.54451191307,2.70768849507,0.00272690864176,8.22074261616,0.0045167628672,0.0595757119956
2632,0.080584087974,0.182319389123,-0.445001044619,2.70545626037,0.00272467640707,6.50185812441,-0.00635528315859,0.0583969981024
2633,0.0659817633934,0.191552852329,-0.600333226316,2.71536029102,0.00273458043771,4.26662183719,-0.0174737768703,0.0618802602458
2634,0.0891413045197,0.202631870451,-0.584751396626,2.71976503576,0.00273898518245,8.20959870329,0.00549237529311,0.066872539864
2635,0.0925804902402,0.192833481997,-0.495219671376,2.71213179631,0.002731351943,8.99636515235,0.00697920502667,0.0633847080831
2636,0.0753091561052,0.196027633064,-0.496589709812,2.717509116,0.00273672926269,5.60556704561,-0.00843817160076,0.0643668678916
2637,0.0890553057204,0.183975385599,-0.500462181941,2.70742237942,0.00272664252611,8.19070937714,0.00328063795087,0.0615379249748
2638,0.0770224576984,0.189554159031,-0.476760300328,2.6986896657,0.0027179098124,5.8847448713,-0.00833152738442,0.0533822611439
2639,0.0656988076934,0.211083651782,-0.631562006713,2.7187671748,0.00273798732149,4.23039281481,-0.0141841826882,0.0702926274525
2640,0.0790324646645,0.206156243314,-0.569046753425,2.71687586062,0.00273609600731,6.22674147445,-0.00411124436643,0.0653167869606
2641,0.0596836426406,0.199152487855,-0.546154802271,2.70762834893,0.00272684849562,3.51457070954,-0.0212250322449,0.064686433331
2642,0.0711478838907,0.201867990142,-0.621317685978,2.71053094153,0.00272975108822,4.97208732996,-0.0113161197813,0.0652079333671
2643,0.0618613873382,0.202355269501,-0.57094987155,2.71386855566,0.00273308870235,3.76210791285,-0.0218261798328,0.0589466032891
2644,0.0815249191844,0.20157270512,-0.593267315332,2.69498594905,0.00271420609574,6.67355098924,-0.00297241072002,0.0627337085627
2645,0.0963030607247,0.189923657334,-0.563621892487,2.70228393694,0.00272150408363,9.92071198888,0.0100585722085,0.0586979420243
2646,0.0818436435466,0.189444034412,-0.511405599385,2.70603898148,0.00272525912817,6.73256730126,-0.00353920031363,0.0605294629585
2647,0.0598838586136,0.191987969149,-0.532105874493,2.6996004702,0.00271882061689,3.53680182485,-0.0222179282614,0.0655705209694
2648,0.10608685163,0.193486798721,-0.54662500897,2.71060427265,0.00272982441935,12.7587797427,0.0183737138838,0.0618955604394
2649,0.0990742230933,0.191274081804,-0.487148726355,2.71281151928,0.00273203166597,10.6616162,0.0123444100432,0.0601062887403
2650,0.0955157207041,0.191846895741,-0.434538026106,2.70234090738,0.00272156105407,9.7186033846,0.0101576713807,0.0550314776237
2651,0.0754367250784,0.198655779777,-0.637453118037,2.70454419319,0.00272376433988,5.62597325005,-0.00899364642531,0.0563657909685
2652,0.0804568167382,0.189429944106,-0.492871844585,2.70749388444,0.00272671403113,6.4789179107,-0.00526104391169,0.0608160806674
2653,0.0738204040482,0.183912012004,-0.498852434851,2.70972044977,0.00272894059646,5.37184631443,-0.0111830949483,0.0605211283739
2654,0.0790044733962,0.197687588681,-0.563367146989,2.71851749686,0.00273773764355,6.22186859159,-0.00512455249655,0.0624360832163
2655,0.0825933308597,0.202718421962,-0.631847442182,2.72162191348,0.00274084206018,6.87310805378,-0.00114206513099,0.0635352357497
2656,0.0750195507276,0.194109828887,-0.569377454113,2.7068569202,0.0027260770669,5.5594652185,-0.00953347720445,0.0613562489548
2657,0.104824989151,0.195992384872,-0.552361563428,2.71030373271,0.0027295238794,12.3564170162,0.01846020468,0.0584778636491
2658,0.0746083684186,0.194623730559,-0.496688577722,2.7106470951,0.00272986724179,5.49454087367,-0.010324958971,0.0631440696698
2659,0.0704838536162,0.190193750875,-0.453435772221,2.70223223789,0.00272145238458,4.87656631923,-0.0137104433239,0.0649396062651
2660,0.0651846390528,0.196547790874,-0.591898797783,2.70977004538,0.00272899019207,4.16517225618,-0.0191403653285,0.0601019319815
2661,0.0749373553485,0.190508164537,-0.507759840351,2.69804895382,0.00271726910051,5.54643713162,-0.00849575925603,0.0675841722578
2662,0.0760597374764,0.188825037825,-0.521765447913,2.70905458809,0.00272827473479,5.72650563178,-0.00870427166531,0.0594665954951
2663,0.109241548891,0.187028198273,-0.548589463506,2.70137369321,0.0027205938399,13.8163415449,0.0221850733516,0.0658836964085
2664,0.0947252012802,0.198069460267,-0.606246563626,2.69586042636,0.00271508057305,9.51929949709,0.0102650777055,0.0581156270118
2665,0.0995232332534,0.18888398774,-0.505056796722,2.72070800228,0.00273992814898,10.7861260229,0.0134301702572,0.0636297628538
2666,0.0889770297532,0.199512524537,-0.493587519979,2.70448041077,0.00272370055746,8.17354873262,0.00503254573274,0.0650542218504
2667,0.0844325435614,0.18955519771,-0.490297867014,2.69891419396,0.00271813434065,7.22837898368,-0.00132002398997,0.0537357766048
2668,0.0726699441294,0.205280338079,-0.622845697128,2.7014356576,0.00272065580429,5.19670209184,-0.0108242118527,0.0656390383304
2669,0.0844946533074,0.205649897347,-0.584261963652,2.70172048484,0.00272094063153,7.2406414741,0.00111365937119,0.0663703582714
2670,0.0793515203049,0.203710895003,-0.646710125779,2.70894135451,0.0027281615012,6.28250840676,-0.00278120203459,0.0646210345577
2671,0.0979921809776,0.178706600169,-0.48535041838,2.70201234649,0.00272123249318,10.3667422058,0.00999693806197,0.0618700265388
2672,0.0834544121926,0.181938039573,-0.547575293906,2.69557250318,0.00271479264987,7.03756241689,-0.00267900105538,0.0553276892818
2673,0.0955647278103,0.196970663672,-0.4905027123,2.70125566881,0.0027204758155,9.73107772928,0.0103197294741,0.0593147557273
2674,0.0946179475863,0.185640381568,-0.50715933768,2.70267914231,0.002721899289,9.492535044,0.00805150432615,0.0584810199867
2675,0.0893260482313,0.21234516636,-0.583132757925,2.70551770079,0.00272473784748,8.25030330511,0.0063839759305,0.0637129999992
2676,0.0834782656564,0.201714261922,-0.521421625108,2.71821260251,0.0027374327492,7.04216478033,0.000483082304034,0.0648750203645
2677,0.062997452545,0.198312982761,-0.537652400322,2.71107459873,0.00273029474542,3.89636898147,-0.0191528511829,0.0662511479087
2678,0.102503143973,0.184990438818,-0.455263483552,2.69994953297,0.00271916967966,11.6454347964,0.0147630522184,0.055207223538
2679,0.0977868494267,0.192522165056,-0.551391059206,2.70943885492,0.00272865900161,10.3116013195,0.011474156639,0.0587962820548
2680,0.100938931262,0.193759339459,-0.441413171808,2.70380750968,0.00272302765637,11.1871213837,0.0143150796385,0.0599400692529
2681,0.0906667509645,0.194651555238,-0.495405332732,2.71612128758,0.00273534143427,8.5509268236,0.00604349528904,0.0623799248668
2682,0.0838169894769,0.186318266888,-0.46839034505,2.70543973996,0.00272465988666,7.10779334192,-0.00198548158426,0.0599545623556
2683,0.0761221345149,0.1956268298,-0.508477460762,2.71692825133,0.00273614839803,5.73665474644,-0.00680150277959,0.0628931424553
2684,0.0452476904913,0.20311059327,-0.598355773504,2.71046184096,0.00272968198765,2.16028276155,-0.0368963551502,0.0611373575235
2685,0.0735512323868,0.203924558829,-0.547417065845,2.70650972459,0.00272572987128,5.33044645002,-0.00973254539058,0.0597571005916
2686,0.0676861553227,0.204882131008,-0.60160042082,2.70964003832,0.00272886018501,4.49000613955,-0.0152743842753,0.064381546871
2687,0.0730120235402,0.201248816398,-0.591990056249,2.7126806914,0.00273190083809,5.24829024103,-0.0111297321738,0.0574006972568
2688,0.0612878463838,0.201315197952,-0.543682808333,2.70224820401,0.0027214683507,3.69567818353,-0.0216938616834,0.058706704251
2689,0.0783031946875,0.191391524738,-0.578701700718,2.70762259378,0.00272684274047,6.10081191209,-0.00673159256186,0.0569832614092
2690,0.0952458971096,0.193080382487,-0.593729516977,2.6990021836,0.0027182223303,9.65017139723,0.00930496278798,0.0590319101727
2691,0.0925776682546,0.203137240326,-0.600055193024,2.69937417255,0.00271859431924,8.99569383842,0.00874372139367,0.057868967025
2692,0.0656824747987,0.205013074605,-0.621526420112,2.7313142729,0.00275053441959,4.228308919,-0.0166431990924,0.065008506226
2693,0.0722064269508,0.190854447551,-0.493717712449,2.71404147656,0.00273326162325,5.12745327088,-0.0138625832088,0.0650737657754
2694,0.0800104237341,0.200688134615,-0.596552251053,2.70998884145,0.00272920898814,6.39898905887,-0.00395697976479,0.0623093192605
2695,0.0838701686359,0.197659009473,-0.500559889345,2.71016656461,0.0027293867113,7.11814359094,9.31291816198e-06,0.0680315686735
2696,0.0811369000869,0.196068943922,-0.582781331549,2.70907713044,0.00272829727713,6.60228822991,-0.00324839410112,0.0575535101055
2697,0.0568921387822,0.201560675803,-0.606163390029,2.71745218888,0.00273667233558,3.21531713621,-0.0252385096489,0.0568672844656
2698,0.0733890587258,0.192063398913,-0.55170553688,2.70634984292,0.00272556998961,5.30562836894,-0.0106128842019,0.0616711682392
2699,0.0899339354253,0.192994487572,-0.552400372548,2.70387475287,0.00272309489957,8.38546381906,0.00435701148052,0.0576052639295
2700,0.078852826367,0.200039452079,-0.572222711817,2.70235393225,0.00272157407894,6.19552386856,-0.00499423233381,0.0556272175334
2701,0.0853547480044,0.197100786964,-0.557347505161,2.72719016713,0.00274641031382,7.41226929612,0.00101717939153,0.0614196836249
2702,0.0751496363713,0.193052431632,-0.555030362316,2.71432474471,0.0027335448914,5.58013494558,-0.00768000976704,0.0605947517913
2703,0.0776409121454,0.196669660721,-0.517387696038,2.71498851151,0.0027342086582,5.98827997295,-0.0074269104887,0.0605960104034
2704,0.0933897591636,0.195948623856,-0.596089186749,2.70981482087,0.00272903496756,9.19067918866,0.00917870861768,0.0590611535531
2705,0.0920540470222,0.181162928098,-0.522751117468,2.70458260657,0.00272380275327,8.87187850922,0.00501583199241,0.055141135848
2706,0.0865419895917,0.194650691196,-0.520207056257,2.71011784341,0.0027293379901,7.65483351938,0.00107172824655,0.0636891905905
2707,0.0850054125077,0.199162504785,-0.576326263143,2.7167894493,0.00273600959599,7.34215057525,0.000967900707254,0.0612598924347
2708,0.0828769386232,0.196688213389,-0.596219609889,2.7070943964,0.00272631454309,6.92691248915,-0.00280821663166,0.060929326662
2709,0.0923235761285,0.193836953275,-0.592523547346,2.71982488493,0.00273904503162,8.93542594851,0.00703065525237,0.0609018941864
2710,0.0796647916392,0.196072438806,-0.521290492494,2.70940028858,0.00272862043527,6.3376667821,-0.00493153682388,0.0552673095651
2711,0.0563157507002,0.195684407778,-0.575640288167,2.71227639007,0.00273149653676,3.15594907519,-0.0265202238613,0.0629901049358
2712,0.0572884135968,0.202114102603,-0.55406089377,2.70770241695,0.00272692256365,3.25660564201,-0.0253878824627,0.0652365404299
2713,0.0892850446494,0.201293558991,-0.554574556348,2.70965827043,0.00272887841713,8.24125407245,0.00406168313155,0.0613563037659
2714,0.0637980694547,0.195744657321,-0.583822345128,2.71320223899,0.00273242238568,3.99316493682,-0.0199224561604,0.0571805409001
2715,0.0622523858586,0.193850763894,-0.575332057487,2.70850218249,0.00272772232918,3.80791187814,-0.0215124018187,0.062535203464
2716,0.0819494337414,0.18685156921,-0.518449336129,2.70594073095,0.00272516087764,6.75225213792,-0.00468163243351,0.0552428150769
2717,0.0751439223362,0.194339293252,-0.562240300639,2.70725612181,0.0027264762685,5.57922571056,-0.00943861277182,0.0610190645552
2718,0.0824731687256,0.193735280973,-0.533576716032,2.70736824552,0.00272658839221,6.85041764918,-0.0034919042226,0.058273984629
2719,0.0907346916115,0.191763248336,-0.520898803259,2.70085911418,0.00272007926088,8.5664084848,0.00583336270307,0.0594842612699
2720,0.0831796044991,0.188442180486,-0.59469213541,2.70477749882,0.00272399764551,6.98472246418,-0.00189491729593,0.0537006620793
2721,0.0685703337689,0.210842073624,-0.629865188835,2.71596763676,0.00273518778345,4.60945107581,-0.0131162787249,0.0635927685242
2722,0.0629684715446,0.19848499433,-0.586606004331,2.70745866455,0.00272667881124,3.89289918904,-0.0195443418635,0.0653036570168
2723,0.0833454247013,0.199018647814,-0.600559624862,2.71654911857,0.00273576926526,7.01656622339,-0.000155589131005,0.0616445698292
2724,0.0788178159332,0.200495871804,-0.617769661172,2.70920605973,0.00272842620642,6.18945485999,-0.00489957245923,0.0639389829302
2725,0.0849231096108,0.191268566645,-0.522923610015,2.6996868529,0.00271890699959,7.32571269942,-0.000603937431604,0.0605354901654
2726,0.0966068878792,0.189747725575,-0.508243767485,2.70289833952,0.00272211848622,9.99967949669,0.0104587764214,0.0594871450348
2727,0.0895132078121,0.198260359859,-0.539498115707,2.71025711122,0.00272947725791,8.29171656396,0.00441428010096,0.0608287830677
2728,0.0948536375247,0.200921284297,-0.564244468748,2.721111249,0.00274033139569,9.5514362941,0.00953514861891,0.0601457548565
2729,0.0722177861073,0.205821211487,-0.619461934848,2.71491446992,0.00273413461661,5.12914138349,-0.0103989733009,0.0631567782262
2730,0.0834684499504,0.205707808948,-0.574840406051,2.71529341188,0.00273451355857,7.04027059994,-0.000991624726173,0.0557190042131
2731,0.0783167327162,0.198579592758,-0.530854296979,2.71554011791,0.0027347602646,6.10313030438,-0.00524659679604,0.0670569096998
2732,0.0787759273364,0.207938449951,-0.592984769734,2.71954111229,0.00273876125898,6.18219999902,-0.00319774785081,0.0641206412933
2733,0.101879144145,0.195127578863,-0.48593845085,2.70329897088,0.00272251911757,11.4606505511,0.0151531860626,0.0595980044783
2734,0.0737095592759,0.200476799208,-0.636207248743,2.70798313026,0.00272720327695,5.35476643636,-0.00979748277125,0.0630262017698
2735,0.0950759037567,0.181265167715,-0.438139064087,2.70348767685,0.00272270782354,9.60727402282,0.00782411131219,0.0563970899621
2736,0.0848190786368,0.189645939755,-0.426652079191,2.71251001794,0.00273173016463,7.30497976125,4.26568221053e-05,0.0664037791776
2737,0.0623215442623,0.199495297078,-0.555420413075,2.71776723438,0.00273698738107,3.81605748516,-0.0183742653815,0.0651280469829
2738,0.0762072834335,0.190360384182,-0.541056971892,2.70735341578,0.00272657356247,5.75052829975,-0.00831972412015,0.0582829360165
2739,0.0852494090735,0.194627918591,-0.451483653918,2.70911568712,0.00272833583381,7.39106617682,0.000415570498178,0.0570758990272
2740,0.0880025729215,0.189804595265,-0.514838829149,2.70150566096,0.00272072580765,7.9624784767,0.00300369818825,0.0626908021234
2741,0.089159001348,0.191316817506,-0.528138652983,2.69829915991,0.0027175193066,8.21349037631,0.00393632323676,0.0570464319057
2742,0.0772438729969,0.190306264434,-0.579746235677,2.70375626599,0.00272297641268,5.92164122307,-0.00762072893668,0.0578652345109
2743,0.0806507528127,0.200747484909,-0.568866637875,2.70442117406,0.00272364132075,6.5139012244,-0.00282245817514,0.0638886723895
2744,0.0847438404054,0.195402344161,-0.541615423748,2.71279406362,0.00273201421031,7.2900160413,0.000881428209995,0.0629607320096
2745,0.073269648728,0.194968132252,-0.580915926174,2.71599404603,0.00273521419272,5.28741441317,-0.0109244335975,0.0637731634149
2746,0.107822578605,0.194858825581,-0.499514780614,2.70757977662,0.00272679992331,13.3313266813,0.0196367605937,0.0611453743761
2747,0.0905156029368,0.188347078218,-0.500524002118,2.69867027038,0.00271789041707,8.51657103205,0.00560528169742,0.0580141966074
2748,0.0793359711951,0.190280792708,-0.502025387595,2.70566072893,0.00272488087562,6.27978105205,-0.00636283298641,0.0648615123401
2749,0.0797399625106,0.189157782651,-0.54873060859,2.71615383391,0.0027353739806,6.35096192103,-0.004731135203,0.060806612466
2750,0.0811682107613,0.184247586197,-0.498498781599,2.70782756636,0.00272704771306,6.6080149969,-0.00446301533596,0.0579552377724
2751,0.0873147535827,0.198257990394,-0.510316656896,2.70971767474,0.00272893782143,7.81631445698,0.00287099368139,0.0639944097442
2752,0.095213620496,0.193777679502,-0.537972911741,2.71441887942,0.00273363902611,9.64201367046,0.010227480017,0.0567901966423
2753,0.0862773941879,0.199993896635,-0.548607602126,2.71091065203,0.00273013079872,7.60019873813,0.00197401772384,0.0690082264598
2754,0.0775391216436,0.198182001451,-0.523533956949,2.71623492782,0.00273545507451,5.97113696706,-0.00615026024974,0.0583374860962
2755,0.0866760842646,0.195387420332,-0.530114904184,2.70374077148,0.00272296091817,7.6826492262,0.000882416491168,0.0589686001872
2756,0.0749308898069,0.200641463774,-0.532045597428,2.71465865357,0.00273387880027,5.5454133901,-0.00926922290247,0.0527313758251
2757,0.0662214388655,0.198919930062,-0.546078553325,2.70329866211,0.0027225188088,4.29749799826,-0.0172971900073,0.0584626967883
2758,0.0713242880267,0.18576569755,-0.547922782861,2.70422328228,0.00272344342897,4.99771304736,-0.0144093379457,0.0565999993536
2759,0.0796225474575,0.197653856127,-0.560320107464,2.70910662879,0.00272832677549,6.33020539184,-0.00446973861162,0.0612758884996
2760,0.0803212072478,0.19228332129,-0.487981212283,2.72291826594,0.00274213841264,6.45454898399,-0.00486768694892,0.0621547860813
2761,0.0768867831206,0.193983588957,-0.463345275888,2.71410973947,0.00273332988616,5.8622297632,-0.00692560630213,0.0638900513115
2762,0.0959944135298,0.192189954257,-0.533093498105,2.70684736137,0.00272606750806,9.84104999303,0.00933196007832,0.0612938392649
2763,0.0805990216135,0.193516053391,-0.510510366745,2.71326820443,0.00273248835112,6.50455429387,-0.00380256702229,0.0603001844675
2764,0.0713538538639,0.192610931073,-0.489956305861,2.71988387515,0.00273910402185,5.00201832299,-0.0120169417752,0.0646513209271
2765,0.0813478145505,0.2035375221,-0.642417423996,2.71421699163,0.00273343713832,6.64094501165,-0.000874747334911,0.0594793719041
2766,0.0510016740621,0.193388729142,-0.499784483853,2.70240657062,0.00272162671731,2.64517326077,-0.033210377175,0.0627127625686
2767,0.0840278674358,0.186839212954,-0.521109214144,2.70886451913,0.00272808466582,7.14891122935,-0.00199166226336,0.0540882441859
2768,0.0876204839525,0.195606603664,-0.54477937593,2.72500882355,0.00274422897025,7.88099800791,0.00299858283233,0.0603897477611
2769,0.0732941849467,0.184685535567,-0.513445597354,2.71234394227,0.00273156408896,5.29115285996,-0.0115053126855,0.0601809654151
2770,0.0818208356208,0.19111469943,-0.512763460995,2.70843613081,0.0027276562775,6.72832963488,-0.00297464071763,0.0618471207979
2771,0.0995268314874,0.190733155094,-0.563901579473,2.71482075936,0.00273404090605,10.7871289516,0.0135379575988,0.0652367921817
2772,0.0904947094931,0.191195353911,-0.505909517264,2.70472326834,0.00272394341503,8.5118313322,0.00545688681294,0.0638856742328
2773,0.0828765947888,0.195051510222,-0.586104312208,2.70602529833,0.00272524544502,6.92684704532,-0.00183525175944,0.0623382784789
2774,0.0711496968458,0.196461491123,-0.568784787382,2.70149629533,0.00272071644203,4.97235015648,-0.0112508679741,0.0652844841328
2775,0.0946136989199,0.193449281336,-0.492262496226,2.69980654171,0.0027190266884,9.49147616671,0.00937394002491,0.0638352474163
2776,0.109263279283,0.191404596029,-0.52663905971,2.70315554032,0.00272237568702,13.8238904679,0.0212683863219,0.0596726554895
2777,0.0826199006226,0.194977014569,-0.543354064589,2.70617282033,0.00272539296702,6.87813377048,-0.00240056729916,0.0582198551409
2778,0.0658282367998,0.188699202883,-0.560468587503,2.70829181207,0.00272751195877,4.24693479446,-0.0194293241191,0.0619438968592
2779,0.0730211353617,0.199075583589,-0.641959609893,2.70987401551,0.0027290941622,5.24967000286,-0.0102810118527,0.0589695286119
2780,0.100827272479,0.202751147751,-0.54745646717,2.71756606388,0.00273678621057,11.1550234931,0.0144298207482,0.0574202604692
2781,0.0892320331663,0.186521245207,-0.491748601404,2.70703462884,0.00272625477553,8.22956738708,0.00228091582532,0.0642257689516
2782,0.0904004746791,0.180972485873,-0.439948521611,2.70223376194,0.00272145390863,8.49048225559,0.00299808280438,0.0563190356225
2783,0.0804591532952,0.199689984622,-0.540722948513,2.71219131771,0.0027314114644,6.4793384588,-0.00368450642496,0.0652821456308
2784,0.0797135676599,0.205424960373,-0.621776403995,2.70567721047,0.00272489735717,6.3462909442,-0.00220611661198,0.0648646404399
2785,0.0918235122106,0.203578509799,-0.570187578598,2.71253625932,0.00273175640601,8.81783509814,0.00646723042368,0.062136278951
2786,0.0819372957635,0.20255140533,-0.581251021896,2.70649849185,0.00272571863854,6.74999112742,-0.00237206981997,0.0576749264999
2787,0.0723498398096,0.200245871295,-0.600727029842,2.70250357188,0.00272172371857,5.14879906079,-0.00974125648567,0.0617692575969
2788,0.0980763546657,0.196102063593,-0.55280294563,2.71561485067,0.00273483499737,10.3894212936,0.0131293548147,0.0636570152826
2789,0.074452768387,0.194665700413,-0.549755852693,2.70801776544,0.00272723791213,5.4701336585,-0.009629247832,0.0626553139569
2790,0.0867285306464,0.199284032476,-0.521745795419,2.70143579512,0.00272065594181,7.69355172216,0.00183347909678,0.0605883540896
2791,0.0711161371549,0.190479843385,-0.490747336312,2.70490812555,0.00272412827224,4.96748676561,-0.013180326756,0.0597302454818
2792,0.0860629142552,0.20079196202,-0.613301273809,2.70954264169,0.00272876278839,7.55615551738,0.00138600315781,0.059683251996
2793,0.0750862619571,0.190747896868,-0.475500320348,2.70529685795,0.00272451700464,5.57005736956,-0.0100455499767,0.0621492304437
2794,0.0767668542526,0.188545695631,-0.557522475518,2.70675703864,0.00272597718533,5.84238661076,-0.00835819633937,0.0616062726558
2795,0.0928733790567,0.197685858525,-0.522085873168,2.70580385447,0.00272502400116,9.06627586122,0.00612346942719,0.0606293412142
2796,0.065338343157,0.196053433252,-0.667678229613,2.70566077402,0.00272488092071,4.18458671017,-0.0178984326792,0.0613818044534
2797,0.097125704306,0.189208134636,-0.515261944637,2.71159764946,0.00273081779615,10.1357956372,0.0120152798994,0.0616726357729
2798,0.0806291919018,0.190519580584,-0.532693377663,2.69128206948,0.00271050221617,6.51000418204,-0.0051878170001,0.0621540920408
2799,0.0872422839425,0.20501082369,-0.632475766972,2.71599293899,0.00273521308568,7.80104856062,0.00515123050473,0.0634055776614
2800,0.0611137787387,0.198928379462,-0.569061667614,2.7084004548,0.00272762060149,3.67569387064,-0.0215838036296,0.0607068829326
2801,0.0891991675304,0.192473310665,-0.505100564913,2.70349879596,0.00272271894266,8.22232910686,0.00394380583394,0.0586657629662
2802,0.0897495048147,0.205816873468,-0.580305976589,2.7174595439,0.00273667969059,8.344257255,0.00674870169295,0.0621468931623
2803,0.0777000541045,0.196864691687,-0.570358587194,2.71383145605,0.00273305160274,5.99825895225,-0.00505388371855,0.0583810096173
2804,0.108337949741,0.202859945423,-0.61437887739,2.70615652925,0.00272537667594,13.5056920226,0.0211919079932,0.0582185127074
2805,0.0534696243473,0.203541598997,-0.604998256171,2.72354107384,0.00274276122053,2.87439083267,-0.028778957811,0.0597893511372
2806,0.0709585706319,0.204373130665,-0.522883439091,2.71429140944,0.00273351155613,4.94470346485,-0.012022885016,0.0667309603146
2807,0.0910976225367,0.189522179017,-0.518114814734,2.70354258438,0.00272276273107,8.6495192868,0.00493833304698,0.0606198104793
2808,0.0662999115079,0.189612987704,-0.52738404201,2.71553652754,0.00273475667423,4.30764499449,-0.0180972291596,0.0555537537741
2809,0.0843978179797,0.192432335333,-0.474546480124,2.70159268057,0.00272081282727,7.2215306699,-0.000518870796172,0.0609315496863
2810,0.0876337177014,0.191722073895,-0.531023341409,2.70237856028,0.00272159870697,7.88380815825,0.00104706471452,0.0556555441133
2811,0.0864073487022,0.203593244369,-0.614028759996,2.70647200166,0.00272569214835,7.62699072671,0.00260885000845,0.0642475243641
2812,0.0882985594593,0.194603167923,-0.626304461378,2.70400653036,0.00272322667705,8.02609120305,0.00377365903929,0.0610153860012
2813,0.0737299747016,0.203680835584,-0.592512614512,2.70518535567,0.00272440550236,5.35790890286,-0.00904127090619,0.0639990149022
2814,0.0717420100545,0.18916544476,-0.556261412849,2.71322459716,0.00273244474386,5.05881661817,-0.0131851145556,0.0529055164936
2815,0.085648210416,0.189998449678,-0.505874443555,2.71483084491,0.0027340509916,7.47161082819,0.00164745198341,0.06788839118
2816,0.0747706706363,0.192378793057,-0.596308275292,2.69927669801,0.00271849684471,5.52009370802,-0.00974817076127,0.0565509207595
2817,0.101064765441,0.188096035312,-0.466907101534,2.71336812461,0.00273258827131,11.2233918703,0.0136159524053,0.0598203731218
2818,0.0821913116187,0.202607448064,-0.552515583698,2.71650437681,0.00273572452351,6.79744058853,-0.00167580535621,0.0557779747662
2819,0.0707738683882,0.181941229088,-0.513412711559,2.70947977311,0.0027286999198,4.91810295955,-0.0142407741854,0.0590026772502
2820,0.0652699005572,0.197324156709,-0.621154136751,2.71707836161,0.0027362985083,4.17593303579,-0.0181519977988,0.0630993980671
2821,0.0814104697924,0.196544377648,-0.613787730515,2.70624542959,0.00272546557628,6.65246494293,-0.00265318214867,0.0643633828066
2822,0.0838036589844,0.194345515772,-0.474798121409,2.72182916678,0.00274104931347,7.10520082052,0.000717954229622,0.064205139333
2823,0.090650841507,0.190590174896,-0.492848023322,2.69985065411,0.00271907080081,8.54730501216,0.00338240754321,0.0617693327394
2824,0.0815570504654,0.186768294015,-0.471270447362,2.70472559234,0.00272394573903,6.67948086242,-0.0041036845942,0.0626035906526
2825,0.0718364990598,0.199905015667,-0.511276280918,2.71952229165,0.00273874243834,5.07272106635,-0.0106524954711,0.0604608023258
2826,0.0909834224746,0.183960814642,-0.470510468094,2.70602928736,0.00272524943406,8.62329301843,0.00372774658711,0.0560474855012
2827,0.0871347410244,0.204961402595,-0.623318743003,2.71043196171,0.0027296521084,7.77844123412,0.0030190715763,0.0581632197754
2828,0.092478820814,0.188807144489,-0.481693050406,2.70590964707,0.00272512979376,8.97220664217,0.00673117557973,0.0612846257662
2829,0.0790072627535,0.186392365619,-0.580089895897,2.70583530466,0.00272505545135,6.22235403738,-0.00636269470864,0.0610726283973
2830,0.08509919302,0.188363437064,-0.430747550844,2.69383982648,0.00271305997318,7.36091884554,-0.00114159157009,0.058041825478
2831,0.0841823454746,0.192119749723,-0.544415655313,2.70842241196,0.00272764255865,7.17915917911,-0.000582575608653,0.0591126710094
2832,0.0840148939136,0.193570276515,-0.622627890269,2.70731926708,0.00272653941377,7.14637581886,-0.000390867283255,0.0602210632741
2833,0.0727496478808,0.193027954509,-0.562244188074,2.71096406268,0.00273018420937,5.20868529522,-0.0111889169427,0.0664559339461
2834,0.0919432752078,0.186925664411,-0.434183992691,2.70490603854,0.00272412618523,8.84587508357,0.00644841946836,0.0626012177666
2835,0.0815081640516,0.194806077789,-0.590890370808,2.71703628438,0.00273625643107,6.67046055265,-0.00280728947463,0.060529817696
2836,0.077916228819,0.197481878515,-0.566246850071,2.71260627453,0.00273182642122,6.03485065223,-0.00684066924149,0.0603799085128
2837,0.0889820035681,0.200224796766,-0.553327054406,2.71371165872,0.00273293180541,8.17463823776,0.00536620476,0.0662833738555
2838,0.0817759334468,0.200205335738,-0.560586630948,2.71207892797,0.00273129907466,6.71999342656,-0.00235872426454,0.0560901505019
2839,0.0597310324678,0.202050468292,-0.616547160102,2.71540790303,0.00273462804972,3.51982318914,-0.023014200135,0.062127769162
2840,0.0760707183073,0.192968573508,-0.530905009151,2.70266429467,0.00272188444136,5.72829063889,-0.00848860748804,0.0617423892298
2841,0.0811322176229,0.20191798003,-0.500985670861,2.71289966227,0.00273211980896,6.60143215694,-0.00267667576131,0.0612101626175
2842,0.0545103569695,0.202003919076,-0.621336591603,2.7108689856,0.0027300891323,2.97515111924,-0.0265862808787,0.0555900142294
2843,0.0808481652609,0.192356267939,-0.487118375676,2.70210828716,0.00272132843386,6.54967320179,-0.00440283660891,0.0598330485965
2844,0.0720214844943,0.20212444628,-0.526201491749,2.70807246318,0.00272729260987,5.10003132384,-0.0110805903292,0.0676162899658
2845,0.0885373018411,0.194060706126,-0.612427246277,2.69744513901,0.0027166652857,8.07771724411,0.00336247361156,0.0559727252645
2846,0.104396801038,0.197775131507,-0.463930866113,2.6970444688,0.00271626461549,12.2224725846,0.0180307841894,0.0599925505064
2847,0.0874879595449,0.194781748328,-0.567430602924,2.70482850181,0.0027240486485,7.85290390881,0.00178377194892,0.0538192711233
2848,0.0722032782106,0.190941538506,-0.480777695484,2.70227705743,0.00272149720412,5.12698540789,-0.011305716288,0.0654614932151
2849,0.0847351363919,0.185189113928,-0.509852560919,2.70954065436,0.00272876080105,7.28828662167,-0.0011438445103,0.0659561388762
2850,0.0843963360798,0.185671445262,-0.5652204832,2.70344532917,0.00272266547586,7.2212385429,-0.00143528955631,0.0623356156816
2851,0.0703651409814,0.19921361633,-0.576658649391,2.7086632937,0.00272788344039,4.85964497962,-0.011970496368,0.0599822485931
2852,0.0718527409883,0.189875724943,-0.505909583246,2.70663725043,0.00272585739712,5.07511422157,-0.0131636495648,0.0565587081417
2853,0.0691742921775,0.198299714759,-0.603229790044,2.7109724243,0.00273019257099,4.69247284837,-0.0137469594879,0.0591735493141
2854,0.094457919903,0.198977489588,-0.515777424302,2.70768019044,0.00272690033713,9.45272288694,0.01007489373,0.0651346063798
2855,0.0789426585543,0.194478991773,-0.553213354079,2.70110547554,0.00272032562224,6.21111869407,-0.00522270282385,0.0552133449922
2856,0.0961514482909,0.187952738389,-0.527113071383,2.70075174096,0.00271997188765,9.881510664,0.010143884779,0.05239217837
2857,0.0924416243114,0.187965061181,-0.502432495376,2.69722342416,0.00271644357085,8.96338210918,0.00542080385337,0.0592771373252
2858,0.0714555301337,0.20149636457,-0.613229463841,2.70351052343,0.00272273067012,5.01684676486,-0.0117134433987,0.0614932716519
2859,0.0716760003532,0.193463478924,-0.534961935667,2.69268709321,0.0027119072399,5.04912118551,-0.0127071338933,0.0538029385917
2860,0.0941462490493,0.189857733412,-0.492137348842,2.70122419414,0.00272044434083,9.37560102202,0.00744069676555,0.0622357855315
2861,0.0910623816738,0.194173397934,-0.519036228361,2.70291693663,0.00272213708333,8.64141883061,0.00525155239903,0.063416062292
2862,0.0640182087785,0.191817409633,-0.558343145328,2.72612741318,0.00274534755987,4.02010101847,-0.0198860213205,0.0627185817476
2863,0.054975787479,0.188614702364,-0.499302608227,2.70168975472,0.00272090990141,3.02102356548,-0.0283345207488,0.0627302686198
2864,0.0860531906796,0.198840389537,-0.519674038975,2.70850768103,0.00272772782772,7.55416393952,0.00158562998076,0.0577576784988
2865,0.0781230625542,0.193486182976,-0.532446464157,2.71523710878,0.00273445725547,6.07003338242,-0.00558251444517,0.0631024824353
2866,0.078633226408,0.206903842803,-0.628681362446,2.71690964517,0.00273612979186,6.15753782951,-0.00491845630057,0.062512477315
2867,0.0819221834831,0.19365768293,-0.509721927671,2.7091899731,0.00272841011979,6.74717696279,-0.00403520571325,0.058619580724
2868,0.103466639046,0.183492879109,-0.462070543545,2.70971028674,0.00272893043344,11.9359382914,0.0154195648683,0.0615852299917
2869,0.0633242894529,0.192641524501,-0.568183489585,2.7016708339,0.0027208909806,3.93566416773,-0.0206557710396,0.0596205975109
2870,0.0764607471218,0.20052994078,-0.579860109438,2.71311536835,0.00273233551504,5.79198864703,-0.00636780073736,0.0602063745729
2871,0.108047686462,0.198817884741,-0.563735115035,2.70775024096,0.00272697038766,13.4072380119,0.0208105416862,0.0552610786073
2872,0.0662168619332,0.198891332352,-0.531495422675,2.71856687818,0.00273778702487,4.29690674876,-0.0176175978774,0.0577405814661
2873,0.0922021880377,0.188213723109,-0.525511546635,2.70848799724,0.00272770814393,8.90675749398,0.00506368359302,0.0565625733506
2874,0.0873255303762,0.18846910736,-0.496478101302,2.70070353058,0.00271992367727,7.81858678685,0.000844837334975,0.0583453373208
2875,0.0724485643475,0.193380529676,-0.606890083835,2.70734952564,0.00272656967233,5.16353490512,-0.0122509514316,0.0649758171424
2876,0.0899345423591,0.196290689587,-0.484816985125,2.71021692009,0.00272943706679,8.38559971175,0.00543531372814,0.0657262441764
2877,0.0979405879406,0.201889641936,-0.571817312583,2.71723295731,0.002736453104,10.3528628602,0.0135942919286,0.0647803524868
2878,0.0913568615477,0.192955754814,-0.558663460977,2.70951289143,0.00272873303812,8.70930935807,0.005474274608,0.060439771455
2879,0.0744757822834,0.204051589807,-0.58826329042,2.71605486257,0.00273527500926,5.47373802195,-0.00775419963532,0.055707863098
2880,0.084694668983,0.197153311997,-0.617359067295,2.70562514068,0.00272484528737,7.28025061771,7.91678758379e-05,0.0581831432904
2881,0.0852049731651,0.194066776073,-0.570792016443,2.71312015078,0.00273234029747,7.38213732553,-5.48056731842e-05,0.0632736104991
2882,0.0637608692041,0.206376638901,-0.52524191994,2.71440107583,0.00273362122252,3.98862689015,-0.0193490265069,0.0638974838912
2883,0.099817336466,0.184022347514,-0.485324404886,2.70538292449,0.00272460307119,10.8683721559,0.0120984385323,0.0582454984557
2884,0.0742986696692,0.193676720421,-0.532704993233,2.70659133253,0.00272581147922,5.44604887595,-0.00954511968787,0.062579527189
2885,0.0667369345091,0.194322418433,-0.5982865282,2.70761170451,0.0027268318512,4.36449750726,-0.015692181798,0.0608963109299
2886,0.0850372988363,0.192640654141,-0.565606574423,2.71180503864,0.00273102518533,7.34852742827,0.000661066346822,0.0613946970663
2887,0.0649678619799,0.193486000854,-0.518443035107,2.70420980804,0.00272342995473,4.13790979807,-0.0180844202964,0.0598137740146
2888,0.0713905233893,0.193895513497,-0.492616402111,2.71405517444,0.00273327532114,5.00736214166,-0.0130037551281,0.0574435010672
2889,0.0745139794248,0.191650844547,-0.5435855692,2.69655461682,0.00271577476351,5.47972459898,-0.00909686105557,0.0575120118658
2890,0.0656236005854,0.195996595865,-0.496498483763,2.70943112624,0.00272865127293,4.22080384725,-0.0194227014026,0.0594618872414
2891,0.0679339983736,0.197731167894,-0.563342277785,2.70037458363,0.00271959473032,4.52323863277,-0.015655136429,0.0577224871853
2892,0.0897810450955,0.193945673101,-0.520031435747,2.70931420156,0.00272853434825,8.35129181621,0.00530336943904,0.0616996093875
2893,0.100957922077,0.197494341203,-0.532099873018,2.70716086102,0.00272638100772,11.1925886644,0.0145986437115,0.0587720354466
2894,0.0921974339828,0.187323563715,-0.477998488281,2.71427774073,0.00273349788742,8.90563633999,0.00581630372994,0.064727633126
2895,0.0908160235654,0.189716551424,-0.471595983187,2.7062519057,0.00272547205239,8.58497336217,0.0035170170706,0.0554125780222
2896,0.0698999610626,0.200186198668,-0.519356386697,2.69699499325,0.00271621513994,4.79378844346,-0.0141400198483,0.0587221269971
2897,0.0601540879729,0.201144917373,-0.553440955692,2.71642710832,0.00273564725501,3.56697389247,-0.0223558117705,0.0562223723256
2898,0.0702799250832,0.19675466964,-0.548494229993,2.70379231135,0.00272301245804,4.8475271728,-0.0134447892082,0.0647863747822
2899,0.0811879104361,0.19804294603,-0.535154080306,2.70589858015,0.00272511872684,6.61162022117,-0.00331766220116,0.0590073585855
2900,0.0750523233003,0.198079904144,-0.622187689832,2.70902516934,0.00272824531603,5.56466666739,-0.008247962433,0.0610535286533
2901,0.0823372857247,0.195891672517,-0.503163277121,2.711319762,0.00273053990869,6.8248344051,-0.000810799218557,0.0643885177694
2902,0.0716097184493,0.203283211203,-0.567151878151,2.70617991297,0.00272540005966,5.03940078346,-0.0111741023834,0.0645879788423
2903,0.0829968225853,0.192076347987,-0.546835553527,2.70492517452,0.00272414532122,6.94976234223,-0.0013508416564,0.0582749769515
2904,0.0746430647406,0.19733328542,-0.616115903411,2.70896790785,0.00272818805454,5.49999535157,-0.00894507250206,0.0558615581179
2905,0.0982126318451,0.198350533995,-0.529633103373,2.71575406159,0.00273497420828,10.4262310022,0.0134141845766,0.0630147468087
2906,0.0715553460647,0.197449910402,-0.655928520805,2.69934933752,0.00271856948421,5.0314381566,-0.0117554857786,0.0667734609478
2907,0.0841335222996,0.194188683154,-0.535060332466,2.70823126383,0.00272745141052,7.16958758881,-0.00100173111947,0.0601407683016
2908,0.0847899761754,0.185012388757,-0.48626313686,2.71238635734,0.00273160650403,7.2991886546,-0.00120723633892,0.0585106554428
2909,0.0841062873294,0.208527279598,-0.568298690288,2.72003401176,0.00273925415845,7.1642529613,0.000779052371872,0.0615710965697
2910,0.0803128167559,0.197732286124,-0.555997841798,2.70777220338,0.00272699235007,6.45304372947,-0.00311154398613,0.0633427790899
2911,0.0802631964669,0.197433384334,-0.580244905649,2.70621813219,0.00272543827889,6.44414782104,-0.00476965029864,0.0593357772367
2912,0.0737831507401,0.199279611505,-0.554058160087,2.69973061053,0.00271895075722,5.36610109837,-0.00913550778829,0.0641247287739
2913,0.102772016053,0.197110411933,-0.460678205719,2.71639231709,0.00273561246379,11.7258652286,0.0171194818163,0.0593795685553
2914,0.0848186025219,0.194573096726,-0.536391472059,2.70864504227,0.00272786518896,7.30488498777,0.0006971992169,0.0604708331209
2915,0.0611692691629,0.201838780893,-0.617598423837,2.70803271375,0.00272725286044,3.68205570423,-0.0216578692374,0.0581094982167
2916,0.0842964025394,0.199907097051,-0.615888339266,2.70100222291,0.0027202223696,7.20156165264,0.000121565786597,0.0625617040306
2917,0.0632048358971,0.194064308023,-0.505910126077,2.70910930035,0.00272832944704,3.92126738692,-0.0194288449577,0.0644334780009
2918,0.0880486995926,0.184376771362,-0.514300070176,2.70358718435,0.00272280733104,7.97236347759,0.00191222313482,0.0652155477016
2919,0.0780653653862,0.200812493342,-0.558670715606,2.70927342122,0.00272849356791,6.06020202858,-0.00503433652521,0.0650199454752
2920,0.0797159124038,0.197513096263,-0.496076993265,2.70712309001,0.0027263432367,6.34670576735,-0.0045666444877,0.0570130388772
2921,0.0715179314866,0.198152821842,-0.528677011338,2.71126483614,0.00273048498283,5.02596479941,-0.0131105528172,0.0569040410553
2922,0.0884299402846,0.201179691119,-0.596486063957,2.70946023312,0.00272868037981,8.05446617192,0.00307127515017,0.0597419350577
2923,0.0835994381501,0.190105571295,-0.487463250599,2.71844298034,0.00273766312703,7.06558334641,-0.0019553001359,0.0617821289987
2924,0.0778754162636,0.20160023479,-0.536278207079,2.72175674972,0.00274097689641,6.02792828983,-0.00554294124833,0.0631402255364
2925,0.0965454424871,0.200036890523,-0.542570800103,2.71006526613,0.00272928541283,9.98366510572,0.011392208117,0.0668228250417
2926,0.0733499729136,0.196519657783,-0.591132581759,2.7073638832,0.00272658402989,5.29966091761,-0.00986962315069,0.0639608855102
2927,0.0897397157497,0.185181889095,-0.507699244448,2.70455103029,0.00272377117699,8.34207499365,0.00274673479428,0.05714401451
2928,0.0835831362126,0.1966532,-0.530192436923,2.70908050303,0.00272830064973,7.06242891727,0.000324808959264,0.0647809796248
2929,0.0607659603494,0.204137969704,-0.602989454746,2.71457407199,0.00273379421868,3.63600631555,-0.0215198806683,0.061362551354
2930,0.0750565135672,0.190236559735,-0.575670994916,2.7063768053,0.00272559695199,5.56533200509,-0.0102591614717,0.0602864321453
2931,0.0842463692182,0.185661249197,-0.550046275436,2.7145672564,0.00273378740309,7.19172712307,-0.00198389172581,0.0551550881466
2932,0.0934009709036,0.193569954102,-0.534871643566,2.70837397641,0.0027275941231,9.19339658527,0.00743699563627,0.0522204373769
2933,0.0687474647301,0.213538243964,-0.623030309604,2.71366019731,0.002732880344,4.63367854986,-0.0129896144012,0.0644248440345
2934,0.0707400755653,0.194115948343,-0.571192944983,2.71001449784,0.00272923464453,4.9132485757,-0.0129520172127,0.0543348057106
2935,0.0818456821279,0.200746177382,-0.639491541742,2.70788570112,0.00272710584782,6.73294617429,-0.0024896401078,0.0632030222302
2936,0.0963591157803,0.193780434552,-0.555406096906,2.70993279995,0.00272915294665,9.93524009293,0.0109035392758,0.0549049753662
2937,0.094893347333,0.199997441547,-0.582623555329,2.70790236965,0.00272712251634,9.56139141269,0.00982129517357,0.0588880262773
2938,0.0725595161386,0.199619074278,-0.590237204815,2.71080472923,0.00273002487593,5.18013634219,-0.00957584856057,0.0622668140962
2939,0.0836333149958,0.187612354232,-0.478167449011,2.70968138718,0.00272890153387,7.0721423207,-0.00355914821848,0.0645056568159
2940,0.101635395355,0.199458807412,-0.570903038633,2.71900572134,0.00273822586803,11.3891770683,0.01662791029,0.0606889229932
2941,0.0720695297521,0.20230086865,-0.671277567197,2.70555118527,0.00272477133196,5.1071437644,-0.011784950953,0.0544684427948
2942,0.0860281066736,0.186977243461,-0.464390257732,2.7091548812,0.00272837502789,7.54902830397,0.00188096133466,0.058361950735
2943,0.083038799783,0.204229947296,-0.575426196873,2.72314264653,0.00274236279322,6.95777814572,0.000424918214533,0.0637304602174
2944,0.0661120149347,0.186634585433,-0.553200748424,2.70483934843,0.00272405949512,4.28337994383,-0.0188827017711,0.0606593065902
2945,0.084143073073,0.205761740869,-0.645269440371,2.70678793596,0.00272600808265,7.17145913238,0.00115517438444,0.059062884515
2946,0.0905335482338,0.191425902512,-0.491281150792,2.6977899679,0.00271701011459,8.52064375448,0.00482194121946,0.0595923099886
2947,0.0722912802036,0.19344960833,-0.521830807174,2.6981414887,0.00271736163539,5.14007433618,-0.0127202399264,0.0528600335213
2948,0.0405500394254,0.204342204608,-0.553239995768,2.71734201606,0.00273656216276,1.81100004127,-0.0403790791336,0.0622786047418
2949,0.0691247528673,0.196589670736,-0.50706568208,2.71001041968,0.00272923056637,4.685618801,-0.0143976217514,0.0638583570017
2950,0.0783155655334,0.204476338944,-0.622144881914,2.70696239437,0.00272618254106,6.10293039524,-0.00475824039109,0.0611301360201
2951,0.0804542802329,0.1971385599,-0.499900039488,2.71327557889,0.00273249572558,6.47846140038,-0.00347605719945,0.0602448714537
2952,0.0781366992797,0.19164843973,-0.50686587217,2.70042647348,0.00271964662018,6.07235894542,-0.00691012402341,0.0640725745863
2953,0.0970515577267,0.198173562142,-0.568118726787,2.70742855041,0.0027266486971,10.1162439008,0.010996166761,0.05950139849
2954,0.0925064372841,0.198182317073,-0.551746546547,2.71024095176,0.00272946109845,8.97876325993,0.00784645968191,0.0644335888192
2955,0.0942616949503,0.18226839986,-0.480703422357,2.7000296672,0.00271924981389,9.40410369224,0.00674764912639,0.0605396030908
2956,0.0896928018533,0.193258181358,-0.503220116642,2.71287316488,0.00273209331157,8.33162335021,0.0052746467042,0.0642231425826
2957,0.0708899256163,0.207822729369,-0.60488154273,2.71180035179,0.00273102049848,4.93480392963,-0.01109298185,0.06215514353
2958,0.0928844619251,0.202566800646,-0.573792627022,2.70644346029,0.00272566360698,9.0689304816,0.0087048797785,0.0610325927728
2959,0.0788165414532,0.194150010009,-0.505140810383,2.70757808774,0.00272679823443,6.18923402359,-0.00617681050939,0.0618544076994
2960,0.108944172004,0.190060958449,-0.448035673048,2.7044003884,0.00272362053509,13.713406442,0.0210037414252,0.0570737357047
2961,0.0834295446486,0.189673453508,-0.564822260702,2.70052261761,0.0027197427643,7.03276708993,-0.00174374446869,0.060228817107
2962,0.0695867366428,0.184541122053,-0.473638906461,2.71528591866,0.00273450606536,4.74984615074,-0.0158692165496,0.0615997514749
2963,0.0835803574831,0.203320458575,-0.579902531988,2.71613689851,0.0027353570452,7.06189135072,0.000520902757979,0.0678075257797
2964,0.0760087023909,0.195563734025,-0.487565103362,2.71843526614,0.00273765541283,5.71821551353,-0.00798059561942,0.0607572460438
2965,0.0797100391895,0.209188433274,-0.63743071136,2.7051352591,0.00272435540579,6.34566674312,-0.00431852995322,0.0627097968649
2966,0.0915852318444,0.196743449283,-0.550219742155,2.70304703282,0.00272226717952,8.76227495045,0.00741892475306,0.0626444119053
2967,0.0652364532535,0.191530128271,-0.470833597467,2.70568282043,0.00272490296712,4.17170911397,-0.0195868979654,0.0601733072765
2968,0.0838114376463,0.197895064983,-0.5019927968,2.70820386049,0.00272742400718,7.10671352204,-0.000425461746035,0.059905320713
2969,0.0782030258453,0.186754859295,-0.478091544301,2.70667731784,0.00272589746453,6.08368055601,-0.00717720380944,0.0622353711561
2970,0.0415632320188,0.208214732643,-0.61975559179,2.72150304716,0.00274072319385,1.8830413085,-0.0394853345002,0.0586853684751
2971,0.0898749612877,0.189637449006,-0.50548363637,2.6964700253,0.00271569017199,8.37226850735,0.00413071151494,0.0644936102385
2972,0.0921854914134,0.196713439511,-0.485828960838,2.7117694299,0.00273098957659,8.9028204489,0.00793069047587,0.0634729174337
2973,0.0710505954192,0.204867988184,-0.597745479892,2.71523561519,0.00273445576189,4.95799959109,-0.0133572261613,0.0604832985266
2974,0.0840692283429,0.194752384722,-0.556572483393,2.708425938,0.00272764608469,7.15699944205,-0.000429257074406,0.064544468074
2975,0.0802041487589,0.198319147188,-0.52153490526,2.70836547462,0.00272758562131,6.43357507151,-0.00399777451022,0.0600627049419
2976,0.085552980672,0.200327546117,-0.639838732017,2.70997802624,0.00272919817293,7.45231028349,0.00138406753996,0.0549919315809
2977,0.0840938708564,0.194291322378,-0.582178671598,2.71736614731,0.002736586294,7.16182200657,0.000175401468104,0.0639882287421
2978,0.0858368342329,0.192963896609,-0.546086679803,2.70125425185,0.00272047439855,7.50996504792,0.00224145123363,0.0568694713206
2979,0.0555279558606,0.208770292718,-0.609850328506,2.7207370734,0.00273995722009,3.0761050925,-0.0247112532615,0.0657707288398
2980,0.109039574443,0.201851128071,-0.598333763445,2.70454955625,0.00272376970295,13.746354238,0.0228626004993,0.0580610755915
2981,0.058377132511,0.192168551589,-0.518998039773,2.69999400055,0.00271921414725,3.37205256335,-0.0256234593091,0.0607160586268
2982,0.0802019519399,0.207563358002,-0.643352440544,2.71203641346,0.00273125656015,6.43318200022,-0.00215697585095,0.0674471976734
2983,0.0986487939008,0.192840627289,-0.499377595593,2.71031835987,0.00272953850656,10.5448128765,0.0120292093637,0.0624394645504
2984,0.0959698617676,0.192819535332,-0.531747030845,2.71073671018,0.00272995685688,9.83473721851,0.00913337381394,0.0622786384956
2985,0.0748385760348,0.195626724562,-0.523431695024,2.70968816315,0.00272890830984,5.53081338242,-0.00956113997877,0.0556296124091
2986,0.058095685121,0.195567422363,-0.532395480373,2.70810441864,0.00272732456533,3.34192282607,-0.0254083664164,0.0587327479356
2987,0.0757692293379,0.199200978439,-0.576525967643,2.72076256964,0.00273998271633,5.67944663603,-0.00642508496044,0.0652136142448
2988,0.0667774567236,0.190144239933,-0.551992167285,2.70351329058,0.00272273343728,4.3697986237,-0.0171049239526,0.0613210509031
2989,0.0747121192563,0.194765567334,-0.60921163435,2.70596805568,0.00272518820237,5.51086426171,-0.0100136913003,0.0614900616902
2990,0.0933483179987,0.196072275813,-0.522792509922,2.70778897398,0.00272700912067,9.18064111119,0.00764848654075,0.0577165628112
2991,0.0917168466089,0.193651484439,-0.530604036474,2.70613738257,0.00272535752927,8.79292625264,0.00564725831369,0.0561065172072
2992,0.080953546962,0.19937986487,-0.584750032074,2.71077625273,0.00272999639942,6.56883579553,-0.00279881683992,0.0663741760315
2993,0.102692216082,0.191549339185,-0.444777612082,2.70121726699,0.00272043741369,11.7019426649,0.015390660847,0.0561474839661
2994,0.0840261427384,0.192029642257,-0.602319830596,2.710629851,0.00272984999769,7.14857412867,-0.000106715193672,0.0591557137991
2995,0.0813554924916,0.190741106307,-0.477265109354,2.70254305928,0.00272176320597,6.64235579786,-0.00426286193657,0.0574306331656
2996,0.0944974948357,0.206037174218,-0.60343655258,2.72169325864,0.00274091340533,9.46255491453,0.00952967621408,0.0610805883139
2997,0.0900314461749,0.209908075627,-0.593777531298,2.71182273333,0.00273104288002,8.40732079387,0.00586338298893,0.0661503854725
2998,0.0859395890838,0.193301087917,-0.51254124644,2.70195526216,0.00272117540885,7.53092911754,0.000687276638576,0.0588359892456
2999,0.0691178357865,0.201317299091,-0.504155502011,2.71190935736,0.00273112950405,4.68466241482,-0.0135703520667,0.0675323361548
3000,0.0918607467329,0.18331277535,-0.475822659435,2.71195233017,0.00273117247686,8.82654454245,0.00595303403175,0.061757533299
3001,0.0828471525623,0.189155715542,-0.565593420495,2.71127065701,0.0027304908037,6.92124507538,-0.00189160274067,0.0590215675347
3002,0.0673484425381,0.204901768371,-0.623565010803,2.70933988084,0.00272856002754,4.44503264025,-0.0159328152384,0.0606731631433
3003,0.0797835480243,0.20384697319,-0.607761124449,2.71965979362,0.00273887994031,6.35868130324,-0.00551811426307,0.0594308929915
3004,0.0836480557227,0.200209808756,-0.570615967894,2.7124166145,0.00273163676119,7.07499790791,0.000326735070779,0.0556674674398
3005,0.0548811832866,0.193014184095,-0.580141091697,2.72220842993,0.00274142857662,3.01165843228,-0.0277308692596,0.0562977946207
3006,0.0721627496121,0.197361519797,-0.551471981782,2.71207107217,0.00273129121886,5.12096643597,-0.0108184727357,0.0557387441846
3007,0.093974982643,0.190885446888,-0.522932649716,2.70271928587,0.00272193943257,9.33345498716,0.00798287855684,0.0543475230084
3008,0.0836535462625,0.188950984057,-0.478983548301,2.69980308787,0.00271902323457,7.07606178861,-0.00250673326232,0.0618694546976
3009,0.0860794361059,0.192011132467,-0.519976785477,2.71143411283,0.00273065425953,7.55954053696,0.00115535266681,0.0639691018892
3010,0.0884609743006,0.191764812408,-0.495200882508,2.71159425131,0.00273081439801,8.06118125464,0.00247664132649,0.0676918914632
3011,0.0886378342993,0.190319511692,-0.510144740302,2.71151616502,0.00273073631171,8.09954139359,0.00315193974394,0.0600903004175
3012,0.0695390680011,0.199220453388,-0.512180258858,2.70106184141,0.0027202819881,4.74318687084,-0.0141608569258,0.0620243881441
3013,0.0641225962232,0.190734027031,-0.55678634972,2.70753486514,0.00272675501183,4.03292257016,-0.0200944105657,0.0656742419419
3014,0.0767297650285,0.209176734204,-0.641427001841,2.72689125267,0.00274611139936,5.83626109161,-0.00523052741892,0.0636718877396
3015,0.075864761004,0.198892466665,-0.498871953447,2.71691533905,0.00273613548574,5.69488662968,-0.00718331752123,0.0658428927441
3016,0.0711071283477,0.206389673655,-0.628258741295,2.71220311173,0.00273142325842,4.96618187908,-0.0118653402023,0.066168277064
3017,0.0888976744967,0.190253771175,-0.506904063027,2.71255613093,0.00273177627762,8.15618292443,0.0039019055336,0.0649308224343
3018,0.0812292951474,0.21167653831,-0.624708089236,2.71348049447,0.00273270064117,6.61919936053,-0.00240780896583,0.0608005396877
3019,0.0932922566163,0.189891358128,-0.470404648059,2.71001963765,0.00272923978434,9.16707678399,0.00706488879059,0.0611687012731
3020,0.0998367903398,0.185987645625,-0.505154229182,2.70422049497,0.00272344064166,10.8738318579,0.0140061713901,0.0635955108502
3021,0.0839878308137,0.202432009645,-0.564005864261,2.70871279393,0.00272793294062,7.14108932888,0.000875555104096,0.0635922978977
3022,0.0697417379137,0.20105083815,-0.562336482281,2.71770161778,0.00273692176447,4.77155109319,-0.0149407183646,0.0573374563361
3023,0.0942967181391,0.194097354608,-0.525995799706,2.70960940183,0.00272882954853,9.41276551206,0.00739781622835,0.0642076777923
3024,0.0676328651433,0.198935938213,-0.484646880583,2.71488004143,0.00273410018812,4.4828857842,-0.0152209261403,0.0617185709212
3025,0.0757559889035,0.205529721692,-0.636379092484,2.70995219839,0.00272917234509,5.6773093975,-0.00712877781266,0.0622877379159
3026,0.0822777913562,0.190654143489,-0.551823624845,2.70511400733,0.00272433415402,6.8136584097,-0.00191288874036,0.0604041081766
3027,0.0593409324241,0.197632307111,-0.503905679727,2.71233781596,0.00273155796265,3.47676053235,-0.0239253174885,0.0597320690211
3028,0.058135998572,0.198219401013,-0.486706754571,2.72306096557,0.00274228111226,3.3462262111,-0.0240746574173,0.065177955839
3029,0.0618818499865,0.196521713247,-0.533767131867,2.71232940621,0.0027315495529,3.76449459223,-0.0213102134034,0.0635425413254
3030,0.0959629040853,0.190808427146,-0.490035940737,2.71342095806,0.00273264110476,9.83294889487,0.0106438859341,0.0583564874256
3031,0.0752829362912,0.192003958779,-0.51432629031,2.72007663863,0.00273929678532,5.60138036136,-0.00892329602462,0.0597416781226
3032,0.0710139080588,0.189957138554,-0.471222648513,2.70183860017,0.00272105874686,4.95269542383,-0.0127997810954,0.0620212567544
3033,0.0969176743671,0.201839899107,-0.557056787295,2.70972432019,0.00272894446688,10.0810237317,0.0113730021178,0.0592231706999
3034,0.0851624475198,0.203601079614,-0.597320758769,2.72088262438,0.00274010277107,7.37360087374,0.00225868236287,0.0667593306206
3035,0.0762774124834,0.189850323876,-0.50089601302,2.70072615871,0.00271994630541,5.76197525049,-0.0087216412646,0.0569733561613
3036,0.0968581285845,0.18886729039,-0.552077542594,2.71378573893,0.00273300588562,10.0653937528,0.00998718070467,0.0658307718689
3037,0.0776895698673,0.186575274824,-0.530749078258,2.69424587383,0.00271346602052,5.99648895601,-0.00747397497884,0.0631010032706
3038,0.0734091256306,0.195786507555,-0.590328346101,2.70772650667,0.00272694665337,5.3086942077,-0.0103289962544,0.0608160060001
3039,0.0818538663215,0.197082412784,-0.540228417411,2.71264708479,0.00273186723148,6.73446739718,-0.0024697871833,0.0603499235795
3040,0.0775888101441,0.195602999941,-0.57529376157,2.70604261124,0.00272526275793,5.97950017779,-0.00569703039227,0.0602965345042
3041,0.0937294818837,0.197833260073,-0.629082010393,2.70752125507,0.00272674140176,9.27332801047,0.00920709674625,0.0613525683087
3042,0.0776498311741,0.19589191756,-0.593670575721,2.70600280449,0.00272522295119,5.98978399755,-0.0070150901387,0.0577108986106
3043,0.0802099140165,0.19133771619,-0.520566691078,2.71412892935,0.00273334907604,6.43460672962,-0.00392025114679,0.062551870018
3044,0.0787093795755,0.193136913093,-0.508073888651,2.7109807183,0.00273020086499,6.17068878733,-0.00654217491876,0.058219788215
3045,0.0868209503878,0.200983421939,-0.638098642537,2.70521438492,0.00272443453161,7.71279587982,0.00211335116833,0.063954841538
3046,0.0915076061647,0.192276166299,-0.508710080465,2.70096460166,0.00272018474835,8.74424024758,0.00532931615134,0.055497704527
3047,0.063227280814,0.204601032029,-0.605815560913,2.71361959012,0.00273283973681,3.92396940872,-0.0189918035691,0.0604494775157
3048,0.0874350075175,0.195995334703,-0.627545791991,2.70293445599,0.00272215460268,7.84170241936,0.00273789183499,0.0540045744221
3049,0.0905242881402,0.190408005069,-0.50218141467,2.70466923271,0.00272388937941,8.51854194778,0.00423473390019,0.058864746481
3050,0.0820287718896,0.201331706369,-0.538137611542,2.70464132257,0.00272386146926,6.7670465377,-0.00109956642408,0.0656450834954
3051,0.0759284574342,0.204969755265,-0.585371230474,2.71186743833,0.00273108758502,5.70520042019,-0.00727888059717,0.058613518312
3052,0.0939971306488,0.200246422185,-0.621780195342,2.71533424334,0.00273455439003,9.33889598956,0.00898605297325,0.059740319576
3053,0.0691707996199,0.191827429842,-0.541739084895,2.70741646639,0.00272663661308,4.69198937282,-0.0151143878779,0.0587776628031
3054,0.0752191794828,0.186483622517,-0.498322694125,2.70404396862,0.00272326411531,5.59121054952,-0.00989816500479,0.0658818513648
3055,0.0875936250915,0.19579603499,-0.535361714416,2.71220651414,0.00273142666084,7.87529722981,0.00293233558314,0.0565659226013
3056,0.060511731562,0.200273222171,-0.633058056174,2.70960507126,0.00272882521796,3.60720284683,-0.0213145639943,0.0621003649365
3057,0.0622783082927,0.202381875829,-0.609248248885,2.71189055789,0.00273111070459,3.81096351791,-0.0202133319246,0.0593990098059
3058,0.072265203425,0.191793557567,-0.522364959571,2.70759284212,0.00272681298881,5.1361930203,-0.0123386697105,0.0624217839641
3059,0.0971912020605,0.183592421191,-0.465998281322,2.70887527775,0.00272809542444,10.1530942639,0.0104343293241,0.0633757351457
3060,0.0740956800375,0.192942920712,-0.575180561696,2.70388754491,0.0027231076916,5.41445425462,-0.0105196952152,0.0572221715581
3061,0.103497966655,0.197873650432,-0.603947148558,2.7188151248,0.0027380352715,11.9454907755,0.0185081809612,0.0678157496419
3062,0.0774665912711,0.196638903825,-0.570737962403,2.7008939741,0.00272011412079,5.95894647312,-0.00578536329913,0.0624754248828
3063,0.0817023069516,0.202044883515,-0.545825669381,2.71227124122,0.00273149138791,6.70634317989,-0.00149229437377,0.0611373100181
3064,0.0788769119281,0.198626157998,-0.578734580807,2.70457694937,0.00272379709606,6.19970192598,-0.00480554358788,0.0610258441034
3065,0.109513228462,0.189782140918,-0.485806910007,2.71449922694,0.00273371937363,13.9109866817,0.0207137117363,0.0625438963834
3066,0.084758872372,0.187711741843,-0.53549624304,2.70358606074,0.00272280620743,7.293003593,-0.00124280307256,0.0555288773617
3067,0.0972252995493,0.200654178312,-0.570317382252,2.70581739335,0.00272503754005,10.1621099834,0.0117668622802,0.0643496275478
3068,0.0847576215859,0.185597622632,-0.521284377678,2.70368309908,0.00272290324577,7.29275496407,-0.00120901088803,0.0558999010622
3069,0.0884913646561,0.191136646068,-0.501342903553,2.69751115516,0.00271673130185,8.06776170378,0.0032091937063,0.059509657128
3070,0.0850102631562,0.195194586631,-0.582281819815,2.7125761834,0.00273179633009,7.34312034002,0.000168646585777,0.0514338313717
3071,0.0776759916917,0.208344957929,-0.640125568606,2.71777153795,0.00273699168464,5.99419726687,-0.00449322225275,0.0611725900024
3072,0.0842818026612,0.201749717682,-0.571000150031,2.70561408896,0.00272483423565,7.19869073401,-0.000327019087913,0.064810726494
3073,0.0546061706983,0.204434515027,-0.628403532591,2.71371189691,0.00273293204361,2.98455311626,-0.0265967953298,0.0649079770752
3074,0.0791289798883,0.194453327807,-0.557245257776,2.70965766234,0.00272887780903,6.24356766177,-0.0041291230779,0.0615091818712
3075,0.082582753631,0.210405875277,-0.59781146288,2.71234144314,0.00273156158983,6.87110821065,-0.000838941288665,0.0656527447202
3076,0.0848599239123,0.195819660345,-0.492146016135,2.70390654326,0.00272312668995,7.31311412765,-0.000194159039879,0.059094070577
3077,0.0794570807988,0.20245188113,-0.538228765732,2.70805464831,0.002727274795,6.30104998757,-0.0039172045398,0.0633603384423
3078,0.0802316763556,0.201409158096,-0.481093719015,2.70759825801,0.0027268184047,6.43850220986,-0.00299311892337,0.0616367893578
3079,0.0787015032854,0.190491478526,-0.506203067837,2.69960398387,0.00271882413056,6.16932754734,-0.00615856770065,0.0561352010987
3080,0.0834147433356,0.188034237853,-0.495006680344,2.69833360355,0.00271755375024,7.02991418835,-0.00202604873852,0.061177116248
3081,0.0728131416509,0.201049608892,-0.497962780208,2.71521165614,0.00273443180283,5.21824732204,-0.0100163209355,0.0633803721414
3082,0.0822769954477,0.191437360311,-0.491278443423,2.71389268514,0.00273311283183,6.81350900267,-0.00190471349756,0.0579451644322
3083,0.0952291476071,0.194646942619,-0.477151350608,2.70364638537,0.00272286653206,9.64593730743,0.00924826273445,0.0613757206915
3084,0.0649649692659,0.196065077915,-0.498585778667,2.69387175345,0.00271309190014,4.13754693987,-0.0187881618816,0.0596980455476
3085,0.0576752026323,0.200090446538,-0.558961977188,2.71360967613,0.00273282982282,3.29728065232,-0.0248455271122,0.0609197574074
3086,0.0859200240221,0.202151310642,-0.542132324835,2.70387505343,0.00272309520012,7.52693362528,0.00061150818334,0.0586780555425
3087,0.0928752339089,0.186472734334,-0.529850019741,2.70887935567,0.00272809950236,9.06672009717,0.00712415728785,0.058760409204
3088,0.0759318424648,0.192165105586,-0.526900269305,2.70943964541,0.0027286597921,5.70574895509,-0.0087101935809,0.059655523875
3089,0.102763299653,0.196607647894,-0.540318561392,2.7100806368,0.00272930078349,11.7232501062,0.0176506791737,0.0626486718686
3090,0.0796321529135,0.198979947838,-0.525116180896,2.70809755054,0.00272731769723,6.33190131707,-0.00565362096366,0.0566405048546
3091,0.0886023851258,0.19871573047,-0.49480307823,2.71198872899,0.00273120887568,8.09184013625,0.00477870903756,0.0583384731126
3092,0.0714787458064,0.20043616744,-0.616076871051,2.71254461317,0.00273176475986,5.0202374692,-0.0110089441893,0.0668686287116
3093,0.0894946972564,0.189622108461,-0.513521987124,2.69904456106,0.00271826470775,8.2876127573,0.00263809778634,0.0626778115911
3094,0.0732290160349,0.193078570897,-0.553705983007,2.70808682977,0.00272730697646,5.28122813366,-0.0119551447646,0.0583771323101
3095,0.089038880161,0.189276707754,-0.491504031191,2.71732311039,0.00273654325708,8.18710580183,0.00360671084087,0.056018432657
3096,0.0938069929814,0.206097434249,-0.623265833698,2.72066200955,0.00273988215624,9.29227525799,0.0100672898038,0.0625441917582
3097,0.0896586759438,0.193591355326,-0.505486827192,2.71266891613,0.00273188906282,8.32402772447,0.00422735033154,0.0603741153492
3098,0.096382280446,0.195845927696,-0.523111105671,2.70987784204,0.00272909798874,9.94124923475,0.0106876965332,0.0629723213797
3099,0.099387620603,0.194034991471,-0.589237407294,2.70928452535,0.00272850467204,10.7483867408,0.0130779509975,0.0605995234857
3100,0.079431299956,0.212035644495,-0.649684163054,2.70659500407,0.00272581515076,6.29651742706,-0.00451096278722,0.0611606180751
3101,0.0889806257779,0.207382454113,-0.603007485952,2.71243867553,0.00273165882222,8.17433642285,0.00592426526927,0.0638778953735
3102,0.0737616401224,0.189465290355,-0.565731583654,2.70314792486,0.00272236807155,5.36278599337,-0.0117580559473,0.0604203487697
3103,0.0682203837718,0.203092081493,-0.605275838737,2.71538038521,0.0027346005319,4.56188004932,-0.0154371048462,0.0663819525671
3104,0.0662140595299,0.199958781778,-0.603380410084,2.70245677729,0.00272167692399,4.29654476478,-0.0169336592607,0.0578571190374
3105,0.06876853156,0.191042975717,-0.504731540505,2.70091320342,0.00272013335011,4.63656669746,-0.0155195230051,0.0604147571484
3106,0.0856009115018,0.188689915899,-0.493680310432,2.70999461616,0.00272921476286,7.46201930122,0.000598922103171,0.0663855148974
3107,0.0859164659685,0.193941586195,-0.52672483537,2.71142401344,0.00273064416013,7.52620720836,0.00113700721575,0.0643767970035
3108,0.0790716945774,0.198859435651,-0.529134936024,2.71907818809,0.00273829833478,6.23357616658,-0.00510608316137,0.0557104983561
3109,0.0703044498764,0.201661354979,-0.556862279207,2.70640896034,0.00272562910703,4.85101215723,-0.0123834282012,0.062751935388
3110,0.0854245995996,0.195117145307,-0.608743068425,2.70982934427,0.00272904949096,7.42635775334,0.000345377622391,0.0577875085391
3111,0.0917924412193,0.199761864755,-0.631852746549,2.7078554166,0.00272707556329,8.81057303327,0.00836463069866,0.0624628868385
3112,0.0967049129147,0.192285406222,-0.475725888296,2.71501654503,0.00273423669172,10.0252740558,0.0113470791552,0.0610313347248
3113,0.0718059781861,0.197681166147,-0.565243024117,2.71555594691,0.00273477609361,5.06822644219,-0.0116074443067,0.0589260528164
3114,0.092852199604,0.194085070845,-0.555187700746,2.70574346095,0.00272496360764,9.0612047315,0.00570010674192,0.0581080001605
3115,0.0691563184792,0.193521608656,-0.544074632486,2.71061529665,0.00272983544335,4.6899851664,-0.0139126461552,0.0595135670274
3116,0.082862379015,0.195830034121,-0.587241553193,2.71711133501,0.0027363314817,6.9241417358,-0.00162538416309,0.0607258938916
3117,0.0779383988151,0.190959378823,-0.514649909939,2.70085407335,0.00272007422004,6.03861373149,-0.00768279725756,0.05322465424
3118,0.0729929466963,0.189862122538,-0.542243196454,2.71015597868,0.00272937612537,5.24540246951,-0.0116016593284,0.0640202536752
3119,0.0890624168392,0.195583558324,-0.611276176908,2.70626957106,0.00272548971776,8.19226989481,0.00359315779859,0.0578739330559
3120,0.0813055314951,0.195098190497,-0.601065994016,2.71051044778,0.00272973059447,6.63318018127,-0.00279407807941,0.057150999173
3121,0.0597614495784,0.193797270087,-0.552124936044,2.7180519337,0.00273727208039,3.5231975832,-0.0231950310248,0.0639346388998
3122,0.0835312961898,0.204630183205,-0.590997430631,2.7105853204,0.00272980546709,7.05240574139,0.000591575061028,0.0666055728713
3123,0.0832217235451,0.191894784095,-0.522489923421,2.71089039538,0.00273011054207,6.99279937353,-0.000929018213624,0.0640892858705
3124,0.080744401956,0.192831080174,-0.448135252115,2.70426864503,0.00272348879172,6.53085048236,-0.00410740056447,0.0643559100878
3125,0.0819761576052,0.196069198363,-0.576872198886,2.72675186555,0.00274597201224,6.7572323804,-0.0017309598276,0.0619386238579
3126,0.0943530308035,0.196372126435,-0.596321941584,2.71017607912,0.00272939622581,9.42670711411,0.00857775857571,0.0616966879066
3127,0.0810442110748,0.196290555554,-0.444761464286,2.71567305644,0.00273489320314,6.58535956397,-0.00336026686505,0.066959601001
3128,0.0740455421568,0.200298012539,-0.591116627689,2.70940218941,0.0027286223361,5.40667343175,-0.00944464179298,0.0567822371647
3129,0.091915094155,0.202251356075,-0.613104246248,2.70729233665,0.00272651248334,8.83927016352,0.00808644843956,0.0657488207586
3130,0.070732711179,0.200385790322,-0.578257205358,2.70596466724,0.00272518481393,4.91219118006,-0.0123025033625,0.0571326214592
3131,0.0614484866265,0.197303849948,-0.548736394028,2.71971766104,0.00273893780773,3.71419377824,-0.0219689326557,0.0572079992258
3132,0.0944520761937,0.18534109061,-0.510054931856,2.70185241303,0.00272107255973,9.45127182418,0.0079840543512,0.0585044221325
3133,0.0921103922093,0.185941698788,-0.506653186452,2.7028741782,0.00272209432489,8.88513073557,0.00552416934953,0.0586371598793
3134,0.0747446411399,0.195636709952,-0.505437880745,2.7082215989,0.00272744174559,5.51598912983,-0.00946997753359,0.0642744400362
3135,0.0794246971246,0.199563637041,-0.586233246867,2.70820170412,0.00272742185081,6.29535701074,-0.00470670745414,0.0567449196136
3136,0.0813915435188,0.189998683182,-0.522305040564,2.70594546783,0.00272516561453,6.64898335721,-0.00317002698755,0.0576256188493
3137,0.0840171848576,0.188073759323,-0.496422615622,2.70305047278,0.00272227061947,7.14682348203,-0.0021487015952,0.058615884945
3138,0.0823468305513,0.199092270481,-0.590872909066,2.7122406161,0.00273146076279,6.82662882746,-0.00107174878651,0.0630027177514
3139,0.0720285884498,0.196042857153,-0.565690548449,2.70913550614,0.00272835565283,5.1010824649,-0.0126466670843,0.0550843198576
3140,0.0674714356618,0.205497518603,-0.605117562333,2.70943273259,0.00272865287928,4.46137057029,-0.0146978020377,0.0584743490265
3141,0.0907637108543,0.190020281213,-0.498773942051,2.70689384882,0.00272611399551,8.57302846255,0.00539678621559,0.0634986757488
3142,0.0740432474546,0.18639529849,-0.508020971683,2.70993055684,0.00272915070353,5.4063175376,-0.010399045974,0.0627628903991
3143,0.0892359310002,0.186518712737,-0.485987286184,2.69589675613,0.00271511690282,8.23042620266,0.00367666103488,0.0625849067989
3144,0.0988491298936,0.189742643827,-0.472908025613,2.71242474065,0.00273164488734,10.5996751105,0.0121593623166,0.0610726655171
3145,0.0969475979655,0.204994535517,-0.597353864187,2.70646612857,0.00272568627526,10.088886292,0.0131596722304,0.0616229591328
3146,0.078671039502,0.197574614025,-0.584714590808,2.71138533158,0.00273060547827,6.16406490474,-0.00539146810162,0.0599560635601
3147,0.0780848919292,0.198524579993,-0.57958024959,2.70804934315,0.00272726948985,6.06352779655,-0.00651520473389,0.05473812485
3148,0.0955821192559,0.196426294408,-0.630715065942,2.71106134408,0.00273028149077,9.73550792977,0.0108536102595,0.0637693080911
3149,0.093500826652,0.192735400591,-0.54191983741,2.7022361566,0.00272145630329,9.21762944318,0.00866273748365,0.0588001419663
3150,0.0796938445546,0.203224620987,-0.593785687554,2.71222131291,0.00273144145961,6.342802499,-0.00408044689371,0.0601546132847
3151,0.0674722878741,0.200133834299,-0.543276335907,2.70620676745,0.00272542691414,4.46148393914,-0.014723401374,0.0612575649213
3152,0.0819219489856,0.198609930592,-0.581621397132,2.70516878304,0.00272438892973,6.74713330309,-0.00303796753816,0.0605875861804
3153,0.0710305274463,0.196013719724,-0.587486788832,2.71178402566,0.00273100417236,4.95509765073,-0.0120511071114,0.0647118213892
3154,0.0821146889056,0.192750091968,-0.563709231499,2.70140842329,0.00272062856998,6.7830983339,-0.00263011197596,0.0587364334839
3155,0.0798786238211,0.210029413664,-0.556966488619,2.7130921965,0.00273231234319,6.37554712767,-0.00292650238323,0.0587214679288
3156,0.0690835330142,0.199996870937,-0.628685073032,2.71658512425,0.00273580527095,4.67992184706,-0.0148852127217,0.059602130515
3157,0.0917672787428,0.193293226429,-0.564174812094,2.70585511183,0.00272507525852,8.80469572093,0.00493142374814,0.0646668757048
3158,0.0758821382496,0.193544521818,-0.547284273107,2.71753586514,0.00273675601183,5.69769885677,-0.00843503790247,0.0671160396469
3159,0.0810858512625,0.20402630705,-0.590158724362,2.70304708027,0.00272226722696,6.59296021404,-0.0028181329135,0.0620291199398
3160,0.054137995981,0.200427198242,-0.593997995403,2.71499726957,0.00273421741626,2.93881426508,-0.0265099782832,0.0605122877691
3161,0.0841355218889,0.205535522413,-0.569884389935,2.70213570752,0.00272135585421,7.16997938877,-0.000253940433413,0.0623251841183
3162,0.0773954674889,0.196740857135,-0.535134264408,2.71945491763,0.00273867506432,5.94701229782,-0.0055638813141,0.0619006743266
3163,0.0931703947114,0.190058844654,-0.485362971783,2.70247147677,0.00272169162346,9.13765161311,0.00653106550978,0.0565438449354
3164,0.0637632853645,0.18983936228,-0.575718888784,2.7163456079,0.00273556575459,3.98892151632,-0.0195446295161,0.0611516773444
3165,0.106885303381,0.18605129097,-0.497777564704,2.70427543777,0.00272349558446,13.0193708238,0.0195524267442,0.0533920662088
3166,0.0995103561169,0.201477887584,-0.539525070207,2.7056365667,0.0027248567134,10.7825374762,0.0158760424936,0.0588167186223
3167,0.0929661802625,0.199985424555,-0.532564313674,2.70353033338,0.00272275048007,9.08852482979,0.00851990993873,0.0648855801575
3168,0.0901696884177,0.18750672112,-0.497463739414,2.71663598342,0.00273585613011,8.43839160488,0.00455972361441,0.0565271513545
3169,0.0918689634308,0.190760995184,-0.487248814223,2.6957947482,0.0027150148949,8.82846749233,0.00460790298181,0.0578396028716
3170,0.0503191707796,0.209848147802,-0.617189399722,2.7188714512,0.00273809159789,2.58412205499,-0.0306423060642,0.063095352484
3171,0.0731476928083,0.206106774324,-0.617331931944,2.71204990892,0.00273127005562,5.2688643427,-0.00836738040229,0.0649925187998
3172,0.065257553877,0.186356779821,-0.545245438393,2.69871688919,0.00271793703588,4.17437343845,-0.0187513233156,0.0586285771016
3173,0.0763692773709,0.203509184712,-0.641182760135,2.70932895458,0.00272854910127,5.77699831623,-0.00532511586708,0.0680193218255
3174,0.0730601858873,0.207997747119,-0.587015877752,2.71169024973,0.00273091039643,5.2555865659,-0.00884594134978,0.0607218740238
3175,0.075995488176,0.195033823843,-0.557027796861,2.70800236348,0.00272722251017,5.71607060362,-0.00831427666162,0.0588295583096
3176,0.0975063784326,0.203089355565,-0.586387761078,2.72125186013,0.00274047200682,10.2366975254,0.0124488676844,0.0640275037174
3177,0.0680841135933,0.186638297104,-0.517667986918,2.69997658324,0.00271919672993,4.54346107725,-0.0173564580685,0.0577866342585
3178,0.0556051414771,0.203008238284,-0.545115520387,2.72109478647,0.00274031493316,3.0838622975,-0.026696670566,0.0600436913227
3179,0.0849569261371,0.181171445079,-0.442846283885,2.70602447125,0.00272524461794,7.33246290338,-0.00219329137103,0.0629406889868
3180,0.0687935861373,0.206894245281,-0.658587902881,2.71702809394,0.00273624824063,4.64000339696,-0.0133309170345,0.0645514034689
3181,0.0760772501906,0.211234677262,-0.605193637767,2.71411104633,0.00273333119303,5.72935265599,-0.00599014210793,0.0665444766802
3182,0.0540566516321,0.200578206968,-0.601372242316,2.71182391268,0.00273104405938,2.9309188902,-0.0285892212065,0.0580160334832
3183,0.0805824694789,0.202602028811,-0.58685649291,2.70705390219,0.00272627404888,6.50156597182,-0.00324600757556,0.0618470227955
3184,0.087135638354,0.19892000916,-0.554960634551,2.70758414991,0.00272680429661,7.77862963663,0.000821844677027,0.0576787577917
3185,0.102160133536,0.188764707266,-0.470144593625,2.70457173836,0.00272379188505,11.543535934,0.0143935393802,0.0621485633922
3186,0.0846879083636,0.203678249745,-0.622939283278,2.71672320956,0.00273594335625,7.27890882681,0.00174677193034,0.062338856158
3187,0.0770412214484,0.191431472976,-0.487867055592,2.70956428736,0.00272878443405,5.88786428898,-0.00860099361112,0.0650878754276
3188,0.101075858047,0.19462100059,-0.498339838664,2.7108327,0.00273005284669,11.2265941801,0.0137909219041,0.0597191279106
3189,0.0770397994318,0.192831550447,-0.486811450673,2.70295941382,0.00272217956051,5.88762783536,-0.0078450662523,0.0639158876404
3190,0.0862043120727,0.201242559362,-0.587926455471,2.7108982158,0.00273011836249,7.58516697712,0.00305911312352,0.0618733657544
3191,0.0899050002393,0.194219139379,-0.472529134934,2.70451691108,0.00272373705777,8.37898741498,0.00444489827734,0.0607312877214
3192,0.102764795995,0.192665013797,-0.547464015069,2.70636537228,0.00272558551897,11.7236990068,0.0172526387701,0.0581228018867
3193,0.0724254246607,0.198714936371,-0.622350436005,2.70778706678,0.00272700721348,5.16007798023,-0.0105752326578,0.0557300563753
3194,0.0881207584693,0.18664873633,-0.508787787248,2.71949539783,0.00273871554452,7.98782676457,0.00270513037069,0.0624543771163
3195,0.0664728554168,0.189451973388,-0.548016964037,2.71205618498,0.00273127633167,4.33007372835,-0.0159883411147,0.0578744248642
3196,0.0722957680013,0.198951408883,-0.496771463555,2.69997209595,0.00271919224264,5.14074254631,-0.0107106947352,0.064103568152
3197,0.0703186073723,0.194387156332,-0.499176839069,2.71571879881,0.00273493894551,4.85302485303,-0.0131627155548,0.0635728657001
3198,0.110089827962,0.184925531939,-0.53292084006,2.69488335764,0.00271410350434,14.1137868478,0.0219301895917,0.0593414080878
3199,0.0966198057165,0.203283967594,-0.598984547038,2.70731007759,0.00272653022429,10.003049102,0.0122969699819,0.063363572148
3200,0.0827169302701,0.190361740527,-0.589269657464,2.70489255997,0.00272411270666,6.89651331141,-0.00280242844374,0.0610552119295
3201,0.0718166417795,0.190653333949,-0.526504240111,2.70161372544,0.00272083387213,5.0697964413,-0.01267653194,0.0581936309601
3202,0.0747390229727,0.196200056624,-0.593790693954,2.71257449087,0.00273179463756,5.51510352995,-0.00976730419551,0.0612693056311
3203,0.0746937596387,0.183309124796,-0.464945266414,2.70623546804,0.00272545561473,5.50797282562,-0.0103177555252,0.0544489437867
3204,0.0849647477475,0.201955976076,-0.619668765079,2.70233726657,0.00272155741326,7.33402494437,0.000561210591204,0.0569846054073
3205,0.0867871856455,0.195317093611,-0.463112331994,2.70501227033,0.00272423241702,7.70576045162,0.00256808291584,0.0631646608711
3206,0.0717407255923,0.19888745599,-0.563784688359,2.71313097365,0.00273235112034,5.05862781529,-0.0126150652045,0.0573410747407
3207,0.0826134391059,0.190871867434,-0.573630088985,2.70026154041,0.0027194816871,6.87691127961,-0.00259082940376,0.0617899954385
3208,0.0735599093875,0.206982327803,-0.61389015356,2.70874541561,0.0027279655623,5.33177696966,-0.00970805631197,0.0598624563722
3209,0.0891248677838,0.198111664274,-0.575635912871,2.71646202587,0.00273568217256,8.2059855504,0.0044836086536,0.0554734304451
3210,0.0837523104326,0.200775202683,-0.543823583262,2.70380023667,0.00272302038336,7.095221973,-0.000642034668986,0.0583296855042
3211,0.0870297498652,0.195464373475,-0.565614588108,2.71580941922,0.00273502956591,7.75642420303,0.00147386571335,0.055556206045
3212,0.0828317943086,0.186604182629,-0.532652052512,2.71371372271,0.0027329338694,6.91832437274,-0.00309135601418,0.0633739714497
3213,0.093738085286,0.198550267343,-0.588857232704,2.70307450653,0.00272229465322,9.27542941849,0.00868535503376,0.0627491310667
3214,0.0659947255959,0.193861092855,-0.588274108846,2.71109120126,0.00273031134795,4.26828725572,-0.0181526493011,0.0590876953439
3215,0.0815287403638,0.191053930193,-0.561946937192,2.70061750809,0.00271983765479,6.67425596254,-0.00326278859508,0.0580020111436
3216,0.0742598713564,0.204617736559,-0.572032224902,2.70362115495,0.00272284130164,5.43999851124,-0.00922624591662,0.0610604961726
3217,0.088281948741,0.190000248084,-0.507358486159,2.71017258615,0.00272939273284,8.0225097981,0.00310437408883,0.0639324437198
3218,0.0788128299693,0.186988659681,-0.469184951372,2.71222592649,0.00273144607318,6.18859095078,-0.00710943808423,0.061584303457
3219,0.0870585430092,0.186591645625,-0.545720466989,2.69842189084,0.00271764203753,7.76245694117,-0.000227175404023,0.0637459497959
3220,0.0848233716132,0.194926908835,-0.465459674707,2.7088214865,0.00272804163319,7.30583435056,1.74560292523e-05,0.0662961583619
3221,0.0661458847038,0.19421906556,-0.525887827847,2.69923240209,0.00271845254878,4.28774600625,-0.0166106322709,0.0601056452717
3222,0.0861508376233,0.18883025008,-0.514889534052,2.70048086832,0.00271970101502,7.57418419142,0.00110950960389,0.0591521708965
3223,0.0756273862402,0.187460447554,-0.525076523525,2.70700684003,0.00272622698672,5.65658485152,-0.0100377823458,0.0636508163388
3224,0.0692710880573,0.187569360265,-0.522058679709,2.70699518572,0.00272621533241,4.70588804757,-0.0160847925238,0.0582522652582
3225,0.0614615667768,0.209425573704,-0.587398263319,2.71783974094,0.00273705988764,3.71570449956,-0.0205555794675,0.0612111475585
3226,0.0801511217,0.194319874501,-0.604503937951,2.71388247502,0.00273310262172,6.42409265213,-0.00390638924938,0.0618397893823
3227,0.0805184348167,0.196426313914,-0.62002849931,2.70227919066,0.00272149933735,6.49001592706,-0.00321502440981,0.065677147128
3228,0.0687380331598,0.191875037112,-0.532257155853,2.70876017358,0.00272798032027,4.63238599413,-0.0157018475453,0.0576938083927
3229,0.0944288236537,0.18661963747,-0.460278533314,2.71296301628,0.00273218316297,9.44549985945,0.0069016986424,0.0568060119162
3230,0.112895473058,0.185721236249,-0.442199291631,2.71327423658,0.00273249438327,15.1390275946,0.0241198891028,0.0676616251689
3231,0.103058184385,0.201369575257,-0.598053884749,2.71243661428,0.00273165676097,11.8120099802,0.016720401858,0.0591658646505
3232,0.104590855025,0.19089529894,-0.538112839088,2.70805774549,0.00272727789218,12.283015111,0.0169778411989,0.0574682583666
3233,0.0602028252293,0.187332401715,-0.532064998127,2.70493030652,0.00272415045321,3.57243607777,-0.0245774322301,0.0562508766691
3234,0.0857422628344,0.187681219047,-0.459454428504,2.70606370672,0.00272528385342,7.49071435067,-8.68167949743e-05,0.0588412525906
3235,0.0897199905553,0.196309494072,-0.579240449437,2.71318721543,0.00273240736212,8.33767917456,0.00471973183736,0.0615671357516
3236,0.0894506762733,0.206871211701,-0.613182082669,2.70781976637,0.00272703991306,8.27786026566,0.00700997653699,0.0653545349362
3237,0.0723638395175,0.19606019372,-0.581780899772,2.70840601502,0.00272762616172,5.15088662515,-0.0100645767902,0.0635150720262
3238,0.0756489148556,0.19846252802,-0.532399806978,2.70534844188,0.00272456858858,5.66004991023,-0.00790700383671,0.0592827810976
3239,0.083240302938,0.194576542612,-0.605173859436,2.71775147992,0.00273697162661,6.99636472545,-0.00237154884756,0.062313053846
3240,0.0571922833146,0.199517815024,-0.540505374845,2.71668057867,0.00273590072537,3.24655409654,-0.0242425020923,0.0599723399966
3241,0.0887786399641,0.188819600985,-0.486374427647,2.71546737136,0.00273468751805,8.13019310807,0.00352539710056,0.0615967878149
3242,0.0922908097943,0.190603371112,-0.518017110963,2.70546448661,0.0027246846333,8.92767961112,0.0062533424721,0.0611531447907
3243,0.080843639965,0.194897272047,-0.4440506264,2.72471890507,0.00274393905176,6.54885136814,-0.0026130256099,0.0662502283089
3244,0.0776124436905,0.18624792355,-0.483158768399,2.70698427037,0.00272620441706,5.98348139095,-0.00714304767467,0.0629476277481
3245,0.0786726601206,0.183984004586,-0.512643366344,2.70475287379,0.00272397302048,6.16434477431,-0.00676240196857,0.0628508106384
3246,0.0876225752836,0.204535031276,-0.61555979533,2.70365430198,0.00272287444868,7.88144203948,0.00340286656641,0.0605313961352
3247,0.0805162337507,0.186166974321,-0.505371024927,2.70391914688,0.00272313929357,6.48961922104,-0.0046486152046,0.0619209831057
3248,0.0965143922851,0.181704077508,-0.459045390512,2.71189799101,0.0027311181377,9.97558108217,0.0100230130962,0.0564034974228
3249,0.068719824054,0.204960780661,-0.606403481295,2.70464906414,0.00272386921084,4.62989132196,-0.0129951773708,0.0620050587404
3250,0.0845175143127,0.189174800584,-0.498759795852,2.71197892006,0.00273119906675,7.24515940503,0.000236286579439,0.0610984614575
3251,0.0925254440769,0.190173827526,-0.510441745132,2.71026471749,0.00272948486418,8.98327820241,0.00717050773206,0.0612705361605
3252,0.0740732289637,0.202794124709,-0.636842779214,2.70904667296,0.00272826681965,5.41096898325,-0.00827835067982,0.0596044912197
3253,0.0784220557988,0.195506808402,-0.558202702334,2.72141111303,0.00274063125973,6.1211917942,-0.00629141936661,0.0617682113993
3254,0.0644919005144,0.195761328529,-0.582399561085,2.70075899911,0.00271997914581,4.07853617802,-0.0197841442477,0.0626116069211
3255,0.0852545564802,0.200505443362,-0.566920544985,2.72030290627,0.00273952305296,7.39210107597,0.000736706425155,0.0590092633111
3256,0.0650669217944,0.191367373647,-0.549746878751,2.70259464062,0.00272181478731,4.15035061114,-0.017024704926,0.0616793202027
3257,0.0739759404664,0.186124791795,-0.46399776071,2.7013192279,0.0027205393746,5.39588709151,-0.011681907187,0.0566309884591
3258,0.0879942356439,0.191575474934,-0.485812556745,2.71205295086,0.00273127309755,7.96069290589,0.00223328998655,0.0640065471574
3259,0.0610902359554,0.196815252882,-0.514047304255,2.70348666257,0.00272270680926,3.67299726346,-0.023015685137,0.0539783948809
3260,0.081991873612,0.188426813118,-0.518481352446,2.70811334036,0.00272733348705,6.76016264199,-0.00442650806782,0.0608104309558
3261,0.0751874762742,0.19235426547,-0.51366128252,2.707573041,0.00272679318769,5.58615919852,-0.00921880907828,0.0637283581687
3262,0.0769276732893,0.185705064055,-0.535621526155,2.70587328781,0.0027250934345,5.869007996,-0.00880262689116,0.0598514766758
3263,0.0838921167218,0.188161924637,-0.494677500223,2.71294790789,0.00273216805458,7.12241904525,-0.00209239833232,0.0561257126255
3264,0.107256535263,0.186788629571,-0.426777291612,2.70640940993,0.00272562955663,13.1421399726,0.0197929122758,0.0623748162384
3265,0.0807532945163,0.195898849191,-0.473643652967,2.70699923781,0.0027262193845,6.53246182812,-0.00309541330823,0.0565943582772
3266,0.0740931220577,0.183374562389,-0.47925741291,2.69786059695,0.00271708074365,5.41405706569,-0.011267487275,0.059677081758
3267,0.0996158059975,0.193505887176,-0.549562664121,2.70725436796,0.00272647451465,10.81195476,0.0141736228271,0.059491919183
3268,0.0881514611184,0.196413440397,-0.472290218508,2.71307584207,0.00273229598876,7.99442310182,0.00318723691305,0.0615083048894
3269,0.111737035844,0.189060864085,-0.496322370576,2.70278538742,0.00272200553411,14.7078552806,0.023658540417,0.0616268557411
3270,0.0825821940098,0.188300767242,-0.482347679517,2.70705867239,0.00272627881908,6.87100241632,-0.0033008306397,0.066529268007
3271,0.0771855416763,0.200234667449,-0.593441125407,2.71400353533,0.00273322368203,5.91190256472,-0.00632038499992,0.0631884599162
3272,0.0644845375389,0.200121871494,-0.581065031438,2.70899117463,0.00272821132132,4.07762288907,-0.0180621698822,0.0564567172476
3273,0.0777244902372,0.187069479613,-0.514034803803,2.70120395389,0.00272042410058,6.00238604183,-0.00674856629276,0.0653331919836
3274,0.0933637407516,0.195845139912,-0.51910190108,2.70185221991,0.0027210723666,9.18437577302,0.00689231892754,0.0573548324739
3275,0.0779485946705,0.211935135617,-0.642646547178,2.71101494591,0.0027302350926,6.04034499996,-0.0051304178617,0.0602373422956
3276,0.103420360267,0.197687137169,-0.46930196596,2.70758672156,0.00272680686825,11.9218392638,0.0168333820396,0.061317690687
3277,0.0700034167144,0.200531868511,-0.591634795139,2.71298627302,0.00273220641971,4.80837305776,-0.0132832956885,0.0564311978614
3278,0.0840956954472,0.198688419513,-0.547361565664,2.70454205733,0.00272376220403,7.1621791898,0.000256933392385,0.0591248018366
3279,0.091416647763,0.210174347215,-0.600800596293,2.70987312859,0.00272909327529,8.72314872636,0.00810363630975,0.0646960432942
3280,0.0807617059328,0.191099622095,-0.462995740477,2.70558506387,0.00272480521056,6.53398629494,-0.00423986606563,0.0564419632362
3281,0.0984592597943,0.185441429884,-0.520133865771,2.7038914222,0.0027231115689,10.4931384935,0.0116910716481,0.0580329706932
3282,0.0815919298589,0.193434590665,-0.58076529148,2.71822965127,0.00273744979796,6.68592289117,-0.00141962717892,0.0669931871489
3283,0.0767697552137,0.19559142654,-0.558204831796,2.70440547287,0.00272362561957,5.84286594525,-0.00727647366143,0.0583099053712
3284,0.102992359637,0.193950281247,-0.491478480595,2.71067085671,0.0027298910034,11.7921453574,0.0168138828524,0.0597669647894
3285,0.0893184593778,0.19330311153,-0.473676359745,2.72141956243,0.00274063970912,8.24862785057,0.0037239676972,0.0673115358859
3286,0.0628370707512,0.201728703624,-0.579056037071,2.71968705954,0.00273890720623,3.87719667763,-0.0203830953839,0.059975144124
3287,0.0898281903859,0.194337585308,-0.564839875904,2.70527387423,0.00272449402093,8.36181632344,0.00537324682833,0.0583002788535
3288,0.0821018236117,0.197898992414,-0.578126329426,2.70370388112,0.00272292402781,6.78069269407,-0.00130098348691,0.0564941489732
3289,0.106037115358,0.198108162196,-0.493155664677,2.71317466137,0.00273239480806,12.7427023349,0.0192652855337,0.0675901446234
3290,0.107107039791,0.186576554748,-0.487024388853,2.70015115101,0.0027193712977,13.0925768894,0.0190255262253,0.060545133555
3291,0.101774577926,0.203711178771,-0.624761063267,2.70077896754,0.00271999911423,11.4299405907,0.0164263084938,0.0621219826997
3292,0.0854654191287,0.191406953861,-0.509303216185,2.70329868918,0.00272251883587,7.43460119594,0.000827497416597,0.054723416237
3293,0.0723078110156,0.187531548725,-0.488272609966,2.70044538386,0.00271966553055,5.14253603519,-0.0116803738903,0.0611755009447
3294,0.0871403476528,0.193787558527,-0.502672935786,2.70256054479,0.00272178069148,7.77961846058,0.00113960244804,0.0568668301206
3295,0.0753077585043,0.186068198662,-0.534807832701,2.71484136375,0.00273406151044,5.6053438174,-0.00933952200414,0.0610710051877
3296,0.100188857739,0.198321160172,-0.540286885715,2.70300558907,0.00272222573576,10.9730574078,0.0140925974208,0.0567129210666
3297,0.0740018300856,0.185064034801,-0.476880860445,2.70640462231,0.002725624769,5.39989722649,-0.0118331832055,0.0588920473883
3298,0.0838462084026,0.195837723704,-0.533843421409,2.71325780429,0.00273247795098,7.11347864396,-0.000684141024247,0.057923696989
3299,0.0714385801671,0.201215343157,-0.586768148042,2.72360015745,0.00274282030415,5.01437234166,-0.0114534457554,0.0627755864538
3300,0.0881996299237,0.20146001886,-0.603823291297,2.71056765524,0.00272978780193,8.00478135194,0.00263132836434,0.0540727991762
3301,0.075807899888,0.186981326971,-0.46243265287,2.70905189079,0.00272827203748,5.68569250829,-0.00976167456982,0.0592674708825
3302,0.0912863618606,0.183155245691,-0.474561358207,2.70495128101,0.0027241714277,8.69301436066,0.00508175357773,0.0571678269509
3303,0.0912786352693,0.201177693826,-0.525733670205,2.70424759976,0.00272346774645,8.69123006899,0.00612473187916,0.0661242838949
3304,0.0831367070654,0.194712866151,-0.521000894576,2.6963633958,0.00271558354249,6.97650435538,-0.00200738522913,0.0621127566185
3305,0.0778936896645,0.192213047406,-0.559288516977,2.70586178718,0.00272508193387,6.03102689606,-0.00659040453018,0.0566405450682
3306,0.0687833910633,0.196053201572,-0.521513490699,2.71280983401,0.00273202998071,4.63860471062,-0.0149558371547,0.0603837994975
3307,0.0974241137674,0.196960620153,-0.587338399239,2.70860700997,0.00272782715666,10.214818181,0.0128131956316,0.0619521242736
3308,0.0930616837088,0.188481171,-0.538846073394,2.70507540263,0.00272429554933,9.11147102361,0.00633158156313,0.0580286253673
3309,0.0993204342092,0.184465095306,-0.42843773477,2.70280652819,0.00272202667489,10.7297326884,0.011496945507,0.068331817211
3310,0.0915756174845,0.189160906006,-0.534508069748,2.70442140316,0.00272364154985,8.76003951489,0.00685784261343,0.0658387501322
3311,0.0840066464455,0.207611543493,-0.626239335163,2.70953582821,0.0027287559749,7.14476441373,0.000599460563532,0.0586473305224
3312,0.0766577136209,0.203975746646,-0.522378641124,2.71025799022,0.00272947813691,5.82437641531,-0.00583402705837,0.062773354086
3313,0.0842835489579,0.186654938607,-0.513396512377,2.69993040367,0.00271915055036,7.19903407473,-0.000811133771925,0.0553223091367
3314,0.109896309027,0.186429638138,-0.475432426312,2.70307288077,0.00272229302746,14.0454289471,0.0211414697354,0.0604539012246
3315,0.0863575942476,0.203630533577,-0.633963739199,2.71227357691,0.0027314937236,7.61672366417,0.00238611215248,0.0589991788063
3316,0.0904641722317,0.198767793534,-0.605561876374,2.70434121761,0.0027235613643,8.50490800501,0.00565739392817,0.0641245115965
3317,0.0789766555506,0.194151758707,-0.465867397382,2.70906417822,0.00272828432492,6.21702902931,-0.00575551632125,0.0540630842194
3318,0.0695679899598,0.198711605296,-0.561816745087,2.70751013027,0.00272673027696,4.74722636537,-0.0130834934729,0.0638435169577
3319,0.0840231484464,0.196838875317,-0.584272435996,2.71905273808,0.00273827288477,7.14798891128,-0.000293364956819,0.0560032083607
3320,0.0625368175654,0.203858770771,-0.63212236001,2.70719034724,0.00272641049393,3.84149780705,-0.0185443991886,0.066389860353
3321,0.0774194042239,0.202212020761,-0.622666415882,2.70063371244,0.00271985385913,5.95102655016,-0.00377232861206,0.0639758433088
3322,0.0805035142109,0.200487080692,-0.545117114681,2.70744097784,0.00272666112453,6.4873271285,-0.00403186303081,0.06220896364
3323,0.0864433242215,0.19399416121,-0.5389121407,2.7007546873,0.00271997483399,7.63442176858,0.00193075111643,0.0541366777621
3324,0.0842978394735,0.200294104074,-0.624514315626,2.70311328323,0.00272233342992,7.20184426348,0.00113122303254,0.0648918226626
3325,0.0789234243976,0.195732919892,-0.554433350358,2.70813736072,0.00272735750741,6.2077769217,-0.00669736635077,0.0591917771073
3326,0.0961004848317,0.20394407396,-0.617190758015,2.70320574273,0.00272242588942,9.86836382475,0.0117408037588,0.0580167232661
3327,0.0583503409465,0.209536911826,-0.630966334029,2.7227005126,0.00274192065929,3.36917581553,-0.0225839123071,0.0679064719764
3328,0.0797959297581,0.186085313214,-0.498443235096,2.69416734348,0.00271338749017,6.36087563969,-0.00573289732502,0.0637635681154
3329,0.0904295114493,0.186751706257,-0.474218029602,2.71786457844,0.00273708472513,8.49705567508,0.00464580560917,0.0587206957568
3330,0.0528593954784,0.204999477003,-0.64931990495,2.70949414343,0.00272871429012,2.81645746242,-0.0295246702989,0.0629363784028
3331,0.0828279458285,0.186760428646,-0.51989830615,2.71209623659,0.00273131638328,6.91759266365,-0.00299168335801,0.0598038376621
3332,0.0814277918595,0.191484214568,-0.597283250962,2.72014567365,0.00273936582034,6.65565276207,-0.00404315138957,0.0625062283405
3333,0.0853406141031,0.196180440699,-0.5538293415,2.70501433569,0.00272423448239,7.40942136797,0.00126383575676,0.0592116058177
3334,0.0799330741256,0.201830033995,-0.575241886166,2.71219677895,0.00273141692564,6.38522298802,-0.004077591031,0.0572468793936
3335,0.082843132372,0.193732377763,-0.552452778301,2.71411258591,0.0027333327326,6.92048044958,-0.00123124939599,0.0628724350739
3336,0.0683092697838,0.203938910254,-0.66137134671,2.71911983467,0.00273833998137,4.57392603105,-0.0140570148682,0.0657978872428
3337,0.0636802308053,0.198756511024,-0.579352730322,2.71616191711,0.0027353820638,3.97880344934,-0.0200082613135,0.0636900350839
3338,0.058098230259,0.206234418702,-0.623170911124,2.7085473588,0.0027277675055,3.34219439356,-0.0241783329053,0.0599277266714
3339,0.0978542292426,0.182275820968,-0.465472599091,2.70829914248,0.00272751928918,10.3296674588,0.0100058055349,0.0593567609103
3340,0.105959382668,0.183950989425,-0.428589681728,2.71478386502,0.00273400401171,12.7176111686,0.0189472065602,0.0583964308991
3341,0.0646187903328,0.185122443618,-0.460297825543,2.71068035316,0.00272990049985,4.09430017925,-0.0202498892714,0.0680115658968
3342,0.077917089578,0.190275590733,-0.53146690073,2.70276605329,0.00272198619999,6.0349967192,-0.00682073144511,0.0610880901888
3343,0.055784067002,0.192552951291,-0.564702778469,2.70052199393,0.00271974214063,3.10189906028,-0.0273557154025,0.0582104443127
3344,0.0684903129431,0.205760041878,-0.601840010895,2.71483344662,0.00273405359332,4.5985389342,-0.0134976803648,0.0646514023686
3345,0.0912020103496,0.190118934435,-0.540612989813,2.71194926819,0.00273116941489,8.67355226378,0.00491670375637,0.0606797563362
3346,0.0888811824928,0.205581497481,-0.61922177664,2.71004581399,0.00272926596068,8.15257784525,0.00418308389017,0.0637424811533
3347,0.0971913745588,0.196764376034,-0.53931241994,2.6969242601,0.00271614440679,10.1531398566,0.0110548986355,0.0611163068721
3348,0.0802567167571,0.19915120244,-0.569874552604,2.72421929312,0.00274343943981,6.44298689485,-0.00261492594336,0.0590211703369
3349,0.0870941191855,0.203022920415,-0.612309563896,2.71684634596,0.00273606649265,7.76991637954,0.00284883250658,0.0605333670431
3350,0.109146895035,0.191690475271,-0.501302652948,2.71324225292,0.00273246239961,13.7835028282,0.0230128015909,0.0605202431677
3351,0.0787103310321,0.18219770384,-0.494987442151,2.70104766583,0.00272026781252,6.17085324208,-0.00719010109978,0.0643856318782
3352,0.0852680494209,0.200806701354,-0.495824010348,2.70980441643,0.00272902456312,7.39481444843,0.000635902941284,0.0612338693635
3353,0.080613858277,0.190743916105,-0.507547736919,2.70783225791,0.0027270524046,6.50723387762,-0.00402042335353,0.0614070659625
3354,0.0651023283023,0.194843884075,-0.561474265862,2.70501492164,0.00272423506833,4.15480429817,-0.0182785364722,0.065373259141
3355,0.0897212961952,0.195544384325,-0.614735632538,2.71358274042,0.00273280288711,8.33797007888,0.00405260767444,0.0561053767562
3356,0.0716546654356,0.203618924958,-0.559379000004,2.71378705018,0.00273300719687,5.04599072748,-0.0113302328295,0.0587985863926
3357,0.083987528632,0.185485138936,-0.486332142588,2.70517365298,0.00272439379967,7.14103031951,-0.00225601704587,0.0558832759345
3358,0.0987787364869,0.189218027262,-0.512239666155,2.71000270619,0.00272922285288,10.5803692925,0.0114248031025,0.0587370656478
3359,0.0742933466788,0.201710623361,-0.599926787557,2.70648877594,0.00272570892263,5.44521846407,-0.00693131962805,0.0628286653707
3360,0.078511730803,0.196095977832,-0.558951009499,2.70569207972,0.00272491222641,6.13660464757,-0.00675730385926,0.0612806624247
3361,0.0798471187977,0.200358302493,-0.610894600285,2.70955919872,0.00272877934541,6.36995422917,-0.0051185417622,0.0643350841673
3362,0.0542524935355,0.198814435857,-0.607178390327,2.70290738879,0.00272212753549,2.94995336889,-0.0284286899932,0.0602393700511
3363,0.102279633064,0.203693099014,-0.529696138538,2.70645830199,0.00272567844868,11.5789459743,0.0172150948907,0.0638288429163
3364,0.0740521393006,0.192066735982,-0.592165089037,2.70653355504,0.00272575370173,5.40769671391,-0.0106349838434,0.0570370652482
3365,0.0788290341658,0.201438925844,-0.588276047473,2.70992933352,0.00272914948021,6.19139898847,-0.00545688126461,0.0592778778061
3366,0.0743755990796,0.204091664402,-0.587210465689,2.70639142641,0.00272561157311,5.45806172406,-0.00852171496635,0.0600037255177
3367,0.0781460069904,0.193728713027,-0.602664696099,2.70415018757,0.00272337033426,6.07394667458,-0.00600472664201,0.0572795469729
3368,0.0786244512583,0.192777298506,-0.590437588676,2.71992181334,0.00273914196004,6.15602393213,-0.00652196640345,0.0604882523063
3369,0.0873685981556,0.200535064519,-0.50185253728,2.71154946161,0.0027307696083,7.82767342329,0.00292239600125,0.064643433534
3370,0.0796925445999,0.193863936193,-0.555798676601,2.71152608412,0.00273074623081,6.3425726307,-0.00574383077987,0.0604603130505
3371,0.0660503084351,0.203795063483,-0.594633865645,2.71478227595,0.00273400242264,4.27543443102,-0.0154488111189,0.0654492769486
3372,0.0767945925742,0.19110011247,-0.557070783246,2.71586116015,0.00273508130684,5.84697121851,-0.0074128322205,0.0617173846236
3373,0.0893161272934,0.190150059013,-0.465024642392,2.70231735105,0.00272153749775,8.24811303545,0.00511128349848,0.0629284151824
3374,0.0931108525298,0.187194214108,-0.427093819884,2.71321749009,0.00273243763679,9.12330416102,0.00793158287544,0.057750883416
3375,0.090531103673,0.197344880478,-0.53966571998,2.70522111011,0.0027244412568,8.52008885776,0.0050918603598,0.0592449936885
3376,0.0780116131108,0.196000685795,-0.522223546364,2.70185703001,0.0027210771767,6.0510546967,-0.00654419587799,0.0562705785264
3377,0.0980284294184,0.191145777895,-0.495403810638,2.70310816334,0.00272232831004,10.3765033684,0.0111465200445,0.0644776461032
3378,0.0863805460941,0.191237458776,-0.538809578863,2.70035836478,0.00271957851147,7.6214584235,0.00109962847811,0.0548709905232
3379,0.0879536467562,0.196195644747,-0.531172191695,2.70303897032,0.00272225911701,7.95200498531,0.00304535658834,0.0647341735259
3380,0.0896311390961,0.189949845304,-0.518940410245,2.70535184703,0.00272457199372,8.31790300332,0.0041286645248,0.0605672443472
3381,0.0652937501877,0.20065055201,-0.575881425606,2.70892760755,0.00272814775425,4.17894693283,-0.0186802409019,0.0575302894216
3382,0.0634932780704,0.198051238372,-0.653461853098,2.72153546362,0.00274075561031,3.95610019968,-0.0193927687799,0.0650620005903
3383,0.0717780551085,0.194421861847,-0.530370896931,2.7006307884,0.00271985093509,5.06411718173,-0.0121112920079,0.064821318153
3384,0.0974107646598,0.182198528358,-0.548598988954,2.70429814137,0.00272351828806,10.2112716795,0.0102864077719,0.0585634530583
3385,0.0919833331285,0.189803946032,-0.496954810724,2.7081482507,0.0027273683974,8.85527097596,0.00673078579978,0.0597363998304
3386,0.0704278557248,0.191920793455,-0.555939193354,2.71077997747,0.00273000012416,4.8685785145,-0.014355835054,0.0589542144144
3387,0.0854142740197,0.190304593106,-0.488312184198,2.70458834035,0.00272380848704,7.42427374597,0.000849063565036,0.0601103775442
3388,0.0856601407302,0.193207917045,-0.534158434397,2.71379737601,0.0027330175227,7.47403177156,0.000541622534298,0.0577983401723
3389,0.0756222017978,0.203055558791,-0.55860658155,2.70548600197,0.00272470614867,5.65575066777,-0.00879343124477,0.0615568708373
3390,0.0863551557162,0.200706691415,-0.603404309423,2.7159998985,0.00273522004519,7.61622076404,0.00275355946592,0.0708862934062
3391,0.0585286343492,0.20215522422,-0.599710350696,2.71226822068,0.00273148836737,3.38835439375,-0.0236000779269,0.0565291399213
3392,0.0833287785521,0.200533503411,-0.609424670866,2.71141901997,0.00273063916666,7.01336402664,-0.000288531556825,0.0701678052844
3393,0.0942175041043,0.192642959256,-0.5361464619,2.7059064837,0.00272512663039,9.39318444313,0.00720015113824,0.0577685166849
3394,0.0888513045932,0.183212220199,-0.449354269574,2.70139956396,0.00272061971066,8.14605014419,0.0026373090507,0.0579068296697
3395,0.0836558979407,0.195552629073,-0.507318658309,2.70081796262,0.00272003810931,7.07651750543,-0.00148211405473,0.0577637147768
3396,0.0718913722408,0.199809921136,-0.591285673968,2.71364794365,0.00273286809034,5.08080995963,-0.010957927165,0.0588470781294
3397,0.103637015111,0.196239231427,-0.552289474867,2.71047482635,0.00272969497305,11.9879716655,0.0176820830706,0.0627465795769
3398,0.0864373022752,0.187478549925,-0.463886750334,2.71236016811,0.0027315803148,7.6331774569,0.000957375715202,0.0652942429961
3399,0.0859399588278,0.189076539499,-0.522875612767,2.71636825306,0.00273558839975,7.53100464238,0.00137280899129,0.0582520425445
3400,0.103602293657,0.186906470232,-0.529517905363,2.70014905078,0.00271936919747,11.9773513261,0.0163372801939,0.0593616633377
3401,0.0893772850605,0.185072601018,-0.513856331678,2.70645043093,0.00272567057762,8.26162292693,0.00302029720624,0.0622143461163
3402,0.0851520219722,0.194476323722,-0.567371347841,2.70763199054,0.00272685213723,7.3715093614,-0.000349045269811,0.0587217005022
3403,0.0744341280141,0.203639021213,-0.641210723941,2.70988353546,0.00272910368215,5.46721567689,-0.00907679859559,0.0657496426044
3404,0.084774479835,0.191644019994,-0.509796370205,2.71835627851,0.00273757642521,7.29610661806,-0.000761477993894,0.0614091087785
3405,0.0814788737636,0.193263716586,-0.591306501223,2.7053859404,0.00272460608709,6.66506091684,-0.00367528262587,0.0616183153198
3406,0.0940364911565,0.197823391103,-0.558317350985,2.70463764688,0.00272385779357,9.34857230971,0.00848688665451,0.054091987064
3407,0.094804859401,0.191844313172,-0.540486776832,2.71161125829,0.00273083140499,9.53922012696,0.00933489771309,0.06637445314
3408,0.0783144298981,0.194820155509,-0.504724149573,2.7044223226,0.0027236424693,6.10273589458,-0.00697252261733,0.0583191097621
3409,0.0767471232082,0.201871310236,-0.546770561473,2.71936474377,0.00273858489046,5.8391272477,-0.00625539239671,0.0628508091638
3410,0.0964344120193,0.180370402205,-0.536008841932,2.70991994994,0.00272914009663,9.95478429243,0.00828852221548,0.0631472565045
3411,0.0974727959637,0.192032027558,-0.582614016543,2.70172430969,0.00272094445638,10.2277608834,0.0117458036075,0.0594610835309
3412,0.0873375438418,0.192640950489,-0.539459088371,2.70169425048,0.00272091439718,7.82112053774,0.00277388392666,0.0559276602498
3413,0.0710045336059,0.19387597291,-0.545234028815,2.70862819968,0.00272784834637,4.95134081726,-0.0134175641387,0.0555030875928
3414,0.0962421782747,0.190041990111,-0.496361186946,2.71049919415,0.00272971934084,9.90495376756,0.0108338917651,0.0613162526202
3415,0.080607267354,0.194733871685,-0.516234043412,2.70540475129,0.00272462489798,6.5060434068,-0.00449335553295,0.0589857262287
3416,0.0914935750097,0.192048638306,-0.560032035748,2.70531382933,0.00272453397602,8.7409838227,0.00670208165565,0.0613318069481
3417,0.0723673907034,0.194435620166,-0.567167519155,2.70521933255,0.00272443947925,5.15141626806,-0.0117681901584,0.0582460495147
3418,0.0952554071212,0.20855303591,-0.609352795799,2.72217274859,0.00274139289528,9.65257614408,0.0110917935984,0.0605755105312
3419,0.0956485169066,0.193247311987,-0.510983614676,2.70468331486,0.00272390346155,9.75243787861,0.0102347218906,0.0572454336109
3420,0.0751568509563,0.19594412244,-0.492637829063,2.71060132473,0.00272982147143,5.58128312533,-0.00966782369463,0.0614700055084
3421,0.0884031008877,0.187629247382,-0.47508613579,2.70209155959,0.00272131170628,8.04866257195,0.00179844416781,0.0581251468273
3422,0.0667002730493,0.18713854993,-0.521965301197,2.70303956578,0.00272225971247,4.3597057908,-0.0178673749575,0.0583891584844
3423,0.0729672425769,0.187465383017,-0.487099456455,2.71298666681,0.0027322068135,5.24151351863,-0.0122638744508,0.065177293503
3424,0.0772687488086,0.192685763923,-0.524862238649,2.71310278995,0.00273232293664,5.92579835586,-0.00670223318993,0.0566553821616
3425,0.089052812833,0.191922345006,-0.603381817194,2.70836185293,0.00272758199962,8.19016237938,0.00367156012153,0.0549754447536
3426,0.0885636045372,0.188986930145,-0.47038585426,2.7013089254,0.00272052907209,8.08342231446,0.00280811012601,0.0597009785159
3427,0.0785180225559,0.187993647615,-0.501989722393,2.70803634706,0.00272725649375,6.13768724331,-0.00748868553461,0.0561014177352
3428,0.0758329693399,0.194759469755,-0.545111370746,2.7131798926,0.00273240003929,5.68974459973,-0.00800780375669,0.0610224307131
3429,0.066359765979,0.195101253993,-0.565823690215,2.70966847794,0.00272888862463,4.3153971072,-0.017326268111,0.0555341750505
3430,0.104362525777,0.191423018771,-0.413088804701,2.70619609696,0.00272541624365,12.2118067207,0.017840971928,0.059015377607
3431,0.0636048551879,0.205716219836,-0.597458538788,2.70937851145,0.00272859865814,3.96963794593,-0.0183968574049,0.0590518231519
3432,0.0831562498883,0.201777396798,-0.584319492039,2.71791654041,0.0027371366871,6.98024727758,-0.00103819813286,0.0638637541917
3433,0.0809335026422,0.197291113522,-0.532807551848,2.6965652185,0.00271578536519,6.56518734113,-0.00201043265269,0.0596454421649
3434,0.0778053009799,0.192364786663,-0.506551677454,2.7109707264,0.00273019087309,6.01605107664,-0.00570213783295,0.0621402946551
3435,0.0666627774248,0.198780333754,-0.501846570868,2.70322040849,0.00272244055518,4.35480930468,-0.0159134653117,0.0671063758411
3436,0.0523829177515,0.20312319948,-0.529350941064,2.71729053503,0.00273651068172,2.77180207131,-0.0295803496828,0.0647654102921
3437,0.075596319852,0.195317944388,-0.536347078946,2.69950726982,0.00271872741651,5.65158773119,-0.00776539700608,0.059355231849
3438,0.0802896786766,0.193521530316,-0.502510445427,2.70877389484,0.00272799404153,6.44889427134,-0.00445199894367,0.06246746839
3439,0.0737436845109,0.19379827736,-0.490355965612,2.7079691439,0.00272718929059,5.36002003867,-0.0108811238703,0.0626122811404
3440,0.0962958724501,0.194085294289,-0.571813125097,2.70266991253,0.00272189005922,9.91885030642,0.0101307658004,0.0565734051381
3441,0.0734609421218,0.19391390588,-0.475727840335,2.70507407716,0.00272429422385,5.31661740558,-0.0118646803138,0.0638742961435
3442,0.099785257178,0.198439523126,-0.584657582075,2.70789026571,0.0027271104124,10.8593744212,0.0129159289516,0.0613681478112
3443,0.0801185326232,0.203655032881,-0.595862754926,2.71459249032,0.00273381263701,6.41827077085,-0.00414939085399,0.0632765729799
3444,0.0945736994723,0.19217730555,-0.50968726033,2.7122917272,0.00273151187389,9.48151230818,0.00947524568227,0.0534751744322
3445,0.0860921388329,0.195868903714,-0.595341440975,2.71152115242,0.00273074129911,7.56214396475,0.00178585688889,0.0601287283713
3446,0.081788550434,0.188699867773,-0.503323497412,2.70006759633,0.00271928774302,6.72233493007,-0.00426432083602,0.0644335001208
3447,0.100540751061,0.192895358308,-0.513962579076,2.70920319956,0.00272842334625,11.0730303517,0.0141261989469,0.0613298153968
3448,0.0771785003831,0.191625590313,-0.533589750869,2.70901603459,0.00272823618128,5.9107278829,-0.00731570860222,0.058127099682
3449,0.0726177945756,0.190711857565,-0.489057088376,2.71725645695,0.00273647660364,5.18887361268,-0.011389373394,0.0532627814067
3450,0.0840953545815,0.19859734095,-0.536926841023,2.70090061777,0.00272012076446,7.16211246053,0.000210297818773,0.0631735709374
3451,0.0793737369525,0.200556464149,-0.576902330994,2.70328074948,0.00272250089617,6.28640696995,-0.00519416744095,0.0589612756024
3452,0.0645552871984,0.204689673547,-0.606092526084,2.71191810781,0.0027311382545,4.08640507293,-0.0179894631549,0.0602257493743
3453,0.0693460846522,0.189072551977,-0.548160634063,2.70450747105,0.00272372761775,4.71630292122,-0.0151012626234,0.0631895392296
3454,0.0675579712072,0.194272387152,-0.521252176578,2.706183425,0.0027254035717,4.47289385518,-0.0160606308468,0.0614236991411
3455,0.0958373062918,0.190611009723,-0.492702559429,2.71050120902,0.00272972135571,9.80071542754,0.00945620721548,0.064035049085
3456,0.0950252477824,0.188308496491,-0.548667172811,2.71298249435,0.00273220264104,9.59452328433,0.00947920094149,0.065592884515
3457,0.086496419959,0.191615333708,-0.456397094203,2.69476519796,0.00271398534465,7.64540037958,0.00113458786066,0.059222932124
3458,0.0768538830807,0.199866092392,-0.576615916164,2.71481353355,0.00273403368024,5.85678069814,-0.00695902010222,0.0597315275628
3459,0.0786401088496,0.193672538783,-0.484602682975,2.70592211538,0.00272514226207,6.15872541052,-0.00571623405113,0.0604651437384
3460,0.0952049252339,0.191290845277,-0.521658444428,2.71665796093,0.00273587810762,9.63981702096,0.00943913801191,0.0579674974145
3461,0.0722256406781,0.19771351161,-0.585895942924,2.70702945156,0.00272624959825,5.13030893238,-0.0126038652963,0.0594169701689
3462,0.0766882305603,0.192774621602,-0.527761659781,2.7050759869,0.00272429613359,5.82940767103,-0.00808699756384,0.0606714618587
3463,0.0666632660611,0.197063335037,-0.614732582269,2.70844640738,0.00272766655407,4.35487308715,-0.0169419162867,0.0597812757144
3464,0.0716715516417,0.20521348428,-0.604550246434,2.70588497239,0.00272510511908,5.04846830049,-0.0110317050334,0.0617390194113
3465,0.0911161987841,0.198279204647,-0.623655552104,2.70225920801,0.0027214793547,8.65379185203,0.00612449503318,0.0586182279084
3466,0.0936650209496,0.204008893765,-0.575021498121,2.7153040501,0.00273452419679,9.25759636647,0.0104017420197,0.0700843879317
3467,0.0653900902143,0.199420157487,-0.490300655182,2.70566786901,0.0027248880157,4.19113868442,-0.0176681652308,0.0565079091162
3468,0.0736163158956,0.191615015768,-0.510242327879,2.71877333136,0.00273799347806,5.34043282572,-0.0106072781504,0.063344283513
3469,0.0869816247893,0.19458047489,-0.549866550721,2.70343454617,0.00272265469286,7.74634995429,0.00248777797614,0.059092281477
3470,0.094092733913,0.192446293106,-0.527188567967,2.7000265471,0.00271924669379,9.36241404573,0.00655866676188,0.0563344662156
3471,0.0743673538543,0.200007179497,-0.512355793923,2.71133426977,0.00273055441646,5.45677316855,-0.00921139553027,0.0636389887322
3472,0.0909555336357,0.195047596307,-0.543088392783,2.7098545258,0.0027290746725,8.61689871221,0.00540539113375,0.061263602711
3473,0.0761217538579,0.203681814512,-0.563503675663,2.71764149597,0.00273686164266,5.73659278653,-0.00668725041742,0.0583334110011
3474,0.0768817792912,0.186076468944,-0.503074952635,2.70548849584,0.00272470864253,5.86140073618,-0.00841713243693,0.0599344634255
3475,0.0815630947823,0.188732353992,-0.602102231444,2.70509937018,0.00272431951687,6.6805968419,-0.00384799492186,0.0596492164771
3476,0.101983589944,0.185429148927,-0.496944903358,2.70399207995,0.00272321222664,11.4913979677,0.0145562652434,0.0541934974762
3477,0.078136296883,0.205399389038,-0.608669952759,2.70939797326,0.00272861811995,6.07229031146,-0.0056044432013,0.0591523292945
3478,0.0603511952838,0.200654476733,-0.512848022159,2.71170012577,0.00273092027246,3.58910321838,-0.0228768921523,0.0605701030804
3479,0.0854681410617,0.196632203278,-0.571164741616,2.71797223403,0.00273719238072,7.43515116191,0.00091640521006,0.0604694814194
3480,0.0907133687759,0.20654324568,-0.571222225695,2.70277315741,0.0027219933041,8.56154704582,0.00751305118606,0.0628260950528
3481,0.0884517397864,0.186275989023,-0.494566044965,2.70783741248,0.00272705755917,8.05918260734,0.00283234844077,0.0617694970217
3482,0.0861724375265,0.20645139217,-0.570508000696,2.70638298613,0.00272560313282,7.57861883431,0.00121962325173,0.0622761479877
3483,0.0962130899415,0.188194052734,-0.428239722656,2.70838656029,0.00272760670698,9.89743254705,0.00984831100316,0.0612043227893
3484,0.0958173176918,0.189705295405,-0.486620421352,2.7036456883,0.00272286583499,9.79559405926,0.00889367182629,0.0567900805819
3485,0.108942579106,0.187856158183,-0.489734191547,2.70304149253,0.00272226163922,13.7128569267,0.021197814751,0.0573360164017
3486,0.0985787355982,0.182710882081,-0.44513536267,2.71142927501,0.0027306494217,10.5256862805,0.0106487595295,0.0621945847719
3487,0.0741688400364,0.196085131621,-0.566181627923,2.70820303679,0.00272742318348,5.42582415017,-0.00931890344215,0.0571646223555
3488,0.076733678119,0.194802802271,-0.479976506904,2.69792881631,0.002717148963,5.83690711426,-0.00697319029956,0.0588993395549
3489,0.0734220573168,0.204170495882,-0.536235845146,2.7140374799,0.0027332576266,5.31067068108,-0.0100175366436,0.061192026588
3490,0.0773757051372,0.203761270179,-0.590070351019,2.71379861498,0.00273301876167,5.94369978031,-0.00545419816053,0.0650632563314
3491,0.0893582336011,0.19070576155,-0.55773074257,2.70496800102,0.00272418814771,8.25741238205,0.00273067595416,0.0657557593284
3492,0.104668605262,0.191184276865,-0.47396902565,2.71493256057,0.00273415270726,12.3073469728,0.0186778637949,0.062722495397
3493,0.0973330751958,0.196143517715,-0.53257535101,2.71274989636,0.00273197004305,10.190653054,0.0116891267313,0.0550678170932
3494,0.0724804083074,0.208636094736,-0.59373854056,2.70828115763,0.00272750130433,5.1682952441,-0.00982915708996,0.0612739437671
3495,0.0666835023076,0.193384566798,-0.521655677519,2.70664876572,0.00272586891242,4.35751519789,-0.0174402102147,0.0583401272563
3496,0.102963498724,0.19774964525,-0.565322011806,2.69967464122,0.00271889478791,11.7834450396,0.0170316743645,0.0573735211018
3497,0.0936045728519,0.193502372969,-0.429000666993,2.71257095906,0.00273179110575,9.24286509957,0.0078405304862,0.0613692959378
3498,0.0924939968525,0.20350973867,-0.601646295344,2.71049169343,0.00272971184012,8.97580917786,0.00778030703881,0.0592278666392
3499,0.0970919445494,0.202561664865,-0.526651660825,2.72113547747,0.00274035562416,10.1268894189,0.0123585921232,0.0604267335938
3500,0.0629586560082,0.195415683542,-0.571123703982,2.71553185609,0.00273475200278,3.89172454574,-0.0207104342166,0.0594363367479
3501,0.0760780811059,0.195364530186,-0.587854615098,2.70754416177,0.00272676430846,5.72948776584,-0.00793424337349,0.0576832517175
3502,0.0694256761195,0.198016711297,-0.583850399706,2.7060898466,0.0027253099933,4.72737588318,-0.0141620191339,0.0622050121512
3503,0.0857564231636,0.19339438801,-0.599683870355,2.70387369193,0.00272309383862,7.49359412103,0.00255563752601,0.060844033422
3504,0.0694715993786,0.204595917602,-0.594471403937,2.70474632914,0.00272396647583,4.73377422067,-0.0133977223645,0.0622049406793
3505,0.0880214215367,0.192353149484,-0.535502058938,2.71073365843,0.00272995380512,7.96651649162,0.00173771275602,0.0556637635472
3506,0.0801037093267,0.185886433551,-0.519664298984,2.70738420848,0.00272660435517,6.4156241132,-0.00591586647943,0.0629930658805
3507,0.090541079562,0.190345515794,-0.511885493058,2.70412134443,0.00272334149112,8.5223535043,0.00492726998,0.061835317632
3508,0.0784976389696,0.190734733364,-0.470421694806,2.71570437372,0.00273492452041,6.13418049727,-0.00632330181756,0.0635483955794
3509,0.0781942278929,0.195890759823,-0.510574723935,2.70826006317,0.00272748020986,6.08217778798,-0.00549329656944,0.0569239647049
3510,0.075826954462,0.194910230492,-0.601890432749,2.71225885739,0.00273147900408,5.68877217194,-0.00907872154831,0.0571419567769
3511,0.0681102926357,0.201470738702,-0.645117767987,2.72401849204,0.00274323863873,4.5469950125,-0.0140555631637,0.0626631663035
3512,0.0875249344549,0.19493067085,-0.463145154151,2.71126380591,0.00273048395261,7.86073368288,0.00252048299155,0.0656670870191
3513,0.0739084545274,0.199573265232,-0.613573754937,2.71737388576,0.00273659403245,5.38544530911,-0.00880666961087,0.0575217249055
3514,0.0678819205334,0.193888643571,-0.586342074975,2.7091723854,0.00272839253209,4.51623966729,-0.0154924550965,0.0588907878462
3515,0.0928628428037,0.186018765209,-0.472423206385,2.71021901386,0.00272943916055,9.06375279268,0.00608229587812,0.0613672628445
3516,0.0802443367496,0.198492681281,-0.53228710767,2.7091393103,0.002728359457,6.44076933584,-0.00434960864319,0.0617032851384
3517,0.10747611036,0.182871695945,-0.444785764531,2.69775176541,0.00271697191211,13.2152409437,0.0193089676973,0.0609467793946
3518,0.0913472997881,0.186775098126,-0.491971854466,2.71187831978,0.00273109846647,8.70709775072,0.00549151249559,0.0581659054616
3519,0.0919828492542,0.196493432233,-0.538058186193,2.70990815527,0.00272912830196,8.85515742812,0.00512597920266,0.0596555358918
3520,0.0838055989699,0.191147850459,-0.466157595723,2.70259436078,0.00272181450748,7.10557806039,-0.00176670989684,0.0611067071848
3521,0.0547582692839,0.198992378569,-0.582377427987,2.70513460883,0.00272435475553,2.999522154,-0.0267749531717,0.0552738181406
3522,0.0778544472879,0.190714944889,-0.565735069264,2.71273068802,0.00273195083471,6.02437421495,-0.00648259746002,0.0568812998109
3523,0.0632649764007,0.188481327627,-0.518104358128,2.70482019406,0.00272404034075,3.92851058588,-0.0212526480035,0.0589668505961
3524,0.0974233544553,0.19149329869,-0.526910207594,2.70009390776,0.00271931405445,10.2146164232,0.0111236922683,0.0586052728733
3525,0.0577117097175,0.192033641808,-0.568121997336,2.71099347357,0.00273021362027,3.30113900719,-0.0243448214016,0.0701460439255
3526,0.0935583619525,0.19174347377,-0.525561668343,2.70779172887,0.00272701187556,9.23161717533,0.00670297181979,0.0630202816664
3527,0.0929614944586,0.198370572355,-0.529373060849,2.71171690468,0.00273093705138,9.08740028182,0.00794425334553,0.0595333084517
3528,0.0882797586067,0.193924313787,-0.547868085232,2.7075592295,0.00272677937619,8.02203768943,0.00195272087449,0.0551413227468
3529,0.0764339984234,0.186672041404,-0.553245207112,2.71090791665,0.00273012806334,5.78760169663,-0.00886677880322,0.059487338099
3530,0.0927801677654,0.203539463928,-0.568874927087,2.71906763742,0.00273828778411,9.04397607244,0.00755979107718,0.0605572523966
3531,0.0783518453063,0.199359206993,-0.627579431111,2.70873855009,0.00272795869678,6.10914674048,-0.0053719349423,0.0577464506308
3532,0.0894769460658,0.188970794673,-0.50787202484,2.7102359479,0.00272945609459,8.28367893964,0.0030390388802,0.0602966604199
3533,0.0847191505685,0.191210051149,-0.517653795071,2.70385847643,0.00272307862312,7.28511126676,-0.000117005832872,0.0626661545641
3534,0.0686350844605,0.198246640984,-0.580508157481,2.70901983103,0.00272823997772,4.61829585274,-0.0154217428507,0.0566379344935
3535,0.082050042624,0.20428059941,-0.648028252753,2.70646573774,0.00272568588443,6.77101756182,-0.00201710389358,0.0586210042637
3536,0.105291694137,0.181686785423,-0.41980567871,2.71339348293,0.00273261362962,12.503896009,0.0173500201043,0.0677839918438
3537,0.0892679281546,0.204492943788,-0.62660951773,2.70602942239,0.00272524956908,8.23747908849,0.0035310118468,0.0656864081554
3538,0.0688308805718,0.200823658099,-0.574105278684,2.70841649262,0.00272763663931,4.64512275161,-0.0143611527925,0.0594181346287
3539,0.10748679959,0.193100240696,-0.520509092769,2.7028095731,0.00272202971979,13.2188088617,0.0199016530477,0.0605223544955
3540,0.0800549519616,0.196534104468,-0.580315029049,2.71157977229,0.00273079991898,6.40692502689,-0.00488130146284,0.0602435449842
3541,0.0753550890318,0.204128032878,-0.606431849789,2.71499365883,0.00273421380553,5.61290760258,-0.00675933267125,0.0619084815482
3542,0.0825189518903,0.199190464456,-0.512204841582,2.72443698132,0.00274365712801,6.85905553143,-0.00027723472437,0.0637793674422
3543,0.0995870791678,0.187230549567,-0.502544597345,2.70104727861,0.0027202674253,10.8039338639,0.0133047283601,0.0610912528397
3544,0.0901782491956,0.196614526176,-0.500722263468,2.70925310334,0.00272847325003,8.44031893438,0.00558857682542,0.064052789437
3545,0.0961135794503,0.200186242313,-0.597573506829,2.70954890187,0.00272876904856,9.87174033229,0.0102936725748,0.0565291338992
3546,0.0629825936722,0.205058929583,-0.603540226453,2.7145355871,0.0027337557338,3.89458968586,-0.0192203584642,0.0621643581701
3547,0.0865881714568,0.19927592285,-0.540338008128,2.72899843626,0.00274821858295,7.66440349108,0.0027912708632,0.0569397139147
3548,0.0855217772486,0.18708566704,-0.564141946548,2.71337159962,0.00273259174631,7.44599537849,-2.29561423452e-05,0.0636739556237
3549,0.071473877822,0.191351487938,-0.479602423866,2.70150222666,0.00272072237335,5.01952633627,-0.0138826955217,0.0563027134825
3550,0.0946646395427,0.204776686469,-0.595953517292,2.70429327564,0.00272351342233,9.50417865652,0.0105169458823,0.0625895691256
3551,0.0734988187737,0.206047465911,-0.620451255967,2.71744752855,0.00273666767524,5.32241513165,-0.00799413845045,0.0639672105838
3552,0.0705426837053,0.188674414219,-0.550887481835,2.71030703503,0.00272952718172,4.88496938237,-0.0129849594106,0.0619195605808
3553,0.0686196255288,0.189036508729,-0.516328731836,2.70606569141,0.0027252858381,4.61618298489,-0.0158326653015,0.0595608267857
3554,0.111918266237,0.204534060542,-0.542018283647,2.71142670421,0.0027306468509,14.7745708693,0.0252311612582,0.0620010559549
3555,0.0843307714304,0.187045851126,-0.507689614222,2.70536112538,0.00272458127207,7.20832376466,-0.00278128018869,0.0599933132353
3556,0.0657779852757,0.195024264685,-0.590095401017,2.71201725454,0.00273123740124,4.24050631955,-0.0181933051748,0.05729602019
3557,0.0744113273035,0.1951955394,-0.572616922237,2.71086502611,0.0027300851728,5.46364815258,-0.00960918603832,0.0606372690259
3558,0.0831788623746,0.19163582186,-0.482769383081,2.70080981974,0.00272002996643,6.98458022193,-0.00250610892833,0.0567609936206
3559,0.0817390270216,0.198384997455,-0.628434555245,2.7165405832,0.00273576072989,6.71314812473,-0.00195777540284,0.0608559207285
3560,0.0852206760295,0.198931762784,-0.544608202868,2.71477548581,0.0027339956325,7.38529157944,0.00153807263124,0.06624005195
3561,0.0827878257821,0.190571530487,-0.490123245279,2.70223694227,0.00272145708896,6.90996853525,-0.00258028581671,0.0629460892652
3562,0.0668247565385,0.198200795448,-0.591951709039,2.71992431546,0.00273914446216,4.37599275717,-0.0156594562431,0.0552692463122
3563,0.0834162255497,0.188354348315,-0.539965624487,2.71280130006,0.00273202144675,7.03019983606,-0.00232876300656,0.0608275921882
3564,0.0751261025799,0.194961520348,-0.528016837693,2.708288971,0.00272750911769,5.57639095133,-0.00979488251564,0.0572895448032
3565,0.0729408962653,0.194528959211,-0.493755802179,2.70307618104,0.00272229632773,5.23752982263,-0.010652763091,0.0626783550406
3566,0.0656836943836,0.195201853008,-0.517733387612,2.71434004195,0.00273356018864,4.2284644969,-0.0185870999429,0.0584281093909
3567,0.0863700553126,0.192117338066,-0.5684572474,2.71278940115,0.00273200954784,7.61929395939,0.00120260270532,0.0598967835885
3568,0.078175890556,0.188515271659,-0.569853184266,2.70460745784,0.00272382760453,6.07904659403,-0.0075991516902,0.0580967592063
3569,0.116616400685,0.18647752869,-0.53811010991,2.70759539358,0.00272681554027,16.6023089638,0.0292025095794,0.0548898296126
3570,0.0885909489949,0.191166299351,-0.568070590944,2.70717024078,0.00272639038747,8.08935699854,0.00317392736358,0.058529204889
3571,0.0825090562126,0.200591043256,-0.551278569906,2.70853674728,0.00272775689397,6.85718774603,-0.000196664502803,0.0669411166682
3572,0.0750525292883,0.193012648292,-0.600011363047,2.70306738541,0.0027222875321,5.56469937299,-0.00967159287081,0.058842521263
3573,0.0907121971429,0.194772216622,-0.494499832483,2.71657727819,0.00273579742488,8.56127999155,0.00436868676609,0.0584661709801
3574,0.0900207005071,0.200552520437,-0.475323482807,2.70846144829,0.00272768159498,8.40490976157,0.00507651336954,0.0607708900656
3575,0.0738573625257,0.183053007223,-0.476123232003,2.70073208316,0.00271995222985,5.37755098789,-0.0114124564486,0.0580471900157
3576,0.0875962666959,0.193079123234,-0.560604296064,2.70337211244,0.00272259225913,7.8758577528,0.00167577800973,0.0586673164465
3577,0.0766387951415,0.191204797307,-0.538426568102,2.71897030342,0.00273819045011,5.82125916005,-0.00830228955652,0.0583883152337
3578,0.0861348067832,0.188137972498,-0.451685192001,2.70290128042,0.00272212142711,7.57089434944,-0.000117482650502,0.0645854299365
3579,0.0687818463059,0.187393195398,-0.539284201653,2.71498125567,0.00273420140236,4.63839281079,-0.0165529847417,0.0558382834893
3580,0.0804581674288,0.20120127538,-0.625804426986,2.70939638614,0.00272861653283,6.47916101364,-0.00333990596534,0.0634698487246
3581,0.0679753535668,0.211757122544,-0.622104503585,2.71913337624,0.00273835352293,4.52880261725,-0.0141854451864,0.0647937045941
3582,0.0739499154637,0.196912677836,-0.516295916786,2.70334253585,0.00272256268254,5.39185842163,-0.00899403138633,0.0618362532309
3583,0.0914965998145,0.189246972268,-0.458947023328,2.70412840222,0.00272334854891,8.74168574696,0.00545756557562,0.0606508916738
3584,0.0847838716961,0.195608379194,-0.531545600689,2.7038603205,0.00272308046719,7.29797441536,0.000783096719737,0.0582475525099
3585,0.0952362723235,0.183997714735,-0.524893972466,2.71016392281,0.0027293840695,9.64773815943,0.00899616017263,0.0576029877334
3586,0.0854959400995,0.180952510387,-0.444560984213,2.70143455065,0.00272065469734,7.44076992616,3.28737264132e-05,0.0585724845225
3587,0.0792157277325,0.192570565597,-0.588838068994,2.69284219907,0.00271206234576,6.25872317158,-0.00581062803081,0.051828991016
3588,0.087348425292,0.195791008203,-0.629432433004,2.70448919602,0.00272370934271,7.82341614029,0.00253585132744,0.0540027054882
3589,0.0794825784589,0.187709553061,-0.510069660423,2.70877193803,0.00272799208473,6.30553542422,-0.0056835049266,0.0659378835201
3590,0.0773774616365,0.188661229413,-0.536811460793,2.71181653364,0.00273103668033,5.94399413897,-0.00732977847894,0.0631203804932
3591,0.0870747479025,0.200216062516,-0.53947659549,2.71742185084,0.00273664199753,7.76585394695,0.00150954682444,0.0628245858959
3592,0.0775727202194,0.204378928053,-0.641291771303,2.70175922207,0.00272097936876,5.97679098185,-0.0043622258264,0.0657647118698
3593,0.0838891771225,0.182308568636,-0.477075495009,2.70384368832,0.00272306383502,7.12184629015,-0.00273042294869,0.0639005329636
3594,0.0689286847442,0.188392209251,-0.497745808106,2.70628317024,0.00272550331693,4.65856942496,-0.0146951164133,0.0611078687368
3595,0.0804940419637,0.205624372607,-0.649797215154,2.70176012882,0.00272098027551,6.48562064431,-0.00294762001726,0.0616542491346
3596,0.0845466368363,0.186290399269,-0.52050092176,2.70628905362,0.00272550920031,7.25091822493,-0.00117843602128,0.054341028867
3597,0.0767284563299,0.197511503967,-0.520115960541,2.71213775848,0.00273135790518,5.83604504811,-0.00742733455199,0.0600048159154
3598,0.0664082616936,0.195838918634,-0.532086288257,2.71210560761,0.0027313257543,4.3216860618,-0.0185409567596,0.0630123515924
3599,0.0743125296028,0.202122532196,-0.631800343833,2.71339007209,0.00273261021879,5.44821157436,-0.00921310685951,0.066651990973
3600,0.076519375957,0.190873906108,-0.58724770678,2.70357359615,0.00272279374285,5.80161367383,-0.00913275375342,0.0598691985375
3601,0.0946829450858,0.188390016698,-0.530232734489,2.7006748785,0.0027198950252,9.50874691458,0.00904909443764,0.0593000800325
3602,0.071622836229,0.195074689295,-0.475997455071,2.71021990641,0.0027294400531,5.04132334483,-0.0123828061218,0.0551434977099
3603,0.0836006347204,0.187018154042,-0.473249684744,2.70477928135,0.00272399942805,7.06581492982,-0.00240021292179,0.0613947362511
3604,0.0629620111658,0.19459039241,-0.637590484838,2.71190363561,0.0027311237823,3.89212603312,-0.0209226115857,0.0599064578576
3605,0.0797096868369,0.208685050789,-0.646840320384,2.71150259553,0.00273072274223,6.34560441328,-0.0032099073796,0.0612217675028
3606,0.0847908236319,0.205707806595,-0.639173162258,2.71370786443,0.00273292801112,7.2993572353,0.000673267572456,0.0585162026018
3607,0.086599238189,0.184799577505,-0.488237320639,2.7030262442,0.00272224639089,7.66669828984,0.000437436081558,0.0579050488478
3608,0.0699339378374,0.203323441262,-0.495161175336,2.71100143381,0.0027302215805,4.79857441644,-0.0130300429969,0.0665797951108
3609,0.0919030707335,0.199880735987,-0.562246253612,2.72721193765,0.00274643208434,8.83645347698,0.0071203882855,0.0592050730017
3610,0.0716323302744,0.207718450655,-0.651452680508,2.71550706227,0.00273472720896,5.04271517337,-0.0114710081399,0.0582106523443
3611,0.0854952255696,0.19678321362,-0.537013870666,2.7176542935,0.00273687444019,7.44062545974,0.00172107915393,0.0588645247566
3612,0.0788811177155,0.206406570185,-0.688362514788,2.7192135412,0.00273843368789,6.20043173178,-0.00435119173406,0.0653513491942
3613,0.0869805423021,0.187030486889,-0.524152260229,2.71885880493,0.00273807895162,7.74612348037,0.00206587234976,0.0562177348554
3614,0.085408342505,0.191455580994,-0.527935547792,2.7185201694,0.00273774031609,7.42307681501,-0.000511296092861,0.062894903637
3615,0.0765679209734,0.194839127613,-0.550771379716,2.70458094798,0.00272380109467,5.80959317625,-0.00813614466081,0.0632936083982
3616,0.0685726803121,0.192015806389,-0.529578115858,2.70125375374,0.00272047390043,4.6097713736,-0.0152778264535,0.0597342480097
3617,0.086127912045,0.192917291169,-0.518934092407,2.72139157165,0.00274061171834,7.56947978759,0.000885429881811,0.0592287691722
3618,0.0858932744272,0.198615512925,-0.575938935217,2.7106680186,0.00272988816529,7.52147385039,0.00154789255184,0.0556861384242
3619,0.0828817923964,0.191791956942,-0.535378099139,2.71020811907,0.00272942826576,6.9278363892,-0.0011584358357,0.0599700760836
3620,0.0822028949,0.19464446974,-0.61032212519,2.70871683756,0.00272793698426,6.79961095944,-0.00285394637054,0.0598904141503
3621,0.0762672092572,0.187433150075,-0.499246731131,2.69828753999,0.00271750768668,5.76030864959,-0.00861145157946,0.0556409433659
3622,0.0948298339516,0.196750628937,-0.561909312157,2.71183202998,0.00273105217667,9.54547314247,0.00806012322937,0.0571851708275
3623,0.0893520402441,0.19620951975,-0.506247896195,2.71030728577,0.00272952743247,8.25604399058,0.00502083740301,0.0559340119492
3624,0.08438245896,0.196896000494,-0.494832360975,2.70368868719,0.00272290883389,7.21850342982,-0.000182789090936,0.0591225049834
3625,0.0679161857726,0.194163640667,-0.567580021005,2.71616949133,0.00273538963803,4.52084376027,-0.0157549786276,0.0571845297636
3626,0.0812083517602,0.187461374447,-0.572495907115,2.70362417276,0.00272284431946,6.61536291078,-0.00333673531357,0.0605510398758
3627,0.0741103645716,0.201650686423,-0.596560070063,2.71035551644,0.00272957566314,5.41673484534,-0.009226487044,0.0610803706071
3628,0.0871695388885,0.192326593817,-0.490656333616,2.70373021029,0.00272295035698,7.78575021148,0.00269945181271,0.0607583483351
3629,0.0760605630204,0.187142414991,-0.485686101399,2.7191456888,0.00273836583549,5.72663981362,-0.00895990321004,0.061252566544
3630,0.0865513724735,0.203529774542,-0.617427695288,2.71386250227,0.00273308264896,7.65677705072,0.00158591374283,0.0645176216528
3631,0.0845920876197,0.184740480945,-0.525900343217,2.69815329335,0.00271737344005,7.25991359781,-0.00212442281857,0.0566317832402
3632,0.0793534578444,0.193592507966,-0.505187417821,2.69971966765,0.00271893981434,6.28284832511,-0.00471636947803,0.0540717361704
3633,0.0625857817022,0.199197157333,-0.5515560804,2.71841833911,0.0027376384858,3.84730224626,-0.0183357992063,0.0620831494966
3634,0.0826148429076,0.194168949181,-0.524431813572,2.69806663524,0.00271728678193,6.87717685727,-0.00218786287601,0.0569033545917
3635,0.0800182509974,0.187796021322,-0.519388002227,2.70353270189,0.00272275284858,6.40038346711,-0.0042315363843,0.058790512509
3636,0.058915675878,0.204545945928,-0.602583192519,2.71198021481,0.0027312003615,3.43026647133,-0.0226673246129,0.0634725309607
3637,0.0884040085552,0.205192408928,-0.670073572225,2.70897970001,0.00272819984671,8.04885878242,0.00445000293651,0.0591111312971
3638,0.0999832522263,0.194735243536,-0.557225303773,2.7116120252,0.00273083217189,10.9150137804,0.0147742494062,0.061517186112
3639,0.0828761868,0.191150047373,-0.572317426594,2.71429470262,0.00273351484931,6.92676939131,-0.000375501703408,0.0591178592322
3640,0.0836523814066,0.185699506504,-0.515110558489,2.70611893765,0.00272533908435,7.0758360677,-0.00237364115761,0.0584997303135
3641,0.0726894546852,0.198472215375,-0.538321087492,2.71148569723,0.00273070584392,5.19963338404,-0.0110987757965,0.0656513175621
3642,0.0849479122247,0.198484702039,-0.552315858447,2.70128185518,0.00272050200187,7.33066309887,0.00101603218691,0.0591359080558
3643,0.0727006143851,0.200373451814,-0.569001426275,2.7079060415,0.00272712618819,5.20131063174,-0.0103256502973,0.0646031315239
3644,0.0989190956931,0.20302987513,-0.60452740193,2.71295222796,0.00273217237466,10.6188943183,0.0143644608921,0.0663383839145
3645,0.0936646788878,0.189029170536,-0.458745435478,2.70468674324,0.00272390688993,9.25751294835,0.00815407594812,0.0620475891635
3646,0.0768887594349,0.198445614857,-0.547225616696,2.71202872981,0.00273124887651,5.86255722256,-0.00691557231714,0.0621226019142
3647,0.0841332926159,0.189367114856,-0.512882749976,2.71002009228,0.00272924023898,7.16954258569,-0.00126864313285,0.0673709234022
3648,0.0834120425782,0.186302746495,-0.515818254893,2.70916638648,0.00272838653318,7.02939373188,-0.0029629956649,0.0605050702808
3649,0.0702717038242,0.188655763452,-0.584253293848,2.70591676884,0.00272513691553,4.84635937485,-0.0129037629499,0.0603658053596
3650,0.0735266567523,0.196726860368,-0.494071876979,2.70662508191,0.0027258452286,5.32667951401,-0.0102827921807,0.0613540990593
3651,0.0744263828161,0.194619250538,-0.558769811166,2.70176855795,0.00272098870464,5.46600360842,-0.0100169082814,0.0588019455438
3652,0.0675556576599,0.195606739558,-0.576532742065,2.70710731911,0.0027263274658,4.47258547363,-0.0164438702623,0.0576158115559
3653,0.0908111085732,0.190009264526,-0.502721400743,2.70910498889,0.00272832513558,8.58385048052,0.00524124675024,0.0633366051772
3654,0.0646816817286,0.190534562338,-0.572386275744,2.70472498011,0.0027239451268,4.10213084337,-0.018938858277,0.0606957788627
3655,0.0946227962268,0.191071935137,-0.447724692856,2.70381740404,0.00272303755073,9.49374357589,0.00787315458476,0.0558747989658
3656,0.0888836602708,0.191510367914,-0.535422116279,2.7058114155,0.0027250315622,8.15311938944,0.00344340804287,0.0654733084524
3657,0.0747542018588,0.187568047722,-0.469072097056,2.70106695902,0.00272028710571,5.51749646601,-0.0107271464056,0.0554321212412
3658,0.0712600189894,0.188228419081,-0.559900294139,2.69769380876,0.00271691395545,4.98836465162,-0.0149162198258,0.0584072270372
3659,0.0826928892249,0.192178983467,-0.544590082732,2.70596312727,0.00272518327396,6.89195557232,-0.00104807464296,0.0605111044736
3660,0.0808286576276,0.189641501664,-0.50253112698,2.69963869301,0.0027188588397,6.54613105726,-0.00471480449876,0.0556417829233
3661,0.0916462694921,0.178936326417,-0.496774880107,2.69060866053,0.00270982880722,8.77647830685,0.00419299490404,0.0629960872331
3662,0.0876857684894,0.204739245814,-0.6311998916,2.72207003287,0.00274129017956,7.89486929769,0.00425461057899,0.0630729474969
3663,0.0970590267216,0.182917723226,-0.458684549056,2.70079298473,0.00272001313143,10.1182119066,0.00901906101342,0.0534391229897
3664,0.0806211366055,0.193125450941,-0.521477709922,2.72416232569,0.00274338247239,6.50854872047,-0.00411297096602,0.0647938543248
3665,0.0583180794106,0.191423721352,-0.540854061686,2.70063296963,0.00271985311632,3.36571414415,-0.0250810422094,0.0556127197632
3666,0.0720161313152,0.197196892471,-0.522968933301,2.70088058695,0.00272010073364,5.09923935253,-0.0109174762605,0.0632460438987
3667,0.0722678189428,0.189168971366,-0.536010245684,2.71005015851,0.0027292703052,5.13658221233,-0.0121198186641,0.0613651010632
3668,0.0981195053337,0.205102105581,-0.637381418815,2.71278592335,0.00273200607004,10.4010643288,0.0128180132845,0.0594570663777
3669,0.0785310699054,0.193245057276,-0.557356912434,2.72030867379,0.00273952882048,6.13993274969,-0.00575774916199,0.0620646313829
3670,0.0677373489937,0.202710309763,-0.613980958399,2.71502243505,0.00273424258174,4.49685474326,-0.0162790156004,0.0632966357679
3671,0.086218958204,0.195142523924,-0.64797714385,2.70283033757,0.00272205048426,7.58817741428,0.00125699688321,0.0586009591045
3672,0.0939150006628,0.197765412831,-0.456353089403,2.72634017902,0.00274556032572,9.31873330167,0.00837262814868,0.0628475144687
3673,0.0798591821275,0.18576288201,-0.544657208028,2.70068678074,0.00271990692743,6.37209527804,-0.00572873534869,0.059766372885
3674,0.0695123094033,0.201387149819,-0.600757479273,2.70680186556,0.00272602201225,4.73945196172,-0.0139170488242,0.0579873343614
3675,0.0777100055001,0.188865187332,-0.57042947538,2.70570597874,0.00272492612543,5.99993939003,-0.00594574427437,0.0569109311014
3676,0.0719983490199,0.202799021491,-0.637977694818,2.70614763591,0.0027253677826,5.09660927631,-0.0101097423717,0.0584730914019
3677,0.0810391178179,0.194370110661,-0.51032519202,2.70488861419,0.00272410876088,6.58443038593,-0.00407487301496,0.0601447645303
3678,0.0702911636031,0.196360669859,-0.6085260661,2.72683263381,0.0027460527805,4.84912392384,-0.0137578194665,0.0649115640349
3679,0.0763905056657,0.20018151387,-0.60471357586,2.70441555951,0.0027236357062,5.780474434,-0.00769316678377,0.0574160838351
3680,0.0610807813496,0.194380036959,-0.514588741265,2.71176152276,0.00273098166945,3.67191474709,-0.0210672670983,0.0621359228612
3681,0.0573545197326,0.19876015362,-0.584928903062,2.71663897591,0.0027358591226,3.26353108261,-0.0267920903378,0.0675139043328
3682,0.0651293302222,0.196800846874,-0.493640827853,2.70265308268,0.00272187322937,4.15820328393,-0.0189177833811,0.0616653859067
3683,0.0939095578512,0.202348767374,-0.59677102882,2.71021555569,0.00272943570238,9.31739844293,0.00955626935364,0.0590046852864
3684,0.0755200288259,0.202827567059,-0.630154080632,2.71478099962,0.00273400114631,5.63933139511,-0.00789971760829,0.0582531999826
3685,0.0935301219465,0.192906227076,-0.488064873106,2.71472062265,0.00273394076934,9.2247492886,0.00834392341483,0.0638997687609
3686,0.0821104662662,0.192352021327,-0.585479927614,2.70413640497,0.00272335655166,6.78230867735,-0.00294212722291,0.0560337961023
3687,0.0944073419415,0.186682167006,-0.470317361402,2.70297737689,0.00272219752358,9.44017019023,0.00787294258857,0.0645668046288
3688,0.0816229044033,0.200462412701,-0.581785002072,2.72201974205,0.00274123988874,6.69164807199,-0.00243337593606,0.058503060647
3689,0.0812311641943,0.194424104221,-0.563740315027,2.70659482738,0.00272581497407,6.61954182643,-0.00215318470255,0.0624851697335
3690,0.0831636100726,0.194715879411,-0.504942836184,2.70886809157,0.00272808823826,6.98165736823,-0.000825826972783,0.0588451690659
3691,0.0676663626313,0.192881020094,-0.546882096757,2.704699664,0.00272391981069,4.48736050626,-0.0171860407537,0.0604428445857
3692,0.0843058333714,0.19170168081,-0.558411324208,2.70297948617,0.00272219963286,7.20341664438,-0.00135803710512,0.0531739083422
3693,0.0812781495665,0.199923560894,-0.601098840774,2.70503859098,0.00272425873767,6.62815583152,-0.00201460772932,0.0554908561551
3694,0.0882427761709,0.190256021462,-0.5135817458,2.70477038209,0.00272399052878,8.01406928568,0.00385778284783,0.0640081338664
3695,0.0801404249652,0.203352099831,-0.620140297451,2.71886576804,0.00273808591474,6.4221812479,-0.00326232444452,0.0627961301024
3696,0.0910683772515,0.194755979733,-0.564782397034,2.71121590682,0.00273043605351,8.6427965109,0.00484570884206,0.0565734431569
3697,0.0748804974755,0.190494047641,-0.560406881546,2.71370534819,0.00273292549488,5.53743963827,-0.00919747642938,0.0603073292849
3698,0.081819501329,0.189155252527,-0.515407206813,2.70326545937,0.00272248560606,6.72808179531,-0.00322278590296,0.0595454038558
3699,0.0715615270826,0.198963304092,-0.55698486244,2.70721994656,0.00272644009325,5.03234283413,-0.0108165945214,0.0602448950573
3700,0.0776151262375,0.201230131118,-0.615489725963,2.71319662467,0.00273241677136,5.9839334201,-0.00478878336781,0.0680140633938
3701,0.0894989316539,0.190054733246,-0.532988782018,2.70952407237,0.00272874421906,8.28855137323,0.00439725438247,0.0594776955891
3702,0.087235288943,0.198312428612,-0.617307415281,2.7061251805,0.00272534532719,7.79957639371,0.00247456672258,0.0616559452723
3703,0.0907468336426,0.192690321521,-0.550403802198,2.72387343218,0.00274309357888,8.56917783439,0.00454314830867,0.0620267117859
3704,0.0577936479458,0.204221206909,-0.660881642651,2.70142178001,0.0027206419267,3.30981101328,-0.0244739104758,0.0609244311542
3705,0.08522293704,0.195467565457,-0.60607279579,2.70935638693,0.00272857653363,7.38574584542,0.00132498059052,0.0617498957978
3706,0.0641439279514,0.188685107779,-0.473293908286,2.70996894486,0.00272918909155,4.03554654503,-0.0198026317292,0.0654585780806
3707,0.103281156926,0.189740685518,-0.490176898901,2.70307833059,0.00272229847728,11.8795193802,0.0160760019525,0.0572279221802
3708,0.0935408078862,0.1882311289,-0.477032681265,2.70703855961,0.0027262587063,9.22734755636,0.00662099337342,0.0577775394725
3709,0.0771578250858,0.196610239491,-0.513401389006,2.7094346182,0.00272865476489,5.90727978258,-0.00767168935451,0.0592611814882
3710,0.0768778523816,0.192552879427,-0.483165773487,2.71216648254,0.00273138662923,5.86075019906,-0.0074014271337,0.062319032912
3711,0.0653734026571,0.193094384146,-0.512834090599,2.71679512482,0.00273601527151,4.18902491347,-0.0178367101727,0.0619125045271
3712,0.0678181490278,0.194738063839,-0.586364830448,2.71755347999,0.00273677362669,4.50768075444,-0.0151235962845,0.0646669957646
3713,0.0677999786449,0.208067966985,-0.637972636932,2.71994526644,0.00273916541313,4.50524440615,-0.0136012806913,0.0660590690451
3714,0.0420986222302,0.19885429806,-0.574174595366,2.71087021525,0.00273009036194,1.92182284465,-0.0402460149277,0.0601622204165
3715,0.0897177216155,0.190588200842,-0.491574596848,2.7098099447,0.00272903009139,8.33717366205,0.00365347989537,0.057783045535
3716,0.082495537018,0.189721839295,-0.496313454485,2.70629463094,0.00272551477763,6.85463672038,-0.0024610612468,0.0658171244648
3717,0.0902965708859,0.191461689298,-0.552138916105,2.70884714698,0.00272806729367,8.46699606251,0.00513866895769,0.0630500801247
3718,0.0741194095546,0.194668098132,-0.566519346702,2.71065216574,0.00272987231244,5.41813997006,-0.01016239413,0.054740877778
3719,0.0755834190573,0.19485150306,-0.601649254995,2.70803733176,0.00272725747845,5.64951366038,-0.00925281589598,0.0535716422087
3720,0.0807349996584,0.209784588854,-0.582131668978,2.72006743589,0.00273928758258,6.52914713194,-0.00167713542811,0.0589579302695
3721,0.0848327167961,0.195373224774,-0.579364822976,2.70559016247,0.00272481030916,7.30769495915,-0.000808234755409,0.065027168068
3722,0.0904891822369,0.197478342281,-0.52948056479,2.69966803553,0.00271888818222,8.51057784799,0.00577300115504,0.0612848936358
3723,0.0686385661678,0.197117147246,-0.495032896797,2.70651548664,0.00272573563333,4.61877182466,-0.014799874886,0.0662252206227
3724,0.097931182999,0.194849503852,-0.53765164288,2.70856161169,0.00272778175838,10.3503345383,0.0121820020914,0.0652843677634
3725,0.0956073644346,0.191488598297,-0.503951352102,2.71342261986,0.00273264276655,9.741941876,0.00974047724853,0.0645229561899
3726,0.0954066053849,0.200562845469,-0.597303184833,2.7099757455,0.00272919589219,9.69087906568,0.00965622451274,0.0554242995494
3727,0.0586372971014,0.204925730694,-0.62501918261,2.71402938074,0.00273324952743,3.4000826489,-0.024673148348,0.0585959442611
3728,0.084762140279,0.191610695441,-0.498032420723,2.70707154447,0.00272629169116,7.29365321526,-0.00129887884065,0.0629801944889
3729,0.084302439183,0.202954667198,-0.626520923967,2.70413234381,0.00272335249051,7.20274898011,-0.00123040345587,0.0649703462698
3730,0.0978524451931,0.193636424408,-0.551777966529,2.70664564192,0.00272586578861,10.3291887551,0.0134200017222,0.0582301362992
3731,0.0719223370284,0.195907431564,-0.544176813663,2.7069948715,0.00272621501819,5.08537907175,-0.0122167031652,0.0574432944659
3732,0.0789066527327,0.194154937826,-0.47640119504,2.71481189475,0.00273403204144,6.20486420185,-0.00467046351146,0.0634896257583
3733,0.0620265258655,0.197785997951,-0.566862613271,2.71115821256,0.00273037835925,3.7814018366,-0.0215050378033,0.0590721927152
3734,0.0899417368775,0.193950169278,-0.486999184372,2.70673863662,0.00272595878331,8.38721071118,0.00486539200774,0.0626657010062
3735,0.090817532114,0.186473839501,-0.468850488542,2.70024808663,0.00271946823332,8.58531803135,0.0041351243846,0.059019906729
3736,0.088049734695,0.192392711494,-0.581813187888,2.70983191101,0.0027290520577,7.97258542149,0.00115803626645,0.0627866318924
3737,0.0852987338433,0.194118139396,-0.482838727783,2.70079620077,0.00272001634746,7.40098809487,-7.46955024914e-05,0.0590178475057
3738,0.0765350419182,0.195231789299,-0.501003494331,2.70999498532,0.00272921513201,5.80418775581,-0.00676613422784,0.0677226801807
3739,0.0585173946781,0.195763784588,-0.554398657322,2.71900459056,0.00273822473725,3.38714298347,-0.025750313927,0.0564545923217
3740,0.0913803482548,0.191109722539,-0.512077439946,2.70666725382,0.00272588740051,8.71474382235,0.00604099004318,0.0572481475043
3741,0.0712487368913,0.201870423775,-0.601550313996,2.71128933993,0.00273050948662,4.98672503522,-0.0113204779163,0.0631855256879
3742,0.0791258738357,0.205022897784,-0.625471232688,2.71354917939,0.00273276932608,6.24302557531,-0.0037797130935,0.064945413195
3743,0.088847333121,0.184877530701,-0.502592827594,2.7011591229,0.00272037926959,8.14518279707,0.00216560907381,0.0562170622505
3744,0.0752484473712,0.199937867242,-0.619662972656,2.71149747015,0.00273071761684,5.59587718171,-0.00812732226376,0.0600805805648
3745,0.0566790719441,0.196534868987,-0.569193823618,2.71783391804,0.00273705406474,3.19327683231,-0.0258330169839,0.0675823589724
3746,0.0630253606825,0.19588226759,-0.56326659955,2.70346735401,0.0027226875007,3.89971255995,-0.0218692583462,0.056882196747
3747,0.0545924778662,0.197973388825,-0.623781269705,2.70506523105,0.00272428537774,2.98320815951,-0.0271707735873,0.0627399759327
3748,0.0981055976842,0.181632132074,-0.456093986538,2.70053632453,0.00271975647122,10.3973104782,0.00993841124307,0.0633030399965
3749,0.0829127142662,0.21339613374,-0.610219905597,2.71465182223,0.00273387196892,6.93372469858,0.00052148356283,0.0707043663573
3750,0.0775473016864,0.193089686351,-0.551649978994,2.70392694617,0.00272314709286,5.97251311008,-0.00664752499994,0.0604902731162
3751,0.0819546042201,0.194976226234,-0.556136337108,2.70338560689,0.00272260575358,6.75321546514,-0.00326158722238,0.056182679637
3752,0.0784595085268,0.201425589908,-0.595022679334,2.72038760062,0.00273960774732,6.12762506966,-0.00378213294451,0.0665101956162
3753,0.0782183454693,0.205188613987,-0.596388321835,2.70310304815,0.00272232319484,6.08629801496,-0.00526110920414,0.0616999750893
3754,0.0994851300903,0.188094935148,-0.527108502434,2.70948984728,0.00272870999398,10.775510637,0.0114031257039,0.0602410978075
3755,0.0942343156522,0.195143925441,-0.467125067043,2.70606857492,0.00272528872162,9.39733715983,0.00815395074259,0.0577826656126
3756,0.0762954775952,0.190781024438,-0.537379593468,2.71797185758,0.00273719200428,5.76492698535,-0.0074600334931,0.0634963819656
3757,0.0668502289062,0.197266192946,-0.616271617043,2.70890336822,0.00272812351491,4.37933132919,-0.0166476981628,0.062142447613
3758,0.0787142545059,0.197136395291,-0.487153785092,2.71071477267,0.00272993491936,6.17153143415,-0.00523159214334,0.0638922187437
3759,0.0777499070324,0.192378727559,-0.598121649179,2.71074884302,0.00272996898972,6.00668124134,-0.00674689745053,0.0609592280946
3760,0.095434185064,0.189843862912,-0.544486453508,2.70135357609,0.00272057372278,9.6978800673,0.00908496572544,0.0542239319191
3761,0.0995605086397,0.191820971035,-0.547672510389,2.70109990226,0.00272032004896,10.796519697,0.0136411791456,0.0593695138651
3762,0.0706337815574,0.200040170971,-0.56144863034,2.7046423929,0.0027238625396,4.89800424979,-0.0118798743197,0.0565896568658
3763,0.0674371193738,0.197964342515,-0.602401010578,2.70755938083,0.00272677952753,4.45680739257,-0.016470573136,0.0658614792089
3764,0.0826930551856,0.185989106299,-0.480095919173,2.70163064202,0.00272085078871,6.89198702673,-0.00299690335586,0.0584895495421
3765,0.080770401459,0.1876299348,-0.553300856672,2.71458461989,0.00273380476659,6.53556256504,-0.00450318346311,0.0578165835237
3766,0.0830935018321,0.193783944314,-0.51611221599,2.71611811462,0.00273533826131,6.96823550071,-0.00191214083535,0.0648447830014
3767,0.0910162203435,0.208892025506,-0.58064245546,2.71453635315,0.00273375649984,8.63081808966,0.00777529031054,0.0642910929838
3768,0.0833310523389,0.200615392788,-0.53619577684,2.70957372891,0.0027287938756,7.01380135933,-0.00149955747979,0.0574125251279
3769,0.0849761481546,0.185004458268,-0.503998068572,2.71480642964,0.00273402657634,7.33630220525,-0.00131976343712,0.0587871179475
3770,0.0852494455732,0.190898382427,-0.469372155928,2.69564814903,0.00271486829572,7.39107351473,0.000234123400803,0.059597622716
3771,0.079211066932,0.206568939445,-0.624486714311,2.70384964442,0.00272306979111,6.25790811971,-0.00454983952965,0.0602904902911
3772,0.0904302424103,0.205379034744,-0.605520922329,2.71648147303,0.00273570161972,8.49722120839,0.00790362770799,0.0629521604067
3773,0.0767007144426,0.193970859297,-0.513016825038,2.71079412738,0.00273001427407,5.83146688701,-0.00804708621946,0.056580313815
3774,0.111673148363,0.194539042074,-0.521245819058,2.70462302705,0.00272384317374,14.6844013928,0.0239566236743,0.0590719784921
3775,0.0889827838342,0.184727833303,-0.495485096874,2.70222021619,0.00272144036288,8.17480916493,0.00302161972793,0.0616750813581
3776,0.0774541911177,0.188740279219,-0.500830764033,2.70763384093,0.00272685398763,5.95686437844,-0.00762232135485,0.0603068281883
3777,0.0726859120361,0.2013487881,-0.550733475912,2.7205398117,0.00273975995839,5.19910103262,-0.0104216417257,0.0624275393356
3778,0.0828070134747,0.18748671216,-0.474173307414,2.70423221269,0.00272345235938,6.91361394679,-0.00352570165934,0.0588901697573
3779,0.0694544440116,0.199035969186,-0.561044377336,2.71289749527,0.00273211764196,4.73138321572,-0.0130553743462,0.0557614124467
3780,0.0794363212355,0.190222867146,-0.487235059552,2.71463325116,0.00273385339785,6.29740001194,-0.00554207142068,0.0641205867063
3781,0.0952094463495,0.196079913258,-0.523540744104,2.70389024166,0.00272311038835,9.64095911799,0.010239762143,0.0571396079001
3782,0.0755400232561,0.198265286969,-0.647210885651,2.70484894486,0.00272406909155,5.64254144677,-0.00929694006671,0.0596082253603
3783,0.103535532901,0.186618595113,-0.487013221539,2.70816051056,0.00272738065725,11.9569545022,0.0157854614392,0.0607637535071
3784,0.0748262022649,0.1951108948,-0.577133806653,2.71577652447,0.00273499667116,5.52885877395,-0.0083146141653,0.067518697969
3785,0.0822011663529,0.204083326757,-0.593712345195,2.7125282332,0.0027317483799,6.79928704299,-0.00155433590812,0.0656633112319
3786,0.0849600686563,0.198027206257,-0.488740354621,2.71182327583,0.00273104342252,7.3330904569,0.00119355634599,0.0625320021137
3787,0.0927607652019,0.201725311535,-0.620379769927,2.71173234002,0.00273095248671,9.03934019654,0.00776445613987,0.0593649944014
3788,0.0904437731776,0.182888692559,-0.508878286747,2.69515042115,0.00271437056784,8.50028588514,0.00395486838818,0.0543682535238
3789,0.093449319367,0.186182187749,-0.526307507883,2.70265689863,0.00272187704532,9.20512281599,0.00652568002221,0.0574942859019
3790,0.0847496315433,0.199816940202,-0.577868909244,2.71914650115,0.00273836664784,7.2911668875,0.00197787948942,0.0650083612888
3791,0.099383850615,0.188945973348,-0.49840455284,2.71639249505,0.00273561264174,10.7473392627,0.0122056639232,0.0592669118387
3792,0.0687684729748,0.186177988654,-0.553441552585,2.70153685063,0.00272075699732,4.63655866379,-0.0166288269872,0.0592461366382
3793,0.0901415347403,0.190938123154,-0.516458455961,2.7115437925,0.00273076393919,8.4320558986,0.00353907479147,0.0556490020471
3794,0.0687510109565,0.211538636127,-0.595356972787,2.72647412417,0.00274569427086,4.63416461856,-0.0123481690671,0.065529221007
3795,0.0946821351793,0.201746692153,-0.585052794646,2.70740888576,0.00272662903246,9.50854475717,0.00917632641862,0.063074088039
3796,0.0845046619126,0.19851399742,-0.644799345885,2.70594108946,0.00272516123615,7.24261914253,0.000407734037753,0.0565895304505
3797,0.0970866816958,0.192529814858,-0.58515471926,2.70682431323,0.00272604445992,10.1255016339,0.0115578672725,0.0560208006134
3798,0.0788209603338,0.186586517257,-0.503424021302,2.71443710122,0.00273365724791,6.18999973609,-0.00708337743445,0.0610468309198
3799,0.09090135073,0.195390864116,-0.527625540169,2.70042879661,0.0027196489433,8.60448742324,0.00437848413939,0.0605559869869
3800,0.101493010794,0.188678161614,-0.576017000067,2.70875918963,0.00272797933632,11.3476087776,0.0142205634827,0.0588091690633
3801,0.0770894331534,0.19421036364,-0.527338474127,2.70182385116,0.00272104399785,5.8958855749,-0.00595193822637,0.0635181940131
3802,0.0878633015205,0.192008726964,-0.523951271065,2.71015398268,0.00272937412937,7.93269594776,0.00242441406955,0.0582852202194
3803,0.0632183985241,0.206716932626,-0.572829178589,2.70617346011,0.0027253936068,3.9228999475,-0.0196043733529,0.0576684813873
3804,0.0836584128445,0.203286633021,-0.588469491389,2.71406659903,0.00273328674572,7.07700488006,-0.000794720160942,0.0610664107773
3805,0.0775713360476,0.196081709177,-0.520809731042,2.71541731609,0.00273463746278,5.97655796444,-0.00584489811575,0.0605033035949
3806,0.083786692026,0.193818380566,-0.511251541563,2.71417267437,0.00273339282106,7.10190223014,-0.000986606227419,0.0643040864589
3807,0.0864956198379,0.198153283272,-0.540584353109,2.71506458919,0.00273428473588,7.64523483889,0.00178586663903,0.0579709318227
3808,0.0789948514204,0.204926661104,-0.576375835733,2.71591865705,0.00273513880374,6.22019427186,-0.00404006823144,0.0584365687357
3809,0.091881500556,0.201672879637,-0.663581269205,2.71696537207,0.00273618551876,8.83140224698,0.00717524573662,0.0646076104409
3810,0.0687721157146,0.192030644081,-0.531557453204,2.71023573758,0.00272945588428,4.63705820723,-0.0148643891668,0.0605257729355
3811,0.092897534727,0.194380873689,-0.464094234174,2.70977541817,0.00272899556486,9.07206260547,0.00673519010468,0.0573322626032
3812,0.0924437110819,0.183755576041,-0.503553048941,2.71189071726,0.00273111086395,8.9638769777,0.00710277515527,0.0650121287003
3813,0.0779676568872,0.186205598211,-0.480079279773,2.70828720424,0.00272750735093,6.04358288567,-0.00656340284543,0.0605229548557
3814,0.082523214861,0.186908121298,-0.513459362827,2.71169171669,0.00273091186338,6.8598602885,-0.00234480678363,0.06336431967
3815,0.0828752045061,0.200733250958,-0.578252487727,2.70774116913,0.00272696131582,6.92658243067,-0.00111085521631,0.0619393419787
3816,0.0815068276768,0.189991459285,-0.490048019885,2.7051889382,0.00272440908489,6.67021411366,-0.00448069819013,0.0604956799518
3817,0.0775018912952,0.202303197047,-0.582789767711,2.70336966807,0.00272258981476,5.96487693848,-0.00548968150227,0.0599062331019
3818,0.0822258500175,0.202912063032,-0.608899656191,2.70603628139,0.00272525642809,6.80391379891,-0.00173334391711,0.0574299677143
3819,0.0639854350055,0.193083780686,-0.530090928263,2.71859869554,0.00273781884223,4.01608201078,-0.0201667465651,0.0602732210297
3820,0.0876946115363,0.189981174416,-0.431267666412,2.71823177984,0.00273745192654,7.89674981963,0.00234943192771,0.0604981508595
3821,0.0970277383491,0.20356991116,-0.575346915465,2.71355836437,0.00273277851106,10.1099699692,0.0107218229304,0.061002223219
3822,0.0657779299281,0.193705489909,-0.530097627452,2.69938417469,0.00271860432138,4.24049924333,-0.0184581017168,0.0635044981786
3823,0.101548112558,0.182691280737,-0.448944922749,2.70628407183,0.00272550421852,11.3636794645,0.0137640278641,0.0606601269506
3824,0.0896686674198,0.194314472303,-0.540318178772,2.70781992085,0.00272704006754,8.3262509766,0.00571174942835,0.0566493144696
3825,0.0789962184489,0.197534590557,-0.58010350815,2.70976957899,0.00272898972568,6.2204321257,-0.0055376441478,0.0541607885939
3826,0.0967637372701,0.196798264807,-0.480133070228,2.71108288895,0.00273030303564,10.0406607108,0.0107062871167,0.0624306762739
3827,0.0807253247917,0.186472411353,-0.470672110862,2.70300663586,0.00272222678255,6.52739478872,-0.00529886046434,0.0611913619006
3828,0.0910765737668,0.195124819858,-0.535857082405,2.70678405955,0.00272600420624,8.64468023496,0.00724401044754,0.0593107113896
3829,0.0778439369177,0.183762804132,-0.414318853995,2.71116234382,0.00273038249051,6.02259344093,-0.00756147031827,0.058833715665
3830,0.0800066884925,0.209583986978,-0.604325686698,2.70823705319,0.00272745719988,6.39832372356,-0.00320008928085,0.0628333804005
3831,0.0647025275648,0.196580333536,-0.526447227627,2.70575578571,0.00272497593241,4.10472893011,-0.0185550874417,0.0671717000208
3832,0.064352960671,0.194398565461,-0.549852386393,2.71097387912,0.00273019402581,4.06132895581,-0.0192881571944,0.0593056175488
3833,0.0971558070168,0.183595991196,-0.450632986735,2.70550466744,0.00272472481413,10.1437428648,0.00991173887408,0.0558745009815
3834,0.078598510948,0.203348008557,-0.569949634636,2.72268130551,0.0027419014522,6.15155048462,-0.00465900459426,0.0678239822919
3835,0.110131100834,0.191172341988,-0.47359818076,2.70032651828,0.00271954666497,14.1284045106,0.0228355033671,0.0659177142861
3836,0.0738241620226,0.196964277067,-0.581218183435,2.72170709116,0.00274092723785,5.37242614709,-0.00892966133116,0.0592569896658
3837,0.0956449866147,0.190759150507,-0.529696524792,2.71715191284,0.00273637205954,9.75153708555,0.010262011392,0.0603572976498
3838,0.0862879615755,0.18594004638,-0.518227181186,2.70304751821,0.0027222676649,7.60237436496,-0.000331864589723,0.0580256997785
3839,0.0939908709788,0.187141428874,-0.478741664792,2.70819779847,0.00272741794516,9.33735792498,0.00765169175524,0.0674961497523
3840,0.0729480185164,0.186902525789,-0.537201917513,2.70966779284,0.00272888793954,5.23860650195,-0.0110780411955,0.0598729196262
3841,0.0630823314901,0.194188813087,-0.501568666448,2.70881212379,0.00272803227048,3.906544854,-0.0201403232117,0.0589654655631
3842,0.0909563072124,0.21121109983,-0.620575110149,2.70942784556,0.00272864799226,8.61707602149,0.00813494112124,0.0683954605369
3843,0.0772936136061,0.193083689811,-0.559640160762,2.71075197215,0.00272997211884,5.92995604709,-0.00734888997048,0.0612081294988
3844,0.090307907862,0.203542377443,-0.549772273551,2.70494647381,0.0027241666205,8.46955592978,0.00589464818843,0.0587902951568
3845,0.0810962376322,0.204104497619,-0.62070983726,2.70032163194,0.00271954177863,6.59485719552,-0.00333289106365,0.0556703510619
3846,0.0784000517962,0.181289416283,-0.469578557373,2.70916420094,0.00272838434764,6.11741475882,-0.00770653984988,0.0640753678663
3847,0.0776849739208,0.194349467086,-0.598642160389,2.71003247418,0.00272925262087,5.99571318331,-0.00702276687778,0.0622842983439
3848,0.0647505775213,0.19747322505,-0.616437735381,2.69502926947,0.00271424941616,4.11072240431,-0.018275063796,0.0605815540629
3849,0.0976669075191,0.196193116776,-0.514269220845,2.71131874271,0.0027305388894,10.279510546,0.0112070619575,0.0590767215133
3850,0.0925235345265,0.203512312452,-0.626208027207,2.7050267848,0.00272424693149,8.98282451215,0.0080697627169,0.0636194614433
3851,0.0861992122661,0.193906875152,-0.532875181349,2.70839126487,0.00272761141156,7.58411897623,0.00121683252325,0.0598281008138
3852,0.0963490160372,0.195439600172,-0.482812780422,2.71207054203,0.00273129068872,9.93262111392,0.0104076813699,0.0598752790056
3853,0.0808869130799,0.211846597622,-0.581526973114,2.71504719906,0.00273426734576,6.55671367058,-0.00113136691105,0.0643158853646
3854,0.0943150098952,0.194835555297,-0.513083310683,2.71872808992,0.00273794823661,9.41729212497,0.00803800690147,0.0598936439445
3855,0.079627596599,0.193177351417,-0.492528022259,2.71258080345,0.00273180095014,6.33109681382,-0.00429131663667,0.0667942098393
3856,0.0766062354991,0.19798028507,-0.561855539124,2.70788220388,0.00272710235057,5.81589741461,-0.00906090333265,0.0546324869162
3857,0.083873839619,0.194476796729,-0.51391492077,2.69974832018,0.00271896846687,7.11885854224,-0.000534684062992,0.0594596539104
3858,0.0866241215091,0.194239694638,-0.621144629702,2.70322657329,0.00272244671998,7.6718602322,0.00119198450981,0.064353037261
3859,0.0719550738654,0.182797324623,-0.462797238934,2.69860545242,0.00271782559911,5.09021325442,-0.0138812996819,0.0597316597144
3860,0.0849525079409,0.196889840944,-0.498311396062,2.69986722361,0.00271908737031,7.3315806771,-0.00173535895651,0.0569477850831
3861,0.0805877921479,0.202252991732,-0.60385313522,2.70517859232,0.00272439873901,6.50252680154,-0.00466427473191,0.0619939819435
3862,0.0822457251392,0.195638630986,-0.472290218508,2.70045098947,0.00271967113616,6.80764114978,-0.00113939681921,0.0631409607965
3863,0.0629564834438,0.203335435414,-0.56631229352,2.7107987081,0.00273001885479,3.89146458761,-0.0180911561784,0.0584864076122
3864,0.0589359425077,0.182984635662,-0.475403855887,2.70315341476,0.00272237356145,3.43247168221,-0.0259658405498,0.0607213766465
3865,0.0673102404556,0.200331618298,-0.625442027796,2.70358870402,0.00272280885071,4.43996759629,-0.0150798057508,0.0644696171532
3866,0.0766277934989,0.209261955975,-0.599387795212,2.70180085576,0.00272102100245,5.81944701568,-0.00733129567697,0.0618274714417
3867,0.0825957552032,0.205272414524,-0.578461224868,2.72170144883,0.00274092159552,6.87356649471,-0.00168177387639,0.0586067707994
3868,0.0861083632229,0.187609680612,-0.466793979358,2.69503991811,0.0027142600648,7.56547026577,-6.53177221945e-05,0.0539625920583
3869,0.0974340735936,0.197711901998,-0.515900141047,2.70791219827,0.00272713234496,10.2174649436,0.0112593891826,0.0578360131924
3870,0.0628493709592,0.194662872528,-0.481812021278,2.70874245079,0.00272796259748,3.87866450531,-0.0203409333412,0.0665414339359
3871,0.0811611472987,0.209144726073,-0.631217090261,2.70653864178,0.00272575878847,6.60672271731,-0.00152109149619,0.0582474395306
3872,0.0951161669828,0.19036960287,-0.569010005977,2.70391102752,0.00272313117421,9.6174193013,0.00941741390833,0.0599641198341
3873,0.0904077316967,0.1917229482,-0.477125833067,2.71158627223,0.00273080641893,8.4921247079,0.00559023140332,0.062906723873
3874,0.0712065278282,0.194166655928,-0.523927652837,2.71772429965,0.00273694444634,4.98059466055,-0.0120318025501,0.0601359649703
3875,0.0791877565698,0.196402420572,-0.505556568353,2.70204891556,0.00272126906226,6.25383306867,-0.00592456623917,0.060028205152
3876,0.0705713138489,0.2008755915,-0.619666070347,2.70590877926,0.00272512892595,4.88906298003,-0.0118626496388,0.0642558009192
3877,0.0851547699084,0.189046827402,-0.512043395704,2.70472205269,0.00272394219938,7.37206058752,-0.000310279991197,0.0585375164735
3878,0.0813433565867,0.195793334942,-0.495272930333,2.70838524061,0.0027276053873,6.64012599631,-0.00259743985324,0.0631974650852
3879,0.0807769821108,0.196069577097,-0.471222308663,2.71014108741,0.00272936123411,6.53675567486,-0.00472654941183,0.0598833248734
3880,0.107162976214,0.201542338308,-0.464090931096,2.70587964757,0.00272509979426,13.1111022226,0.0212447612175,0.0636320484107
3881,0.072450746071,0.192233358706,-0.52566336018,2.70374683462,0.00272296698131,5.16386093722,-0.0110538223999,0.0576789318714
3882,0.0834467319784,0.194907411989,-0.523407004356,2.71346043861,0.0027326805853,7.0360811109,-0.00152731475934,0.061130327113
3883,0.0906439029159,0.201443686926,-0.506931709772,2.71407636926,0.00273329651596,8.54572584527,0.00690772762675,0.0605008237332
3884,0.0662229530096,0.207451512828,-0.601702352771,2.70562025442,0.00272484040111,4.29769360982,-0.0168417059059,0.0574209159938
3885,0.0659691660776,0.191304650424,-0.608791094731,2.71322627684,0.00273244642353,4.26500378534,-0.0178604163158,0.0678907227135
3886,0.0855280420725,0.200625427349,-0.579158115294,2.72028516413,0.00273950531082,7.44726288066,0.00136657832005,0.0625721789754
3887,0.0759896014727,0.191570425302,-0.503238738452,2.71285568618,0.00273207583287,5.71511529552,-0.00934541796699,0.0571862516226
3888,0.0818626581776,0.19310875262,-0.59492684654,2.7059822637,0.00272520241039,6.73610188887,-0.00226164221655,0.0578606550354
3889,0.0771288931057,0.199557854965,-0.558595693493,2.71812427592,0.00273734442261,5.90245745994,-0.00600761388938,0.0603596411211
3890,0.0856521122135,0.188204060982,-0.485129487646,2.70338291213,0.00272260305882,7.47240252214,0.000905900512777,0.0598814909917
3891,0.0859235033625,0.189182196103,-0.565942495645,2.70537902656,0.00272459917326,7.52764402957,-0.000417943722838,0.0625853719167
3892,0.0852324109785,0.204857655504,-0.553142072351,2.72492709036,0.00274414723705,7.38764953837,0.00220487392279,0.065621367415
3893,0.0954338528319,0.191494148137,-0.476891826852,2.70724474003,0.00272646488673,9.69779570516,0.00997972154557,0.0587685275639
3894,0.0708548213621,0.196340537908,-0.576647540064,2.71771697917,0.00273693712586,4.9297475514,-0.0118277008263,0.0615425659283
3895,0.0879028937507,0.193244661661,-0.522926648931,2.71588125742,0.00273510140412,7.94115286349,0.00292290062674,0.0639632512775
3896,0.0810897564906,0.197927633767,-0.518526203354,2.71042324448,0.00272964339117,6.59367341706,-0.00187315671888,0.062856730237
3897,0.0652133625732,0.195356555577,-0.538712485457,2.71469035568,0.00273391050237,4.16879502146,-0.0187650989773,0.0579301826302
3898,0.082595958738,0.188732829965,-0.538191418425,2.70449503051,0.0027237151772,6.87360498411,-0.00311248121077,0.0600062151967
3899,0.0791092918181,0.198188166043,-0.503307979558,2.71106749638,0.00273028764307,6.2401322446,-0.00525357484921,0.0629343030031
3900,0.0781311269048,0.199569606493,-0.521620251726,2.72146856629,0.00274068871298,6.07140856178,-0.00635767204371,0.0563051589208
3901,0.0619637251138,0.202124393203,-0.6228503892,2.71308937406,0.00273230952075,3.77405568415,-0.0197620914341,0.0625870163557
3902,0.0777236167619,0.188845096021,-0.505096468427,2.71803019142,0.00273725033811,6.00223847773,-0.00682606261749,0.0556394704987
3903,0.106645960918,0.187701885018,-0.487209436026,2.70413785556,0.00272335800225,12.9407625238,0.0187687725853,0.0626802584342
3904,0.0703550807372,0.20067518583,-0.67661145278,2.71760653051,0.0027368266772,4.85821314434,-0.0116898359115,0.0644545710633
3905,0.104970393153,0.190993234085,-0.534321273972,2.71825373318,0.00273747387987,12.402197852,0.017818886386,0.0667987953408
3906,0.0727565685814,0.18658051446,-0.510602857058,2.71576114915,0.00273498129584,5.20972685108,-0.0107514572024,0.0600962372991
3907,0.093135414557,0.19804398309,-0.552345543556,2.70694849694,0.00272616864363,9.12922032896,0.00919270240851,0.0615913802442
3908,0.094141919404,0.196058592707,-0.587881851053,2.7122519494,0.0027314720961,9.37453352927,0.00945137009702,0.0599181836971
3909,0.0841524033575,0.197133832389,-0.538553644826,2.71152526542,0.00273074541211,7.17328786763,-0.00045607854024,0.0633080330935
3910,0.0716080676617,0.202711142361,-0.552646751613,2.71807441355,0.00273729456024,5.03915888325,-0.0121594440421,0.0672074266789
3911,0.103609220669,0.191524049082,-0.561488210127,2.70606344026,0.00272528358695,11.9794694418,0.0170741380673,0.0573177059064
3912,0.0625278714825,0.196500267571,-0.555691840524,2.72351479022,0.00274273493691,3.84043801862,-0.0211068169915,0.0599089598097
3913,0.0848559644681,0.193170728814,-0.542831864902,2.71210039052,0.00273132053721,7.31232526625,-0.000404600686475,0.0615459815574
3914,0.0692029160344,0.201033880292,-0.607885858681,2.71346582741,0.0027326859741,4.69643674368,-0.0125435956902,0.061958496122
3915,0.10053191756,0.204643546076,-0.494819041969,2.70867046606,0.00272789061275,11.07051096,0.0154534663812,0.0606743520616
3916,0.0693966128544,0.197527217552,-0.584118441187,2.71116454863,0.00273038469532,4.72333014138,-0.0139196471252,0.0589598221378
3917,0.0982643564521,0.186051211403,-0.45762159628,2.69796933167,0.00271718947836,10.4402322164,0.0103152374833,0.0626461242469
3918,0.0932689380842,0.196092609991,-0.499375141319,2.70877933501,0.0027279994817,9.16143986928,0.00736525716918,0.0604830765055
3919,0.0902685748168,0.188665153839,-0.47799642657,2.70969255902,0.00272891270571,8.46067745435,0.00421172459515,0.0635748067843
3920,0.0880568636615,0.193115533771,-0.488013928373,2.71590401832,0.00273512416502,7.97411413889,0.00280226055783,0.0564485505796
3921,0.0764051650081,0.195128966254,-0.517660488608,2.69639342669,0.00271561357338,5.78287589128,-0.00724504714388,0.0568411113784
3922,0.070658317854,0.199705198547,-0.55280536726,2.71769049385,0.00273691064054,4.90151980392,-0.0132997262674,0.0590540976318
3923,0.0837458587741,0.193185966344,-0.521612356088,2.70727606281,0.0027264962095,7.09396902227,-0.000731533339835,0.0635049295139
3924,0.0728020966052,0.19128548623,-0.517216578661,2.70605812918,0.00272527827588,5.21658294489,-0.0112047814947,0.0619795907805
3925,0.0993974469229,0.190905050796,-0.512226633204,2.71244659135,0.00273166673804,10.7511173719,0.0124793452051,0.0630293784387
3926,0.0786891125605,0.195422855741,-0.534939490205,2.7100824865,0.0027293026332,6.16718659151,-0.00410144043303,0.0653722253526
3927,0.0792018158313,0.204960912939,-0.571891944963,2.71655121311,0.0027357713598,6.25629060529,-0.00372395355841,0.0630177975658
3928,0.0714659786114,0.198387813104,-0.587300386291,2.71668795263,0.00273590809933,5.01837256262,-0.0124463050114,0.0585709205128
3929,0.0783174011742,0.195104952077,-0.556574801543,2.70451154242,0.00272373168911,6.1032447969,-0.00610788784895,0.0640357368868
3930,0.0678406751686,0.197940962405,-0.522604426193,2.70764846103,0.00272686860772,4.51070257729,-0.0150199858982,0.0674399566097
3931,0.0701358473212,0.192872448673,-0.540293159314,2.71156300082,0.00273078314751,4.82709392621,-0.0138152648465,0.0599057496635
3932,0.0834065792146,0.197072773766,-0.552804281966,2.7058076843,0.00272502783099,7.02834099935,-0.00179966236674,0.0668660075815
3933,0.101402648063,0.198580623594,-0.556353421754,2.71567548455,0.00273489563124,11.3212975347,0.0161743912672,0.0629132724431
3934,0.0726530790762,0.194319851304,-0.538464150197,2.70529386784,0.00272451401453,5.19416933745,-0.0110829883967,0.0630274947609
3935,0.0775401130586,0.20061211225,-0.613460558473,2.71163250559,0.00273085265228,5.97130374065,-0.0073476463423,0.0606603857343
3936,0.0852707921065,0.191811440497,-0.539976516334,2.71934888115,0.00273856902785,7.3953660939,0.000428290636806,0.0661590333859
3937,0.0740792160204,0.195990141558,-0.605454848551,2.71363747482,0.00273285762151,5.41189822695,-0.0094143269968,0.0627271978926
3938,0.0867910131442,0.196566915689,-0.5441899405,2.70796601851,0.0027271861652,7.70655769806,0.00117850687552,0.0636007170493
3939,0.0645954020172,0.195375437617,-0.580088479793,2.71732798278,0.00273654812947,4.091391028,-0.0186660998746,0.0580556576885
3940,0.090997750969,0.199562403798,-0.54090490836,2.70382064416,0.00272304079085,8.62657982112,0.00473735107219,0.0541244559118
3941,0.0873382788057,0.189550526919,-0.47731589918,2.70792213655,0.00272714228324,7.82127557114,0.00208166929864,0.0602139059436
3942,0.0890550748844,0.191026523369,-0.525871815118,2.6990096626,0.00271822980929,8.190658725,0.00238528102401,0.0568719591276
3943,0.0877571598217,0.204517836861,-0.629394933337,2.7221755569,0.0027413957036,7.91006197111,0.00350358961275,0.0689556081575
3944,0.0744214430514,0.189985761546,-0.495468112307,2.71309102113,0.00273231116782,5.46523068442,-0.0105643311049,0.0632258112888
3945,0.0946542338141,0.191880632816,-0.507207065688,2.69997074328,0.00271919088997,9.50158269584,0.00887780691178,0.0591232001678
3946,0.0984455732311,0.191630240991,-0.527645719541,2.70236576792,0.00272158591462,10.4894156253,0.0121309235588,0.0591008590789
3947,0.0756691141109,0.187761302707,-0.504533743193,2.70510370612,0.00272432385281,5.66330258368,-0.00965328365954,0.0569910757121
3948,0.0767984090491,0.198967534645,-0.524596747874,2.70928130285,0.00272850144954,5.84760223906,-0.00652186580633,0.0588317250626
3949,0.0916350522122,0.185423778321,-0.478235470677,2.70414473741,0.0027233648841,8.77386657557,0.00476676460346,0.0622804897317
3950,0.0863478740222,0.189735181186,-0.501783244952,2.71470827227,0.00273392841896,7.61471922291,0.00104450550902,0.0673774736707
3951,0.0689722852174,0.193529061074,-0.554391452836,2.71195360472,0.00273117375141,4.66457378592,-0.0145284698546,0.0653844432896
3952,0.0802891128609,0.194480139088,-0.499880894749,2.71052658297,0.00272974672966,6.44879282883,-0.00415176965583,0.0574529287971
3953,0.0938364103729,0.189783022992,-0.519012127632,2.69849035057,0.00271771049726,9.29947500253,0.00641375123978,0.0593637626618
3954,0.0943597431197,0.188916789048,-0.530051283173,2.70732689986,0.00272654704655,9.42837011183,0.00721700413499,0.0578990658508
3955,0.0731887826909,0.209027517699,-0.676079154483,2.71362600292,0.00273284614961,5.27510842149,-0.00925381432572,0.0620351276975
3956,0.0638453891029,0.206732742562,-0.574212330383,2.71524810088,0.00273446824757,3.99894318171,-0.0189158105692,0.0621347118409
3957,0.0680806459854,0.202360636402,-0.632032049612,2.71212273522,0.00273134288191,4.54299314376,-0.0134689792243,0.067422902536
3958,0.072204708657,0.188216533946,-0.571402921758,2.70638805921,0.0027256082059,5.12719794988,-0.0122111594684,0.0512055317742
3959,0.0888556382097,0.186334718589,-0.480867878378,2.70864127672,0.00272786142341,8.14699667184,0.00353010739801,0.0560518600667
3960,0.0889969832375,0.184241973604,-0.484565834482,2.70118921516,0.00272040936185,8.17792025886,0.00363592226687,0.0644196159854
3961,0.0715649498211,0.201523599962,-0.551878968129,2.71404017644,0.00273326032313,5.0328438554,-0.0117394752345,0.0622980852344
3962,0.0694173185169,0.196106967847,-0.609452299203,2.70395677677,0.00272317692346,4.72621218439,-0.0140557676639,0.0563471791525
3963,0.0868144572258,0.198945291507,-0.538569993426,2.69823842918,0.00271745857587,7.71144250044,0.00107435552881,0.0536686612725
3964,0.102278486249,0.200352856005,-0.547615809708,2.70269318903,0.00272191333572,11.5786056943,0.0182612583027,0.0632661650693
3965,0.075119863996,0.203845532034,-0.636978639593,2.70287729376,0.00272209744045,5.57539879765,-0.00749624009615,0.0649111917189
3966,0.0738784027332,0.201069249637,-0.578812594171,2.72317808179,0.00274239822848,5.38080081269,-0.00974623945852,0.064910596333
3967,0.0743506739023,0.212933471506,-0.640254650363,2.72483694982,0.00274405709651,5.45416719831,-0.00877425829555,0.0636215447313
3968,0.0589875288603,0.204255981921,-0.611760504655,2.71612037409,0.00273534052079,3.43808955385,-0.0233539518445,0.0650426166033
3969,0.0653733767599,0.202979919746,-0.547787462973,2.70873038039,0.00272795052708,4.18902163377,-0.0169308778107,0.0578530423024
3970,0.0889326239194,0.191329751303,-0.502782707429,2.70973614182,0.00272895628851,8.16382722702,0.00408076238211,0.0578482335637
3971,0.0901709095359,0.196576620207,-0.621067341545,2.7097092063,0.00272892935299,8.43866649803,0.00376598654581,0.0629899286295
3972,0.0909690062981,0.209882034215,-0.571924129916,2.70528589933,0.00272450604602,8.6199871914,0.00697158282974,0.0588177332655
3973,0.0724987580716,0.193009817871,-0.495892282579,2.70943000664,0.00272865015333,5.17103994723,-0.0126472220743,0.0552517755741
3974,0.0814727397371,0.194928600585,-0.486469319303,2.70854083024,0.00272776097693,6.66393057802,-0.00299169617638,0.0672212235517
3975,0.0746569712237,0.207113911622,-0.629643290096,2.72062357736,0.00273984372405,5.50218277364,-0.00785089599899,0.0611335980879
3976,0.0887977800776,0.184205187554,-0.554847826247,2.70294360656,0.00272216375325,8.1343673396,0.00220354663164,0.0577473551175
3977,0.0918330570203,0.199903945893,-0.624359366887,2.70503669247,0.00272425683916,8.8200669956,0.00639904406132,0.0656054161016
3978,0.100357429607,0.194477285188,-0.519517108353,2.70733546734,0.00272655561403,11.0208489659,0.0129205428046,0.0601992257407
3979,0.0804363607374,0.201919497042,-0.586368092336,2.70705315963,0.00272627330632,6.47523708277,-0.00257264705065,0.0607256252698
3980,0.0682449785057,0.198557650101,-0.576556613661,2.7130042837,0.00273222443039,4.56521066176,-0.015475619002,0.0611569147974
3981,0.073329199515,0.199801068174,-0.586126183894,2.70498067063,0.00272420081732,5.29649153606,-0.0100130301766,0.0602469029615
3982,0.0831376555343,0.196363045822,-0.578787445306,2.7167687248,0.00273598887149,6.97668597108,-0.000667909608402,0.0631096957536
3983,0.0750772820527,0.200970579193,-0.625279857812,2.7131605802,0.00273238072689,5.56863061776,-0.00885772755651,0.0634010602871
3984,0.0978321243228,0.195324038071,-0.464815409533,2.70944317316,0.00272866331985,10.3237375457,0.0117615196348,0.0623157739729
3985,0.0943018547642,0.186377512638,-0.492133193441,2.71633492027,0.00273555506696,9.41403646818,0.00851582018853,0.0658344811158
3986,0.0769942865631,0.192657953828,-0.564779526242,2.70293129725,0.00272215144394,5.88006405433,-0.00786912999229,0.0594540632997
3987,0.0707336934027,0.191629415015,-0.48660548266,2.7058628045,0.00272508295119,4.91233219951,-0.0126099743299,0.0595070694071
3988,0.0750008200126,0.191175789216,-0.509224125118,2.71207664812,0.00273129679481,5.55649418158,-0.00932541481936,0.0604840471345
3989,0.0773908515482,0.191405318721,-0.478793632783,2.71833813222,0.00273755827891,5.94623844904,-0.00672544169387,0.0639478130399
3990,0.0746579169035,0.193644105024,-0.472290218508,2.71072864037,0.00272994878706,5.50233155015,-0.0086636818969,0.0606043165694
3991,0.0912283602145,0.188310054543,-0.493808492112,2.69744981789,0.00271666996458,8.67962782685,0.00417872832818,0.0628396286305
3992,0.0739104056057,0.208493111059,-0.608672119261,2.72228882381,0.0027415089705,5.38574696007,-0.00942053679064,0.0625418970816
3993,0.0762152745299,0.202849021871,-0.635926981345,2.70604519616,0.00272526534285,5.75183172081,-0.00684002512044,0.0621048233661
3994,0.0687165228797,0.196862169465,-0.586728843226,2.69866935135,0.00271788949805,4.6294391704,-0.0140882549,0.0564745906732
3995,0.0894075338954,0.200623067582,-0.588408985892,2.71275963274,0.00273197977944,8.26831197627,0.00416116615853,0.0559629799948
3996,0.0998630645201,0.182092725979,-0.481606204023,2.70887739286,0.00272809753955,10.8812095027,0.0122458803318,0.0572511087463
3997,0.0709595001806,0.209152282002,-0.636260314135,2.7022816921,0.00272150183879,4.94483762719,-0.0106749359155,0.0583167328448
3998,0.0713042203326,0.197809606577,-0.521721024663,2.71439318468,0.00273361333137,4.99479255061,-0.0133603294386,0.0608281273381
3999,0.0711978364431,0.19224639406,-0.542366946084,2.70242901762,0.00272164916432,4.97933308775,-0.0126124228681,0.058029640054
4000,0.10938383391,0.192270946791,-0.399713311815,2.71253407427,0.00273175422096,13.8658371668,0.0221139554069,0.0596567553799
4001,0.0809113149596,0.197211015287,-0.493200106831,2.7190968284,0.00273831697509,6.56115072517,-0.00298694163232,0.0623781830097
4002,0.089408211822,0.197054570925,-0.578877394126,2.71895204953,0.00273817219623,8.26846194218,0.00379509499866,0.0584205467395
4003,0.0837402084682,0.197377185277,-0.544484857402,2.70617312195,0.00272539326864,7.0928718522,-0.00130308933652,0.0625659478681
4004,0.0741421137118,0.203854854556,-0.536787908948,2.71770390955,0.00273692405625,5.42166833076,-0.00864064896003,0.0619890608841
4005,0.0784955308247,0.191447483613,-0.521821186066,2.71141315304,0.00273063329973,6.13381791132,-0.00582360805075,0.0547763065026
4006,0.0780247874087,0.19534278993,-0.529928808768,2.70034824543,0.00271956839212,6.05329558746,-0.00650012230626,0.0624664755575
4007,0.0923293306798,0.193293121116,-0.508168738618,2.71329998151,0.00273252012821,8.93678699033,0.00772419840536,0.065076773214
4008,0.0805367956682,0.187515897579,-0.486187911022,2.71261528375,0.00273183543045,6.49332595643,-0.00465411605202,0.0637742682379
4009,0.0771042534584,0.20517330359,-0.604046148663,2.71227191725,0.00273149206394,5.89835312704,-0.00688513574245,0.0545702656522
4010,0.0892798711866,0.198070436394,-0.532769702053,2.70231825499,0.00272153840168,8.24011292666,0.00351668169206,0.0636876194201
4011,0.0830680173474,0.198271856557,-0.622591189224,2.71550207248,0.00273472221918,6.96336200548,-0.000894575940505,0.0636219751687
4012,0.0799062720881,0.188539724763,-0.506694416616,2.71194579586,0.00273116594255,6.38045872135,-0.0052897951494,0.0600374520624
4013,0.068329192299,0.189090139737,-0.483211325985,2.70553344245,0.00272475358914,4.57662940316,-0.0150858591621,0.0624868462815
4014,0.0613709375556,0.190261337987,-0.559816942717,2.70689052891,0.0027261106756,3.70524662797,-0.0227223778595,0.0603413114518
4015,0.107435832881,0.195286253393,-0.514683837241,2.71101630296,0.00273023644965,13.2018046055,0.0216660704372,0.0554452738241
4016,0.0762183654516,0.189064728589,-0.535827250678,2.71091759124,0.00273013773793,5.75233594336,-0.00894297506857,0.0532446959576
4017,0.0771173776372,0.192589788339,-0.511359659761,2.70624657325,0.00272546671994,5.90053898624,-0.00736853093042,0.0568549682379
4018,0.0933965272337,0.195175844677,-0.480301343957,2.71271678465,0.00273193693134,9.1923194868,0.00843456602113,0.0582936028065
4019,0.0952338085228,0.196098115493,-0.485222537234,2.7068943662,0.00272611451289,9.64711537304,0.0104233528553,0.0620487659777
4020,0.0869548603929,0.193193162246,-0.501627751145,2.72160062186,0.00274082076855,7.74075206062,0.000100040209484,0.0590723539768
4021,0.0624306138022,0.194767928315,-0.527086825639,2.70919489012,0.00272841503681,3.82893087337,-0.0202549793702,0.0643072085204
4022,0.0669162820576,0.194372631262,-0.491679050985,2.71084198401,0.0027300621307,4.38799796931,-0.0171794000312,0.0656249064543
4023,0.0809396765523,0.205587311404,-0.597472437974,2.71083836439,0.00273005851108,6.56631093209,-0.00343308355266,0.0541159765169
4024,0.0735307209132,0.191012741258,-0.463795459047,2.70122212633,0.00272044227302,5.32730231697,-0.0112399480306,0.0641545370856
4025,0.057025917867,0.203651429664,-0.664911735659,2.70503137995,0.00272425152665,3.22921254605,-0.0239821825461,0.0674590317806
4026,0.0743485316784,0.193069207298,-0.525752232807,2.70923542229,0.00272845556898,5.45383258408,-0.00912355969052,0.0642118197196
4027,0.0819381567073,0.184922682765,-0.510176539991,2.69697236358,0.00271619251027,6.75015147946,-0.00238399848649,0.058577305585
4028,0.0586480236116,0.198875373414,-0.568402830686,2.72003351492,0.00273925366161,3.40124202227,-0.0244477388455,0.0658268915804
4029,0.0943722968743,0.200065357462,-0.563460821989,2.7103391739,0.00272955932059,9.43148102904,0.00922446119063,0.0605309158212
4030,0.0671211541337,0.204057694445,-0.567633843128,2.72313074909,0.00274235089578,4.41496411641,-0.0156865142624,0.0596261665781
4031,0.0776147712752,0.198955230155,-0.608523720553,2.71970304814,0.00273892319483,5.9838736047,-0.00479296748331,0.0649648830468
4032,0.0701679230048,0.193173870357,-0.573157829711,2.71040891276,0.00272962905946,4.83163698098,-0.0146292848242,0.0589785102599
4033,0.0996593761927,0.199565936916,-0.461921240671,2.71113370274,0.00273035384943,10.8241301155,0.0129820521554,0.0594513343551
4034,0.105882391308,0.195560112343,-0.436472378005,2.6992988274,0.00271851897409,12.6928027191,0.0187493270387,0.0524444691495
4035,0.084806423979,0.187424962684,-0.474737282009,2.71166032536,0.00273088047205,7.30246113019,-0.000963427484382,0.0645566040068
4036,0.0765131612689,0.18356413677,-0.543729280244,2.70838035996,0.00272760050666,5.8005927947,-0.00858632952247,0.0640836721026
4037,0.0675436422473,0.191368489057,-0.498551768343,2.71434524527,0.00273356539196,4.47098416212,-0.0157014911617,0.066003274307
4038,0.0784396808638,0.196849006754,-0.506417999036,2.70877019163,0.00272799033832,6.1242185654,-0.00524696653346,0.0560180826003
4039,0.0631347434633,0.202070754194,-0.532661279234,2.70414530073,0.00272336544742,3.91283851402,-0.0189046132261,0.0643907494829
4040,0.0860317652525,0.192648589165,-0.498188546661,2.70901793917,0.00272823808586,7.54977716739,0.000147662176599,0.0623863298567
4041,0.0650484280589,0.202937719624,-0.548585175264,2.70334026084,0.00272256040753,4.14802580637,-0.0179807905985,0.0608735215396
4042,0.065418046697,0.199341383813,-0.644830152114,2.71500828841,0.0027342284351,4.19468171735,-0.0166408846158,0.065881808146
4043,0.0790492992484,0.199731560165,-0.621420421563,2.69859927173,0.00271781941842,6.22967365905,-0.00634802866636,0.0531089968354
4044,0.088985298503,0.191884023411,-0.543553309938,2.69770154847,0.00271692169516,8.17536005579,0.00336734035085,0.0568289591951
4045,0.0650245719448,0.192082786641,-0.493326570604,2.70922338112,0.00272844352781,4.14502839965,-0.0195989417254,0.0654854218376
4046,0.0690509328848,0.200496146357,-0.661926722743,2.70823166362,0.00272745181031,4.67542010385,-0.0137345565436,0.0659876443264
4047,0.0879334988545,0.186823486279,-0.544928205612,2.71075828434,0.00272997843103,7.94769540059,0.00154467330983,0.0574848092478
4048,0.0953417128034,0.191884445664,-0.487694480392,2.69876215037,0.00271798229706,9.67442369221,0.00835944691138,0.0599368225544
4049,0.0804539408362,0.210581739384,-0.609187286019,2.70837440997,0.00272759455666,6.47840031911,-0.00171616425581,0.0651578856157
4050,0.0904723720682,0.187466047291,-0.522556729097,2.71120025874,0.00273042040543,8.50676657427,0.00406189380337,0.0570443335124
4051,0.0886646007045,0.197250833826,-0.472564298074,2.70453023611,0.00272375038281,8.10536049375,0.00204853332941,0.0578846483592
4052,0.0890746496569,0.194886486272,-0.526400441937,2.71383915668,0.00273305930337,8.19495495298,0.00378639123185,0.0596032931766
4053,0.0742397852504,0.202646529171,-0.539626061689,2.71905871196,0.00273827885865,5.43686834882,-0.00826675332652,0.0599325279768
4054,0.0935555861141,0.196394914738,-0.593001739775,2.70148688631,0.00272070703301,9.23094190304,0.00825027941309,0.0597578434835
4055,0.0653501654186,0.202645310492,-0.618156564937,2.70395043969,0.00272317058639,4.18608288937,-0.0175031343079,0.0647816744745
4056,0.096844008498,0.188670909516,-0.522930203202,2.7145031725,0.0027337233192,10.0616905279,0.0107564568352,0.0683163321604
4057,0.0802252726279,0.193087511839,-0.487684627546,2.71992793583,0.00273914808252,6.43735573253,-0.00369118066741,0.0660354535075
4058,0.100814258609,0.197808332753,-0.565667591595,2.7160548786,0.00273527502529,11.1512877661,0.0155416218252,0.0574716998309
4059,0.074654418596,0.200041246439,-0.54040401158,2.71799634157,0.00273721648826,5.5017812047,-0.00886287004582,0.0600635819134
4060,0.0784791457608,0.209938640533,-0.60001627983,2.70382263647,0.00272304278316,6.13100040082,-0.00527900075019,0.0632360974968
4061,0.096352124397,0.201919456736,-0.582488605752,2.70902129739,0.00272824144408,9.93342708295,0.011848230716,0.0637558844444
4062,0.0566672894943,0.198087666403,-0.644090741301,2.71410500199,0.00273332514868,3.19206125746,-0.0259928808473,0.0593216152544
4063,0.0794434631156,0.188476256242,-0.526821991325,2.71302376553,0.00273224391222,6.29865550934,-0.00569893958026,0.0648131916065
4064,0.0934579984341,0.199785027307,-0.571223739055,2.70383561487,0.00272305576156,9.20722917273,0.00903832363889,0.0636908888686
4065,0.0803650683803,0.203946669498,-0.685604270113,2.70680084294,0.00272602098963,6.46242243189,-0.003011221738,0.0608206336014
4066,0.0998220125,0.194976083891,-0.468267910783,2.70872250544,0.00272794265213,10.8696842578,0.0134448738816,0.0583341595388
4067,0.0725160137165,0.184982205481,-0.515605802407,2.7045781908,0.00272379833749,5.17362206662,-0.0128382090577,0.0612176393788
4068,0.0669602373267,0.203923824875,-0.587466944178,2.71278536838,0.00273200551508,4.39377264926,-0.0150492602969,0.0639491523553
4069,0.103279825197,0.185849325058,-0.508021409936,2.69422108577,0.00271344123246,11.879115159,0.0156918843772,0.058060158033
4070,0.082835792414,0.205982210578,-0.525526455438,2.71303324786,0.00273225339455,6.91908459888,-0.00064071692866,0.0564138825596
4071,0.0696705114087,0.196768003392,-0.637823248773,2.71965992987,0.00273888007656,4.76156742782,-0.0134163373434,0.0629451068076
4072,0.0768117450489,0.201700053085,-0.553513273414,2.70261749838,0.00272183764507,5.84980766843,-0.00709655599727,0.0584406258063
4073,0.068962800123,0.193196338971,-0.508579501912,2.71075127378,0.00272997142047,4.66326704197,-0.0155088732547,0.0624168767192
4074,0.074441699622,0.195690733133,-0.505973687367,2.71433829604,0.00273355844273,5.46840079091,-0.00963543544351,0.0570859489658
4075,0.0666298692581,0.205072019559,-0.612503568763,2.71217961067,0.00273139975736,4.35051543077,-0.0152615709305,0.0671620180367
4076,0.0832151522774,0.193378165124,-0.541804112901,2.70378917647,0.00272300932316,6.99153872509,-0.00130475794509,0.0565011470222
4077,0.0743422552933,0.20585208773,-0.64899668928,2.70794035654,0.00272716050323,5.45285231211,-0.00816965514744,0.0691382454393
4078,0.0878116519898,0.18703222774,-0.503658125814,2.70423379473,0.00272345394142,7.92167514873,0.00166915863662,0.0620674602415
4079,0.082850793172,0.204216605905,-0.589254303397,2.71484992997,0.00273407007666,6.92193756759,0.000412049563727,0.0609691784233
4080,0.066852084264,0.194194190729,-0.552097359201,2.71149577221,0.0027307159189,4.37957458217,-0.0162486155689,0.0611152192016
4081,0.0746530725592,0.195302623364,-0.580447607066,2.7128332279,0.0027320533746,5.5015694613,-0.0100056192383,0.0570295728627
4082,0.0724774079801,0.200125749533,-0.561029185383,2.71465593063,0.00273387607732,5.16784657574,-0.00996834975324,0.0588919433481
4083,0.0652592371826,0.199556502352,-0.527350745755,2.71247567407,0.00273169582077,4.17458604219,-0.0166286144853,0.0644027985593
4084,0.092283018984,0.196837317167,-0.585697491703,2.70644965747,0.00272566980417,8.92583862891,0.00731554402277,0.0575069542796
4085,0.101822554621,0.196724477782,-0.647766557342,2.70721917649,0.00272643932318,11.4440217776,0.016284384864,0.0633290668651
4086,0.0924942115923,0.192874346944,-0.470993673872,2.70594261106,0.00272516275775,8.97586016245,0.00664121251802,0.059704909918
4087,0.0760489924506,0.195104639225,-0.492749734693,2.70517138026,0.00272439152695,5.72475939717,-0.0101641028133,0.0590571990205
4088,0.102422876361,0.195433580245,-0.500259529843,2.7093518815,0.00272857202819,11.6215184255,0.0166671324708,0.0629513075006
4089,0.0577244138346,0.204528395628,-0.568221818558,2.70717562444,0.00272639577114,3.30248245894,-0.0238031764704,0.0571103777376
4090,0.0906541765159,0.188820964608,-0.567957164912,2.70423482302,0.00272345496971,8.54806412243,0.00569520991671,0.0572996395285
4091,0.0951407317049,0.19150034787,-0.517784750152,2.70376475189,0.00272298489858,9.62361354987,0.00831872265828,0.0575659440558
4092,0.0784481806981,0.200816735908,-0.613268727199,2.71256213069,0.00273178227738,6.12567869309,-0.00461074192404,0.060021552252
4093,0.0607552715543,0.189934947067,-0.526599512336,2.70055983438,0.00271977998108,3.63479182341,-0.0238678591084,0.0598517193759
4094,0.0989144382469,0.195517928816,-0.486970927344,2.70672415178,0.00272594429847,10.6176139936,0.0128604004515,0.0616427621087
4095,0.0968391624834,0.200694821034,-0.56285789266,2.71280179068,0.00273202193737,10.0604198555,0.0119984660604,0.0646718871875
